sinad,contrast,polarity_ok,large_errors,h_missing,v_missing,v_trains,h_jitter_us,v_jitter_us,h_width_rmse_us,sync_error_ire,black_error_ire,white_error_ire,raw_min,raw_max,h_jitter_matched_us,v_jitter_matched_us,h_expected,max_h_gap,expected_v_trains,detail_corr,model,seed,standard,cnr,stage,rms,cfo_hz,quality_failures,usable
5.201928944069034,80.91781271308402,True,65.94855708908406,605,8,0,2.025,2.025,3.5564905454675397,16.700814220081256,5.144074870861488,-13.711273087655085,-85.12835529626332,142.23139654916037,1.525,1000000.0,610,221,2,0.23631554959590986,OVP56,15301,PAL,4,selection,3,1000000.0,,False
4.918298460516538,85.05295986377672,True,62.885821831869514,592,8,0,2.025,2.025,3.5239458628708307,10.877467845953678,2.8779592675049996,-12.772207725233317,-89.44510863921278,149.75415624369924,1.8612499999999996,1000000.0,610,82,2,0.23319874636492613,VLP56,15301,PAL,4,selection,3,1000000.0,,False
-6.758421693119715,-83.52563142740799,False,598.8851944792973,610,8,0,2.025,2.025,1000000.0,88.70701533505186,22.307489308870487,-156.74340261359353,-76.18866494211777,134.77874608151023,1000000.0,1000000.0,610,610,2,-0.20600655016956787,PLL96-rejected-board,15301,PAL,4,selection,3,1000000.0,,False
8.010938047114433,93.1264784897716,True,17.168130489335006,430,5,0,2.025,2.025,3.4338617109604166,10.717668044623471,-0.07138054991076583,-3.837352167119418,-74.30187934532067,135.54242575834297,1.8,1.345,610,14,2,0.20614173067484856,PLL96-IQ-corrected,15301,PAL,4,selection,3,1000000.0,,False
10.282187690058633,95.95017791951368,True,2.402132998745295,156,0,0,2.025,1.2974999999999997,3.1081120769398556,2.5454117766094706,1.2640553509170578,-2.4463283685056303,-76.58343003945606,138.6822724311892,1.825,1.2974999999999997,610,3,2,0.4404448801427656,floating-PLL-IQ40,15301,PAL,4,selection,3,1000000.0,,False
3.3339365133078047,42.67098321489946,True,126.19196988707654,610,8,0,2.025,2.025,1000000.0,49.267216796711715,27.348712778396095,-28.828462641845487,-75.60012992936585,126.9356135590593,1000000.0,1000000.0,610,610,2,0.15843704683520796,HC50,15301,PAL,4,selection,3,1000000.0,,False
5.975217642008275,91.17864014117183,True,40.15746549560853,88,0,0,2.025,0.5712499999999996,2.814565120924256,2.943338420359259,-1.9843416383465438,-14.364926316589726,-81.8411626941857,127.37890767031249,1.6987499999999998,0.5712499999999996,610,3,2,0.1902665344132605,PLL96-board-fixed,15301,PAL,4,selection,3,1000000.0,,False
5.6668705896834135,90.08025092301159,True,40.409033877038894,47,0,0,2.025,0.22999999999999987,2.595901050628402,7.619856777802966,1.237364215444774,-10.863577861279893,-84.83760463183219,134.32402971043751,1.6224999999999994,0.2299999999999999,610,3,2,0.2190287869161943,OVL-35cadc936c96,15301,PAL,4,selection,3,1000000.0,,False
5.6668705896834135,90.08025092301159,True,40.409033877038894,47,0,0,2.025,0.22999999999999987,2.595901050628402,7.619856777802966,1.237364215444774,-10.863577861279893,-84.83760463183219,134.32402971043751,1.6224999999999994,0.2299999999999999,610,3,2,0.2190287869161943,OVL-acfd7d82f23b,15301,PAL,4,selection,3,1000000.0,,False
5.6668705896834135,90.08025092301159,True,40.409033877038894,47,0,0,2.025,0.22999999999999987,2.595901050628402,7.619856777802966,1.237364215444774,-10.863577861279893,-84.83760463183219,134.32402971043751,1.6224999999999994,0.2299999999999999,610,3,2,0.2190287869161943,OVL-149a41d10828,15301,PAL,4,selection,3,1000000.0,,False
5.6668705896834135,90.08025092301159,True,40.409033877038894,47,0,0,2.025,0.22999999999999987,2.595901050628402,7.619856777802966,1.237364215444774,-10.863577861279893,-84.83760463183219,134.32402971043751,1.6224999999999994,0.2299999999999999,610,3,2,0.2190287869161943,OVL-a9442d9912fb,15301,PAL,4,selection,3,1000000.0,,False
5.6668705896834135,90.08025092301159,True,40.409033877038894,47,0,0,2.025,0.22999999999999987,2.595901050628402,7.619856777802966,1.237364215444774,-10.863577861279893,-84.83760463183219,134.32402971043751,1.6224999999999994,0.2299999999999999,610,3,2,0.2190287869161943,OVL-40bd729d0198,15301,PAL,4,selection,3,1000000.0,,False
5.6668705896834135,90.08025092301159,True,40.409033877038894,47,0,0,2.025,0.22999999999999987,2.595901050628402,7.619856777802966,1.237364215444774,-10.863577861279893,-84.83760463183219,134.32402971043751,1.6224999999999994,0.2299999999999999,610,3,2,0.2190287869161943,OVL-ebbacb3667c2,15301,PAL,4,selection,3,1000000.0,,False
5.6668705896834135,90.08025092301159,True,40.409033877038894,47,0,0,2.025,0.22999999999999987,2.595901050628402,7.619856777802966,1.237364215444774,-10.863577861279893,-84.83760463183219,134.32402971043751,1.6224999999999994,0.2299999999999999,610,3,2,0.2190287869161943,OVL-322936f8789f,15301,PAL,4,selection,3,1000000.0,,False
5.6668705896834135,90.08025092301159,True,40.409033877038894,47,0,0,2.025,0.22999999999999987,2.595901050628402,7.619856777802966,1.237364215444774,-10.863577861279893,-84.83760463183219,134.32402971043751,1.6224999999999994,0.2299999999999999,610,3,2,0.2190287869161943,OVL-a9a92a1f4710,15301,PAL,4,selection,3,1000000.0,,False
5.667329888730955,90.08079350047541,True,40.402132998745294,47,0,0,2.025,0.22999999999999987,2.5959542918959086,7.61787667119406,1.237364215444774,-10.863577861275946,-84.83760463183219,134.32402971043751,1.6224999999999994,0.2299999999999999,610,3,2,0.2190314283148806,OVL-4c5ff1ec8efe,15301,PAL,4,selection,3,1000000.0,,False
5.667329888730955,90.08079350047541,True,40.402132998745294,47,0,0,2.025,0.22999999999999987,2.5959542918959086,7.61787667119406,1.237364215444774,-10.863577861275946,-84.83760463183219,134.32402971043751,1.6224999999999994,0.2299999999999999,610,3,2,0.2190314283148806,OVL-a092fb5ee687,15301,PAL,4,selection,3,1000000.0,,False
5.667329888730955,90.08079350047541,True,40.402132998745294,47,0,0,2.025,0.22999999999999987,2.5959542918959086,7.61787667119406,1.237364215444774,-10.863577861275946,-84.83760463183219,134.32402971043751,1.6224999999999994,0.2299999999999999,610,3,2,0.2190314283148806,OVL-7290202f6b31,15301,PAL,4,selection,3,1000000.0,,False
5.667329888730955,90.08079350047541,True,40.402132998745294,47,0,0,2.025,0.22999999999999987,2.5959542918959086,7.61787667119406,1.237364215444774,-10.863577861275946,-84.83760463183219,134.32402971043751,1.6224999999999994,0.2299999999999999,610,3,2,0.2190314283148806,OVL-b3c387f285d9,15301,PAL,4,selection,3,1000000.0,,False
5.667329888730955,90.08079350047541,True,40.402132998745294,47,0,0,2.025,0.22999999999999987,2.5959542918959086,7.61787667119406,1.237364215444774,-10.863577861275946,-84.83760463183219,134.32402971043751,1.6224999999999994,0.2299999999999999,610,3,2,0.2190314283148806,OVL-901ae4d630ce,15301,PAL,4,selection,3,1000000.0,,False
5.667247232925954,90.06269248679999,True,40.38770388958595,47,0,0,2.025,0.22999999999999987,2.596013091223659,7.66230524566202,1.2417877855461845,-10.863134267598262,-84.83760463183219,134.32402971043751,1.6224999999999994,0.2299999999999999,610,3,2,0.21901369513985386,OVL-e5a837b8b184,15301,PAL,4,selection,3,1000000.0,,False
5.667247232925954,90.06269248679999,True,40.38770388958595,47,0,0,2.025,0.22999999999999987,2.596013091223659,7.66230524566202,1.2417877855461845,-10.863134267598262,-84.83760463183219,134.32402971043751,1.6224999999999994,0.2299999999999999,610,3,2,0.21901369513985386,OVL-31235ba5d444,15301,PAL,4,selection,3,1000000.0,,False
5.667247232925954,90.06269248679999,True,40.38770388958595,47,0,0,2.025,0.22999999999999987,2.596013091223659,7.66230524566202,1.2417877855461845,-10.863134267598262,-84.83760463183219,134.32402971043751,1.6224999999999994,0.2299999999999999,610,3,2,0.21901369513985386,OVL-deee15113bc3,15301,PAL,4,selection,3,1000000.0,,False
7.578009813224588,88.04215851365966,True,22.942910915934757,556,6,0,2.025,2.025,3.503321836327472,10.77340206992661,2.732139784922214,-9.186344593441996,-82.79614818341176,141.28651661330082,1.8924999999999996,1.5487499999999998,610,43,2,0.3201433737368584,OVP56,15301,PAL,6,selection,3,1000000.0,,False
7.563590289674876,91.35771220235414,True,20.8801756587202,479,4,0,2.025,2.025,3.4335826047754834,6.698868564908344,1.4292386248716313,-7.718742876391598,-84.45192840361408,144.80577541130702,1.9,1.5587499999999999,610,23,2,0.3237603103338697,VLP56,15301,PAL,6,selection,3,1000000.0,,False
-6.717372562211292,-83.29021573592065,False,593.3870765370139,610,8,0,2.025,2.025,1000000.0,86.87931636474177,23.098767920166253,-157.30711957674822,-73.01781964196327,130.26418511296345,1000000.0,1000000.0,610,610,2,-0.25549165030712834,PLL96-rejected-board,15301,PAL,6,selection,3,1000000.0,,False
9.093679640736445,94.19422448221147,True,7.711417816813048,495,4,0,2.025,2.025,3.506981391205387,12.339671100265614,-1.0028965021553153,-2.8381414742243503,-72.25005145147685,133.7012824305428,1.75,1.6125,610,22,2,0.2554129747531239,PLL96-IQ-corrected,15301,PAL,6,selection,3,1000000.0,,False
12.1663953808282,96.09481809281979,True,0.2584692597239649,37,0,0,2.025,0.5962499999999996,2.730196224145541,2.2117071539944435,1.4426807440817317,-1.8225809456351258,-71.1300113052168,130.522777015793,1.5,0.5962499999999996,610,2,2,0.5350856154532988,floating-PLL-IQ40,15301,PAL,6,selection,3,1000000.0,,False
3.998635833425344,44.363430384608876,True,102.58971141781682,610,8,0,2.025,2.025,1000000.0,49.00140363219618,27.335232451217383,-26.430924155473203,-63.82012764405672,118.08839269198786,1000000.0,1000000.0,610,610,2,0.23465956493413098,HC50,15301,PAL,6,selection,3,1000000.0,,False
8.842242364869076,95.9445572560226,True,12.827478042659974,10,0,0,1.425,1.2662499999999994,2.323982976486704,0.5377881659808713,-2.7712789880921314,-9.969154012217015,-81.17110875860794,124.88169627997003,1.225,1.2662499999999994,610,1,2,0.2786333564201234,PLL96-board-fixed,15301,PAL,6,selection,3,1000000.0,,False
8.512287490557197,94.51939589061277,True,12.97741530740276,1,0,1,0.95,0.09124999999999998,1.6866686664772637,2.9898227972941847,1.3063588706849267,-4.9611137691169525,-75.79086231341746,133.6410270982966,0.95,0.09124999999999998,610,1,2,0.31025411945352116,OVL-35cadc936c96,15301,PAL,6,selection,3,1000000.0,,False
8.512287490557197,94.51939589061277,True,12.97741530740276,1,0,1,0.95,0.09124999999999998,1.6866686664772637,2.9898227972941847,1.3063588706849267,-4.9611137691169525,-75.79086231341746,133.6410270982966,0.95,0.09124999999999998,610,1,2,0.31025411945352116,OVL-acfd7d82f23b,15301,PAL,6,selection,3,1000000.0,,False
8.512287490557197,94.51939589061277,True,12.97741530740276,1,0,1,0.95,0.09124999999999998,1.6866686664772637,2.9898227972941847,1.3063588706849267,-4.9611137691169525,-75.79086231341746,133.6410270982966,0.95,0.09124999999999998,610,1,2,0.31025411945352116,OVL-149a41d10828,15301,PAL,6,selection,3,1000000.0,,False
8.512287490557197,94.51939589061277,True,12.97741530740276,1,0,1,0.95,0.09124999999999998,1.6866686664772637,2.9898227972941847,1.3063588706849267,-4.9611137691169525,-75.79086231341746,133.6410270982966,0.95,0.09124999999999998,610,1,2,0.31025411945352116,OVL-a9442d9912fb,15301,PAL,6,selection,3,1000000.0,,False
8.512287490557197,94.51939589061277,True,12.97741530740276,1,0,1,0.95,0.09124999999999998,1.6866686664772637,2.9898227972941847,1.3063588706849267,-4.9611137691169525,-75.79086231341746,133.6410270982966,0.95,0.09124999999999998,610,1,2,0.31025411945352116,OVL-40bd729d0198,15301,PAL,6,selection,3,1000000.0,,False
8.512287490557197,94.51939589061277,True,12.97741530740276,1,0,1,0.95,0.09124999999999998,1.6866686664772637,2.9898227972941847,1.3063588706849267,-4.9611137691169525,-75.79086231341746,133.6410270982966,0.95,0.09124999999999998,610,1,2,0.31025411945352116,OVL-ebbacb3667c2,15301,PAL,6,selection,3,1000000.0,,False
8.512287490557197,94.51939589061277,True,12.97741530740276,1,0,1,0.95,0.09124999999999998,1.6866686664772637,2.9898227972941847,1.3063588706849267,-4.9611137691169525,-75.79086231341746,133.6410270982966,0.95,0.09124999999999998,610,1,2,0.31025411945352116,OVL-322936f8789f,15301,PAL,6,selection,3,1000000.0,,False
8.512287490557197,94.51939589061277,True,12.97741530740276,1,0,1,0.95,0.09124999999999998,1.6866686664772637,2.9898227972941847,1.3063588706849267,-4.9611137691169525,-75.79086231341746,133.6410270982966,0.95,0.09124999999999998,610,1,2,0.31025411945352116,OVL-a9a92a1f4710,15301,PAL,6,selection,3,1000000.0,,False
8.5123062078738,94.51919106905551,True,12.97741530740276,1,0,1,0.95,0.09124999999999998,1.6866686664772637,2.990264185735726,1.3063588706849267,-4.961113769116954,-75.79086231341746,133.6410270982966,0.95,0.09124999999999998,610,1,2,0.3102530614520431,OVL-4c5ff1ec8efe,15301,PAL,6,selection,3,1000000.0,,False
8.5123062078738,94.51919106905551,True,12.97741530740276,1,0,1,0.95,0.09124999999999998,1.6866686664772637,2.990264185735726,1.3063588706849267,-4.961113769116954,-75.79086231341746,133.6410270982966,0.95,0.09124999999999998,610,1,2,0.3102530614520431,OVL-a092fb5ee687,15301,PAL,6,selection,3,1000000.0,,False
8.5123062078738,94.51919106905551,True,12.97741530740276,1,0,1,0.95,0.09124999999999998,1.6866686664772637,2.990264185735726,1.3063588706849267,-4.961113769116954,-75.79086231341746,133.6410270982966,0.95,0.09124999999999998,610,1,2,0.3102530614520431,OVL-7290202f6b31,15301,PAL,6,selection,3,1000000.0,,False
8.5123062078738,94.51919106905551,True,12.97741530740276,1,0,1,0.95,0.09124999999999998,1.6866686664772637,2.990264185735726,1.3063588706849267,-4.961113769116954,-75.79086231341746,133.6410270982966,0.95,0.09124999999999998,610,1,2,0.3102530614520431,OVL-b3c387f285d9,15301,PAL,6,selection,3,1000000.0,,False
8.5123062078738,94.51919106905551,True,12.97741530740276,1,0,1,0.95,0.09124999999999998,1.6866686664772637,2.990264185735726,1.3063588706849267,-4.961113769116954,-75.79086231341746,133.6410270982966,0.95,0.09124999999999998,610,1,2,0.3102530614520431,OVL-901ae4d630ce,15301,PAL,6,selection,3,1000000.0,,False
8.512243443291203,94.50080519251657,True,12.974905897114178,1,0,1,0.95,0.09124999999999998,1.6868399396319742,3.038900004552577,1.3079230759758746,-4.961075810590662,-75.79086231341746,133.6410270982966,0.95,0.09124999999999998,610,1,2,0.3102224465207581,OVL-e5a837b8b184,15301,PAL,6,selection,3,1000000.0,,False
8.512243443291203,94.50080519251657,True,12.974905897114178,1,0,1,0.95,0.09124999999999998,1.6868399396319742,3.038900004552577,1.3079230759758746,-4.961075810590662,-75.79086231341746,133.6410270982966,0.95,0.09124999999999998,610,1,2,0.3102224465207581,OVL-31235ba5d444,15301,PAL,6,selection,3,1000000.0,,False
8.512243443291203,94.50080519251657,True,12.974905897114178,1,0,1,0.95,0.09124999999999998,1.6868399396319742,3.038900004552577,1.3079230759758746,-4.961075810590662,-75.79086231341746,133.6410270982966,0.95,0.09124999999999998,610,1,2,0.3102224465207581,OVL-deee15113bc3,15301,PAL,6,selection,3,1000000.0,,False
9.600889978621709,91.68639365700244,True,5.78732747804266,411,5,0,2.025,2.025,3.355545080749881,7.271520256921826,1.8552373037621515,-6.493749928869337,-71.92835768144663,137.76779343171685,1.9024999999999999,0.945,610,14,2,0.40152691827536097,OVP56,15301,PAL,8,selection,3,1000000.0,,False
9.70516292546516,94.03317186320459,True,4.91969887076537,246,2,0,2.025,2.025,3.2839987832278132,4.639411912984697,1.1076205373367256,-5.116762452479052,-75.49420173655085,143.59497442238793,1.8712499999999992,1.66875,610,8,2,0.40816885820472454,VLP56,15301,PAL,8,selection,3,1000000.0,,False
-6.658076095253973,-82.34635302864808,False,591.3676286072773,610,8,0,2.025,2.025,1000000.0,85.31858850433993,23.76520047460291,-156.77916031274506,-72.16113924674877,129.79453094631324,1000000.0,1000000.0,610,610,2,-0.2825314615943835,PLL96-rejected-board,15301,PAL,8,selection,3,1000000.0,,False
9.350321395231846,94.63257253553063,True,5.751568381430364,527,5,0,2.025,2.025,3.578497951705638,14.031690430960907,-1.2893493352170937,-2.5190234584587445,-68.3050188828347,128.28252895256102,1.9224999999999999,1.625,610,32,2,0.2837875059916094,PLL96-IQ-corrected,15301,PAL,8,selection,3,1000000.0,,False
13.927080152655316,95.78717685257922,True,0.028858218318695106,2,0,0,0.95,0.5962499999999996,2.0122806046642436,2.3545909607947157,1.8059391782472731,-1.679047945031842,-66.84101004722956,128.68272027707928,0.9412499999999995,0.5962499999999996,610,1,2,0.6211315742822151,floating-PLL-IQ40,15301,PAL,8,selection,3,1000000.0,,False
4.228057559712165,44.52113066785343,True,93.46486825595984,610,8,0,2.025,2.025,1000000.0,49.208956145265546,27.450820988417682,-25.783986206181552,-53.82879940689513,108.08454575114635,1000000.0,1000000.0,610,610,2,0.30610742076715713,HC50,15301,PAL,8,selection,3,1000000.0,,False
10.54987578117191,97.90337321429651,True,5.179422835633626,6,1,0,1.213749999999999,1.412499999999999,2.201637146722369,0.5505783387337558,-2.9307850863493483,-7.355300573054027,-79.8742011666072,120.76943359444837,1.1462500000000007,0.22249999999999986,610,1,2,0.34700804143002,PLL96-board-fixed,15301,PAL,8,selection,3,1000000.0,,False
10.788912909426484,95.33807010360803,True,3.791718946047679,0,0,2,0.175,0.11624999999999999,0.7746244462879319,2.0710919456206476,1.8118180123541838,-2.8506971608409146,-64.47608865756706,132.79142011093475,0.175,0.11624999999999999,610,0,2,0.3991479601116541,OVL-35cadc936c96,15301,PAL,8,selection,3,1000000.0,,False
10.788912909426484,95.33807010360803,True,3.791718946047679,0,0,2,0.175,0.11624999999999999,0.7746244462879319,2.0710919456206476,1.8118180123541838,-2.8506971608409146,-64.47608865756706,132.79142011093475,0.175,0.11624999999999999,610,0,2,0.3991479601116541,OVL-acfd7d82f23b,15301,PAL,8,selection,3,1000000.0,,False
10.788912909426484,95.33807010360803,True,3.791718946047679,0,0,2,0.175,0.11624999999999999,0.7746244462879319,2.0710919456206476,1.8118180123541838,-2.8506971608409146,-64.47608865756706,132.79142011093475,0.175,0.11624999999999999,610,0,2,0.3991479601116541,OVL-149a41d10828,15301,PAL,8,selection,3,1000000.0,,False
10.788912909426484,95.33807010360803,True,3.791718946047679,0,0,2,0.175,0.11624999999999999,0.7746244462879319,2.0710919456206476,1.8118180123541838,-2.8506971608409146,-64.47608865756706,132.79142011093475,0.175,0.11624999999999999,610,0,2,0.3991479601116541,OVL-a9442d9912fb,15301,PAL,8,selection,3,1000000.0,,False
10.788912909426484,95.33807010360803,True,3.791718946047679,0,0,2,0.175,0.11624999999999999,0.7746244462879319,2.0710919456206476,1.8118180123541838,-2.8506971608409146,-64.47608865756706,132.79142011093475,0.175,0.11624999999999999,610,0,2,0.3991479601116541,OVL-40bd729d0198,15301,PAL,8,selection,3,1000000.0,,False
10.788912909426484,95.33807010360803,True,3.791718946047679,0,0,2,0.175,0.11624999999999999,0.7746244462879319,2.0710919456206476,1.8118180123541838,-2.8506971608409146,-64.47608865756706,132.79142011093475,0.175,0.11624999999999999,610,0,2,0.3991479601116541,OVL-ebbacb3667c2,15301,PAL,8,selection,3,1000000.0,,False
10.788912909426484,95.33807010360803,True,3.791718946047679,0,0,2,0.175,0.11624999999999999,0.7746244462879319,2.0710919456206476,1.8118180123541838,-2.8506971608409146,-64.47608865756706,132.79142011093475,0.175,0.11624999999999999,610,0,2,0.3991479601116541,OVL-322936f8789f,15301,PAL,8,selection,3,1000000.0,,False
10.788912909426484,95.33807010360803,True,3.791718946047679,0,0,2,0.175,0.11624999999999999,0.7746244462879319,2.0710919456206476,1.8118180123541838,-2.8506971608409146,-64.47608865756706,132.79142011093475,0.175,0.11624999999999999,610,0,2,0.3991479601116541,OVL-a9a92a1f4710,15301,PAL,8,selection,3,1000000.0,,False
10.788905561495755,95.33799122758259,True,3.791718946047679,0,0,2,0.175,0.11624999999999999,0.7746244462879319,2.071316406273968,1.8118180123541838,-2.8506971608409146,-64.47608865756706,132.79142011093475,0.175,0.11624999999999999,610,0,2,0.3991478981908344,OVL-4c5ff1ec8efe,15301,PAL,8,selection,3,1000000.0,,False
10.788905561495755,95.33799122758259,True,3.791718946047679,0,0,2,0.175,0.11624999999999999,0.7746244462879319,2.071316406273968,1.8118180123541838,-2.8506971608409146,-64.47608865756706,132.79142011093475,0.175,0.11624999999999999,610,0,2,0.3991478981908344,OVL-a092fb5ee687,15301,PAL,8,selection,3,1000000.0,,False
10.788905561495755,95.33799122758259,True,3.791718946047679,0,0,2,0.175,0.11624999999999999,0.7746244462879319,2.071316406273968,1.8118180123541838,-2.8506971608409146,-64.47608865756706,132.79142011093475,0.175,0.11624999999999999,610,0,2,0.3991478981908344,OVL-7290202f6b31,15301,PAL,8,selection,3,1000000.0,,False
10.788905561495755,95.33799122758259,True,3.791718946047679,0,0,2,0.175,0.11624999999999999,0.7746244462879319,2.071316406273968,1.8118180123541838,-2.8506971608409146,-64.47608865756706,132.79142011093475,0.175,0.11624999999999999,610,0,2,0.3991478981908344,OVL-b3c387f285d9,15301,PAL,8,selection,3,1000000.0,,False
10.788905561495755,95.33799122758259,True,3.791718946047679,0,0,2,0.175,0.11624999999999999,0.7746244462879319,2.071316406273968,1.8118180123541838,-2.8506971608409146,-64.47608865756706,132.79142011093475,0.175,0.11624999999999999,610,0,2,0.3991478981908344,OVL-901ae4d630ce,15301,PAL,8,selection,3,1000000.0,,False
10.788313537197393,95.31943198093134,True,3.790464240903388,0,0,2,0.175,0.11624999999999999,0.7748168741867915,2.1222748387603385,1.8120778247872729,-2.850625915403676,-64.47608865756706,132.79142011093475,0.175,0.11624999999999999,610,0,2,0.39909289748280624,OVL-e5a837b8b184,15301,PAL,8,selection,3,1000000.0,,False
10.788313537197393,95.31943198093134,True,3.790464240903388,0,0,2,0.175,0.11624999999999999,0.7748168741867915,2.1222748387603385,1.8120778247872729,-2.850625915403676,-64.47608865756706,132.79142011093475,0.175,0.11624999999999999,610,0,2,0.39909289748280624,OVL-31235ba5d444,15301,PAL,8,selection,3,1000000.0,,False
10.788313537197393,95.31943198093134,True,3.790464240903388,0,0,2,0.175,0.11624999999999999,0.7748168741867915,2.1222748387603385,1.8120778247872729,-2.850625915403676,-64.47608865756706,132.79142011093475,0.175,0.11624999999999999,610,0,2,0.39909289748280624,OVL-deee15113bc3,15301,PAL,8,selection,3,1000000.0,,False
11.194935525399252,93.86798337783819,True,1.6260978670012547,162,1,0,2.025,1.92,3.12494441914858,4.8682883450484695,1.5119585636173878,-4.64447650911747,-69.58868305335803,136.2176032597473,1.75,1.4774999999999996,610,4,2,0.4726274168810135,OVP56,15301,PAL,10,selection,3,1000000.0,,False
11.323874947770612,95.43598874202603,True,1.4165621079046424,70,1,0,2.025,1.9112499999999997,2.8440408377934796,3.191417989835351,1.078072137855814,-3.59288626498285,-71.07111416846325,140.00706232167985,1.6,1.6625,610,2,2,0.47964261675527176,VLP56,15301,PAL,10,selection,3,1000000.0,,False
-6.6318588063359165,-81.7787049054551,False,590.9228356336262,610,8,0,2.025,2.025,1000000.0,84.31976333635957,23.99279611957352,-156.4410729280073,-69.68073805077697,126.72825205051811,1000000.0,1000000.0,610,610,2,-0.2949740083181835,PLL96-rejected-board,15301,PAL,10,selection,3,1000000.0,,False
9.319800851155197,95.26440410283921,True,5.5803011292346305,535,7,0,2.025,2.025,3.6024910363062204,15.086092752707318,-1.4724134131872226,-2.268752852392733,-55.549076852912336,125.14952348141799,1.8374999999999997,1.4,610,29,2,0.30015479038988163,PLL96-IQ-corrected,15301,PAL,10,selection,3,1000000.0,,False
15.550400374766191,95.83500617175548,True,0.0025094102885821834,0,0,2,0.31374999999999886,0.5537499999999995,1.1464007288673281,2.207725454396874,1.9156641765858118,-1.5015298640632702,-62.847508757998646,125.405689024867,0.31374999999999886,0.5537499999999996,610,0,2,0.6980530442208971,floating-PLL-IQ40,15301,PAL,10,selection,3,1000000.0,,False
4.316033274717403,44.47921136656569,True,90.30803011292346,610,8,0,2.025,2.025,1000000.0,49.23318158325146,27.46500755185378,-25.68528068639482,-14.42071103934672,96.43301239744605,1000000.0,1000000.0,610,610,2,0.3614674255225126,HC50,15301,PAL,10,selection,3,1000000.0,,False
11.288856643344872,98.72202641005632,True,3.8782936010037643,11,1,0,1.325,1.5874999999999992,2.20824972805064,1.4396238306646374,-2.821793463011336,-5.650428695393995,-67.02537350948452,114.59883334528672,1.0850000000000022,0.6249999999999997,610,1,2,0.38426023840563445,PLL96-board-fixed,15301,PAL,10,selection,3,1000000.0,,False
12.242224309519221,95.29832011312959,True,1.809284818067754,0,0,2,0.125,0.09124999999999998,0.18467128527889054,1.943661434161414,2.0812088647549296,-2.460650281671303,-56.92156588367497,118.86622251588099,0.125,0.09124999999999998,610,0,2,0.4690586798502119,OVL-35cadc936c96,15301,PAL,10,selection,3,1000000.0,,True
12.242224309519221,95.29832011312959,True,1.809284818067754,0,0,2,0.125,0.09124999999999998,0.18467128527889054,1.943661434161414,2.0812088647549296,-2.460650281671303,-56.92156588367497,118.86622251588099,0.125,0.09124999999999998,610,0,2,0.4690586798502119,OVL-acfd7d82f23b,15301,PAL,10,selection,3,1000000.0,,True
12.242224309519221,95.29832011312959,True,1.809284818067754,0,0,2,0.125,0.09124999999999998,0.18467128527889054,1.943661434161414,2.0812088647549296,-2.460650281671303,-56.92156588367497,118.86622251588099,0.125,0.09124999999999998,610,0,2,0.4690586798502119,OVL-149a41d10828,15301,PAL,10,selection,3,1000000.0,,True
12.242224309519221,95.29832011312959,True,1.809284818067754,0,0,2,0.125,0.09124999999999998,0.18467128527889054,1.943661434161414,2.0812088647549296,-2.460650281671303,-56.92156588367497,118.86622251588099,0.125,0.09124999999999998,610,0,2,0.4690586798502119,OVL-a9442d9912fb,15301,PAL,10,selection,3,1000000.0,,True
12.242224309519221,95.29832011312959,True,1.809284818067754,0,0,2,0.125,0.09124999999999998,0.18467128527889054,1.943661434161414,2.0812088647549296,-2.460650281671303,-56.92156588367497,118.86622251588099,0.125,0.09124999999999998,610,0,2,0.4690586798502119,OVL-40bd729d0198,15301,PAL,10,selection,3,1000000.0,,True
12.242224309519221,95.29832011312959,True,1.809284818067754,0,0,2,0.125,0.09124999999999998,0.18467128527889054,1.943661434161414,2.0812088647549296,-2.460650281671303,-56.92156588367497,118.86622251588099,0.125,0.09124999999999998,610,0,2,0.4690586798502119,OVL-ebbacb3667c2,15301,PAL,10,selection,3,1000000.0,,True
12.242224309519221,95.29832011312959,True,1.809284818067754,0,0,2,0.125,0.09124999999999998,0.18467128527889054,1.943661434161414,2.0812088647549296,-2.460650281671303,-56.92156588367497,118.86622251588099,0.125,0.09124999999999998,610,0,2,0.4690586798502119,OVL-322936f8789f,15301,PAL,10,selection,3,1000000.0,,True
12.242224309519221,95.29832011312959,True,1.809284818067754,0,0,2,0.125,0.09124999999999998,0.18467128527889054,1.943661434161414,2.0812088647549296,-2.460650281671303,-56.92156588367497,118.86622251588099,0.125,0.09124999999999998,610,0,2,0.4690586798502119,OVL-a9a92a1f4710,15301,PAL,10,selection,3,1000000.0,,True
12.242224309519221,95.29832011312959,True,1.809284818067754,0,0,2,0.125,0.09124999999999998,0.18467128527889054,1.943661434161414,2.0812088647549296,-2.460650281671303,-56.92156588367497,118.86622251588099,0.125,0.09124999999999998,610,0,2,0.4690586798502119,OVL-4c5ff1ec8efe,15301,PAL,10,selection,3,1000000.0,,True
12.242224309519221,95.29832011312959,True,1.809284818067754,0,0,2,0.125,0.09124999999999998,0.18467128527889054,1.943661434161414,2.0812088647549296,-2.460650281671303,-56.92156588367497,118.86622251588099,0.125,0.09124999999999998,610,0,2,0.4690586798502119,OVL-a092fb5ee687,15301,PAL,10,selection,3,1000000.0,,True
12.242224309519221,95.29832011312959,True,1.809284818067754,0,0,2,0.125,0.09124999999999998,0.18467128527889054,1.943661434161414,2.0812088647549296,-2.460650281671303,-56.92156588367497,118.86622251588099,0.125,0.09124999999999998,610,0,2,0.4690586798502119,OVL-7290202f6b31,15301,PAL,10,selection,3,1000000.0,,True
12.242224309519221,95.29832011312959,True,1.809284818067754,0,0,2,0.125,0.09124999999999998,0.18467128527889054,1.943661434161414,2.0812088647549296,-2.460650281671303,-56.92156588367497,118.86622251588099,0.125,0.09124999999999998,610,0,2,0.4690586798502119,OVL-b3c387f285d9,15301,PAL,10,selection,3,1000000.0,,True
12.242224309519221,95.29832011312959,True,1.809284818067754,0,0,2,0.125,0.09124999999999998,0.18467128527889054,1.943661434161414,2.0812088647549296,-2.460650281671303,-56.92156588367497,118.86622251588099,0.125,0.09124999999999998,610,0,2,0.4690586798502119,OVL-901ae4d630ce,15301,PAL,10,selection,3,1000000.0,,True
12.241223433561728,95.28106904388414,True,1.809284818067754,0,0,2,0.125,0.09124999999999998,0.184685155216593,1.991547851752529,2.0812088647549296,-2.460650281671303,-56.92156588367497,118.86622251588099,0.125,0.09124999999999998,610,0,2,0.46898457704831764,OVL-e5a837b8b184,15301,PAL,10,selection,3,1000000.0,,True
12.241223433561728,95.28106904388414,True,1.809284818067754,0,0,2,0.125,0.09124999999999998,0.184685155216593,1.991547851752529,2.0812088647549296,-2.460650281671303,-56.92156588367497,118.86622251588099,0.125,0.09124999999999998,610,0,2,0.46898457704831764,OVL-31235ba5d444,15301,PAL,10,selection,3,1000000.0,,True
12.241223433561728,95.28106904388414,True,1.809284818067754,0,0,2,0.125,0.09124999999999998,0.184685155216593,1.991547851752529,2.0812088647549296,-2.460650281671303,-56.92156588367497,118.86622251588099,0.125,0.09124999999999998,610,0,2,0.46898457704831764,OVL-deee15113bc3,15301,PAL,10,selection,3,1000000.0,,True
13.51940665976998,96.41759179274838,True,0.7038895859473023,3,0,1,0.975,0.5825,1.9028529802851035,1.7315734727596612,1.1047194910566966,-2.440506547805246,-65.49603321239498,124.94842086919344,0.95,0.5824999999999999,610,1,2,0.5839512807721265,OVP56,15301,PAL,14,selection,3,1000000.0,,False
13.67198072851801,96.88375506345686,True,0.6825595984943538,1,0,2,0.65,0.8112499999999998,1.4141827204540687,1.344232828517006,1.0783391519374508,-1.9646073760838305,-66.65188456311688,126.43142871054327,0.65,0.8112499999999999,610,1,2,0.591174425048387,VLP56,15301,PAL,14,selection,3,1000000.0,,False
-6.62995992716186,-81.44217911361369,False,591.1273525721456,610,8,0,2.025,2.025,1000000.0,83.33007199668461,23.89341968153944,-156.37349813040376,-70.10887087235156,78.37533969079207,1000000.0,1000000.0,610,610,2,-0.3083678044600548,PLL96-rejected-board,15301,PAL,14,selection,3,1000000.0,,False
9.186528000842229,96.58631115572244,True,5.7070263488080295,550,8,0,2.025,2.025,3.6321051058580336,15.825277295797754,-1.6122363313898798,-1.8085595575464832,-55.21560049970891,122.69295575242195,1.95,1000000.0,610,31,2,0.31748019709673825,PLL96-IQ-corrected,15301,PAL,14,selection,3,1000000.0,,False
18.310721248419174,96.27872563215632,True,0.0,0,0,2,0.025,0.025,0.1103320249868773,1.7344443451798557,1.8234007557521454,-1.1660606069049673,-55.39611302913081,119.02064673080027,0.025,0.025,610,0,2,0.8138451760227481,floating-PLL-IQ40,15301,PAL,14,selection,3,1000000.0,,True
4.408672453119891,44.53944430681681,True,89.36951066499373,610,8,0,2.025,2.025,1000000.0,49.05680368023828,27.399996883569436,-25.61404812665036,-5.549068913385803,89.28023997009909,1000000.0,1000000.0,610,610,2,0.4446001416715785,HC50,15301,PAL,14,selection,3,1000000.0,,False
11.875870657181999,98.86183775469458,True,3.622961104140527,8,0,0,1.1524999999999979,0.5299999999999996,2.1124099383188635,3.524056969029343,-2.444907987506006,-3.645604302312453,-60.03487056069978,112.22560895004516,1.0224999999999966,0.5299999999999996,610,1,2,0.42097358741006885,PLL96-board-fixed,15301,PAL,14,selection,3,1000000.0,,False
14.077370521354876,95.1853963988089,True,1.2327478042659976,0,0,2,0.075,0.06624999999999999,0.04593072117375237,1.6790221358612887,2.1621799150244962,-2.4903514513120752,-50.50872530672152,107.69314233411286,0.075,0.06624999999999999,610,0,2,0.5709006045257351,OVL-35cadc936c96,15301,PAL,14,selection,3,1000000.0,,True
14.077370521354876,95.1853963988089,True,1.2327478042659976,0,0,2,0.075,0.06624999999999999,0.04593072117375237,1.6790221358612887,2.1621799150244962,-2.4903514513120752,-50.50872530672152,107.69314233411286,0.075,0.06624999999999999,610,0,2,0.5709006045257351,OVL-acfd7d82f23b,15301,PAL,14,selection,3,1000000.0,,True
14.077370521354876,95.1853963988089,True,1.2327478042659976,0,0,2,0.075,0.06624999999999999,0.04593072117375237,1.6790221358612887,2.1621799150244962,-2.4903514513120752,-50.50872530672152,107.69314233411286,0.075,0.06624999999999999,610,0,2,0.5709006045257351,OVL-149a41d10828,15301,PAL,14,selection,3,1000000.0,,True
14.077370521354876,95.1853963988089,True,1.2327478042659976,0,0,2,0.075,0.06624999999999999,0.04593072117375237,1.6790221358612887,2.1621799150244962,-2.4903514513120752,-50.50872530672152,107.69314233411286,0.075,0.06624999999999999,610,0,2,0.5709006045257351,OVL-a9442d9912fb,15301,PAL,14,selection,3,1000000.0,,True
14.077370521354876,95.1853963988089,True,1.2327478042659976,0,0,2,0.075,0.06624999999999999,0.04593072117375237,1.6790221358612887,2.1621799150244962,-2.4903514513120752,-50.50872530672152,107.69314233411286,0.075,0.06624999999999999,610,0,2,0.5709006045257351,OVL-40bd729d0198,15301,PAL,14,selection,3,1000000.0,,True
14.077370521354876,95.1853963988089,True,1.2327478042659976,0,0,2,0.075,0.06624999999999999,0.04593072117375237,1.6790221358612887,2.1621799150244962,-2.4903514513120752,-50.50872530672152,107.69314233411286,0.075,0.06624999999999999,610,0,2,0.5709006045257351,OVL-ebbacb3667c2,15301,PAL,14,selection,3,1000000.0,,True
14.077370521354876,95.1853963988089,True,1.2327478042659976,0,0,2,0.075,0.06624999999999999,0.04593072117375237,1.6790221358612887,2.1621799150244962,-2.4903514513120752,-50.50872530672152,107.69314233411286,0.075,0.06624999999999999,610,0,2,0.5709006045257351,OVL-322936f8789f,15301,PAL,14,selection,3,1000000.0,,True
14.077370521354876,95.1853963988089,True,1.2327478042659976,0,0,2,0.075,0.06624999999999999,0.04593072117375237,1.6790221358612887,2.1621799150244962,-2.4903514513120752,-50.50872530672152,107.69314233411286,0.075,0.06624999999999999,610,0,2,0.5709006045257351,OVL-a9a92a1f4710,15301,PAL,14,selection,3,1000000.0,,True
14.077370521354876,95.1853963988089,True,1.2327478042659976,0,0,2,0.075,0.06624999999999999,0.04593072117375237,1.6790221358612887,2.1621799150244962,-2.4903514513120752,-50.50872530672152,107.69314233411286,0.075,0.06624999999999999,610,0,2,0.5709006045257351,OVL-4c5ff1ec8efe,15301,PAL,14,selection,3,1000000.0,,True
14.077370521354876,95.1853963988089,True,1.2327478042659976,0,0,2,0.075,0.06624999999999999,0.04593072117375237,1.6790221358612887,2.1621799150244962,-2.4903514513120752,-50.50872530672152,107.69314233411286,0.075,0.06624999999999999,610,0,2,0.5709006045257351,OVL-a092fb5ee687,15301,PAL,14,selection,3,1000000.0,,True
14.077370521354876,95.1853963988089,True,1.2327478042659976,0,0,2,0.075,0.06624999999999999,0.04593072117375237,1.6790221358612887,2.1621799150244962,-2.4903514513120752,-50.50872530672152,107.69314233411286,0.075,0.06624999999999999,610,0,2,0.5709006045257351,OVL-7290202f6b31,15301,PAL,14,selection,3,1000000.0,,True
14.077370521354876,95.1853963988089,True,1.2327478042659976,0,0,2,0.075,0.06624999999999999,0.04593072117375237,1.6790221358612887,2.1621799150244962,-2.4903514513120752,-50.50872530672152,107.69314233411286,0.075,0.06624999999999999,610,0,2,0.5709006045257351,OVL-b3c387f285d9,15301,PAL,14,selection,3,1000000.0,,True
14.077370521354876,95.1853963988089,True,1.2327478042659976,0,0,2,0.075,0.06624999999999999,0.04593072117375237,1.6790221358612887,2.1621799150244962,-2.4903514513120752,-50.50872530672152,107.69314233411286,0.075,0.06624999999999999,610,0,2,0.5709006045257351,OVL-901ae4d630ce,15301,PAL,14,selection,3,1000000.0,,True
14.076375747970198,95.17339124903211,True,1.2327478042659976,0,0,2,0.075,0.06624999999999999,0.04591956617148129,1.7123396979826466,2.1621799150244962,-2.490351451312075,-50.50872530672152,107.69314233411289,0.075,0.06624999999999999,610,0,2,0.5708394863089561,OVL-e5a837b8b184,15301,PAL,14,selection,3,1000000.0,,True
14.076375747970198,95.17339124903211,True,1.2327478042659976,0,0,2,0.075,0.06624999999999999,0.04591956617148129,1.7123396979826466,2.1621799150244962,-2.490351451312075,-50.50872530672152,107.69314233411289,0.075,0.06624999999999999,610,0,2,0.5708394863089561,OVL-31235ba5d444,15301,PAL,14,selection,3,1000000.0,,True
14.076375747970198,95.17339124903211,True,1.2327478042659976,0,0,2,0.075,0.06624999999999999,0.04591956617148129,1.7123396979826466,2.1621799150244962,-2.490351451312075,-50.50872530672152,107.69314233411289,0.075,0.06624999999999999,610,0,2,0.5708394863089561,OVL-deee15113bc3,15301,PAL,14,selection,3,1000000.0,,True
14.907035826006979,97.27044864089238,True,0.5777917189460476,0,0,2,0.05,0.05749999999999997,0.6219219285777771,0.6075686552515348,0.999673681942755,-1.5827795162944804,-61.97671653583901,125.02862027631906,0.05,0.057499999999999975,610,0,2,0.6513453242204329,OVP56,15301,PAL,18,selection,3,1000000.0,,False
15.090083711663008,97.36659076882015,True,0.5784190715181932,0,0,2,0.05,0.06624999999999999,0.27745365880969247,0.6607266938776869,1.1139657194469126,-1.349110898918519,-60.44229679807521,124.06370301669477,0.05,0.06624999999999999,610,0,2,0.6594580737342713,VLP56,15301,PAL,18,selection,3,1000000.0,,False
-6.63468073542446,-81.45137733931071,False,590.9454203262234,610,8,0,2.025,2.025,1000000.0,83.59640326822088,23.570156531128475,-156.26347215538428,-67.99924613922703,75.802629134451,1000000.0,1000000.0,610,610,2,-0.3137842051635463,PLL96-rejected-board,15301,PAL,18,selection,3,1000000.0,,False
9.112482493363927,97.34269645699266,True,5.882057716436637,588,8,0,2.025,2.025,3.660573880741056,15.65921957830187,-1.3420166208912196,-1.624905637704559,-53.5385906045897,118.21249998664393,1.9475000000000002,1000000.0,610,144,2,0.32623144433183543,PLL96-IQ-corrected,15301,PAL,18,selection,3,1000000.0,,False
20.1326684125275,96.40947036895805,True,0.0,0,0,2,0.025,0.025,0.020940978729847716,1.6062710355395775,1.7852436307705388,-1.074074664372083,-51.626938633820245,115.64831117499509,0.025,0.025,610,0,2,0.8759306013675874,floating-PLL-IQ40,15301,PAL,18,selection,3,1000000.0,,True
4.439410016974852,44.51805198251697,True,89.21580928481806,610,8,0,2.025,2.025,1000000.0,48.980445224984834,27.388577091464853,-25.607503892025072,0.04121555667353505,86.74532389584482,1000000.0,1000000.0,610,610,2,0.4934410334375223,HC50,15301,PAL,18,selection,3,1000000.0,,False
12.031544026907326,97.99513580577865,True,3.5558343789209537,0,0,2,0.31374999999999886,0.36749999999999977,0.270774163355708,4.942480156965051,-1.5630127167150705,-2.877409938982072,-59.85325349526791,111.86890104075192,0.31374999999999886,0.36749999999999977,610,0,2,0.4353260599024146,PLL96-board-fixed,15301,PAL,18,selection,3,1000000.0,,False
15.056071199484762,94.76971199455512,True,1.0997490589711416,0,0,2,0.075,0.09124999999999998,0.0446640464935761,1.6767301542854032,2.1861114418222227,-3.0010699585718554,-46.13342164567137,107.27220177135419,0.075,0.09124999999999998,610,0,2,0.6304596144339362,OVL-35cadc936c96,15301,PAL,18,selection,3,1000000.0,,True
15.056071199484762,94.76971199455512,True,1.0997490589711416,0,0,2,0.075,0.09124999999999998,0.0446640464935761,1.6767301542854032,2.1861114418222227,-3.0010699585718554,-46.13342164567137,107.27220177135419,0.075,0.09124999999999998,610,0,2,0.6304596144339362,OVL-acfd7d82f23b,15301,PAL,18,selection,3,1000000.0,,True
15.056071199484762,94.76971199455512,True,1.0997490589711416,0,0,2,0.075,0.09124999999999998,0.0446640464935761,1.6767301542854032,2.1861114418222227,-3.0010699585718554,-46.13342164567137,107.27220177135419,0.075,0.09124999999999998,610,0,2,0.6304596144339362,OVL-149a41d10828,15301,PAL,18,selection,3,1000000.0,,True
15.056071199484762,94.76971199455512,True,1.0997490589711416,0,0,2,0.075,0.09124999999999998,0.0446640464935761,1.6767301542854032,2.1861114418222227,-3.0010699585718554,-46.13342164567137,107.27220177135419,0.075,0.09124999999999998,610,0,2,0.6304596144339362,OVL-a9442d9912fb,15301,PAL,18,selection,3,1000000.0,,True
15.056071199484762,94.76971199455512,True,1.0997490589711416,0,0,2,0.075,0.09124999999999998,0.0446640464935761,1.6767301542854032,2.1861114418222227,-3.0010699585718554,-46.13342164567137,107.27220177135419,0.075,0.09124999999999998,610,0,2,0.6304596144339362,OVL-40bd729d0198,15301,PAL,18,selection,3,1000000.0,,True
15.056071199484762,94.76971199455512,True,1.0997490589711416,0,0,2,0.075,0.09124999999999998,0.0446640464935761,1.6767301542854032,2.1861114418222227,-3.0010699585718554,-46.13342164567137,107.27220177135419,0.075,0.09124999999999998,610,0,2,0.6304596144339362,OVL-ebbacb3667c2,15301,PAL,18,selection,3,1000000.0,,True
15.056071199484762,94.76971199455512,True,1.0997490589711416,0,0,2,0.075,0.09124999999999998,0.0446640464935761,1.6767301542854032,2.1861114418222227,-3.0010699585718554,-46.13342164567137,107.27220177135419,0.075,0.09124999999999998,610,0,2,0.6304596144339362,OVL-322936f8789f,15301,PAL,18,selection,3,1000000.0,,True
15.056071199484762,94.76971199455512,True,1.0997490589711416,0,0,2,0.075,0.09124999999999998,0.0446640464935761,1.6767301542854032,2.1861114418222227,-3.0010699585718554,-46.13342164567137,107.27220177135419,0.075,0.09124999999999998,610,0,2,0.6304596144339362,OVL-a9a92a1f4710,15301,PAL,18,selection,3,1000000.0,,True
15.056071199484762,94.76971199455512,True,1.0997490589711416,0,0,2,0.075,0.09124999999999998,0.0446640464935761,1.6767301542854032,2.1861114418222227,-3.0010699585718554,-46.13342164567137,107.27220177135419,0.075,0.09124999999999998,610,0,2,0.6304596144339362,OVL-4c5ff1ec8efe,15301,PAL,18,selection,3,1000000.0,,True
15.056071199484762,94.76971199455512,True,1.0997490589711416,0,0,2,0.075,0.09124999999999998,0.0446640464935761,1.6767301542854032,2.1861114418222227,-3.0010699585718554,-46.13342164567137,107.27220177135419,0.075,0.09124999999999998,610,0,2,0.6304596144339362,OVL-a092fb5ee687,15301,PAL,18,selection,3,1000000.0,,True
15.056071199484762,94.76971199455512,True,1.0997490589711416,0,0,2,0.075,0.09124999999999998,0.0446640464935761,1.6767301542854032,2.1861114418222227,-3.0010699585718554,-46.13342164567137,107.27220177135419,0.075,0.09124999999999998,610,0,2,0.6304596144339362,OVL-7290202f6b31,15301,PAL,18,selection,3,1000000.0,,True
15.056071199484762,94.76971199455512,True,1.0997490589711416,0,0,2,0.075,0.09124999999999998,0.0446640464935761,1.6767301542854032,2.1861114418222227,-3.0010699585718554,-46.13342164567137,107.27220177135419,0.075,0.09124999999999998,610,0,2,0.6304596144339362,OVL-b3c387f285d9,15301,PAL,18,selection,3,1000000.0,,True
15.056071199484762,94.76971199455512,True,1.0997490589711416,0,0,2,0.075,0.09124999999999998,0.0446640464935761,1.6767301542854032,2.1861114418222227,-3.0010699585718554,-46.13342164567137,107.27220177135419,0.075,0.09124999999999998,610,0,2,0.6304596144339362,OVL-901ae4d630ce,15301,PAL,18,selection,3,1000000.0,,True
15.055017475160588,94.76034864545971,True,1.0997490589711416,0,0,2,0.075,0.09124999999999998,0.0446640464935761,1.7027876679487606,2.1861114418222227,-3.0010699585718554,-46.13342164567137,107.27220177135413,0.075,0.09124999999999998,610,0,2,0.6303998389452169,OVL-e5a837b8b184,15301,PAL,18,selection,3,1000000.0,,True
15.055017475160588,94.76034864545971,True,1.0997490589711416,0,0,2,0.075,0.09124999999999998,0.0446640464935761,1.7027876679487606,2.1861114418222227,-3.0010699585718554,-46.13342164567137,107.27220177135413,0.075,0.09124999999999998,610,0,2,0.6303998389452169,OVL-31235ba5d444,15301,PAL,18,selection,3,1000000.0,,True
15.055017475160588,94.76034864545971,True,1.0997490589711416,0,0,2,0.075,0.09124999999999998,0.0446640464935761,1.7027876679487606,2.1861114418222227,-3.0010699585718554,-46.13342164567137,107.27220177135413,0.075,0.09124999999999998,610,0,2,0.6303998389452169,OVL-deee15113bc3,15301,PAL,18,selection,3,1000000.0,,True
15.599794255272286,97.55458804391724,True,0.5194479297365119,0,0,2,0.05,0.025,0.022497723017754632,0.2310129770255832,0.9460309319502006,-1.29913288469185,-60.827810212007094,124.4948707818501,0.05,0.025,610,0,2,0.6839565669569577,OVP56,15301,PAL,22,selection,3,1000000.0,,True
15.801515532436834,97.54553126620026,True,0.5313676286072773,0,0,2,0.05,0.04124999999999999,0.021591399319871883,0.3806186972025102,1.098151908061687,-1.1595012888300245,-60.54744456484531,124.17583516251304,0.05,0.04124999999999999,610,0,2,0.6925560496833861,VLP56,15301,PAL,22,selection,3,1000000.0,,True
-6.64346175958341,-81.64217466343102,False,590.8268506900878,610,8,0,2.025,2.025,1000000.0,84.24345976035715,23.260973837060362,-156.27157995924372,-67.95553413617345,70.14291712129665,1000000.0,1000000.0,610,610,2,-0.3163665413407934,PLL96-rejected-board,15301,PAL,22,selection,3,1000000.0,contrast;strong_detail;sync;h_jitter_us;v_jitter_us;h_width_rmse_us;sync_error_ire;black_error_ire;white_error_ire;fine_detail,False
9.116569668968566,97.86003745274633,True,5.932873274780427,602,8,0,2.025,2.025,3.6564155945406425,14.781756830765724,-1.0929260757812538,-1.5563895627927566,-47.956817544716706,110.8414056552489,1.55,1000000.0,610,201,2,0.3295319804036264,PLL96-IQ-corrected,15301,PAL,22,selection,3,1000000.0,strong_detail;sync;h_jitter_us;v_jitter_us;h_width_rmse_us;sync_error_ire;fine_detail,False
21.098637259743814,96.459242630559,True,0.0,0,0,2,0.025,0.025,0.01962768202410423,1.5866896716953702,1.771894465546893,-1.0222406599839557,-49.16239851645118,112.97452966353424,0.025,0.025,610,0,2,0.9035539113870756,floating-PLL-IQ40,15301,PAL,22,selection,3,1000000.0,,True
4.451833677073991,44.5097920486016,True,89.05018820577163,610,8,0,2.025,2.025,1000000.0,48.94481850624122,27.39661664569748,-25.576009449078636,0.48627542469054674,85.6207431077186,1000000.0,1000000.0,610,610,2,0.5193151026469703,HC50,15301,PAL,22,selection,3,1000000.0,contrast;strong_detail;sync;h_jitter_us;v_jitter_us;h_width_rmse_us;sync_error_ire;black_error_ire;white_error_ire;fine_detail,False
12.064310997088397,97.39181468294173,True,3.505018820577164,0,0,2,0.25,0.075,0.09398944830906618,5.556116118128218,-0.9105036195681832,-2.6690974192924806,-58.538975237550474,111.6864505298287,0.25,0.075,610,0,2,0.4417782050224878,PLL96-board-fixed,15301,PAL,22,selection,3,1000000.0,strong_detail;sync_error_ire;fine_detail,True
15.519742707063473,94.49365876575064,True,0.9912170639899623,0,0,2,0.075,0.05,0.042921010178630446,1.6878006391402103,2.1714843174259233,-3.3871421098770016,-45.489814956976474,103.03802491854674,0.075,0.05,610,0,2,0.6602557350940462,OVL-35cadc936c96,15301,PAL,22,selection,3,1000000.0,,True
15.519742707063473,94.49365876575064,True,0.9912170639899623,0,0,2,0.075,0.05,0.042921010178630446,1.6878006391402103,2.1714843174259233,-3.3871421098770016,-45.489814956976474,103.03802491854674,0.075,0.05,610,0,2,0.6602557350940462,OVL-acfd7d82f23b,15301,PAL,22,selection,3,1000000.0,,True
15.519742707063473,94.49365876575064,True,0.9912170639899623,0,0,2,0.075,0.05,0.042921010178630446,1.6878006391402103,2.1714843174259233,-3.3871421098770016,-45.489814956976474,103.03802491854674,0.075,0.05,610,0,2,0.6602557350940462,OVL-149a41d10828,15301,PAL,22,selection,3,1000000.0,,True
15.519742707063473,94.49365876575064,True,0.9912170639899623,0,0,2,0.075,0.05,0.042921010178630446,1.6878006391402103,2.1714843174259233,-3.3871421098770016,-45.489814956976474,103.03802491854674,0.075,0.05,610,0,2,0.6602557350940462,OVL-a9442d9912fb,15301,PAL,22,selection,3,1000000.0,,True
15.519742707063473,94.49365876575064,True,0.9912170639899623,0,0,2,0.075,0.05,0.042921010178630446,1.6878006391402103,2.1714843174259233,-3.3871421098770016,-45.489814956976474,103.03802491854674,0.075,0.05,610,0,2,0.6602557350940462,OVL-40bd729d0198,15301,PAL,22,selection,3,1000000.0,,True
15.519742707063473,94.49365876575064,True,0.9912170639899623,0,0,2,0.075,0.05,0.042921010178630446,1.6878006391402103,2.1714843174259233,-3.3871421098770016,-45.489814956976474,103.03802491854674,0.075,0.05,610,0,2,0.6602557350940462,OVL-ebbacb3667c2,15301,PAL,22,selection,3,1000000.0,,True
15.519742707063473,94.49365876575064,True,0.9912170639899623,0,0,2,0.075,0.05,0.042921010178630446,1.6878006391402103,2.1714843174259233,-3.3871421098770016,-45.489814956976474,103.03802491854674,0.075,0.05,610,0,2,0.6602557350940462,OVL-322936f8789f,15301,PAL,22,selection,3,1000000.0,,True
15.519742707063473,94.49365876575064,True,0.9912170639899623,0,0,2,0.075,0.05,0.042921010178630446,1.6878006391402103,2.1714843174259233,-3.3871421098770016,-45.489814956976474,103.03802491854674,0.075,0.05,610,0,2,0.6602557350940462,OVL-a9a92a1f4710,15301,PAL,22,selection,3,1000000.0,,True
15.519742707063473,94.49365876575064,True,0.9912170639899623,0,0,2,0.075,0.05,0.042921010178630446,1.6878006391402103,2.1714843174259233,-3.3871421098770016,-45.489814956976474,103.03802491854674,0.075,0.05,610,0,2,0.6602557350940462,OVL-4c5ff1ec8efe,15301,PAL,22,selection,3,1000000.0,,True
15.519742707063473,94.49365876575064,True,0.9912170639899623,0,0,2,0.075,0.05,0.042921010178630446,1.6878006391402103,2.1714843174259233,-3.3871421098770016,-45.489814956976474,103.03802491854674,0.075,0.05,610,0,2,0.6602557350940462,OVL-a092fb5ee687,15301,PAL,22,selection,3,1000000.0,,True
15.519742707063473,94.49365876575064,True,0.9912170639899623,0,0,2,0.075,0.05,0.042921010178630446,1.6878006391402103,2.1714843174259233,-3.3871421098770016,-45.489814956976474,103.03802491854674,0.075,0.05,610,0,2,0.6602557350940462,OVL-7290202f6b31,15301,PAL,22,selection,3,1000000.0,,True
15.519742707063473,94.49365876575064,True,0.9912170639899623,0,0,2,0.075,0.05,0.042921010178630446,1.6878006391402103,2.1714843174259233,-3.3871421098770016,-45.489814956976474,103.03802491854674,0.075,0.05,610,0,2,0.6602557350940462,OVL-b3c387f285d9,15301,PAL,22,selection,3,1000000.0,,True
15.519742707063473,94.49365876575064,True,0.9912170639899623,0,0,2,0.075,0.05,0.042921010178630446,1.6878006391402103,2.1714843174259233,-3.3871421098770016,-45.489814956976474,103.03802491854674,0.075,0.05,610,0,2,0.6602557350940462,OVL-901ae4d630ce,15301,PAL,22,selection,3,1000000.0,,True
15.519111567972836,94.4881774948862,True,0.9912170639899623,0,0,2,0.075,0.05,0.042921010178630446,1.702891496646727,2.1714843174259233,-3.387142109877001,-45.489814956976474,103.03802491854674,0.075,0.05,610,0,2,0.6602225498737672,OVL-e5a837b8b184,15301,PAL,22,selection,3,1000000.0,,True
15.519111567972836,94.4881774948862,True,0.9912170639899623,0,0,2,0.075,0.05,0.042921010178630446,1.702891496646727,2.1714843174259233,-3.387142109877001,-45.489814956976474,103.03802491854674,0.075,0.05,610,0,2,0.6602225498737672,OVL-31235ba5d444,15301,PAL,22,selection,3,1000000.0,,True
15.519111567972836,94.4881774948862,True,0.9912170639899623,0,0,2,0.075,0.05,0.042921010178630446,1.702891496646727,2.1714843174259233,-3.387142109877001,-45.489814956976474,103.03802491854674,0.075,0.05,610,0,2,0.6602225498737672,OVL-deee15113bc3,15301,PAL,22,selection,3,1000000.0,,True
16.09402594230405,97.62408945860594,True,0.4761606022584693,0,0,2,0.05,0.04124999999999999,0.021400743054358847,0.10255315725445752,0.9543777192730902,-1.2246191024711577,-55.45733805328516,124.31869700889916,0.05,0.04124999999999999,610,0,2,0.7067173467536129,OVP56,15301,PAL,30,selection,3,1000000.0,,True
16.314491411500732,97.59999160833185,True,0.5062735257214555,0,0,2,0.05,0.04124999999999999,0.01866442219137,0.2479856511535774,1.1137177480522944,-1.1234381118310268,-55.908579708771484,123.68409607878175,0.05,0.04124999999999999,610,0,2,0.7157749804442405,VLP56,15301,PAL,30,selection,3,1000000.0,,True
-6.652422952898117,-81.88791268798167,False,590.3525721455458,610,8,0,2.025,2.025,1000000.0,84.89826423996705,23.200861771933994,-156.3074123974854,-67.31254784859084,61.79374616152755,1000000.0,1000000.0,610,610,2,-0.31700201077381684,PLL96-rejected-board,15301,PAL,30,selection,3,1000000.0,contrast;strong_detail;sync;h_jitter_us;v_jitter_us;h_width_rmse_us;sync_error_ire;black_error_ire;white_error_ire;fine_detail,False
9.144056588190072,98.22122996995168,True,5.9548306148055214,610,8,0,2.025,2.025,1000000.0,13.959740992066491,-1.12466759257477,-1.539784523938348,-45.66637639980058,107.16859039562351,1000000.0,1000000.0,610,610,2,0.3286356436278737,PLL96-IQ-corrected,15301,PAL,30,selection,3,1000000.0,strong_detail;sync;h_jitter_us;v_jitter_us;h_width_rmse_us;sync_error_ire;fine_detail,False
21.812119965463985,96.47910910718905,True,0.0,0,0,2,0.025,0.025,0.019258806799598523,1.5865473261609997,1.777122898762487,-0.9847615995387328,-47.773113964714184,112.03499747854289,0.025,0.025,610,0,2,0.9217520014844465,floating-PLL-IQ40,15301,PAL,30,selection,3,1000000.0,,True
4.460458147742299,44.51375995248079,True,88.97992471769133,610,8,0,2.025,2.025,1000000.0,48.92809829711041,27.40073808399958,-25.534576512111016,2.6966667393494816,84.33397603664648,1000000.0,1000000.0,610,610,2,0.5377203817860191,HC50,15301,PAL,30,selection,3,1000000.0,contrast;strong_detail;sync;h_jitter_us;v_jitter_us;h_width_rmse_us;sync_error_ire;black_error_ire;white_error_ire;fine_detail,False
12.085196273183819,97.24296233717733,True,3.4422835633626097,0,0,2,0.25,0.06624999999999999,0.09188374693502477,5.676882911737195,-0.7999521423912784,-2.6151251798382167,-57.57011049221744,111.49960718858912,0.25,0.06624999999999999,610,0,2,0.4448659300772594,PLL96-board-fixed,15301,PAL,30,selection,3,1000000.0,strong_detail;sync_error_ire;fine_detail,True
15.854979297499018,94.34476644302495,True,0.8858218318695106,0,0,2,0.075,0.05,0.04281345353132224,1.704576274499281,2.1522252677225606,-3.5930510839466403,-43.265923550358664,102.59673288417949,0.075,0.05,610,0,2,0.6817792523995269,OVL-35cadc936c96,15301,PAL,30,selection,3,1000000.0,,True
15.854979297499018,94.34476644302495,True,0.8858218318695106,0,0,2,0.075,0.05,0.04281345353132224,1.704576274499281,2.1522252677225606,-3.5930510839466403,-43.265923550358664,102.59673288417949,0.075,0.05,610,0,2,0.6817792523995269,OVL-acfd7d82f23b,15301,PAL,30,selection,3,1000000.0,,True
15.854979297499018,94.34476644302495,True,0.8858218318695106,0,0,2,0.075,0.05,0.04281345353132224,1.704576274499281,2.1522252677225606,-3.5930510839466403,-43.265923550358664,102.59673288417949,0.075,0.05,610,0,2,0.6817792523995269,OVL-149a41d10828,15301,PAL,30,selection,3,1000000.0,,True
15.854979297499018,94.34476644302495,True,0.8858218318695106,0,0,2,0.075,0.05,0.04281345353132224,1.704576274499281,2.1522252677225606,-3.5930510839466403,-43.265923550358664,102.59673288417949,0.075,0.05,610,0,2,0.6817792523995269,OVL-a9442d9912fb,15301,PAL,30,selection,3,1000000.0,,True
15.854979297499018,94.34476644302495,True,0.8858218318695106,0,0,2,0.075,0.05,0.04281345353132224,1.704576274499281,2.1522252677225606,-3.5930510839466403,-43.265923550358664,102.59673288417949,0.075,0.05,610,0,2,0.6817792523995269,OVL-40bd729d0198,15301,PAL,30,selection,3,1000000.0,,True
15.854979297499018,94.34476644302495,True,0.8858218318695106,0,0,2,0.075,0.05,0.04281345353132224,1.704576274499281,2.1522252677225606,-3.5930510839466403,-43.265923550358664,102.59673288417949,0.075,0.05,610,0,2,0.6817792523995269,OVL-ebbacb3667c2,15301,PAL,30,selection,3,1000000.0,,True
15.854979297499018,94.34476644302495,True,0.8858218318695106,0,0,2,0.075,0.05,0.04281345353132224,1.704576274499281,2.1522252677225606,-3.5930510839466403,-43.265923550358664,102.59673288417949,0.075,0.05,610,0,2,0.6817792523995269,OVL-322936f8789f,15301,PAL,30,selection,3,1000000.0,,True
15.854979297499018,94.34476644302495,True,0.8858218318695106,0,0,2,0.075,0.05,0.04281345353132224,1.704576274499281,2.1522252677225606,-3.5930510839466403,-43.265923550358664,102.59673288417949,0.075,0.05,610,0,2,0.6817792523995269,OVL-a9a92a1f4710,15301,PAL,30,selection,3,1000000.0,,True
15.854979297499018,94.34476644302495,True,0.8858218318695106,0,0,2,0.075,0.05,0.04281345353132224,1.704576274499281,2.1522252677225606,-3.5930510839466403,-43.265923550358664,102.59673288417949,0.075,0.05,610,0,2,0.6817792523995269,OVL-4c5ff1ec8efe,15301,PAL,30,selection,3,1000000.0,,True
15.854979297499018,94.34476644302495,True,0.8858218318695106,0,0,2,0.075,0.05,0.04281345353132224,1.704576274499281,2.1522252677225606,-3.5930510839466403,-43.265923550358664,102.59673288417949,0.075,0.05,610,0,2,0.6817792523995269,OVL-a092fb5ee687,15301,PAL,30,selection,3,1000000.0,,True
15.854979297499018,94.34476644302495,True,0.8858218318695106,0,0,2,0.075,0.05,0.04281345353132224,1.704576274499281,2.1522252677225606,-3.5930510839466403,-43.265923550358664,102.59673288417949,0.075,0.05,610,0,2,0.6817792523995269,OVL-7290202f6b31,15301,PAL,30,selection,3,1000000.0,,True
15.854979297499018,94.34476644302495,True,0.8858218318695106,0,0,2,0.075,0.05,0.04281345353132224,1.704576274499281,2.1522252677225606,-3.5930510839466403,-43.265923550358664,102.59673288417949,0.075,0.05,610,0,2,0.6817792523995269,OVL-b3c387f285d9,15301,PAL,30,selection,3,1000000.0,,True
15.854979297499018,94.34476644302495,True,0.8858218318695106,0,0,2,0.075,0.05,0.04281345353132224,1.704576274499281,2.1522252677225606,-3.5930510839466403,-43.265923550358664,102.59673288417949,0.075,0.05,610,0,2,0.6817792523995269,OVL-901ae4d630ce,15301,PAL,30,selection,3,1000000.0,,True
15.854996575173114,94.34465010099048,True,0.8858218318695106,0,0,2,0.075,0.05,0.04281345353132224,1.7048058373192083,2.1522252677225606,-3.5930510839466403,-43.265923550358664,102.59673288417949,0.075,0.05,610,0,2,0.6817800238595013,OVL-e5a837b8b184,15301,PAL,30,selection,3,1000000.0,,True
15.854996575173114,94.34465010099048,True,0.8858218318695106,0,0,2,0.075,0.05,0.04281345353132224,1.7048058373192083,2.1522252677225606,-3.5930510839466403,-43.265923550358664,102.59673288417949,0.075,0.05,610,0,2,0.6817800238595013,OVL-31235ba5d444,15301,PAL,30,selection,3,1000000.0,,True
15.854996575173114,94.34465010099048,True,0.8858218318695106,0,0,2,0.075,0.05,0.04281345353132224,1.7048058373192083,2.1522252677225606,-3.5930510839466403,-43.265923550358664,102.59673288417949,0.075,0.05,610,0,2,0.6817800238595013,OVL-deee15113bc3,15301,PAL,30,selection,3,1000000.0,,True
5.2438100416501445,80.79373150811912,True,66.08347608281377,499,12,0,2.025,2.025,3.5060789046617713,16.922610342624296,5.0426898373412365,-13.693453250851691,-81.71093748094165,144.73877869868608,1.045,1000000.0,506,219,2,0.24517619680030814,OVP56,15301,NTSC,4,selection,3,1000000.0,,False
4.981695180687057,84.94383437535399,True,62.4640617520705,486,12,0,2.025,2.025,3.4773553169039255,11.137859298831398,2.880352792726906,-12.679913457782819,-92.08999763831461,149.33558291874752,1.7075000000000002,1000000.0,506,70,2,0.24260007473892964,VLP56,15301,NTSC,4,selection,3,1000000.0,,False
-6.6591292203520585,-83.24674152715863,False,597.0114430391942,506,12,0,2.025,2.025,1000000.0,88.57615655660358,22.188677795042953,-156.69546314896644,-74.74670691004216,134.71166178308442,1000000.0,1000000.0,506,506,2,-0.20122427779206548,PLL96-rejected-board,15301,NTSC,4,selection,3,1000000.0,,False
7.975012348418127,92.63313032752828,True,17.93224492499255,351,9,0,2.025,2.025,3.401600666858794,10.828018831624902,0.06732583708159762,-4.128665181791291,-75.54588399942548,134.56668309011798,1.9224999999999988,1.925,506,11,2,0.19951835453922565,PLL96-IQ-corrected,15301,NTSC,4,selection,3,1000000.0,,False
10.365667879038895,95.80135069236255,True,2.4061691859817502,125,3,0,2.025,2.025,3.1552031247655328,2.6017304196796944,1.2905228519975214,-2.6083847412566303,-75.5559047210615,136.50788463771505,1.875,0.59,506,5,2,0.45332872688956705,floating-PLL-IQ40,15301,NTSC,4,selection,3,1000000.0,,False
3.3238050333275493,42.6705770141107,True,130.21763149259257,506,12,0,2.025,2.025,1000000.0,49.36653539261545,27.355648279940336,-28.80095736414777,-74.75278041978173,123.07311187088544,1000000.0,1000000.0,506,506,2,0.17237476706519328,HC50,15301,NTSC,4,selection,3,1000000.0,,False
6.022469857840809,91.03387125699369,True,40.50071199125741,60,1,0,2.025,1.8324999999999998,2.8942676645226415,3.3618675130945337,-2.1179813806315275,-13.97257561463575,-82.48619219895767,127.70435108979089,1.775,1.5,506,2,2,0.18894390234852354,PLL96-board-fixed,15301,NTSC,4,selection,3,1000000.0,,False
5.736306319458081,89.95961715019587,True,40.1319215936562,24,1,0,2.0,1.6262499999999995,2.595380211834752,7.564952135015299,1.2739294698952535,-10.71913398587794,-81.314018789469,135.7775412772718,1.45,0.8,506,1,2,0.22723627051950915,OVL-35cadc936c96,15301,NTSC,4,selection,3,1000000.0,,False
5.736306319458081,89.95961715019587,True,40.1319215936562,24,1,0,2.0,1.6262499999999995,2.595380211834752,7.564952135015299,1.2739294698952535,-10.71913398587794,-81.314018789469,135.7775412772718,1.45,0.8,506,1,2,0.22723627051950915,OVL-acfd7d82f23b,15301,NTSC,4,selection,3,1000000.0,,False
5.736306319458081,89.95961715019587,True,40.1319215936562,24,1,0,2.0,1.6262499999999995,2.595380211834752,7.564952135015299,1.2739294698952535,-10.71913398587794,-81.314018789469,135.7775412772718,1.45,0.8,506,1,2,0.22723627051950915,OVL-149a41d10828,15301,NTSC,4,selection,3,1000000.0,,False
5.736306319458081,89.95961715019587,True,40.1319215936562,24,1,0,2.0,1.6262499999999995,2.595380211834752,7.564952135015299,1.2739294698952535,-10.71913398587794,-81.314018789469,135.7775412772718,1.45,0.8,506,1,2,0.22723627051950915,OVL-a9442d9912fb,15301,NTSC,4,selection,3,1000000.0,,False
5.736306319458081,89.95961715019587,True,40.1319215936562,24,1,0,2.0,1.6262499999999995,2.595380211834752,7.564952135015299,1.2739294698952535,-10.71913398587794,-81.314018789469,135.7775412772718,1.45,0.8,506,1,2,0.22723627051950915,OVL-40bd729d0198,15301,NTSC,4,selection,3,1000000.0,,False
5.736306319458081,89.95961715019587,True,40.1319215936562,24,1,0,2.0,1.6262499999999995,2.595380211834752,7.564952135015299,1.2739294698952535,-10.71913398587794,-81.314018789469,135.7775412772718,1.45,0.8,506,1,2,0.22723627051950915,OVL-ebbacb3667c2,15301,NTSC,4,selection,3,1000000.0,,False
5.736306319458081,89.95961715019587,True,40.1319215936562,24,1,0,2.0,1.6262499999999995,2.595380211834752,7.564952135015299,1.2739294698952535,-10.71913398587794,-81.314018789469,135.7775412772718,1.45,0.8,506,1,2,0.22723627051950915,OVL-322936f8789f,15301,NTSC,4,selection,3,1000000.0,,False
5.736306319458081,89.95961715019587,True,40.1319215936562,24,1,0,2.0,1.6262499999999995,2.595380211834752,7.564952135015299,1.2739294698952535,-10.71913398587794,-81.314018789469,135.7775412772718,1.45,0.8,506,1,2,0.22723627051950915,OVL-a9a92a1f4710,15301,NTSC,4,selection,3,1000000.0,,False
5.736329600926357,89.95816993903262,True,40.1319215936562,24,1,0,2.0,1.6262499999999995,2.5954449106525774,7.568229286241526,1.2743859946680853,-10.718870418807375,-81.314018789469,135.7775412772718,1.45,0.8,506,1,2,0.22722804652352968,OVL-4c5ff1ec8efe,15301,NTSC,4,selection,3,1000000.0,,False
5.736329600926357,89.95816993903262,True,40.1319215936562,24,1,0,2.0,1.6262499999999995,2.5954449106525774,7.568229286241526,1.2743859946680853,-10.718870418807375,-81.314018789469,135.7775412772718,1.45,0.8,506,1,2,0.22722804652352968,OVL-a092fb5ee687,15301,NTSC,4,selection,3,1000000.0,,False
5.736329600926357,89.95816993903262,True,40.1319215936562,24,1,0,2.0,1.6262499999999995,2.5954449106525774,7.568229286241526,1.2743859946680853,-10.718870418807375,-81.314018789469,135.7775412772718,1.45,0.8,506,1,2,0.22722804652352968,OVL-7290202f6b31,15301,NTSC,4,selection,3,1000000.0,,False
5.736329600926357,89.95816993903262,True,40.1319215936562,24,1,0,2.0,1.6262499999999995,2.5954449106525774,7.568229286241526,1.2743859946680853,-10.718870418807375,-81.314018789469,135.7775412772718,1.45,0.8,506,1,2,0.22722804652352968,OVL-b3c387f285d9,15301,NTSC,4,selection,3,1000000.0,,False
5.736329600926357,89.95816993903262,True,40.1319215936562,24,1,0,2.0,1.6262499999999995,2.5954449106525774,7.568229286241526,1.2743859946680853,-10.718870418807375,-81.314018789469,135.7775412772718,1.45,0.8,506,1,2,0.22722804652352968,OVL-901ae4d630ce,15301,NTSC,4,selection,3,1000000.0,,False
5.736746623649008,89.94225889963805,True,40.11912682475983,24,1,0,2.0,1.6262499999999995,2.596980721779545,7.606034420224938,1.2773836510901468,-10.718330800401901,-81.314018789469,135.7775412772718,1.45,0.8,506,1,2,0.22722708382997622,OVL-e5a837b8b184,15301,NTSC,4,selection,3,1000000.0,,False
5.736746623649008,89.94225889963805,True,40.11912682475983,24,1,0,2.0,1.6262499999999995,2.596980721779545,7.606034420224938,1.2773836510901468,-10.718330800401901,-81.314018789469,135.7775412772718,1.45,0.8,506,1,2,0.22722708382997622,OVL-31235ba5d444,15301,NTSC,4,selection,3,1000000.0,,False
5.736746623649008,89.94225889963805,True,40.11912682475983,24,1,0,2.0,1.6262499999999995,2.596980721779545,7.606034420224938,1.2773836510901468,-10.718330800401901,-81.314018789469,135.7775412772718,1.45,0.8,506,1,2,0.22722708382997622,OVL-deee15113bc3,15301,NTSC,4,selection,3,1000000.0,,False
7.640880040816473,87.94275464515793,True,23.04488404928846,454,10,0,2.025,2.025,3.4458360462581945,10.911456605607379,2.6852512735486433,-9.189860657933206,-79.6333673067398,140.23537264780958,1.8224999999999998,0.26749999999999996,506,49,2,0.33413956571783887,OVP56,15301,NTSC,6,selection,3,1000000.0,,False
7.658902763510711,91.30947235263734,True,20.455072297970602,388,10,0,2.025,2.025,3.419831712332928,6.792858482427539,1.3980555505124808,-7.626233628446576,-82.48199252223172,143.52152973463706,1.95,1.9137499999999998,506,18,2,0.3384302915300452,VLP56,15301,NTSC,6,selection,3,1000000.0,,False
-6.616344459609088,-82.98891003976978,False,591.3734657566825,506,12,0,2.025,2.025,1000000.0,86.79944280100112,23.064699237442376,-157.23760095901832,-73.18423585400626,131.3999846059919,1000000.0,1000000.0,506,506,2,-0.25015228952180985,PLL96-rejected-board,15301,NTSC,6,selection,3,1000000.0,,False
9.087702011656537,93.74381780944694,True,7.992214759443292,394,11,0,2.025,2.025,3.5107138315651505,12.294624348860498,-0.8766528906524246,-3.0069300840423767,-73.22681070184842,133.21184291223676,1.8612499999999996,1.175,506,35,2,0.25048877557809984,PLL96-IQ-corrected,15301,NTSC,6,selection,3,1000000.0,,False
12.245670870415122,95.96043046224196,True,0.3341692582345627,33,1,0,2.025,1.5987499999999994,2.713884996807809,2.2466363744006603,1.4467089625889773,-2.014032947947757,-72.21041025852738,130.37789512623885,1.575,0.875,506,2,2,0.548789729423332,floating-PLL-IQ40,15301,NTSC,6,selection,3,1000000.0,,False
3.975072802691541,44.3570811269868,True,106.87094142404273,506,12,0,2.025,2.025,1000000.0,48.98409903650501,27.30593618065963,-26.452012978813148,-66.97535070870354,116.61715041910317,1000000.0,1000000.0,506,506,2,0.2530313666107251,HC50,15301,NTSC,6,selection,3,1000000.0,,False
8.865460423891241,95.8377247724445,True,13.0469011069733,12,0,0,1.625,1.2949999999999993,2.2736718661805027,0.44602285105045064,-2.9683615608612457,-9.915824658762482,-80.51529616555457,121.99964336091558,1.283749999999999,1.2949999999999993,506,2,2,0.27863966717365457,PLL96-board-fixed,15301,NTSC,6,selection,3,1000000.0,,False
8.637541404841231,94.54936139259617,True,12.746600354640888,0,1,2,0.86875,1.0624999999999987,1.6363422950957929,3.032553928625446,1.3356268378584297,-4.666089251205898,-72.97899448160821,133.9134571421198,0.86875,0.2375,506,0,2,0.3234393952518838,OVL-35cadc936c96,15301,NTSC,6,selection,3,1000000.0,,False
8.637541404841231,94.54936139259617,True,12.746600354640888,0,1,2,0.86875,1.0624999999999987,1.6363422950957929,3.032553928625446,1.3356268378584297,-4.666089251205898,-72.97899448160821,133.9134571421198,0.86875,0.2375,506,0,2,0.3234393952518838,OVL-acfd7d82f23b,15301,NTSC,6,selection,3,1000000.0,,False
8.637541404841231,94.54936139259617,True,12.746600354640888,0,1,2,0.86875,1.0624999999999987,1.6363422950957929,3.032553928625446,1.3356268378584297,-4.666089251205898,-72.97899448160821,133.9134571421198,0.86875,0.2375,506,0,2,0.3234393952518838,OVL-149a41d10828,15301,NTSC,6,selection,3,1000000.0,,False
8.637541404841231,94.54936139259617,True,12.746600354640888,0,1,2,0.86875,1.0624999999999987,1.6363422950957929,3.032553928625446,1.3356268378584297,-4.666089251205898,-72.97899448160821,133.9134571421198,0.86875,0.2375,506,0,2,0.3234393952518838,OVL-a9442d9912fb,15301,NTSC,6,selection,3,1000000.0,,False
8.637541404841231,94.54936139259617,True,12.746600354640888,0,1,2,0.86875,1.0624999999999987,1.6363422950957929,3.032553928625446,1.3356268378584297,-4.666089251205898,-72.97899448160821,133.9134571421198,0.86875,0.2375,506,0,2,0.3234393952518838,OVL-40bd729d0198,15301,NTSC,6,selection,3,1000000.0,,False
8.637541404841231,94.54936139259617,True,12.746600354640888,0,1,2,0.86875,1.0624999999999987,1.6363422950957929,3.032553928625446,1.3356268378584297,-4.666089251205898,-72.97899448160821,133.9134571421198,0.86875,0.2375,506,0,2,0.3234393952518838,OVL-ebbacb3667c2,15301,NTSC,6,selection,3,1000000.0,,False
8.637541404841231,94.54936139259617,True,12.746600354640888,0,1,2,0.86875,1.0624999999999987,1.6363422950957929,3.032553928625446,1.3356268378584297,-4.666089251205898,-72.97899448160821,133.9134571421198,0.86875,0.2375,506,0,2,0.3234393952518838,OVL-322936f8789f,15301,NTSC,6,selection,3,1000000.0,,False
8.637541404841231,94.54936139259617,True,12.746600354640888,0,1,2,0.86875,1.0624999999999987,1.6363422950957929,3.032553928625446,1.3356268378584297,-4.666089251205898,-72.97899448160821,133.9134571421198,0.86875,0.2375,506,0,2,0.3234393952518838,OVL-a9a92a1f4710,15301,NTSC,6,selection,3,1000000.0,,False
8.63861130411981,94.55143852072695,True,12.740579286924952,0,1,2,0.86875,1.0624999999999987,1.6362237808043143,3.0265484703820342,1.335854186574106,-4.666089251205898,-72.97899448160821,133.9134571421198,0.86875,0.2375,506,0,2,0.3234758223271206,OVL-4c5ff1ec8efe,15301,NTSC,6,selection,3,1000000.0,,False
8.63861130411981,94.55143852072695,True,12.740579286924952,0,1,2,0.86875,1.0624999999999987,1.6362237808043143,3.0265484703820342,1.335854186574106,-4.666089251205898,-72.97899448160821,133.9134571421198,0.86875,0.2375,506,0,2,0.3234758223271206,OVL-a092fb5ee687,15301,NTSC,6,selection,3,1000000.0,,False
8.63861130411981,94.55143852072695,True,12.740579286924952,0,1,2,0.86875,1.0624999999999987,1.6362237808043143,3.0265484703820342,1.335854186574106,-4.666089251205898,-72.97899448160821,133.9134571421198,0.86875,0.2375,506,0,2,0.3234758223271206,OVL-7290202f6b31,15301,NTSC,6,selection,3,1000000.0,,False
8.63861130411981,94.55143852072695,True,12.740579286924952,0,1,2,0.86875,1.0624999999999987,1.6362237808043143,3.0265484703820342,1.335854186574106,-4.666089251205898,-72.97899448160821,133.9134571421198,0.86875,0.2375,506,0,2,0.3234758223271206,OVL-b3c387f285d9,15301,NTSC,6,selection,3,1000000.0,,False
8.63861130411981,94.55143852072695,True,12.740579286924952,0,1,2,0.86875,1.0624999999999987,1.6362237808043143,3.0265484703820342,1.335854186574106,-4.666089251205898,-72.97899448160821,133.9134571421198,0.86875,0.2375,506,0,2,0.3234758223271206,OVL-901ae4d630ce,15301,NTSC,6,selection,3,1000000.0,,False
8.637479612884913,94.52953459024752,True,12.741331920389444,0,1,2,0.86875,1.0624999999999987,1.6372459673816606,3.083356502830645,1.3372005991331055,-4.666043061960019,-72.97899448160821,133.9134571421198,0.86875,0.2375,506,0,2,0.323407467944586,OVL-e5a837b8b184,15301,NTSC,6,selection,3,1000000.0,,False
8.637479612884913,94.52953459024752,True,12.741331920389444,0,1,2,0.86875,1.0624999999999987,1.6372459673816606,3.083356502830645,1.3372005991331055,-4.666043061960019,-72.97899448160821,133.9134571421198,0.86875,0.2375,506,0,2,0.323407467944586,OVL-31235ba5d444,15301,NTSC,6,selection,3,1000000.0,,False
8.637479612884913,94.52953459024752,True,12.741331920389444,0,1,2,0.86875,1.0624999999999987,1.6372459673816606,3.083356502830645,1.3372005991331055,-4.666043061960019,-72.97899448160821,133.9134571421198,0.86875,0.2375,506,0,2,0.323407467944586,OVL-deee15113bc3,15301,NTSC,6,selection,3,1000000.0,,False
9.668451590790191,91.62368002963444,True,5.744851234469409,329,9,0,2.025,2.025,3.3588833646953447,7.324459191013889,1.8636819273859968,-6.592753624179185,-75.31643344922144,136.95651544233573,1.875,1.7224999999999997,506,14,2,0.4190755188878582,OVP56,15301,NTSC,8,selection,3,1000000.0,,False
9.794902458027346,94.01490435879742,True,4.749117160946151,223,8,0,2.025,2.025,3.2179305922937163,4.635187778716205,1.091925336500583,-5.16160702561688,-74.9189868084766,141.68362544447643,1.725,0.25249999999999995,506,6,2,0.4265791327694236,VLP56,15301,NTSC,8,selection,3,1000000.0,,False
-6.560714038807461,-82.12413017271567,False,589.5483296052889,506,12,0,2.025,2.025,1000000.0,85.41617789984801,23.70154347935207,-156.70042564487375,-70.74222726031232,128.9841333703975,1000000.0,1000000.0,506,506,2,-0.2741625577597873,PLL96-rejected-board,15301,NTSC,8,selection,3,1000000.0,,False
9.331079532382585,94.16841743019549,True,5.867530489181647,427,11,0,2.025,2.025,3.575276611410824,13.948967308690934,-1.1316527549115571,-2.6385025398451396,-69.15503398473435,125.95284141690676,1.7624999999999993,1.5,506,24,2,0.2761642236348698,PLL96-IQ-corrected,15301,NTSC,8,selection,3,1000000.0,,False
14.032189070335413,95.73033918630168,True,0.03838430668910518,0,0,1,0.95,0.2099999999999998,2.0631100127965025,2.338102160731271,1.7813906109610622,-1.7843840351288722,-69.76695897901077,131.056212759762,0.95,0.2099999999999998,506,0,2,0.6363207542736814,floating-PLL-IQ40,15301,NTSC,8,selection,3,1000000.0,,False
4.193585102518611,44.516793089852555,True,98.39929914771785,506,12,0,2.025,2.025,1000000.0,49.180073635853134,27.398410950931446,-25.846308030223906,-58.129020296947104,116.3516527128278,1000000.0,1000000.0,506,506,2,0.32648156201403744,HC50,15301,NTSC,8,selection,3,1000000.0,,False
10.53939495511177,97.72356037455883,True,5.377566103797187,7,0,0,1.1125,0.85625,2.170168602557657,0.4538177791155306,-2.9111792365128806,-7.382898164001312,-78.63850819555275,117.88383952648122,1.025,0.85625,506,1,2,0.3442663561738702,PLL96-board-fixed,15301,NTSC,8,selection,3,1000000.0,,False
10.851464749890019,95.29771683725805,True,3.6126406295628404,0,0,2,0.15,0.17249999999999996,0.7053683196764383,2.109538025225198,1.813825663277533,-2.9111985836872214,-70.39884462633295,126.43824135527048,0.15,0.17249999999999996,506,0,2,0.4156506822354267,OVL-35cadc936c96,15301,NTSC,8,selection,3,1000000.0,,False
10.851464749890019,95.29771683725805,True,3.6126406295628404,0,0,2,0.15,0.17249999999999996,0.7053683196764383,2.109538025225198,1.813825663277533,-2.9111985836872214,-70.39884462633295,126.43824135527048,0.15,0.17249999999999996,506,0,2,0.4156506822354267,OVL-acfd7d82f23b,15301,NTSC,8,selection,3,1000000.0,,False
10.851464749890019,95.29771683725805,True,3.6126406295628404,0,0,2,0.15,0.17249999999999996,0.7053683196764383,2.109538025225198,1.813825663277533,-2.9111985836872214,-70.39884462633295,126.43824135527048,0.15,0.17249999999999996,506,0,2,0.4156506822354267,OVL-149a41d10828,15301,NTSC,8,selection,3,1000000.0,,False
10.851464749890019,95.29771683725805,True,3.6126406295628404,0,0,2,0.15,0.17249999999999996,0.7053683196764383,2.109538025225198,1.813825663277533,-2.9111985836872214,-70.39884462633295,126.43824135527048,0.15,0.17249999999999996,506,0,2,0.4156506822354267,OVL-a9442d9912fb,15301,NTSC,8,selection,3,1000000.0,,False
10.851464749890019,95.29771683725805,True,3.6126406295628404,0,0,2,0.15,0.17249999999999996,0.7053683196764383,2.109538025225198,1.813825663277533,-2.9111985836872214,-70.39884462633295,126.43824135527048,0.15,0.17249999999999996,506,0,2,0.4156506822354267,OVL-40bd729d0198,15301,NTSC,8,selection,3,1000000.0,,False
10.851464749890019,95.29771683725805,True,3.6126406295628404,0,0,2,0.15,0.17249999999999996,0.7053683196764383,2.109538025225198,1.813825663277533,-2.9111985836872214,-70.39884462633295,126.43824135527048,0.15,0.17249999999999996,506,0,2,0.4156506822354267,OVL-ebbacb3667c2,15301,NTSC,8,selection,3,1000000.0,,False
10.851464749890019,95.29771683725805,True,3.6126406295628404,0,0,2,0.15,0.17249999999999996,0.7053683196764383,2.109538025225198,1.813825663277533,-2.9111985836872214,-70.39884462633295,126.43824135527048,0.15,0.17249999999999996,506,0,2,0.4156506822354267,OVL-322936f8789f,15301,NTSC,8,selection,3,1000000.0,,False
10.851464749890019,95.29771683725805,True,3.6126406295628404,0,0,2,0.15,0.17249999999999996,0.7053683196764383,2.109538025225198,1.813825663277533,-2.9111985836872214,-70.39884462633295,126.43824135527048,0.15,0.17249999999999996,506,0,2,0.4156506822354267,OVL-a9a92a1f4710,15301,NTSC,8,selection,3,1000000.0,,False
10.85145627429402,95.2975507629132,True,3.6126406295628404,0,0,2,0.15,0.17249999999999996,0.7053683196764383,2.109994921149426,1.813825663277533,-2.9111985836872214,-70.39884462633295,126.43824135527048,0.15,0.17249999999999996,506,0,2,0.4156508102562358,OVL-4c5ff1ec8efe,15301,NTSC,8,selection,3,1000000.0,,False
10.85145627429402,95.2975507629132,True,3.6126406295628404,0,0,2,0.15,0.17249999999999996,0.7053683196764383,2.109994921149426,1.813825663277533,-2.9111985836872214,-70.39884462633295,126.43824135527048,0.15,0.17249999999999996,506,0,2,0.4156508102562358,OVL-a092fb5ee687,15301,NTSC,8,selection,3,1000000.0,,False
10.85145627429402,95.2975507629132,True,3.6126406295628404,0,0,2,0.15,0.17249999999999996,0.7053683196764383,2.109994921149426,1.813825663277533,-2.9111985836872214,-70.39884462633295,126.43824135527048,0.15,0.17249999999999996,506,0,2,0.4156508102562358,OVL-7290202f6b31,15301,NTSC,8,selection,3,1000000.0,,False
10.85145627429402,95.2975507629132,True,3.6126406295628404,0,0,2,0.15,0.17249999999999996,0.7053683196764383,2.109994921149426,1.813825663277533,-2.9111985836872214,-70.39884462633295,126.43824135527048,0.15,0.17249999999999996,506,0,2,0.4156508102562358,OVL-b3c387f285d9,15301,NTSC,8,selection,3,1000000.0,,False
10.85145627429402,95.2975507629132,True,3.6126406295628404,0,0,2,0.15,0.17249999999999996,0.7053683196764383,2.109994921149426,1.813825663277533,-2.9111985836872214,-70.39884462633295,126.43824135527048,0.15,0.17249999999999996,506,0,2,0.4156508102562358,OVL-901ae4d630ce,15301,NTSC,8,selection,3,1000000.0,,False
10.85086035345974,95.27749688074546,True,3.6133932630273327,0,0,2,0.15,0.17249999999999996,0.7055390322915922,2.163130519696743,1.8140520155618591,-2.911194034268301,-70.39884462633295,126.43824135527056,0.15,0.17249999999999996,506,0,2,0.4155975119214157,OVL-e5a837b8b184,15301,NTSC,8,selection,3,1000000.0,,False
10.85086035345974,95.27749688074546,True,3.6133932630273327,0,0,2,0.15,0.17249999999999996,0.7055390322915922,2.163130519696743,1.8140520155618591,-2.911194034268301,-70.39884462633295,126.43824135527056,0.15,0.17249999999999996,506,0,2,0.4155975119214157,OVL-31235ba5d444,15301,NTSC,8,selection,3,1000000.0,,False
10.85086035345974,95.27749688074546,True,3.6133932630273327,0,0,2,0.15,0.17249999999999996,0.7055390322915922,2.163130519696743,1.8140520155618591,-2.911194034268301,-70.39884462633295,126.43824135527056,0.15,0.17249999999999996,506,0,2,0.4155975119214157,OVL-deee15113bc3,15301,NTSC,8,selection,3,1000000.0,,False
11.28400839372597,93.85231393023486,True,1.5428986022091298,133,2,0,2.025,2.025,3.08596369338495,4.836687741541944,1.5098903373028787,-4.751402514654523,-68.35932904702231,131.634088055978,1.775,1.8212499999999998,506,5,2,0.49227132680609376,OVP56,15301,NTSC,10,selection,3,1000000.0,,False
11.420831259949962,95.42044367977856,True,1.322376997112898,51,1,0,2.025,1.9425,2.876982593995634,3.1545446446999357,1.0617226802324546,-3.6921842258751547,-68.3165462693268,134.14642079843804,1.632499999999999,1.7,506,3,2,0.49970987144657925,VLP56,15301,NTSC,10,selection,3,1000000.0,,False
-6.534913015989858,-81.53906688463684,False,588.9710597380233,506,12,0,2.025,2.025,1000000.0,84.36929410719635,23.929509962188533,-156.3799852668454,-70.28183174715068,85.543037034131,1000000.0,1000000.0,506,506,2,-0.2876173032471843,PLL96-rejected-board,15301,NTSC,10,selection,3,1000000.0,,False
9.310185077519865,94.79323301921484,True,5.656793119123814,434,12,0,2.025,2.025,3.604537553171311,14.925446345190819,-1.3985246859277587,-2.3842063033286105,-54.969495745269995,123.22128924601671,1.8225000000000002,1000000.0,506,24,2,0.2909464854921834,PLL96-IQ-corrected,15301,NTSC,10,selection,3,1000000.0,,False
15.66615844884115,95.77804095667766,True,0.006773701180430325,0,0,2,0.075,0.075,1.1154734987807704,2.1970041232660757,1.8808937496036167,-1.6182460773199108,-65.86391133299809,126.26575852513557,0.075,0.075,506,0,2,0.712547027573897,floating-PLL-IQ40,15301,NTSC,10,selection,3,1000000.0,,False
4.278018390259398,44.463988407454075,True,95.51520771178353,506,12,0,2.025,2.025,1000000.0,49.20299763551714,27.401169863068834,-25.778670148307523,-15.39073511070385,97.6516870051091,1000000.0,1000000.0,506,506,2,0.38312717231874643,HC50,15301,NTSC,10,selection,3,1000000.0,,False
11.257110354096874,98.44144353183847,True,3.9565941228358024,7,1,0,1.325,1.254999999999999,2.1565072564436663,1.4078446137746847,-2.831731335490324,-5.7730239837829025,-67.61495452670056,113.35709907559107,1.1799999999999984,0.575,506,1,2,0.3805075138133652,PLL96-board-fixed,15301,NTSC,10,selection,3,1000000.0,,False
12.314270352895964,95.27325188318507,True,1.5474144029960832,0,0,2,0.125,0.17249999999999996,0.24950791491402252,1.9045338959445424,2.0710126724260682,-2.5898933766005072,-55.26296272523873,116.66879789968357,0.125,0.17249999999999996,506,0,2,0.4880317971237934,OVL-35cadc936c96,15301,NTSC,10,selection,3,1000000.0,,True
12.314270352895964,95.27325188318507,True,1.5474144029960832,0,0,2,0.125,0.17249999999999996,0.24950791491402252,1.9045338959445424,2.0710126724260682,-2.5898933766005072,-55.26296272523873,116.66879789968357,0.125,0.17249999999999996,506,0,2,0.4880317971237934,OVL-acfd7d82f23b,15301,NTSC,10,selection,3,1000000.0,,True
12.314270352895964,95.27325188318507,True,1.5474144029960832,0,0,2,0.125,0.17249999999999996,0.24950791491402252,1.9045338959445424,2.0710126724260682,-2.5898933766005072,-55.26296272523873,116.66879789968357,0.125,0.17249999999999996,506,0,2,0.4880317971237934,OVL-149a41d10828,15301,NTSC,10,selection,3,1000000.0,,True
12.314270352895964,95.27325188318507,True,1.5474144029960832,0,0,2,0.125,0.17249999999999996,0.24950791491402252,1.9045338959445424,2.0710126724260682,-2.5898933766005072,-55.26296272523873,116.66879789968357,0.125,0.17249999999999996,506,0,2,0.4880317971237934,OVL-a9442d9912fb,15301,NTSC,10,selection,3,1000000.0,,True
12.314270352895964,95.27325188318507,True,1.5474144029960832,0,0,2,0.125,0.17249999999999996,0.24950791491402252,1.9045338959445424,2.0710126724260682,-2.5898933766005072,-55.26296272523873,116.66879789968357,0.125,0.17249999999999996,506,0,2,0.4880317971237934,OVL-40bd729d0198,15301,NTSC,10,selection,3,1000000.0,,True
12.314270352895964,95.27325188318507,True,1.5474144029960832,0,0,2,0.125,0.17249999999999996,0.24950791491402252,1.9045338959445424,2.0710126724260682,-2.5898933766005072,-55.26296272523873,116.66879789968357,0.125,0.17249999999999996,506,0,2,0.4880317971237934,OVL-ebbacb3667c2,15301,NTSC,10,selection,3,1000000.0,,True
12.314270352895964,95.27325188318507,True,1.5474144029960832,0,0,2,0.125,0.17249999999999996,0.24950791491402252,1.9045338959445424,2.0710126724260682,-2.5898933766005072,-55.26296272523873,116.66879789968357,0.125,0.17249999999999996,506,0,2,0.4880317971237934,OVL-322936f8789f,15301,NTSC,10,selection,3,1000000.0,,True
12.314270352895964,95.27325188318507,True,1.5474144029960832,0,0,2,0.125,0.17249999999999996,0.24950791491402252,1.9045338959445424,2.0710126724260682,-2.5898933766005072,-55.26296272523873,116.66879789968357,0.125,0.17249999999999996,506,0,2,0.4880317971237934,OVL-a9a92a1f4710,15301,NTSC,10,selection,3,1000000.0,,True
12.314270352895964,95.27325188318507,True,1.5474144029960832,0,0,2,0.125,0.17249999999999996,0.24950791491402252,1.9045338959445424,2.0710126724260682,-2.5898933766005072,-55.26296272523873,116.66879789968357,0.125,0.17249999999999996,506,0,2,0.4880317971237934,OVL-4c5ff1ec8efe,15301,NTSC,10,selection,3,1000000.0,,True
12.314270352895964,95.27325188318507,True,1.5474144029960832,0,0,2,0.125,0.17249999999999996,0.24950791491402252,1.9045338959445424,2.0710126724260682,-2.5898933766005072,-55.26296272523873,116.66879789968357,0.125,0.17249999999999996,506,0,2,0.4880317971237934,OVL-a092fb5ee687,15301,NTSC,10,selection,3,1000000.0,,True
12.314270352895964,95.27325188318507,True,1.5474144029960832,0,0,2,0.125,0.17249999999999996,0.24950791491402252,1.9045338959445424,2.0710126724260682,-2.5898933766005072,-55.26296272523873,116.66879789968357,0.125,0.17249999999999996,506,0,2,0.4880317971237934,OVL-7290202f6b31,15301,NTSC,10,selection,3,1000000.0,,True
12.314270352895964,95.27325188318507,True,1.5474144029960832,0,0,2,0.125,0.17249999999999996,0.24950791491402252,1.9045338959445424,2.0710126724260682,-2.5898933766005072,-55.26296272523873,116.66879789968357,0.125,0.17249999999999996,506,0,2,0.4880317971237934,OVL-b3c387f285d9,15301,NTSC,10,selection,3,1000000.0,,True
12.314270352895964,95.27325188318507,True,1.5474144029960832,0,0,2,0.125,0.17249999999999996,0.24950791491402252,1.9045338959445424,2.0710126724260682,-2.5898933766005072,-55.26296272523873,116.66879789968357,0.125,0.17249999999999996,506,0,2,0.4880317971237934,OVL-901ae4d630ce,15301,NTSC,10,selection,3,1000000.0,,True
12.313302599209063,95.25430798091112,True,1.5474144029960832,0,0,2,0.125,0.17249999999999996,0.25002223221303843,1.9551153085807693,2.0710126724260682,-2.589893376600507,-55.262962725238765,116.66879789968357,0.125,0.17249999999999996,506,0,2,0.4879710021844267,OVL-e5a837b8b184,15301,NTSC,10,selection,3,1000000.0,,False
12.313302599209063,95.25430798091112,True,1.5474144029960832,0,0,2,0.125,0.17249999999999996,0.25002223221303843,1.9551153085807693,2.0710126724260682,-2.589893376600507,-55.262962725238765,116.66879789968357,0.125,0.17249999999999996,506,0,2,0.4879710021844267,OVL-31235ba5d444,15301,NTSC,10,selection,3,1000000.0,,False
12.313302599209063,95.25430798091112,True,1.5474144029960832,0,0,2,0.125,0.17249999999999996,0.25002223221303843,1.9551153085807693,2.0710126724260682,-2.589893376600507,-55.262962725238765,116.66879789968357,0.125,0.17249999999999996,506,0,2,0.4879710021844267,OVL-deee15113bc3,15301,NTSC,10,selection,3,1000000.0,,False
13.638756588477241,96.40034569582443,True,0.6028594050582989,2,0,0,0.95,0.22124999999999978,1.93194351728208,1.7086472944956146,1.091629280947711,-2.550508131445499,-64.34088096895456,126.70351261607951,0.95,0.22124999999999978,506,1,2,0.6054576730547537,OVP56,15301,NTSC,14,selection,3,1000000.0,,False
13.803180642220145,96.86156070718545,True,0.5847962019104848,0,0,2,0.71875,0.05,1.443955046353358,1.3292403681788392,1.0673445875437042,-2.08701437026789,-62.48545770441132,127.264048225551,0.71875,0.05,506,0,2,0.61348022249343,VLP56,15301,NTSC,14,selection,3,1000000.0,,False
-6.5304907814775035,-81.19078045443207,False,589.149433869108,506,12,0,2.025,2.025,1000000.0,83.36443696231613,23.83682148008456,-156.30046737393002,-69.63716500717008,78.26470201488587,1000000.0,1000000.0,506,506,2,-0.30113184973323526,PLL96-rejected-board,15301,NTSC,14,selection,3,1000000.0,,False
9.180126223747298,96.05014640379635,True,5.747861768327377,452,9,0,2.025,2.025,3.6389880181578365,15.776001381092138,-1.546743796670664,-1.9254147827035877,-55.03134252501209,121.58006112472549,1.8674999999999997,1.025,506,29,2,0.30902062215039183,PLL96-IQ-corrected,15301,NTSC,14,selection,3,1000000.0,,False
18.465625395336637,96.19398164514587,True,0.0,0,0,2,0.025,0.036249999999999984,0.024651724278058583,1.7450523917933505,1.8028301305635723,-1.2983790683089054,-57.43753176772176,119.91431648142759,0.025,0.036249999999999984,506,0,2,0.8264922899961783,floating-PLL-IQ40,15301,NTSC,14,selection,3,1000000.0,,True
4.36747328289586,44.515199626135924,True,94.62258442289571,506,12,0,2.025,2.025,1000000.0,49.04108123603977,27.33867860052994,-25.706544845954518,-4.79765498786319,88.36499131960312,1000000.0,1000000.0,506,506,2,0.46807616671012914,HC50,15301,NTSC,14,selection,3,1000000.0,,False
11.833783356078788,98.44581255769559,True,3.568235255157797,11,0,0,1.5,1.0649999999999993,2.1374132388322464,3.623334063749726,-2.457105767360847,-3.763964683673515,-60.36430223793656,112.10686610257474,1.1399999999999977,1.064999999999999,506,1,2,0.41878696624290507,PLL96-board-fixed,15301,NTSC,14,selection,3,1000000.0,,False
14.178128387189448,95.15039182215727,True,0.9189654601450475,0,0,2,0.075,0.09749999999999996,0.04682350597149311,1.6644099057864947,2.150649906586569,-2.628229977502353,-49.35673073699146,110.96118801291175,0.075,0.09749999999999996,506,0,2,0.592349227836813,OVL-35cadc936c96,15301,NTSC,14,selection,3,1000000.0,,True
14.178128387189448,95.15039182215727,True,0.9189654601450475,0,0,2,0.075,0.09749999999999996,0.04682350597149311,1.6644099057864947,2.150649906586569,-2.628229977502353,-49.35673073699146,110.96118801291175,0.075,0.09749999999999996,506,0,2,0.592349227836813,OVL-acfd7d82f23b,15301,NTSC,14,selection,3,1000000.0,,True
14.178128387189448,95.15039182215727,True,0.9189654601450475,0,0,2,0.075,0.09749999999999996,0.04682350597149311,1.6644099057864947,2.150649906586569,-2.628229977502353,-49.35673073699146,110.96118801291175,0.075,0.09749999999999996,506,0,2,0.592349227836813,OVL-149a41d10828,15301,NTSC,14,selection,3,1000000.0,,True
14.178128387189448,95.15039182215727,True,0.9189654601450475,0,0,2,0.075,0.09749999999999996,0.04682350597149311,1.6644099057864947,2.150649906586569,-2.628229977502353,-49.35673073699146,110.96118801291175,0.075,0.09749999999999996,506,0,2,0.592349227836813,OVL-a9442d9912fb,15301,NTSC,14,selection,3,1000000.0,,True
14.178128387189448,95.15039182215727,True,0.9189654601450475,0,0,2,0.075,0.09749999999999996,0.04682350597149311,1.6644099057864947,2.150649906586569,-2.628229977502353,-49.35673073699146,110.96118801291175,0.075,0.09749999999999996,506,0,2,0.592349227836813,OVL-40bd729d0198,15301,NTSC,14,selection,3,1000000.0,,True
14.178128387189448,95.15039182215727,True,0.9189654601450475,0,0,2,0.075,0.09749999999999996,0.04682350597149311,1.6644099057864947,2.150649906586569,-2.628229977502353,-49.35673073699146,110.96118801291175,0.075,0.09749999999999996,506,0,2,0.592349227836813,OVL-ebbacb3667c2,15301,NTSC,14,selection,3,1000000.0,,True
14.178128387189448,95.15039182215727,True,0.9189654601450475,0,0,2,0.075,0.09749999999999996,0.04682350597149311,1.6644099057864947,2.150649906586569,-2.628229977502353,-49.35673073699146,110.96118801291175,0.075,0.09749999999999996,506,0,2,0.592349227836813,OVL-322936f8789f,15301,NTSC,14,selection,3,1000000.0,,True
14.178128387189448,95.15039182215727,True,0.9189654601450475,0,0,2,0.075,0.09749999999999996,0.04682350597149311,1.6644099057864947,2.150649906586569,-2.628229977502353,-49.35673073699146,110.96118801291175,0.075,0.09749999999999996,506,0,2,0.592349227836813,OVL-a9a92a1f4710,15301,NTSC,14,selection,3,1000000.0,,True
14.178128387189448,95.15039182215727,True,0.9189654601450475,0,0,2,0.075,0.09749999999999996,0.04682350597149311,1.6644099057864947,2.150649906586569,-2.628229977502353,-49.35673073699146,110.96118801291175,0.075,0.09749999999999996,506,0,2,0.592349227836813,OVL-4c5ff1ec8efe,15301,NTSC,14,selection,3,1000000.0,,True
14.178128387189448,95.15039182215727,True,0.9189654601450475,0,0,2,0.075,0.09749999999999996,0.04682350597149311,1.6644099057864947,2.150649906586569,-2.628229977502353,-49.35673073699146,110.96118801291175,0.075,0.09749999999999996,506,0,2,0.592349227836813,OVL-a092fb5ee687,15301,NTSC,14,selection,3,1000000.0,,True
14.178128387189448,95.15039182215727,True,0.9189654601450475,0,0,2,0.075,0.09749999999999996,0.04682350597149311,1.6644099057864947,2.150649906586569,-2.628229977502353,-49.35673073699146,110.96118801291175,0.075,0.09749999999999996,506,0,2,0.592349227836813,OVL-7290202f6b31,15301,NTSC,14,selection,3,1000000.0,,True
14.178128387189448,95.15039182215727,True,0.9189654601450475,0,0,2,0.075,0.09749999999999996,0.04682350597149311,1.6644099057864947,2.150649906586569,-2.628229977502353,-49.35673073699146,110.96118801291175,0.075,0.09749999999999996,506,0,2,0.592349227836813,OVL-b3c387f285d9,15301,NTSC,14,selection,3,1000000.0,,True
14.178128387189448,95.15039182215727,True,0.9189654601450475,0,0,2,0.075,0.09749999999999996,0.04682350597149311,1.6644099057864947,2.150649906586569,-2.628229977502353,-49.35673073699146,110.96118801291175,0.075,0.09749999999999996,506,0,2,0.592349227836813,OVL-901ae4d630ce,15301,NTSC,14,selection,3,1000000.0,,True
14.177047967087939,95.13714391780375,True,0.9189654601450475,0,0,2,0.075,0.09749999999999996,0.04682350597149311,1.6999488368701887,2.150649906586569,-2.628229977502353,-49.35673072943902,110.96118801291175,0.075,0.09749999999999996,506,0,2,0.5922903694935037,OVL-e5a837b8b184,15301,NTSC,14,selection,3,1000000.0,,True
14.177047967087939,95.13714391780375,True,0.9189654601450475,0,0,2,0.075,0.09749999999999996,0.04682350597149311,1.6999488368701887,2.150649906586569,-2.628229977502353,-49.35673072943902,110.96118801291175,0.075,0.09749999999999996,506,0,2,0.5922903694935037,OVL-31235ba5d444,15301,NTSC,14,selection,3,1000000.0,,True
14.177047967087939,95.13714391780375,True,0.9189654601450475,0,0,2,0.075,0.09749999999999996,0.04682350597149311,1.6999488368701887,2.150649906586569,-2.628229977502353,-49.35673072943902,110.96118801291175,0.075,0.09749999999999996,506,0,2,0.5922903694935037,OVL-deee15113bc3,15301,NTSC,14,selection,3,1000000.0,,True
15.06629724874731,97.24790791171931,True,0.5102854889257512,0,0,2,0.05,0.05,0.6063033522426802,0.596484899992453,0.9791748494605945,-1.712089333114481,-61.44597008394548,125.64852595497032,0.05,0.05,506,0,2,0.6736911639976857,OVP56,15301,NTSC,18,selection,3,1000000.0,,False
15.255607165223841,97.32665999048224,True,0.4801801503460609,0,0,2,0.05,0.2074999999999998,0.29652549897353175,0.6611453044146849,1.0915150416257458,-1.4836472933621496,-60.33319544117289,124.68713542132036,0.05,0.20749999999999974,506,0,2,0.6818914670940255,VLP56,15301,NTSC,18,selection,3,1000000.0,,False
-6.533596493529604,-81.17717505358276,False,589.2051287454805,506,12,0,2.025,2.025,1000000.0,83.51699655646763,23.473691832634135,-156.20214903993684,-68.96625778698674,75.69336789277429,1000000.0,1000000.0,506,506,2,-0.3062589387167128,PLL96-rejected-board,15301,NTSC,18,selection,3,1000000.0,,False
9.112380542060372,96.88530340966098,True,5.813340879738204,482,11,0,2.025,2.025,3.666813444031934,15.487907412684015,-1.2523132898741849,-1.7711997467103648,-55.16751163777885,118.13383550183511,1.8199999999999996,0.8,506,99,2,0.31638554828354226,PLL96-IQ-corrected,15301,NTSC,18,selection,3,1000000.0,,False
20.345395907256215,96.31076496514684,True,0.0,0,0,2,0.025,0.025,0.020035788138331633,1.6320765353460884,1.7653683738602353,-1.2093166342903425,-51.60026461656806,117.96963040574605,0.025,0.025,506,0,2,0.8872730875070766,floating-PLL-IQ40,15301,NTSC,18,selection,3,1000000.0,,True
4.396813099828289,44.48990397326038,True,94.52022627172477,506,12,0,2.025,2.025,1000000.0,48.96709503294334,27.330896394817657,-25.70290897225312,-1.3345650785919148,86.00070233357087,1000000.0,1000000.0,506,506,2,0.5168481334607102,HC50,15301,NTSC,18,selection,3,1000000.0,,False
12.007868274304885,97.60815299298052,True,3.3943769248600852,0,0,2,0.275,0.36999999999999994,0.1425609224184191,5.0343339752413545,-1.5453834451914812,-3.0141334778066757,-60.510984879501024,111.70181277735537,0.275,0.36999999999999994,506,0,2,0.436594360416704,PLL96-board-fixed,15301,NTSC,18,selection,3,1000000.0,,False
15.178046350320107,94.74006456605244,True,0.7353228948089364,0,0,2,0.075,0.05,0.04613254233673441,1.6745323227491333,2.1667265702303427,-3.146239967967817,-46.87262157316716,107.17301145697525,0.075,0.05,506,0,2,0.6526321285698902,OVL-35cadc936c96,15301,NTSC,18,selection,3,1000000.0,,True
15.178046350320107,94.74006456605244,True,0.7353228948089364,0,0,2,0.075,0.05,0.04613254233673441,1.6745323227491333,2.1667265702303427,-3.146239967967817,-46.87262157316716,107.17301145697525,0.075,0.05,506,0,2,0.6526321285698902,OVL-acfd7d82f23b,15301,NTSC,18,selection,3,1000000.0,,True
15.178046350320107,94.74006456605244,True,0.7353228948089364,0,0,2,0.075,0.05,0.04613254233673441,1.6745323227491333,2.1667265702303427,-3.146239967967817,-46.87262157316716,107.17301145697525,0.075,0.05,506,0,2,0.6526321285698902,OVL-149a41d10828,15301,NTSC,18,selection,3,1000000.0,,True
15.178046350320107,94.74006456605244,True,0.7353228948089364,0,0,2,0.075,0.05,0.04613254233673441,1.6745323227491333,2.1667265702303427,-3.146239967967817,-46.87262157316716,107.17301145697525,0.075,0.05,506,0,2,0.6526321285698902,OVL-a9442d9912fb,15301,NTSC,18,selection,3,1000000.0,,True
15.178046350320107,94.74006456605244,True,0.7353228948089364,0,0,2,0.075,0.05,0.04613254233673441,1.6745323227491333,2.1667265702303427,-3.146239967967817,-46.87262157316716,107.17301145697525,0.075,0.05,506,0,2,0.6526321285698902,OVL-40bd729d0198,15301,NTSC,18,selection,3,1000000.0,,True
15.178046350320107,94.74006456605244,True,0.7353228948089364,0,0,2,0.075,0.05,0.04613254233673441,1.6745323227491333,2.1667265702303427,-3.146239967967817,-46.87262157316716,107.17301145697525,0.075,0.05,506,0,2,0.6526321285698902,OVL-ebbacb3667c2,15301,NTSC,18,selection,3,1000000.0,,True
15.178046350320107,94.74006456605244,True,0.7353228948089364,0,0,2,0.075,0.05,0.04613254233673441,1.6745323227491333,2.1667265702303427,-3.146239967967817,-46.87262157316716,107.17301145697525,0.075,0.05,506,0,2,0.6526321285698902,OVL-322936f8789f,15301,NTSC,18,selection,3,1000000.0,,True
15.178046350320107,94.74006456605244,True,0.7353228948089364,0,0,2,0.075,0.05,0.04613254233673441,1.6745323227491333,2.1667265702303427,-3.146239967967817,-46.87262157316716,107.17301145697525,0.075,0.05,506,0,2,0.6526321285698902,OVL-a9a92a1f4710,15301,NTSC,18,selection,3,1000000.0,,True
15.178046350320107,94.74006456605244,True,0.7353228948089364,0,0,2,0.075,0.05,0.04613254233673441,1.6745323227491333,2.1667265702303427,-3.146239967967817,-46.87262157316716,107.17301145697525,0.075,0.05,506,0,2,0.6526321285698902,OVL-4c5ff1ec8efe,15301,NTSC,18,selection,3,1000000.0,,True
15.178046350320107,94.74006456605244,True,0.7353228948089364,0,0,2,0.075,0.05,0.04613254233673441,1.6745323227491333,2.1667265702303427,-3.146239967967817,-46.87262157316716,107.17301145697525,0.075,0.05,506,0,2,0.6526321285698902,OVL-a092fb5ee687,15301,NTSC,18,selection,3,1000000.0,,True
15.178046350320107,94.74006456605244,True,0.7353228948089364,0,0,2,0.075,0.05,0.04613254233673441,1.6745323227491333,2.1667265702303427,-3.146239967967817,-46.87262157316716,107.17301145697525,0.075,0.05,506,0,2,0.6526321285698902,OVL-7290202f6b31,15301,NTSC,18,selection,3,1000000.0,,True
15.178046350320107,94.74006456605244,True,0.7353228948089364,0,0,2,0.075,0.05,0.04613254233673441,1.6745323227491333,2.1667265702303427,-3.146239967967817,-46.87262157316716,107.17301145697525,0.075,0.05,506,0,2,0.6526321285698902,OVL-b3c387f285d9,15301,NTSC,18,selection,3,1000000.0,,True
15.178046350320107,94.74006456605244,True,0.7353228948089364,0,0,2,0.075,0.05,0.04613254233673441,1.6745323227491333,2.1667265702303427,-3.146239967967817,-46.87262157316716,107.17301145697525,0.075,0.05,506,0,2,0.6526321285698902,OVL-901ae4d630ce,15301,NTSC,18,selection,3,1000000.0,,True
15.17701835086193,94.72994912799335,True,0.7353228948089364,0,0,2,0.075,0.05,0.04613254233673441,1.7015600999620717,2.1667265702303427,-3.1462399679678166,-46.87262157316716,107.17301145697525,0.075,0.05,506,0,2,0.6525815530990685,OVL-e5a837b8b184,15301,NTSC,18,selection,3,1000000.0,,True
15.17701835086193,94.72994912799335,True,0.7353228948089364,0,0,2,0.075,0.05,0.04613254233673441,1.7015600999620717,2.1667265702303427,-3.1462399679678166,-46.87262157316716,107.17301145697525,0.075,0.05,506,0,2,0.6525815530990685,OVL-31235ba5d444,15301,NTSC,18,selection,3,1000000.0,,True
15.17701835086193,94.72994912799335,True,0.7353228948089364,0,0,2,0.075,0.05,0.04613254233673441,1.7015600999620717,2.1667265702303427,-3.1462399679678166,-46.87262157316716,107.17301145697525,0.075,0.05,506,0,2,0.6525815530990685,OVL-deee15113bc3,15301,NTSC,18,selection,3,1000000.0,,True
15.764259599544912,97.52409916418348,True,0.44631164444390925,0,0,2,0.05,0.05,0.05176003082025584,0.2501029085262873,0.9178286070701995,-1.4458098835552002,-60.80011089985019,122.72772463895116,0.05,0.05,506,0,2,0.7056179643047851,OVP56,15301,NTSC,22,selection,3,1000000.0,,True
15.972869032082196,97.50852909492644,True,0.4365274094055099,0,0,2,0.05,0.05,0.02079211997282689,0.40460504256031493,1.0756711210918706,-1.3007217302906269,-60.89275946101348,123.93901220227166,0.05,0.05,506,0,2,0.7143318987407347,VLP56,15301,NTSC,22,selection,3,1000000.0,,True
-6.542787573556648,-81.38514973073823,False,588.9605228695204,506,12,0,2.025,2.025,1000000.0,84.18584514547574,23.182301380869372,-156.2078241377428,-67.86474448606812,74.3428580597659,1000000.0,1000000.0,506,506,2,-0.30775368941804315,PLL96-rejected-board,15301,NTSC,22,selection,3,1000000.0,contrast;strong_detail;sync;h_jitter_us;v_jitter_us;h_width_rmse_us;sync_error_ire;black_error_ire;white_error_ire;fine_detail,False
9.11807693240896,97.42890700140158,True,5.893872660438876,503,12,0,2.025,2.025,3.675,14.743232082474263,-1.0813909286602115,-1.6827281916468573,-48.78030869933281,111.40494785192062,1.72,1000000.0,506,303,2,0.32110997513469347,PLL96-IQ-corrected,15301,NTSC,22,selection,3,1000000.0,strong_detail;sync;h_jitter_us;v_jitter_us;h_width_rmse_us;sync_error_ire;fine_detail,False
21.3560387903807,96.36788871638734,True,0.0,0,0,2,0.025,0.025,0.019313821874891043,1.6139390093114006,1.7525881816390723,-1.1556062712384754,-48.726763850049636,113.40124576340547,0.025,0.025,506,0,2,0.9141671037494268,floating-PLL-IQ40,15301,NTSC,22,selection,3,1000000.0,,True
4.40871421381733,44.48686738833478,True,94.47356299692625,506,12,0,2.025,2.025,1000000.0,48.935903397219356,27.344128682669282,-25.663389023875535,-0.41690536690967406,84.41671779678016,1000000.0,1000000.0,506,506,2,0.5422398934474915,HC50,15301,NTSC,22,selection,3,1000000.0,contrast;strong_detail;sync;h_jitter_us;v_jitter_us;h_width_rmse_us;sync_error_ire;black_error_ire;white_error_ire;fine_detail,False
12.031004484864196,97.03878343548617,True,3.334166247700705,0,0,2,0.275,0.075,0.12056356465586793,5.5975182792024585,-0.9175373122324072,-2.796775249668759,-58.72710042770257,111.34481251112452,0.275,0.075,506,0,2,0.4427460725898221,PLL96-board-fixed,15301,NTSC,22,selection,3,1000000.0,strong_detail;sync_error_ire;fine_detail,True
15.64165630022017,94.48047178854898,True,0.6457595125343577,0,0,2,0.075,0.05,0.04478759709735432,1.688764843012777,2.1497431294773786,-3.5116339226168303,-45.48170589248066,102.59984776356093,0.075,0.05,506,0,2,0.6817414266587865,OVL-35cadc936c96,15301,NTSC,22,selection,3,1000000.0,,True
15.64165630022017,94.48047178854898,True,0.6457595125343577,0,0,2,0.075,0.05,0.04478759709735432,1.688764843012777,2.1497431294773786,-3.5116339226168303,-45.48170589248066,102.59984776356093,0.075,0.05,506,0,2,0.6817414266587865,OVL-acfd7d82f23b,15301,NTSC,22,selection,3,1000000.0,,True
15.64165630022017,94.48047178854898,True,0.6457595125343577,0,0,2,0.075,0.05,0.04478759709735432,1.688764843012777,2.1497431294773786,-3.5116339226168303,-45.48170589248066,102.59984776356093,0.075,0.05,506,0,2,0.6817414266587865,OVL-149a41d10828,15301,NTSC,22,selection,3,1000000.0,,True
15.64165630022017,94.48047178854898,True,0.6457595125343577,0,0,2,0.075,0.05,0.04478759709735432,1.688764843012777,2.1497431294773786,-3.5116339226168303,-45.48170589248066,102.59984776356093,0.075,0.05,506,0,2,0.6817414266587865,OVL-a9442d9912fb,15301,NTSC,22,selection,3,1000000.0,,True
15.64165630022017,94.48047178854898,True,0.6457595125343577,0,0,2,0.075,0.05,0.04478759709735432,1.688764843012777,2.1497431294773786,-3.5116339226168303,-45.48170589248066,102.59984776356093,0.075,0.05,506,0,2,0.6817414266587865,OVL-40bd729d0198,15301,NTSC,22,selection,3,1000000.0,,True
15.64165630022017,94.48047178854898,True,0.6457595125343577,0,0,2,0.075,0.05,0.04478759709735432,1.688764843012777,2.1497431294773786,-3.5116339226168303,-45.48170589248066,102.59984776356093,0.075,0.05,506,0,2,0.6817414266587865,OVL-ebbacb3667c2,15301,NTSC,22,selection,3,1000000.0,,True
15.64165630022017,94.48047178854898,True,0.6457595125343577,0,0,2,0.075,0.05,0.04478759709735432,1.688764843012777,2.1497431294773786,-3.5116339226168303,-45.48170589248066,102.59984776356093,0.075,0.05,506,0,2,0.6817414266587865,OVL-322936f8789f,15301,NTSC,22,selection,3,1000000.0,,True
15.64165630022017,94.48047178854898,True,0.6457595125343577,0,0,2,0.075,0.05,0.04478759709735432,1.688764843012777,2.1497431294773786,-3.5116339226168303,-45.48170589248066,102.59984776356093,0.075,0.05,506,0,2,0.6817414266587865,OVL-a9a92a1f4710,15301,NTSC,22,selection,3,1000000.0,,True
15.64165630022017,94.48047178854898,True,0.6457595125343577,0,0,2,0.075,0.05,0.04478759709735432,1.688764843012777,2.1497431294773786,-3.5116339226168303,-45.48170589248066,102.59984776356093,0.075,0.05,506,0,2,0.6817414266587865,OVL-4c5ff1ec8efe,15301,NTSC,22,selection,3,1000000.0,,True
15.64165630022017,94.48047178854898,True,0.6457595125343577,0,0,2,0.075,0.05,0.04478759709735432,1.688764843012777,2.1497431294773786,-3.5116339226168303,-45.48170589248066,102.59984776356093,0.075,0.05,506,0,2,0.6817414266587865,OVL-a092fb5ee687,15301,NTSC,22,selection,3,1000000.0,,True
15.64165630022017,94.48047178854898,True,0.6457595125343577,0,0,2,0.075,0.05,0.04478759709735432,1.688764843012777,2.1497431294773786,-3.5116339226168303,-45.48170589248066,102.59984776356093,0.075,0.05,506,0,2,0.6817414266587865,OVL-7290202f6b31,15301,NTSC,22,selection,3,1000000.0,,True
15.64165630022017,94.48047178854898,True,0.6457595125343577,0,0,2,0.075,0.05,0.04478759709735432,1.688764843012777,2.1497431294773786,-3.5116339226168303,-45.48170589248066,102.59984776356093,0.075,0.05,506,0,2,0.6817414266587865,OVL-b3c387f285d9,15301,NTSC,22,selection,3,1000000.0,,True
15.64165630022017,94.48047178854898,True,0.6457595125343577,0,0,2,0.075,0.05,0.04478759709735432,1.688764843012777,2.1497431294773786,-3.5116339226168303,-45.48170589248066,102.59984776356093,0.075,0.05,506,0,2,0.6817414266587865,OVL-901ae4d630ce,15301,NTSC,22,selection,3,1000000.0,,True
15.641004845669224,94.4745784133017,True,0.6457595125343577,0,0,2,0.075,0.05,0.04478759709735432,1.7044876364117207,2.1497431294773786,-3.5116339226168303,-45.48170589248066,102.59984776356085,0.075,0.05,506,0,2,0.6817114674718393,OVL-e5a837b8b184,15301,NTSC,22,selection,3,1000000.0,,True
15.641004845669224,94.4745784133017,True,0.6457595125343577,0,0,2,0.075,0.05,0.04478759709735432,1.7044876364117207,2.1497431294773786,-3.5116339226168303,-45.48170589248066,102.59984776356085,0.075,0.05,506,0,2,0.6817114674718393,OVL-31235ba5d444,15301,NTSC,22,selection,3,1000000.0,,True
15.641004845669224,94.4745784133017,True,0.6457595125343577,0,0,2,0.075,0.05,0.04478759709735432,1.7044876364117207,2.1497431294773786,-3.5116339226168303,-45.48170589248066,102.59984776356085,0.075,0.05,506,0,2,0.6817114674718393,OVL-deee15113bc3,15301,NTSC,22,selection,3,1000000.0,,True
16.270962325601882,97.60814980845726,True,0.36352196334976083,0,0,2,0.05,0.025,0.020969580829337118,0.11424150668593494,0.9152664721151387,-1.3664648104322872,-55.71706019749524,123.9818894116125,0.05,0.025,506,0,2,0.7281985838845567,OVP56,15301,NTSC,30,selection,3,1000000.0,,True
16.50355725288054,97.58580992802,True,0.3823377999620673,0,0,2,0.05,0.05,0.017747404196986817,0.2540398804763333,1.0821371315531596,-1.2554815573885842,-56.490181355441095,123.53642467579165,0.05,0.05,506,0,2,0.7375777618505298,VLP56,15301,NTSC,30,selection,3,1000000.0,,True
-6.552532662097306,-81.69311501285956,False,588.4833532530323,506,12,0,2.025,2.025,1000000.0,84.89947693149836,23.260355173910682,-156.26763157746672,-67.76786803747667,66.89215364849157,1000000.0,1000000.0,506,506,2,-0.31084738574240456,PLL96-rejected-board,15301,NTSC,30,selection,3,1000000.0,contrast;strong_detail;sync;h_jitter_us;v_jitter_us;h_width_rmse_us;sync_error_ire;black_error_ire;white_error_ire;fine_detail,False
9.150550247059948,97.86545641079664,True,5.884841058864969,506,12,0,2.025,2.025,1000000.0,13.94558255899083,-1.2235470467741694,-1.6565647223610076,-41.80299866100419,107.03752595860523,1000000.0,1000000.0,506,506,2,0.322410991198245,PLL96-IQ-corrected,15301,NTSC,30,selection,3,1000000.0,strong_detail;sync;h_jitter_us;v_jitter_us;h_width_rmse_us;sync_error_ire;fine_detail,False
22.09992814185604,96.39433698959465,True,0.0,0,0,2,0.025,0.025,0.018991364794529467,1.6081970457935832,1.7482978242049707,-1.1113047183922602,-46.72981139540919,111.90091210546454,0.025,0.025,506,0,2,0.9315716052273222,floating-PLL-IQ40,15301,NTSC,30,selection,3,1000000.0,,True
4.417683189050311,44.49576819529813,True,94.42238392134077,506,12,0,2.025,2.025,1000000.0,48.91555096724995,27.34634275650388,-25.62285479898918,1.627562390875525,84.22579882043478,1000000.0,1000000.0,506,506,2,0.5596241920434993,HC50,15301,NTSC,30,selection,3,1000000.0,contrast;strong_detail;sync;h_jitter_us;v_jitter_us;h_width_rmse_us;sync_error_ire;black_error_ire;white_error_ire;fine_detail,False
12.037613523055036,96.85042963998058,True,3.313092510694921,0,0,2,0.25,0.075,0.09309139544092322,5.687876237215113,-0.7974733466356847,-2.7472168436617714,-57.687316704686,111.36418992110985,0.25,0.075,506,0,2,0.4465864302964157,PLL96-board-fixed,15301,NTSC,30,selection,3,1000000.0,strong_detail;sync_error_ire;fine_detail,True
15.97502642898003,94.34615628107711,True,0.5486697956148563,0,0,2,0.075,0.05,0.0438962124830347,1.697734616050836,2.1235682248830146,-3.716180679838654,-43.22094772054074,102.47961296077155,0.075,0.05,506,0,2,0.7026698402370667,OVL-35cadc936c96,15301,NTSC,30,selection,3,1000000.0,,True
15.97502642898003,94.34615628107711,True,0.5486697956148563,0,0,2,0.075,0.05,0.0438962124830347,1.697734616050836,2.1235682248830146,-3.716180679838654,-43.22094772054074,102.47961296077155,0.075,0.05,506,0,2,0.7026698402370667,OVL-acfd7d82f23b,15301,NTSC,30,selection,3,1000000.0,,True
15.97502642898003,94.34615628107711,True,0.5486697956148563,0,0,2,0.075,0.05,0.0438962124830347,1.697734616050836,2.1235682248830146,-3.716180679838654,-43.22094772054074,102.47961296077155,0.075,0.05,506,0,2,0.7026698402370667,OVL-149a41d10828,15301,NTSC,30,selection,3,1000000.0,,True
15.97502642898003,94.34615628107711,True,0.5486697956148563,0,0,2,0.075,0.05,0.0438962124830347,1.697734616050836,2.1235682248830146,-3.716180679838654,-43.22094772054074,102.47961296077155,0.075,0.05,506,0,2,0.7026698402370667,OVL-a9442d9912fb,15301,NTSC,30,selection,3,1000000.0,,True
15.97502642898003,94.34615628107711,True,0.5486697956148563,0,0,2,0.075,0.05,0.0438962124830347,1.697734616050836,2.1235682248830146,-3.716180679838654,-43.22094772054074,102.47961296077155,0.075,0.05,506,0,2,0.7026698402370667,OVL-40bd729d0198,15301,NTSC,30,selection,3,1000000.0,,True
15.97502642898003,94.34615628107711,True,0.5486697956148563,0,0,2,0.075,0.05,0.0438962124830347,1.697734616050836,2.1235682248830146,-3.716180679838654,-43.22094772054074,102.47961296077155,0.075,0.05,506,0,2,0.7026698402370667,OVL-ebbacb3667c2,15301,NTSC,30,selection,3,1000000.0,,True
15.97502642898003,94.34615628107711,True,0.5486697956148563,0,0,2,0.075,0.05,0.0438962124830347,1.697734616050836,2.1235682248830146,-3.716180679838654,-43.22094772054074,102.47961296077155,0.075,0.05,506,0,2,0.7026698402370667,OVL-322936f8789f,15301,NTSC,30,selection,3,1000000.0,,True
15.97502642898003,94.34615628107711,True,0.5486697956148563,0,0,2,0.075,0.05,0.0438962124830347,1.697734616050836,2.1235682248830146,-3.716180679838654,-43.22094772054074,102.47961296077155,0.075,0.05,506,0,2,0.7026698402370667,OVL-a9a92a1f4710,15301,NTSC,30,selection,3,1000000.0,,True
15.97502642898003,94.34615628107711,True,0.5486697956148563,0,0,2,0.075,0.05,0.0438962124830347,1.697734616050836,2.1235682248830146,-3.716180679838654,-43.22094772054074,102.47961296077155,0.075,0.05,506,0,2,0.7026698402370667,OVL-4c5ff1ec8efe,15301,NTSC,30,selection,3,1000000.0,,True
15.97502642898003,94.34615628107711,True,0.5486697956148563,0,0,2,0.075,0.05,0.0438962124830347,1.697734616050836,2.1235682248830146,-3.716180679838654,-43.22094772054074,102.47961296077155,0.075,0.05,506,0,2,0.7026698402370667,OVL-a092fb5ee687,15301,NTSC,30,selection,3,1000000.0,,True
15.97502642898003,94.34615628107711,True,0.5486697956148563,0,0,2,0.075,0.05,0.0438962124830347,1.697734616050836,2.1235682248830146,-3.716180679838654,-43.22094772054074,102.47961296077155,0.075,0.05,506,0,2,0.7026698402370667,OVL-7290202f6b31,15301,NTSC,30,selection,3,1000000.0,,True
15.97502642898003,94.34615628107711,True,0.5486697956148563,0,0,2,0.075,0.05,0.0438962124830347,1.697734616050836,2.1235682248830146,-3.716180679838654,-43.22094772054074,102.47961296077155,0.075,0.05,506,0,2,0.7026698402370667,OVL-b3c387f285d9,15301,NTSC,30,selection,3,1000000.0,,True
15.97502642898003,94.34615628107711,True,0.5486697956148563,0,0,2,0.075,0.05,0.0438962124830347,1.697734616050836,2.1235682248830146,-3.716180679838654,-43.22094772054074,102.47961296077155,0.075,0.05,506,0,2,0.7026698402370667,OVL-901ae4d630ce,15301,NTSC,30,selection,3,1000000.0,,True
15.975012926370766,94.34606334842346,True,0.5486697956148563,0,0,2,0.075,0.05,0.0438962124830347,1.697990249262759,2.1235682248830146,-3.716180679838654,-43.22094772054074,102.47961296077155,0.075,0.05,506,0,2,0.7026693868557821,OVL-e5a837b8b184,15301,NTSC,30,selection,3,1000000.0,,True
15.975012926370766,94.34606334842346,True,0.5486697956148563,0,0,2,0.075,0.05,0.0438962124830347,1.697990249262759,2.1235682248830146,-3.716180679838654,-43.22094772054074,102.47961296077155,0.075,0.05,506,0,2,0.7026693868557821,OVL-31235ba5d444,15301,NTSC,30,selection,3,1000000.0,,True
15.975012926370766,94.34606334842346,True,0.5486697956148563,0,0,2,0.075,0.05,0.0438962124830347,1.697990249262759,2.1235682248830146,-3.716180679838654,-43.22094772054074,102.47961296077155,0.075,0.05,506,0,2,0.7026693868557821,OVL-deee15113bc3,15301,NTSC,30,selection,3,1000000.0,,True
