sinad,contrast,polarity_ok,large_errors,h_missing,v_missing,v_trains,h_jitter_us,v_jitter_us,h_width_rmse_us,sync_error_ire,black_error_ire,white_error_ire,raw_min,raw_max,h_jitter_matched_us,v_jitter_matched_us,h_expected,max_h_gap,expected_v_trains,false_sync_pulses,false_sync_per_line,luma_sinad,detail_corr,model,profile,stage,seed,standard,cnr,rms,cfo_hz,quality_failures,usable,image_pattern,burst_gain,burst_phase_deg,burst_phase_jitter_deg,burst_amplitude_jitter_pct,burst_rmse_ire
0.7065247673050066,55.29056436699499,True,219.8375156838143,610,8,0,2.025,2.025,1000000.0,35.876461222519175,14.060386753516253,-29.70604074462308,-89.3259783822535,149.84761628234543,1000000.0,1000000.0,610,610,2,0,0.0,5.508198857367344,0.1178320729489945,OVP56,safe_range,final,340401,PAL,0,3,1000000.0,,False,bars,,,,,
-0.05640835906996582,59.273798006236845,True,225.75094102885822,610,8,0,2.025,2.025,1000000.0,26.486036094851553,8.720770395633597,-32.71030280265006,-95.65640349732485,155.31009118586599,1000000.0,1000000.0,610,610,2,0,0.0,5.4594510916367165,0.1086547349456697,VLP56,safe_range,final,340401,PAL,0,3,1000000.0,,False,bars,,,,,
1.1328349922241148,62.9901074338861,True,166.66436637390214,553,8,0,2.025,2.025,3.475037864238998,31.76943958002855,5.170291567109489,-34.52273695080168,-76.27182137448474,132.35327986701864,1.8799999999999997,1000000.0,610,42,2,56,0.09180327868852459,5.98289877151057,0.11720110652983104,RANGE32,safe_range,final,340401,PAL,0,3,1000000.0,,False,bars,,,,,
-6.774842154949789,-77.4050763291426,False,635.3268506900879,609,8,0,2.025,2.025,3.7,90.57638354042075,19.04497386473816,-148.32202157035783,-77.48191257778782,137.27272509438987,1.15,1000000.0,610,514,2,3563,5.840983606557377,-6.665358545515768,-0.09633764808491253,PLL96-rejected-board,safe_range,final,340401,PAL,0,3,1000000.0,,False,bars,,,,,
2.6261982651955367,84.58433255247888,True,114.72961104140526,356,5,0,2.025,2.025,3.3022712000591588,11.90313770509257,3.371676603929676,-12.034651814410003,-77.32580981571505,138.10366954262358,1.8837499999999998,1.5825,610,12,2,254,0.4163934426229508,5.498973191995584,0.09923537729767039,PLL96-IQ-corrected,safe_range,final,340401,PAL,0,3,1000000.0,,False,bars,,,,,
5.81416242291655,92.19438977780837,True,40.81116687578419,481,6,0,2.025,2.025,3.466739806175383,4.96231371425777,1.6098498441497697,-7.589415135295226,-80.59491450234539,139.21962010365598,1.8449999999999995,1.54625,610,19,2,105,0.1721311475409836,13.289823000394694,0.25636201829716343,floating-PLL-IQ40,safe_range,final,340401,PAL,0,3,1000000.0,,False,bars,,,,,
0.8167374097904159,31.776852244071947,True,221.95734002509408,610,8,0,2.025,2.025,1000000.0,52.796026824984615,27.070695080078583,-41.22638223445544,-82.4249483915014,139.35940035409644,1000000.0,1000000.0,610,610,2,0,0.0,2.8100153525671923,0.07108801063180116,HC50,safe_range,final,340401,PAL,0,3,1000000.0,,False,bars,,,,,
0.16175979733466558,69.38334298670127,True,197.0878293601004,445,8,0,2.025,2.025,3.3895734736590875,17.817565853535513,3.140714691806675,-30.15621446667713,-84.22273270700856,130.1718076420453,1.85,1000000.0,610,24,2,163,0.26721311475409837,3.7996863282560005,0.08089558334007163,PLL96-board-fixed,safe_range,final,340401,PAL,0,3,1000000.0,,False,bars,,,,,
0.822420934993488,70.85706015926407,True,167.44730238393976,460,6,0,2.025,2.025,3.3531794613470955,28.472333158261065,4.764481078949165,-23.78049044600885,-79.60336251587628,140.23149902020262,1.875,1.85625,610,28,2,137,0.22459016393442624,6.678259799836569,0.12959434828149505,RNG-e2a8f30af45e,safe_range,final,340401,PAL,0,3,1000000.0,,False,bars,,,,,
2.7093777747932224,68.80314079641975,True,134.46988707653702,610,8,0,2.025,2.025,1000000.0,26.143861845129603,9.51230193696211,-21.043650153527654,-83.97995822336995,146.75718402945313,1000000.0,1000000.0,610,610,2,0,0.0,8.464528930609267,0.1739008145911088,OVP56,safe_range,final,340401,PAL,2,3,1000000.0,,False,bars,,,,,
2.1519442500386914,73.12086792893473,True,133.8594730238394,608,8,0,2.025,2.025,3.638036901956878,18.51999384744152,5.924384555621064,-21.820931695954744,-92.25325300005548,151.51283304118607,1.4837500000000001,1000000.0,610,247,2,1,0.001639344262295082,8.806169803019394,0.16618960614091285,VLP56,safe_range,final,340401,PAL,2,3,1000000.0,,False,bars,,,,,
3.255503702530999,77.27423711163435,True,90.63676286072773,364,5,0,2.025,2.025,3.2862352276647386,19.691271295117872,3.1069560199075688,-22.649273490356485,-73.92079937529618,131.86281799048828,1.9,1.0675,610,15,2,233,0.3819672131147541,9.32650360348733,0.17122073994478407,RANGE32,safe_range,final,340401,PAL,2,3,1000000.0,,False,bars,,,,,
-6.7485251814945935,-81.6590157595763,False,619.8989962358845,610,8,11,2.025,2.025,1000000.0,90.05040473672544,20.372480907239403,-153.1557072870383,-74.14685903966003,135.25355709994017,1000000.0,1000000.0,610,610,2,2760,4.524590163934426,-6.717970902077362,-0.16195331814528535,PLL96-rejected-board,safe_range,final,340401,PAL,2,3,1000000.0,,False,bars,,,,,
5.539347572491071,89.24578863397528,True,48.403387703889585,399,6,0,2.025,2.025,3.3221284325376232,11.112465321300007,1.9811476579607163,-7.00649988368741,-76.25902225088132,136.8235076128364,1.9,1.5487499999999998,610,11,2,203,0.33278688524590166,9.620916462090538,0.16357568729162006,PLL96-IQ-corrected,safe_range,final,340401,PAL,2,3,1000000.0,,False,bars,,,,,
8.145594961693034,94.14273152723133,True,11.82120451693852,367,5,0,2.025,2.025,3.354842256170327,4.0230692854672405,1.5861003071172404,-4.532715640514934,-77.1607154936397,138.25078291934176,1.7474999999999994,1.8425,610,12,2,213,0.34918032786885245,18.84412597817099,0.36200991321537807,floating-PLL-IQ40,safe_range,final,340401,PAL,2,3,1000000.0,,False,bars,,,,,
2.1037696688080723,37.96845736496457,True,165.35696361355082,610,8,0,2.025,2.025,1000000.0,50.81854101380467,27.268269095326197,-34.36515007928045,-78.64527893810856,131.1553693678676,1000000.0,1000000.0,610,610,2,0,0.0,3.6270149935791323,0.11165715460071479,HC50,safe_range,final,340401,PAL,2,3,1000000.0,,False,bars,,,,,
2.75212563747751,81.30093566665523,True,102.00941028858217,277,3,0,2.025,2.025,3.2392957238861024,9.819134414065472,0.3817437116268287,-21.67910837619177,-83.30765259927429,127.99051909396046,1.8349999999999995,0.72,610,9,2,336,0.5508196721311476,7.047032069269822,0.13182429914364976,PLL96-board-fixed,safe_range,final,340401,PAL,2,3,1000000.0,,False,bars,,,,,
3.2203010924980524,84.66770892452453,True,85.0219573400251,220,2,0,2.025,2.025,3.078383847960585,16.435369558849963,2.1559114660870504,-12.603545220146552,-75.96365537178046,139.533055920643,1.8,1.7,610,5,2,346,0.5672131147540984,10.446339941120371,0.19457517762239285,RNG-e2a8f30af45e,safe_range,final,340401,PAL,2,3,1000000.0,,False,bars,,,,,
5.036190153868746,80.70796060300181,True,64.90966122961105,606,8,0,2.025,2.025,3.5065786387873863,17.105787742016613,5.253924941754755,-13.682263445492348,-86.63288491863098,144.91893173260377,1.5949999999999995,1000000.0,610,258,2,4,0.006557377049180328,12.380670247874615,0.25056183178671465,OVP56,safe_range,final,340401,PAL,4,3,1000000.0,,False,bars,,,,,
4.772297266948775,84.91515044519582,True,62.03513174404015,599,8,0,2.025,2.025,3.549255683814694,11.193851950982419,3.0442857124446485,-12.733124096281703,-91.611045338019,150.21223155773708,1.825,1000000.0,610,129,2,16,0.02622950819672131,13.369424177660624,0.24789067665143816,VLP56,safe_range,final,340401,PAL,4,3,1000000.0,,False,bars,,,,,
5.827294779680732,88.66110562086274,True,39.062735257214555,91,1,0,2.025,1.7974999999999997,2.838709975609732,9.173187472186653,1.8033819855548352,-11.67514882493339,-68.91951166966491,134.9816011358139,1.6549999999999983,1.2549999999999997,610,3,2,413,0.6770491803278689,13.90728030899783,0.24971326100603594,RANGE32,safe_range,final,340401,PAL,4,3,1000000.0,,False,bars,,,,,
-6.789294596581349,-84.19139633391471,False,612.5972396486825,610,8,39,2.025,2.025,1000000.0,88.65853393594831,21.372255843631645,-156.69390131282634,-75.4977403660474,136.6774474520895,1000000.0,1000000.0,610,610,2,2013,3.3,-6.804484599228362,-0.24350406394919277,PLL96-rejected-board,safe_range,final,340401,PAL,4,3,1000000.0,,False,bars,,,,,
7.957590109127956,92.92187860993829,True,17.479297365119198,419,7,0,2.025,2.025,3.3798656026751415,10.84444984601795,0.2847828801503952,-4.016569128790575,-76.04872213117632,136.41943249986087,1.9,1.625,610,16,2,184,0.3016393442622951,13.144230473127102,0.2396688083636526,PLL96-IQ-corrected,safe_range,final,340401,PAL,4,3,1000000.0,,False,bars,,,,,
10.119522830768437,95.95872460493194,True,2.3281053952321207,177,4,0,2.025,2.025,3.0906789671624013,2.562851087875418,1.2767154301133758,-2.476253764784825,-73.94326667131816,135.8753156356953,1.625,1.8987499999999997,610,4,2,370,0.6065573770491803,23.30723995064982,0.46664961841669483,floating-PLL-IQ40,safe_range,final,340401,PAL,4,3,1000000.0,,False,bars,,,,,
3.2589085397783526,42.64159198639433,True,122.5,610,8,0,2.025,2.025,1000000.0,49.34686388761093,27.128389430838133,-28.89229773995996,-77.78910458909216,127.75775777828115,1000000.0,1000000.0,610,610,2,0,0.0,4.25761565405464,0.17789083061924066,HC50,safe_range,final,340401,PAL,4,3,1000000.0,,False,bars,,,,,
5.8388636155759945,90.97062282451132,True,40.30238393977415,69,1,0,2.025,1.6399999999999992,2.89534112516187,3.364047150542217,-1.8094629862899818,-14.437863009276619,-82.18390031154324,124.79309673506573,1.6,0.7674999999999996,610,2,2,459,0.7524590163934426,11.043145862249963,0.213012825173605,PLL96-board-fixed,safe_range,final,340401,PAL,4,3,1000000.0,,False,bars,,,,,
6.09092238879878,94.50454628243276,True,32.72521957340025,36,0,0,2.025,1.1062499999999997,2.5002913593285685,6.269260590196415,0.37952032352341564,-4.49120291241944,-74.98826383651044,138.1059454003264,1.4587500000000007,1.1062499999999997,610,1,2,391,0.6409836065573771,15.704390778216254,0.28700753557186004,RNG-e2a8f30af45e,safe_range,final,340401,PAL,4,3,1000000.0,,False,bars,,,,,
7.426017797425564,87.87224916559562,True,22.43977415307403,567,8,0,2.025,2.025,3.5241525453349345,10.980331066387999,2.8555747336940467,-9.18654421399178,-83.841378111832,142.14009514031287,1.9149999999999998,1000000.0,610,49,2,56,0.09180327868852459,16.502702776872113,0.33923846209799186,OVP56,safe_range,final,340401,PAL,6,3,1000000.0,,False,bars,,,,,
7.434581833127194,91.25918718620059,True,20.224592220828104,499,7,0,2.025,2.025,3.4766563879163614,6.832164311565149,1.5995238762102584,-7.649856665330756,-83.2650534732837,145.64144379019,1.8875,1.95,610,26,2,133,0.2180327868852459,18.366743716641523,0.3434098481347467,VLP56,safe_range,final,340401,PAL,6,3,1000000.0,,False,bars,,,,,
8.52529472205238,93.84083358986342,True,12.65621079046424,7,0,1,1.238749999999999,0.4487499999999997,1.9900412818538684,3.5706628538957563,1.7290835071159871,-5.409186647116725,-64.20636937746973,131.12116692919594,1.15,0.4487499999999997,610,1,2,280,0.45901639344262296,19.098159632615857,0.34589652162972473,RANGE32,safe_range,final,340401,PAL,6,3,1000000.0,,False,bars,,,,,
-6.7523096910946325,-84.01395123468575,False,608.4473023839397,610,8,52,2.025,2.025,1000000.0,86.79893255587608,22.18769081357055,-157.2024007191425,-72.86537108546415,130.46719884280617,1000000.0,1000000.0,610,610,2,1631,2.6737704918032787,-6.787275770570856,-0.30147144230156103,PLL96-rejected-board,safe_range,final,340401,PAL,6,3,1000000.0,,False,bars,,,,,
9.167118202080122,94.05074381389484,True,7.909661229611042,466,8,0,2.025,2.025,3.48817819968788,12.24423596504711,-0.6042663213609172,-2.913200355662682,-73.38131369562231,132.87661643201375,1.8962499999999998,1000000.0,610,21,2,141,0.23114754098360657,14.2200969429257,0.29594207839683995,PLL96-IQ-corrected,safe_range,final,340401,PAL,6,3,1000000.0,,False,bars,,,,,
12.010360182041053,96.04906359267349,True,0.2823086574654956,36,0,0,2.025,1.1099999999999999,2.7041926490683426,2.270944367546037,1.4197664863022117,-1.9135022739853094,-68.66701476900948,133.20219203582016,1.55,1.1099999999999999,610,2,2,409,0.6704918032786885,25.756207413914105,0.5601280995576169,floating-PLL-IQ40,safe_range,final,340401,PAL,6,3,1000000.0,,False,bars,,,,,
3.9281950126598812,44.351191547774114,True,100.09347553324969,610,8,0,2.025,2.025,1000000.0,48.98818662618296,27.071898415970406,-26.43258406081991,-65.94262985615923,125.00978143905775,1000000.0,1000000.0,610,610,2,0,0.0,4.511610953567925,0.2615691360318454,HC50,safe_range,final,340401,PAL,6,3,1000000.0,,False,bars,,,,,
8.790753343614528,95.86153520820604,True,12.646800501882058,10,0,0,1.3137499999999989,0.8574999999999999,2.309442122389446,0.5776188260446612,-2.4127747135169146,-9.875321058431869,-80.62863956758217,124.87748102186242,1.225,0.8574999999999999,610,1,2,354,0.580327868852459,14.9079786353812,0.3117346040737305,PLL96-board-fixed,safe_range,final,340401,PAL,6,3,1000000.0,,False,bars,,,,,
8.84730102953079,97.65503110338817,True,8.725219573400251,1,0,1,0.9,0.06624999999999999,1.5504078069385783,2.015484649640224,0.09831299150085303,-1.9458609963266413,-70.5430609001758,133.78842289810228,0.9,0.06624999999999999,610,1,2,170,0.2786885245901639,21.846340556519053,0.3886356287899436,RNG-e2a8f30af45e,safe_range,final,340401,PAL,6,3,1000000.0,,False,bars,,,,,
9.464564488624204,91.53939685180882,True,5.513174404015056,403,5,0,2.025,2.025,3.3634984734166786,7.423164974393182,2.0302832876075585,-6.544584492183561,-75.37543976578074,132.80430701672844,1.925,1.7224999999999997,610,11,2,197,0.32295081967213113,19.935222284223176,0.42419536583667794,OVP56,safe_range,final,340401,PAL,8,3,1000000.0,,False,bars,,,,,
9.572928241059342,93.92574906850786,True,4.6612296110414055,246,1,0,2.025,1.9637499999999999,3.249418269999508,4.728127030271004,1.2939020954235492,-5.144667848786412,-74.60878815102505,138.84498230519375,1.7962499999999992,1.7825,610,8,2,312,0.5114754098360655,22.23686953696245,0.430656282780973,VLP56,safe_range,final,340401,PAL,8,3,1000000.0,,False,bars,,,,,
10.647639038359538,95.12218326927766,True,3.802383939774153,0,0,2,0.27749999999999775,0.075,0.9214925748880294,2.0010977230348623,2.10991105313092,-3.1101207713532113,-61.9685920914832,121.63006477089552,0.27749999999999775,0.075,610,0,2,79,0.12950819672131147,22.841964529965825,0.4346321459371724,RANGE32,safe_range,final,340401,PAL,8,3,1000000.0,,False,bars,,,,,
-6.699792617511628,-83.25672228685156,False,606.1235884567127,610,8,60,2.025,2.025,1000000.0,85.43117741739049,22.942781176619274,-156.64148529347787,-70.5050466283268,126.55251631612508,1000000.0,1000000.0,610,610,2,1488,2.439344262295082,-6.740896541370768,-0.33040343905060776,PLL96-rejected-board,safe_range,final,340401,PAL,8,3,1000000.0,,False,bars,,,,,
9.456629747111458,94.48640382654006,True,6.158092848180678,517,8,0,2.025,2.025,3.5558457472863787,13.997761743821265,-0.9130806818360405,-2.599634106695888,-70.21553629799072,130.2782931030235,1.9,1000000.0,610,34,2,92,0.15081967213114755,13.793122000924482,0.3272976114844707,PLL96-IQ-corrected,safe_range,final,340401,PAL,8,3,1000000.0,,False,bars,,,,,
13.778743192983915,95.7148861286314,True,0.02383939774153074,4,0,0,0.975,0.5449999999999995,2.006727546415944,2.4203276967984317,1.7707190967252364,-1.7694155587510034,-67.03653880721187,132.7499147517322,0.95,0.5449999999999996,610,1,2,267,0.4377049180327869,26.366391704903656,0.6442030010279725,floating-PLL-IQ40,safe_range,final,340401,PAL,8,3,1000000.0,,False,bars,,,,,
4.149496987314584,44.479560597749966,True,92.05207026348808,610,8,0,2.025,2.025,1000000.0,49.20468479458718,27.185636107789946,-25.843144205071745,-56.901395764110276,113.66174388741358,1000000.0,1000000.0,610,610,2,0,0.0,4.529670222905591,0.3370051020892801,HC50,safe_range,final,340401,PAL,8,3,1000000.0,,False,bars,,,,,
10.485185185890487,97.79499339304724,True,5.333751568381431,8,0,0,1.1799999999999955,0.9724999999999999,2.114711511234454,0.5400004291237246,-2.319559132244902,-7.438267399332841,-80.22144795093295,117.11617284005054,1.1,0.9724999999999999,610,1,2,320,0.5245901639344263,16.98815200630885,0.3822806076118726,PLL96-board-fixed,safe_range,final,340401,PAL,8,3,1000000.0,,False,bars,,,,,
10.862558846419457,97.8760107103639,True,2.163739021329987,0,0,2,0.125,0.075,0.5340812933148402,1.2086815943081077,0.3407195128078375,-1.6776948514130292,-65.91357721650394,131.52211794732648,0.125,0.075,610,0,2,24,0.03934426229508197,26.317439262645095,0.4732010204547245,RNG-e2a8f30af45e,safe_range,final,340401,PAL,8,3,1000000.0,,False,bars,,,,,
11.059198871725798,93.68117858781041,True,1.4560853199498118,173,1,0,2.025,1.7974999999999997,3.105488976779184,5.01588916872018,1.6814007564389726,-4.774932336090831,-71.81360959699587,131.08504560329186,1.775,1.3524999999999998,610,4,2,397,0.6508196721311476,22.5535277970219,0.49692786275722234,OVP56,safe_range,final,340401,PAL,10,3,1000000.0,,False,bars,,,,,
11.191378815935058,95.26534095458244,True,1.2628607277289836,70,0,0,2.025,1.2087499999999998,2.855016702292715,3.315963071136019,1.2610413411250307,-3.7049620545320145,-72.77973463549003,135.4685919469208,1.676249999999999,1.2087499999999998,610,2,2,437,0.7163934426229508,24.595954905250537,0.5038032972107501,VLP56,safe_range,final,340401,PAL,10,3,1000000.0,,False,bars,,,,,
12.08113063213803,95.41119534866075,True,1.8682559598494355,0,0,2,0.1,0.06624999999999999,0.41451507318991354,1.6288452710640196,2.2556172363884825,-2.4902965881549766,-59.080968672525486,118.20379170172636,0.1,0.06624999999999999,610,0,2,13,0.021311475409836064,24.00486764880748,0.5051133598855156,RANGE32,safe_range,final,340401,PAL,10,3,1000000.0,,True,bars,,,,,
-6.677548486085513,-82.73273600955683,False,605.4692597239648,610,8,58,2.025,2.025,1000000.0,84.47384866158697,23.182990988636405,-156.30811332912745,-69.45870753056741,82.92521486550906,1000000.0,1000000.0,610,610,2,1436,2.3540983606557377,-6.721311401677817,-0.34379464727487413,PLL96-rejected-board,safe_range,final,340401,PAL,10,3,1000000.0,,False,bars,,,,,
9.425086335969528,95.01214060443318,True,6.008155583437892,533,8,0,2.025,2.025,3.593671159496567,15.175389170999464,-1.1081397084733418,-2.4065383037509003,-54.69995024574453,123.15842830937218,1.86,1000000.0,610,32,2,72,0.1180327868852459,13.2051105690235,0.341734964405022,PLL96-IQ-corrected,safe_range,final,340401,PAL,10,3,1000000.0,,False,bars,,,,,
15.400094004729237,95.71416893106114,True,0.0012547051442910917,0,0,2,0.33874999999999883,0.025,1.1055768652237767,2.3009963523128047,1.873210600408529,-1.6440880115882626,-62.51663431005642,124.37720684732393,0.3387499999999989,0.025,610,0,2,94,0.1540983606557377,26.80820391698645,0.7186231446057589,floating-PLL-IQ40,safe_range,final,340401,PAL,10,3,1000000.0,,False,bars,,,,,
4.236386802494349,44.416501827853594,True,89.49058971141783,610,8,0,2.025,2.025,1000000.0,49.233871131293455,27.18768068058845,-25.80038740996345,-17.71516778943198,103.3585821306916,1000000.0,1000000.0,610,610,2,0,0.0,4.525564756458428,0.395435526783677,HC50,safe_range,final,340401,PAL,10,3,1000000.0,,False,bars,,,,,
11.203624759871552,98.56402792098135,True,4.2101631116687575,10,0,1,1.225,0.2,2.221151399987553,1.5038841914820784,-2.2131054357630107,-5.817965380191955,-65.31523583877139,112.05108125482006,1.0774999999999977,0.2,610,2,2,334,0.5475409836065573,17.576273736131782,0.4188339677690062,PLL96-board-fixed,safe_range,final,340401,PAL,10,3,1000000.0,,False,bars,,,,,
12.240074465238038,97.81954668475436,True,0.966750313676286,0,0,2,0.08874999999999886,0.06624999999999999,0.2265655914147485,1.186005975365839,0.45666920688601775,-1.662216708743858,-57.22997321927537,127.02642196557069,0.08874999999999886,0.06624999999999999,610,0,2,1,0.001639344262295082,27.35816635549334,0.5376138761160398,RNG-e2a8f30af45e,safe_range,final,340401,PAL,10,3,1000000.0,,True,bars,,,,,
12.366547314905851,95.3323305357391,True,0.7145545796737767,23,0,0,1.8774999999999977,1.3399999999999999,2.5736371908486344,3.0345428169691386,1.416852582334057,-3.410757792487161,-70.6400784338873,132.31170726189657,1.3924999999999983,1.3399999999999999,610,1,2,427,0.7,24.82037188071829,0.5586659302070239,OVP56,safe_range,final,340401,PAL,12,3,1000000.0,,False,bars,,,,,
12.505266421965453,96.24865530133862,True,0.6775407779171895,1,0,0,1.113749999999999,0.48624999999999985,2.1778160619463693,2.115598552206291,1.2286907426633087,-2.696447310334979,-70.81130520358471,131.0509754087235,1.1,0.4862499999999998,610,1,2,330,0.5409836065573771,26.2583881032715,0.5656849770094353,VLP56,safe_range,final,340401,PAL,12,3,1000000.0,,False,bars,,,,,
13.170554938050213,95.72150707918918,True,1.4215809284818068,0,0,2,0.1,0.06624999999999999,0.06992384616348762,1.3444247343143896,2.1893712160814798,-2.2378032797504477,-53.9255822205409,111.2212294865163,0.1,0.06624999999999999,610,0,2,1,0.001639344262295082,24.45775876834919,0.5636196275667811,RANGE32,safe_range,final,340401,PAL,12,3,1000000.0,,True,bars,,,,,
-6.679633978063338,-82.56843291570726,False,606.0276035131744,610,8,58,2.025,2.025,1000000.0,83.79792360461235,23.192178290673326,-156.33130168818664,-68.93486241797072,81.85313900127777,1000000.0,1000000.0,610,610,2,1420,2.3278688524590163,-6.72474726288381,-0.35150744316710847,PLL96-rejected-board,safe_range,final,340401,PAL,12,3,1000000.0,,False,bars,,,,,
9.33153840894472,95.86758123824087,True,6.089084065244667,544,8,0,2.025,2.025,3.5974054202405044,15.56258318302739,-1.2663082232766354,-2.0877077525265615,-54.96423026857909,123.39724869194863,1.925,1000000.0,610,35,2,65,0.10655737704918032,12.736931600190983,0.35146972881460115,PLL96-IQ-corrected,safe_range,final,340401,PAL,12,3,1000000.0,,False,bars,,,,,
16.875301901442647,96.02734090832955,True,0.0,0,0,2,0.05,0.025,0.4250397763450026,1.9757690862444466,1.8158677947773063,-1.3910113088070368,-60.38287169037386,122.0300903197545,0.05,0.025,610,0,2,12,0.019672131147540985,27.61077934669576,0.7803420675980696,floating-PLL-IQ40,safe_range,final,340401,PAL,12,3,1000000.0,,True,bars,,,,,
4.2962913523962145,44.483568719405795,True,88.99435382685068,610,8,0,2.025,2.025,1000000.0,49.12926202625382,27.150209814931866,-25.729035270559947,-7.920797081428844,93.89308454604908,1000000.0,1000000.0,610,610,2,0,0.0,4.536789406495406,0.4430438399709119,HC50,safe_range,final,340401,PAL,12,3,1000000.0,,False,bars,,,,,
11.57608729767575,98.9079829375193,True,3.9924717691342537,3,0,0,1.025,1.1262499999999993,1.9894881806026958,2.6482473631717096,-2.0612580197348036,-4.533112480831373,-61.24403533990099,112.26182475390483,0.975,1.1262499999999993,610,1,2,273,0.44754098360655736,17.687827631305314,0.4419745718783686,PLL96-board-fixed,safe_range,final,340401,PAL,12,3,1000000.0,,False,bars,,,,,
13.366839415112157,98.06777041934542,True,0.671267252195734,0,0,2,0.075,0.06624999999999999,0.0778423164449016,1.0204762675620254,0.4281777496633629,-1.4444692948123832,-52.54504366751628,118.58124330107883,0.075,0.06624999999999999,610,0,2,1,0.001639344262295082,27.970143264701072,0.5933573169022124,RNG-e2a8f30af45e,safe_range,final,340401,PAL,12,3,1000000.0,,True,bars,,,,,
13.438679451808667,96.30129853823128,True,0.5445420326223337,2,0,1,0.9,0.05,1.8347539228018679,1.8282612361090582,1.2739232551415312,-2.5426058974701466,-66.111437964324,130.14230347975058,0.875,0.05,610,1,2,236,0.38688524590163936,26.305986482732337,0.610539538873642,OVP56,safe_range,final,340401,PAL,14,3,1000000.0,,False,bars,,,,,
13.587757613960177,96.77351600682768,True,0.5363864491844417,0,0,2,0.663749999999999,0.05,1.3474573809373798,1.415822403586003,1.246137009442543,-2.0883403771302835,-65.64669920021001,129.7244248515678,0.6637499999999988,0.05,610,0,2,137,0.22459016393442624,27.181163325396035,0.6175641268184004,VLP56,safe_range,final,340401,PAL,14,3,1000000.0,,False,bars,,,,,
14.056193748383476,95.75840357424968,True,1.2879548306148054,0,0,2,0.075,0.05,0.04544858381172953,1.3163084043652107,2.118360127465892,-2.347052018884803,-52.559921087399324,110.46427376297372,0.075,0.05,610,0,2,0,0.0,24.709261672787406,0.6125678698343813,RANGE32,safe_range,final,340401,PAL,14,3,1000000.0,,True,bars,,,,,
-6.679581913350024,-82.43718175208834,False,606.5238393977415,610,8,59,2.025,2.025,1000000.0,83.40226079649547,23.193876123686934,-156.27176001172154,-69.12340003415842,82.10901355509394,1000000.0,1000000.0,610,610,2,1429,2.3426229508196723,-6.725255615832896,-0.3578307724506403,PLL96-rejected-board,safe_range,final,340401,PAL,14,3,1000000.0,,False,bars,,,,,
9.223573114164651,96.43898539027454,True,6.21831869510665,554,8,0,2.025,2.025,3.6370796271577164,15.875834346189942,-1.2317460034690753,-1.923488180855792,-55.13194954420455,123.10770271640065,1.8,1000000.0,610,80,2,68,0.11147540983606558,12.361754664392226,0.3574838950953906,PLL96-IQ-corrected,safe_range,final,340401,PAL,14,3,1000000.0,,False,bars,,,,,
18.16528128517859,96.18154745237378,True,0.0,0,0,2,0.025,0.025,0.033845114910112044,1.8027482052494064,1.7747787688507572,-1.282205125062954,-55.89054692692528,120.92058110834152,0.025,0.025,610,0,2,0,0.0,28.103183637243344,0.8283826737817237,floating-PLL-IQ40,safe_range,final,340401,PAL,14,3,1000000.0,,True,bars,,,,,
4.331567737580452,44.49872510799486,True,88.98682559598495,610,8,0,2.025,2.025,1000000.0,49.05555104591122,27.12378896135944,-25.707395745950585,-3.9528364965808933,89.69767682442237,1000000.0,1000000.0,610,610,2,0,0.0,4.541904451069776,0.4820082747956638,HC50,safe_range,final,340401,PAL,14,3,1000000.0,,False,bars,,,,,
11.816700022027145,98.79197879519315,True,3.93099121706399,8,0,0,1.1524999999999979,1.2399999999999993,2.0815496240083498,3.6938892012475346,-1.8311114105625088,-3.74772483669358,-60.71357468071737,111.72192810507609,0.975,1.2399999999999995,610,1,2,303,0.4967213114754098,17.728434772868468,0.4581721100071661,PLL96-board-fixed,safe_range,final,340401,PAL,14,3,1000000.0,,False,bars,,,,,
14.302249820195733,98.16090260002173,True,0.5853199498117942,0,0,2,0.075,0.06624999999999999,0.035122735619211795,1.0054089306598362,0.419202613750948,-1.3381075471128512,-51.37952988362411,117.13526948602863,0.075,0.06624999999999999,610,0,2,0,0.0,28.350027321256004,0.6397098110726257,RNG-e2a8f30af45e,safe_range,final,340401,PAL,14,3,1000000.0,,True,bars,,,,,
14.844130741415055,97.18744323295815,True,0.4228356336260979,0,0,2,0.05,0.05,0.5791183590342236,0.6392591748326334,1.1512953031576112,-1.682430452870445,-64.80080794886389,124.16332883685365,0.05,0.05,610,0,2,24,0.03934426229508197,27.62532877450966,0.6769204092257576,OVP56,safe_range,final,340401,PAL,18,3,1000000.0,,False,bars,,,,,
15.018587420276797,97.27804653309093,True,0.41593475533249685,0,0,2,0.05,0.05,0.3012167946463961,0.7046003477746067,1.2611195246307603,-1.4575981014812474,-60.71034467245989,123.72512642869154,0.05,0.05,610,0,2,7,0.011475409836065573,27.99596114316848,0.6845893281333002,VLP56,safe_range,final,340401,PAL,18,3,1000000.0,,True,bars,,,,,
15.185568776844953,95.6541548654072,True,1.1135508155583438,0,0,2,0.075,0.05,0.042416745842519,1.3592238352645436,2.0158563749325413,-2.7568904085091868,-50.45012603080498,108.63643301813576,0.075,0.05,610,0,2,0,0.0,24.95124506272372,0.6745632646553064,RANGE32,safe_range,final,340401,PAL,18,3,1000000.0,,True,bars,,,,,
-6.684932560380026,-82.47518710135567,False,607.7390213299875,610,8,59,2.025,2.025,1000000.0,83.60493986243996,22.91672653752051,-156.19960256232707,-70.16740024445977,75.72668362072969,1000000.0,1000000.0,610,610,2,1466,2.40327868852459,-6.730996621665113,-0.36258847801605687,PLL96-rejected-board,safe_range,final,340401,PAL,18,3,1000000.0,,False,bars,,,,,
9.067783998359308,97.4088235910723,True,6.3657465495608525,578,8,0,2.025,2.025,3.6557878981486334,15.618425183499495,-1.159498548139887,-1.7079900005793687,-53.473158001419186,119.39277293635996,1.8725,1000000.0,610,80,2,25,0.040983606557377046,11.93055954796547,0.3645843462231544,PLL96-IQ-corrected,safe_range,final,340401,PAL,18,3,1000000.0,,False,bars,,,,,
20.01105356175508,96.33140253023024,True,0.0,0,0,2,0.025,0.025,0.02042077855326068,1.6554258644993765,1.7300777756976409,-1.1727795129109644,-51.374858972081896,115.33520939631529,0.025,0.025,610,0,2,0,0.0,28.620202118549727,0.8862975391137605,floating-PLL-IQ40,safe_range,final,340401,PAL,18,3,1000000.0,,True,bars,,,,,
4.365004531213261,44.49233111003235,True,88.8939774153074,610,8,0,2.025,2.025,1000000.0,48.97373647760334,27.11224159456454,-25.692258237731135,-0.9439419459501792,86.48686134796466,1000000.0,1000000.0,610,610,2,0,0.0,4.544175139965409,0.5345638864023562,HC50,safe_range,final,340401,PAL,18,3,1000000.0,,False,bars,,,,,
12.001260037231432,98.14957983830804,True,3.8143036386449185,22,0,0,1.8024999999999978,0.7524999999999998,2.395463443792081,5.014575092254612,-1.260643083523499,-2.9722159530684937,-60.02057775372027,111.78443747946883,1.4074999999999989,0.7524999999999998,610,1,2,343,0.5622950819672131,17.59128353924661,0.4745837120992209,PLL96-board-fixed,safe_range,final,340401,PAL,18,3,1000000.0,,False,bars,,,,,
15.541316139704353,98.22033693389852,True,0.4617314930991217,0,0,2,0.075,0.05,0.029770295460463246,1.1164222065883134,0.3796005378636223,-1.2404982645069695,-49.41967826869384,115.20649984193295,0.075,0.05,610,0,2,0,0.0,28.757045153765795,0.6994773040743277,RNG-e2a8f30af45e,safe_range,final,340401,PAL,18,3,1000000.0,,True,bars,,,,,
15.501370835709976,97.45761192993687,True,0.35633626097867,0,0,2,0.05,0.04124999999999999,0.021280715506275076,0.2813131277200994,1.0888622209896928,-1.4118108614582345,-60.83716390341372,124.19970770438616,0.05,0.04124999999999999,610,0,2,0,0.0,27.972991290712788,0.7066900556917028,OVP56,safe_range,final,340401,PAL,22,3,1000000.0,,True,bars,0.8192228993531676,-60.92795834538114,16.183716357282258,26.551702020673527,12.213018871791796
15.699109285681264,97.45627613490235,True,0.36323713927227097,0,0,2,0.05,0.04124999999999999,0.01957541114029219,0.431575592902836,1.2407334563829546,-1.2774317961575004,-58.97517686606196,123.54773708126751,0.05,0.04124999999999999,610,0,2,0,0.0,28.27575047530597,0.7151114055213196,VLP56,safe_range,final,340401,PAL,22,3,1000000.0,,True,bars,0.810726802667457,-60.88414527339308,15.25712446305205,25.804420755620416,11.985560577874269
15.708284395095104,95.59716567809056,True,1.006900878293601,0,0,2,0.05,0.05,0.039111547076970746,1.349820735321231,1.9546583543441374,-2.9944093050677405,-48.90417960004086,107.49812660218879,0.05,0.05,610,0,2,0,0.0,25.05554035399721,0.7025891374837975,RANGE32,safe_range,final,340401,PAL,22,3,1000000.0,,True,bars,0.7862210874918634,-61.95717605288431,15.978933775765883,25.10552445081377,12.071944568831674
-6.693130255200947,-82.67925872203185,False,608.6618569636136,610,8,59,2.025,2.025,1000000.0,84.19979875009273,22.74454794569269,-156.2090641001109,-67.79515704728723,74.37218271650917,1000000.0,1000000.0,610,610,2,1480,2.4262295081967213,-6.738789743680512,-0.36404236606473717,PLL96-rejected-board,safe_range,final,340401,PAL,22,3,1000000.0,contrast;waveform;detail_floor;sync;h_jitter_us;v_jitter_us;h_width_rmse_us;sync_error_ire;black_error_ire;white_error_ire;contrast;stress_waveform;reference_detail;burst_gain;burst_phase_jitter_deg;burst_amplitude_jitter_pct;burst_rmse_ire;h_missing;v_missing;vertical_trains;sync_error_ire;black_error_ire;white_error_ire,False,bars,0.32406112677092247,65.06672880142996,25.773947895747703,37.43151456016747,28.748031035899086
8.992971645351467,98.27769711929167,True,6.387703889585947,603,8,0,2.025,2.025,3.6645015252516173,14.697095482786212,-1.1196110381048878,-1.647605789642004,-48.762076032042515,111.44750124778923,1.6949999999999996,1000000.0,610,249,2,4,0.006557377049180328,11.767991239647797,0.36784254925044585,PLL96-IQ-corrected,safe_range,final,340401,PAL,22,3,1000000.0,waveform;detail_floor;sync;h_jitter_us;v_jitter_us;h_width_rmse_us;sync_error_ire;stress_waveform;reference_detail;burst_gain;burst_phase_jitter_deg;burst_rmse_ire;h_missing;v_missing;vertical_trains;sync_error_ire,False,bars,0.37467216956694516,-113.49954711718343,25.93459787787072,32.35125191264042,16.954053864829124
20.98077379820493,96.379414469647,True,0.0,0,0,2,0.025,0.025,0.019205531989934396,1.6327855345361575,1.7186989538795165,-1.1179463287221483,-48.971800610856334,114.2589830156702,0.025,0.025,610,0,2,0,0.0,28.818810310858495,0.9115396290180984,floating-PLL-IQ40,safe_range,final,340401,PAL,22,3,1000000.0,burst_gain,True,bars,0.48956069426566085,13.459244393518894,10.514569215632893,19.692395686207085,6.994111926866405
4.377652786290513,44.489038018368994,True,88.82057716436638,610,8,0,2.025,2.025,1000000.0,48.93839273989546,27.122762371855366,-25.658467059432322,0.8677265855377101,85.57255866585399,1000000.0,1000000.0,610,610,2,0,0.0,4.544390299157127,0.5605155342608499,HC50,safe_range,final,340401,PAL,22,3,1000000.0,contrast;waveform;detail_floor;sync;h_jitter_us;v_jitter_us;h_width_rmse_us;sync_error_ire;black_error_ire;white_error_ire;contrast;stress_waveform;reference_detail;burst_gain;burst_rmse_ire;h_missing;v_missing;vertical_trains;sync_error_ire;black_error_ire;white_error_ire,False,bars,0.40824882104832194,98.29113156052276,14.866194508685119,23.89049409629791,30.69252522740214
11.973236578672337,97.44683583756483,True,3.769134253450439,0,0,2,0.425,0.18874999999999992,0.12589841077656846,5.62235548878308,-0.8310227197443935,-2.752972349096015,-59.83334221266023,111.40104856567959,0.425,0.18874999999999992,610,0,2,0,0.0,17.198454448038827,0.4797660551065617,PLL96-board-fixed,safe_range,final,340401,PAL,22,3,1000000.0,waveform;detail_floor;h_jitter_us;sync_error_ire;stress_waveform;reference_detail;burst_gain;burst_phase_jitter_deg;burst_amplitude_jitter_pct;burst_rmse_ire,True,bars,0.42504447319397687,-100.17681520469058,24.680732407760342,35.750414460875085,15.504296901569145
16.114091372294958,98.22570719686857,True,0.4134253450439147,0,0,2,0.05,0.05,0.025647356301301345,1.2415869196374316,0.3097850635836927,-1.2064868008055072,-48.13366961354842,114.43102781615397,0.05,0.05,610,0,2,0,0.0,28.873074669672448,0.7259920618450447,RNG-e2a8f30af45e,safe_range,final,340401,PAL,22,3,1000000.0,,True,bars,0.7313990102823416,-60.309522572572085,15.029827701666255,25.531113544884406,11.522304169904485
15.926042872491031,97.54374658307988,True,0.3111668757841907,0,0,2,0.05,0.04124999999999999,0.0197058283797243,0.1483179023010685,1.0730308299550637,-1.3129740035544941,-55.0514770697244,124.03299146804481,0.05,0.04124999999999999,610,0,2,0,0.0,28.11680445807997,0.7258223194388986,OVP56,safe_range,final,340401,PAL,30,3,1000000.0,,True,bars,0.8088231378694923,-60.62646026201167,15.835909870539556,26.468458508030967,12.036314229087461
16.142749519390705,97.52366951833363,True,0.3306148055207026,0,0,2,0.05,0.05,0.017444290718986673,0.29180926207531,1.2410715179602467,-1.2188303274361965,-55.84647114919924,123.56606254188755,0.05,0.05,610,0,2,0,0.0,28.41231602083794,0.7348414053418566,VLP56,safe_range,final,340401,PAL,30,3,1000000.0,,True,bars,0.7960833335795745,-60.50644762725199,15.637262487691094,25.434939015597998,11.779171643819108
16.0476558054211,95.64729713981025,True,0.9259723964868256,0,0,2,0.05,0.05,0.038623869286861,1.2580186592137856,1.8861673659509752,-3.0684488575370477,-45.64995824135975,103.69237575068276,0.05,0.05,610,0,2,0,0.0,25.187178541188196,0.7205240400577837,RANGE32,safe_range,final,340401,PAL,30,3,1000000.0,,True,bars,0.7783161522217842,-61.37907511962265,15.429923813329777,26.334074120163578,11.884541229256545
-6.701177809676019,-83.00000285418002,False,609.2948557089084,610,8,59,2.025,2.025,1000000.0,84.97982114660809,22.73744516395183,-156.2508223757606,-67.58865414147283,68.28748021816487,1000000.0,1000000.0,610,610,2,1495,2.4508196721311477,-6.746609154789396,-0.36394699597629,PLL96-rejected-board,safe_range,final,340401,PAL,30,3,1000000.0,contrast;waveform;detail_floor;sync;h_jitter_us;v_jitter_us;h_width_rmse_us;sync_error_ire;black_error_ire;white_error_ire;contrast;stress_waveform;reference_detail;burst_gain;burst_phase_jitter_deg;burst_rmse_ire;h_missing;v_missing;vertical_trains;sync_error_ire;black_error_ire;white_error_ire,False,bars,0.3269919397952543,65.47726683760827,23.45149841457266,30.470041039221922,28.691586101380125
8.943756365925623,98.92485959155319,True,6.417189460476788,610,8,0,2.025,2.025,1000000.0,13.889828517347231,-1.0846173759722544,-1.6235919605706997,-45.61546743227021,107.06703258183587,1000000.0,1000000.0,610,610,2,0,0.0,11.674120785679701,0.36865144056876864,PLL96-IQ-corrected,safe_range,final,340401,PAL,30,3,1000000.0,waveform;detail_floor;sync;h_jitter_us;v_jitter_us;h_width_rmse_us;sync_error_ire;stress_waveform;reference_detail;burst_gain;burst_phase_jitter_deg;burst_rmse_ire;h_missing;v_missing;vertical_trains;sync_error_ire,False,bars,0.37563304509639905,-112.26682384925326,21.52563301456584,32.03283816725482,16.931241525056866
21.648205000416468,96.39286875975084,True,0.0,0,0,2,0.025,0.025,0.019205531989934396,1.6361798707908788,1.7211486240850442,-1.0816067896819086,-46.14867364328107,111.70540298596386,0.025,0.025,610,0,2,0,0.0,28.921538733331076,0.9270187754779181,floating-PLL-IQ40,safe_range,final,340401,PAL,30,3,1000000.0,burst_gain,True,bars,0.48579442305308884,13.164869800421513,6.83998575918888,16.29554475189446,6.870986658304882
4.384929453056216,44.491906152874364,True,88.79673776662484,610,8,0,2.025,2.025,1000000.0,48.923309362881554,27.128406494267747,-25.616539368688763,2.662189405226215,84.25519782461846,1000000.0,1000000.0,610,610,2,0,0.0,4.5451364524481095,0.5759293794561889,HC50,safe_range,final,340401,PAL,30,3,1000000.0,contrast;waveform;detail_floor;sync;h_jitter_us;v_jitter_us;h_width_rmse_us;sync_error_ire;black_error_ire;white_error_ire;contrast;stress_waveform;reference_detail;burst_gain;burst_rmse_ire;h_missing;v_missing;vertical_trains;sync_error_ire;black_error_ire;white_error_ire,False,bars,0.4069296639671365,98.54612988775625,14.926306165999188,24.38061649301429,30.695146852123912
11.89287662954866,96.97324692365913,True,3.664366373902133,0,0,2,0.2637499999999989,0.075,0.10154543519940258,5.722179399710346,-0.6713902497742048,-2.7014529260981863,-50.49313295231958,110.81753701639782,0.2637499999999989,0.075,610,0,2,0,0.0,16.75463512812207,0.48438794206868907,PLL96-board-fixed,safe_range,final,340401,PAL,30,3,1000000.0,waveform;detail_floor;sync_error_ire;stress_waveform;reference_detail;burst_gain;burst_phase_jitter_deg;burst_rmse_ire,True,bars,0.42580213541441636,-100.51731469003082,26.9250867059156,30.723126943860017,15.480109941525406
16.482569472056426,98.22260421662921,True,0.37327478042659973,0,0,2,0.05,0.06624999999999999,0.024565903332818377,1.288691929614126,0.2758525999601653,-1.1991459741440413,-44.73924142077445,114.41182413708258,0.05,0.06624999999999999,610,0,2,0,0.0,28.93389018295471,0.7430425994673379,RNG-e2a8f30af45e,safe_range,final,340401,PAL,30,3,1000000.0,,True,bars,0.7250014203433673,-59.27658228141914,14.548801876688312,27.868908747823678,11.270233926962373
0.7473670341594267,55.18611713052361,True,221.35175980756668,506,12,0,2.025,2.025,1000000.0,35.465621661844054,13.910861072513539,-30.13558788559393,-89.1493193053788,148.68462917360986,1000000.0,1000000.0,506,506,2,0,0.0,5.503567369202429,0.12421431278504573,OVP56,safe_range,final,340401,NTSC,0,3,1000000.0,,False,bars,,,,,
-0.007339528502434282,59.11591755322893,True,226.89264737315867,506,12,0,2.025,2.025,1000000.0,26.197586629314273,8.71556617219189,-33.255884987703524,-94.42727111558435,155.68146182835062,1000000.0,1000000.0,506,506,2,0,0.0,5.464435157761134,0.11723242024746543,VLP56,safe_range,final,340401,NTSC,0,3,1000000.0,,False,bars,,,,,
1.166716507386952,62.78640094225812,True,167.80414670933595,453,12,0,2.025,2.025,3.4854295774872055,31.74723344766211,4.827914832603348,-35.126840721463964,-74.25855808069218,132.80498536234433,1.975,1000000.0,506,34,2,59,0.116600790513834,5.978012855506582,0.12278154021038531,RANGE32,safe_range,final,340401,NTSC,0,3,1000000.0,,False,bars,,,,,
-6.691867592883129,-77.47337955161174,False,635.1300701153335,506,12,1,2.025,2.025,1000000.0,89.5980640983995,19.378906954177364,-148.41648313127547,-77.52665627036247,137.15988310309672,1000000.0,1000000.0,506,506,2,2956,5.841897233201581,-6.581448287128414,-0.09859347953024683,PLL96-rejected-board,safe_range,final,340401,NTSC,0,3,1000000.0,,False,bars,,,,,
2.6830049249610814,84.7427632883618,True,115.69481616174997,315,9,0,2.025,2.025,3.279070548939359,12.244747336677799,3.553390160201519,-11.546035735257755,-77.24369267291644,137.81269592704308,1.8,0.61,506,9,2,224,0.4426877470355731,5.605197959220943,0.09784326112911103,PLL96-IQ-corrected,safe_range,final,340401,NTSC,0,3,1000000.0,,False,bars,,,,,
5.902604101659888,92.16508347540886,True,40.484906688503074,410,10,0,2.025,2.025,3.4644624402640014,4.8547803231572235,1.4002027372580261,-7.857389517238888,-79.24619696624738,140.50956777115127,1.73125,0.02375,506,20,2,120,0.23715415019762845,13.419274104080301,0.26416892552643156,floating-PLL-IQ40,safe_range,final,340401,NTSC,0,3,1000000.0,,False,bars,,,,,
0.8292993152291128,31.743415226367187,True,225.79455514846447,506,12,0,2.025,2.025,1000000.0,52.704517853145745,26.872001423314188,-41.574435427495104,-86.47814443889753,140.17228390146803,1000000.0,1000000.0,506,506,2,0,0.0,2.79239780509066,0.07805812436134578,HC50,safe_range,final,340401,NTSC,0,3,1000000.0,,False,bars,,,,,
0.19960900041377982,69.13157227082966,True,198.07431201775012,354,10,0,2.025,2.025,3.3680563317657515,17.67437357825154,2.4545167880343013,-31.082674941380873,-83.85235876469109,129.2900231671014,1.8862499999999998,1.9637499999999999,506,11,2,158,0.31225296442687744,3.8326538916473822,0.08520926685942401,PLL96-board-fixed,safe_range,final,340401,NTSC,0,3,1000000.0,,False,bars,,,,,
0.8407465001807704,70.63346956309086,True,168.68397522932742,372,10,0,2.025,2.025,3.3888425356370986,28.257604477879084,4.450164510236686,-24.47460781782542,-80.23828618116391,140.19339654819203,1.95,1.8912499999999999,506,16,2,130,0.25691699604743085,6.658888318823626,0.13496393473781448,RNG-e2a8f30af45e,safe_range,final,340401,NTSC,0,3,1000000.0,,False,bars,,,,,
2.761421452024802,68.6354430005503,True,134.96674865353873,505,12,0,2.025,2.025,3.65,25.93618240318261,9.318499839651817,-21.55914044067004,-88.84749160219806,147.63178383677894,0.525,1000000.0,506,388,2,2,0.003952569169960474,8.438600443047314,0.18325218609918054,OVP56,safe_range,final,340401,NTSC,2,3,1000000.0,,False,bars,,,,,
2.214129774142081,72.9669130633693,True,133.8520984926257,502,12,0,2.025,2.025,3.5938967361347487,18.429611522213925,5.796808946208399,-22.316782466036617,-91.2510591780594,151.8647388041938,1.4349999999999996,1000000.0,506,172,2,3,0.005928853754940711,8.800295552030505,0.17580335335869818,VLP56,safe_range,final,340401,NTSC,2,3,1000000.0,,False,bars,,,,,
3.2779702574273135,77.02149361469718,True,91.72118241727806,323,9,0,2.025,2.025,3.2916125401927396,19.895914058260892,2.8964856147297766,-23.124729239708245,-72.73273880729631,130.596539494204,1.8975000000000002,1.3975,506,12,2,217,0.4288537549407115,9.296490866334228,0.1784235993442708,RANGE32,safe_range,final,340401,NTSC,2,3,1000000.0,,False,bars,,,,,
-6.657186511709634,-81.51863972414867,False,618.3282806540084,506,12,7,2.025,2.025,1000000.0,89.83635396457926,20.496895803979076,-153.28950989764564,-76.32705074787444,136.14988424499137,1000000.0,1000000.0,506,506,2,2320,4.58498023715415,-6.627650114088182,-0.16205461614701586,PLL96-rejected-board,safe_range,final,340401,NTSC,2,3,1000000.0,,False,bars,,,,,
5.608337638712937,89.3087137085308,True,48.54260055935719,343,7,0,2.025,2.025,3.268539616861614,10.969908205010704,2.163571094935514,-6.972381373017933,-74.77795194940843,137.09037446173807,1.9,1.7099999999999997,506,14,2,193,0.3814229249011858,9.771651063894055,0.16065592669495704,PLL96-IQ-corrected,safe_range,final,340401,NTSC,2,3,1000000.0,,False,bars,,,,,
8.22342079981233,94.10268772739683,True,11.558192114207612,328,10,0,2.025,2.025,3.37180716640435,3.909388554248382,1.4831989955095652,-4.640742282822254,-77.48655442126447,138.05309517549432,1.8825000000000003,1.63875,506,14,2,199,0.3932806324110672,18.852188433059112,0.3715889434804983,floating-PLL-IQ40,safe_range,final,340401,NTSC,2,3,1000000.0,,False,bars,,,,,
2.115507884324474,38.05065223847679,True,169.20555022022054,506,12,0,2.025,2.025,1000000.0,50.75792898137615,27.132596340548837,-34.4608477382995,-81.56143127688192,131.47767390258684,1000000.0,1000000.0,506,506,2,0,0.0,3.610342292044878,0.120447638852393,HC50,safe_range,final,340401,NTSC,2,3,1000000.0,,False,bars,,,,,
2.792087453292958,81.14481968045143,True,102.31073526268413,214,7,0,2.025,2.025,3.241866799001118,9.832064270603786,0.19349779612440782,-22.183235008742564,-83.32672224810517,128.33637760067114,1.8,1.9300000000000002,506,7,2,291,0.575098814229249,7.064678311848614,0.1332476068291791,PLL96-board-fixed,safe_range,final,340401,NTSC,2,3,1000000.0,,False,bars,,,,,
3.2582900062363294,84.56272580817644,True,85.59098284898862,185,6,0,2.025,2.025,3.0971670177479202,16.070182963223846,1.98780135757345,-12.945574586453429,-77.26458524488281,138.80036461061087,1.85,1.91875,506,7,2,324,0.6403162055335968,10.455511899948862,0.2028914722424203,RNG-e2a8f30af45e,safe_range,final,340401,NTSC,2,3,1000000.0,,False,bars,,,,,
5.102305922690319,80.52357343420358,True,65.29020041123893,500,12,0,2.025,2.025,3.6128387961084933,16.93382440223042,5.120485378162602,-14.030498089329297,-81.35750665422623,143.04627801724047,1.74375,1000000.0,506,168,2,7,0.01383399209486166,12.364436631105363,0.263137836219595,OVP56,safe_range,final,340401,NTSC,4,3,1000000.0,,False,bars,,,,,
4.844845197949022,84.7468085313401,True,61.81679697260716,486,12,0,2.025,2.025,3.5671066706786325,11.165033127354366,2.9196699746508776,-13.092246400133703,-89.64502520828638,151.03111897615483,1.5850000000000002,1000000.0,506,68,2,19,0.037549407114624504,13.364668139658937,0.26072752149182327,VLP56,safe_range,final,340401,NTSC,4,3,1000000.0,,False,bars,,,,,
5.884100684855904,88.50328243891714,True,39.52228848741748,74,3,0,2.025,2.025,2.896236982259464,9.008675303986152,1.6857625824253393,-12.096947721175207,-70.17880258220274,131.0453213357975,1.725,1.5449999999999997,506,3,2,400,0.7905138339920948,13.945803295120289,0.25757268170605446,RANGE32,safe_range,final,340401,NTSC,4,3,1000000.0,,False,bars,,,,,
-6.691489685481695,-83.99279634116947,False,610.6551824835099,506,12,37,2.025,2.025,1000000.0,88.59838266961202,21.383455490729457,-156.77826158576568,-73.98687153766977,134.3149116213653,1000000.0,1000000.0,506,506,2,1667,3.294466403162055,-6.709733572790565,-0.2377448271375539,PLL96-rejected-board,safe_range,final,340401,NTSC,4,3,1000000.0,,False,bars,,,,,
7.941300965530731,92.51684327820088,True,18.193408737171364,358,6,0,2.025,2.025,3.387270611561165,10.949016742194207,0.10757249555988166,-4.104029582872586,-73.66750050779653,136.33748160897585,1.8662500000000002,1.4625,506,17,2,175,0.3458498023715415,13.169857936531994,0.2334928052218829,PLL96-IQ-corrected,safe_range,final,340401,NTSC,4,3,1000000.0,,False,bars,,,,,
10.212470033693144,95.79291679409368,True,2.2112371186782553,131,3,0,2.025,2.025,3.1575966599087137,2.6413375258308327,1.2544001947374535,-2.6043829884958094,-79.21017842882644,135.35990314805406,1.7575000000000003,1.89,506,5,2,379,0.7490118577075099,23.457692332000132,0.47745704082852236,floating-PLL-IQ40,safe_range,final,340401,NTSC,4,3,1000000.0,,False,bars,,,,,
3.240768377278304,42.61132411513758,True,127.38170859838574,506,12,0,2.025,2.025,1000000.0,49.399618501884106,27.08452516964622,-28.98419387385897,-74.7799985020543,124.45157433409568,1000000.0,1000000.0,506,506,2,0,0.0,4.214819914047511,0.18859016010334093,HC50,safe_range,final,340401,NTSC,4,3,1000000.0,,False,bars,,,,,
5.826831044302261,90.5505433067527,True,40.85444971956878,56,1,0,2.025,1.9975,2.860249600607922,3.351323738938857,-1.6095438544279839,-14.8588390517459,-81.87845944415587,128.86112766593507,1.65,1.3625,506,2,2,411,0.8122529644268774,11.003748612600228,0.21084390468959557,PLL96-board-fixed,safe_range,final,340401,NTSC,4,3,1000000.0,,False,bars,,,,,
6.153368075635301,94.2930131493106,True,32.61010274952057,25,1,0,2.0,1.8737499999999998,2.4665735722070377,6.1450362667680425,0.2643064817101126,-4.928198326279989,-75.8165845697933,136.03851354555613,1.45,1.175,506,2,2,327,0.6462450592885376,15.72395107147539,0.2976077606078317,RNG-e2a8f30af45e,safe_range,final,340401,NTSC,4,3,1000000.0,,False,bars,,,,,
7.492543360141724,87.77487217323757,True,22.41191930565047,474,12,0,2.025,2.025,3.483260752333939,10.900473179606204,2.7591355920581795,-9.459467935472386,-80.26486061712365,136.0783780484095,1.9112500000000001,1000000.0,506,59,2,43,0.08498023715415019,16.455859174918864,0.35546563482199384,OVP56,safe_range,final,340401,NTSC,6,3,1000000.0,,False,bars,,,,,
7.4904806735900875,91.14448793180776,True,20.10810827083967,430,11,0,2.025,2.025,3.3998718048587775,6.846521637502544,1.5017784894951913,-7.950259215154869,-82.79544095810436,143.86021555709158,1.8,1.725,506,28,2,110,0.21739130434782608,18.26573122609452,0.35860963818895275,VLP56,safe_range,final,340401,NTSC,6,3,1000000.0,,False,bars,,,,,
8.568236336043784,93.7066590649381,True,12.763910924324211,7,1,0,1.125,1.4749999999999992,1.9602621649950351,3.4939827030090327,1.7059753238577484,-5.796617505118199,-65.36851313885904,126.52469867888688,1.05,1.0,506,1,2,248,0.4901185770750988,19.031809137167077,0.3564182719864537,RANGE32,safe_range,final,340401,NTSC,6,3,1000000.0,,False,bars,,,,,
-6.655462297122964,-83.82255063956833,False,606.499893126048,506,12,47,2.025,2.025,1000000.0,86.82737766673674,22.146978986058098,-157.19426160865382,-73.33107419239276,131.9639072631702,1000000.0,1000000.0,506,506,2,1351,2.6699604743083003,-6.6931044112327225,-0.2923603810633259,PLL96-rejected-board,safe_range,final,340401,NTSC,6,3,1000000.0,,False,bars,,,,,
9.103909757346237,93.50367133692471,True,8.500242347975567,408,9,0,2.025,2.025,3.4894492943086335,12.428871881514759,-0.632199844232974,-3.133581880865162,-71.36034809395102,132.756561111488,1.8287499999999999,0.605,506,20,2,110,0.21739130434782608,14.238070566125034,0.28672586076968826,PLL96-IQ-corrected,safe_range,final,340401,NTSC,6,3,1000000.0,,False,bars,,,,,
12.098080422530753,95.9460713856407,True,0.29578495154545753,28,1,0,2.025,2.01125,2.7255656585369237,2.2924019402405205,1.4105724579695895,-2.0242897094814998,-70.58957942059413,130.18795801859693,1.6,1.85,506,1,2,398,0.7865612648221344,25.752588150422827,0.5720883087065899,floating-PLL-IQ40,safe_range,final,340401,NTSC,6,3,1000000.0,,False,bars,,,,,
3.8901656953720876,44.31031909117327,True,105.44244310843642,506,12,0,2.025,2.025,1000000.0,49.019460450549374,27.02239561662051,-26.53908024115055,-61.90542242013952,115.83516586431288,1000000.0,1000000.0,506,506,2,0,0.0,4.459973700175065,0.2748021494464856,HC50,safe_range,final,340401,NTSC,6,3,1000000.0,,False,bars,,,,,
8.74513505077248,95.51454725786233,True,13.105606517203695,9,0,0,1.4,1.4599999999999995,2.3292390662546,0.5896237823978411,-2.4642929968433442,-10.221569466913826,-80.94476865056778,124.17134932819495,1.3,1.4599999999999995,506,1,2,335,0.6620553359683794,14.860557853011416,0.30978589470262435,PLL96-board-fixed,safe_range,final,340401,NTSC,6,3,1000000.0,,False,bars,,,,,
8.915580007214043,97.52028702713449,True,8.807316801488408,2,0,2,0.9,0.35249999999999965,1.5393052216750875,1.9805745476241812,0.05442954945124819,-2.1957975350072787,-66.48325754636315,133.78765402282392,0.8462499999999992,0.3524999999999997,506,1,2,147,0.29051383399209485,21.698747563087334,0.4024795721171785,RNG-e2a8f30af45e,safe_range,final,340401,NTSC,6,3,1000000.0,,False,bars,,,,,
9.520601630653854,91.51315473709192,True,5.546155999843452,356,10,0,2.025,2.025,3.3578949258923116,7.373976077725961,1.942631648644334,-6.713693071630393,-73.338112898158,133.88587386771513,1.9,1.90375,506,12,2,161,0.3181818181818182,19.888221841231726,0.44229837810020034,OVP56,safe_range,final,340401,NTSC,8,3,1000000.0,,False,bars,,,,,
9.634577883383955,93.89915268495128,True,4.730301324333844,242,4,0,2.025,2.025,3.2383770164632737,4.708106930761789,1.2161896586098524,-5.30292946190544,-80.72810375253174,136.24331898994546,1.85,1.6199999999999999,506,9,2,274,0.541501976284585,22.176629853514886,0.44830299178919986,VLP56,safe_range,final,340401,NTSC,8,3,1000000.0,,False,bars,,,,,
10.701230680093216,95.11974706113462,True,3.9197150830756815,0,0,2,0.25,0.20624999999999993,1.007162467121301,1.9617712993066776,2.0856276520649484,-3.2143882350525947,-62.090905756255836,118.41027946048631,0.25,0.2062499999999999,506,0,2,66,0.13043478260869565,22.891494298159458,0.44888649973165,RANGE32,safe_range,final,340401,NTSC,8,3,1000000.0,,False,bars,,,,,
-6.603703174866751,-82.99312507414992,False,604.4399353337327,506,12,48,2.025,2.025,1000000.0,85.39090098178222,22.85378132253423,-156.64903666498182,-72.32289638027325,123.52894522519044,1000000.0,1000000.0,506,506,2,1236,2.4426877470355732,-6.647732487586405,-0.3182237224362312,PLL96-rejected-board,safe_range,final,340401,NTSC,8,3,1000000.0,,False,bars,,,,,
9.391259912156261,94.00408016704952,True,6.4515740576276395,432,10,0,2.025,2.025,3.5671419496831342,14.026309591297805,-0.9528081047330198,-2.7198844422968076,-71.47477171692793,128.77541285342437,1.8674999999999997,0.195,506,35,2,77,0.15217391304347827,13.83113696279127,0.3136739227965426,PLL96-IQ-corrected,safe_range,final,340401,NTSC,8,3,1000000.0,,False,bars,,,,,
13.872051311090182,95.68926358202901,True,0.03687903976012066,2,0,1,0.9875,0.8012499999999998,2.019236605317457,2.3952064884973105,1.737055391479104,-1.8491640942297627,-67.42551541100539,129.2092787259861,0.95,0.8012499999999999,506,1,2,258,0.5098814229249012,26.352400092764512,0.657230067570841,floating-PLL-IQ40,safe_range,final,340401,NTSC,8,3,1000000.0,,False,bars,,,,,
4.110520667032614,44.46635447555978,True,97.54355489859016,506,12,0,2.025,2.025,1000000.0,49.20064735028178,27.13722759187506,-25.901973898015445,-45.39465764083492,108.73304158872169,1000000.0,1000000.0,506,506,2,0,0.0,4.480549149626905,0.35228189859137393,HC50,safe_range,final,340401,NTSC,8,3,1000000.0,,False,bars,,,,,
10.429072206054581,97.5199240383947,True,5.688403724632489,7,0,0,1.4125,1.2587499999999996,2.1691924284357915,0.5877496763430698,-2.389087384505452,-7.618562339876663,-80.31754623879719,122.68177390082504,1.1524999999999992,1.2587499999999996,506,1,2,301,0.5948616600790514,16.965286559382236,0.38037798667427813,PLL96-board-fixed,safe_range,final,340401,NTSC,8,3,1000000.0,,False,bars,,,,,
10.895528113762962,97.81737371251238,True,2.2789741304825584,0,0,2,0.1,0.12249999999999997,0.6957149335573469,1.2620512609385202,0.3217580980709002,-1.7640050545222288,-61.21511039697527,124.20404466122211,0.1,0.12249999999999997,506,0,2,39,0.07707509881422925,25.983506393590687,0.4869609237605042,RNG-e2a8f30af45e,safe_range,final,340401,NTSC,8,3,1000000.0,,False,bars,,,,,
11.134471937721443,93.71825179703418,True,1.4789247577272877,124,4,0,2.025,2.025,3.16211028060401,4.909326140209676,1.6226560320236922,-4.89863988409704,-69.82070199569019,132.94327428923344,1.775,1.7899999999999998,506,4,2,372,0.7351778656126482,22.565042312549863,0.5156812957094415,OVP56,safe_range,final,340401,NTSC,10,3,1000000.0,,False,bars,,,,,
11.267359467519071,95.30258648930274,True,1.3058190608940683,43,0,0,2.025,1.3237499999999995,2.8694579883434868,3.225290240967938,1.2058848091913779,-3.8035981413693167,-69.06653481710246,132.9819696502989,1.725,1.3237499999999993,506,2,2,417,0.8241106719367589,24.627183756648638,0.5221098508629581,VLP56,safe_range,final,340401,NTSC,10,3,1000000.0,,False,bars,,,,,
12.153518045088855,95.46045062434706,True,1.8883573624110763,0,0,2,0.125,0.14499999999999993,0.23695980796937985,1.5279157081541175,2.2258953233314993,-2.5255369863351618,-58.44900009928998,112.8193462799722,0.125,0.14499999999999993,506,0,2,5,0.009881422924901186,24.095760971218514,0.5216069198074219,RANGE32,safe_range,final,340401,NTSC,10,3,1000000.0,,True,bars,,,,,
-6.581660051798015,-82.45475447082723,False,603.8265390601716,506,12,48,2.025,2.025,1000000.0,84.38067376650385,23.07827155119631,-156.30474019834313,-69.79785806042644,81.85561035499586,1000000.0,1000000.0,506,506,2,1184,2.3399209486166006,-6.628346811737953,-0.32934983343241947,PLL96-rejected-board,safe_range,final,340401,NTSC,10,3,1000000.0,,False,bars,,,,,
9.358851397185337,94.56626525258164,True,6.243847221427775,446,8,0,2.025,2.025,3.610596384255653,15.160357274201202,-1.1852599358781988,-2.473861096218926,-55.1149051177042,124.6585664909386,1.9762499999999998,0.5899999999999999,506,36,2,65,0.12845849802371542,13.240375336846634,0.3261064658044825,PLL96-IQ-corrected,safe_range,final,340401,NTSC,10,3,1000000.0,,False,bars,,,,,
15.517387153345448,95.72609871291958,True,0.0,0,0,2,0.1375,0.41624999999999973,1.1205643782004224,2.2573051424057753,1.8336425370660046,-1.6813464196731613,-63.63547532201447,124.84952415936877,0.1375,0.4162499999999997,506,0,2,78,0.1541501976284585,26.859608738833685,0.7320711119433975,floating-PLL-IQ40,safe_range,final,340401,NTSC,10,3,1000000.0,,False,bars,,,,,
4.197083273028165,44.41935895696903,True,95.30221244133222,506,12,0,2.025,2.025,1000000.0,49.22533080350094,27.14607012804994,-25.833557889224334,-19.14708545020884,98.383671813728,1000000.0,1000000.0,506,506,2,0,0.0,4.477651329584091,0.41250729892784277,HC50,safe_range,final,340401,NTSC,10,3,1000000.0,,False,bars,,,,,
11.170566019097185,98.35626244716454,True,4.380326763344944,5,0,0,1.3625,0.8374999999999998,2.109774916810037,1.4277899270181356,-2.248845951769087,-5.931494860073143,-66.62224020571674,112.21491971986293,1.275,0.8374999999999998,506,1,2,289,0.5711462450592886,17.61600768235843,0.41780623595976757,PLL96-board-fixed,safe_range,final,340401,NTSC,10,3,1000000.0,,False,bars,,,,,
12.316660003939173,97.83774308615341,True,1.0250867786384559,0,0,2,0.075,0.075,0.21243459816617377,1.1133522760102343,0.43151315167550475,-1.719348762186539,-60.76196551833474,121.32400683527075,0.075,0.075,506,0,2,8,0.015810276679841896,27.36930496548834,0.554122931400582,RNG-e2a8f30af45e,safe_range,final,340401,NTSC,10,3,1000000.0,,True,bars,,,,,
12.467280954220893,95.3275683504074,True,0.7398386955958901,17,1,0,1.71875,1.8737499999999998,2.6507248111676693,3.0343525626370433,1.368031313512328,-3.5128115351760285,-67.0553282806153,129.13713771286007,1.375,1.525,506,2,2,403,0.7964426877470355,24.78341862334851,0.5790672825092167,OVP56,safe_range,final,340401,NTSC,12,3,1000000.0,,False,bars,,,,,
12.614575420926059,96.2698617644336,True,0.7240333928415525,4,0,0,1.1437499999999998,1.1062499999999993,2.1905083184564926,2.096337793300006,1.1934234713686842,-2.7684822721527094,-67.877555689159,128.91785051549624,1.0987499999999997,1.1062499999999993,506,1,2,311,0.6146245059288538,26.268742024213445,0.5860598166269004,VLP56,safe_range,final,340401,NTSC,12,3,1000000.0,,False,bars,,,,,
13.260107690131111,95.71680527869471,True,1.4518299530055665,0,0,2,0.1,0.08624999999999998,0.04544466295731929,1.3159274028075794,2.1700780697201707,-2.328331757565689,-52.09833858296368,110.84277726332225,0.1,0.08624999999999998,506,0,2,0,0.0,24.504363240504933,0.5820809005189878,RANGE32,safe_range,final,340401,NTSC,12,3,1000000.0,,True,bars,,,,,
-6.580856141405453,-82.23296872105361,False,604.4023036605081,506,12,49,2.025,2.025,1000000.0,83.67838957429574,23.057297757810584,-156.27940669179094,-69.78758970119465,78.56876788798074,1000000.0,1000000.0,506,506,2,1173,2.3181818181818183,-6.628761607506606,-0.3365888761251014,PLL96-rejected-board,safe_range,final,340401,NTSC,12,3,1000000.0,,False,bars,,,,,
9.264289708619087,95.32142524684551,True,6.239331420640823,455,11,0,2.025,2.025,3.6217801792304662,15.697668388879721,-1.319998663315001,-2.181580257866246,-54.98147728476552,122.93582778737776,1.75,1.65,506,29,2,60,0.11857707509881422,12.746075802102194,0.3372170231907117,PLL96-IQ-corrected,safe_range,final,340401,NTSC,12,3,1000000.0,,False,bars,,,,,
17.022562589829835,96.00130047697881,True,0.0,0,0,2,0.05,0.036249999999999984,0.4817353245558199,1.9651762886116577,1.787885934335206,-1.4559167927906054,-59.09242941210063,124.2089856331937,0.05,0.036249999999999984,506,0,2,16,0.03162055335968379,27.601119978310585,0.793466295665914,floating-PLL-IQ40,safe_range,final,340401,NTSC,12,3,1000000.0,,True,bars,,,,,
4.255400562401943,44.474110466755036,True,94.83859022720499,506,12,0,2.025,2.025,1000000.0,49.12939357228978,27.10861677507816,-25.759508678971578,-9.206163284394208,92.75740377734532,1000000.0,1000000.0,506,506,2,0,0.0,4.487828063372097,0.46127755860550046,HC50,safe_range,final,340401,NTSC,12,3,1000000.0,,False,bars,,,,,
11.549818129430061,98.69486952378595,True,4.153031457068282,2,0,0,0.925,0.6424999999999998,1.9524842996746965,2.4777042051708302,-2.0365536426582342,-4.65650001201971,-61.75283019265137,112.2369935905157,0.925,0.6424999999999998,506,1,2,245,0.4841897233201581,17.7528103810153,0.4419284156495968,PLL96-board-fixed,safe_range,final,340401,NTSC,12,3,1000000.0,,False,bars,,,,,
13.452663863828445,98.04615264630631,True,0.7277965601640138,0,0,2,0.075,0.075,0.039293413341370716,0.9631338489714351,0.41954984141700663,-1.5351241700039673,-52.522926760142546,119.78080601074096,0.075,0.075,506,0,2,0,0.0,27.968274783760336,0.6105391884883584,RNG-e2a8f30af45e,safe_range,final,340401,NTSC,12,3,1000000.0,,True,bars,,,,,
13.530058074622353,96.2962434545627,True,0.5644750983691939,1,0,0,0.875,1.1862499999999991,1.8230489367382803,1.8177486156553075,1.220718592531931,-2.630644095706198,-67.2954833413592,128.78008657180067,0.875,1.1862499999999994,506,1,2,244,0.48221343873517786,26.269849403529015,0.6293986241350749,OVP56,safe_range,final,340401,NTSC,14,3,1000000.0,,False,bars,,,,,
13.689629964619126,96.77444704489344,True,0.5569487637242713,0,0,1,0.64375,1.1749999999999994,1.3276052953186437,1.418795294456018,1.2165020168251606,-2.156000731481785,-66.26239165227533,129.7052076982771,0.64375,1.1749999999999994,506,0,2,131,0.25889328063241107,27.16788325857886,0.6366902494910927,VLP56,safe_range,final,340401,NTSC,14,3,1000000.0,,False,bars,,,,,
14.13462228117266,95.74312017759705,True,1.298292726249146,0,0,2,0.075,0.061249999999999985,0.043244182135144485,1.2928353455810846,2.1122941382387306,-2.4289953666848088,-51.03838501553291,110.0634337372148,0.075,0.061249999999999985,506,0,2,0,0.0,24.733858937046303,0.6299978163957605,RANGE32,safe_range,final,340401,NTSC,14,3,1000000.0,,True,bars,,,,,
-6.578912977663868,-82.08091893992282,False,605.2768637462481,506,12,49,2.025,2.025,1000000.0,83.36264504281857,22.979203304344313,-156.2089165990906,-69.97858596528884,78.61197262266977,1000000.0,1000000.0,506,506,2,1176,2.324110671936759,-6.627581091484021,-0.34018019398737953,PLL96-rejected-board,safe_range,final,340401,NTSC,14,3,1000000.0,,False,bars,,,,,
9.177333319008762,95.90257031196606,True,6.353731707243645,454,11,0,2.025,2.025,3.626611047838973,15.8656889166478,-1.2519847530129753,-1.9914096724977248,-55.12530234547269,121.50428153121355,1.8224999999999998,1.65,506,34,2,61,0.12055335968379446,12.432419193426936,0.34156484431867545,PLL96-IQ-corrected,safe_range,final,340401,NTSC,14,3,1000000.0,,False,bars,,,,,
18.327536372491025,96.13890454475101,True,0.0,0,0,2,0.025,0.025,0.024651724278058583,1.8138350870283402,1.762888485673607,-1.3477103157168817,-56.917398118569515,119.77095229620973,0.025,0.025,506,0,2,0,0.0,28.056719224402627,0.8402802748108391,floating-PLL-IQ40,safe_range,final,340401,NTSC,14,3,1000000.0,,True,bars,,,,,
4.288959491255561,44.4825077142131,True,94.8769745338941,506,12,0,2.025,2.025,1000000.0,49.06466942364982,27.090299892335224,-25.740796042939927,-4.645709457402965,90.20646576926013,1000000.0,1000000.0,506,506,2,0,0.0,4.4915498037622035,0.5011272428412872,HC50,safe_range,final,340401,NTSC,14,3,1000000.0,,False,bars,,,,,
11.784342894688745,98.53513020263432,True,4.080778644477025,3,0,0,1.175,0.525,2.109369776703643,3.620408373374649,-1.7626515545287293,-3.8456427995240308,-60.852513498142756,112.22028096771906,1.069999999999999,0.525,506,1,2,271,0.5355731225296443,17.820032835819543,0.4575566778524135,PLL96-board-fixed,safe_range,final,340401,NTSC,14,3,1000000.0,,False,bars,,,,,
14.376701004419699,98.11907293553928,True,0.5930751700198996,0,0,2,0.075,0.061249999999999985,0.03457820374040623,0.9798214132467614,0.41527311851240767,-1.4268589172960686,-50.341288444339355,116.37920875605418,0.075,0.061249999999999985,506,0,2,0,0.0,28.335374940249473,0.6556614134621056,RNG-e2a8f30af45e,safe_range,final,340401,NTSC,14,3,1000000.0,,True,bars,,,,,
14.954587268309439,97.18498683246617,True,0.4448063775149247,0,0,2,0.05,0.05,0.5357823690973539,0.6468647398081735,1.1284831355699532,-1.7574027585884768,-61.85470521179203,123.77501566055884,0.05,0.05,506,0,2,17,0.03359683794466403,27.600752055307996,0.6957322659014263,OVP56,safe_range,final,340401,NTSC,18,3,1000000.0,,False,bars,,,,,
15.136631637113656,97.27429465540409,True,0.4335168755475408,0,0,2,0.05,0.05,0.2827509903247808,0.7145241337254822,1.2463152239026811,-1.5421092550966098,-61.50211192021232,123.15128110486211,0.05,0.05,506,0,2,4,0.007905138339920948,27.98206433357913,0.7033539760041287,VLP56,safe_range,final,340401,NTSC,18,3,1000000.0,,True,bars,,,,,
15.27749611562706,95.62846816626829,True,1.1199185951644806,0,0,2,0.075,0.075,0.04101599996299526,1.3588529546190933,2.0235919444213075,-2.837249142761101,-50.98094281232482,108.05169833161972,0.075,0.075,506,0,2,0,0.0,24.96628623098146,0.6921577448784204,RANGE32,safe_range,final,340401,NTSC,18,3,1000000.0,,True,bars,,,,,
-6.5839321422964385,-82.10162463967696,False,606.7264357988602,506,12,49,2.025,2.025,1000000.0,83.58507301751962,22.72787662084341,-156.10769538734712,-67.77892295938054,78.09271634987016,1000000.0,1000000.0,506,506,2,1196,2.3636363636363638,-6.63288120919937,-0.34429444580213503,PLL96-rejected-board,safe_range,final,340401,NTSC,18,3,1000000.0,,False,bars,,,,,
8.999103812759206,96.91799000424213,True,6.556942742656556,490,12,0,2.025,2.025,3.653476512173029,15.615530413212106,-1.0774203333321204,-1.8292583888887142,-54.42595485083618,117.95935546468198,1.6625,1000000.0,506,64,2,23,0.045454545454545456,11.980171019840009,0.34497670614528064,PLL96-IQ-corrected,safe_range,final,340401,NTSC,18,3,1000000.0,,False,bars,,,,,
20.22563857695968,96.26627307416004,True,0.0,0,0,2,0.025,0.025,0.020583148639242207,1.685079877281537,1.722746425669064,-1.2544933563303946,-54.54957802905788,114.96014357320132,0.025,0.025,506,0,2,0,0.0,28.52434972607506,0.8969061254932686,floating-PLL-IQ40,safe_range,final,340401,NTSC,18,3,1000000.0,,True,bars,,,,,
4.320531151798498,44.468670592706005,True,94.82052702405717,506,12,0,2.025,2.025,1000000.0,48.98799947499068,27.079317647149615,-25.732802606427562,-1.2908526712872899,88.10990781724985,1000000.0,1000000.0,506,506,2,0,0.0,4.493242886311593,0.5525834618138257,HC50,safe_range,final,340401,NTSC,18,3,1000000.0,,False,bars,,,,,
11.97268473480974,97.85694204185349,True,3.9061676807148213,18,0,0,1.675,0.7274999999999997,2.523990170978627,5.04422284851112,-1.2323206608364097,-3.0711247559548895,-60.14186454817006,111.65971439425388,1.425,0.7274999999999997,506,2,2,342,0.6758893280632411,17.69293829008246,0.4748352426243419,PLL96-board-fixed,safe_range,final,340401,NTSC,18,3,1000000.0,,False,bars,,,,,
15.62584817771258,98.16146166979996,True,0.4899643853844602,0,0,2,0.05,0.05,0.028659959536475467,1.115160203710202,0.37908783447343736,-1.3272046049761828,-48.31958378459834,114.44892945147177,0.05,0.05,506,0,2,0,0.0,28.729030672876167,0.7149859158389471,RNG-e2a8f30af45e,safe_range,final,340401,NTSC,18,3,1000000.0,,True,bars,,,,,
15.64486415108269,97.47427606835608,True,0.3853483338200363,0,0,2,0.05,0.05,0.02291180029778052,0.29756127146928574,1.079194740779299,-1.469690970022415,-61.45439899974067,123.8105759616795,0.05,0.05,506,0,2,1,0.001976284584980237,27.967787995583215,0.72664538246858,OVP56,safe_range,final,340401,NTSC,22,3,1000000.0,,True,bars,0.8752176409258412,-48.308121492265194,10.741744769138252,20.95699172061967,11.610606605080042
15.84840112416057,97.47104777457506,True,0.3853483338200363,0,0,2,0.05,0.05,0.019599497855953697,0.4430955231318379,1.2317252335204192,-1.3368848715106119,-61.21317672918542,123.25415208676934,0.05,0.05,506,0,2,0,0.0,28.289643130637533,0.7346972905009109,VLP56,safe_range,final,340401,NTSC,22,3,1000000.0,,True,bars,0.8650337900775538,-48.371167100103534,10.666591323891867,21.676033390781278,11.435677326305552
15.825868385570113,95.59583643832934,True,1.022076244780487,0,0,2,0.05,0.061249999999999985,0.03934053718002143,1.342459374040193,1.9564028072980855,-3.077352944806775,-50.123530110993826,106.65250665479651,0.05,0.061249999999999985,506,0,2,0,0.0,25.084190487830803,0.7213198287612591,RANGE32,safe_range,final,340401,NTSC,22,3,1000000.0,,True,bars,0.845308337188113,-49.42922070190758,10.799395827720701,19.02481224961193,11.542915190018142
-6.590577941559264,-82.34083257462845,False,607.5603536775176,506,12,49,2.025,2.025,1000000.0,84.24579129236369,22.620250869381483,-156.15137156574295,-67.51093674339774,70.02959260284744,1000000.0,1000000.0,506,506,2,1219,2.409090909090909,-6.639156742205106,-0.3460083673456312,PLL96-rejected-board,safe_range,final,340401,NTSC,22,3,1000000.0,contrast;waveform;detail_floor;sync;h_jitter_us;v_jitter_us;h_width_rmse_us;sync_error_ire;black_error_ire;white_error_ire;contrast;stress_waveform;reference_detail;burst_gain;burst_phase_jitter_deg;burst_amplitude_jitter_pct;burst_rmse_ire;h_missing;v_missing;vertical_trains;sync_error_ire;black_error_ire;white_error_ire,False,bars,0.44014886835259787,82.38644298296144,38.69493999953172,30.381454322364394,29.351452415023722
8.936563280444481,97.78687521247173,True,6.559200643050032,504,12,0,2.025,2.025,3.675,14.831363615270929,-1.108780970516163,-1.7063195637119395,-53.49500458436923,110.68479749230052,1.6675,1000000.0,506,321,2,5,0.009881422924901186,11.810263203573584,0.3507261140091452,PLL96-IQ-corrected,safe_range,final,340401,NTSC,22,3,1000000.0,waveform;detail_floor;sync;h_jitter_us;v_jitter_us;h_width_rmse_us;sync_error_ire;stress_waveform;reference_detail;burst_gain;burst_phase_jitter_deg;burst_amplitude_jitter_pct;burst_rmse_ire;h_missing;v_missing;vertical_trains;sync_error_ire,False,bars,0.5010155829867378,-96.17256364186707,37.99316509013386,31.86890133926879,18.061229441870818
21.235266445966236,96.32123615047213,True,0.0,0,0,2,0.025,0.025,0.019313821874891043,1.6621681944246747,1.71280870728668,-1.1881866500751355,-49.702512422625226,112.79667446990926,0.025,0.025,506,0,2,0,0.0,28.723508854719803,0.9214126223396472,floating-PLL-IQ40,safe_range,final,340401,NTSC,22,3,1000000.0,burst_gain,True,bars,0.5907694232376797,4.997546132199188,8.835122656991421,16.812987213847673,6.326843726648401
4.332580636825684,44.467753413521244,True,94.71892150635072,506,12,0,2.025,2.025,1000000.0,48.953807931506915,27.0925376977442,-25.694832029546625,0.4262730891438906,84.09164838906061,1000000.0,1000000.0,506,506,2,0,0.0,4.493361302521922,0.5777981237185305,HC50,safe_range,final,340401,NTSC,22,3,1000000.0,contrast;waveform;detail_floor;sync;h_jitter_us;v_jitter_us;h_width_rmse_us;sync_error_ire;black_error_ire;white_error_ire;contrast;stress_waveform;reference_detail;burst_gain;burst_rmse_ire;h_missing;v_missing;vertical_trains;sync_error_ire;black_error_ire;white_error_ire,False,bars,0.4337365143525731,80.72927212649034,10.164313961652333,18.45542451080694,30.835809010798652
11.976831670588872,97.26268314635871,True,3.791767394111998,0,0,2,0.275,0.075,0.11676955278880716,5.641899655410075,-0.7925669087179944,-2.8413282082375186,-58.15467290723161,111.5035614997572,0.275,0.075,506,0,2,0,0.0,17.37769941884815,0.48209681383924496,PLL96-board-fixed,safe_range,final,340401,NTSC,22,3,1000000.0,waveform;detail_floor;sync_error_ire;stress_waveform;reference_detail;burst_phase_jitter_deg;burst_rmse_ire,True,bars,0.5956188147434439,-86.14685942508522,36.10962627031005,20.690128741764045,16.317216856649537
16.225196260092087,98.18403275463226,True,0.4470642779084015,0,0,2,0.05,0.05,0.02568238657596202,1.2334160192389645,0.3069064723084546,-1.28709984457965,-47.235062407669645,114.28440868186128,0.05,0.05,506,0,2,0,0.0,28.866497348990862,0.742380064258428,RNG-e2a8f30af45e,safe_range,final,340401,NTSC,22,3,1000000.0,,True,bars,0.8061603405650299,-48.644981731784526,11.404487381034341,20.83704811303261,11.1724491956829
16.077225705052104,97.57247810674458,True,0.3341692582345627,0,0,2,0.05,0.05,0.020613131391682124,0.14132805368135243,1.0735303413836996,-1.370839691953236,-55.1947402881735,124.13444850963498,0.05,0.05,506,0,2,0,0.0,28.105366447384842,0.7456596407241104,OVP56,safe_range,final,340401,NTSC,30,3,1000000.0,,True,bars,0.8837524855474495,-48.231398341799824,9.838677737301323,21.312709606342533,11.461668378240018
16.303963885329452,97.55180728610905,True,0.35599562870483825,0,0,2,0.05,0.05,0.01743140140495627,0.2850382891979223,1.240284874835067,-1.281101411128377,-53.780610257662175,123.49294214335578,0.05,0.05,506,0,2,0,0.0,28.43010446229435,0.7543430469629729,VLP56,safe_range,final,340401,NTSC,30,3,1000000.0,,True,bars,0.8722041032777844,-48.265868413774804,9.51694752706952,22.53279747014556,11.261686450347906
16.172857517821747,95.65580457609967,True,0.9227286274675087,0,0,2,0.05,0.05,0.03930912756449096,1.241045897963745,1.8785792953034814,-3.1455572057925156,-43.13777187639431,103.53744437288461,0.05,0.05,506,0,2,0,0.0,25.220250384136417,0.7392848267544713,RANGE32,safe_range,final,340401,NTSC,30,3,1000000.0,,True,bars,0.8514408348097784,-48.95051421976103,9.191168127425884,19.262727378149286,11.34419434005019
-6.600098492486665,-82.71024412313199,False,608.2015973892651,506,12,49,2.025,2.025,1000000.0,85.00325008974937,22.58964927802189,-156.2108711297618,-67.20932811558858,66.87813171510174,1000000.0,1000000.0,506,506,2,1223,2.41699604743083,-6.648605556219288,-0.3464154952974786,PLL96-rejected-board,safe_range,final,340401,NTSC,30,3,1000000.0,contrast;waveform;detail_floor;sync;h_jitter_us;v_jitter_us;h_width_rmse_us;sync_error_ire;black_error_ire;white_error_ire;contrast;stress_waveform;reference_detail;burst_gain;burst_phase_jitter_deg;burst_amplitude_jitter_pct;burst_rmse_ire;h_missing;v_missing;vertical_trains;sync_error_ire;black_error_ire;white_error_ire,False,bars,0.44094114641141696,82.48140031523843,40.20351181515546,31.0652209776432,29.349571592563677
8.9016666868649,98.52604005164451,True,6.576511212733354,506,12,0,2.025,2.025,1000000.0,13.914711294996676,-1.0979928576517965,-1.653339229018027,-41.76050021646981,107.00093283631819,1000000.0,1000000.0,506,506,2,0,0.0,11.737229303753205,0.35230011985621057,PLL96-IQ-corrected,safe_range,final,340401,NTSC,30,3,1000000.0,waveform;detail_floor;sync;h_jitter_us;v_jitter_us;h_width_rmse_us;sync_error_ire;stress_waveform;reference_detail;burst_gain;burst_phase_jitter_deg;burst_amplitude_jitter_pct;burst_rmse_ire;h_missing;v_missing;vertical_trains;sync_error_ire,False,bars,0.5067465231699262,-95.89346220773223,39.03271124773759,35.689797234556174,18.03676488145087
21.956166243453286,96.35297419582146,True,0.0,0,0,2,0.025,0.025,0.019056292726816478,1.648622681719817,1.7090868413841507,-1.1379744685137032,-45.27337286994907,111.69139579859714,0.025,0.025,506,0,2,0,0.0,28.852569327758655,0.9366746496795143,floating-PLL-IQ40,safe_range,final,340401,NTSC,30,3,1000000.0,burst_gain,True,bars,0.5947524329325755,4.9617259150433775,6.899431819182034,17.645418653809518,6.152107872242288
4.3405164443073065,44.476814393082556,True,94.75956371343331,506,12,0,2.025,2.025,1000000.0,48.92990365671436,27.092604424450553,-25.64979674079076,3.38766809147036,84.20275888271564,1000000.0,1000000.0,506,506,2,0,0.0,4.495203195640498,0.5925005083285229,HC50,safe_range,final,340401,NTSC,30,3,1000000.0,contrast;waveform;detail_floor;sync;h_jitter_us;v_jitter_us;h_width_rmse_us;sync_error_ire;black_error_ire;white_error_ire;contrast;stress_waveform;reference_detail;burst_gain;burst_rmse_ire;h_missing;v_missing;vertical_trains;sync_error_ire;black_error_ire;white_error_ire,False,bars,0.4412523462306398,80.77812488082849,8.59302942065574,18.69672413570586,30.824582858269306
11.899324670239498,96.83503757057903,True,3.690914509870035,0,0,2,0.275,0.23249999999999976,0.10925547534691629,5.712113962483032,-0.654765911793634,-2.7754448752909457,-57.48385416014812,111.3270439563218,0.275,0.23249999999999976,506,0,2,0,0.0,16.922650408125477,0.4874590256953325,PLL96-board-fixed,safe_range,final,340401,NTSC,30,3,1000000.0,waveform;detail_floor;sync_error_ire;stress_waveform;reference_detail;burst_phase_jitter_deg;burst_rmse_ire,True,bars,0.5995581342186875,-86.6220978271837,35.42899847034423,15.835705226669265,16.350674957925005
16.595256801079444,98.19761954236535,True,0.3876062342135131,0,0,2,0.05,0.05,0.024701778592090252,1.2759370067630715,0.2729981797188952,-1.263192380866114,-44.949705120766204,113.06701614118481,0.05,0.05,506,0,2,0,0.0,28.933433393997674,0.7591544546893797,RNG-e2a8f30af45e,safe_range,final,340401,NTSC,30,3,1000000.0,,True,bars,0.8142393767272498,-47.5342249482397,9.89547884371319,21.689201639548536,10.88878588147388
0.7065839107227161,55.40722893776301,True,220.5966122961104,610,8,0,2.025,2.025,1000000.0,35.58964640213974,14.118142927097457,-29.79565483775911,-88.03895667019944,151.38691496812464,1000000.0,1000000.0,610,610,2,0,0.0,5.5332854633649955,0.11780411060833469,OVP56,safe_range,final,340402,PAL,0,3,1000000.0,,False,bars,,,,,
-0.05405266271163332,59.453727564147066,True,226.55520702634882,610,8,0,2.025,2.025,1000000.0,26.187748031131513,8.783678177257041,-32.906297835968985,-95.27887234873944,156.8530117875377,1000000.0,1000000.0,610,610,2,0,0.0,5.481354904291286,0.11167005199051754,VLP56,safe_range,final,340402,PAL,0,3,1000000.0,,False,bars,,,,,
1.1508719195189616,63.345087450217136,True,167.02509410288582,543,8,0,2.025,2.025,3.4303681104415498,31.449785449136208,5.113145550792397,-34.58718017592489,-73.74438663775435,133.446322293616,1.8524999999999998,1000000.0,610,56,2,72,0.1180327868852459,6.042334747891157,0.11970490753718944,RANGE32,safe_range,final,340402,PAL,0,3,1000000.0,,False,bars,,,,,
-6.805413904883997,-77.94555849350223,False,639.5978670012546,609,8,2,2.025,2.025,3.7,90.14125906521637,19.16548293312258,-148.32841122986338,-76.54862388875152,137.5310316512625,0.625,1000000.0,610,560,2,3619,5.932786885245902,-6.696400038181868,-0.09915865459147181,PLL96-rejected-board,safe_range,final,340402,PAL,0,3,1000000.0,,False,bars,,,,,
2.688726300752337,85.34479450179917,True,114.12421580928482,371,5,0,2.025,2.025,3.219888265038174,11.821320913237459,3.0204045675371187,-11.352728124968099,-77.71952580345487,137.78142202101134,1.8,1.3725,610,11,2,251,0.41147540983606556,5.619604835126052,0.10067435109560248,PLL96-IQ-corrected,safe_range,final,340402,PAL,0,3,1000000.0,,False,bars,,,,,
5.831651648640923,92.2601395022211,True,40.876411543287325,478,6,0,2.025,2.025,3.4431448142826078,5.237818754599243,1.465283887502587,-7.463929983164898,-78.73872654760834,140.14653240280472,1.775,1.7712499999999998,610,22,2,108,0.17704918032786884,13.380958993103027,0.2601797864747801,floating-PLL-IQ40,safe_range,final,340402,PAL,0,3,1000000.0,,False,bars,,,,,
0.828656189293391,31.940310358618454,True,221.42409033877038,610,8,0,2.025,2.025,1000000.0,52.831096912008285,27.077180980010265,-41.216408839438046,-84.65503499402296,134.39277148962213,1000000.0,1000000.0,610,610,2,0,0.0,2.829082605219164,0.0773074797243967,HC50,safe_range,final,340402,PAL,0,3,1000000.0,,False,bars,,,,,
0.14339846018579833,69.44459421843902,True,198.12484316185697,432,7,0,2.025,2.025,3.391306839354364,17.911324232383983,3.26146619647998,-30.601061892301253,-84.69920706195418,129.68557289144607,1.77875,1.4,610,26,2,188,0.3081967213114754,3.799850796640159,0.08178292841010641,PLL96-board-fixed,safe_range,final,340402,PAL,0,3,1000000.0,,False,bars,,,,,
0.8267691342531931,71.14071600678196,True,167.85445420326224,441,4,0,2.025,2.025,3.3580221663685434,27.894862054833805,4.838223446959847,-23.946400114803858,-78.72557708735846,141.51260592800185,1.89,1.8212499999999998,610,18,2,152,0.24918032786885247,6.704678464868441,0.13159148732850703,RNG-e2a8f30af45e,safe_range,final,340402,PAL,0,3,1000000.0,,False,bars,,,,,
2.7049315674345626,68.76021499262103,True,134.63864491844416,610,8,0,2.025,2.025,1000000.0,26.184471783832233,9.496149867503686,-21.166676747270078,-86.45729818900477,145.71413450374953,1000000.0,1000000.0,610,610,2,0,0.0,8.461373128655513,0.1740560535575045,OVP56,safe_range,final,340402,PAL,2,3,1000000.0,,False,bars,,,,,
2.1487972460624665,73.14914087357992,True,133.94667503136762,609,8,0,2.025,2.025,3.525,18.484639248911606,5.889231594090472,-21.900442476052856,-92.03345400853055,151.32765945107175,1.675,1000000.0,610,545,2,1,0.001639344262295082,8.811744100000118,0.16742073880785743,VLP56,safe_range,final,340402,PAL,2,3,1000000.0,,False,bars,,,,,
3.2388000112066107,77.26750394269192,True,91.61919698870766,344,5,0,2.025,2.025,3.330603989118314,19.862454718127257,2.9274672061324045,-22.934904852275256,-75.73518727980539,131.37511920453747,1.81875,1.7349999999999999,610,8,2,251,0.41147540983606556,9.295725414994948,0.17217390613711506,RANGE32,safe_range,final,340402,PAL,2,3,1000000.0,,False,bars,,,,,
-6.7718729137115465,-81.72469102670877,False,623.8594730238394,610,8,15,2.025,2.025,1000000.0,89.84383052455497,20.229208553375294,-153.23021911616524,-76.44958670495515,136.3894648736417,1000000.0,1000000.0,610,610,2,2842,4.659016393442623,-6.74108532923798,-0.16363167194643663,PLL96-rejected-board,safe_range,final,340402,PAL,2,3,1000000.0,,False,bars,,,,,
5.594891573142745,89.64800443960462,True,48.20702634880803,377,4,0,2.025,2.025,3.345907034590198,10.869524347470625,1.7771831915543053,-6.961228572955449,-75.2430656463979,136.2982815121136,1.8,1.7612499999999998,610,11,2,183,0.3,9.76478729220744,0.16300542763906872,PLL96-IQ-corrected,safe_range,final,340402,PAL,2,3,1000000.0,,False,bars,,,,,
8.128555239323926,94.17717902501848,True,11.705144291091594,373,4,0,2.025,2.025,3.3466444400979944,4.083665794316824,1.5729679624069275,-4.437205105788155,-76.18223207974717,138.96096959052684,1.7849999999999995,1.40625,610,10,2,196,0.32131147540983607,18.73542020102778,0.36181734035061663,floating-PLL-IQ40,safe_range,final,340402,PAL,2,3,1000000.0,,False,bars,,,,,
2.115500276914884,38.109178012958935,True,164.7302383939774,610,8,0,2.025,2.025,1000000.0,50.79974347357128,27.289590554303025,-34.24933166886872,-73.60110715336673,130.17289266212,1000000.0,1000000.0,610,610,2,0,0.0,3.643587764725282,0.11613628524475411,HC50,safe_range,final,340402,PAL,2,3,1000000.0,,False,bars,,,,,
2.7163938654784148,81.35659911754571,True,102.9918444165621,262,5,0,2.025,2.025,3.2009076815228807,10.015317514824156,0.4905700190147209,-21.786917572801972,-82.13026145243083,129.35280601332767,1.825,0.9375,610,8,2,311,0.5098360655737705,6.997511167473261,0.13298015822501008,PLL96-board-fixed,safe_range,final,340402,PAL,2,3,1000000.0,,False,bars,,,,,
3.227029511230088,84.81388384137382,True,85.36010037641155,210,2,0,2.025,2.025,3.105776623889748,16.237514715539888,2.018300068493992,-12.692899938605565,-77.43057066366947,140.05742701162737,1.801249999999999,1.58125,610,8,2,346,0.5672131147540984,10.45586360216718,0.19529214265998554,RNG-e2a8f30af45e,safe_range,final,340402,PAL,2,3,1000000.0,,False,bars,,,,,
5.0301801913257504,80.75877877472536,True,65.27854454203262,597,8,0,2.025,2.025,3.5542837101598534,16.92958445908822,5.1588773610619905,-13.786064636398317,-82.10399424506676,144.53515829079396,1.61,1000000.0,610,127,2,8,0.013114754098360656,12.40429116153907,0.24967443956100235,OVP56,safe_range,final,340402,PAL,4,3,1000000.0,,False,bars,,,,,
4.761935332891504,84.9038875790006,True,62.38770388958595,579,8,0,2.025,2.025,3.49736940312794,11.20861246123927,2.9245086389600865,-12.887436712693344,-86.83949113525945,150.9586820040297,1.7125,1000000.0,610,88,2,30,0.04918032786885246,13.363166028443729,0.24706365404176245,VLP56,safe_range,final,340402,PAL,4,3,1000000.0,,False,bars,,,,,
5.828185835273363,88.67871665260505,True,39.37578419071519,79,2,0,2.025,2.025,2.875837305404516,9.096927764538,1.6894622961618888,-11.945800625526804,-69.56392473601069,128.86706407486983,1.7,1.75625,610,3,2,408,0.6688524590163935,13.920106654548084,0.24836352386309074,RANGE32,safe_range,final,340402,PAL,4,3,1000000.0,,False,bars,,,,,
-6.803221004631931,-84.05734468712939,False,616.625470514429,610,8,42,2.025,2.025,1000000.0,88.4736763273998,21.213509014379444,-156.50324179029883,-74.24531605559369,136.93545762630544,1000000.0,1000000.0,610,610,2,2063,3.3819672131147542,-6.818680765473008,-0.23895893173984237,PLL96-rejected-board,safe_range,final,340402,PAL,4,3,1000000.0,,False,bars,,,,,
7.9536149135204015,92.96860520931529,True,17.500627352572145,419,4,0,2.025,2.025,3.3531891711922617,10.878764920295994,0.2812714872739663,-3.9749040479053863,-73.86595367374431,134.81115993757268,1.9,1.7724999999999997,610,16,2,190,0.3114754098360656,13.15868979435843,0.23827446340535854,PLL96-IQ-corrected,safe_range,final,340402,PAL,4,3,1000000.0,,False,bars,,,,,
10.10612025659471,95.9272753461036,True,2.268506900878293,145,2,0,2.025,2.025,3.1237903034959076,2.6203140672080747,1.2477187540106651,-2.4778773374745757,-76.89207989954521,137.84898283677555,1.75,1.6125,610,4,2,385,0.6311475409836066,23.40447304652065,0.46385976569743653,floating-PLL-IQ40,safe_range,final,340402,PAL,4,3,1000000.0,,False,bars,,,,,
3.2724836506991832,42.69825807175309,True,122.02634880803011,610,8,0,2.025,2.025,1000000.0,49.37892464038423,27.072727865443174,-28.83433647455284,-77.25247173670084,128.27964126802001,1000000.0,1000000.0,610,610,2,0,0.0,4.275587241600273,0.1797366137887949,HC50,safe_range,final,340402,PAL,4,3,1000000.0,,False,bars,,,,,
5.819189369417817,91.00215823273938,True,40.10100376411543,67,2,0,2.025,2.025,2.869901997800577,3.318426712204187,-1.6887131867694465,-14.55682520433121,-82.43487233741082,128.11194459472514,1.625,1.88125,610,2,2,427,0.7,10.991539342759737,0.21158376227733744,PLL96-board-fixed,safe_range,final,340402,PAL,4,3,1000000.0,,False,bars,,,,,
6.036919542014094,94.31705553480374,True,33.55897114178168,29,1,0,1.975,1.8937499999999998,2.512146696372723,6.418320817722296,0.3255777892798458,-4.8725074255199115,-75.15315139140846,138.41755770691174,1.475,1.6425,610,1,2,363,0.5950819672131148,15.56957933053461,0.2834812644126278,RNG-e2a8f30af45e,safe_range,final,340402,PAL,4,3,1000000.0,,False,bars,,,,,
7.407466651754023,87.95017835204465,True,22.42095357590966,560,8,0,2.025,2.025,3.4495688136345395,10.847172651220477,2.7925094229255487,-9.186462968593245,-82.04112954708165,137.32069645726264,1.625,1000000.0,610,39,2,64,0.10491803278688525,16.551413764289524,0.33714254264366644,OVP56,safe_range,final,340402,PAL,6,3,1000000.0,,False,bars,,,,,
7.381008007542063,91.2348898376238,True,20.67314930991217,479,7,0,2.025,2.025,3.419748578991071,6.863718043693629,1.5366871579681312,-7.695047184463385,-84.05164508587538,146.60255704726956,1.8375,1.375,610,26,2,132,0.21639344262295082,18.31167726444487,0.34007874172674657,VLP56,safe_range,final,340402,PAL,6,3,1000000.0,,False,bars,,,,,
8.491395788454914,93.81160080741756,True,12.75784190715182,9,1,0,1.25,1.8849999999999998,1.9789451739914103,3.608461272702018,1.697245110215345,-5.49745895589794,-65.51012420770711,127.95541572858642,1.15,1.3774999999999995,610,1,2,256,0.419672131147541,19.096130918414172,0.3411626933620985,RANGE32,safe_range,final,340402,PAL,6,3,1000000.0,,False,bars,,,,,
-6.7732424155502375,-84.14864712525689,False,612.6994981179423,610,8,47,2.025,2.025,1000000.0,86.81701039608936,22.18738766563124,-157.31505700239742,-73.64151478715132,132.96087994960934,1000000.0,1000000.0,610,610,2,1663,2.726229508196721,-6.807687925296511,-0.29874805055843534,PLL96-rejected-board,safe_range,final,340402,PAL,6,3,1000000.0,,False,bars,,,,,
9.15011516308547,94.03669290629946,True,7.958594730238393,475,5,0,2.025,2.025,3.472333109340494,12.36046209022635,-0.5885783934385271,-2.9114201200238536,-72.90809483639514,132.61221760610596,1.75,0.315,610,15,2,118,0.19344262295081968,14.213111740625003,0.2941291590179631,PLL96-IQ-corrected,safe_range,final,340402,PAL,6,3,1000000.0,,False,bars,,,,,
11.969016738093758,96.01046805673526,True,0.33939774153074026,34,0,0,2.025,1.4699999999999998,2.692672066164534,2.277765948446977,1.4033004611874673,-1.96336180103402,-71.53195976311542,129.68856701140362,1.43125,1.47,610,4,2,419,0.6868852459016394,25.526789902874473,0.5551647358514655,floating-PLL-IQ40,safe_range,final,340402,PAL,6,3,1000000.0,,False,bars,,,,,
3.9274853653614548,44.330641926940174,True,99.98870765370138,610,8,0,2.025,2.025,1000000.0,49.047544408351044,27.093825746100396,-26.42610926762617,-63.251482371590384,117.86262605402845,1000000.0,1000000.0,610,610,2,0,0.0,4.519571327589269,0.2592076837948072,HC50,safe_range,final,340402,PAL,6,3,1000000.0,,False,bars,,,,,
8.737626507583599,95.92371117746046,True,12.897114178168131,8,0,0,1.4,1.5225,2.3253426943526847,0.5796584488453905,-2.4918224453989417,-9.805395162053278,-80.74332233612677,124.0493766075827,1.3224999999999967,1.5225,610,1,2,352,0.5770491803278689,14.86068094067555,0.30633706449041026,PLL96-board-fixed,safe_range,final,340402,PAL,6,3,1000000.0,,False,bars,,,,,
8.816313545903327,97.60199027102121,True,8.85069008782936,2,0,1,0.825,1.4062499999999996,1.448726187307137,2.0151486696686534,0.034918245189112324,-2.0786556308892417,-73.14190873618885,134.970819710326,0.825,1.4062499999999996,610,1,2,147,0.24098360655737705,21.72340004639867,0.3846165747663326,RNG-e2a8f30af45e,safe_range,final,340402,PAL,6,3,1000000.0,,False,bars,,,,,
9.434418659247216,91.60270282832587,True,5.619196988707654,421,5,0,2.025,2.025,3.3741518628613614,7.289760901379094,1.9985917962350779,-6.5514993012199065,-78.22340906041968,134.1846364871936,1.85,1.3725,610,12,2,198,0.32459016393442625,19.99623496302934,0.42080324166113153,OVP56,safe_range,final,340402,PAL,8,3,1000000.0,,False,bars,,,,,
9.529374141075559,93.94536138570784,True,4.835006273525721,253,3,0,2.025,2.025,3.2599075982333625,4.685464096301512,1.262294954122803,-5.171369156239925,-77.96750858002528,141.51557992468008,1.7849999999999995,1.7550000000000001,610,6,2,325,0.5327868852459017,22.240081361088805,0.4265853646106123,VLP56,safe_range,final,340402,PAL,8,3,1000000.0,,False,bars,,,,,
10.589032243476009,95.08742097084863,True,3.8996235884567128,0,0,2,0.48874999999999885,0.08249999999999998,1.0074288609306692,2.070482122208211,2.0919354362997327,-3.1387865036529927,-59.631780094999066,118.84068797405862,0.48874999999999885,0.08249999999999998,610,0,2,66,0.10819672131147541,22.7590673902639,0.4288107722954396,RANGE32,safe_range,final,340402,PAL,8,3,1000000.0,,False,bars,,,,,
-6.717523565827442,-83.29118716500128,False,610.6097867001255,610,8,51,2.025,2.025,1000000.0,85.43334873166492,22.8969219999721,-156.66803840991017,-71.08241686648448,130.0415955404777,1000000.0,1000000.0,610,610,2,1512,2.4786885245901638,-6.758832523173854,-0.3274493806261862,PLL96-rejected-board,safe_range,final,340402,PAL,8,3,1000000.0,,False,bars,,,,,
9.439928575277424,94.45128696961898,True,6.045796737766625,530,8,0,2.025,2.025,3.5658262979988242,14.067480277102439,-0.9347474948848551,-2.6163857409739735,-68.88653691175352,128.9060565555659,1.7525,1000000.0,610,36,2,71,0.11639344262295082,13.76668146490184,0.3232814852744093,PLL96-IQ-corrected,safe_range,final,340402,PAL,8,3,1000000.0,,False,bars,,,,,
13.756763839774187,95.7051093259078,True,0.027603513174404015,4,0,0,1.0,0.7575,2.029678466707922,2.416805733743239,1.7623304960709045,-1.7799720466654791,-66.28691313809743,126.2950782352757,0.975,0.7575,610,1,2,271,0.44426229508196724,26.321365737153236,0.6413612272916052,floating-PLL-IQ40,safe_range,final,340402,PAL,8,3,1000000.0,,False,bars,,,,,
4.157735917873341,44.47668995101615,True,91.92722710163112,610,8,0,2.025,2.025,1000000.0,49.2129159763974,27.19250627256989,-25.848695535447316,-60.23435605921829,121.89784469274827,1000000.0,1000000.0,610,610,2,0,0.0,4.5409710798404515,0.33521424496564584,HC50,safe_range,final,340402,PAL,8,3,1000000.0,,False,bars,,,,,
10.44044352333266,97.7355100538317,True,5.3833124215809285,8,1,0,1.1,1.7887499999999996,2.192685477064347,0.6184885610110713,-2.4259222822869124,-7.476177517488137,-78.57401057190134,117.3364794918896,1.025,1.1999999999999997,610,1,2,315,0.5163934426229508,16.911881735643263,0.377376703726265,PLL96-board-fixed,safe_range,final,340402,PAL,8,3,1000000.0,,False,bars,,,,,
10.806709911081168,97.83553710724526,True,2.1662484316185697,0,0,2,0.13874999999999887,0.05749999999999997,0.5521363130574924,1.2697829898054018,0.33577529968427744,-1.7231848937736352,-62.75530131349454,130.65109028110098,0.13874999999999887,0.057499999999999975,610,0,2,28,0.04590163934426229,26.04029656598756,0.46781590752971924,RNG-e2a8f30af45e,safe_range,final,340402,PAL,8,3,1000000.0,,False,bars,,,,,
11.053882540436017,93.74058848844292,True,1.4604767879548306,162,2,0,2.025,2.025,3.1547695873951827,4.896130206709145,1.6838555137235125,-4.780168451689259,-70.79996486457007,130.7999034086237,1.8162499999999995,1.80625,610,4,2,396,0.6491803278688525,22.632842482822063,0.4937576731178191,OVP56,safe_range,final,340402,PAL,10,3,1000000.0,,False,bars,,,,,
11.18245230106982,95.30593487328112,True,1.262233375156838,69,0,0,2.025,1.1749999999999998,2.8838740326562817,3.240831928528475,1.2484494365640386,-3.708635217871018,-71.10088868206783,129.66203372208784,1.525,1.1749999999999996,610,2,2,451,0.739344262295082,24.67027128294071,0.5006220890002901,VLP56,safe_range,final,340402,PAL,10,3,1000000.0,,False,bars,,,,,
12.063351207067115,95.41509106695277,True,1.8544542032622333,0,0,2,0.1,0.08249999999999998,0.42691348415202307,1.5998017925919634,2.247479109730622,-2.500370820938084,-55.09283938801898,112.52032150537471,0.1,0.08249999999999998,610,0,2,5,0.00819672131147541,24.0226390637607,0.5015688304604915,RANGE32,safe_range,final,340402,PAL,10,3,1000000.0,,True,bars,,,,,
-6.692021954109501,-82.72681171124017,False,610.1179422835633,610,8,51,2.025,2.025,1000000.0,84.43233149955829,23.17648215082783,-156.29882195820502,-69.46898578731378,83.63241323042467,1000000.0,1000000.0,610,610,2,1465,2.401639344262295,-6.736009723592327,-0.3403791660005021,PLL96-rejected-board,safe_range,final,340402,PAL,10,3,1000000.0,,False,bars,,,,,
9.410124280155658,95.09079982971839,True,5.973023839397741,532,7,0,2.025,2.025,3.6110219006074535,15.07868801502799,-1.1521077269766327,-2.389603056177401,-55.086416331544406,125.37780678907785,1.8074999999999997,1.5,610,30,2,60,0.09836065573770492,13.156289210215093,0.33902705624182033,PLL96-IQ-corrected,safe_range,final,340402,PAL,10,3,1000000.0,,False,bars,,,,,
15.386424041403014,95.71759739081584,True,0.0025094102885821834,0,0,2,0.425,0.025,1.1140597373393653,2.292758849390468,1.8752844808115972,-1.6233531335030134,-62.039591936578674,126.02399809464967,0.425,0.025,610,0,2,86,0.14098360655737704,26.82516946109363,0.7162878089267363,floating-PLL-IQ40,safe_range,final,340402,PAL,10,3,1000000.0,,False,bars,,,,,
4.246995709843996,44.419177796016776,True,89.46173149309912,610,8,0,2.025,2.025,1000000.0,49.243040825470324,27.202072862787134,-25.784464457402724,-20.70588370835673,98.17278902203995,1000000.0,1000000.0,610,610,2,0,0.0,4.537272806049138,0.39376808259427787,HC50,safe_range,final,340402,PAL,10,3,1000000.0,,False,bars,,,,,
11.191311227095893,98.59806086548834,True,4.173149309912171,9,0,0,1.3024999999999978,0.6849999999999997,2.169268750864571,1.4728096758850608,-2.2496442113961272,-5.790993137143136,-68.1706954217945,112.40859039182212,1.025,0.6849999999999998,610,1,2,326,0.5344262295081967,17.52112254178022,0.4158719987432026,PLL96-board-fixed,safe_range,final,340402,PAL,10,3,1000000.0,,False,bars,,,,,
12.23446870257862,97.83677699222166,True,0.9291091593475533,0,0,2,0.075,0.04124999999999999,0.24597580848663908,1.1670322041250423,0.4500704451602844,-1.6572505679550888,-54.51967638516106,121.2209022325255,0.075,0.04124999999999999,610,0,2,2,0.003278688524590164,27.40492937769966,0.5349458514962553,RNG-e2a8f30af45e,safe_range,final,340402,PAL,10,3,1000000.0,,True,bars,,,,,
12.36376181049923,95.3198352811438,True,0.6982434127979925,36,0,0,2.025,1.755,2.6008675850804,3.047186298269622,1.415327568741078,-3.4016093619998613,-66.96705347561648,129.86100989022563,1.525,1.7549999999999997,610,2,2,410,0.6721311475409836,24.81980878476435,0.5559344351249145,OVP56,safe_range,final,340402,PAL,12,3,1000000.0,,False,bars,,,,,
12.503269330944395,96.25705235336855,True,0.6850690087829361,8,0,0,1.2637499999999988,0.5899999999999996,2.1989013509393254,2.1116210559310606,1.2109113141340966,-2.6764528842987865,-66.43866010442767,129.9704829566352,1.1487499999999984,0.5899999999999996,610,1,2,326,0.5344262295081967,26.295443540633393,0.5629312871528933,VLP56,safe_range,final,340402,PAL,12,3,1000000.0,,False,bars,,,,,
13.1665152000145,95.69548072453469,True,1.3845671267252195,0,0,2,0.08874999999999886,0.05,0.05236223141433647,1.3480927762241248,2.1893503206059406,-2.235475563970598,-53.5780347837246,112.95269111416673,0.08874999999999886,0.05,610,0,2,0,0.0,24.49608450008209,0.5609599472943442,RANGE32,safe_range,final,340402,PAL,12,3,1000000.0,,True,bars,,,,,
-6.694236007245688,-82.55594147013574,False,610.6035131744039,610,8,50,2.025,2.025,1000000.0,83.70935303699763,23.223371596932314,-156.29945144004378,-69.38489341637857,82.07009561039527,1000000.0,1000000.0,610,610,2,1436,2.3540983606557377,-6.739593659875246,-0.3486116918302009,PLL96-rejected-board,safe_range,final,340402,PAL,12,3,1000000.0,,False,bars,,,,,
9.295319969801202,95.86924051625982,True,6.0721455457967375,549,7,0,2.025,2.025,3.6230110428196936,15.639669251290695,-1.3066938334334064,-2.0660150936935637,-54.96319202270901,123.17438519840385,1.95,0.35,610,80,2,52,0.08524590163934426,12.64086759653859,0.3492442074101888,PLL96-IQ-corrected,safe_range,final,340402,PAL,12,3,1000000.0,,False,bars,,,,,
16.878758277915423,96.01164208189097,True,0.0,0,0,2,0.05,0.025,0.366353878011993,1.9836192450980945,1.8232141763287677,-1.3836696317706496,-59.07985933988918,123.47587693413675,0.05,0.025,610,0,2,14,0.022950819672131147,27.596270423093095,0.7791875003321179,floating-PLL-IQ40,safe_range,final,340402,PAL,12,3,1000000.0,,True,bars,,,,,
4.307960296481803,44.48348159844292,True,88.9504391468005,610,8,0,2.025,2.025,1000000.0,49.139163732764835,27.162905840530726,-25.716300112254554,-9.632786192344518,92.69024963225769,1000000.0,1000000.0,610,610,2,0,0.0,4.548281454798203,0.4427618918458311,HC50,safe_range,final,340402,PAL,12,3,1000000.0,,False,bars,,,,,
11.559700882741087,98.91490215834745,True,3.9705144291091594,6,0,0,1.0524999999999978,0.9575,1.9824945299441001,2.5567698014768308,-2.074741175465077,-4.5494183719412655,-60.44701292473692,112.27538689372773,1.025,0.9574999999999999,610,1,2,256,0.419672131147541,17.6369069921777,0.4382475672897934,PLL96-board-fixed,safe_range,final,340402,PAL,12,3,1000000.0,,False,bars,,,,,
13.363874903809673,98.05895075591951,True,0.6511919698870765,0,0,2,0.075,0.04124999999999999,0.04147634127121029,1.0094892989467164,0.4403377816849233,-1.4419658056462736,-51.08455996381865,119.91692407323785,0.075,0.04124999999999999,610,0,2,0,0.0,28.00214913342398,0.5907372051799663,RNG-e2a8f30af45e,safe_range,final,340402,PAL,12,3,1000000.0,,True,bars,,,,,
13.41194894604233,96.29419937195401,True,0.5508155583437893,3,0,0,0.9637499999999989,0.4049999999999999,1.8531688986843782,1.8165888886674393,1.2395159947563659,-2.5253967337539716,-64.2434384901715,128.2130216110696,0.95,0.4049999999999999,610,1,2,231,0.37868852459016394,26.33526797494236,0.60605782172243,OVP56,safe_range,final,340402,PAL,14,3,1000000.0,,False,bars,,,,,
13.56342192638171,96.76472227816964,True,0.5476787954830615,0,0,2,0.6024999999999977,0.32624999999999976,1.4471530842244467,1.4285254583166587,1.22000619513827,-2.056888277025862,-63.93763139068592,125.00369978640302,0.6024999999999977,0.32624999999999976,610,0,2,143,0.23442622950819672,27.213227948092374,0.613436744673494,VLP56,safe_range,final,340402,PAL,14,3,1000000.0,,False,bars,,,,,
14.03151674849364,95.7286776023488,True,1.2164366373902133,0,0,2,0.075,0.05,0.043478372237918665,1.312527575238439,2.1195963661107173,-2.3199000909855183,-50.892766782944356,111.4135785195127,0.075,0.05,610,0,2,0,0.0,24.72143897363936,0.6086705807048703,RANGE32,safe_range,final,340402,PAL,14,3,1000000.0,,True,bars,,,,,
-6.694328663001131,-82.40123732670313,False,611.1028858218319,610,8,51,2.025,2.025,1000000.0,83.28242007327351,23.11817985402624,-156.25525530604236,-69.58145783653218,82.16029488968658,1000000.0,1000000.0,610,610,2,1439,2.359016393442623,-6.7404994886407055,-0.35302945445695877,PLL96-rejected-board,safe_range,final,340402,PAL,14,3,1000000.0,,False,bars,,,,,
9.190450912005351,96.47826528993723,True,6.119196988707653,549,8,0,2.025,2.025,3.638598011845123,15.800330092768498,-1.2717621886234212,-1.8787125898051737,-54.98540043448195,123.10059798467418,1.95,1000000.0,610,50,2,51,0.08360655737704918,12.281049991953592,0.3557815269083478,PLL96-IQ-corrected,safe_range,final,340402,PAL,14,3,1000000.0,,False,bars,,,,,
18.158093770621683,96.16872581092937,True,0.0,0,0,2,0.025,0.025,0.024524160051457588,1.8014258000712073,1.7799514641021081,-1.2719457625380395,-56.28303205632812,120.87050098685819,0.025,0.025,610,0,2,1,0.001639344262295082,28.085359187433383,0.8271069175205386,floating-PLL-IQ40,safe_range,final,340402,PAL,14,3,1000000.0,,True,bars,,,,,
4.343800952518765,44.50241166739111,True,88.91593475533249,610,8,0,2.025,2.025,1000000.0,49.06297659545414,27.134652416912807,-25.69162813192215,-3.6753759779935393,87.9817026021062,1000000.0,1000000.0,610,610,2,0,0.0,4.554280730485273,0.4814149944119272,HC50,safe_range,final,340402,PAL,14,3,1000000.0,,False,bars,,,,,
11.792304618821026,98.76304673154155,True,3.871392722710163,11,0,0,1.4024999999999979,0.94,2.0396047360044753,3.582172949982912,-1.8057458192075806,-3.747934683789766,-60.69851939530952,111.9200789408618,1.180000000000001,0.9399999999999998,610,1,2,292,0.4786885245901639,17.68585349902622,0.45384958499934686,PLL96-board-fixed,safe_range,final,340402,PAL,14,3,1000000.0,,False,bars,,,,,
14.284608935159737,98.15584929575374,True,0.5501882057716437,0,0,2,0.075,0.05,0.03253308530318424,0.9912244355663566,0.4219869331042985,-1.3260805192299738,-50.314690793735195,119.53663495439633,0.075,0.05,610,0,2,0,0.0,28.376692958446622,0.6364234898976676,RNG-e2a8f30af45e,safe_range,final,340402,PAL,14,3,1000000.0,,True,bars,,,,,
14.818791942199391,97.17498902884334,True,0.45169385194479295,0,0,2,0.05,0.05,0.6081937110526008,0.6321977314082888,1.1406569124539376,-1.670180060322435,-62.59284545874782,123.24993695214354,0.05,0.05,610,0,2,23,0.03770491803278689,27.630129209182016,0.6735308608331068,OVP56,safe_range,final,340402,PAL,18,3,1000000.0,,False,bars,,,,,
14.998433874484007,97.26453816040771,True,0.4485570890840652,0,0,2,0.05,0.04124999999999999,0.3434948755195581,0.7069222230075973,1.2523378045138243,-1.439048003385917,-60.00637227052099,123.49548583916572,0.05,0.04124999999999999,610,0,2,9,0.014754098360655738,27.986071199626316,0.6815542953541185,VLP56,safe_range,final,340402,PAL,18,3,1000000.0,,True,bars,,,,,
15.166116677251551,95.60705170032267,True,1.052697616060226,0,0,2,0.075,0.05,0.040285863769716185,1.3703818624545654,2.023329739213352,-2.757696705749087,-50.969539904051764,107.96370953711607,0.075,0.05,610,0,2,0,0.0,24.953181100695424,0.6718652578367488,RANGE32,safe_range,final,340402,PAL,18,3,1000000.0,,True,bars,,,,,
-6.699321408656308,-82.45183234382948,False,612.1047678795483,610,8,51,2.025,2.025,1000000.0,83.4973104448926,22.953257643175824,-156.18183052499788,-67.87233054318489,75.73556629066962,1000000.0,1000000.0,610,610,2,1466,2.40327868852459,-6.745670333800174,-0.359798413345768,PLL96-rejected-board,safe_range,final,340402,PAL,18,3,1000000.0,,False,bars,,,,,
9.033745608986397,97.57096798568696,True,6.2151819322459225,582,6,0,2.025,2.025,3.674243726848522,15.490962784452908,-1.085062905779241,-1.7068013979344827,-55.13342570575191,117.22625700174146,1.8,1.43,610,82,2,26,0.04262295081967213,11.849921397406309,0.3636655855429706,PLL96-IQ-corrected,safe_range,final,340402,PAL,18,3,1000000.0,,False,bars,,,,,
20.012725743122246,96.308878608258,True,0.0,0,0,2,0.025,0.025,0.02096542821713568,1.6611655722779135,1.7383884046624307,-1.175562539095225,-51.76163490076151,116.81330026916984,0.025,0.025,610,0,2,0,0.0,28.57952539190112,0.8858297562707538,floating-PLL-IQ40,safe_range,final,340402,PAL,18,3,1000000.0,,True,bars,,,,,
4.3758956305717405,44.489386758190676,True,88.86888331242159,610,8,0,2.025,2.025,1000000.0,48.98294241587562,27.125525996615508,-25.684125826109756,-1.2691371976781554,85.65738678819315,1000000.0,1000000.0,610,610,2,0,0.0,4.555925821311078,0.5325233927802231,HC50,safe_range,final,340402,PAL,18,3,1000000.0,,False,bars,,,,,
11.981246001306689,98.05711846686505,True,3.7440401505646173,25,0,0,1.825,1.5074999999999994,2.4906397420715676,5.025745432363752,-1.2240239820520238,-2.969437779359979,-60.050750200275154,111.69439767456592,1.525,1.5074999999999994,610,1,2,373,0.6114754098360655,17.551971618206696,0.47021886137418917,PLL96-board-fixed,safe_range,final,340402,PAL,18,3,1000000.0,,False,bars,,,,,
15.526627578041229,98.19325582936368,True,0.45169385194479295,0,0,2,0.05,0.06624999999999999,0.028450417035751806,1.1171843028613708,0.38580750726258844,-1.2391235452675229,-48.60397033674,114.85554418588347,0.05,0.06624999999999999,610,0,2,0,0.0,28.770027416560183,0.6969167675049261,RNG-e2a8f30af45e,safe_range,final,340402,PAL,18,3,1000000.0,,True,bars,,,,,
15.499117212734241,97.44881242292047,True,0.3902132998745295,0,0,2,0.05,0.05,0.10202860415380469,0.2825956319589075,1.075059276773442,-1.4064305258797238,-63.038577314439046,124.37368666348945,0.05,0.05,610,0,2,1,0.001639344262295082,27.975009726280327,0.7049250403176097,OVP56,safe_range,final,340402,PAL,22,3,1000000.0,,True,bars,0.8268682093131524,-60.29576711299117,15.45712751180069,24.500730166668728,12.125996497735988
15.696727251252627,97.45270278513131,True,0.3877038895859473,0,0,2,0.05,0.04124999999999999,0.021520101163757587,0.42973502312177164,1.2234352292033273,-1.2526994839542667,-59.725641190948075,123.73597582252509,0.05,0.04124999999999999,610,0,2,0,0.0,28.27518329735552,0.7133548919263565,VLP56,safe_range,final,340402,PAL,22,3,1000000.0,,True,bars,0.8166948893425722,-60.27449173798382,15.715508373278476,23.700510932505154,11.901446641607569
15.709578846367013,95.56952327495469,True,0.964240903387704,0,0,2,0.05,0.05,0.03924231155772354,1.3531774781550345,1.9475104032447808,-2.9826118267891712,-48.875620772126865,107.37344471187751,0.05,0.05,610,0,2,0,0.0,25.069007626968443,0.7014069514465611,RANGE32,safe_range,final,340402,PAL,22,3,1000000.0,,True,bars,0.7990811063704599,-61.426495364204186,15.604209956841638,22.736767672434368,12.00797470857353
-6.708720691234154,-82.70991587271037,False,613.0225846925973,610,8,51,2.025,2.025,1000000.0,84.1841424200234,22.74682618162665,-156.2061688829368,-67.66460085148815,75.74337473427121,1000000.0,1000000.0,610,610,2,1500,2.459016393442623,-6.75453514155727,-0.3641786617539842,PLL96-rejected-board,safe_range,final,340402,PAL,22,3,1000000.0,contrast;waveform;detail_floor;sync;h_jitter_us;v_jitter_us;h_width_rmse_us;sync_error_ire;black_error_ire;white_error_ire;contrast;stress_waveform;reference_detail;burst_gain;burst_phase_jitter_deg;burst_amplitude_jitter_pct;burst_rmse_ire;h_missing;v_missing;vertical_trains;sync_error_ire;black_error_ire;white_error_ire,False,bars,0.32939403994818356,65.88998073061234,28.217070978308215,33.6478643225021,28.764133174320495
8.943372286310256,98.37321711034507,True,6.283563362609787,602,8,0,2.025,2.025,3.6688724425905024,14.739795897904173,-1.0586794494716507,-1.640424493838885,-47.74100348731194,110.76378065404597,1.4649999999999999,1000000.0,610,269,2,5,0.00819672131147541,11.648849721911503,0.36743068749421415,PLL96-IQ-corrected,safe_range,final,340402,PAL,22,3,1000000.0,waveform;detail_floor;sync;h_jitter_us;v_jitter_us;h_width_rmse_us;sync_error_ire;stress_waveform;reference_detail;burst_gain;burst_phase_jitter_deg;burst_amplitude_jitter_pct;burst_rmse_ire;h_missing;v_missing;vertical_trains;sync_error_ire,False,bars,0.38046274617244047,-113.00479473257248,27.589349540373895,33.35766146861417,16.896160143033637
20.971422687839137,96.35710100281545,True,0.0,0,0,2,0.025,0.025,0.019783666056192688,1.6372917155071607,1.720886847437618,-1.113490991965138,-50.09232945645786,113.81833256768323,0.025,0.025,610,0,2,0,0.0,28.78391924053041,0.910899569048903,floating-PLL-IQ40,safe_range,final,340402,PAL,22,3,1000000.0,burst_gain,True,bars,0.4899544274991109,13.392468804829495,9.87940084332496,18.432961238485472,6.967283144164289
4.388447400583633,44.484593472619004,True,88.83375156838143,610,8,0,2.025,2.025,1000000.0,48.945834270907255,27.134348028922272,-25.65336121597256,-0.6010523933052099,84.58635586234675,1000000.0,1000000.0,610,610,2,0,0.0,4.556678931426352,0.5572239367849668,HC50,safe_range,final,340402,PAL,22,3,1000000.0,contrast;waveform;detail_floor;sync;h_jitter_us;v_jitter_us;h_width_rmse_us;sync_error_ire;black_error_ire;white_error_ire;contrast;stress_waveform;reference_detail;burst_gain;burst_rmse_ire;h_missing;v_missing;vertical_trains;sync_error_ire;black_error_ire;white_error_ire,False,bars,0.4136013378862378,98.69704174838692,14.622416638845952,22.580748626274644,30.712844869846027
11.992217402719287,97.44023912061424,True,3.6580928481806776,0,0,2,0.275,0.075,0.11960059898967282,5.59155864330893,-0.8482371063851479,-2.7481921720067506,-60.13270535862293,111.40506506361695,0.275,0.075,610,0,2,0,0.0,17.25368902777491,0.4777761091718665,PLL96-board-fixed,safe_range,final,340402,PAL,22,3,1000000.0,waveform;detail_floor;sync_error_ire;stress_waveform;reference_detail;burst_gain;burst_phase_jitter_deg;burst_rmse_ire,True,bars,0.4355757194930444,-99.70483347436233,25.631128679650384,32.484969504915746,15.482083327402826
16.114488083635766,98.20333292957007,True,0.38958594730238394,0,0,2,0.05,0.06624999999999999,0.02592549223334021,1.2362267959093076,0.3059170162129435,-1.2091117060876049,-47.42305098200595,114.38145704405511,0.05,0.06624999999999999,610,0,2,0,0.0,28.894502722253645,0.7244899265555607,RNG-e2a8f30af45e,safe_range,final,340402,PAL,22,3,1000000.0,,True,bars,0.7460705928621623,-59.62252791016428,15.029603586810438,24.134290947112277,11.43650059787346
15.921413918206728,97.52795144527218,True,0.3262233375156838,0,0,2,0.05,0.04124999999999999,0.021232514503260032,0.14454504399198279,1.0774316426139074,-1.3264133231615007,-54.92795731523785,124.04207405978974,0.05,0.04124999999999999,610,0,2,0,0.0,28.1113382306943,0.7241703412690682,OVP56,safe_range,final,340402,PAL,30,3,1000000.0,,True,bars,0.8099183507699544,-60.28952127244898,16.250761431685415,25.27254753919536,11.9882468440482
16.13549712660445,97.51547052901145,True,0.33751568381430364,0,0,2,0.05,0.05,0.01827611538162919,0.29170957638124406,1.239930637206438,-1.2063311749530108,-56.35426964229718,123.57514404320335,0.05,0.05,610,0,2,0,0.0,28.419170271193654,0.7330567245413031,VLP56,safe_range,final,340402,PAL,30,3,1000000.0,,True,bars,0.7967658465377208,-60.25890220718281,15.462809639175,24.756236459057273,11.743332584870563
16.047722078947977,95.62730053147804,True,0.8845671267252195,0,0,2,0.05,0.05,0.03825068305401043,1.2641471464235916,1.878049249659361,-3.0608624481049955,-43.95375895496214,103.90852249327904,0.05,0.05,610,0,2,0,0.0,25.207086664152577,0.7193457237134221,RANGE32,safe_range,final,340402,PAL,30,3,1000000.0,,True,bars,0.7837597117330937,-61.00524927568736,16.421964556171602,24.655024761982002,11.846759308044897
-6.717280914912235,-83.0260862670508,False,613.6185696361355,610,8,51,2.025,2.025,1000000.0,84.9338272805936,22.765001697622605,-156.24525228887197,-67.69432883322993,68.29418489937245,1000000.0,1000000.0,610,610,2,1518,2.4885245901639346,-6.76272722177041,-0.36451405111459695,PLL96-rejected-board,safe_range,final,340402,PAL,30,3,1000000.0,contrast;waveform;detail_floor;sync;h_jitter_us;v_jitter_us;h_width_rmse_us;sync_error_ire;black_error_ire;white_error_ire;contrast;stress_waveform;reference_detail;burst_gain;burst_phase_jitter_deg;burst_rmse_ire;h_missing;v_missing;vertical_trains;sync_error_ire;black_error_ire;white_error_ire,False,bars,0.3245045743866458,66.10299325475415,23.097920301522517,32.21725778368709,28.714994920636254
8.902209680647415,99.02055228180869,True,6.297365119196988,610,8,0,2.025,2.025,1000000.0,13.957376751883839,-1.1033506544819216,-1.6208499640060197,-41.77248942015136,106.89381157591387,1000000.0,1000000.0,610,610,2,0,0.0,11.561744553477544,0.368673582062596,PLL96-IQ-corrected,safe_range,final,340402,PAL,30,3,1000000.0,waveform;detail_floor;sync;h_jitter_us;v_jitter_us;h_width_rmse_us;sync_error_ire;stress_waveform;reference_detail;burst_gain;burst_phase_jitter_deg;burst_rmse_ire;h_missing;v_missing;vertical_trains;sync_error_ire,False,bars,0.37433552913010165,-112.4864086270057,23.738295076024027,32.01718939905962,16.918357917306487
21.636752325565777,96.37991575934576,True,0.0,0,0,2,0.025,0.025,0.019679814073491984,1.636073716913073,1.7217459704668996,-1.0710959043748998,-47.067766332347915,111.74417303534906,0.025,0.025,610,0,2,0,0.0,28.898337253259655,0.9264226467401961,floating-PLL-IQ40,safe_range,final,340402,PAL,30,3,1000000.0,burst_gain,True,bars,0.48456682807169815,13.085498208692057,7.012764890684981,16.746656137929552,6.878575739040435
4.396283851938492,44.49191389666754,True,88.78293601003764,610,8,0,2.025,2.025,1000000.0,48.927802985090345,27.13713641461826,-25.60808281845809,2.524590445494539,84.26256565757194,1000000.0,1000000.0,610,610,2,0,0.0,4.55786834672222,0.5728883400267241,HC50,safe_range,final,340402,PAL,30,3,1000000.0,contrast;waveform;detail_floor;sync;h_jitter_us;v_jitter_us;h_width_rmse_us;sync_error_ire;black_error_ire;white_error_ire;contrast;stress_waveform;reference_detail;burst_gain;burst_rmse_ire;h_missing;v_missing;vertical_trains;sync_error_ire;black_error_ire;white_error_ire,False,bars,0.4066831754633115,98.88191137441345,15.226751278113076,23.537236304621988,30.706857720350538
11.90257681470483,96.96467899296971,True,3.596612296110414,0,0,2,0.25,0.075,0.1016210817807756,5.717234129969154,-0.6870877540531013,-2.710040943712743,-57.50480521998371,111.40231028910378,0.25,0.075,610,0,2,0,0.0,16.794633888084537,0.4814191960556024,PLL96-board-fixed,safe_range,final,340402,PAL,30,3,1000000.0,waveform;detail_floor;sync_error_ire;stress_waveform;reference_detail;burst_gain;burst_phase_jitter_deg;burst_rmse_ire,True,bars,0.43030442925887213,-100.0970640473163,24.35485940082495,29.76961790532364,15.459250530232064
16.481876896766913,98.20628901378412,True,0.33877038895859474,0,0,2,0.05,0.06624999999999999,0.024272192819403342,1.284806972793572,0.2754019677276771,-1.1887603887676896,-45.40412628413155,113.91761096603867,0.05,0.06624999999999999,610,0,2,0,0.0,28.95983481322412,0.7414546633595503,RNG-e2a8f30af45e,safe_range,final,340402,PAL,30,3,1000000.0,,True,bars,0.7288543889190419,-58.924612304745025,14.808442889515655,25.73166624217391,11.229444803079918
0.761571607946734,55.52982333451728,True,220.91447976469667,506,12,0,2.025,2.025,1000000.0,35.52434509899323,13.830096398452609,-29.696252781743418,-90.39978093241372,151.17402573990273,1000000.0,1000000.0,506,506,2,1,0.001976284584980237,5.568183291087184,0.12226542942704673,OVP56,safe_range,final,340402,NTSC,0,3,1000000.0,,False,bars,,,,,
0.01169891951736294,59.59651786315905,True,226.73233644522185,506,12,0,2.025,2.025,1000000.0,26.178089089431214,8.5799475467047,-32.733660623736924,-95.55219456976312,154.12900299719678,1000000.0,1000000.0,506,506,2,2,0.003952569169960474,5.53744826401844,0.11599704998524281,VLP56,safe_range,final,340402,NTSC,0,3,1000000.0,,False,bars,,,,,
1.1969415491478106,63.229615282297644,True,166.46220124214628,440,10,0,2.025,2.025,3.425973097773342,31.857452934378543,4.950464458973833,-34.408377499069616,-74.20920511224978,132.95718579689088,1.9125,0.9225,506,32,2,58,0.11462450592885376,6.04543990991804,0.12367704218949897,RANGE32,safe_range,final,340402,NTSC,0,3,1000000.0,,False,bars,,,,,
-6.723773861480308,-78.08691418646265,False,637.7529977390891,506,12,3,2.025,2.025,1000000.0,90.60246889755977,19.450805127648085,-148.76121433461174,-77.28226138514056,137.00483695575682,1000000.0,1000000.0,506,506,2,2926,5.782608695652174,-6.614787894709694,-0.09900644001728294,PLL96-rejected-board,safe_range,final,340402,NTSC,0,3,1000000.0,,False,bars,,,,,
2.7218227708942164,84.905025383671,True,114.28137051543351,304,9,0,2.025,2.025,3.280669738886187,11.882384579859162,3.6743387933146465,-11.170426697716598,-77.06119650663948,136.903412153023,1.85,1.795,506,10,2,223,0.4407114624505929,5.644099680212863,0.09777237520397417,PLL96-IQ-corrected,safe_range,final,340402,NTSC,0,3,1000000.0,,False,bars,,,,,
5.889980845213114,92.3146094996976,True,40.72424413021161,412,12,0,2.025,2.025,3.4493996162761364,4.605929527311354,1.4627286935855253,-7.553642060285728,-80.40139025390349,141.01838728767217,1.9,1000000.0,506,18,2,102,0.2015810276679842,13.447977659996537,0.2628111467200437,floating-PLL-IQ40,safe_range,final,340402,NTSC,0,3,1000000.0,,False,bars,,,,,
0.8638094262254614,32.08574104917375,True,225.0246111142889,506,12,0,2.025,2.025,1000000.0,52.54507673244971,26.94726336458191,-41.28028404033066,-84.36740966798095,139.92612233878546,1000000.0,1000000.0,506,506,2,0,0.0,2.8388189709098555,0.07685657537415654,HC50,safe_range,final,340402,NTSC,0,3,1000000.0,,False,bars,,,,,
0.2333457549770185,69.81128027215063,True,197.15685182453404,350,8,0,2.025,2.025,3.3182213531827487,17.067360440131473,2.99610779993292,-30.357920860166676,-83.95036202023533,130.936742135861,1.88125,0.8712499999999999,506,14,2,147,0.29051383399209485,3.8870457071026183,0.08179176453143593,PLL96-board-fixed,safe_range,final,340402,NTSC,0,3,1000000.0,,False,bars,,,,,
0.87681562101466,70.95387294145,True,167.55276713219556,362,10,0,2.025,2.025,3.3460220733398907,28.49257644368535,4.449417954180532,-23.75588511654103,-78.78109289563008,140.60996556255225,1.925,0.28874999999999995,506,17,2,132,0.2608695652173913,6.6908983641836075,0.13540481783620656,RNG-e2a8f30af45e,safe_range,final,340402,NTSC,0,3,1000000.0,,False,bars,,,,,
2.7633131132159807,68.86576553338658,True,135.07813840628359,505,12,0,2.025,2.025,3.55,26.093886908599917,9.308389615847071,-21.180184466536183,-85.4606414479261,144.8902718802367,1.575,1000000.0,506,442,2,0,0.0,8.491674131078728,0.1826243302191517,OVP56,safe_range,final,340402,NTSC,2,3,1000000.0,,False,bars,,,,,
2.246640609936578,73.35771890417057,True,133.580397811944,502,12,0,2.025,2.025,3.607219323800537,18.30986692898165,5.788925305954505,-21.872815794687508,-91.64375717302674,152.33332486924522,1.4887499999999998,1000000.0,506,263,2,2,0.003952569169960474,8.908646434454289,0.17651707752701123,VLP56,safe_range,final,340402,NTSC,2,3,1000000.0,,False,bars,,,,,
3.2949921721498088,77.16374491464578,True,91.17778105591465,278,9,0,2.025,2.025,3.3101530911488224,20.303003855271086,3.0743953080645903,-22.619853708712576,-69.94438482429213,130.8132643721002,1.875,1.01,506,8,2,205,0.4051383399209486,9.3089421608486,0.1793571402024635,RANGE32,safe_range,final,340402,NTSC,2,3,1000000.0,,False,bars,,,,,
-6.677010420048324,-81.54555661903727,False,621.130335042313,506,12,13,2.025,2.025,1000000.0,89.9846065135587,20.3380494115673,-152.92558896181652,-75.21340098128671,135.25476405937553,1000000.0,1000000.0,506,506,2,2316,4.5770750988142295,-6.647438935744601,-0.1550701125464075,PLL96-rejected-board,safe_range,final,340402,NTSC,2,3,1000000.0,,False,bars,,,,,
5.603592046503513,89.5052777769768,True,48.510989953848515,323,8,0,2.025,2.025,3.301619283126142,10.647783690824195,1.661535781971004,-6.989093641942799,-75.12979078635831,135.70235681046,1.85,1.7474999999999998,506,19,2,200,0.3952569169960474,9.741402383576197,0.15600639404347946,PLL96-IQ-corrected,safe_range,final,340402,NTSC,2,3,1000000.0,,False,bars,,,,,
8.188672422023181,94.0621041034109,True,11.881071870474791,315,11,0,2.025,2.025,3.363829195818174,3.9223535233633116,1.4797315397760125,-4.617391279134161,-76.03124262781535,137.52257596835207,1.875,1.1,506,9,2,193,0.3814229249011858,18.671175996543973,0.3682769279600473,floating-PLL-IQ40,safe_range,final,340402,NTSC,2,3,1000000.0,,False,bars,,,,,
2.133329424864963,38.18785519801928,True,169.48176670168922,506,12,0,2.025,2.025,1000000.0,50.672356092219715,27.232462284189545,-34.3650772402632,-77.76767900225198,131.91633936020799,1000000.0,1000000.0,506,506,2,0,0.0,3.6398490315097387,0.11887409337869492,HC50,safe_range,final,340402,NTSC,2,3,1000000.0,,False,bars,,,,,
2.8172069439693868,81.38405590795618,True,102.38976177645581,215,4,0,2.025,2.025,3.1952882246345125,9.809891093776683,0.5803999110250282,-21.51454960921265,-82.17400551355078,128.9097209800732,1.875,1.4862499999999996,506,8,2,270,0.5335968379446641,7.129169408609237,0.13303950211085053,PLL96-board-fixed,safe_range,final,340402,NTSC,2,3,1000000.0,,False,bars,,,,,
3.2760951483008025,84.6160436069002,True,84.9986603124332,148,4,0,2.025,2.025,3.129959751289581,16.39087125108556,2.001829314436592,-12.68511621768967,-78.10320913559843,137.72988624658095,1.8287499999999994,1.7149999999999999,506,4,2,289,0.5711462450592886,10.460890766187998,0.20352175695430585,RNG-e2a8f30af45e,safe_range,final,340402,NTSC,2,3,1000000.0,,False,bars,,,,,
5.106306241523275,80.67005596429932,True,65.20816336360927,497,12,0,2.025,2.025,3.523581274782803,17.09407382173495,5.18273921151859,-13.846758363066893,-82.0543697989885,142.20471047542998,1.4649999999999999,1000000.0,506,172,2,4,0.007905138339920948,12.390479208507246,0.26275251059696286,OVP56,safe_range,final,340402,NTSC,4,3,1000000.0,,False,bars,,,,,
4.8591579478813145,84.92206160591368,True,62.15999783241563,477,12,0,2.025,2.025,3.553716485887551,11.215973233551145,2.9912838100148695,-12.903388777249285,-87.99244994385094,149.65351916151002,1.765,1000000.0,506,72,2,17,0.03359683794466403,13.430683187373056,0.2606574231581541,VLP56,safe_range,final,340402,NTSC,4,3,1000000.0,,False,bars,,,,,
5.9016007184990364,88.56135599974525,True,39.10457691462427,70,0,0,2.025,1.45875,2.922615765516233,9.32733209983893,1.839556720967431,-11.826804823011035,-71.74211554961363,127.59851324017838,1.68125,1.4587499999999998,506,3,2,377,0.7450592885375494,13.940352544157966,0.26024626069645734,RANGE32,safe_range,final,340402,NTSC,4,3,1000000.0,,False,bars,,,,,
-6.708436371045389,-84.00681105124623,False,614.4492077780153,506,12,37,2.025,2.025,1000000.0,88.61397490465097,21.34838175444216,-156.57480902520905,-74.07771827118279,133.25525047558807,1000000.0,1000000.0,506,506,2,1683,3.3260869565217392,-6.726356244252033,-0.23656150419786104,PLL96-rejected-board,safe_range,final,340402,NTSC,4,3,1000000.0,,False,bars,,,,,
7.93443836463865,92.67323275890595,True,18.134703326940965,360,11,0,2.025,2.025,3.3758389368270016,10.641035161660044,0.2104959511769985,-4.114066341830092,-73.02244427278046,135.7357109306684,1.85,1.45,506,13,2,159,0.3142292490118577,13.153013715255511,0.2340865330454596,PLL96-IQ-corrected,safe_range,final,340402,NTSC,4,3,1000000.0,,False,bars,,,,,
10.180687038240158,95.76708250520058,True,2.317358437171664,111,4,0,2.025,2.025,3.1344580921820553,2.640663996953601,1.2629145695416049,-2.5840192871836876,-78.34835314250833,137.07649393977738,1.775,1.6999999999999997,506,5,2,357,0.7055335968379447,23.276048025519902,0.47505029887738803,floating-PLL-IQ40,safe_range,final,340402,NTSC,4,3,1000000.0,,False,bars,,,,,
3.257666321970088,42.682789049086814,True,127.36364539523795,506,12,0,2.025,2.025,1000000.0,49.35003400115534,27.081753435744226,-28.97730938912697,-73.23352191972552,124.71024004127649,1000000.0,1000000.0,506,506,2,0,0.0,4.238303877929727,0.18586753202128015,HC50,safe_range,final,340402,NTSC,4,3,1000000.0,,False,bars,,,,,
5.871182197677881,90.88588206147227,True,40.91842356405061,67,2,0,2.025,2.025,2.8455511173990895,3.025436401139248,-1.7017271427214362,-14.491813769523793,-81.84810388905831,126.16031420649274,1.675,1.6999999999999993,506,3,2,367,0.7252964426877471,11.079454299806251,0.21384749357958752,PLL96-board-fixed,safe_range,final,340402,NTSC,4,3,1000000.0,,False,bars,,,,,
6.149541725301786,94.30710892960009,True,32.717729334942966,17,0,0,1.66875,1.43625,2.556844037381405,6.190539249682421,0.40728510722166306,-4.928002363783969,-77.41313516097885,137.43185731505383,1.439999999999999,1.43625,506,2,2,358,0.7075098814229249,15.707736149879851,0.2986258300892059,RNG-e2a8f30af45e,safe_range,final,340402,NTSC,4,3,1000000.0,,False,bars,,,,,
7.492188431211187,87.88374945184623,True,22.371277098567887,455,12,0,2.025,2.025,3.518975173897907,10.919122833322545,2.7837133241545216,-9.270379694855215,-83.37946630542882,142.17542919240498,1.7875,1000000.0,506,40,2,32,0.06324110671936758,16.51679597495065,0.3544041308401446,OVP56,safe_range,final,340402,NTSC,6,3,1000000.0,,False,bars,,,,,
7.500182002732126,91.28013850305891,True,19.99220271730786,386,11,0,2.025,2.025,3.4650719990114687,6.80571222056587,1.5632503546664176,-7.6905804919712635,-84.13623776324638,147.2364755186187,1.9012499999999999,0.025,506,24,2,100,0.1976284584980237,18.412534411475118,0.3582131266427623,VLP56,safe_range,final,340402,NTSC,6,3,1000000.0,,False,bars,,,,,
8.603021894349093,93.76958377346138,True,12.564463056233762,6,0,1,1.15,1.1112499999999996,2.0165397342973437,3.4975609921814743,1.7176129509641644,-5.6195547624984,-67.14194134386118,126.16863021539176,1.0274999999999976,1.1112499999999996,506,1,2,257,0.5079051383399209,19.19933725139338,0.35839610952972073,RANGE32,safe_range,final,340402,NTSC,6,3,1000000.0,,False,bars,,,,,
-6.675454694918085,-83.90507213530663,False,610.2675762492963,506,12,42,2.025,2.025,1000000.0,86.8819808365714,22.175984740764264,-157.11228112736134,-73.43816679939994,131.87730314167965,1000000.0,1000000.0,506,506,2,1380,2.727272727272727,-6.712656676324392,-0.2936236874681024,PLL96-rejected-board,safe_range,final,340402,NTSC,6,3,1000000.0,,False,bars,,,,,
9.134120261656344,93.71310224544472,True,8.193167894462725,388,10,0,2.025,2.025,3.4982509249478233,12.280252253999329,-0.6033729814795346,-2.994907860387288,-71.67981446145548,132.5780476393873,1.85,1.38,506,16,2,112,0.22134387351778656,14.280155895095358,0.28992286268318196,PLL96-IQ-corrected,safe_range,final,340402,NTSC,6,3,1000000.0,,False,bars,,,,,
12.085655741640231,95.94213430827003,True,0.2754638480041666,26,2,0,2.01875,2.025,2.7088231127650255,2.299453476679256,1.406891763622297,-1.9947007407480781,-71.07229567650708,129.78858723217337,1.5012499999999989,1.8074999999999999,506,2,2,411,0.8122529644268774,25.732200229727002,0.5704715299083292,floating-PLL-IQ40,safe_range,final,340402,NTSC,6,3,1000000.0,,False,bars,,,,,
3.8954466175414426,44.28859366120657,True,105.59673296865734,506,12,0,2.025,2.025,1000000.0,49.04631807848986,27.07441207323178,-26.49434075308091,-68.68973736085381,118.80642267271624,1000000.0,1000000.0,506,506,2,0,0.0,4.470571219550242,0.2713206158552239,HC50,safe_range,final,340402,NTSC,6,3,1000000.0,,False,bars,,,,,
8.757017417586534,95.74509651561159,True,13.214738369555073,8,0,0,1.4625000000000001,0.8037499999999999,2.3379269362915838,0.44174035403278844,-2.5405346643461564,-10.073942252322235,-80.81820499660421,123.90699776473859,1.257499999999999,0.8037499999999997,506,1,2,327,0.6462450592885376,14.88970067345291,0.30926706219180977,PLL96-board-fixed,safe_range,final,340402,NTSC,6,3,1000000.0,,False,bars,,,,,
8.936949527162044,97.57279779198112,True,8.69818494913703,2,0,1,0.76875,1.1112499999999996,1.5547023684181738,1.998276598228739,0.050240691484026996,-2.017138072509985,-69.1255433179301,134.4393310001131,0.75,1.1112499999999996,506,1,2,166,0.32806324110671936,21.919531257773343,0.40258933154948506,RNG-e2a8f30af45e,safe_range,final,340402,NTSC,6,3,1000000.0,,False,bars,,,,,
9.524196506795256,91.58354988617772,True,5.506266426225363,333,9,0,2.025,2.025,3.3663370944583093,7.402709354341275,1.9863835354592443,-6.5511181867055805,-74.31282500836565,131.38103438330137,1.925,1.425,506,12,2,153,0.30237154150197626,19.950331752472362,0.4420773270565369,OVP56,safe_range,final,340402,NTSC,8,3,1000000.0,,False,bars,,,,,
9.651173999633663,93.9930632200739,True,4.569990396396993,213,8,0,2.025,2.025,3.2589248028003297,4.678285647912315,1.2477435078511696,-5.131390862534296,-80.27477436536665,139.3855868481872,1.875,1.34875,506,6,2,271,0.5355731225296443,22.34430912975487,0.44887009428961144,VLP56,safe_range,final,340402,NTSC,8,3,1000000.0,,False,bars,,,,,
10.70576171600569,95.098624933266,True,3.7059671791598805,0,0,2,0.225,0.7124999999999991,1.0819742285402625,1.9908630593737142,2.0855952526782544,-3.2092565792472554,-62.01105795258236,122.66629535612249,0.225,0.7124999999999991,506,0,2,70,0.1383399209486166,22.919687554168725,0.44962648916830505,RANGE32,safe_range,final,340402,NTSC,8,3,1000000.0,,False,bars,,,,,
-6.623301797782808,-83.11533181969352,False,608.1549341144665,506,12,43,2.025,2.025,1000000.0,85.46492533002092,22.90703105253211,-156.59631785068567,-72.81553077387684,122.45819303727951,1000000.0,1000000.0,506,506,2,1251,2.472332015810277,-6.667071854720607,-0.32212389061942953,PLL96-rejected-board,safe_range,final,340402,NTSC,8,3,1000000.0,,False,bars,,,,,
9.407249256219078,94.11428781772278,True,6.2295471856024225,420,9,0,2.025,2.025,3.589758526568294,13.998038633437602,-0.9398601979389847,-2.6622117387242943,-69.59924475758656,128.05068474760316,1.86875,1.5849999999999997,506,23,2,68,0.13438735177865613,13.848870573782543,0.3158746098625034,PLL96-IQ-corrected,safe_range,final,340402,NTSC,8,3,1000000.0,,False,bars,,,,,
13.864497206551876,95.67460243594346,True,0.017310569683321946,1,0,2,0.95,0.8,2.007840756870548,2.399812960811088,1.741445124771993,-1.8240413286543522,-65.95208548509162,126.15267282952651,0.9449999999999988,0.8,506,1,2,240,0.4743083003952569,26.350772846334962,0.6557428292751256,floating-PLL-IQ40,safe_range,final,340402,NTSC,8,3,1000000.0,,False,bars,,,,,
4.120863550249366,44.45994942917171,True,97.71063952770744,506,12,0,2.025,2.025,1000000.0,49.21135276207386,27.156418302584232,-25.867177571491897,-57.67934739929076,105.25131519917245,1000000.0,1000000.0,506,506,2,0,0.0,4.493778595207819,0.34984312520274935,HC50,safe_range,final,340402,NTSC,8,3,1000000.0,,False,bars,,,,,
10.468317650555228,97.64170217422627,True,5.506266426225363,4,0,1,1.19375,0.56125,2.1459513209094814,0.5663102190641044,-2.4559983796052305,-7.449698731336528,-79.69952752221019,115.99718222152696,1.075,0.56125,506,1,2,309,0.6106719367588933,17.078989820295085,0.37988105110246984,PLL96-board-fixed,safe_range,final,340402,NTSC,8,3,1000000.0,,False,bars,,,,,
10.908860695400671,97.81838989836874,True,2.099847365933401,0,0,2,0.125,0.33374999999999966,0.769053914186061,1.2453379166052005,0.3204268523959216,-1.7523144447272232,-64.73210845407354,129.5095088567839,0.125,0.3337499999999996,506,0,2,33,0.06521739130434782,26.06761105825996,0.4870105978457254,RNG-e2a8f30af45e,safe_range,final,340402,NTSC,8,3,1000000.0,,False,bars,,,,,
11.1338942088835,93.76679538145501,True,1.3788245069498175,132,3,0,2.025,2.025,3.1211952774366827,4.882431799943293,1.6542259940164983,-4.822480551725027,-71.18488524586695,135.4942038453682,1.8087499999999992,1.4349999999999998,506,3,2,344,0.6798418972332015,22.617696397550265,0.5147287362476436,OVP56,safe_range,final,340402,NTSC,10,3,1000000.0,,False,bars,,,,,
11.269778722980854,95.3391781918617,True,1.2102346109035516,56,4,0,2.025,2.025,2.8481402314102757,3.199778585585527,1.220307757660746,-3.757032011323839,-69.1973019476208,136.5815338252528,1.675,0.925,506,2,2,408,0.8063241106719368,24.667646269763065,0.5212826426257069,VLP56,safe_range,final,340402,NTSC,10,3,1000000.0,,False,bars,,,,,
12.138794406918407,95.42247159901834,True,1.7468622710865318,0,0,2,0.1,0.09749999999999996,0.3707449636384035,1.576357598436708,2.230854828413811,-2.5484911885275827,-53.961646499769834,116.0242923106711,0.1,0.09749999999999996,506,0,2,6,0.011857707509881422,24.03752728734132,0.5208675986453583,RANGE32,safe_range,final,340402,NTSC,10,3,1000000.0,,True,bars,,,,,
-6.600961493928833,-82.56075154144645,False,607.7936700515102,506,12,43,2.025,2.025,1000000.0,84.32832761684604,23.182639104197243,-156.29146413404598,-69.819439822226,86.71938289792134,1000000.0,1000000.0,506,506,2,1209,2.389328063241107,-6.647343452673443,-0.33380402840564716,PLL96-rejected-board,safe_range,final,340402,NTSC,10,3,1000000.0,,False,bars,,,,,
9.361482834550312,94.68996107041035,True,6.103857397032216,430,11,0,2.025,2.025,3.6188491373567055,15.031909242652405,-1.181897333529792,-2.467929030341101,-55.42900672968457,122.73571080943164,1.85,0.05,506,38,2,65,0.12845849802371542,13.221346432467795,0.3271685012735589,PLL96-IQ-corrected,safe_range,final,340402,NTSC,10,3,1000000.0,,False,bars,,,,,
15.498376917588892,95.70701382415255,True,0.0015052669289845168,0,0,2,0.41875,0.3762499999999995,1.109345964241745,2.270469055284662,1.8461134419483105,-1.6638000538168065,-63.85047613878949,123.78645374214814,0.41875,0.3762499999999995,506,0,2,77,0.15217391304347827,26.833416703568442,0.7300791156256645,floating-PLL-IQ40,safe_range,final,340402,NTSC,10,3,1000000.0,,False,bars,,,,,
4.208828239494472,44.41418533053753,True,95.37145472006551,506,12,0,2.025,2.025,1000000.0,49.23425408271515,27.165859320458992,-25.81953019177608,-44.99899924184637,97.04855203729916,1000000.0,1000000.0,506,506,2,0,0.0,4.491025190476644,0.4104385817412307,HC50,safe_range,final,340402,NTSC,10,3,1000000.0,,False,bars,,,,,
11.168923823889411,98.41081962675874,True,4.229800070446492,9,0,0,1.425,0.6649999999999998,2.2093175425963887,1.4905563468866359,-2.27274313616689,-5.830445083656123,-64.51522882162915,114.46086996932173,1.0799999999999996,0.6649999999999998,506,2,2,298,0.5889328063241107,17.625926542375495,0.415577289195602,PLL96-board-fixed,safe_range,final,340402,NTSC,10,3,1000000.0,,False,bars,,,,,
12.317181649191236,97.83542647430761,True,0.9039127908552024,0,0,2,0.075,0.075,0.2409221414915399,1.1194400835007194,0.429935115118552,-1.68722033136153,-53.811771911888435,124.70896961289098,0.075,0.075,506,0,2,2,0.003952569169960474,27.434138590827615,0.5534018455029802,RNG-e2a8f30af45e,safe_range,final,340402,NTSC,10,3,1000000.0,,True,bars,,,,,
12.46333027909401,95.35856876055969,True,0.6803806519010016,21,1,0,1.8625,1.9562499999999998,2.6387255300012566,2.971914524231029,1.4173233598743762,-3.4794705184767407,-68.28640053406336,131.11532861533794,1.35,1.8125,506,2,2,386,0.7628458498023716,24.829726716353385,0.5779457433537973,OVP56,safe_range,final,340402,NTSC,12,3,1000000.0,,False,bars,,,,,
12.609146335392886,96.28322483120103,True,0.666833249540141,3,0,0,1.25,0.925,2.191938907214849,2.0531986886628855,1.2062205357215883,-2.7563962893812417,-68.11450153038398,131.4823756759225,1.2474999999999994,0.925,506,1,2,297,0.5869565217391305,26.27313517497411,0.5847548771636998,VLP56,safe_range,final,340402,NTSC,12,3,1000000.0,,False,bars,,,,,
13.249144225955591,95.67931166635537,True,1.3524823356925884,0,0,2,0.1,0.075,0.04489777585448796,1.3490949206066627,2.1695802778014346,-2.318021694902878,-51.98880619297351,112.95022356521153,0.1,0.075,506,0,2,0,0.0,24.4810605396258,0.5810083742944978,RANGE32,safe_range,final,340402,NTSC,12,3,1000000.0,,True,bars,,,,,
-6.600549468394041,-82.35989785196674,False,608.3641662175954,506,12,44,2.025,2.025,1000000.0,83.64936367951442,23.198169130123556,-156.26081530802142,-69.26957308211486,81.9611560623286,1000000.0,1000000.0,506,506,2,1188,2.347826086956522,-6.648207767231316,-0.34176652060037277,PLL96-rejected-board,safe_range,final,340402,NTSC,12,3,1000000.0,,False,bars,,,,,
9.259380422295264,95.37587280073052,True,6.103104763567724,448,9,0,2.025,2.025,3.6167534022122374,15.685127870506205,-1.2716095064561466,-2.154646904555703,-55.090140629802676,122.90213128878119,1.95,0.13999999999999999,506,43,2,55,0.10869565217391304,12.748100890500735,0.3355695948383587,PLL96-IQ-corrected,safe_range,final,340402,NTSC,12,3,1000000.0,,False,bars,,,,,
17.013318897533715,95.97757348451206,True,0.0,0,0,2,0.05,0.036249999999999984,0.3501587725702515,1.9800413758548365,1.801491816690536,-1.4372443846341296,-58.64792473820207,122.35119940753805,0.05,0.036249999999999984,506,0,2,4,0.007905138339920948,27.563466658490068,0.7921754977937492,floating-PLL-IQ40,safe_range,final,340402,NTSC,12,3,1000000.0,,True,bars,,,,,
4.267311358146367,44.465010284196694,True,95.05008023072732,506,12,0,2.025,2.025,1000000.0,49.13920864227278,27.13212399752825,-25.755140790956414,-6.787434683190305,91.71844705473615,1000000.0,1000000.0,506,506,2,0,0.0,4.500734023948824,0.4597948763465837,HC50,safe_range,final,340402,NTSC,12,3,1000000.0,,False,bars,,,,,
11.536058472443715,98.71848488558047,True,4.029599568891552,1,0,0,1.025,0.38749999999999984,2.0713563978061993,2.5703588279659755,-2.063799879162072,-4.631378840825659,-61.38343494994698,112.16109844021744,1.025,0.38749999999999984,506,1,2,268,0.5296442687747036,17.75396319096922,0.43947156556405087,PLL96-board-fixed,safe_range,final,340402,NTSC,12,3,1000000.0,,False,bars,,,,,
13.45874458306271,98.02705974986355,True,0.6337173771024817,0,0,2,0.075,0.061249999999999985,0.03519777548666231,0.9993474910950106,0.42784447603455517,-1.5051043231615306,-51.05172529983581,120.96268534737268,0.075,0.061249999999999985,506,0,2,0,0.0,28.013614179247558,0.6097438227083721,RNG-e2a8f30af45e,safe_range,final,340402,NTSC,12,3,1000000.0,,True,bars,,,,,
13.531093457438343,96.32651371459902,True,0.5449066282923951,1,0,1,0.95,0.85625,1.8564144883283062,1.7514407504303922,1.2669433432658916,-2.600665744521069,-64.93326239281791,126.1384683311061,0.95,0.85625,506,1,2,226,0.44664031620553357,26.31252836982931,0.6288685750230018,OVP56,safe_range,final,340402,NTSC,14,3,1000000.0,,False,bars,,,,,
13.690730149961405,96.79073267134699,True,0.5057696881387976,0,0,2,0.64375,0.85625,1.447623956204468,1.3823824986600133,1.220205095136346,-2.1290914834142938,-64.3011653682325,125.64848541916557,0.64375,0.85625,506,0,2,133,0.2628458498023715,27.193271889591703,0.6358006522285427,VLP56,safe_range,final,340402,NTSC,14,3,1000000.0,,False,bars,,,,,
14.125102349626502,95.70527635324703,True,1.1695924038209695,0,0,2,0.075,0.075,0.04229110484968576,1.3304756801853022,2.101240217381737,-2.4281385125537964,-50.99804268050116,111.00799304355532,0.075,0.075,506,0,2,0,0.0,24.72706391322299,0.6291998223420132,RANGE32,safe_range,final,340402,NTSC,14,3,1000000.0,,True,bars,,,,,
-6.600796720554434,-82.22450757094977,False,608.8571411368378,506,12,44,2.025,2.025,1000000.0,83.35748492586457,23.123487461202913,-156.2013523207782,-69.10930964596334,78.07353924101129,1000000.0,1000000.0,506,506,2,1176,2.324110671936759,-6.649335847496086,-0.3449928997938784,PLL96-rejected-board,safe_range,final,340402,NTSC,14,3,1000000.0,,False,bars,,,,,
9.146736610643659,95.99170252510886,True,6.188904978519841,456,9,0,2.025,2.025,3.6300275481048354,15.966896072964666,-1.2548986758319078,-1.984287383395803,-55.09846732831976,119.65865577692072,1.95,0.13999999999999999,506,47,2,52,0.10276679841897234,12.36708855690825,0.33976140155205486,PLL96-IQ-corrected,safe_range,final,340402,NTSC,14,3,1000000.0,,False,bars,,,,,
18.32489870546008,96.118072919304,True,0.0,0,0,2,0.025,0.036249999999999984,0.22617174033570642,1.8186848569042562,1.7661042955336437,-1.3335946470918303,-55.131219401872755,119.24536365231457,0.025,0.036249999999999984,506,0,2,1,0.001976284584980237,28.012782911354385,0.8396056341419752,floating-PLL-IQ40,safe_range,final,340402,NTSC,14,3,1000000.0,,True,bars,,,,,
4.301362464273955,44.476776974585846,True,94.99438535435489,506,12,0,2.025,2.025,1000000.0,49.0686981696997,27.109967571911874,-25.739503582808915,-3.1985612521977274,89.60250831050512,1000000.0,1000000.0,506,506,2,0,0.0,4.505338254537248,0.49892218600328786,HC50,safe_range,final,340402,NTSC,14,3,1000000.0,,False,bars,,,,,
11.770813588200529,98.52631923744968,True,3.914446648824236,9,0,0,1.475,0.38749999999999984,2.1325502039186324,3.7110702674292,-1.7848824157550143,-3.8298611387342105,-61.36365373172434,112.25476812845547,1.2849999999999995,0.38749999999999984,506,1,2,278,0.549407114624506,17.775331891982336,0.4564419258011897,PLL96-board-fixed,safe_range,final,340402,NTSC,14,3,1000000.0,,False,bars,,,,,
14.383625742604771,98.10761457162938,True,0.5366276601829802,0,0,2,0.075,0.061249999999999985,0.032364036059174164,1.0005325541559753,0.42069981239580984,-1.3996568008768677,-49.926615254677834,117.46581186268476,0.075,0.061249999999999985,506,0,2,0,0.0,28.385567224695386,0.655212600143061,RNG-e2a8f30af45e,safe_range,final,340402,NTSC,14,3,1000000.0,,True,bars,,,,,
14.959586051427689,97.18317604552408,True,0.41545367239972664,0,0,2,0.05,0.05,0.4828468259316333,0.6298139367980733,1.1438680047995164,-1.7448477409154655,-61.44528644137838,124.5858491422318,0.05,0.05,506,0,2,17,0.03359683794466403,27.601437986323276,0.6952342506394227,OVP56,safe_range,final,340402,NTSC,18,3,1000000.0,,True,bars,,,,,
15.145134844900332,97.26893465256093,True,0.3853483338200363,0,0,2,0.05,0.05,0.23954419827017553,0.7106056321333375,1.2459382900477647,-1.5149148028840536,-60.88924190690581,124.97206220740155,0.05,0.05,506,0,2,8,0.015810276679841896,27.982119368309814,0.7027195214249508,VLP56,safe_range,final,340402,NTSC,18,3,1000000.0,,True,bars,,,,,
15.279590831984,95.58839314850333,True,1.0145499101355644,0,0,2,0.075,0.061249999999999985,0.03974660350418104,1.3814131560410057,2.007718216438062,-2.8421762759729488,-50.95925908069966,108.1253564735659,0.075,0.061249999999999985,506,0,2,0,0.0,24.96434785942636,0.6916548136614048,RANGE32,safe_range,final,340402,NTSC,18,3,1000000.0,,True,bars,,,,,
-6.605529792650939,-82.23306734453881,False,610.0982337197855,506,12,44,2.025,2.025,1000000.0,83.52442687078859,22.835659965010187,-156.11765911901873,-69.28484214245853,75.69708025298654,1000000.0,1000000.0,506,506,2,1201,2.3735177865612647,-6.654539499233421,-0.3481508456115883,PLL96-rejected-board,safe_range,final,340402,NTSC,18,3,1000000.0,,False,bars,,,,,
8.993523800953158,97.07453577114295,True,6.319110567877002,481,11,0,2.025,2.025,3.6621851400495857,15.639526469022524,-1.102410671934201,-1.797762869256671,-53.43510858996964,117.97062619183522,1.7399999999999998,1.25,506,91,2,28,0.05533596837944664,11.925263769115013,0.34822963103661625,PLL96-IQ-corrected,safe_range,final,340402,NTSC,18,3,1000000.0,,False,bars,,,,,
20.23873877425759,96.25503777668997,True,0.0,0,0,2,0.025,0.025,0.021349019471888334,1.682211514595377,1.7270419387741314,-1.2378191830802325,-51.53505347505691,117.48544419604285,0.025,0.025,506,0,2,0,0.0,28.49643213865816,0.8968373394913243,floating-PLL-IQ40,safe_range,final,340402,NTSC,18,3,1000000.0,,True,bars,,,,,
4.333633560210287,44.46586876980592,True,94.87396400003612,506,12,0,2.025,2.025,1000000.0,48.98950120125278,27.100856984680163,-25.72957211209094,-0.1402054805079871,86.18547123637585,1000000.0,1000000.0,506,506,2,0,0.0,4.507342483659843,0.5508875481849503,HC50,safe_range,final,340402,NTSC,18,3,1000000.0,,False,bars,,,,,
11.960340062464711,97.83427824421317,True,3.80907796379532,28,0,0,2.025,0.475,2.4207453077902032,5.041631591854963,-1.2251168879128937,-3.0678051268563453,-59.73167950213687,111.46810734801606,1.475,0.475,506,2,2,355,0.7015810276679841,17.64044805273103,0.4740352972957033,PLL96-board-fixed,safe_range,final,340402,NTSC,18,3,1000000.0,,False,bars,,,,,
15.634691915812642,98.15360498703504,True,0.44405374405043246,0,0,2,0.075,0.061249999999999985,0.02756146562416046,1.1146898614917455,0.3810775500837276,-1.3099706834141147,-46.91980707161053,114.4373012331143,0.075,0.061249999999999985,506,0,2,0,0.0,28.775521375338684,0.7144927148549306,RNG-e2a8f30af45e,safe_range,final,340402,NTSC,18,3,1000000.0,,True,bars,,,,,
15.650955476979718,97.47294547846282,True,0.37029566453019114,0,0,2,0.05,0.036249999999999984,0.05303300858899106,0.2697416157501432,1.0780562785044396,-1.4595697613772818,-60.04589179480568,123.9048989063921,0.05,0.036249999999999984,506,0,2,1,0.001976284584980237,27.954304434660664,0.726554570351228,OVP56,safe_range,final,340402,NTSC,22,3,1000000.0,,True,bars,0.8754202590436918,-48.29448040940251,9.836357752125627,22.956988389328732,11.623816472090489
15.855004345326583,97.46135837186702,True,0.3725535649236679,0,0,2,0.05,0.05,0.02064307059611926,0.4333037780168722,1.2242202254331147,-1.3386988082897988,-59.92316112376911,123.43562879006316,0.05,0.05,506,0,2,0,0.0,28.267693152679584,0.7344345758949635,VLP56,safe_range,final,340402,NTSC,22,3,1000000.0,,True,bars,0.8726469877575773,-48.31312169364647,10.199381584519747,22.818918312211444,11.422109120107152
15.834297961299328,95.5712981424314,True,0.925739161325478,0,0,2,0.05,0.061249999999999985,0.038419234107502906,1.35503534991432,1.9406926902542367,-3.04408131288019,-48.83001864466145,107.42399589237087,0.05,0.061249999999999985,506,0,2,0,0.0,25.086837620456883,0.7213260039904771,RANGE32,safe_range,final,340402,NTSC,22,3,1000000.0,,True,bars,0.846302461889741,-49.4642545364664,10.02781221352477,20.652760549275452,11.553689543633467
-6.614919012434522,-82.58393478468325,False,611.0600992874067,506,12,44,2.025,2.025,1000000.0,84.31708413730856,22.729921277926064,-156.16546281840837,-67.18116195244232,70.02976428855214,1000000.0,1000000.0,506,506,2,1226,2.4229249011857705,-6.663472119407836,-0.35204019298755496,PLL96-rejected-board,safe_range,final,340402,NTSC,22,3,1000000.0,contrast;waveform;detail_floor;sync;h_jitter_us;v_jitter_us;h_width_rmse_us;sync_error_ire;black_error_ire;white_error_ire;contrast;stress_waveform;reference_detail;burst_gain;burst_phase_jitter_deg;burst_amplitude_jitter_pct;burst_rmse_ire;h_missing;v_missing;vertical_trains;sync_error_ire;black_error_ire;white_error_ire,False,bars,0.44130847401816486,82.75915608799521,39.00634775019579,34.30812596871657,29.413707640995405
8.921247760281622,97.94761370349012,True,6.419963452118965,502,12,0,2.025,2.025,3.6937658629101007,14.804690615079764,-1.061362486320482,-1.7125708816923617,-51.78284267244175,110.55466502034244,1.5674999999999997,1000000.0,506,219,2,5,0.009881422924901186,11.755852721869806,0.35123301926825556,PLL96-IQ-corrected,safe_range,final,340402,NTSC,22,3,1000000.0,waveform;detail_floor;sync;h_jitter_us;v_jitter_us;h_width_rmse_us;sync_error_ire;stress_waveform;reference_detail;burst_gain;burst_phase_jitter_deg;burst_amplitude_jitter_pct;burst_rmse_ire;h_missing;v_missing;vertical_trains;sync_error_ire,False,bars,0.5007408729530658,-95.89007568610822,39.182144379331774,30.855438132778804,18.035286388267835
21.246586172384944,96.2947781222908,True,0.0,0,0,2,0.025,0.025,0.020219888068873836,1.6661675317083784,1.7171886811155208,-1.1821720337791974,-48.77038239827749,115.25159622522739,0.025,0.025,506,0,2,0,0.0,28.664352218704636,0.9214695618426323,floating-PLL-IQ40,safe_range,final,340402,NTSC,22,3,1000000.0,,True,bars,0.593789269649456,5.0309853199372165,9.034057743132216,17.901039158791207,6.29658575072499
4.345369324869733,44.46283174802047,True,94.86116923113975,506,12,0,2.025,2.025,1000000.0,48.95537085386516,27.113415727869334,-25.69185748515765,0.8715223405027785,84.1795069502364,1000000.0,1000000.0,506,506,2,0,0.0,4.507629670010314,0.5750390097407565,HC50,safe_range,final,340402,NTSC,22,3,1000000.0,contrast;waveform;detail_floor;sync;h_jitter_us;v_jitter_us;h_width_rmse_us;sync_error_ire;black_error_ire;white_error_ire;contrast;stress_waveform;reference_detail;burst_gain;burst_rmse_ire;h_missing;v_missing;vertical_trains;sync_error_ire;black_error_ire;white_error_ire,False,bars,0.43573812826868763,80.69307076352118,9.426777143344822,19.834412474320118,30.848759798344894
11.97591814651425,97.25090830138407,True,3.6976882110504654,0,0,2,0.425,0.4699999999999999,0.12970874183149678,5.611429718634457,-0.8351725940544659,-2.8507078928540373,-59.78756996204835,111.50451855344755,0.425,0.4699999999999999,506,0,2,0,0.0,17.37287382028857,0.4816409004529766,PLL96-board-fixed,safe_range,final,340402,NTSC,22,3,1000000.0,waveform;detail_floor;h_jitter_us;v_jitter_us;sync_error_ire;stress_waveform;reference_detail;burst_gain;burst_phase_jitter_deg;burst_rmse_ire,True,bars,0.5885576939006514,-86.45206885794704,35.52121473097806,22.91760386715284,16.363142543657126
16.22818808441491,98.16115928050291,True,0.39814310271640474,0,0,2,0.05,0.061249999999999985,0.024222086742599368,1.241189169626678,0.3052167888707658,-1.2786479494888137,-45.6201732940046,113.01541588788027,0.05,0.061249999999999985,506,0,2,0,0.0,28.891136904284206,0.741796794223476,RNG-e2a8f30af45e,safe_range,final,340402,NTSC,22,3,1000000.0,,True,bars,0.8085400273486079,-48.75043887849822,10.165429344102789,22.39383411788739,11.196121896180143
16.08595526487824,97.54040294334791,True,0.31911658894471756,0,0,2,0.05,0.025,0.019599497855953697,0.14035267689750497,1.0798661220144083,-1.3685109211096989,-55.36113721193557,124.1271263365955,0.05,0.025,506,0,2,0,0.0,28.07577126073682,0.7450038587431862,OVP56,safe_range,final,340402,NTSC,30,3,1000000.0,,True,bars,0.8770932434028618,-48.3575045036891,9.42823376379551,22.43844602401081,11.498903202048636
16.30660953414585,97.51832653334787,True,0.3439534932729621,0,0,2,0.05,0.05,0.019023856460363288,0.30274804285198836,1.2396768502942084,-1.2816007153361735,-55.81141661940964,123.47130425325653,0.05,0.05,506,0,2,0,0.0,28.401935089374945,0.7532682179619732,VLP56,safe_range,final,340402,NTSC,30,3,1000000.0,,True,bars,0.8626042100080693,-48.37861877594614,9.35145279723014,22.46655566476102,11.281793996347496
16.17317497036819,95.61528118352237,True,0.8421968467668371,0,0,2,0.05,0.05,0.03786874043292547,1.2507432119017374,1.868672020107245,-3.1419916157534695,-43.12512099107245,103.29644293316278,0.05,0.05,506,0,2,0,0.0,25.214402842270548,0.738304291489658,RANGE32,safe_range,final,340402,NTSC,30,3,1000000.0,,True,bars,0.8495693713247097,-49.365301197704646,8.802155714951718,21.00684242279503,11.406072205204795
-6.623590149767205,-82.90318349072739,False,611.1805206417254,506,12,44,2.025,2.025,1000000.0,85.03574873465153,22.642314817887986,-156.21621409977863,-66.74747284649544,68.24267838939653,1000000.0,1000000.0,506,506,2,1243,2.4565217391304346,-6.672065847455032,-0.3514259763542679,PLL96-rejected-board,safe_range,final,340402,NTSC,30,3,1000000.0,contrast;waveform;detail_floor;sync;h_jitter_us;v_jitter_us;h_width_rmse_us;sync_error_ire;black_error_ire;white_error_ire;contrast;stress_waveform;reference_detail;burst_gain;burst_phase_jitter_deg;burst_amplitude_jitter_pct;burst_rmse_ire;h_missing;v_missing;vertical_trains;sync_error_ire;black_error_ire;white_error_ire,False,bars,0.4416190063342298,82.97113175332579,38.43605563009171,37.30344440355865,29.378541771775115
8.892313914309893,98.70274986109911,True,6.396631814719703,506,12,0,2.025,2.025,1000000.0,13.925438725239347,-1.1061714344405664,-1.6746749331026463,-45.56172214867926,106.99568584847637,1000000.0,1000000.0,506,506,2,0,0.0,11.672416140846957,0.354701486680027,PLL96-IQ-corrected,safe_range,final,340402,NTSC,30,3,1000000.0,waveform;detail_floor;sync;h_jitter_us;v_jitter_us;h_width_rmse_us;sync_error_ire;stress_waveform;reference_detail;burst_gain;burst_phase_jitter_deg;burst_rmse_ire;h_missing;v_missing;vertical_trains;sync_error_ire,False,bars,0.50915983470027,-95.77731195366317,38.36470847072069,29.84950769613841,18.035971666359448
21.947355952263568,96.31639607906965,True,0.0,0,0,2,0.025,0.025,0.019473048162603694,1.659232364655547,1.7187946887974406,-1.1395767259968412,-45.0366072224009,112.93672472144843,0.025,0.025,506,0,2,0,0.0,28.77747570459681,0.9364602549878148,floating-PLL-IQ40,safe_range,final,340402,NTSC,30,3,1000000.0,,True,bars,0.5952123176534083,4.7223234920296715,6.925255550722545,16.72196930951883,6.156604728202504
4.353212907599689,44.468596068640615,True,94.83557969334703,506,12,0,2.025,2.025,1000000.0,48.93828890618011,27.117159241946375,-25.652498034829875,3.044694843112083,84.19644754064916,1000000.0,1000000.0,506,506,2,0,0.0,4.508747395027045,0.5909494999707766,HC50,safe_range,final,340402,NTSC,30,3,1000000.0,contrast;waveform;detail_floor;sync;h_jitter_us;v_jitter_us;h_width_rmse_us;sync_error_ire;black_error_ire;white_error_ire;contrast;stress_waveform;reference_detail;burst_gain;burst_rmse_ire;h_missing;v_missing;vertical_trains;sync_error_ire;black_error_ire;white_error_ire,False,bars,0.4387919309974574,80.56612859568695,8.805100718790193,18.90238204391669,30.834448618129574
11.890772588960314,96.78081875670331,True,3.623930131530224,0,0,2,0.25,0.23249999999999976,0.10102610901919025,5.6938692450664465,-0.6784941307726531,-2.7884019998108327,-57.469492120668114,111.32127460569669,0.25,0.23249999999999976,506,0,2,0,0.0,16.926133789201604,0.4848268384204105,PLL96-board-fixed,safe_range,final,340402,NTSC,30,3,1000000.0,waveform;detail_floor;sync_error_ire;stress_waveform;reference_detail;burst_phase_jitter_deg;burst_rmse_ire,True,bars,0.6012058102796776,-87.54744427388485,34.778905150313285,16.143202555205768,16.466850283290242
16.597827635930898,98.1559645765093,True,0.32739555705413237,0,0,2,0.06875,0.061249999999999985,0.023549837826619506,1.2850150459725649,0.27282852975292576,-1.2580587285120712,-45.37640867174052,113.05676868277789,0.06875,0.061249999999999985,506,0,2,0,0.0,28.949051241838752,0.7579533921327324,RNG-e2a8f30af45e,safe_range,final,340402,NTSC,30,3,1000000.0,,True,bars,0.8053072369041774,-48.03192213167073,9.383239258551816,23.366850326355564,10.974469590810463
