sinad,contrast,polarity_ok,large_errors,h_missing,v_missing,v_trains,h_jitter_us,v_jitter_us,h_width_rmse_us,sync_error_ire,black_error_ire,white_error_ire,raw_min,raw_max,h_jitter_matched_us,v_jitter_matched_us,h_expected,max_h_gap,expected_v_trains,false_sync_pulses,false_sync_per_line,luma_sinad,detail_corr,model,profile,stage,seed,standard,cnr,rms,cfo_hz,quality_failures,usable,image_pattern,burst_gain,burst_phase_deg,burst_phase_jitter_deg,burst_amplitude_jitter_pct,burst_rmse_ire
5.019314455822078,80.542224732228,True,65.22082810539523,602,8,0,2.025,2.025,3.5856375827738085,17.004739256906632,4.9926220594293405,-13.985513444706404,-84.18853521321776,145.15724391119454,1.6875,1000000.0,610,245,2,5,0.00819672131147541,12.372431346845644,0.2454232544188405,OVP56,safe_range,selection,340301,PAL,4,3,1000000.0,,False,bars,,,,,
4.707852591131061,84.66817713442349,True,63.01505646173148,593,8,0,2.025,2.025,3.6086548332976314,11.136497378264728,2.8373723931176325,-13.163902606506582,-91.85644860350823,147.85659687709585,1.7799999999999998,1000000.0,610,156,2,33,0.054098360655737705,13.236427038993154,0.24286216352701698,VLP56,safe_range,selection,340301,PAL,4,3,1000000.0,,False,bars,,,,,
5.796435687599687,88.42605843921098,True,39.68506900878294,91,0,0,2.025,1.4249999999999994,2.824505899123087,9.205151969240829,1.7320734296066171,-12.110517823311897,-69.8161741763604,130.03973994352117,1.65,1.4249999999999994,610,4,2,406,0.6655737704918033,13.84705889190169,0.24590830677827938,RANGE32,safe_range,selection,340301,PAL,4,3,1000000.0,,False,bars,,,,,
-6.77972259906968,-84.04611159121586,False,613.2879548306148,610,8,37,2.025,2.025,1000000.0,88.67785373732097,21.38847274720079,-156.7076948984833,-75.59161127958748,133.22124649603376,1000000.0,1000000.0,610,610,2,2018,3.3081967213114756,-6.79449076409584,-0.23975707323342904,PLL96-rejected-board,safe_range,selection,340301,PAL,4,3,1000000.0,,False,bars,,,,,
7.928176821972358,92.94182119641128,True,17.7396486825596,427,4,0,2.025,2.025,3.3687535800441246,10.580085652558022,0.05171777883397138,-4.124218881264899,-74.44610688836443,134.30222631703117,1.85,1.4187499999999997,610,14,2,199,0.3262295081967213,13.161295359854158,0.2360780386538882,PLL96-IQ-corrected,safe_range,selection,340301,PAL,4,3,1000000.0,,False,bars,,,,,
10.083589039697507,95.82062413446276,True,2.4410288582183184,149,3,0,2.025,2.025,3.1253678742254936,2.586849136130742,1.225523478070605,-2.6208440816650067,-74.715228320266,134.6648146585179,1.7,0.075,610,4,2,388,0.6360655737704918,23.21167859959308,0.4606941475167393,floating-PLL-IQ40,safe_range,selection,340301,PAL,4,3,1000000.0,,False,bars,,,,,
3.23355942277862,42.514760361332705,True,122.4516938519448,610,8,0,2.025,2.025,1000000.0,49.36775374579055,27.04507190222224,-29.197027971011043,-80.2931157963872,125.50417313560611,1000000.0,1000000.0,610,610,2,0,0.0,4.2451697028649,0.1760771441839432,HC50,safe_range,selection,340301,PAL,4,3,1000000.0,,False,bars,,,,,
5.761928057345719,90.86504441407833,True,41.2038895859473,68,1,0,2.025,1.9287499999999997,2.822990991223912,3.1192880921385515,-1.9087109004602343,-14.54829919894658,-82.11762427334008,128.31243325341552,1.7,1.5024999999999995,610,2,2,423,0.6934426229508197,10.921570711844783,0.20901344412912892,PLL96-board-fixed,safe_range,selection,340301,PAL,4,3,1000000.0,,False,bars,,,,,
6.0806170389938,94.33432612741204,True,32.816813048933504,33,0,0,2.025,0.6912499999999999,2.4878717944978366,6.342336981512548,0.18957949599967833,-4.7802840440366445,-74.3765748733858,136.26104187454882,1.5049999999999983,0.6912499999999999,610,1,2,389,0.6377049180327868,15.722778172108846,0.283558268910424,RNG-e2a8f30af45e,safe_range,selection,340301,PAL,4,3,1000000.0,,False,bars,,,,,
5.996518114630312,94.20107414886817,True,33.76223337515684,34,0,0,2.025,0.6912499999999999,2.4855626965342834,6.412985702772951,0.22322778067821794,-4.903438826062759,-76.140625236141,142.2929857053589,1.5,0.6912499999999999,610,2,2,394,0.6459016393442623,15.567763830661914,0.27928663243098395,RNG-2899d92770b2,safe_range,selection,340301,PAL,4,3,1000000.0,,False,bars,,,,,
6.314072824412964,91.97748602078555,True,31.117314930991217,39,0,0,2.025,0.6912499999999999,2.542495654000801,6.718914100980461,0.5690242941101146,-7.960765955694105,-72.1654894236056,136.01004410862396,1.5375,0.6912499999999999,610,1,2,401,0.6573770491803279,15.576517576530133,0.28564621434399473,RNG-8743eb3e92d2,safe_range,selection,340301,PAL,4,3,1000000.0,,False,bars,,,,,
5.285659950348967,93.26597409163558,True,47.342534504391466,45,0,0,2.025,0.6912499999999999,2.6158339758823628,8.789768835859215,1.0455977948210233,-3.9962990059094863,-72.89637749824541,151.59448382500733,1.525,0.6912499999999999,610,2,2,393,0.6442622950819672,15.484482553133203,0.26916852685724413,RNG-94fa1a915b25,safe_range,selection,340301,PAL,4,3,1000000.0,,False,bars,,,,,
5.15403499441312,93.22775534005385,True,49.861355081555836,45,0,0,2.025,0.6912499999999999,2.62159492594722,8.814269646139627,1.0521512301268043,-3.9839330170827663,-73.2272386668003,151.5941756328544,1.525,0.6912499999999999,610,2,2,393,0.6442622950819672,15.285232075423929,0.26428673261893193,RNG-89ae53a192ca,safe_range,selection,340301,PAL,4,3,1000000.0,,False,bars,,,,,
5.154138487605714,93.2269813749187,True,49.86386449184441,45,0,0,2.025,0.6912499999999999,2.62159492594722,8.813789178469033,1.0520657241627418,-3.986143003967866,-73.2272386668003,151.5941756328544,1.525,0.6912499999999999,610,2,2,393,0.6442622950819672,15.28556250363619,0.2642755822604163,RNG-609f405d4c1f,safe_range,selection,340301,PAL,4,3,1000000.0,,False,bars,,,,,
5.1540521161713935,93.22808208776546,True,49.86072772898368,45,0,0,2.025,0.6912499999999999,2.62159492594722,8.814224490707597,1.0518490229497661,-3.983769759664624,-73.2272386668003,151.5941756328544,1.525,0.6912499999999999,610,2,2,393,0.6442622950819672,15.285458975958946,0.2642808331305465,RNG-e51a13af85e7,safe_range,selection,340301,PAL,4,3,1000000.0,,False,bars,,,,,
5.153795797050841,93.22670658676728,True,49.86072772898368,45,0,0,2.025,0.6912499999999999,2.6215601144410785,8.814585701274337,1.0523988708419443,-3.987322648775948,-73.2272386668003,151.5941756328544,1.525,0.6912499999999999,610,2,2,393,0.6442622950819672,15.283276110246447,0.2642568787320368,RNG-b4849353af94,safe_range,selection,340301,PAL,4,3,1000000.0,,False,bars,,,,,
5.711548825657552,91.01217887799683,True,52.04077791718946,379,5,0,2.025,2.025,3.329528943711556,6.0006977382950275,1.3592348760443103,-8.904349520762608,-78.22705474110083,133.37566108840252,1.825,0.6425,610,10,2,171,0.28032786885245903,15.089468580422231,0.2669730143415242,RNG-994556fdf69a,safe_range,selection,340301,PAL,4,3,1000000.0,,False,bars,,,,,
7.4039498534824375,87.7194796819189,True,22.444792973651193,565,7,0,2.025,2.025,3.4580863365611783,10.999691281640498,2.708945658704091,-9.3932440366941,-78.65169759154877,137.0579489639103,1.8349999999999995,0.45,610,54,2,53,0.08688524590163935,16.468952157196686,0.33506798548571304,OVP56,safe_range,selection,340301,PAL,6,3,1000000.0,,False,bars,,,,,
7.392391875031271,91.06816551487984,True,20.37829360100376,481,7,0,2.025,2.025,3.415966557122573,6.895103424870854,1.4734387011714547,-7.8934229515533065,-83.69326702433956,146.29872227728714,1.9,0.45,610,20,2,120,0.19672131147540983,18.230611171118525,0.3388614726661861,VLP56,safe_range,selection,340301,PAL,6,3,1000000.0,,False,bars,,,,,
8.512166595469372,93.69268998489682,True,12.651191969887076,8,0,0,1.2,0.7487499999999999,2.021853457512311,3.6874242197598943,1.693333027797146,-5.600909053272576,-67.26763966310911,127.35630514718252,1.1,0.74875,610,1,2,279,0.45737704918032784,19.086889724201775,0.34212318502568323,RANGE32,safe_range,selection,340301,PAL,6,3,1000000.0,,False,bars,,,,,
-6.743174553601362,-83.85870103854037,False,608.8419071518193,610,8,50,2.025,2.025,1000000.0,86.8207137037518,22.128757793326947,-157.11698822595037,-73.16696782577088,130.98282252905938,1000000.0,1000000.0,610,610,2,1614,2.6459016393442623,-6.7775880469297896,-0.2974882784166305,PLL96-rejected-board,safe_range,selection,340301,PAL,6,3,1000000.0,,False,bars,,,,,
9.155167639011811,94.0120907668141,True,7.927854454203262,488,6,0,2.025,2.025,3.4853307931536306,12.1537982744921,-0.6467280760278643,-3.0899565748503206,-72.9281958374528,132.96639620096033,1.9,1.88125,610,20,2,153,0.25081967213114753,14.249998708310468,0.29414893806079695,PLL96-IQ-corrected,safe_range,selection,340301,PAL,6,3,1000000.0,,False,bars,,,,,
11.979472763213856,95.89029533187966,True,0.33939774153074026,34,0,0,2.025,0.5037499999999998,2.6356488698758374,2.28739116492829,1.3927683149163108,-2.1194894000646936,-70.34746682666659,132.17405909944884,1.50625,0.5037499999999999,610,3,2,424,0.6950819672131148,25.483297347728787,0.5553117762070744,floating-PLL-IQ40,safe_range,selection,340301,PAL,6,3,1000000.0,,False,bars,,,,,
3.916568946369692,44.25355553887553,True,99.53638644918445,610,8,0,2.025,2.025,1000000.0,48.99299667519131,27.02266633415515,-26.686903241101135,-61.68910130786033,120.11072377536584,1000000.0,1000000.0,610,610,2,0,0.0,4.504072719509862,0.2598366943951602,HC50,safe_range,selection,340301,PAL,6,3,1000000.0,,False,bars,,,,,
8.719642268027778,95.72274089728461,True,13.040150564617315,13,0,0,1.3662499999999964,1.0437499999999997,2.325137106239989,0.5423973338957875,-2.66091476871095,-10.190380469328877,-81.24148857097966,120.148119789428,1.1599999999999966,1.0437499999999997,610,2,2,370,0.6065573770491803,14.775202002469195,0.30727007553523294,PLL96-board-fixed,safe_range,selection,340301,PAL,6,3,1000000.0,,False,bars,,,,,
8.830036863299407,97.47898302649877,True,8.82245922208281,1,0,1,0.8637499999999989,0.6912499999999999,1.525518768260578,2.1255107005111595,0.06057282345852327,-2.1067396540787837,-74.11571163512092,134.32482766608814,0.85,0.6912499999999999,610,1,2,185,0.30327868852459017,21.673304655858402,0.385630624374384,RNG-e2a8f30af45e,safe_range,selection,340301,PAL,6,3,1000000.0,,False,bars,,,,,
8.800618578302581,97.47566067097307,True,9.007528230865747,0,0,1,0.8637499999999989,0.6912499999999999,1.5218039607919174,2.0817012853571475,0.04719704205971835,-2.137812680859105,-74.69085071932588,136.7917741887448,0.8637499999999989,0.6912499999999999,610,0,2,183,0.3,21.672126055530843,0.3834176059059507,RNG-2899d92770b2,safe_range,selection,340301,PAL,6,3,1000000.0,,False,bars,,,,,
8.9755199134308,95.62763670246315,True,8.387703889585948,1,0,1,0.9,0.6912499999999999,1.6040790445862663,2.5213502107823667,0.4964144786912364,-4.531433591182276,-69.95202217759146,131.04161573228197,0.9,0.6912499999999999,610,1,2,199,0.3262295081967213,21.22376132590552,0.3865640043516465,RNG-8743eb3e92d2,safe_range,selection,340301,PAL,6,3,1000000.0,,False,bars,,,,,
7.8870190868190635,96.80775234900291,True,14.736511919698872,4,0,1,0.975,0.6912499999999999,1.6629638115767467,3.342970036262309,0.4523138381171717,-2.2653976519163637,-70.54547988576394,147.01314139822387,0.95,0.6912499999999999,610,1,2,198,0.32459016393442625,21.3789018103072,0.3646004728303065,RNG-94fa1a915b25,safe_range,selection,340301,PAL,6,3,1000000.0,,False,bars,,,,,
7.765070072524999,96.94605188394644,True,15.973651191969886,4,0,1,0.975,0.6224999999999999,1.6485276334007293,2.8763885573601864,0.3937982600445576,-2.3020846302206106,-71.14812538381827,146.2740671318414,0.95,0.6224999999999999,610,1,2,190,0.3114754098360656,21.17496446547461,0.3594700253252189,RNG-89ae53a192ca,safe_range,selection,340301,PAL,6,3,1000000.0,,False,bars,,,,,
7.765055091529755,96.94591548144892,True,15.977415307402762,4,0,1,0.975,0.6224999999999999,1.6485276334007293,2.8764420447262338,0.39399538939920326,-2.302366472580192,-71.14812538381827,146.2740671318414,0.95,0.6224999999999999,610,1,2,190,0.3114754098360656,21.174945500478298,0.3594610328599327,RNG-609f405d4c1f,safe_range,selection,340301,PAL,6,3,1000000.0,,False,bars,,,,,
7.76500610097338,96.94625343632053,True,15.977415307402762,4,0,1,0.975,0.6224999999999999,1.6485276334007293,2.8764420447262338,0.39376313883663944,-2.301935091489453,-71.14812538381827,146.2740671318414,0.95,0.6224999999999999,610,1,2,190,0.3114754098360656,21.174933297314453,0.3594706159923672,RNG-e51a13af85e7,safe_range,selection,340301,PAL,6,3,1000000.0,,False,bars,,,,,
7.764138265412663,96.94448067801945,True,15.979924717691343,4,0,1,0.975,0.6224999999999999,1.6485276334007293,2.876523075232537,0.39375916198666555,-2.30659300623046,-71.14812538381827,146.2740671318414,0.95,0.6224999999999999,610,1,2,190,0.3114754098360656,21.167663827296586,0.3594111490009887,RNG-b4849353af94,safe_range,selection,340301,PAL,6,3,1000000.0,,False,bars,,,,,
8.009219417872211,95.89897556824467,True,17.02823086574655,162,1,0,2.025,1.9987499999999998,3.1100640837305447,1.8575713256371311,0.24662950406591405,-5.165192132098178,-72.43102351970363,133.38318263789225,1.7912499999999993,1.6349999999999993,610,5,2,386,0.6327868852459017,20.289659704939048,0.3599002930160381,RNG-994556fdf69a,safe_range,selection,340301,PAL,6,3,1000000.0,,False,bars,,,,,
9.430712352183534,91.39084117234259,True,5.588456712672522,402,6,0,2.025,2.025,3.3953995318326284,7.367222872621042,2.015532276218383,-6.746407638624844,-71.90398637525473,133.6935510552188,1.8412499999999994,0.65125,610,14,2,196,0.32131147540983607,19.861851037860202,0.4203962772532302,OVP56,safe_range,selection,340301,PAL,8,3,1000000.0,,False,bars,,,,,
9.541139159845759,93.79228418983736,True,4.726474278544542,254,5,0,2.025,2.025,3.242228716571642,4.6908919821558,1.248329178878144,-5.31746879268821,-76.23412632055852,140.59084001144674,1.83125,0.6849999999999999,610,5,2,303,0.4967213114754098,22.131096721128536,0.4269533202754811,VLP56,safe_range,selection,340301,PAL,8,3,1000000.0,,False,bars,,,,,
10.622870590481492,94.99025427251081,True,3.7735257214554583,0,0,1,0.23874999999999885,0.4424999999999998,1.043001167030138,2.020238528787357,2.077562951051017,-3.2863030323221527,-59.496326358603795,126.87104339167352,0.23874999999999885,0.4424999999999997,610,0,2,83,0.1360655737704918,22.790365320107973,0.4313565507400626,RANGE32,safe_range,selection,340301,PAL,8,3,1000000.0,,False,bars,,,,,
-6.689424842557871,-83.0721655011523,False,606.6831869510665,610,8,56,2.025,2.025,1000000.0,85.39536867421334,22.838593274957656,-156.59035674219942,-72.1078958162797,128.3161884658308,1000000.0,1000000.0,610,610,2,1490,2.442622950819672,-6.730465915123716,-0.32840322146282797,PLL96-rejected-board,safe_range,selection,340301,PAL,8,3,1000000.0,,False,bars,,,,,
9.461877090306917,94.38530388683249,True,6.054579673776662,515,8,0,2.025,2.025,3.545068850938545,13.929961788427052,-0.9424933738850683,-2.761336923998369,-67.70947001908971,129.9759926324047,1.95,1000000.0,610,49,2,92,0.15081967213114755,13.83216214368035,0.32567816321405013,PLL96-IQ-corrected,safe_range,selection,340301,PAL,8,3,1000000.0,,False,bars,,,,,
13.750610091941224,95.57855960403077,True,0.03450439146800502,4,0,0,0.975,0.7024999999999998,1.9803372862537159,2.436206525731686,1.7386845447387258,-1.9499088233862143,-64.26255370388107,126.2573179470538,0.95,0.7024999999999999,610,1,2,286,0.46885245901639344,26.15734086328188,0.6415943152702606,floating-PLL-IQ40,safe_range,selection,340301,PAL,8,3,1000000.0,,False,bars,,,,,
4.149178810814788,44.42408450741077,True,91.67691342534505,610,8,0,2.025,2.025,1000000.0,49.17877531373796,27.116530767780358,-25.974718274003813,-53.213870272922634,109.89422658926041,1000000.0,1000000.0,610,610,2,0,0.0,4.529989184256258,0.33667297506565363,HC50,safe_range,selection,340301,PAL,8,3,1000000.0,,False,bars,,,,,
10.441749410637684,97.5968239772787,True,5.495608531994981,9,0,1,1.202499999999998,0.15749999999999997,2.157214465751591,0.5984747440983903,-2.393350559837363,-7.632890807755035,-79.10890505489762,116.85194727857412,1.025,0.15749999999999997,610,1,2,340,0.5573770491803278,16.92081072911577,0.3787883530741304,PLL96-board-fixed,safe_range,selection,340301,PAL,8,3,1000000.0,,False,bars,,,,,
10.83646046161169,97.73010761115674,True,2.117942283563363,0,0,2,0.13874999999999887,0.09124999999999998,0.7200850928769505,1.2546220564183133,0.3216580410320148,-1.8330062289755367,-60.49033926238142,126.504316647268,0.13874999999999887,0.09124999999999998,610,0,2,34,0.05573770491803279,26.073971483568616,0.46984306302746354,RNG-e2a8f30af45e,safe_range,selection,340301,PAL,8,3,1000000.0,,False,bars,,,,,
10.80499924388295,97.70797781974969,True,2.230238393977415,0,0,2,0.13874999999999887,0.09124999999999998,0.7494266934480376,1.2731687253310786,0.32534971813668806,-1.837349182336891,-62.77541114960341,131.6821843487184,0.13874999999999887,0.09124999999999998,610,0,2,38,0.06229508196721312,25.94022308378832,0.46768375915075855,RNG-2899d92770b2,safe_range,selection,340301,PAL,8,3,1000000.0,,False,bars,,,,,
10.922662645554983,96.26417625532544,True,2.047051442910916,0,0,2,0.2,0.09124999999999998,0.7690104350269429,1.6095688935462478,0.7730850728792148,-3.6366702980012904,-59.25898431577648,123.98817219111051,0.2,0.09124999999999998,610,0,2,42,0.06885245901639345,24.959803987077272,0.47030456032016765,RNG-8743eb3e92d2,safe_range,selection,340301,PAL,8,3,1000000.0,,False,bars,,,,,
9.907292805296901,97.41816380429147,True,3.566499372647428,0,0,2,0.2,0.09124999999999998,0.7873253123969682,2.1056514878128385,0.5710492201044487,-1.9319182430841324,-69.90675300380414,137.6394658976767,0.2,0.09124999999999998,610,0,2,38,0.06229508196721312,26.083795792546823,0.4477600657851497,RNG-94fa1a915b25,safe_range,selection,340301,PAL,8,3,1000000.0,,False,bars,,,,,
9.811315678672138,97.62035149422647,True,3.916562107904642,0,0,2,0.2,0.1,0.7610665779454343,1.3948806413640695,0.5111599506209712,-2.0025435801121185,-65.10953452971789,141.98723321473125,0.2,0.1,610,0,2,37,0.060655737704918035,25.987113753239406,0.4440268103148883,RNG-89ae53a192ca,safe_range,selection,340301,PAL,8,3,1000000.0,,False,bars,,,,,
9.8113649313519,97.62031341397575,True,3.916562107904642,0,0,2,0.2,0.1,0.7610665779454343,1.3948806413646635,0.5111287776128817,-2.0028007854103667,-65.10953452971789,141.98723321473125,0.2,0.1,610,0,2,37,0.060655737704918035,25.986887353021277,0.44403247846582017,RNG-609f405d4c1f,safe_range,selection,340301,PAL,8,3,1000000.0,,False,bars,,,,,
9.811346938191747,97.62034970282659,True,3.916562107904642,0,0,2,0.2,0.1,0.7610665779454343,1.3948806413646635,0.5111110181506812,-2.0026917346313717,-65.10953452971789,141.98723321473125,0.2,0.1,610,0,2,37,0.060655737704918035,25.986968871633117,0.4440310166340358,RNG-e51a13af85e7,safe_range,selection,340301,PAL,8,3,1000000.0,,False,bars,,,,,
9.811328425109819,97.62054850225181,True,3.9153074027603507,0,0,2,0.2,0.1,0.7610665779454343,1.3948804824137029,0.5111172818786247,-2.002420486726791,-65.10953452971789,141.98723321473125,0.2,0.1,610,0,2,37,0.060655737704918035,25.987235357646664,0.44403416322720196,RNG-b4849353af94,safe_range,selection,340301,PAL,8,3,1000000.0,,False,bars,,,,,
9.810028480734603,97.36294583413317,True,4.660602258469259,34,0,0,2.025,0.4887499999999999,2.6443425918468955,0.13057991798721913,0.3130344745229034,-3.8030840582235097,-71.75221872194496,126.56650792417797,1.60625,0.4887499999999999,610,2,2,419,0.6868852459016394,23.665674037485726,0.4395439669906804,RNG-994556fdf69a,safe_range,selection,340301,PAL,8,3,1000000.0,,False,bars,,,,,
11.045965293011292,93.54488857048047,True,1.458594730238394,165,2,0,2.025,2.025,3.13492177742313,4.948991170469615,1.6401849901434766,-5.01979479078252,-69.09940073579457,128.68148751277636,1.825,1.49375,610,6,2,393,0.6442622950819672,22.450776074607486,0.49362914912340256,OVP56,safe_range,selection,340301,PAL,10,3,1000000.0,,False,bars,,,,,
11.179162053835004,95.12259551795458,True,1.2503136762860727,79,3,0,2.025,2.025,2.829474773750758,3.271749714722943,1.2134001546725597,-3.9276529758453913,-71.73792350966285,129.21227079534788,1.7,0.38999999999999996,610,3,2,457,0.7491803278688525,24.437552530118275,0.5005428878958699,VLP56,safe_range,selection,340301,PAL,10,3,1000000.0,,False,bars,,,,,
12.068852820064917,95.275154493998,True,1.8393977415307403,0,0,2,0.1,0.075,0.3571890485351456,1.63368677344717,2.2341073147486346,-2.6646713524649837,-52.70800080652644,115.45451334752475,0.1,0.075,610,0,2,13,0.021311475409836064,23.91406889313149,0.502770607752872,RANGE32,safe_range,selection,340301,PAL,10,3,1000000.0,,True,bars,,,,,
-6.666467220723005,-82.5170260375894,False,606.1932245922208,610,8,56,2.025,2.025,1000000.0,84.31878855192983,23.092811110374253,-156.26043324146502,-69.36308085689431,87.47811970956282,1000000.0,1000000.0,610,610,2,1429,2.3426229508196723,-6.710035941224518,-0.34290064306224993,PLL96-rejected-board,safe_range,selection,340301,PAL,10,3,1000000.0,,False,bars,,,,,
9.443620610806331,94.9366366395697,True,5.900250941028858,536,5,0,2.025,2.025,3.5970157018644584,15.082453836618475,-1.177952233049582,-2.5339855829148425,-55.164747018670056,123.01505270090358,1.9,1.395,610,65,2,80,0.13114754098360656,13.237802396158004,0.34135724230310543,PLL96-IQ-corrected,safe_range,selection,340301,PAL,10,3,1000000.0,,False,bars,,,,,
15.372587674738295,95.57742266428788,True,0.008155583437892095,0,0,2,0.05,0.04124999999999999,1.1210723788803845,2.3145286220601973,1.8522691666728694,-1.8091035622090619,-61.12565338202767,123.48517965638733,0.05,0.04124999999999999,610,0,2,98,0.16065573770491803,26.634012034509947,0.7165394689854724,floating-PLL-IQ40,safe_range,selection,340301,PAL,10,3,1000000.0,,False,bars,,,,,
4.236894883845147,44.355746527113666,True,89.3111668757842,610,8,0,2.025,2.025,1000000.0,49.20032919663136,27.1217118519855,-25.93428265393377,-22.98766029843444,95.05478287261012,1000000.0,1000000.0,610,610,2,0,0.0,4.525568745569336,0.39579687243493733,HC50,safe_range,selection,340301,PAL,10,3,1000000.0,,False,bars,,,,,
11.18680476910406,98.35702430969242,True,4.249686323713927,13,0,0,1.325,0.8074999999999994,2.1870294420902328,1.5196559246394923,-2.204036442225071,-6.016486673591726,-68.23419076096697,113.90080660280525,1.075,0.8074999999999994,610,1,2,328,0.5377049180327869,17.526238364087547,0.415949941032987,PLL96-board-fixed,safe_range,selection,340301,PAL,10,3,1000000.0,,False,bars,,,,,
12.23854700988316,97.68282496886779,True,0.9203262233375157,0,0,2,0.1,0.06624999999999999,0.27166570283780883,1.199877995850262,0.4393461534288775,-1.816037609694535,-53.983992051059374,125.73943215578534,0.1,0.06624999999999999,610,0,2,3,0.004918032786885246,27.213698879674592,0.5356328198985981,RNG-e2a8f30af45e,safe_range,selection,340301,PAL,10,3,1000000.0,,True,bars,,,,,
12.223871363458995,97.67596404847936,True,0.9535759096612296,0,0,2,0.1,0.075,0.2722139045604864,1.2004229031704376,0.4406986302101317,-1.8018639189552523,-53.983993777560144,125.73943215578534,0.1,0.075,610,0,2,3,0.004918032786885246,27.18168383871756,0.5342025843568837,RNG-2899d92770b2,safe_range,selection,340301,PAL,10,3,1000000.0,,True,bars,,,,,
12.310936420866867,96.46398486982889,True,0.9134253450439147,0,0,2,0.1,0.06624999999999999,0.28440511685235775,1.514604382221702,0.875492472058367,-3.2306631688743934,-53.80910775319892,119.04747557852373,0.1,0.06624999999999999,610,0,2,4,0.006557377049180328,26.083030317691787,0.5367585718898403,RNG-8743eb3e92d2,safe_range,selection,340301,PAL,10,3,1000000.0,,True,bars,,,,,
11.41829384534442,97.5785879212284,True,1.0169385194479297,0,0,2,0.1,0.06624999999999999,0.31720797852409743,2.0536377676179596,0.5712615311560701,-1.7295794054124414,-58.5786148836276,136.25650176427524,0.1,0.06624999999999999,610,0,2,4,0.006557377049180328,27.74025048723811,0.5168755848078633,RNG-94fa1a915b25,safe_range,selection,340301,PAL,10,3,1000000.0,,True,bars,,,,,
11.349954936454097,97.79599985699147,True,1.0777917189460477,0,0,2,0.1,0.06624999999999999,0.24295609466408993,1.2433826242980088,0.5254805250658174,-1.8274290593373874,-58.69073830670637,137.0226603310906,0.1,0.06624999999999999,610,0,2,3,0.004918032786885246,27.796016979563696,0.5148235907457483,RNG-89ae53a192ca,safe_range,selection,340301,PAL,10,3,1000000.0,,True,bars,,,,,
11.34991146277309,97.79602967215061,True,1.0777917189460477,0,0,2,0.1,0.06624999999999999,0.24295609466408993,1.2433826242986648,0.5254805250658174,-1.8274307914156387,-58.69073830670637,137.0226603310906,0.1,0.06624999999999999,610,0,2,3,0.004918032786885246,27.795987801176544,0.5148236851107126,RNG-609f405d4c1f,safe_range,selection,340301,PAL,10,3,1000000.0,,True,bars,,,,,
11.34997984868181,97.79603034773032,True,1.0777917189460477,0,0,2,0.1,0.06624999999999999,0.24295609466408993,1.2433826242986648,0.5254805250658174,-1.8274290593373874,-58.69073830670637,137.0226603310906,0.1,0.06624999999999999,610,0,2,3,0.004918032786885246,27.796013954926117,0.5148267816945883,RNG-e51a13af85e7,safe_range,selection,340301,PAL,10,3,1000000.0,,True,bars,,,,,
11.349880148528937,97.79604980811264,True,1.0777917189460477,0,0,2,0.1,0.06624999999999999,0.24295609466408993,1.2433826242980088,0.5254805250658174,-1.8272810454267991,-58.69073830670637,137.0226603310906,0.1,0.06624999999999999,610,0,2,3,0.004918032786885246,27.79607303776301,0.5148211536058236,RNG-b4849353af94,safe_range,selection,340301,PAL,10,3,1000000.0,,True,bars,,,,,
11.220324436420984,97.8248733530245,True,1.5338770388958596,4,0,1,1.025,0.5699999999999998,2.1092827797344973,-0.8316469340640154,0.5834399445480819,-3.218245588063235,-69.85746340250962,124.88516276413993,1.0,0.5699999999999998,610,1,2,298,0.4885245901639344,25.083880992058294,0.5068423493753955,RNG-994556fdf69a,safe_range,selection,340301,PAL,10,3,1000000.0,,False,bars,,,,,
12.355926734951257,95.18886016969006,True,0.7158092848180677,20,1,0,1.8,1.7712499999999995,2.6191090071864944,3.0591896044836533,1.3849980708898266,-3.5962326207421578,-69.32524192287222,128.95116623698854,1.5137499999999988,1.0524999999999995,610,2,2,402,0.659016393442623,24.655772643695105,0.5568570222403779,OVP56,safe_range,selection,340301,PAL,12,3,1000000.0,,False,bars,,,,,
12.499995928812176,96.11540247378561,True,0.6900878293601004,2,0,0,1.1274999999999977,0.9949999999999994,2.198609945122025,2.132359421793781,1.1953612611519622,-2.8620808284448636,-68.73064591030737,129.38091539536927,1.0574999999999988,0.9949999999999996,610,1,2,322,0.5278688524590164,26.076300742628607,0.5640130106122985,VLP56,safe_range,selection,340301,PAL,12,3,1000000.0,,False,bars,,,,,
13.178014774028341,95.59092349536121,True,1.3983688833124215,0,0,2,0.1,0.075,0.07684879768036734,1.3739327866503024,2.175461862409203,-2.3872550607212197,-51.99750524502083,111.65926241204053,0.1,0.075,610,0,2,1,0.001639344262295082,24.385139543729334,0.5631805385017178,RANGE32,safe_range,selection,340301,PAL,12,3,1000000.0,,True,bars,,,,,
-6.668414238281132,-82.3536292815451,False,606.9303638644918,610,8,56,2.025,2.025,1000000.0,83.59142569590931,23.0998909348754,-156.27367681974383,-69.70519686381783,82.00748954395078,1000000.0,1000000.0,610,610,2,1410,2.3114754098360657,-6.7131186500406805,-0.3525345791833125,PLL96-rejected-board,safe_range,selection,340301,PAL,12,3,1000000.0,,False,bars,,,,,
9.34644632014119,95.7325389602606,True,6.003136762860728,532,5,0,2.025,2.025,3.636011128018852,15.548595785918726,-1.313899608001455,-2.216612051358809,-54.91720370941777,122.84027480251538,1.95,1.395,610,30,2,68,0.11147540983606558,12.750650947612748,0.35236911186392955,PLL96-IQ-corrected,safe_range,selection,340301,PAL,12,3,1000000.0,,False,bars,,,,,
16.855607616900567,95.90056089209689,True,0.0006273525721455459,0,0,2,0.05,0.025,0.470240390215647,1.994678132978526,1.7934916445509728,-1.543684797957772,-59.231407987341605,122.88725556401249,0.05,0.025,610,0,2,13,0.021311475409836064,27.452108208960148,0.7792733850950434,floating-PLL-IQ40,safe_range,selection,340301,PAL,12,3,1000000.0,,True,bars,,,,,
4.296801677618911,44.42847600191769,True,88.87954830614805,610,8,0,2.025,2.025,1000000.0,49.09655304406348,27.087290673767264,-25.840917183033927,-7.278134090582363,91.82504602829056,1000000.0,1000000.0,610,610,2,0,0.0,4.53698519502111,0.4433741045515801,HC50,safe_range,selection,340301,PAL,12,3,1000000.0,,False,bars,,,,,
11.572446590399652,98.74325768560885,True,4.02823086574655,4,0,1,1.025,0.11624999999999999,2.0255563449582583,2.55034692642822,-2.065735411945017,-4.732461927100562,-62.79073669222638,112.13675951007784,0.975,0.11624999999999999,610,1,2,271,0.44426229508196724,17.681685223154126,0.44003887306230877,PLL96-board-fixed,safe_range,selection,340301,PAL,12,3,1000000.0,,False,bars,,,,,
13.365831518748157,97.93361604576455,True,0.6555834378920954,0,0,2,0.075,0.06624999999999999,0.14182649293541968,1.0434890127413414,0.40758005444497747,-1.5876058993009676,-52.580629451402544,117.56047556665081,0.075,0.06624999999999999,610,0,2,0,0.0,27.82242480683386,0.5921901391473786,RNG-e2a8f30af45e,safe_range,selection,340301,PAL,12,3,1000000.0,,True,bars,,,,,
13.356963920143103,97.92864104312639,True,0.679422835633626,0,0,2,0.075,0.075,0.14185899833932308,1.0398518799706495,0.409321820753405,-1.573293538053152,-52.580629451402544,117.56047556665081,0.075,0.075,610,0,2,0,0.0,27.792803644481104,0.5912396039962095,RNG-2899d92770b2,safe_range,selection,340301,PAL,12,3,1000000.0,,True,bars,,,,,
13.438542279567361,96.88189592614735,True,0.6461731493099122,0,0,2,0.075,0.06624999999999999,0.1427302568816724,1.3440103733187208,0.8099950033655424,-2.751601228018517,-51.75503996733969,116.48761398235436,0.075,0.06624999999999999,610,0,2,0,0.0,26.906200090346353,0.5941080329725512,RNG-8743eb3e92d2,safe_range,selection,340301,PAL,12,3,1000000.0,,True,bars,,,,,
12.672537206983481,97.95663958180023,True,0.48180677540777916,0,0,2,0.075,0.06624999999999999,0.15518035514507247,1.9060008724204034,0.438950886035819,-1.439571681536378,-51.986500185346515,132.78794262062607,0.075,0.06624999999999999,610,0,2,1,0.001639344262295082,28.578567012377192,0.5787267773770631,RNG-94fa1a915b25,safe_range,selection,340301,PAL,12,3,1000000.0,,True,bars,,,,,
12.629108871781936,98.17139684735203,True,0.47867001254705144,0,0,2,0.075,0.06624999999999999,0.14272666758298627,1.094611884329385,0.40477342973793096,-1.5387679044923483,-52.664980491618614,132.79836109975255,0.075,0.06624999999999999,610,0,2,0,0.0,28.630446535163102,0.5780635771739406,RNG-89ae53a192ca,safe_range,selection,340301,PAL,12,3,1000000.0,,True,bars,,,,,
12.629108871781936,98.17139684735203,True,0.47867001254705144,0,0,2,0.075,0.06624999999999999,0.14272666758298627,1.094611884329385,0.40477342973793096,-1.5387679044923483,-52.664980491618614,132.79836109975255,0.075,0.06624999999999999,610,0,2,0,0.0,28.630446535163102,0.5780635771739406,RNG-609f405d4c1f,safe_range,selection,340301,PAL,12,3,1000000.0,,True,bars,,,,,
12.629108871781936,98.17139684735203,True,0.47867001254705144,0,0,2,0.075,0.06624999999999999,0.14272666758298627,1.094611884329385,0.40477342973793096,-1.5387679044923483,-52.664980491618614,132.79836109975255,0.075,0.06624999999999999,610,0,2,0,0.0,28.630446535163102,0.5780635771739406,RNG-e51a13af85e7,safe_range,selection,340301,PAL,12,3,1000000.0,,True,bars,,,,,
12.629103113779895,98.17141132477828,True,0.47867001254705144,0,0,2,0.075,0.06624999999999999,0.14272666758298627,1.094611884329385,0.40477342973793096,-1.5387307867079099,-52.664980491618614,132.79836109975255,0.075,0.06624999999999999,610,0,2,0,0.0,28.630459670904575,0.5780632610544186,RNG-b4849353af94,safe_range,selection,340301,PAL,12,3,1000000.0,,True,bars,,,,,
12.360005829658988,98.07830105878014,True,0.7810539523212046,0,0,2,0.725,0.4562499999999997,1.440757357189295,-1.4740210606368453,0.909876703361033,-2.875722093348937,-64.87565246933201,125.33272403045257,0.725,0.45624999999999966,610,0,2,147,0.24098360655737705,25.701773915962253,0.5646811518754464,RNG-994556fdf69a,safe_range,selection,340301,PAL,12,3,1000000.0,,False,bars,,,,,
13.414549053885905,96.18819865184051,True,0.5683814303638646,2,0,1,0.925,0.43249999999999966,1.8851027169068195,1.8167518203885153,1.2373928150576756,-2.693856868894856,-66.69508507527566,125.46010561513911,0.875,0.4324999999999998,610,1,2,254,0.4163934426229508,26.165378594990386,0.6078969460766791,OVP56,safe_range,selection,340301,PAL,14,3,1000000.0,,False,bars,,,,,
13.566411328364204,96.65789995554755,True,0.5426599749058971,1,0,2,0.6887499999999989,0.32624999999999976,1.428508773256551,1.4291830462973276,1.207039251082308,-2.226127680026516,-65.00114600800447,125.40530896193836,0.675,0.32624999999999976,610,1,2,143,0.23442622950819672,27.01513601107251,0.6152579428876727,VLP56,safe_range,selection,340301,PAL,14,3,1000000.0,,False,bars,,,,,
14.03954518792503,95.66183312559895,True,1.2565872020075284,0,0,2,0.075,0.06624999999999999,0.045662248998560695,1.3308194387812526,2.100499190324051,-2.428093562753038,-50.98586067220575,109.86572643727384,0.075,0.06624999999999999,610,0,2,0,0.0,24.64747380010181,0.6108425711969607,RANGE32,safe_range,selection,340301,PAL,14,3,1000000.0,,True,bars,,,,,
-6.669226969151888,-82.23522843303527,False,607.6794228356335,610,8,56,2.025,2.025,1000000.0,83.28154481761358,23.044505595238963,-156.2125362501218,-69.08040701203178,82.08660278388832,1000000.0,1000000.0,610,610,2,1419,2.3262295081967213,-6.714766652248095,-0.3574092071475669,PLL96-rejected-board,safe_range,selection,340301,PAL,14,3,1000000.0,,False,bars,,,,,
9.250099374234962,96.32970451182673,True,6.040150564617315,546,8,0,2.025,2.025,3.6380342176441935,15.813260062625268,-1.2738483212770668,-2.0328032641382237,-54.94426372031318,122.95460858784283,1.8924999999999996,1000000.0,610,58,2,60,0.09836065573770492,12.39729677498211,0.35844845494413347,PLL96-IQ-corrected,safe_range,selection,340301,PAL,14,3,1000000.0,,False,bars,,,,,
18.13715921696002,96.07272324579158,True,0.0,0,0,2,0.025,0.025,0.19302913226153026,1.8187460774823698,1.7558512057722582,-1.4193956479014422,-58.17698346306358,119.52123176465112,0.025,0.025,610,0,2,1,0.001639344262295082,27.9549485065305,0.8274406658841545,floating-PLL-IQ40,safe_range,selection,340301,PAL,14,3,1000000.0,,True,bars,,,,,
4.331507033817435,44.449513243581606,True,88.88644918444166,610,8,0,2.025,2.025,1000000.0,49.02389596380355,27.06458609055717,-25.807124462138777,-5.360250124493426,91.77259072532387,1000000.0,1000000.0,610,610,2,0,0.0,4.541892390200804,0.4819039845193972,HC50,safe_range,selection,340301,PAL,14,3,1000000.0,,False,bars,,,,,
11.812983225334905,98.63273642789287,True,3.9247176913425346,2,0,0,1.0024999999999977,0.14874999999999997,2.085590197531498,3.5963397141474673,-1.809427358429673,-3.901541381802846,-61.14860652127296,112.20002144262311,0.975,0.14874999999999997,610,1,2,298,0.4885245901639344,17.73064604712867,0.4565581229959736,PLL96-board-fixed,safe_range,selection,340301,PAL,14,3,1000000.0,,False,bars,,,,,
14.28435943233957,98.0451691761533,True,0.560853199498118,0,0,2,0.075,0.06624999999999999,0.033845114910112044,1.0232461342035377,0.41013000115688836,-1.463069953577116,-52.76212060392559,117.10667304096434,0.075,0.06624999999999999,610,0,2,0,0.0,28.219513154629215,0.6379989742171496,RNG-e2a8f30af45e,safe_range,selection,340301,PAL,14,3,1000000.0,,True,bars,,,,,
14.275867903782578,98.03381181746043,True,0.5796737766624843,0,0,2,0.075,0.075,0.03386024798259196,1.0169699407165533,0.4112326889005724,-1.4654790723800748,-52.76212060392559,117.10667304096434,0.075,0.075,610,0,2,0,0.0,28.184767320670016,0.6371656354159295,RNG-2899d92770b2,safe_range,selection,340301,PAL,14,3,1000000.0,,True,bars,,,,,
14.359173827718266,97.12651235774051,True,0.5514429109159348,0,0,2,0.075,0.06624999999999999,0.03202522059406244,1.3028474233573102,0.7638688385282777,-2.444399766478856,-51.92282151493575,115.06633863570518,0.075,0.06624999999999999,610,0,2,0,0.0,27.447865538015478,0.640546326461224,RNG-8743eb3e92d2,safe_range,selection,340301,PAL,14,3,1000000.0,,True,bars,,,,,
13.713479497508533,98.151587621039,True,0.35194479297365117,0,0,2,0.075,0.06624999999999999,0.037819675684125836,1.8420672820681208,0.37479845445451493,-1.2905122072296848,-49.59907402914073,129.55556880066212,0.075,0.06624999999999999,610,0,2,0,0.0,29.075919704648186,0.6290826813978138,RNG-94fa1a915b25,safe_range,selection,340301,PAL,14,3,1000000.0,,True,bars,,,,,
13.696643037873457,98.36237959440247,True,0.3324968632371393,0,0,2,0.075,0.06624999999999999,0.03948957114869946,1.058439158737501,0.34790619076619683,-1.3835052323866093,-52.52862808235282,129.6741623441386,0.075,0.06624999999999999,610,0,2,0,0.0,29.13939293137387,0.6299529702278754,RNG-89ae53a192ca,safe_range,selection,340301,PAL,14,3,1000000.0,,True,bars,,,,,
13.696643037873457,98.36237959440247,True,0.3324968632371393,0,0,2,0.075,0.06624999999999999,0.03948957114869946,1.058439158737501,0.34790619076619683,-1.3835052323866093,-52.52862808235282,129.6741623441386,0.075,0.06624999999999999,610,0,2,0,0.0,29.13939293137387,0.6299529702278754,RNG-609f405d4c1f,safe_range,selection,340301,PAL,14,3,1000000.0,,True,bars,,,,,
13.696643037873457,98.36237959440247,True,0.3324968632371393,0,0,2,0.075,0.06624999999999999,0.03948957114869946,1.058439158737501,0.34790619076619683,-1.3835052323866093,-52.52862808235282,129.6741623441386,0.075,0.06624999999999999,610,0,2,0,0.0,29.13939293137387,0.6299529702278754,RNG-e51a13af85e7,safe_range,selection,340301,PAL,14,3,1000000.0,,True,bars,,,,,
13.696643037873457,98.36237959440247,True,0.3324968632371393,0,0,2,0.075,0.06624999999999999,0.03948957114869946,1.058439158737501,0.34790619076619683,-1.3835052323866093,-52.52862808235282,129.6741623441386,0.075,0.06624999999999999,610,0,2,0,0.0,29.13939293137387,0.6299529702278754,RNG-b4849353af94,safe_range,selection,340301,PAL,14,3,1000000.0,,True,bars,,,,,
13.298136267723146,97.99081581710237,True,0.48870765370138014,0,0,2,0.225,0.6575,0.9441059609883684,-1.641948426615502,1.291330992411456,-2.7003160257025076,-66.34813029446192,125.47436816115406,0.225,0.6575,610,0,2,53,0.08688524590163935,26.029175729844635,0.6113639703461595,RNG-994556fdf69a,safe_range,selection,340301,PAL,14,3,1000000.0,,False,bars,,,,,
14.816940478297854,97.07022263661446,True,0.4548306148055207,0,0,2,0.05,0.06624999999999999,0.5031753678586345,0.6891386603195833,1.1387193652430194,-1.807361217722457,-61.44203476205498,123.71284512511366,0.05,0.06624999999999999,610,0,2,21,0.03442622950819672,27.48279083768699,0.6746247412055227,OVP56,safe_range,selection,340301,PAL,18,3,1000000.0,,False,bars,,,,,
14.99867109662935,97.16525374989148,True,0.4623588456712672,0,0,2,0.05,0.05,0.33221499556565554,0.7314902748607405,1.2426536038100913,-1.5862381706481474,-60.979218592679906,123.80844473868498,0.05,0.05,610,0,2,6,0.009836065573770493,27.849114064476275,0.6826325985886671,VLP56,safe_range,selection,340301,PAL,18,3,1000000.0,,True,bars,,,,,
15.157852965220206,95.5353392134987,True,1.14366373902133,0,0,2,0.075,0.075,0.04117883827054226,1.3971495100040836,2.0098370771921283,-2.8812107907918136,-50.967825808979825,108.70229393660301,0.075,0.075,610,0,2,0,0.0,24.860951349554394,0.6726028877794403,RANGE32,safe_range,selection,340301,PAL,18,3,1000000.0,,True,bars,,,,,
-6.672821092574248,-82.25785798279644,False,608.831869510665,610,8,56,2.025,2.025,1000000.0,83.52361813858387,22.82103993563089,-156.12751396320954,-68.87047631833738,78.04946985489991,1000000.0,1000000.0,610,610,2,1434,2.3508196721311476,-6.7188714548729935,-0.361220400119174,PLL96-rejected-board,safe_range,selection,340301,PAL,18,3,1000000.0,,False,bars,,,,,
9.096851019472853,97.39271920510147,True,6.223964868255959,573,8,0,2.025,2.025,3.658399258574047,15.432885873771461,-1.161721970956857,-1.8350910672380143,-53.42462506976271,117.90277853839328,1.85,1000000.0,610,47,2,23,0.03770491803278689,11.975056746405867,0.3649945861071915,PLL96-IQ-corrected,safe_range,selection,340301,PAL,18,3,1000000.0,,False,bars,,,,,
19.96834979768249,96.21980319705776,True,0.0,0,0,2,0.025,0.025,0.020940978729847716,1.6815284934364376,1.71413257866098,-1.3100610213511028,-51.25891061628644,117.28590401100169,0.025,0.025,610,0,2,0,0.0,28.45815603167596,0.8856073617619216,floating-PLL-IQ40,safe_range,selection,340301,PAL,18,3,1000000.0,,True,bars,,,,,
4.364044370415892,44.4421060517899,True,88.85319949811795,610,8,0,2.025,2.025,1000000.0,48.94880334794458,27.055921834760984,-25.79038624687059,-1.5268276500005769,86.71570243653426,1000000.0,1000000.0,610,610,2,0,0.0,4.54342380897876,0.5342011018310088,HC50,safe_range,selection,340301,PAL,18,3,1000000.0,,False,bars,,,,,
12.003522724911463,97.95043681569618,True,3.7910915934755334,16,0,0,1.702499999999998,0.6824999999999997,2.4552853043843856,4.98293055997133,-1.2332010740357797,-3.0783180950687035,-59.96498155584698,111.60372051100225,1.325,0.6824999999999998,610,2,2,379,0.6213114754098361,17.587513547416773,0.47359186444959467,PLL96-board-fixed,safe_range,selection,340301,PAL,18,3,1000000.0,,False,bars,,,,,
15.516030486066956,98.10549907436865,True,0.48933500627352566,0,0,2,0.05,0.075,0.02898558149194578,1.1370789567973039,0.3746721128804353,-1.3620105891674446,-48.1611979766475,115.91110090752417,0.05,0.075,610,0,2,0,0.0,28.61451640872155,0.6976839270982158,RNG-e2a8f30af45e,safe_range,selection,340301,PAL,18,3,1000000.0,,True,bars,,,,,
15.509626681238743,98.0929745501376,True,0.5018820577164366,0,0,2,0.05,0.075,0.028790509592970925,1.1220328910510566,0.3748576312175007,-1.3819745970495918,-48.1611979766475,115.91110090752417,0.05,0.075,610,0,2,0,0.0,28.582906506895917,0.6971730261851011,RNG-2899d92770b2,safe_range,selection,340301,PAL,18,3,1000000.0,,True,bars,,,,,
15.600799115845593,97.37218486577684,True,0.46925972396486826,0,0,2,0.075,0.075,0.027348689542135856,1.37926907679462,0.6600993449321986,-2.1052610342495655,-47.95006262232551,115.53634482847872,0.075,0.075,610,0,2,0,0.0,28.03357104714077,0.7012697238389702,RNG-8743eb3e92d2,safe_range,selection,340301,PAL,18,3,1000000.0,,True,bars,,,,,
15.169635122569376,98.29941700589829,True,0.25031367628607276,0,0,2,0.06374999999999886,0.075,0.035773078072121475,1.804333925883507,0.32329501113111364,-1.1866507440843352,-46.71997869059665,124.68913438755456,0.06374999999999886,0.075,610,0,2,0,0.0,29.592362553173036,0.6971085185962107,RNG-94fa1a915b25,safe_range,selection,340301,PAL,18,3,1000000.0,,True,bars,,,,,
15.18317007949906,98.48382209964063,True,0.23400250941028858,0,0,2,0.06374999999999886,0.075,0.03702568891113658,1.1419534020789142,0.3097989247634135,-1.2545214248724716,-48.250428452634715,124.80791460291326,0.06374999999999886,0.075,610,0,2,0,0.0,29.676570211662863,0.6992301157829185,RNG-89ae53a192ca,safe_range,selection,340301,PAL,18,3,1000000.0,,True,bars,,,,,
15.18317007949906,98.48382209964063,True,0.23400250941028858,0,0,2,0.06374999999999886,0.075,0.03702568891113658,1.1419534020789142,0.3097989247634135,-1.2545214248724716,-48.250428452634715,124.80791460291326,0.06374999999999886,0.075,610,0,2,0,0.0,29.676570211662863,0.6992301157829185,RNG-609f405d4c1f,safe_range,selection,340301,PAL,18,3,1000000.0,,True,bars,,,,,
15.18317007949906,98.48382209964063,True,0.23400250941028858,0,0,2,0.06374999999999886,0.075,0.03702568891113658,1.1419534020789142,0.3097989247634135,-1.2545214248724716,-48.250428452634715,124.80791460291326,0.06374999999999886,0.075,610,0,2,0,0.0,29.676570211662863,0.6992301157829185,RNG-e51a13af85e7,safe_range,selection,340301,PAL,18,3,1000000.0,,True,bars,,,,,
15.18317007949906,98.48382209964063,True,0.23400250941028858,0,0,2,0.06374999999999886,0.075,0.03702568891113658,1.1419534020789142,0.3097989247634135,-1.2545214248724716,-48.250428452634715,124.80791460291326,0.06374999999999886,0.075,610,0,2,0,0.0,29.676570211662863,0.6992301157829185,RNG-b4849353af94,safe_range,selection,340301,PAL,18,3,1000000.0,,True,bars,,,,,
14.616077867717397,97.5368634772069,True,0.3224592220828105,0,0,2,0.05,0.06624999999999999,0.3314523430867625,-1.3961523834100311,1.88285308258509,-2.5709515389206268,-64.76718713104246,123.20592622955203,0.05,0.06624999999999999,610,0,2,5,0.00819672131147541,26.138652080095838,0.6761219784538625,RNG-994556fdf69a,safe_range,selection,340301,PAL,18,3,1000000.0,,True,bars,,,,,
15.501993910819575,97.36378624287705,True,0.37390213299874525,0,0,2,0.05,0.05,0.04799248575063174,0.33267308549596225,1.0719264495330507,-1.5129768619533313,-61.26139820112266,124.21514752442829,0.05,0.05,610,0,2,0,0.0,27.857767941109365,0.7065942835159892,OVP56,safe_range,selection,340301,PAL,22,3,1000000.0,,True,bars,0.8191062907865818,-60.156293563835426,15.446840392329703,25.91572505490255,12.060779186061023
15.703996286854878,97.3630773036477,True,0.3858218318695107,0,0,2,0.05,0.05,0.09524558420984885,0.45822227608782407,1.224683827947715,-1.3805078529158603,-59.220214632753944,123.85728851936784,0.05,0.05,610,0,2,1,0.001639344262295082,28.162258933082104,0.715130999804642,VLP56,safe_range,selection,340301,PAL,22,3,1000000.0,,True,bars,0.8051874720526736,-60.31819250398646,15.589272272328065,26.04317659927827,11.865232650139811
15.70074273703126,95.50239173912462,True,1.0200752823086574,0,0,2,0.06374999999999886,0.075,0.03969659522088951,1.3742622826532975,1.9426055173922059,-3.1002402010647905,-51.020601061911584,106.29657138470205,0.06374999999999886,0.075,610,0,2,0,0.0,24.97024874497441,0.7024060439508016,RANGE32,safe_range,selection,340301,PAL,22,3,1000000.0,,True,bars,0.7821251675418766,-61.521664699779805,16.062754496008058,24.31843797070745,11.970783052177394
-6.6816266536580615,-82.46791350333747,False,609.8858218318694,610,8,56,2.025,2.025,1000000.0,84.09552189811032,22.694730003351367,-156.14566543468536,-67.59705111104111,69.98752429215443,1000000.0,1000000.0,610,610,2,1471,2.411475409836066,-6.727272174470597,-0.36387974677531293,PLL96-rejected-board,safe_range,selection,340301,PAL,22,3,1000000.0,contrast;waveform;detail_floor;sync;h_jitter_us;v_jitter_us;h_width_rmse_us;sync_error_ire;black_error_ire;white_error_ire;contrast;stress_waveform;reference_detail;burst_gain;burst_phase_jitter_deg;burst_amplitude_jitter_pct;burst_rmse_ire;h_missing;v_missing;vertical_trains;sync_error_ire;black_error_ire;white_error_ire,False,bars,0.3246743408961015,64.53508761800553,25.13924404075034,35.893908170173674,28.71254146983732
9.025804679943441,98.13036588577481,True,6.262233375156837,600,8,0,2.025,2.025,3.6753571255049486,14.790447709004047,-1.1005006789172223,-1.7707371580086007,-48.726265614025394,111.36721722486863,1.7974999999999994,1000000.0,610,129,2,7,0.011475409836065573,11.81342516556736,0.3694591523616733,PLL96-IQ-corrected,safe_range,selection,340301,PAL,22,3,1000000.0,waveform;detail_floor;sync;h_jitter_us;v_jitter_us;h_width_rmse_us;sync_error_ire;stress_waveform;reference_detail;burst_gain;burst_phase_jitter_deg;burst_amplitude_jitter_pct;burst_rmse_ire;h_missing;v_missing;vertical_trains;sync_error_ire,False,bars,0.36773546886872105,-112.41244043131188,28.35884974898792,36.273181811010645,16.824556921504698
20.930617005709564,96.28398038604408,True,0.0,0,0,2,0.025,0.025,0.018855577076431415,1.6490495723437366,1.6942407031800626,-1.238569794031207,-49.325838732079546,114.24325622090353,0.025,0.025,610,0,2,0,0.0,28.679688375289317,0.9108828527392521,floating-PLL-IQ40,safe_range,selection,340301,PAL,22,3,1000000.0,burst_gain,True,bars,0.4864802060629433,13.424234279618755,10.617956715778035,19.412431198508106,7.006172595469139
4.375924615687754,44.43889453131563,True,88.83249686323714,610,8,0,2.025,2.025,1000000.0,48.913201130239244,27.066251945458472,-25.74916641374964,0.6153955656866259,84.50790509063799,1000000.0,1000000.0,610,610,2,0,0.0,4.543802569662784,0.5583100974133438,HC50,safe_range,selection,340301,PAL,22,3,1000000.0,contrast;waveform;detail_floor;sync;h_jitter_us;v_jitter_us;h_width_rmse_us;sync_error_ire;black_error_ire;white_error_ire;contrast;stress_waveform;reference_detail;burst_gain;burst_rmse_ire;h_missing;v_missing;vertical_trains;sync_error_ire;black_error_ire;white_error_ire,False,bars,0.4085727716333185,98.76342583883601,14.881952960729611,22.674007335843186,30.664809058991853
11.99791171223594,97.26969372982303,True,3.676913425345044,0,0,2,0.275,0.075,0.11212368755742655,5.614290651349016,-0.8226626356410451,-2.849711206243355,-59.783977964023286,111.32816717046379,0.275,0.075,610,0,2,0,0.0,17.22954222690951,0.4806277072750396,PLL96-board-fixed,safe_range,selection,340301,PAL,22,3,1000000.0,waveform;detail_floor;sync_error_ire;stress_waveform;reference_detail;burst_gain;burst_phase_jitter_deg;burst_rmse_ire,True,bars,0.4323684902680114,-99.60581647453608,25.902786922036608,34.12295564554612,15.468825682152708
16.11570465812018,98.12750819001664,True,0.432245922208281,0,0,2,0.05,0.075,0.026141951712606738,1.255698337138552,0.29875639028905226,-1.329101847777457,-46.62856021065703,114.2401422736348,0.05,0.075,610,0,2,0,0.0,28.736098498587896,0.7261094619340697,RNG-e2a8f30af45e,safe_range,selection,340301,PAL,22,3,1000000.0,,True,bars,0.7316983507238676,-59.837677529760875,15.55468750743151,24.86410588087258,11.424832194061867
16.11524594862547,98.12453572404286,True,0.4353826850690088,0,0,2,0.05,0.075,0.026024106101087425,1.2339412397910552,0.2988881671508235,-1.3411310400890815,-46.62856021065703,114.2401422736348,0.05,0.075,610,0,2,0,0.0,28.71960559490074,0.7260163592386604,RNG-2899d92770b2,safe_range,selection,340301,PAL,22,3,1000000.0,,True,bars,0.7316983507238676,-59.844178401733444,15.554212992061302,24.86410589901393,11.425730546974659
16.21666727094143,97.49646459903391,True,0.4115432873274781,0,0,2,0.075,0.075,0.024794235184023235,1.4784037059105648,0.5598345284920012,-1.9379881371743422,-47.11260845932321,113.98069006343178,0.075,0.075,610,0,2,0,0.0,28.2767988765415,0.7305351277260824,RNG-8743eb3e92d2,safe_range,selection,340301,PAL,22,3,1000000.0,,True,bars,0.7120296500117591,-59.40395607917454,15.525531463394294,24.286101992363847,11.276409024880827
15.898713066941127,98.33809484909081,True,0.198870765370138,0,0,2,0.05,0.075,0.03373899334792234,1.8150782447000275,0.28165041587503314,-1.1633372196949685,-45.90109189759567,122.70782867365932,0.05,0.075,610,0,2,0,0.0,29.808156468486523,0.7297835300918206,RNG-94fa1a915b25,safe_range,selection,340301,PAL,22,3,1000000.0,,True,bars,0.7424563777664863,-57.3381151620143,14.327204210695351,25.150317730098536,11.115085843832414
15.922528853609467,98.50596547772152,True,0.1875784190715182,0,0,2,0.05,0.075,0.03574442522165141,1.2446142096159944,0.274156087383965,-1.205555560591821,-46.63510797211603,122.70782867365932,0.05,0.075,610,0,2,0,0.0,29.92470316048287,0.7320835037820622,RNG-89ae53a192ca,safe_range,selection,340301,PAL,22,3,1000000.0,,True,bars,0.7405768279921603,-57.30260884725934,14.29169626747291,25.031325069326453,11.105126141393033
15.922528853609467,98.50596547772152,True,0.1875784190715182,0,0,2,0.05,0.075,0.03574442522165141,1.2446142096159944,0.274156087383965,-1.205555560591821,-46.63510797211603,122.70782867365932,0.05,0.075,610,0,2,0,0.0,29.92470316048287,0.7320835037820622,RNG-609f405d4c1f,safe_range,selection,340301,PAL,22,3,1000000.0,,True,bars,0.7405768279921603,-57.30260884725934,14.29169626747291,25.031325069326453,11.105126141393033
15.922528853609467,98.50596547772152,True,0.1875784190715182,0,0,2,0.05,0.075,0.03574442522165141,1.2446142096159944,0.274156087383965,-1.205555560591821,-46.63510797211603,122.70782867365932,0.05,0.075,610,0,2,0,0.0,29.92470316048287,0.7320835037820622,RNG-e51a13af85e7,safe_range,selection,340301,PAL,22,3,1000000.0,,True,bars,0.7405768279921603,-57.30260884725934,14.29169626747291,25.031325069326453,11.105126141393033
15.922528853609467,98.50596547772152,True,0.1875784190715182,0,0,2,0.05,0.075,0.03574442522165141,1.2446142096159944,0.274156087383965,-1.205555560591821,-46.63510797211603,122.70782867365932,0.05,0.075,610,0,2,0,0.0,29.92470316048287,0.7320835037820622,RNG-b4849353af94,safe_range,selection,340301,PAL,22,3,1000000.0,,True,bars,0.7405768279921603,-57.30260884725934,14.29169626747291,25.031325069326453,11.105126141393033
15.294001781553089,97.274263387733,True,0.2509410288582183,0,0,2,0.05,0.075,0.03402626757735708,-1.1491561435024737,2.125333901679781,-2.539176544794575,-61.05339403219565,122.52058755102007,0.05,0.075,610,0,2,0,0.0,26.071603155543798,0.7089940960460052,RNG-994556fdf69a,safe_range,selection,340301,PAL,22,3,1000000.0,,True,bars,0.7592151535054781,-57.45369240894983,16.14229730336628,27.103479260543835,11.608327699130298
15.929590151861092,97.45845367153362,True,0.32496863237139273,0,0,2,0.05,0.05,0.01965376533398317,0.17667430542006818,1.0662698147028997,-1.4169188846666358,-54.71750862512748,124.08451475943905,0.05,0.05,610,0,2,0,0.0,28.014710356437323,0.7257969393359034,OVP56,safe_range,selection,340301,PAL,30,3,1000000.0,,True,bars,0.7987319705104133,-60.35362043966889,17.196025667652453,27.964757347564905,11.958635290461645
16.15081119061592,97.43500007285346,True,0.33626097867001253,0,0,2,0.05,0.05,0.017058241602151643,0.30985382391278066,1.2294253493160359,-1.335014352411096,-55.402711458613496,123.42631533295675,0.05,0.05,610,0,2,0,0.0,28.32439222155657,0.7349029848666984,VLP56,safe_range,selection,340301,PAL,30,3,1000000.0,,True,bars,0.7879841452348479,-60.37897838916294,15.697500284330495,26.616722985005435,11.719910218623841
16.039651208989774,95.55435403056538,True,0.9215809284818068,0,0,2,0.05,0.05,0.03951550847244744,1.2736944135390305,1.8668969456376496,-3.1834335317970903,-44.46004103806356,103.24410678536454,0.05,0.05,610,0,2,0,0.0,25.093478824510438,0.7203318253264244,RANGE32,safe_range,selection,340301,PAL,30,3,1000000.0,,True,bars,0.7711137972009361,-61.349206760495576,16.589849107290267,26.652283244265,11.842529039156945
-6.689421508792218,-82.77030573524553,False,610.3513174404015,610,8,56,2.025,2.025,1000000.0,84.85463822370963,22.63366446523224,-156.18150858208546,-67.64944549401694,66.83756279551353,1000000.0,1000000.0,610,610,2,1486,2.4360655737704917,-6.734907001645526,-0.36332250527153775,PLL96-rejected-board,safe_range,selection,340301,PAL,30,3,1000000.0,contrast;waveform;detail_floor;sync;h_jitter_us;v_jitter_us;h_width_rmse_us;sync_error_ire;black_error_ire;white_error_ire;contrast;stress_waveform;reference_detail;burst_gain;burst_phase_jitter_deg;burst_rmse_ire;h_missing;v_missing;vertical_trains;sync_error_ire;black_error_ire;white_error_ire,False,bars,0.3245984018705823,65.26440874933255,23.5245870298939,32.217701432460494,28.653914529236037
8.985293812004194,98.7481068243934,True,6.368255959849436,610,8,0,2.025,2.025,1000000.0,14.002219820303011,-1.15887239591097,-1.7526133722623853,-41.748120449895396,106.81614374344822,1000000.0,1000000.0,610,610,2,0,0.0,11.743194485284857,0.3684742438178431,PLL96-IQ-corrected,safe_range,selection,340301,PAL,30,3,1000000.0,waveform;detail_floor;sync;h_jitter_us;v_jitter_us;h_width_rmse_us;sync_error_ire;stress_waveform;reference_detail;burst_gain;burst_phase_jitter_deg;burst_rmse_ire;h_missing;v_missing;vertical_trains;sync_error_ire,False,bars,0.37007220105808203,-111.9136872930467,24.61799286694246,31.855457238654484,16.86229848832016
21.61900947171003,96.3070674666334,True,0.0,0,0,2,0.025,0.025,0.019417754255522675,1.650999426082637,1.6967378329282121,-1.1951800573692841,-45.18217106284748,112.06874354311562,0.025,0.025,610,0,2,0,0.0,28.79142057843027,0.9270088094854128,floating-PLL-IQ40,safe_range,selection,340301,PAL,30,3,1000000.0,burst_gain,True,bars,0.48049250911106345,12.979718617202078,7.176015747698506,16.5598619994024,6.902619146330468
4.383756554477704,44.44565842549399,True,88.72772898368883,610,8,0,2.025,2.025,1000000.0,48.89588581554903,27.07219886811672,-25.704913903748484,3.2592055941499325,84.1542316809081,1000000.0,1000000.0,610,610,2,0,0.0,4.54474285809942,0.5744930773133685,HC50,safe_range,selection,340301,PAL,30,3,1000000.0,contrast;waveform;detail_floor;sync;h_jitter_us;v_jitter_us;h_width_rmse_us;sync_error_ire;black_error_ire;white_error_ire;contrast;stress_waveform;reference_detail;burst_gain;burst_rmse_ire;h_missing;v_missing;vertical_trains;sync_error_ire;black_error_ire;white_error_ire,False,bars,0.4023313185736566,98.6310803841686,15.770797607121043,25.21483598987864,30.646657576687858
11.921103613789443,96.82987863647901,True,3.579673776662484,0,0,2,0.25,0.075,0.1025144931776742,5.735073341508542,-0.6870606037060591,-2.81183176837618,-48.38443408698371,111.26598354995413,0.25,0.075,610,0,2,0,0.0,16.79243987051385,0.48505119808201524,PLL96-board-fixed,safe_range,selection,340301,PAL,30,3,1000000.0,waveform;detail_floor;sync_error_ire;stress_waveform;reference_detail;burst_gain;burst_phase_jitter_deg;burst_rmse_ire,True,bars,0.4317372313322882,-100.80960655503252,26.012191806642157,31.75604568889607,15.48828404554004
16.48105874825076,98.13006368974013,True,0.37578419071518193,0,0,2,0.05,0.05,0.02339083469098492,1.3031365924581468,0.263026791475507,-1.3118036159541357,-44.73902758824548,113.00439282607023,0.05,0.05,610,0,2,0,0.0,28.80381189110295,0.7428333995984153,RNG-e2a8f30af45e,safe_range,selection,340301,PAL,30,3,1000000.0,,True,bars,0.7164079244153715,-59.292162730982376,15.384231776764816,28.638029597021664,11.240590981612838
16.484378734035666,98.13904845483803,True,0.3764115432873275,0,0,2,0.05,0.05,0.02330306389480246,1.2792404437695908,0.26302679179315175,-1.311879893564005,-44.739196679623014,113.00439282607023,0.05,0.05,610,0,2,0,0.0,28.804548665093485,0.7429740239994719,RNG-2899d92770b2,safe_range,selection,340301,PAL,30,3,1000000.0,,True,bars,0.7164079256717912,-59.292161904946745,15.384230950729169,28.638029444297125,11.240590925942637
16.59958596615556,97.56943303066359,True,0.3601003764115433,0,0,2,0.05,0.05,0.022452134879688786,1.5124399546005756,0.5032323780589084,-1.8204739530423815,-44.57098536160605,112.7448928667226,0.05,0.05,610,0,2,0,0.0,28.420344364640847,0.748060582695436,RNG-8743eb3e92d2,safe_range,selection,340301,PAL,30,3,1000000.0,,True,bars,0.6976184539505896,-58.853224370301234,14.535106011729608,27.926562702848848,11.094166280335102
16.360391185652237,98.35176457696517,True,0.14366373902132998,0,0,2,0.05,0.05,0.030785481994591933,1.8125887730510564,0.26020388834823804,-1.165332417185905,-44.107195416833214,119.33881161468553,0.05,0.05,610,0,2,0,0.0,29.95313098968333,0.7495403429242484,RNG-94fa1a915b25,safe_range,selection,340301,PAL,30,3,1000000.0,,True,bars,0.7298151844430348,-57.10684095987905,14.68870836597505,25.95381682692754,10.929319903720106
16.376014148471725,98.51502348417634,True,0.1424090338770389,0,0,2,0.05,0.05,0.0331878656473945,1.288429603790591,0.2552825588813834,-1.1893349178312527,-44.73902758824548,119.33881161468553,0.05,0.05,610,0,2,0,0.0,30.098117193924825,0.7512490490936328,RNG-89ae53a192ca,safe_range,selection,340301,PAL,30,3,1000000.0,,True,bars,0.7294917890292767,-57.09337891814198,14.592535052426438,26.009653440380784,10.922737985126394
16.376014148471725,98.51502348417634,True,0.1424090338770389,0,0,2,0.05,0.05,0.0331878656473945,1.288429603790591,0.2552825588813834,-1.1893349178312527,-44.73902758824548,119.33881161468553,0.05,0.05,610,0,2,0,0.0,30.098117193924825,0.7512490490936328,RNG-609f405d4c1f,safe_range,selection,340301,PAL,30,3,1000000.0,,True,bars,0.7294917890292767,-57.09337891814198,14.592535052426438,26.009653440380784,10.922737985126394
16.376014148471725,98.51502348417634,True,0.1424090338770389,0,0,2,0.05,0.05,0.0331878656473945,1.288429603790591,0.2552825588813834,-1.1893349178312527,-44.73902758824548,119.33881161468553,0.05,0.05,610,0,2,0,0.0,30.098117193924825,0.7512490490936328,RNG-e51a13af85e7,safe_range,selection,340301,PAL,30,3,1000000.0,,True,bars,0.7294917890292767,-57.09337891814198,14.592535052426438,26.009653440380784,10.922737985126394
16.376014148471725,98.51502348417634,True,0.1424090338770389,0,0,2,0.05,0.05,0.0331878656473945,1.288429603790591,0.2552825588813834,-1.1893349178312527,-44.73902758824548,119.33881161468553,0.05,0.05,610,0,2,0,0.0,30.098117193924825,0.7512490490936328,RNG-b4849353af94,safe_range,selection,340301,PAL,30,3,1000000.0,,True,bars,0.7294917890292767,-57.09337891814198,14.592535052426438,26.009653440380784,10.922737985126394
15.699888896650744,97.18276438751839,True,0.22145545796737764,0,0,2,0.05,0.05,0.028790509592970925,-1.0680734551951736,2.1995039331114246,-2.5917922894336396,-59.31821139058843,122.45762622486903,0.05,0.05,610,0,2,0,0.0,26.03729284110598,0.7281296083390577,RNG-994556fdf69a,safe_range,selection,340301,PAL,30,3,1000000.0,,True,bars,0.7550694221664733,-57.12593318518279,14.760041552417897,24.72017322108046,11.310859290977714
5.109036517520602,80.5324726865017,True,64.63164612980819,494,12,0,2.025,2.025,3.583076541186359,16.81241785974924,4.979441229022067,-14.092918841650617,-85.17134694781332,144.35942316611258,1.7487499999999998,1000000.0,506,66,2,5,0.009881422924901186,12.348683225619796,0.26357506278288256,OVP56,safe_range,selection,340301,NTSC,4,3,1000000.0,,False,bars,,,,,
4.826470103295385,84.6518464783344,True,61.70615985332679,487,12,0,2.025,2.025,3.56915237615467,10.93934681477619,2.813028649467749,-13.31788066290786,-87.07314376701535,152.29921283739162,1.6699999999999995,1000000.0,506,85,2,18,0.03557312252964427,13.289692316176382,0.26016010095356046,VLP56,safe_range,selection,340301,NTSC,4,3,1000000.0,,False,bars,,,,,
5.859645271101166,88.31515308441193,True,39.45605674254216,69,1,0,2.025,1.6674999999999995,2.8803387899034423,8.902057822421838,1.690196653928844,-12.258431982009151,-69.69150441330433,128.83132908858894,1.625,1.25,506,2,2,399,0.7885375494071146,13.873767402177698,0.2584183829004326,RANGE32,safe_range,selection,340301,NTSC,4,3,1000000.0,,False,bars,,,,,
-6.67709309573802,-83.54723892159826,False,610.6062613083178,506,12,31,2.025,2.025,1000000.0,88.333722513662,21.260686700704735,-156.37560991667593,-74.60528596748699,133.15731433606945,1000000.0,1000000.0,506,506,2,1672,3.3043478260869565,-6.694084768503396,-0.23641955169100945,PLL96-rejected-board,safe_range,selection,340301,NTSC,4,3,1000000.0,,False,bars,,,,,
7.92402547508793,92.43749821549807,True,18.267166816691606,354,8,0,2.025,2.025,3.409524922532232,10.963956379849773,0.0390736473786199,-4.196949391677384,-74.72391944456514,134.02123025148833,1.8699999999999988,1.44,506,15,2,189,0.37351778656126483,13.167810706744959,0.23250726591060672,PLL96-IQ-corrected,safe_range,selection,340301,NTSC,4,3,1000000.0,,False,bars,,,,,
10.209518266789743,95.67856570521212,True,2.263168827728221,107,1,0,2.025,1.98375,3.1197667961172018,2.644776286448075,1.2392706831550122,-2.736502990112975,-76.23568646076492,138.47046222820526,1.7774999999999992,1.6125,506,3,2,376,0.7430830039525692,23.30715844697307,0.4779015308014388,floating-PLL-IQ40,safe_range,selection,340301,NTSC,4,3,1000000.0,,False,bars,,,,,
3.218002119287475,42.456321120756094,True,127.36063486137996,506,12,0,2.025,2.025,1000000.0,49.29918943901247,26.99947074559961,-29.309046717704742,-73.62213090580273,130.28495354640805,1000000.0,1000000.0,506,506,2,0,0.0,4.1973390304391796,0.18780971078198935,HC50,safe_range,selection,340301,NTSC,4,3,1000000.0,,False,bars,,,,,
5.882130487919869,90.84971634539197,True,40.76940213808115,65,0,0,2.025,1.1199999999999999,2.827772654571269,3.1854384544377825,-1.8664566361491013,-14.70080324468541,-82.51635353438427,125.8796328659449,1.75,1.1199999999999999,506,4,2,421,0.8320158102766798,11.0966220276073,0.21521026177521413,PLL96-board-fixed,safe_range,selection,340301,NTSC,4,3,1000000.0,,False,bars,,,,,
6.080576821322054,93.98240581509496,True,32.952550975864554,26,0,0,2.01875,1.05625,2.4926994967805483,6.12027528624707,0.3162972274218176,-5.419819596734834,-75.20086296617735,137.18653212442953,1.45,1.05625,506,2,2,335,0.6620553359683794,15.497472078217305,0.2966139287102714,RNG-e2a8f30af45e,safe_range,selection,340301,NTSC,4,3,1000000.0,,False,bars,,,,,
6.024079919315106,93.93618575389054,True,33.81506892617268,26,0,0,2.01875,1.05625,2.4769728563813533,6.046182581190672,0.3680032413907227,-5.46489194009929,-76.82162446681973,141.0999894645272,1.5012499999999989,1.05625,506,2,2,333,0.658102766798419,15.428330263274972,0.2940772313566707,RNG-2899d92770b2,safe_range,selection,340301,NTSC,4,3,1000000.0,,False,bars,,,,,
6.318914754683462,91.69745323507742,True,31.420189242158315,30,1,0,2.025,1.5299999999999994,2.56959664991946,6.495177195257749,0.6764832320923038,-8.512190698334827,-72.51122889890972,129.46487544307595,1.43125,1.0625,506,2,2,356,0.7035573122529645,15.351289548467765,0.29919311336540755,RNG-8743eb3e92d2,safe_range,selection,340301,NTSC,4,3,1000000.0,,False,bars,,,,,
5.30924264996493,92.99642128041681,True,47.00948619218646,39,0,0,2.025,1.15,2.5940744843598558,8.596340939264545,1.2833963963146142,-4.3176212635226925,-74.16212256570346,148.77932191551375,1.525,1.15,506,3,2,358,0.7075098814229249,15.303331836173397,0.2831490788425415,RNG-94fa1a915b25,safe_range,selection,340301,NTSC,4,3,1000000.0,,False,bars,,,,,
5.1976225451804,93.04457791651176,True,49.37952897187258,37,0,0,2.025,1.0675,2.612730743934114,8.454891471081094,1.2436287305579405,-4.304215876687509,-74.48574179505,149.88142687889885,1.4649999999999992,1.0675,506,2,2,345,0.6818181818181818,15.179634587329433,0.27932815376825815,RNG-89ae53a192ca,safe_range,selection,340301,NTSC,4,3,1000000.0,,False,bars,,,,,
5.197599480870544,93.04339930705707,True,49.390818473839964,37,0,0,2.025,1.0675,2.612730743934114,8.454885161275165,1.243553857760331,-4.305698162544685,-74.48574179505,149.88142687889885,1.4649999999999992,1.0675,506,2,2,345,0.6818181818181818,15.179470224449787,0.27929258240656885,RNG-609f405d4c1f,safe_range,selection,340301,NTSC,4,3,1000000.0,,False,bars,,,,,
5.197515918059188,93.04427132632507,True,49.39157110730446,37,0,0,2.025,1.0675,2.612730743934114,8.454902839115727,1.2435995095794272,-4.304374014360161,-74.48574179505,149.88142687889885,1.4649999999999992,1.0675,506,2,2,345,0.6818181818181818,15.179522960541817,0.2793049981037075,RNG-e51a13af85e7,safe_range,selection,340301,NTSC,4,3,1000000.0,,False,bars,,,,,
5.19815489235042,93.04580894918544,True,49.371250003763166,37,0,0,2.025,1.0675,2.612730743934114,8.461466691044278,1.2433762458618722,-4.296412001996616,-74.48574179505,149.88142687889885,1.4649999999999992,1.0675,506,2,2,344,0.6798418972332015,15.180578806749681,0.27937325765171817,RNG-b4849353af94,safe_range,selection,340301,NTSC,4,3,1000000.0,,False,bars,,,,,
5.796877038310809,90.89456571632134,True,51.42443409489805,314,6,0,2.025,2.025,3.3827365994179432,5.901059929598646,1.4551963423616145,-9.116654474323692,-75.72051203708699,135.5733791535371,1.85,1.86875,506,10,2,173,0.34189723320158105,15.051839873145124,0.28237628477131355,RNG-994556fdf69a,safe_range,selection,340301,NTSC,4,3,1000000.0,,False,bars,,,,,
7.465543198623962,87.60599006771147,True,22.32762435762734,457,11,0,2.025,2.025,3.438132131117187,10.899908383051386,2.7355826550084394,-9.555021236360616,-77.4360786791882,139.45688706109826,1.925,1.7,506,40,2,42,0.08300395256916997,16.347471352959655,0.35407643958153734,OVP56,safe_range,selection,340301,NTSC,6,3,1000000.0,,False,bars,,,,,
7.450866579576937,90.9384521870856,True,20.003492219275245,395,10,0,2.025,2.025,3.410148969032144,6.855480917068438,1.5040042331180878,-8.058907327194797,-83.57291755941495,143.7888893662709,1.925,1.6012499999999998,506,20,2,103,0.20355731225296442,18.07380419768936,0.3574340965460719,VLP56,safe_range,selection,340301,NTSC,6,3,1000000.0,,False,bars,,,,,
8.547807205759616,93.49380886607783,True,12.726279251099598,3,0,1,0.96875,0.8174999999999999,2.0621515308972107,3.5428248187203573,1.7272838687300869,-5.942024467086165,-66.04305802615877,123.525891647627,0.95,0.8174999999999999,506,1,2,263,0.5197628458498024,18.938045048622037,0.35581560828979125,RANGE32,safe_range,selection,340301,NTSC,6,3,1000000.0,,False,bars,,,,,
-6.641249782001738,-83.44736830347988,False,606.311734759925,506,12,45,2.025,2.025,1000000.0,86.6856895210065,21.97521411641995,-156.93571660870293,-72.66606870975987,130.09136049763862,1000000.0,1000000.0,506,506,2,1338,2.644268774703557,-6.677955749696859,-0.2907058980352438,PLL96-rejected-board,safe_range,selection,340301,NTSC,6,3,1000000.0,,False,bars,,,,,
9.115249273946787,93.41348842724295,True,8.397131563340126,393,10,0,2.025,2.025,3.5168526003216827,12.410729503270785,-0.6133912540748133,-3.1886030625313837,-72.25679341988955,131.90739712570178,1.95,0.6699999999999999,506,22,2,111,0.21936758893280633,14.273373706902435,0.2886334289753725,PLL96-IQ-corrected,safe_range,selection,340301,NTSC,6,3,1000000.0,,False,bars,,,,,
12.098512743570016,95.78384436403424,True,0.2604111787143214,29,1,0,2.025,1.3924999999999992,2.686650016725099,2.344247119581645,1.386605195320577,-2.2047778858908442,-69.44154507072842,131.46076393681096,1.3549999999999998,0.875,506,2,2,393,0.7766798418972332,25.538278220000784,0.5725888186927918,floating-PLL-IQ40,safe_range,selection,340301,NTSC,6,3,1000000.0,,False,bars,,,,,
3.869153872774646,44.14544580393056,True,105.3566428934843,506,12,0,2.025,2.025,1000000.0,49.012528492658994,26.964033623802617,-26.773799012055683,-70.0012519280907,119.36787978058815,1000000.0,1000000.0,506,506,2,0,0.0,4.443805546643749,0.27285938739319154,HC50,safe_range,selection,340301,NTSC,6,3,1000000.0,,False,bars,,,,,
8.732290531153183,95.47492987900553,True,13.293012249862269,8,0,0,1.425,0.9225,2.3403544680549095,0.5229043880307412,-2.5113854751799294,-10.310022856050757,-81.66866787614926,121.28481780513322,1.3,0.9225,506,1,2,335,0.6620553359683794,14.849161805024822,0.3089097488503055,PLL96-board-fixed,safe_range,selection,340301,NTSC,6,3,1000000.0,,False,bars,,,,,
8.934124273710106,97.415838198442,True,8.647758507016048,1,0,2,0.76875,0.5024999999999997,1.4216166191632635,1.8325886932923847,0.08277488060502985,-2.3487551243158427,-70.36242792482398,136.36421165518988,0.75,0.5024999999999997,506,1,2,154,0.30434782608695654,21.81263695272986,0.4036410169856031,RNG-e2a8f30af45e,safe_range,selection,340301,NTSC,6,3,1000000.0,,False,bars,,,,,
8.870351214895768,97.35447706693623,True,8.966875095960766,2,0,2,0.7937500000000001,0.5024999999999997,1.429776091777677,1.8587787659435653,0.07904903073806388,-2.4017774664229767,-76.40764425774111,138.18884086252274,0.75,0.5024999999999997,506,1,2,157,0.3102766798418972,21.57927585009018,0.4001619997826619,RNG-2899d92770b2,safe_range,selection,340301,NTSC,6,3,1000000.0,,False,bars,,,,,
9.071131133502258,95.57885544163321,True,8.275204942092381,2,0,2,0.74375,0.5024999999999997,1.5349810795845464,2.2483884253354938,0.5092987643182455,-4.752671649205664,-65.77606183498524,128.69486019967638,0.7,0.5024999999999997,506,1,2,175,0.3458498023715415,21.27537112735032,0.4044388768292752,RNG-8743eb3e92d2,safe_range,selection,340301,NTSC,6,3,1000000.0,,False,bars,,,,,
8.005420019553975,96.78542813291664,True,14.445294083999915,2,0,1,0.975,0.68625,1.521141113670396,3.0365219028850876,0.5226821000911102,-2.392408863500377,-67.02569914792159,147.55923952507874,0.9462499999999991,0.68625,506,1,2,167,0.3300395256916996,21.517038251610057,0.3830845870511481,RNG-94fa1a915b25,safe_range,selection,340301,NTSC,6,3,1000000.0,,False,bars,,,,,
7.890431589529814,96.93184106623222,True,15.418449153588407,2,0,2,0.875,0.68625,1.5067844257077903,2.5376067840073775,0.46129227322784483,-2.469642274143506,-68.24054766179363,147.6397659926683,0.8712499999999992,0.68625,506,1,2,166,0.32806324110671936,21.318525074729383,0.37869052762877703,RNG-89ae53a192ca,safe_range,selection,340301,NTSC,6,3,1000000.0,,False,bars,,,,,
7.890397843632259,96.93150179966997,True,15.418449153588407,2,0,2,0.875,0.68625,1.5067844257077903,2.537840998056219,0.4613691989446522,-2.470115328060498,-68.24054766179363,147.6397659926683,0.8712499999999992,0.68625,506,1,2,166,0.32806324110671936,21.318252328629185,0.3786665969376753,RNG-609f405d4c1f,safe_range,selection,340301,NTSC,6,3,1000000.0,,False,bars,,,,,
7.890293821962913,96.93185850147444,True,15.417696520123915,2,0,2,0.875,0.68625,1.5067844257077903,2.537840998056223,0.4613691992543341,-2.469558741717677,-68.24054766179363,147.6397659926683,0.8712499999999992,0.68625,506,1,2,166,0.32806324110671936,21.318507894729333,0.37866870909512246,RNG-e51a13af85e7,safe_range,selection,340301,NTSC,6,3,1000000.0,,False,bars,,,,,
7.890535284018761,96.93208229997822,True,15.415438619730438,2,0,2,0.875,0.68625,1.5067844257077903,2.537810704750866,0.46129189606532406,-2.468593379306936,-68.24054766179363,147.6397659926683,0.8712499999999992,0.68625,506,1,2,166,0.32806324110671936,21.31879142265443,0.3787083669735101,RNG-b4849353af94,safe_range,selection,340301,NTSC,6,3,1000000.0,,False,bars,,,,,
8.084926634524425,95.83935736182569,True,16.734052449520874,132,2,0,2.025,2.025,3.0785228288071265,1.728918765129452,0.29634482152110775,-5.377103242875685,-72.86269797377469,132.14839006318329,1.775,1.486249999999999,506,5,2,372,0.7351778656126482,20.245097946170432,0.3779496729280536,RNG-994556fdf69a,safe_range,selection,340301,NTSC,6,3,1000000.0,,False,bars,,,,,
9.508339177344315,91.31267552243806,True,5.47841898803915,326,6,0,2.025,2.025,3.322048083972028,7.4191291091763,1.964927259691068,-6.886645970937759,-72.39329365366955,136.62006838239395,1.8762499999999995,1.5625,506,14,2,168,0.33201581027667987,19.750307902599214,0.44126421909384383,OVP56,safe_range,selection,340301,NTSC,8,3,1000000.0,,False,bars,,,,,
9.626568667012759,93.72005100863258,True,4.57224829679047,219,4,0,2.025,2.025,3.2430655046723644,4.731968255895148,1.2241228391188967,-5.448335688398474,-77.36100672659325,139.49014878132198,1.85,1.8862499999999998,506,7,2,302,0.5968379446640316,22.029479675467364,0.44778437670978594,VLP56,safe_range,selection,340301,NTSC,8,3,1000000.0,,False,bars,,,,,
10.67354728846933,94.88257436354452,True,3.8286464338721187,0,0,2,0.24375,0.38124999999999953,1.0046249275522128,2.064758393319826,2.071385554749069,-3.51218244314873,-58.31543331360005,121.96207432995422,0.24375,0.38124999999999953,506,0,2,69,0.13636363636363635,22.66033385550012,0.4476970238236271,RANGE32,safe_range,selection,340301,NTSC,8,3,1000000.0,,False,bars,,,,,
-6.590415080047899,-82.72900603651689,False,604.4000457601146,506,12,46,2.025,2.025,1000000.0,85.2521541721887,22.796369605625408,-156.51509853814304,-71.50818579338895,129.63661861784155,1000000.0,1000000.0,506,506,2,1232,2.4347826086956523,-6.633930162961256,-0.31880778697698714,PLL96-rejected-board,safe_range,selection,340301,NTSC,8,3,1000000.0,,False,bars,,,,,
9.433890496468647,93.86693486081332,True,6.26868412575602,426,11,0,2.025,2.025,3.579889575810963,14.066378168320444,-0.9215369973919677,-2.837087159129651,-70.06770031801804,127.55827911611382,1.9024999999999999,1.75,506,27,2,68,0.13438735177865613,13.931627479805533,0.31656279814167837,PLL96-IQ-corrected,safe_range,selection,340301,NTSC,8,3,1000000.0,,False,bars,,,,,
13.869700177952353,95.51109715638633,True,0.016557936218829686,4,0,0,0.975,0.66125,2.0329393450071467,2.4539729304556714,1.715041110960468,-2.041518296197759,-65.04772139262802,128.18054287736416,0.95,0.66125,506,1,2,254,0.5019762845849802,26.153160459253538,0.6578042917107652,floating-PLL-IQ40,safe_range,selection,340301,NTSC,8,3,1000000.0,,False,bars,,,,,
4.104282574209316,44.36428983299729,True,97.37120183522144,506,12,0,2.025,2.025,1000000.0,49.174897628261604,27.062184339534838,-26.08360348946529,-61.32109282422527,103.94825220649693,1000000.0,1000000.0,506,506,2,0,0.0,4.474141627727765,0.3531206978984558,HC50,safe_range,selection,340301,NTSC,8,3,1000000.0,,False,bars,,,,,
10.42382573898501,97.31764547874116,True,5.620666712828186,5,0,1,1.3125,1.0712499999999994,2.1942542574886312,0.5858395319306625,-2.434961838038697,-7.794895158991422,-80.21047053427299,116.0001510003203,1.125,1.0712499999999996,506,1,2,303,0.5988142292490118,16.961890154096718,0.3793325684266252,PLL96-board-fixed,safe_range,selection,340301,NTSC,8,3,1000000.0,,False,bars,,,,,
10.915353232504767,97.65250145508662,True,2.1623159434862584,0,0,2,0.125,0.36749999999999955,0.6884618675591292,1.256664042659485,0.3014414514909644,-1.967419650831145,-62.60983259925322,127.10587557972767,0.125,0.36749999999999955,506,0,2,28,0.05533596837944664,25.99381495894365,0.48765155942550786,RNG-e2a8f30af45e,safe_range,selection,340301,NTSC,8,3,1000000.0,,False,bars,,,,,
10.896246613069893,97.64045959387708,True,2.204463417497825,0,0,2,0.125,0.36749999999999955,0.6697331484394191,1.2507640744061779,0.30370724587089926,-1.960882690040632,-59.86884036735322,128.64578729241146,0.125,0.36749999999999955,506,0,2,29,0.05731225296442688,25.962801326444183,0.48592990605668684,RNG-2899d92770b2,safe_range,selection,340301,NTSC,8,3,1000000.0,,False,bars,,,,,
11.002300643522746,96.20707780819954,True,2.090815764359494,0,0,2,0.15,0.38124999999999953,0.7719866830037795,1.5948477120949738,0.7489348618091735,-3.7665322532289727,-63.1271899876278,122.45303894079342,0.15,0.38124999999999953,506,0,2,36,0.07114624505928854,24.876903597123494,0.4881562930693959,RNG-8743eb3e92d2,safe_range,selection,340301,NTSC,8,3,1000000.0,,False,bars,,,,,
10.025840206293122,97.37824748396817,True,3.5223246138237694,0,0,2,0.2,0.36999999999999955,0.7510845254875629,2.0783463735347545,0.5580387449055375,-2.0320633963053027,-61.72764595272996,138.1525871664181,0.2,0.36999999999999955,506,0,2,35,0.0691699604743083,26.138823858077906,0.46818210442315483,RNG-94fa1a915b25,safe_range,selection,340301,NTSC,8,3,1000000.0,,False,bars,,,,,
9.934819049448864,97.58675632441685,True,3.812088497653289,0,0,2,0.19375,0.36999999999999955,0.6256923043188196,1.3582876023592683,0.4918357176655378,-2.121271404799525,-62.23620590644505,139.6309756407569,0.19375,0.36999999999999955,506,0,2,28,0.05533596837944664,26.052640452807992,0.46468957014026396,RNG-89ae53a192ca,safe_range,selection,340301,NTSC,8,3,1000000.0,,False,bars,,,,,
9.93476525662477,97.58661088397167,True,3.8113358641887967,0,0,2,0.19375,0.36999999999999955,0.6256923043188196,1.3583381774950962,0.49188930844261525,-2.12134365718889,-62.23620590644505,139.6309756407569,0.19375,0.36999999999999955,506,0,2,28,0.05533596837944664,26.0524267716928,0.46468705991826337,RNG-609f405d4c1f,safe_range,selection,340301,NTSC,8,3,1000000.0,,False,bars,,,,,
9.934764250868803,97.58671151302222,True,3.8113358641887967,0,0,2,0.19375,0.36999999999999955,0.6256923043188196,1.3583381774951109,0.4918893040671686,-2.1213638629414233,-62.23620590644505,139.6309756407569,0.19375,0.36999999999999955,506,0,2,28,0.05533596837944664,26.052553049027484,0.464689499382313,RNG-e51a13af85e7,safe_range,selection,340301,NTSC,8,3,1000000.0,,False,bars,,,,,
9.93477838657737,97.5868581534931,True,3.812088497653289,0,0,2,0.19375,0.36999999999999955,0.6256923043188196,1.358287602374963,0.49195089563908995,-2.1209700384362304,-62.23620590644505,139.6309756407569,0.19375,0.36999999999999955,506,0,2,28,0.05533596837944664,26.05287940212483,0.4646952303573629,RNG-b4849353af94,safe_range,selection,340301,NTSC,8,3,1000000.0,,False,bars,,,,,
9.906331949867406,97.34989682603552,True,4.527090288920935,26,1,0,2.0125,2.01125,2.7179400134415523,0.14025714923055557,0.2629411855212976,-3.918878829085815,-68.27623629672127,128.76717554391922,1.475,1.475,506,2,2,393,0.7766798418972332,23.656917072861738,0.4596087229541677,RNG-994556fdf69a,safe_range,selection,340301,NTSC,8,3,1000000.0,,False,bars,,,,,
11.141976009039212,93.58318132931377,True,1.4254877817483376,117,2,0,2.025,2.025,3.111980591281722,4.880374390353602,1.6298117790148825,-5.039862196092224,-70.98283557976639,134.35305993305093,1.775,1.4524999999999995,506,4,2,373,0.7371541501976284,22.433521639100586,0.5163254871860347,OVP56,safe_range,selection,340301,NTSC,10,3,1000000.0,,False,bars,,,,,
11.278969908676126,95.13658531464269,True,1.2358241486962882,44,1,0,2.025,1.4887499999999994,2.8987185088425704,3.2446150122008635,1.1925221148260252,-3.982462798651568,-71.37603066275518,133.829735819629,1.575,1.05,506,2,2,423,0.8359683794466403,24.425726765198924,0.5230754318058015,VLP56,safe_range,selection,340301,NTSC,10,3,1000000.0,,False,bars,,,,,
12.15153428451577,95.25347501001634,True,1.8258887848582188,0,0,2,0.1,0.1,0.3827589928928074,1.619494519415802,2.2031222519368496,-2.781216640466313,-53.56498346663321,115.05895305727572,0.1,0.1,506,0,2,8,0.015810276679841896,23.906465831356634,0.5223768928745803,RANGE32,safe_range,selection,340301,NTSC,10,3,1000000.0,,True,bars,,,,,
-6.567390278117173,-82.16688318118858,False,603.9567446495288,506,12,47,2.025,2.025,1000000.0,84.15225781292048,23.133149335142015,-156.16631361931627,-69.36832801222602,81.73793472082957,1000000.0,1000000.0,506,506,2,1181,2.33399209486166,-6.61343781424471,-0.33178111927149134,PLL96-rejected-board,safe_range,selection,340301,NTSC,10,3,1000000.0,,False,bars,,,,,
9.40000828715067,94.42078643173524,True,6.085041560419909,443,11,0,2.025,2.025,3.5981559430458523,15.169402470882462,-1.2017322458792812,-2.6204417256002173,-54.620463539098346,123.75017712222638,1.9,1.1,506,27,2,72,0.1422924901185771,13.327184354034895,0.32940513124287496,PLL96-IQ-corrected,safe_range,selection,340301,NTSC,10,3,1000000.0,,False,bars,,,,,
15.508666475633465,95.54758687860269,True,0.0015052669289845168,0,0,2,0.36875,0.036249999999999984,1.088207654452718,2.3091465827096394,1.813657885300634,-1.8779100672526285,-60.21851962528562,125.21158091923903,0.36875,0.036249999999999984,506,0,2,84,0.16600790513833993,26.621114691319132,0.7322509119262672,floating-PLL-IQ40,safe_range,selection,340301,NTSC,10,3,1000000.0,,False,bars,,,,,
4.19368619809081,44.3284076241729,True,95.21264905905764,506,12,0,2.025,2.025,1000000.0,49.19015671226675,27.0716899149483,-25.992607759882087,-26.6586268824704,97.95017094689271,1000000.0,1000000.0,506,506,2,0,0.0,4.473962003437525,0.412470651515092,HC50,safe_range,selection,340301,NTSC,10,3,1000000.0,,False,bars,,,,,
11.155637278512414,98.1151103029523,True,4.323126620043532,6,0,0,1.125,1.4425,2.108454113799966,1.4873553622049904,-2.304709719187744,-6.153925445973443,-78.40054876452501,114.3609733223251,1.025,1.4425,506,1,2,285,0.5632411067193676,17.573739199085004,0.4171050077683275,PLL96-board-fixed,safe_range,selection,340301,NTSC,10,3,1000000.0,,False,bars,,,,,
12.32834670202699,97.65630711140084,True,0.934770762899385,0,0,2,0.1,0.08624999999999998,0.2781618447194142,1.18475897915414,0.4032922221385412,-1.8997807280846044,-57.60586494218743,119.38758313550446,0.1,0.08624999999999998,506,0,2,6,0.011857707509881422,27.166636683172364,0.5549533626167836,RNG-e2a8f30af45e,safe_range,selection,340301,NTSC,10,3,1000000.0,,True,bars,,,,,
12.32102813783721,97.65181131718391,True,0.9490707987247378,0,0,2,0.1,0.08624999999999998,0.2397194506496351,1.1781615284639,0.4063198055871547,-1.8885982252124054,-55.368291812344715,120.02215987635378,0.1,0.08624999999999998,506,0,2,6,0.011857707509881422,27.164727700566385,0.5539334990352217,RNG-2899d92770b2,safe_range,selection,340301,NTSC,10,3,1000000.0,,True,bars,,,,,
12.402287558617326,96.45365861126788,True,0.9212233605385243,0,0,2,0.1,0.08624999999999998,0.3245645456126943,1.4878233785398924,0.8391958345592706,-3.305816116654928,-55.53599569921097,118.27905627315815,0.1,0.08624999999999998,506,0,2,6,0.011857707509881422,26.05538606842869,0.5561272151617955,RNG-8743eb3e92d2,safe_range,selection,340301,NTSC,10,3,1000000.0,,True,bars,,,,,
11.542933013077096,97.56295944224087,True,1.004765675097165,0,0,2,0.1,0.08624999999999998,0.3753423996780106,2.027123656468478,0.5377509981726327,-1.8167162882069896,-59.95132042080592,133.49698471990038,0.1,0.08624999999999998,506,0,2,8,0.015810276679841896,27.678794892527648,0.5390209414708244,RNG-94fa1a915b25,safe_range,selection,340301,NTSC,10,3,1000000.0,,True,bars,,,,,
11.476725242964644,97.78729457704016,True,1.0845448223333445,0,0,2,0.1,0.08624999999999998,0.29646092664576895,1.235903432254762,0.4928685491327635,-1.910869270581484,-61.34954524889375,133.45865326750453,0.1,0.08624999999999998,506,0,2,5,0.009881422924901186,27.71496128597903,0.5368465254649484,RNG-89ae53a192ca,safe_range,selection,340301,NTSC,10,3,1000000.0,,True,bars,,,,,
11.476698585993319,97.78722448469858,True,1.0845448223333445,0,0,2,0.1,0.08624999999999998,0.29646092664576895,1.235903432254762,0.49286855174594396,-1.9108692705814838,-61.34954524889375,133.45865326750453,0.1,0.08624999999999998,506,0,2,5,0.009881422924901186,27.71497194271966,0.5368406763382223,RNG-609f405d4c1f,safe_range,selection,340301,NTSC,10,3,1000000.0,,True,bars,,,,,
11.47672214616996,97.78723518895266,True,1.0845448223333445,0,0,2,0.1,0.08624999999999998,0.29646092664576895,1.235903432254762,0.4928685491330629,-1.9108692705814838,-61.34954524889375,133.45865326750453,0.1,0.08624999999999998,506,0,2,5,0.009881422924901186,27.714988774438794,0.5368416511611952,RNG-e51a13af85e7,safe_range,selection,340301,NTSC,10,3,1000000.0,,True,bars,,,,,
11.476741628630325,97.7872469222343,True,1.0845448223333445,0,0,2,0.1,0.08624999999999998,0.29646092664576895,1.235903432254761,0.4928685491327635,-1.9109808683578051,-61.34954524889375,133.45865326750453,0.1,0.08624999999999998,506,0,2,5,0.009881422924901186,27.715435110879042,0.5368438735299247,RNG-b4849353af94,safe_range,selection,340301,NTSC,10,3,1000000.0,,True,bars,,,,,
11.322895034079854,97.82999204493194,True,1.5180616978808852,2,0,0,0.95,0.8149999999999998,2.0631708865585656,-0.7543302163866159,0.5316478694371416,-3.308095510224929,-67.34316789453703,126.00090628198498,0.925,0.8149999999999998,506,1,2,285,0.5632411067193676,25.075511751609163,0.5289646147169603,RNG-994556fdf69a,safe_range,selection,340301,NTSC,10,3,1000000.0,,False,bars,,,,,
12.455489927173387,95.15629194031807,True,0.6841438192234629,21,0,0,1.875,1.4112499999999997,2.5959432566511498,3.088185014751911,1.3655068878797474,-3.681523888815457,-68.93026589907018,130.12516333892302,1.5,1.4112499999999997,506,2,2,388,0.766798418972332,24.579592491082913,0.5789963630104726,OVP56,safe_range,selection,340301,NTSC,12,3,1000000.0,,False,bars,,,,,
12.60701315732279,96.07366145915613,True,0.6600595483597107,3,0,1,1.1437499999999998,0.8037499999999999,2.1285486683182984,2.160865307364652,1.1745595085594047,-2.9616667792595113,-66.76821545257931,129.54865577898204,1.075,0.8037499999999997,506,1,2,307,0.6067193675889329,26.02368452437198,0.5858675288281711,VLP56,safe_range,selection,340301,NTSC,12,3,1000000.0,,False,bars,,,,,
13.251774120851007,95.52235914662229,True,1.3848455746657555,0,0,2,0.1,0.1,0.11691226736690023,1.3944583960832868,2.1587091854408214,-2.5382304988996576,-51.94292466347917,110.9349945444445,0.1,0.1,506,0,2,2,0.003952569169960474,24.365370472412412,0.5824298813918775,RANGE32,safe_range,selection,340301,NTSC,12,3,1000000.0,,True,bars,,,,,
-6.567602068256953,-81.99502830218485,False,604.7620624565354,506,12,47,2.025,2.025,1000000.0,83.5500104130489,23.128876089795806,-156.14758193925348,-69.65451566108023,78.02980106965104,1000000.0,1000000.0,506,506,2,1167,2.3063241106719365,-6.615043884094279,-0.3380849100121216,PLL96-rejected-board,safe_range,selection,340301,NTSC,12,3,1000000.0,,False,bars,,,,,
9.296193747097723,95.16726150182876,True,6.176110209623473,461,12,0,2.025,2.025,3.5927531226066725,15.666001937255558,-1.3323698605221719,-2.3456107242905198,-54.72407610652063,122.68326028582966,1.9899999999999998,1000000.0,506,67,2,60,0.11857707509881422,12.842558982517161,0.3361078899807965,PLL96-IQ-corrected,safe_range,selection,340301,NTSC,12,3,1000000.0,,False,bars,,,,,
17.004236416177793,95.82023654490617,True,0.0,0,0,2,0.05,0.036249999999999984,0.41647607630497496,2.023443073900505,1.77090128828077,-1.6505225309585447,-58.69989248094668,123.05667843224903,0.05,0.036249999999999984,506,0,2,11,0.021739130434782608,27.333338269981866,0.7935550521772514,floating-PLL-IQ40,safe_range,selection,340301,NTSC,12,3,1000000.0,,True,bars,,,,,
4.250992680293458,44.38462258785834,True,94.91310094018972,506,12,0,2.025,2.025,1000000.0,49.09969984311375,27.045475040113846,-25.915067299486605,-7.501828303249937,92.39509988437611,1000000.0,1000000.0,506,506,2,0,0.0,4.483349268582667,0.4612392964370003,HC50,safe_range,selection,340301,NTSC,12,3,1000000.0,,False,bars,,,,,
11.5337094756071,98.44090085686877,True,4.067231242116164,2,0,2,0.975,1.1812499999999995,1.952559243456226,2.5263528300827565,-2.1069310748035823,-4.869434117289557,-61.28364998591065,111.93933596619557,0.975,1.1812499999999997,506,1,2,232,0.45849802371541504,17.728973010163813,0.4404792006393507,PLL96-board-fixed,safe_range,selection,340301,NTSC,12,3,1000000.0,,False,bars,,,,,
13.451529007343218,97.8604097977108,True,0.6736069507205713,0,0,2,0.075,0.075,0.14921567010717607,1.041315710102732,0.3970711348371872,-1.7080946766523293,-50.75127477220765,119.34245897529827,0.075,0.075,506,0,2,2,0.003952569169960474,27.763778454635023,0.6106262396723814,RNG-e2a8f30af45e,safe_range,selection,340301,NTSC,12,3,1000000.0,,True,bars,,,,,
13.442391470131547,97.85368263125443,True,0.690164886939401,0,0,2,0.075,0.075,0.14921980895108802,1.039005276675573,0.39824922095865845,-1.7001615974656175,-50.75127477220765,119.34245897529827,0.075,0.075,506,0,2,2,0.003952569169960474,27.736545528402246,0.6096935378495693,RNG-2899d92770b2,safe_range,selection,340301,NTSC,12,3,1000000.0,,True,bars,,,,,
13.523078186386034,96.82686212509323,True,0.6645753491466642,0,0,2,0.075,0.075,0.14846047903058948,1.3296338365064033,0.7892484225477409,-2.8554839945094606,-51.67055953596349,118.10981214502043,0.075,0.075,506,0,2,2,0.003952569169960474,26.832305150761417,0.6123898923964387,RNG-8743eb3e92d2,safe_range,selection,340301,NTSC,12,3,1000000.0,,True,bars,,,,,
12.798365047512462,97.8851105455211,True,0.495232819635906,0,0,2,0.1,0.075,0.1507351877895293,1.9034485004428519,0.4288071154188781,-1.5556517370045577,-50.672078734908,129.3504753741929,0.1,0.075,506,0,2,2,0.003952569169960474,28.512376814850544,0.5999186029904772,RNG-94fa1a915b25,safe_range,selection,340301,NTSC,12,3,1000000.0,,True,bars,,,,,
12.756817435209038,98.11473772989142,True,0.5005012538873519,0,0,2,0.1,0.075,0.15025916346610477,1.0960930787145842,0.393703975348621,-1.6490911679699103,-50.992757224143496,129.66014428672617,0.1,0.075,506,0,2,2,0.003952569169960474,28.559047769989427,0.5993799719016143,RNG-89ae53a192ca,safe_range,selection,340301,NTSC,12,3,1000000.0,,True,bars,,,,,
12.756817435209038,98.11473772989142,True,0.5005012538873519,0,0,2,0.1,0.075,0.15025916346610477,1.0960930787145842,0.393703975348621,-1.6490911679699103,-50.992757224143496,129.66014428672617,0.1,0.075,506,0,2,2,0.003952569169960474,28.559047769989427,0.5993799719016143,RNG-609f405d4c1f,safe_range,selection,340301,NTSC,12,3,1000000.0,,True,bars,,,,,
12.756817435209038,98.11473772989142,True,0.5005012538873519,0,0,2,0.1,0.075,0.15025916346610477,1.0960930787145842,0.393703975348621,-1.6490911679699103,-50.992757224143496,129.66014428672617,0.1,0.075,506,0,2,2,0.003952569169960474,28.559047769989427,0.5993799719016143,RNG-e51a13af85e7,safe_range,selection,340301,NTSC,12,3,1000000.0,,True,bars,,,,,
12.75682712050588,98.11473088267402,True,0.5005012538873519,0,0,2,0.1,0.075,0.15025916346610477,1.0960930787145842,0.393703975348621,-1.6490911679699103,-50.992757224143496,129.66014428672617,0.1,0.075,506,0,2,2,0.003952569169960474,28.55908597351743,0.5993807186584075,RNG-b4849353af94,safe_range,selection,340301,NTSC,12,3,1000000.0,,True,bars,,,,,
12.468535624350416,98.06236494231248,True,0.7029596558357694,0,0,2,0.61875,0.8037499999999999,1.44670941533228,-1.3620268922155283,0.8511251405822969,-2.9791983916623237,-66.58568735027917,126.22421643088892,0.61875,0.8037499999999997,506,0,2,135,0.26679841897233203,25.747743606690513,0.5863172252497448,RNG-994556fdf69a,safe_range,selection,340301,NTSC,12,3,1000000.0,,False,bars,,,,,
13.517468684922026,96.11991843175132,True,0.541896094434426,4,0,0,0.975,0.9549999999999997,1.8788191515902934,1.8768131918454483,1.2371935648258257,-2.8150109257497515,-64.87693583442524,128.6280928362043,0.95,0.9549999999999997,506,1,2,238,0.47035573122529645,26.031724621729573,0.6295413650406886,OVP56,safe_range,selection,340301,NTSC,14,3,1000000.0,,False,bars,,,,,
13.680003904938689,96.58779307939649,True,0.5208223574286428,0,0,2,0.7125,0.35374999999999945,1.3862702861722567,1.476144611407609,1.2085332160558158,-2.3538605178873127,-64.0318684501266,128.04874802889128,0.7125,0.3537499999999995,506,0,2,125,0.24703557312252963,26.905883020316605,0.6365976324568619,VLP56,safe_range,selection,340301,NTSC,14,3,1000000.0,,False,bars,,,,,
14.114312718826776,95.55805090258623,True,1.2335662483028114,0,0,2,0.075,0.061249999999999985,0.04179164392526674,1.3697363854720843,2.0999749887423387,-2.6045569207052037,-51.666885648694006,109.02107442699882,0.075,0.061249999999999985,506,0,2,0,0.0,24.57823392952422,0.6298594533541599,RANGE32,safe_range,selection,340301,NTSC,14,3,1000000.0,,True,bars,,,,,
-6.566887377133213,-81.86085872750527,False,605.5297485903175,506,12,48,2.025,2.025,1000000.0,83.24700530586571,23.01763244012957,-156.0991818438172,-68.81754931158379,81.83348433704897,1000000.0,1000000.0,506,506,2,1170,2.3122529644268774,-6.614916061377432,-0.343478726736723,PLL96-rejected-board,safe_range,selection,340301,NTSC,14,3,1000000.0,,False,bars,,,,,
9.20576315916849,95.72413413588735,True,6.2536314564661755,452,12,0,2.025,2.025,3.6441480231756254,15.925961751749497,-1.3551996496403103,-2.184128041331918,-54.87194436666178,121.11114126835692,1.9674999999999998,1000000.0,506,40,2,51,0.1007905138339921,12.49266154896533,0.3430468058507521,PLL96-IQ-corrected,safe_range,selection,340301,NTSC,14,3,1000000.0,,False,bars,,,,,
18.299646001065774,95.96229604390949,True,0.0,0,0,2,0.025,0.036249999999999984,0.20057353535051417,1.8732544040131116,1.7466069243022808,-1.5375755719844517,-55.43924212426147,120.4025220477108,0.025,0.036249999999999984,506,0,2,0,0.0,27.767375818752203,0.8404640009200136,floating-PLL-IQ40,safe_range,selection,340301,NTSC,14,3,1000000.0,,True,bars,,,,,
4.284601698150246,44.39714650334978,True,94.81300068941226,506,12,0,2.025,2.025,1000000.0,49.034129194278,27.0264564356985,-25.89755873185669,-3.7863985900441577,89.79884645791579,1000000.0,1000000.0,506,506,2,0,0.0,4.487231439053874,0.5011579500844955,HC50,safe_range,selection,340301,NTSC,14,3,1000000.0,,False,bars,,,,,
11.767984426438474,98.2780716178231,True,3.960357290158264,5,0,1,0.975,0.9749999999999992,2.1348164715650544,3.651275443880075,-1.7847829026321178,-4.059060410469424,-60.16266591162485,112.00192136249852,0.925,0.9749999999999993,506,1,2,276,0.5454545454545454,17.790662242856833,0.45616586148787674,PLL96-board-fixed,safe_range,selection,340301,NTSC,14,3,1000000.0,,False,bars,,,,,
14.37070202316034,97.9341265277948,True,0.556196130259779,0,0,2,0.075,0.061249999999999985,0.03514509731972083,1.0496826212008403,0.40401017124888694,-1.5952732195030894,-50.8960990560296,116.95233423743129,0.075,0.061249999999999985,506,0,2,0,0.0,28.134849707410652,0.6555524060618867,RNG-e2a8f30af45e,safe_range,selection,340301,NTSC,14,3,1000000.0,,True,bars,,,,,
14.361445948596618,97.92213160135356,True,0.5697435326206396,0,0,2,0.075,0.061249999999999985,0.03505712447256028,1.0466790470846283,0.4046436538020471,-1.599540118741199,-50.89609905602959,116.95233423743129,0.075,0.061249999999999985,506,0,2,0,0.0,28.099636188219183,0.6547322846246039,RNG-2899d92770b2,safe_range,selection,340301,NTSC,14,3,1000000.0,,True,bars,,,,,
14.443221850681084,97.02853316335843,True,0.5449066282923951,0,0,2,0.075,0.075,0.03199941328513518,1.3193151932576297,0.756613089112873,-2.562293370423088,-50.66047456091856,116.4964426873726,0.075,0.075,506,0,2,0,0.0,27.327787114719825,0.6579174644715903,RNG-8743eb3e92d2,safe_range,selection,340301,NTSC,14,3,1000000.0,,True,bars,,,,,
13.850488554329504,98.0455839029925,True,0.3394376924860085,0,0,2,0.075,0.075,0.03957531469990906,1.867701795203888,0.37492452341842614,-1.4193917048410152,-49.97490126855105,125.9626801699764,0.075,0.075,506,0,2,0,0.0,28.971869850410286,0.6500041599541432,RNG-94fa1a915b25,safe_range,selection,340301,NTSC,14,3,1000000.0,,True,bars,,,,,
13.830348321500004,98.2681184217553,True,0.32814819051862465,0,0,2,0.075,0.075,0.04139071996963502,1.0862290243017207,0.3473726466482785,-1.5085410266780148,-50.89307027336522,125.96365479599216,0.075,0.075,506,0,2,0,0.0,29.037374917311574,0.6506409450966497,RNG-89ae53a192ca,safe_range,selection,340301,NTSC,14,3,1000000.0,,True,bars,,,,,
13.830348321500004,98.2681184217553,True,0.32814819051862465,0,0,2,0.075,0.075,0.04139071996963502,1.0862290243017207,0.3473726466482785,-1.5085410266780148,-50.89307027336522,125.96365479599216,0.075,0.075,506,0,2,0,0.0,29.037374917311574,0.6506409450966497,RNG-609f405d4c1f,safe_range,selection,340301,NTSC,14,3,1000000.0,,True,bars,,,,,
13.830348321500004,98.2681184217553,True,0.32814819051862465,0,0,2,0.075,0.075,0.04139071996963502,1.0862290243017207,0.3473726466482785,-1.5085410266780148,-50.89307027336522,125.96365479599216,0.075,0.075,506,0,2,0,0.0,29.037374917311574,0.6506409450966497,RNG-e51a13af85e7,safe_range,selection,340301,NTSC,14,3,1000000.0,,True,bars,,,,,
13.830348321500004,98.2681184217553,True,0.32814819051862465,0,0,2,0.075,0.075,0.04139071996963502,1.0862290243017207,0.3473726466482785,-1.5085410266780148,-50.89307027336522,125.96365479599216,0.075,0.075,506,0,2,0,0.0,29.037374917311574,0.6506409450966497,RNG-b4849353af94,safe_range,selection,340301,NTSC,14,3,1000000.0,,True,bars,,,,,
13.41365523054552,97.9454523716908,True,0.4726538157011383,0,0,2,0.09375,0.6562499999999999,1.0199474188183184,-1.5662534457914525,1.2545968461343715,-2.836751370101022,-64.66274786450117,123.90064858482809,0.09375,0.6562499999999999,506,0,2,57,0.11264822134387352,26.002285899726797,0.6322134328270173,RNG-994556fdf69a,safe_range,selection,340301,NTSC,14,3,1000000.0,,False,bars,,,,,
14.934371442224128,96.99900721241487,True,0.4312589751540641,0,0,2,0.05,0.05,0.5835282236079379,0.7300392785128318,1.1318844031795705,-1.953315183023848,-64.20813919263793,127.95269218075896,0.05,0.05,506,0,2,21,0.041501976284584984,27.359256929004818,0.6956031669182193,OVP56,safe_range,selection,340301,NTSC,18,3,1000000.0,,False,bars,,,,,
15.116149202218061,97.08524123726075,True,0.39814310271640474,0,0,2,0.05,0.05,0.3085531389010517,0.7817692503337388,1.2415170367964798,-1.7321982114784207,-61.21916217941681,127.29031686203066,0.05,0.05,506,0,2,5,0.009881422924901186,27.71960348548002,0.7031367508424032,VLP56,safe_range,selection,340301,NTSC,18,3,1000000.0,,True,bars,,,,,
15.242617425311396,95.46283967046735,True,1.0800290215463908,0,0,2,0.075,0.05,0.04062262458850361,1.427199345516545,1.996737507322817,-3.00695555215627,-50.90916553044861,107.68004436322312,0.075,0.05,506,0,2,0,0.0,24.794964221571625,0.6916278652858983,RANGE32,safe_range,selection,340301,NTSC,18,3,1000000.0,,True,bars,,,,,
-6.572191598362643,-81.93215139977067,False,607.0447997543405,506,12,48,2.025,2.025,1000000.0,83.47388476996184,22.768891375683786,-156.05523826259667,-67.6882307528386,75.52689788694354,1000000.0,1000000.0,506,506,2,1199,2.369565217391304,-6.620391849767837,-0.34966363444163157,PLL96-rejected-board,safe_range,selection,340301,NTSC,18,3,1000000.0,,False,bars,,,,,
9.06992269966723,96.7974596504418,True,6.341689571811769,483,12,0,2.025,2.025,3.655650034386914,15.48631256965111,-1.1535079309576493,-1.9713953142303704,-55.02417351355761,117.78326311179535,1.85,1000000.0,506,72,2,27,0.0533596837944664,12.094032798121223,0.3509753485970952,PLL96-IQ-corrected,safe_range,selection,340301,NTSC,18,3,1000000.0,,False,bars,,,,,
20.17425210473807,96.1036478361763,True,0.0,0,0,2,0.025,0.025,0.020280883344889387,1.738899577423527,1.7092555095948103,-1.4320349070581058,-51.773925816536035,115.47589746278825,0.025,0.025,506,0,2,0,0.0,28.24374990450306,0.8968467416115314,floating-PLL-IQ40,safe_range,selection,340301,NTSC,18,3,1000000.0,,True,bars,,,,,
4.315973507492606,44.389925056503316,True,94.7798848169746,506,12,0,2.025,2.025,1000000.0,48.95999642140865,27.01837324554921,-25.87924252273057,-0.5305753388751739,86.4052039547949,1000000.0,1000000.0,506,506,2,0,0.0,4.488951628527626,0.5522899449132664,HC50,safe_range,selection,340301,NTSC,18,3,1000000.0,,False,bars,,,,,
11.969295345709106,97.63815075281649,True,3.8406885693039947,22,0,0,1.875,0.2774999999999997,2.391402688419878,5.027691901394237,-1.2067164387635052,-3.2373985263201734,-59.65901242830492,111.28043365227376,1.525,0.2774999999999997,506,1,2,344,0.6798418972332015,17.684696762885324,0.4743737597948515,PLL96-board-fixed,safe_range,selection,340301,NTSC,18,3,1000000.0,,False,bars,,,,,
15.614652891490104,97.99776549030312,True,0.44932217830187826,0,0,2,0.075,0.05,0.029320364841972944,1.1656382613145295,0.36708019455177826,-1.491748981851301,-47.76479515160777,114.85380083953939,0.075,0.05,506,0,2,0,0.0,28.52156805159059,0.7151010961864007,RNG-e2a8f30af45e,safe_range,selection,340301,NTSC,18,3,1000000.0,,True,bars,,,,,
15.608394356336362,97.98284764837861,True,0.4508274452308628,0,0,2,0.075,0.05,0.02919371040605711,1.1544196023799291,0.36710715313555975,-1.5127652757823016,-47.76479515160777,114.85380083953939,0.075,0.05,506,0,2,0,0.0,28.490453421500803,0.7146292348444938,RNG-2899d92770b2,safe_range,selection,340301,NTSC,18,3,1000000.0,,True,bars,,,,,
15.699512019786738,97.27070411397301,True,0.42222737358015694,0,0,2,0.075,0.05,0.02706400698914151,1.3992397941276535,0.6514051577120241,-2.2251363443544867,-47.86538922857265,114.74909972577217,0.075,0.05,506,0,2,0,0.0,27.91302577736549,0.7185476185229673,RNG-8743eb3e92d2,safe_range,selection,340301,NTSC,18,3,1000000.0,,True,bars,,,,,
15.31586787926128,98.18718628395693,True,0.20321103541290977,0,0,2,0.05,0.05,0.03512752037572586,1.839342466675502,0.32386691782568133,-1.3180229256327576,-47.69377619121732,124.58415465575109,0.05,0.05,506,0,2,0,0.0,29.461630425820804,0.7171903336729326,RNG-94fa1a915b25,safe_range,selection,340301,NTSC,18,3,1000000.0,,True,bars,,,,,
15.327283898389501,98.38596192016067,True,0.1934268003745104,0,0,2,0.075,0.05,0.03760689639050904,1.1702142567000324,0.3100471108569416,-1.382693614144922,-47.69377619121732,124.58415465575109,0.075,0.05,506,0,2,0,0.0,29.56709535243008,0.7191139015227296,RNG-89ae53a192ca,safe_range,selection,340301,NTSC,18,3,1000000.0,,True,bars,,,,,
15.327283898389501,98.38596192016067,True,0.1934268003745104,0,0,2,0.075,0.05,0.03760689639050904,1.1702142567000324,0.3100471108569416,-1.382693614144922,-47.69377619121732,124.58415465575109,0.075,0.05,506,0,2,0,0.0,29.56709535243008,0.7191139015227296,RNG-609f405d4c1f,safe_range,selection,340301,NTSC,18,3,1000000.0,,True,bars,,,,,
15.327283898389501,98.38596192016067,True,0.1934268003745104,0,0,2,0.075,0.05,0.03760689639050904,1.1702142567000324,0.3100471108569416,-1.382693614144922,-47.69377619121732,124.58415465575109,0.075,0.05,506,0,2,0,0.0,29.56709535243008,0.7191139015227296,RNG-e51a13af85e7,safe_range,selection,340301,NTSC,18,3,1000000.0,,True,bars,,,,,
15.327283898389501,98.38596192016067,True,0.1934268003745104,0,0,2,0.075,0.05,0.03760689639050904,1.1702142567000324,0.3100471108569416,-1.382693614144922,-47.69377619121732,124.58415465575109,0.075,0.05,506,0,2,0,0.0,29.56709535243008,0.7191139015227296,RNG-b4849353af94,safe_range,selection,340301,NTSC,18,3,1000000.0,,True,bars,,,,,
14.738079915611282,97.46290897678476,True,0.25589537792736783,0,0,2,0.05,0.05,0.4356716454036178,-1.248597724569439,1.8802884084489744,-2.699573266268726,-63.40464456811645,122.04955843277907,0.05,0.05,506,0,2,9,0.017786561264822136,26.123018602083164,0.6961442914411292,RNG-994556fdf69a,safe_range,selection,340301,NTSC,18,3,1000000.0,,True,bars,,,,,
15.62755513728867,97.2908286757807,True,0.38083253303308273,0,0,2,0.05,0.05,0.022503842447484067,0.37354788587675064,1.0705063161759363,-1.668392774635054,-59.93587351636843,123.32454222635513,0.05,0.05,506,0,2,0,0.0,27.728722622482316,0.7266623265350387,OVP56,safe_range,selection,340301,NTSC,22,3,1000000.0,,True,bars,0.8876308080775324,-48.57262481152783,10.739000474238077,23.19879123975616,11.687352810907129
15.830880908178981,97.29154099993437,True,0.3718009314591757,0,0,2,0.05,0.05,0.020881038924375022,0.5016478065061414,1.220944663743518,-1.526101654409105,-58.42645941465044,122.69770927634471,0.05,0.05,506,0,2,0,0.0,28.023857738230213,0.7346278067367235,VLP56,safe_range,selection,340301,NTSC,22,3,1000000.0,,True,bars,0.8762570312279867,-48.511299778387986,10.157675299101362,22.107125752941947,11.470856364451208
15.793448623579028,95.43595360523818,True,1.0010025077747038,0,0,2,0.05,0.061249999999999985,0.03899363989895237,1.401862487683748,1.938020922910923,-3.2382780806382425,-49.21830881462026,107.22709412969851,0.05,0.061249999999999985,506,0,2,0,0.0,24.898871657551016,0.7210016445056692,RANGE32,safe_range,selection,340301,NTSC,22,3,1000000.0,,True,bars,0.8454184312520454,-49.80047692590655,9.668132044526935,20.732431545243518,11.613978611103022
-6.580369211668381,-82.17688988376926,False,608.0081705888906,506,12,48,2.025,2.025,1000000.0,84.14030477558917,22.59096013569545,-156.08095611980585,-67.4779154130701,69.89363380233809,1000000.0,1000000.0,506,506,2,1217,2.4051383399209487,-6.628442427453373,-0.3511804586939644,PLL96-rejected-board,safe_range,selection,340301,NTSC,22,3,1000000.0,contrast;waveform;detail_floor;sync;h_jitter_us;v_jitter_us;h_width_rmse_us;sync_error_ire;black_error_ire;white_error_ire;contrast;stress_waveform;reference_detail;burst_gain;burst_phase_jitter_deg;burst_amplitude_jitter_pct;burst_rmse_ire;h_missing;v_missing;vertical_trains;sync_error_ire;black_error_ire;white_error_ire,False,bars,0.431428937824429,83.82604781122066,38.867492555414636,31.862527334087595,29.387611606772413
9.00910096225964,97.56613713893994,True,6.416200284796503,498,12,0,2.025,2.025,3.681287139031673,14.83690094184879,-1.1404398176409773,-1.88172724250251,-48.65777923433894,111.0752905123988,1.7474999999999998,1000000.0,506,144,2,6,0.011857707509881422,11.935480575643357,0.3562590210071165,PLL96-IQ-corrected,safe_range,selection,340301,NTSC,22,3,1000000.0,waveform;detail_floor;sync;h_jitter_us;v_jitter_us;h_width_rmse_us;sync_error_ire;stress_waveform;reference_detail;burst_gain;burst_phase_jitter_deg;burst_rmse_ire;h_missing;v_missing;vertical_trains;sync_error_ire,False,bars,0.49172809077697777,-95.65210439507605,37.61242949919754,30.164889984352357,17.944912544466593
21.18519085569308,96.16610134325174,True,0.0,0,0,2,0.025,0.025,0.019217652869645184,1.7085940735276404,1.6970472138261576,-1.3695139240374237,-48.03209426387422,112.805998561954,0.025,0.025,506,0,2,0,0.0,28.462288905482307,0.9215749846146964,floating-PLL-IQ40,safe_range,selection,340301,NTSC,22,3,1000000.0,burst_gain,True,bars,0.5899737371236446,4.654605443346004,7.916745200675076,18.723762203886718,6.286682870066691
4.328411895643878,44.39102493489853,True,94.67978456619711,506,12,0,2.025,2.025,1000000.0,48.922422204103924,27.030400569011192,-25.83649276597028,0.9657500671136887,84.88444278687578,1000000.0,1000000.0,506,506,2,0,0.0,4.4897262351396225,0.5770858832243868,HC50,safe_range,selection,340301,NTSC,22,3,1000000.0,contrast;waveform;detail_floor;sync;h_jitter_us;v_jitter_us;h_width_rmse_us;sync_error_ire;black_error_ire;white_error_ire;contrast;stress_waveform;reference_detail;burst_gain;burst_rmse_ire;h_missing;v_missing;vertical_trains;sync_error_ire;black_error_ire;white_error_ire,False,bars,0.4374780991602494,80.29870063706481,10.046399412788299,20.148829337358038,30.778196323516184
11.97229554644094,96.99937029673661,True,3.725535649236679,31,0,0,2.025,0.9524999999999995,2.6094665718253003,5.622558711353566,-0.8133342513796511,-3.013444970791731,-58.09655086628818,111.09906381206085,1.575,0.9524999999999993,506,2,2,352,0.6956521739130435,17.3566679115055,0.4818777312878311,PLL96-board-fixed,safe_range,selection,340301,NTSC,22,3,1000000.0,waveform;detail_floor;sync;h_jitter_us;v_jitter_us;h_width_rmse_us;sync_error_ire;stress_waveform;reference_detail;burst_phase_jitter_deg;burst_rmse_ire;h_missing;vertical_trains,False,bars,0.6003132915632823,-88.34769377804002,36.45913355553881,20.510692443295437,16.568642161664272
16.214622271900602,98.0112734123142,True,0.40115363657437375,0,0,2,0.075,0.061249999999999985,0.025802342327106997,1.2799712563832628,0.29371631556535416,-1.462202308636957,-45.80450151773563,113.80333497157966,0.075,0.061249999999999985,506,0,2,0,0.0,28.64391377569342,0.742698502868707,RNG-e2a8f30af45e,safe_range,selection,340301,NTSC,22,3,1000000.0,,True,bars,0.8075680167368698,-49.0730085035058,10.759114138864144,23.000039699323388,11.264827531014406
16.214160067701577,98.00773390614754,True,0.40115363657437375,0,0,2,0.075,0.061249999999999985,0.0257064225068905,1.2591127548616414,0.2937271694955788,-1.4745445885504669,-45.80450151773563,113.80333497157966,0.075,0.061249999999999985,506,0,2,0,0.0,28.628862080712146,0.7425827732694057,RNG-2899d92770b2,safe_range,selection,340301,NTSC,22,3,1000000.0,,True,bars,0.8075689448866836,-49.07846458772088,10.761842180971703,22.999898333728947,11.26577939026645
16.315777618116417,97.38360125587421,True,0.3853483338200363,0,0,2,0.075,0.05,0.02437458827056744,1.4895126118889666,0.5487341163076461,-2.0697319625206183,-47.08080419923587,113.67681845682941,0.075,0.05,506,0,2,0,0.0,28.142877770297588,0.7470084059340156,RNG-8743eb3e92d2,safe_range,selection,340301,NTSC,22,3,1000000.0,,True,bars,0.7873650574334559,-48.61222909154878,10.639592788092981,23.274013499643704,11.098947887838191
16.059707226014385,98.22243101664084,True,0.17611623069118845,0,0,2,0.05,0.061249999999999985,0.032856437033638546,1.8439134323022908,0.28193112194878933,-1.304372368445404,-45.8045015177409,122.90307994849925,0.05,0.061249999999999985,506,0,2,0,0.0,29.662821859620237,0.7491928829357339,RNG-94fa1a915b25,safe_range,selection,340301,NTSC,22,3,1000000.0,,True,bars,0.8135787396791289,-46.36047324558285,10.14085154784833,23.457205865784264,10.848110041354893
16.07085641755162,98.4021815371481,True,0.17160042990423494,0,0,2,0.075,0.061249999999999985,0.03587555345870471,1.2685333475360614,0.2754178036008306,-1.342790924479822,-45.804501517740874,122.90307994849914,0.075,0.061249999999999985,506,0,2,0,0.0,29.795780334844086,0.7507971775995795,RNG-89ae53a192ca,safe_range,selection,340301,NTSC,22,3,1000000.0,,True,bars,0.811498968996048,-46.31747371468893,10.162403241011482,23.239633848169678,10.835858063337916
16.07085641755162,98.4021815371481,True,0.17160042990423494,0,0,2,0.075,0.061249999999999985,0.03587555345870471,1.2685333475360614,0.2754178036008306,-1.342790924479822,-45.804501517740874,122.90307994849914,0.075,0.061249999999999985,506,0,2,0,0.0,29.795780334844086,0.7507971775995795,RNG-609f405d4c1f,safe_range,selection,340301,NTSC,22,3,1000000.0,,True,bars,0.811498968996048,-46.31747371468893,10.162403241011482,23.239633848169678,10.835858063337916
16.07085641755162,98.4021815371481,True,0.17160042990423494,0,0,2,0.075,0.061249999999999985,0.03587555345870471,1.2685333475360614,0.2754178036008306,-1.342790924479822,-45.804501517740874,122.90307994849914,0.075,0.061249999999999985,506,0,2,0,0.0,29.795780334844086,0.7507971775995795,RNG-e51a13af85e7,safe_range,selection,340301,NTSC,22,3,1000000.0,,True,bars,0.811498968996048,-46.31747371468893,10.162403241011482,23.239633848169678,10.835858063337916
16.07085641755162,98.4021815371481,True,0.17160042990423494,0,0,2,0.075,0.061249999999999985,0.03587555345870471,1.2685333475360614,0.2754178036008306,-1.342790924479822,-45.804501517740874,122.90307994849914,0.075,0.061249999999999985,506,0,2,0,0.0,29.795780334844086,0.7507971775995795,RNG-b4849353af94,safe_range,selection,340301,NTSC,22,3,1000000.0,,True,bars,0.811498968996048,-46.31747371468893,10.162403241011482,23.239633848169678,10.835858063337916
15.419356924333478,97.19599327408116,True,0.20923210312884782,0,0,2,0.05,0.05,0.029383487336652896,-0.9935008767665305,2.111838025368099,-2.6677691777764823,-61.25031085728033,122.16958836605474,0.05,0.05,506,0,2,1,0.001976284584980237,26.031300674923834,0.7278634103553833,RNG-994556fdf69a,safe_range,selection,340301,NTSC,22,3,1000000.0,,True,bars,0.8502129838662891,-46.53406957746282,11.09786100767927,23.678887766554237,11.377679442412603
16.05437699390077,97.38104616516735,True,0.3439534932729621,0,0,2,0.05,0.036249999999999984,0.0209990118344582,0.22449157599550343,1.0684012828164635,-1.5701178185445896,-56.101358588026585,123.3425153120867,0.05,0.036249999999999984,506,0,2,0,0.0,27.873368351209372,0.7451331204120085,OVP56,safe_range,selection,340301,NTSC,30,3,1000000.0,,True,bars,0.8781382469809399,-48.55930096481137,9.559471659156381,22.22639817498725,11.534246945257562
16.27875002649734,97.36303140323056,True,0.36276932988526855,0,0,2,0.05,0.05,0.01798934686948122,0.3599015059406482,1.228147131537462,-1.4715652301339766,-56.24468103653304,122.65893202017614,0.05,0.05,506,0,2,0,0.0,28.171634049126038,0.7536881431549173,VLP56,safe_range,selection,340301,NTSC,30,3,1000000.0,,True,bars,0.864787176898923,-48.51261460001898,9.050117881099249,22.97588716280818,11.29152031289766
16.127387577473495,95.48635685603486,True,0.934770762899385,0,0,2,0.05,0.05,0.03957531469990906,1.3047930856289485,1.862937594010952,-3.3219103154336778,-43.75795596185117,103.10360029610175,0.05,0.05,506,0,2,0,0.0,25.018969385100345,0.7381810521189313,RANGE32,safe_range,selection,340301,NTSC,30,3,1000000.0,,True,bars,0.8436874475064098,-49.51426663096676,8.77911835422076,21.161510945378367,11.417250293278952
-6.590037175626906,-82.51375945938129,False,608.3935189227105,506,12,48,2.025,2.025,1000000.0,84.88930085930294,22.525131456338404,-156.1321975458123,-67.51557330380805,66.7463290179729,1000000.0,1000000.0,506,506,2,1226,2.4229249011857705,-6.638083620578904,-0.3505639250656051,PLL96-rejected-board,safe_range,selection,340301,NTSC,30,3,1000000.0,contrast;waveform;detail_floor;sync;h_jitter_us;v_jitter_us;h_width_rmse_us;sync_error_ire;black_error_ire;white_error_ire;contrast;stress_waveform;reference_detail;burst_gain;burst_phase_jitter_deg;burst_amplitude_jitter_pct;burst_rmse_ire;h_missing;v_missing;vertical_trains;sync_error_ire;black_error_ire;white_error_ire,False,bars,0.4322571804720581,84.61669589550033,40.06248785612013,33.39293444245507,29.415036579412725
8.973943748452129,98.24865296249345,True,6.48845309738776,506,12,0,2.025,2.025,1000000.0,14.019188131558257,-1.1541113209405762,-1.864624542711317,-41.69545515483125,106.61784870093231,1000000.0,1000000.0,506,506,2,0,0.0,11.853783692468022,0.35742062638910044,PLL96-IQ-corrected,safe_range,selection,340301,NTSC,30,3,1000000.0,waveform;detail_floor;sync;h_jitter_us;v_jitter_us;h_width_rmse_us;sync_error_ire;stress_waveform;reference_detail;burst_gain;burst_phase_jitter_deg;burst_amplitude_jitter_pct;burst_rmse_ire;h_missing;v_missing;vertical_trains;sync_error_ire,False,bars,0.5020240893578389,-94.78263302248986,40.04470986348405,34.00205761535476,17.873530785964878
21.876351165679445,96.18835978823233,True,0.0,0,0,2,0.025,0.025,0.020128048587007848,1.70691789729632,1.6875238694379782,-1.3261156384047748,-45.73786228671576,111.59449191034426,0.025,0.025,506,0,2,0,0.0,28.571711542217688,0.9365054570540107,floating-PLL-IQ40,safe_range,selection,340301,NTSC,30,3,1000000.0,burst_gain,True,bars,0.5872906927530824,4.577468323811767,7.225059392377233,18.434284144528284,6.196215779257448
4.3362267828441405,44.39730513890128,True,94.73848997642752,506,12,0,2.025,2.025,1000000.0,48.90277320802357,27.031862260140112,-25.792213892818562,2.617776113945709,83.79076791778294,1000000.0,1000000.0,506,506,2,0,0.0,4.491099806046441,0.5924860564432314,HC50,safe_range,selection,340301,NTSC,30,3,1000000.0,contrast;waveform;detail_floor;sync;h_jitter_us;v_jitter_us;h_width_rmse_us;sync_error_ire;black_error_ire;white_error_ire;contrast;stress_waveform;reference_detail;burst_gain;burst_rmse_ire;h_missing;v_missing;vertical_trains;sync_error_ire;black_error_ire;white_error_ire,False,bars,0.4366077003330082,80.41600666466229,8.582461690000027,19.8891494108212,30.76565064676513
11.901923707502105,96.56814778887947,True,3.6532828366454226,0,0,2,0.275,0.075,0.10751183407608282,5.766378786451949,-0.683122577307141,-2.968126406851363,-51.83491486564047,111.19760975127514,0.275,0.075,506,0,2,0,0.0,16.93912715105292,0.4861922135981789,PLL96-board-fixed,safe_range,selection,340301,NTSC,30,3,1000000.0,waveform;detail_floor;sync_error_ire;stress_waveform;reference_detail;burst_phase_jitter_deg;burst_rmse_ire,True,bars,0.6050738847060666,-88.80732861037845,34.950488943474575,16.993205860142076,16.630943286701463
16.57671245785146,98.0109926236191,True,0.36803776413671435,0,0,2,0.075,0.05,0.025,1.3272354231578725,0.2574624614013211,-1.4467482852235447,-44.8670707969561,112.25893650563725,0.075,0.05,506,0,2,0,0.0,28.685715232842497,0.758763400397582,RNG-e2a8f30af45e,safe_range,selection,340301,NTSC,30,3,1000000.0,,True,bars,0.8067226794045015,-48.28784354243403,9.452328129906242,23.072047557361714,11.02864924742818
16.579702095192665,98.01918934959225,True,0.36803776413671435,0,0,2,0.075,0.05,0.02495054396739227,1.3065165043909743,0.2574624614013211,-1.4470664498260044,-44.8670707969561,112.2589365056372,0.075,0.05,506,0,2,0,0.0,28.68820192294035,0.7588723764047419,RNG-2899d92770b2,safe_range,selection,340301,NTSC,30,3,1000000.0,,True,bars,0.8067178397283358,-48.28785398284392,9.452338570316137,23.072785893401765,11.028649282997707
16.694378925603672,97.45645844872509,True,0.35975879602729954,0,0,2,0.075,0.061249999999999985,0.023914166340867,1.5240455775442532,0.49298565120733523,-1.955656207207647,-44.61300025200273,110.59732154179798,0.075,0.061249999999999985,506,0,2,0,0.0,28.255650608386947,0.7638312950595978,RNG-8743eb3e92d2,safe_range,selection,340301,NTSC,30,3,1000000.0,,True,bars,0.7865164192145149,-47.79661443069243,9.760793307461158,23.97478188059274,10.872252500066535
16.521396123317476,98.2428913759821,True,0.15353722675642073,0,0,2,0.06875,0.05,0.032667930388828245,1.8396274562132724,0.25882638528561724,-1.2959445476281077,-44.034539212669955,119.18713242819396,0.06875,0.05,506,0,2,0,0.0,29.791422295472763,0.7681885221960231,RNG-94fa1a915b25,safe_range,selection,340301,NTSC,30,3,1000000.0,,True,bars,0.8071276753339727,-45.92674781678147,9.207703421358397,24.454226307386254,10.652613630900037
16.530185796686418,98.41788178571151,True,0.14224772478903683,0,0,2,0.075,0.05,0.034951264770976584,1.309205131072765,0.2535423271064575,-1.3176491408280218,-44.8670707969561,119.18713242819396,0.075,0.05,506,0,2,0,0.0,29.94936109097427,0.7695128834721023,RNG-89ae53a192ca,safe_range,selection,340301,NTSC,30,3,1000000.0,,True,bars,0.8071279327029792,-45.919165953825406,9.175459380761698,24.44230155376267,10.647517661517359
16.530185796686418,98.41788178571151,True,0.14224772478903683,0,0,2,0.075,0.05,0.034951264770976584,1.309205131072765,0.2535423271064575,-1.3176491408280218,-44.8670707969561,119.18713242819396,0.075,0.05,506,0,2,0,0.0,29.94936109097427,0.7695128834721023,RNG-609f405d4c1f,safe_range,selection,340301,NTSC,30,3,1000000.0,,True,bars,0.8071279327029792,-45.919165953825406,9.175459380761698,24.44230155376267,10.647517661517359
16.530185796686418,98.41788178571151,True,0.14224772478903683,0,0,2,0.075,0.05,0.034951264770976584,1.309205131072765,0.2535423271064575,-1.3176491408280218,-44.8670707969561,119.18713242819396,0.075,0.05,506,0,2,0,0.0,29.94936109097427,0.7695128834721023,RNG-e51a13af85e7,safe_range,selection,340301,NTSC,30,3,1000000.0,,True,bars,0.8071279327029792,-45.919165953825406,9.175459380761698,24.44230155376267,10.647517661517359
16.530185796686418,98.41788178571151,True,0.14224772478903683,0,0,2,0.075,0.05,0.034951264770976584,1.309205131072765,0.2535423271064575,-1.3176491408280218,-44.8670707969561,119.18713242819396,0.075,0.05,506,0,2,0,0.0,29.94936109097427,0.7695128834721023,RNG-b4849353af94,safe_range,selection,340301,NTSC,30,3,1000000.0,,True,bars,0.8071279327029792,-45.919165953825406,9.175459380761698,24.44230155376267,10.647517661517359
15.829804230761024,97.08673722712004,True,0.16858989604626587,0,0,2,0.05,0.05,0.0282475645177734,-0.8740536334068973,2.1869437134527314,-2.705590424376269,-59.009526756874685,122.01478549387497,0.05,0.05,506,0,2,0,0.0,25.999753146893244,0.7463968322794597,RNG-994556fdf69a,safe_range,selection,340301,NTSC,30,3,1000000.0,,True,bars,0.8360688004913681,-46.06564553534826,11.12779991702336,23.97972300516276,11.063167433173431
11.644777906225903,91.88111748108356,True,0.6787954830614805,113,1,0,2.025,1.4999999999999991,2.2589131527774025,3.203824823167789,2.3247685605628527,-5.784131897382986,-53.99851101572825,119.96180278830978,1.65,0.42749999999999977,610,4,2,252,0.4131147540983607,21.05557644208843,0.5232997325473798,OVP56,safe_range,selection_envelope,340351,PAL,30,1.5,1000000.0,stress_waveform;reference_detail;burst_gain;h_missing;v_missing;vertical_trains,False,bars,0.8207902169463217,-60.20188739512842,17.463515150834237,24.42384907686869,13.656519908668235
11.678386120005154,91.55555053700574,True,0.6580928481806776,237,3,0,2.025,2.025,2.93158901316183,3.9279501482030064,2.4134693942473215,-5.863408100733785,-54.48229942681257,120.93174655877907,1.75,1.1199999999999999,610,9,2,298,0.4885245901639344,21.044261278268067,0.524333791148108,VLP56,safe_range,selection_envelope,340351,PAL,30,1.5,1000000.0,stress_waveform;reference_detail;burst_gain;h_missing;v_missing;vertical_trains,False,bars,0.8120002508070726,-60.26061631462059,17.329407079684724,24.15768016997744,13.594067638021322
12.814255131332764,90.74448766834774,True,1.3174404015056462,0,0,2,0.11374999999999887,0.09124999999999998,0.042465029006520064,4.673074164687161,2.066667075064924,-6.631343851730199,-41.17544155546435,102.61634657217887,0.11374999999999887,0.09124999999999998,610,0,2,0,0.0,19.925805037697124,0.5545531932004788,RANGE32,safe_range,selection_envelope,340351,PAL,30,1.5,1000000.0,,True,bars,0.5978786437280548,-67.87166919416333,17.25290743741019,27.975907567654662,12.72262991024305
-6.476654329864714,-78.47216700697625,False,598.5470514429109,610,8,63,2.025,2.025,1000000.0,83.40005760997089,22.366706970275377,-152.10801712689863,-63.09499729184178,64.2952971304647,1000000.0,1000000.0,610,610,2,1389,2.277049180327869,-6.5228959937951,-0.3654209291968808,PLL96-rejected-board,safe_range,selection_envelope,340351,PAL,30,1.5,1000000.0,contrast;stress_waveform;reference_detail;burst_gain;burst_phase_jitter_deg;burst_rmse_ire;h_missing;v_missing;vertical_trains;sync_error_ire;black_error_ire;white_error_ire,False,bars,0.3110475179290729,65.2060787786358,24.351793304478566,29.985019658762806,28.172308981614826
9.380394521548647,93.82195069584482,True,5.882057716436637,610,8,0,2.025,2.025,1000000.0,16.240379245850765,-0.10683551832526457,-6.068305877825871,-42.140797672296316,102.07439126903186,1000000.0,1000000.0,610,610,2,0,0.0,12.15390334850147,0.371898155381229,PLL96-IQ-corrected,safe_range,selection_envelope,340351,PAL,30,1.5,1000000.0,stress_waveform;reference_detail;burst_gain;burst_phase_jitter_deg;burst_rmse_ire;h_missing;v_missing;vertical_trains;sync_error_ire,False,bars,0.35330485790365596,-112.07327255648283,22.555320184365115,31.155916734477337,16.357290815923697
16.456679935561198,91.13140999436267,True,0.0025094102885821834,0,0,2,0.025,0.016249999999999987,0.03304864769932498,4.571926984227119,2.3211597669828787,-5.701122847243506,-42.445558906357526,118.79346565775178,0.025,0.016249999999999987,610,0,2,0,0.0,21.11822475513386,0.8003894610317812,floating-PLL-IQ40,safe_range,selection_envelope,340351,PAL,30,1.5,1000000.0,burst_gain,True,bars,0.39396876601791775,6.308495384890999,9.257756614144965,15.587117309977883,8.615580451318186
4.198386673186475,42.562850794107185,True,88.76411543287327,610,8,0,2.025,2.025,1000000.0,49.457079170854996,26.691083232978997,-27.987223616216504,1.2051160475425107,82.92956095985848,1000000.0,1000000.0,610,610,2,0,0.0,4.446615095460903,0.4163985548605892,HC50,safe_range,selection_envelope,340351,PAL,30,1.5,1000000.0,contrast;stress_waveform;reference_detail;burst_gain;burst_rmse_ire;h_missing;v_missing;vertical_trains;sync_error_ire;black_error_ire;white_error_ire,False,bars,0.3801214064892084,98.81752081668405,16.098384650451358,21.36668595218409,30.372098764176393
12.027937994078442,91.49038473433076,True,3.4654956085319952,307,4,0,2.025,2.025,3.0043505308487592,9.21941246510373,0.288071417116545,-7.100984246679822,-53.373361340556215,105.6156157220269,1.8449999999999989,0.4549999999999999,610,8,2,253,0.41475409836065574,16.55064003765983,0.48359647202068884,PLL96-board-fixed,safe_range,selection_envelope,340351,PAL,30,1.5,1000000.0,reference_detail;burst_gain;burst_phase_jitter_deg;h_missing;v_missing;vertical_trains,False,bars,0.40290039201471034,-100.21337472374648,23.967605506544636,29.560368457831665,14.981380916038063
13.380323844832576,92.68486378824197,True,0.4115432873274781,0,0,2,0.075,0.075,0.035355339059327376,4.478108750489591,0.9820574570993337,-6.424350741648024,-41.22705789618088,110.57728648082595,0.075,0.075,610,0,2,0,0.0,21.88061532056218,0.6060610624307807,RNG-e2a8f30af45e,safe_range,selection_envelope,340351,PAL,30,1.5,1000000.0,,True,bars,0.6485083807594916,-57.87748791072565,13.720648454439416,25.754472804739635,11.682405773014077
13.315399750110721,92.78598390486347,True,0.5294855708908407,0,0,2,0.075,0.075,0.035355339059327376,4.478151876819122,0.9881213481581926,-5.713455513536534,-41.22705789618087,110.10037787923291,0.075,0.075,610,0,2,0,0.0,21.92100267331373,0.5994123658830086,RNG-2899d92770b2,safe_range,selection_envelope,340351,PAL,30,1.5,1000000.0,,True,bars,0.6485181619941327,-58.40714380369222,13.744852158027241,25.755592608262667,11.748221485841912
13.406054775217607,92.09736049148813,True,0.4121706398996236,0,0,2,0.075,0.075,0.03837103159381789,4.121005146983455,1.2396698862931472,-7.402551509637078,-41.424270349822166,109.21612862970606,0.075,0.075,610,0,2,0,0.0,21.241234755087028,0.6108329693302543,RNG-8743eb3e92d2,safe_range,selection_envelope,340351,PAL,30,1.5,1000000.0,,True,bars,0.630057372293156,-56.702148277247254,13.780485568315433,26.276429840812124,11.47475504478784
12.962217993769178,93.04301864337339,True,0.37703889585947303,0,0,2,0.075,0.075,0.03564395886091623,4.852491375789079,1.1624981700534658,-5.289366683576636,-41.44408909940692,122.09901974589074,0.075,0.075,610,0,2,0,0.0,22.470877329554288,0.5944272450813315,RNG-94fa1a915b25,safe_range,selection_envelope,340351,PAL,30,1.5,1000000.0,,True,bars,0.6464340151938044,-59.92371075969036,13.996812467365904,27.30350519110943,11.954183408376515
12.555408197377583,93.26216556477745,True,0.43036386449184444,0,0,2,0.075,0.09124999999999998,0.039333588032888424,4.445528084119903,0.8592011357929036,-5.389287981725666,-41.621145555029386,122.7546177431944,0.075,0.09124999999999998,610,0,2,0,0.0,22.426277914893657,0.5730540033438831,RNG-89ae53a192ca,safe_range,selection_envelope,340351,PAL,30,1.5,1000000.0,,True,bars,0.6642671361295864,-62.194132741523696,14.499266978560858,24.790657185502432,12.358995547342927
12.555408197377583,93.26216556477745,True,0.43036386449184444,0,0,2,0.075,0.09124999999999998,0.039333588032888424,4.445528084119903,0.8592011357929036,-5.389287981725666,-41.621145555029386,122.7546177431944,0.075,0.09124999999999998,610,0,2,0,0.0,22.426277914893657,0.5730540033438831,RNG-609f405d4c1f,safe_range,selection_envelope,340351,PAL,30,1.5,1000000.0,,True,bars,0.6642671361295864,-62.194132741523696,14.499266978560858,24.790657185502432,12.358995547342927
12.555408197377583,93.26216556477745,True,0.43036386449184444,0,0,2,0.075,0.09124999999999998,0.039333588032888424,4.445528084119903,0.8592011357929036,-5.389287981725666,-41.621145555029386,122.7546177431944,0.075,0.09124999999999998,610,0,2,0,0.0,22.426277914893657,0.5730540033438831,RNG-e51a13af85e7,safe_range,selection_envelope,340351,PAL,30,1.5,1000000.0,,True,bars,0.6642671361295864,-62.194132741523696,14.499266978560858,24.790657185502432,12.358995547342927
12.555408197377583,93.26216556477745,True,0.43036386449184444,0,0,2,0.075,0.09124999999999998,0.039333588032888424,4.445528084119903,0.8592011357929036,-5.389287981725666,-41.621145555029386,122.7546177431944,0.075,0.09124999999999998,610,0,2,0,0.0,22.426277914893657,0.5730540033438831,RNG-b4849353af94,safe_range,selection_envelope,340351,PAL,30,1.5,1000000.0,,True,bars,0.6642671361295864,-62.194132741523696,14.499266978560858,24.790657185502432,12.358995547342927
12.985168803056048,94.58729715469762,True,0.6486825595984943,0,0,2,0.425,0.05,1.0732076174552314,1.7963466482291872,-0.46352461431808467,-6.733427498458612,-56.20877357874478,117.2556360389239,0.425,0.05,610,0,2,85,0.13934426229508196,21.74506245574525,0.5957582341706892,RNG-994556fdf69a,safe_range,selection_envelope,340351,PAL,30,1.5,1000000.0,,False,bars,0.7481555278480723,-51.61353908587732,13.23715960692817,23.77341991538479,11.512528591538924
11.721099943187879,91.92265234981487,True,0.7684387672465959,92,4,0,2.025,2.025,2.364596780591272,3.0286891458984138,2.125109257627757,-6.02789675963747,-54.66048212853948,120.61263899213057,1.6087499999999992,1.4874999999999998,506,3,2,239,0.4723320158102767,20.940436659264883,0.5460426447670911,OVP56,safe_range,selection_envelope,340351,NTSC,30,1.5,1000000.0,stress_waveform;burst_gain;h_missing;v_missing;vertical_trains,False,bars,0.8690454415402716,-47.75914734573442,29.40048954925323,39.042719446591136,12.86852281457004
11.758253945324492,91.5870364782956,True,0.7533860979567507,185,6,0,2.025,2.025,2.9531996613631444,3.7419116989282113,2.2303121786623477,-6.1002066817674105,-52.33785778152483,120.64034281951544,1.75,1.4875,506,6,2,249,0.49209486166007904,20.932170398233314,0.5468845911122779,VLP56,safe_range,selection_envelope,340351,NTSC,30,1.5,1000000.0,stress_waveform;burst_gain;h_missing;v_missing;vertical_trains,False,bars,0.8568756489450154,-47.690130451057854,29.53489416045036,40.58825773911807,12.787926894137202
12.840263476575762,90.69742534401674,True,1.4427983514316594,0,0,2,0.1,0.11124999999999999,0.043557240518437665,4.490190005299751,1.8791863324159943,-6.862527269511491,-39.394145559158574,101.88518707679506,0.1,0.11124999999999999,506,0,2,0,0.0,19.790312116708595,0.5726989728627854,RANGE32,safe_range,selection_envelope,340351,NTSC,30,1.5,1000000.0,,True,bars,0.6135470099322105,-54.9102635623793,29.349893288165752,69.43093012082002,12.601580434501265
-6.394356974708315,-78.32460743920848,False,595.3097387759772,506,12,52,2.025,2.025,1000000.0,83.28883039777976,22.05350495182126,-152.26983967389992,-62.72500293586688,63.94059547158528,1000000.0,1000000.0,506,506,2,1158,2.2885375494071147,-6.443946574245358,-0.35257073784657766,PLL96-rejected-board,safe_range,selection_envelope,340351,NTSC,30,1.5,1000000.0,contrast;stress_waveform;reference_detail;burst_gain;burst_phase_jitter_deg;burst_rmse_ire;h_missing;v_missing;vertical_trains;sync_error_ire;black_error_ire;white_error_ire,False,bars,0.41637990747065085,83.2926743188662,36.662086530280426,33.826031236438865,28.694443184377665
9.355723541728164,93.35097199836957,True,6.060957289556157,506,12,0,2.025,2.025,1000000.0,16.166926378582986,-0.32433467226407103,-6.2776532856858465,-38.684790460372724,101.84416036691474,1000000.0,1000000.0,506,506,2,0,0.0,12.240529041555925,0.3601744199705107,PLL96-IQ-corrected,safe_range,selection_envelope,340351,NTSC,30,1.5,1000000.0,stress_waveform;reference_detail;burst_phase_jitter_deg;burst_rmse_ire;h_missing;v_missing;vertical_trains;sync_error_ire,False,bars,0.47659059334813364,-95.23475846892597,38.04738710427129,34.80547980793228,17.480694471118635
16.48345872139608,91.06825169154384,True,0.006773701180430325,0,0,2,0.025,0.025,0.032667930388828245,4.397763290199472,2.1252533853720212,-5.926193444624529,-42.91243061616677,117.99961132975665,0.025,0.025,506,0,2,0,0.0,21.00095945499916,0.8110545628377945,floating-PLL-IQ40,safe_range,selection_envelope,340351,NTSC,30,1.5,1000000.0,,True,bars,0.4793835011662393,-3.2513048692703386,27.552682707429923,40.96287764180652,8.065624409003032
4.18176588242832,42.5425565253267,True,94.67451613194568,506,12,0,2.025,2.025,1000000.0,49.29062750921162,26.478159846413078,-28.19311410366153,2.113458279078962,82.55359883654361,1000000.0,1000000.0,506,506,2,0,0.0,4.4249745708332,0.4344113444661859,HC50,safe_range,selection_envelope,340351,NTSC,30,1.5,1000000.0,contrast;stress_waveform;reference_detail;burst_gain;burst_rmse_ire;h_missing;v_missing;vertical_trains;sync_error_ire;black_error_ire;white_error_ire,False,bars,0.39249133486365345,81.10682658142048,28.802050995257545,43.03334050289171,30.394084653726296
12.00274676478637,91.29025165002128,True,3.5290983150042,232,4,0,2.025,2.025,3.0609270875073937,9.043796055541344,0.10561961488328134,-7.320285635478206,-53.53911628482032,105.38445355990211,1.75,1.7825,506,6,2,226,0.44664031620553357,16.63711201865899,0.4874697171832056,PLL96-board-fixed,safe_range,selection_envelope,340351,NTSC,30,1.5,1000000.0,reference_detail;burst_phase_jitter_deg;burst_rmse_ire;h_missing;v_missing;vertical_trains,False,bars,0.5734178803856671,-87.04634597475247,37.019482255928715,18.130345995973087,15.966647909402543
13.416912800895318,92.64975568255828,True,0.5072749550677822,0,0,2,0.075,0.08624999999999998,0.035858334569563693,4.28643101716152,0.7946447589221334,-6.660442111447774,-42.06060574147154,110.15551819045217,0.075,0.08624999999999998,506,0,2,0,0.0,21.672595976947346,0.6233962186437358,RNG-e2a8f30af45e,safe_range,selection_envelope,340351,NTSC,30,1.5,1000000.0,,True,bars,0.6928441913625907,-46.58601451986907,29.774670981779227,57.006213736254296,11.33771018317956
13.356181468775583,92.74492190108727,True,0.6284489428510357,0,0,2,0.075,0.08624999999999998,0.035858334569563693,4.286382869316094,0.8004951475622717,-5.964033460730454,-42.06060574147154,110.15551819045217,0.075,0.08624999999999998,506,0,2,0,0.0,21.69969490160966,0.6177669170245976,RNG-2899d92770b2,safe_range,selection_envelope,340351,NTSC,30,1.5,1000000.0,,True,bars,0.6932881117227943,-46.96016357747247,30.09401341226256,57.11306956889753,11.413042764080911
13.440218394675725,92.06993237595779,True,0.5095328554612589,0,0,2,0.075,0.08624999999999998,0.03930912756449096,3.9398518975737824,1.0537067553084971,-7.634484169669684,-41.89433841213359,108.72895319159664,0.075,0.08624999999999998,506,0,2,0,0.0,21.065483421237605,0.6277535884207409,RNG-8743eb3e92d2,safe_range,selection_envelope,340351,NTSC,30,1.5,1000000.0,,True,bars,0.6631702060107572,-45.48731198509805,29.76642843862325,61.36148217073747,11.18151920556357
13.036061991692664,93.0169253434673,True,0.4335168755475408,0,0,2,0.075,0.08624999999999998,0.03566837817424599,4.661739143474252,0.9730487840455766,-5.519834102359559,-41.61638661915978,122.73479997816096,0.075,0.08624999999999998,506,0,2,0,0.0,22.254584940497057,0.6144679270509665,RNG-94fa1a915b25,safe_range,selection_envelope,340351,NTSC,30,1.5,1000000.0,,True,bars,0.6821224488175364,-48.51224356346488,29.96975316014965,60.94547968106884,11.73175915622293
12.634195448868898,93.2415586563128,True,0.4974907200293829,0,0,2,0.075,0.1,0.03946592566426828,4.250599986147456,0.6701505073823131,-5.6150764767324555,-41.79196082506384,121.95944480283006,0.075,0.1,506,0,2,0,0.0,22.190934098690953,0.594009184616271,RNG-89ae53a192ca,safe_range,selection_envelope,340351,NTSC,30,1.5,1000000.0,,True,bars,0.7146495733411656,-49.98242857066958,30.090789528795224,58.05176146391017,12.02128150224314
12.634195448868898,93.2415586563128,True,0.4974907200293829,0,0,2,0.075,0.1,0.03946592566426828,4.250599986147456,0.6701505073823131,-5.6150764767324555,-41.79196082506384,121.95944480283006,0.075,0.1,506,0,2,0,0.0,22.190934098690953,0.594009184616271,RNG-609f405d4c1f,safe_range,selection_envelope,340351,NTSC,30,1.5,1000000.0,,True,bars,0.7146495733411656,-49.98242857066958,30.090789528795224,58.05176146391017,12.02128150224314
12.634195448868898,93.2415586563128,True,0.4974907200293829,0,0,2,0.075,0.1,0.03946592566426828,4.250599986147456,0.6701505073823131,-5.6150764767324555,-41.79196082506384,121.95944480283006,0.075,0.1,506,0,2,0,0.0,22.190934098690953,0.594009184616271,RNG-e51a13af85e7,safe_range,selection_envelope,340351,NTSC,30,1.5,1000000.0,,True,bars,0.7146495733411656,-49.98242857066958,30.090789528795224,58.05176146391017,12.02128150224314
12.634195448868898,93.2415586563128,True,0.4974907200293829,0,0,2,0.075,0.1,0.03946592566426828,4.250599986147456,0.6701505073823131,-5.6150764767324555,-41.79196082506384,121.95944480283006,0.075,0.1,506,0,2,0,0.0,22.190934098690953,0.594009184616271,RNG-b4849353af94,safe_range,selection_envelope,340351,NTSC,30,1.5,1000000.0,,True,bars,0.7146495733411656,-49.98242857066958,30.090789528795224,58.05176146391017,12.02128150224314
13.05084014188952,94.6253896771339,True,0.7240333928415525,0,0,2,0.075,0.05,1.2169971305678073,1.616219840299011,-0.6464926080564036,-6.942765489569009,-56.37585279177689,117.56568441587007,0.075,0.05,506,0,2,103,0.20355731225296442,21.601508903786502,0.6159815371703601,RNG-994556fdf69a,safe_range,selection_envelope,340351,NTSC,30,1.5,1000000.0,,False,bars,0.7919436051889881,-40.46654727328585,29.821146727852515,49.22608395201087,11.019290278831262
16.63288097507495,97.81466568720661,True,0.321831869510665,0,0,2,0.05,0.04124999999999999,0.020670125746125874,-0.16763459989552795,1.3236481938914235,-1.4271524969485034,-57.978817816681335,120.36594069280233,0.05,0.04124999999999999,610,0,2,0,0.0,28.149797932709397,0.7559896591583775,OVP56,safe_range,selection_envelope,340352,PAL,30,5,1000000.0,,True,bars,0.8306488098017858,-60.375367899360775,8.450019986813576,14.862101298307913,11.832153173685693
17.140796223608977,98.37984461704242,True,0.28983688833124216,0,0,2,0.025,0.025,0.013352104273281803,-0.6301587535240758,1.1441848001909356,-0.9353026754210524,-52.99277610606613,120.94319222709925,0.025,0.025,610,0,2,0,0.0,28.65818472295341,0.7775386312177737,VLP56,safe_range,selection_envelope,340352,PAL,30,5,1000000.0,,True,bars,0.8320804813808247,-60.32197766169904,7.411473876338556,13.860258510431777,11.543994863485356
16.502519822444686,95.78604286019298,True,1.0250941028858218,0,0,2,0.075,0.06624999999999999,0.04380704711629375,0.29578056304102895,1.5626075207467773,-3.9882076685742116,-45.460328220912814,104.08758539645265,0.075,0.06624999999999999,610,0,2,0,0.0,24.68982094986197,0.7459553334593895,RANGE32,safe_range,selection_envelope,340352,PAL,30,5,1000000.0,,True,bars,0.7470586577863846,-60.275099172746664,8.996484443128546,15.646247313238762,11.205011805476373
-6.7769540779580195,-82.93542753903651,False,616.7597239648683,610,8,64,2.025,2.025,1000000.0,82.04704870137897,21.987610550445595,-157.60265436494714,-69.18874053692453,68.27751024350462,1000000.0,1000000.0,610,610,2,1572,2.577049180327869,-6.823709451144691,-0.37076762348814346,PLL96-rejected-board,safe_range,selection_envelope,340352,PAL,30,5,1000000.0,contrast;waveform;detail_floor;sync;h_jitter_us;v_jitter_us;h_width_rmse_us;sync_error_ire;black_error_ire;white_error_ire;contrast;stress_waveform;reference_detail;burst_gain;burst_phase_jitter_deg;burst_amplitude_jitter_pct;burst_rmse_ire;h_missing;v_missing;vertical_trains;sync_error_ire;black_error_ire;white_error_ire,False,bars,0.3223594896056627,64.68157872444777,23.734843017126508,36.74172580710393,28.304719165539513
8.935162485624764,98.69731394153554,True,6.34504391468005,199,3,0,2.025,2.025,3.4028773426683694,15.743197422070647,-1.6037698074465172,-1.3314683955663025,-42.9648251654927,107.46938301668604,1.7,1.3799999999999997,610,5,2,200,0.32786885245901637,11.60086867103326,0.37461680442370215,PLL96-IQ-corrected,safe_range,selection_envelope,340352,PAL,30,5,1000000.0,waveform;detail_floor;sync;h_jitter_us;v_jitter_us;h_width_rmse_us;sync_error_ire;stress_waveform;reference_detail;burst_gain;burst_phase_jitter_deg;burst_amplitude_jitter_pct;burst_rmse_ire;h_missing;v_missing;vertical_trains;sync_error_ire,False,bars,0.3779518354507875,-113.32661075026276,23.806807997561762,33.650876994263704,17.251320660873688
23.464143991728953,97.4790352008441,True,0.0,0,0,2,0.025,0.025,0.008824332975302801,0.3886334701114907,0.9982953002624293,-0.7019579231823212,-46.211172686774624,109.71382909788773,0.025,0.025,610,0,2,0,0.0,31.02250121420997,0.9530398747423151,floating-PLL-IQ40,safe_range,selection_envelope,340352,PAL,30,5,1000000.0,burst_gain,True,bars,0.5211108264787008,17.03634877145319,5.170057821201922,10.079873093820195,6.3779153467411325
4.511112986126102,44.710273335610985,True,88.33688833124216,610,8,0,2.025,2.025,1000000.0,48.289005476887866,26.496882540925224,-26.446977671941156,3.721496747212072,83.14120001724052,1000000.0,1000000.0,610,610,2,0,0.0,4.658471986490124,0.6270373532123964,HC50,safe_range,selection_envelope,340352,PAL,30,5,1000000.0,contrast;waveform;detail_floor;sync;h_jitter_us;v_jitter_us;h_width_rmse_us;sync_error_ire;black_error_ire;white_error_ire;contrast;stress_waveform;reference_detail;burst_gain;burst_rmse_ire;h_missing;v_missing;vertical_trains;sync_error_ire;black_error_ire;white_error_ire,False,bars,0.41576249163724255,98.8341053477476,6.574849800052022,12.131735635217497,30.21968322973445
11.890124339129944,98.50039869586,True,3.676913425345044,0,0,2,0.075,0.075,0.04681451015076135,3.7088279094246674,-1.3558144335953757,-2.4095479298412887,-59.22328523364006,111.84704280343956,0.075,0.075,610,0,2,0,0.0,16.942432411269525,0.48308574092674056,PLL96-board-fixed,safe_range,selection_envelope,340352,PAL,30,5,1000000.0,waveform;detail_floor;stress_waveform;reference_detail;burst_gain;burst_phase_jitter_deg;burst_amplitude_jitter_pct;burst_rmse_ire,True,bars,0.42738540978986467,-100.10019724771243,23.795796972829237,32.472861281059245,15.800789506328385
17.20186831166593,99.0653645164905,True,0.37766624843161856,0,0,2,0.05,0.05,0.031132977613488357,0.10726497810151606,-0.4482349129719752,-1.2839417890933402,-46.25484241291864,110.13018274423555,0.05,0.05,610,0,2,0,0.0,28.20330977771772,0.7773066158422371,RNG-e2a8f30af45e,safe_range,selection_envelope,340352,PAL,30,5,1000000.0,,True,bars,0.7337961536423214,-59.9086916975611,8.987018561674372,13.57134433091096,11.215142681577984
17.200798843378763,99.05711543800338,True,0.37327478042659973,0,0,2,0.05,0.05,0.0311823037246091,0.10702294246751744,-0.4482731225576672,-1.3053121374373498,-46.22493593261662,110.13018274423555,0.05,0.05,610,0,2,0,0.0,28.193471975740096,0.7772786903033044,RNG-2899d92770b2,safe_range,selection_envelope,340352,PAL,30,5,1000000.0,,True,bars,0.7339713627261799,-59.905852309025455,8.911949751049695,13.453835724807623,11.215498020769983
17.27918663182617,98.18601594026741,True,0.3688833124215809,0,0,2,0.05,0.05,0.026876310490351357,0.2851474178948114,0.012146612779963808,-2.0653552618281843,-46.763624567199415,108.9209287409374,0.05,0.05,610,0,2,0,0.0,28.153419100071503,0.7791668629575463,RNG-8743eb3e92d2,safe_range,selection_envelope,340352,PAL,30,5,1000000.0,,True,bars,0.7178284455730533,-59.365141815814106,8.49954766491463,13.98724906482105,11.039543406468898
17.11628273149259,99.93047173796997,True,0.09786700125470514,0,0,2,0.05,0.05,0.04208938575748787,0.5154323016335688,-0.43637756668267247,-0.4450514446330676,-45.71755936617498,119.56728786110861,0.05,0.05,610,0,2,0,0.0,29.150718285944322,0.784832320707099,RNG-94fa1a915b25,safe_range,selection_envelope,340352,PAL,30,5,1000000.0,,True,bars,0.7350314929764319,-56.339430916013924,7.324817518617573,14.424319725753277,10.639980530559443
16.48571656046148,99.78611227684601,True,0.15307402760351319,0,0,2,0.05,0.05,0.04277754121951009,0.2612475484181807,-0.4565574776948348,-0.7497574698598469,-45.99711559629458,120.22277638882676,0.05,0.05,610,0,2,0,0.0,29.08347486267358,0.7600559891267719,RNG-89ae53a192ca,safe_range,selection_envelope,340352,PAL,30,5,1000000.0,,True,bars,0.7521492702048079,-57.25518664469065,10.493684133520226,17.187978740290173,10.831445458149581
16.517946559825443,99.77051539009699,True,0.14930991217063988,0,0,2,0.05,0.05,0.042885187935489975,0.2623944249142922,-0.4558679131536209,-0.7776663065226922,-45.99711559629458,120.22286894558601,0.05,0.05,610,0,2,0,0.0,29.08997484693383,0.7610399313451307,RNG-609f405d4c1f,safe_range,selection_envelope,340352,PAL,30,5,1000000.0,,True,bars,0.7565935011273819,-57.611410514246934,10.652102474381946,16.44580654424811,10.87981186679832
16.517946559825443,99.77051539009699,True,0.14930991217063988,0,0,2,0.05,0.05,0.042885187935489975,0.2623944249142922,-0.4558679131536209,-0.7776663065226922,-45.99711559629458,120.22286894558601,0.05,0.05,610,0,2,0,0.0,29.08997484693383,0.7610399313451307,RNG-e51a13af85e7,safe_range,selection_envelope,340352,PAL,30,5,1000000.0,,True,bars,0.7565935011273819,-57.611410514246934,10.652102474381946,16.44580654424811,10.87981186679832
16.4498843104894,99.80575327270492,True,0.16248431618569636,0,0,2,0.05,0.05,0.04265761516010408,0.2548500266897794,-0.4570198294552093,-0.722797239275964,-45.99711559629458,120.22277638882676,0.05,0.05,610,0,2,0,0.0,29.07390481429172,0.7589886777223775,RNG-b4849353af94,safe_range,selection_envelope,340352,PAL,30,5,1000000.0,,True,bars,0.7493333923726475,-56.85315246284837,10.356443149395087,17.11215672951748,10.773289860738105
15.57699566517474,99.6898876103459,True,0.3450439146800502,0,0,2,0.05,0.04124999999999999,0.028772710203576867,-2.3991101669987502,0.21573488905539284,-1.1555133967059215,-62.04149385139685,122.23793243254329,0.05,0.04124999999999999,610,0,2,0,0.0,27.27859629489284,0.7183924267280037,RNG-994556fdf69a,safe_range,selection_envelope,340352,PAL,30,5,1000000.0,,True,bars,0.8174134841442957,-57.40821697008326,11.484725268519457,22.046660217635775,11.877521280990987
16.78441985713503,97.80770351287046,True,0.2950323180809653,0,0,2,0.05,0.036249999999999984,0.022032360318081465,-0.1680674910516599,1.3036314040794141,-1.5258978535047254,-57.4527273262078,118.44591362532309,0.05,0.036249999999999984,506,0,2,0,0.0,28.10455270804824,0.7748220804944791,OVP56,safe_range,selection_envelope,340352,NTSC,30,5,1000000.0,,True,bars,0.8988998836035008,-48.31333700485702,7.3164564922468305,12.403377789215526,11.291752375560357
17.314524389802802,98.38421034788134,True,0.2747112145396743,0,0,2,0.025,0.025,0.013474833811407816,-0.6416771274616361,1.1236374908095685,-1.025886573314856,-52.88582913405592,118.53970425660147,0.025,0.025,506,0,2,0,0.0,28.601529443119293,0.7959669130304862,VLP56,safe_range,selection_envelope,340352,NTSC,30,5,1000000.0,,True,bars,0.8887728203697405,-48.1504029179921,6.16787348416396,11.623131776251284,10.983305832746748
16.61234805806284,95.77837716967949,True,1.0258394121029484,0,0,2,0.075,0.05,0.04463565723984807,0.28045388528825144,1.5394354565218158,-4.068420014418595,-45.38512724723325,103.9818899242123,0.075,0.05,506,0,2,0,0.0,24.682002073195925,0.7629097257676143,RANGE32,safe_range,selection_envelope,340352,NTSC,30,5,1000000.0,,True,bars,0.8023127464045428,-48.4760999050925,7.512901103948273,13.831232185068941,10.762223695923904
-6.671704588552448,-82.6290821128679,False,614.6366135106739,506,12,51,2.025,2.025,1000000.0,82.12222424523046,21.911658172165314,-157.54649507647093,-69.08109083671326,68.2114889954422,1000000.0,1000000.0,506,506,2,1300,2.569169960474308,-6.720961616055666,-0.3548144212845295,PLL96-rejected-board,safe_range,selection_envelope,340352,NTSC,30,5,1000000.0,contrast;waveform;detail_floor;sync;h_jitter_us;v_jitter_us;h_width_rmse_us;sync_error_ire;black_error_ire;white_error_ire;contrast;stress_waveform;reference_detail;burst_gain;burst_phase_jitter_deg;burst_amplitude_jitter_pct;burst_rmse_ire;h_missing;v_missing;vertical_trains;sync_error_ire;black_error_ire;white_error_ire,False,bars,0.4379476351669379,82.57911539121001,36.00971319192728,25.40083884201172,28.821734736058243
8.9087354353022,98.21492684005678,True,6.492968898174714,174,7,0,2.025,2.025,3.4040173820574706,15.641539424449675,-1.4793515967780464,-1.3883215041151205,-42.95235296021509,107.37553932311833,1.7724999999999995,0.09,506,5,2,206,0.40711462450592883,11.708861461206954,0.36109594389653055,PLL96-IQ-corrected,safe_range,selection_envelope,340352,NTSC,30,5,1000000.0,waveform;detail_floor;sync;h_jitter_us;v_jitter_us;h_width_rmse_us;sync_error_ire;stress_waveform;reference_detail;burst_gain;burst_phase_jitter_deg;burst_amplitude_jitter_pct;burst_rmse_ire;h_missing;v_missing;vertical_trains;sync_error_ire,False,bars,0.5055191368320732,-93.86530970309227,34.7688932014608,28.680063660901325,18.191001633455375
23.9354178551805,97.4157374015126,True,0.0,0,0,2,0.025,0.025,0.0092985187311144,0.40544608523181674,0.9807260781481507,-0.7892471983876328,-46.03016089566718,109.76025385304628,0.025,0.025,506,0,2,0,0.0,30.863352087346154,0.9619502621571207,floating-PLL-IQ40,safe_range,selection_envelope,340352,NTSC,30,5,1000000.0,,True,bars,0.6233574538037986,8.325186548629818,4.007159059001088,8.5599691718508,5.549495925970073
4.460095293301984,44.69158212494591,True,94.27035196151333,506,12,0,2.025,2.025,1000000.0,48.28679433657058,26.4542823055917,-26.5057252932823,4.603651056918267,81.52486832810929,1000000.0,1000000.0,506,506,2,0,0.0,4.602333615977779,0.6418593975395555,HC50,safe_range,selection_envelope,340352,NTSC,30,5,1000000.0,contrast;waveform;detail_floor;sync;h_jitter_us;v_jitter_us;h_width_rmse_us;sync_error_ire;black_error_ire;white_error_ire;contrast;stress_waveform;reference_detail;burst_gain;burst_rmse_ire;h_missing;v_missing;vertical_trains;sync_error_ire;black_error_ire;white_error_ire,False,bars,0.4437092979028443,80.736095390722,5.898357844225666,9.11005801709997,30.33796219836128
11.889697860110607,98.36344872100003,True,3.718761948056249,0,0,2,0.075,0.04749999999999996,0.04797016118001234,3.673681390435628,-1.379670915951738,-2.5089332743936335,-58.83288163445767,111.91077229993276,0.075,0.047499999999999966,506,0,2,0,0.0,17.135472391385335,0.485318788436724,PLL96-board-fixed,safe_range,selection_envelope,340352,NTSC,30,5,1000000.0,waveform;detail_floor;stress_waveform;reference_detail;burst_phase_jitter_deg;burst_rmse_ire,True,bars,0.602861834164444,-85.81960728840306,31.462386789769344,18.489448719157053,16.529832163663286
17.292472213592525,99.00676086274626,True,0.35674826216933053,0,0,2,0.05,0.036249999999999984,0.03306255300286404,0.08790261444113923,-0.45922559352122666,-1.3918704328526499,-45.95544038986151,110.23611435597813,0.05,0.036249999999999984,506,0,2,0,0.0,28.132920014936495,0.7913697630918927,RNG-e2a8f30af45e,safe_range,selection_envelope,340352,NTSC,30,5,1000000.0,,True,bars,0.8079161678497948,-49.119109018251734,9.436799820785035,11.231969835771539,11.000307516338207
17.289073676786572,98.99799286007638,True,0.3537377283113614,0,0,2,0.05,0.036249999999999984,0.03287522824880562,0.08689575153333444,-0.4591114597033156,-1.4137599892712422,-46.205956204689926,110.23611435215422,0.05,0.036249999999999984,506,0,2,0,0.0,28.121903425233846,0.7912170828996601,RNG-2899d92770b2,safe_range,selection_envelope,340352,NTSC,30,5,1000000.0,,True,bars,0.8087683068503563,-49.106747335196935,9.410910726064342,11.117477216329995,10.998955970863488
17.375244254508413,98.13324529970401,True,0.3544903617758537,0,0,2,0.05,0.05,0.029488391230979426,0.27006992456069895,0.0014742667631436179,-2.1703766104237046,-47.014012484367676,109.01911782662954,0.05,0.05,506,0,2,0,0.0,28.06612539055829,0.7932893846024603,RNG-8743eb3e92d2,safe_range,selection_envelope,340352,NTSC,30,5,1000000.0,,True,bars,0.7903458483405011,-48.51262196176921,9.468734346353706,12.130902063325133,10.782055255052724
17.309771825218796,99.87203462062382,True,0.08354231455864068,0,0,2,0.05,0.036249999999999984,0.042334892027781915,0.5064133218900108,-0.44732100803737695,-0.5464878185740134,-45.39354205516534,118.58367684524173,0.05,0.036249999999999984,506,0,2,0,0.0,29.12681155409927,0.802486586607672,RNG-94fa1a915b25,safe_range,selection_envelope,340352,NTSC,30,5,1000000.0,,True,bars,0.8058126269638004,-44.9027408577743,7.432162647879142,14.80752754632613,10.205941685536843
16.67326468220869,99.73547043376274,True,0.14751615904048265,0,0,2,0.05,0.036249999999999984,0.0436987983843624,0.25745619283280635,-0.46979881351094194,-0.8399489525299577,-45.923817247851275,119.89909624673324,0.05,0.036249999999999984,506,0,2,0,0.0,29.039788151864453,0.7788041430618078,RNG-89ae53a192ca,safe_range,selection_envelope,340352,NTSC,30,5,1000000.0,,True,bars,0.8111474091382682,-45.43280654378694,11.072307085923631,16.221915109839806,10.333050510450164
16.70734834034361,99.7202395955824,True,0.14149509132454458,0,0,2,0.05,0.036249999999999984,0.04359975613667886,0.2580893974630548,-0.46917799972329,-0.8672329884183572,-45.923817247851275,119.89909624334932,0.05,0.036249999999999984,506,0,2,0,0.0,29.044242185597,0.779816836150231,RNG-609f405d4c1f,safe_range,selection_envelope,340352,NTSC,30,5,1000000.0,,True,bars,0.813048967915541,-45.75818566873095,10.880438528182356,15.6459829346514,10.383609876787126
16.70734834034361,99.7202395955824,True,0.14149509132454458,0,0,2,0.05,0.036249999999999984,0.04359975613667886,0.2580893974630548,-0.46917799972329,-0.8672329884183572,-45.923817247851275,119.89909624334932,0.05,0.036249999999999984,506,0,2,0,0.0,29.044242185597,0.779816836150231,RNG-e51a13af85e7,safe_range,selection_envelope,340352,NTSC,30,5,1000000.0,,True,bars,0.813048967915541,-45.75818566873095,10.880438528182356,15.6459829346514,10.383609876787126
16.635611780102014,99.75351506551961,True,0.15504249368540524,0,0,2,0.05,0.036249999999999984,0.0438117153642956,0.2511801856854761,-0.47001599155864765,-0.8134395692725149,-45.914702856387095,120.01113618847238,0.05,0.036249999999999984,506,0,2,0,0.0,29.032327859792083,0.7776184481357499,RNG-b4849353af94,safe_range,selection_envelope,340352,NTSC,30,5,1000000.0,,True,bars,0.8089707541608977,-45.13198243598264,11.232113499686523,16.598068592140727,10.289103148906023
15.68472071220166,99.69338464659059,True,0.3386850590215163,0,0,2,0.05,0.025,0.027873408070602984,-2.340211650912737,0.20426870298248864,-1.2429550279556345,-60.54077829275552,122.44931769215059,0.05,0.025,506,0,2,0,0.0,27.249470717249178,0.7361756987847223,RNG-994556fdf69a,safe_range,selection_envelope,340352,NTSC,30,5,1000000.0,,True,bars,0.9022669833631034,-45.77593889907728,11.308376020132872,17.75559759138275,11.505052629134617
15.783084930427172,97.23523583495431,True,0.3877038895859473,0,0,2,0.05,0.04124999999999999,0.018719237058854022,0.5648471079105511,1.0667711181856716,-1.5506931253389116,-52.96504646245773,126.09635536797448,0.05,0.04124999999999999,610,0,2,0,0.0,27.871498553043153,0.718974368371124,OVP56,safe_range,selection_envelope,340353,PAL,30,3,500000.0,,True,bars,0.8379641065319254,-60.25417560971849,17.27999068882632,21.010652933309657,12.142014768784867
16.007612245890893,97.07512320123973,True,0.34755332496863234,0,0,2,0.05,0.025,0.017058241602151643,0.7266799579279885,1.5848310621735904,-1.3280288316821167,-51.33379891032319,126.83086228677645,0.05,0.025,610,0,2,0,0.0,28.01116199986842,0.7285271197837129,VLP56,safe_range,selection_envelope,340353,PAL,30,3,500000.0,,True,bars,0.8414053704375529,-60.190211435818355,17.53023681199698,20.789938552186694,11.954026749842997
15.891233082596157,96.3327468830198,True,0.71831869510665,0,0,2,0.075,0.06624999999999999,0.05515440323964453,1.8303552650612571,2.224983523263197,-0.6147745709869666,-45.87354704746569,109.76735994925004,0.075,0.06624999999999999,610,0,2,0,0.0,25.27961311862541,0.7143311822102368,RANGE32,safe_range,selection_envelope,340353,PAL,30,3,500000.0,,True,bars,0.7501384845288646,-65.0457375475252,14.843716233399192,19.221445897523893,12.38753384612889
-6.3513169880041005,-96.5611697178903,False,652.2296110414053,610,8,32,2.025,2.025,1000000.0,136.0836165418333,39.30019505501634,-142.19546718396904,-56.691601275804054,108.54228490294157,1000000.0,1000000.0,610,610,2,1232,2.019672131147541,-6.387357538993836,-0.38129938119546464,PLL96-rejected-board,safe_range,selection_envelope,340353,PAL,30,3,500000.0,contrast;waveform;detail_floor;sync;h_jitter_us;v_jitter_us;h_width_rmse_us;sync_error_ire;black_error_ire;white_error_ire;contrast;stress_waveform;reference_detail;burst_gain;burst_phase_jitter_deg;burst_amplitude_jitter_pct;burst_rmse_ire;h_missing;v_missing;vertical_trains;sync_error_ire;black_error_ire;white_error_ire,False,bars,0.2670327095382702,54.737108972815676,31.826175422984367,56.063053805377294,43.047807109178194
9.460970663713045,102.9210177260573,True,5.882685069008782,0,0,2,0.35,0.2387499999999999,0.10071465942429045,2.222718414625499,2.2164775691844403,5.514282913023584,-52.71737962699859,114.16170324885088,0.35,0.23874999999999993,610,0,2,0,0.0,12.477094502187827,0.37707169913660904,PLL96-IQ-corrected,safe_range,selection_envelope,340353,PAL,30,3,500000.0,waveform;detail_floor;white_error_ire;stress_waveform;reference_detail;burst_gain;burst_phase_jitter_deg;burst_amplitude_jitter_pct;burst_rmse_ire,True,bars,0.3110748325486938,-123.05547398739202,31.451245531668533,55.412512037253485,17.629096539787103
21.53686607612938,95.94135924851116,True,0.0,0,0,2,0.025,0.025,0.017793211083324385,2.2052790616544007,2.3046035894361037,-0.5934551990750396,-45.9982607269851,113.30137268943427,0.025,0.025,610,0,2,0,0.0,27.455913304074535,0.9309143248775459,floating-PLL-IQ40,safe_range,selection_envelope,340353,PAL,30,3,500000.0,,True,bars,0.5374976610272821,13.336557839555248,7.73083472799644,10.067379685967497,6.472841680741097
3.5321994190979455,44.26426179000895,True,95.52383939774154,610,8,0,2.025,2.025,1000000.0,54.683098908441174,32.52944946029653,-20.902611136904458,9.30000571709359,90.27947538488924,1000000.0,1000000.0,610,610,2,0,0.0,3.6440197239616627,0.5575287443530554,HC50,safe_range,selection_envelope,340353,PAL,30,3,500000.0,contrast;waveform;detail_floor;sync;h_jitter_us;v_jitter_us;h_width_rmse_us;sync_error_ire;black_error_ire;white_error_ire;contrast;stress_waveform;reference_detail;burst_gain;burst_rmse_ire;h_missing;v_missing;vertical_trains;sync_error_ire;black_error_ire;white_error_ire,False,bars,0.40800553724228367,98.77332150016039,13.527801737579903,18.202933104704048,35.781409660596026
12.321521042361809,102.16232501706752,True,3.9924717691342537,0,0,2,0.075,0.06624999999999999,0.06766752132761293,-2.6083077476306897,-2.057112856848744,0.8757195901080451,-50.670341087111346,114.9544355429688,0.075,0.06624999999999999,610,0,2,0,0.0,16.69837166932093,0.5214933170878173,PLL96-board-fixed,safe_range,selection_envelope,340353,PAL,30,3,500000.0,waveform;detail_floor;stress_waveform;reference_detail;burst_gain;burst_phase_jitter_deg;burst_amplitude_jitter_pct,True,bars,0.45477291744356674,-95.95796773421797,28.30767073363743,33.561519161078415,14.977508843832421
16.12492946917666,97.6299212083548,True,0.2779171894604768,0,0,2,0.075,0.075,0.05043864963546487,2.4737918741034237,1.0374952915867017,-0.15888175184373357,-43.58310966235878,118.12581241162071,0.075,0.075,610,0,2,0,0.0,27.592049226259682,0.7251639749470802,RNG-e2a8f30af45e,safe_range,selection_envelope,340353,PAL,30,3,500000.0,,True,bars,0.6211831121161652,-70.53089094456527,19.473378253669786,19.694841040491067,12.26298743044905
16.124453353486746,97.62948564171862,True,0.2779171894604768,0,0,2,0.075,0.075,0.04975349069226775,2.4741861813278296,1.037464046395312,-0.1592908373210276,-43.58310966235878,118.12581241162071,0.075,0.075,610,0,2,0,0.0,27.59048844517093,0.7251293603703374,RNG-2899d92770b2,safe_range,selection_envelope,340353,PAL,30,3,500000.0,,True,bars,0.6211831121161652,-70.53089081919634,19.4733783790387,19.6948410885074,12.262987422525898
16.290482058530113,97.13908745206997,True,0.26411543287327477,0,0,2,0.075,0.06624999999999999,0.05006143766397052,2.202162203032306,1.422198038204823,-1.0481900524183547,-43.667991248569194,118.00486945858883,0.075,0.06624999999999999,610,0,2,0,0.0,27.360640579239693,0.7325984417985993,RNG-8743eb3e92d2,safe_range,selection_envelope,340353,PAL,30,3,500000.0,,True,bars,0.5989460844286723,-69.08230595253812,18.535252007814606,19.77021053764353,11.995480121289598
15.9686522092842,97.60984795272896,True,0.2001254705144291,0,0,2,0.075,0.075,0.0812996380529519,2.627473212332403,1.2133481409133302,-1.2797351658648441,-43.58195829081667,123.18645942533259,0.075,0.075,610,0,2,0,0.0,27.670730516721527,0.7288262114765389,RNG-94fa1a915b25,safe_range,selection_envelope,340353,PAL,30,3,500000.0,burst_phase_jitter_deg,True,bars,0.7307968714798682,-59.91318043935588,25.247217606160824,22.967940009511942,11.588570566560433
15.961050393817986,97.53715639050435,True,0.1725219573400251,0,0,2,0.075,0.075,0.08084466992781716,2.5844699147191865,1.2101069978825538,-1.4431540218576229,-43.58195829081602,123.18645942533259,0.075,0.075,610,0,2,0,0.0,27.661560317636507,0.729888484155991,RNG-89ae53a192ca,safe_range,selection_envelope,340353,PAL,30,3,500000.0,burst_phase_jitter_deg,True,bars,0.730797321281901,-59.92576979640086,25.24591840709784,22.968036475923505,11.59019099969587
15.961050393817986,97.53715639050435,True,0.1725219573400251,0,0,2,0.075,0.075,0.08084466992781716,2.5844699147191865,1.2101069978825538,-1.4431540218576229,-43.58195829081602,123.18645942533259,0.075,0.075,610,0,2,0,0.0,27.661560317636507,0.729888484155991,RNG-609f405d4c1f,safe_range,selection_envelope,340353,PAL,30,3,500000.0,burst_phase_jitter_deg,True,bars,0.730797321281901,-59.92576979640086,25.24591840709784,22.968036475923505,11.59019099969587
15.961050393817986,97.53715639050435,True,0.1725219573400251,0,0,2,0.075,0.075,0.08084466992781716,2.5844699147191865,1.2101069978825538,-1.4431540218576229,-43.58195829081602,123.18645942533259,0.075,0.075,610,0,2,0,0.0,27.661560317636507,0.729888484155991,RNG-e51a13af85e7,safe_range,selection_envelope,340353,PAL,30,3,500000.0,burst_phase_jitter_deg,True,bars,0.730797321281901,-59.92576979640086,25.24591840709784,22.968036475923505,11.59019099969587
15.961050393817986,97.53715639050435,True,0.1725219573400251,0,0,2,0.075,0.075,0.08084466992781716,2.5844699147191865,1.2101069978825538,-1.4431540218576229,-43.58195829081602,123.18645942533259,0.075,0.075,610,0,2,0,0.0,27.661560317636507,0.729888484155991,RNG-b4849353af94,safe_range,selection_envelope,340353,PAL,30,3,500000.0,burst_phase_jitter_deg,True,bars,0.730797321281901,-59.92576979640086,25.24591840709784,22.968036475923505,11.59019099969587
15.461132510995096,98.43248229672503,True,0.10351317440401506,0,0,2,0.05,0.05,0.030585140504371257,-3.812248054396684,2.8168724649139323,-1.3320363271841242,-53.64219898181574,132.59196385003406,0.05,0.05,610,0,2,0,0.0,24.62970966534801,0.7261466644026623,RNG-994556fdf69a,safe_range,selection_envelope,340353,PAL,30,3,500000.0,burst_phase_jitter_deg,True,bars,0.8265900670600669,-60.863260117241246,20.911106322237792,22.591561914285844,12.63641460769078
15.91617523534648,97.29113428069948,True,0.3687903976012066,0,0,2,0.05,0.05,0.01849714217858271,0.5447539446855163,0.9699861786283073,-1.6471971851451181,-52.64112558423904,123.66966859355058,0.05,0.05,506,0,2,0,0.0,27.839291967873706,0.7391014354302804,OVP56,safe_range,selection_envelope,340353,NTSC,30,3,500000.0,,True,bars,0.9057209165215634,-48.49786040203315,9.238034387071536,15.723916412094514,11.735361488816917
16.143008812992324,97.16036842757713,True,0.32438502319616336,0,0,2,0.05,0.05,0.01764269883363618,0.6400905292842054,1.4914953531034398,-1.4138005578446884,-51.611148549810174,120.99319167740968,0.05,0.05,506,0,2,0,0.0,28.060487723619147,0.7479744472754233,VLP56,safe_range,selection_envelope,340353,NTSC,30,3,500000.0,,True,bars,0.9027437910350821,-48.64871166730437,8.337105492213565,14.140969848404247,11.538357949149054
15.997362858850313,96.39191493648102,True,0.7097333570161997,0,0,2,0.075,0.075,0.057620813104006074,1.7211199991763897,2.1473029832159822,-0.7105945091849388,-45.8585676375146,109.68891051612779,0.075,0.075,506,0,2,0,0.0,25.331561897115613,0.73299792739573,RANGE32,safe_range,selection_envelope,340353,NTSC,30,3,500000.0,,True,bars,0.825603436636884,-53.21339409265398,11.675371657117804,16.003113247289114,12.155724127035814
-6.303509289552268,-96.54386912356767,False,652.8914672438864,506,12,24,2.025,2.025,1000000.0,136.40141775848141,39.210483314450556,-142.23088551918067,-56.71698184223712,108.46394435512458,1000000.0,1000000.0,506,506,2,1010,1.9960474308300395,-6.346503036154467,-0.351070925201895,PLL96-rejected-board,safe_range,selection_envelope,340353,NTSC,30,3,500000.0,contrast;waveform;detail_floor;sync;h_jitter_us;v_jitter_us;h_width_rmse_us;sync_error_ire;black_error_ire;white_error_ire;contrast;stress_waveform;reference_detail;burst_phase_jitter_deg;burst_rmse_ire;h_missing;v_missing;vertical_trains;sync_error_ire;black_error_ire;white_error_ire,False,bars,0.6107805508399411,63.8510244867463,24.192571782962844,23.339441325833384,42.01509792819703
9.387351197088375,102.32036740639691,True,6.222773484421992,0,0,2,0.3,0.17249999999999996,0.08922979615430672,2.0731775866815947,2.160077620753388,5.39085344941183,-52.801321823499535,114.07849682628292,0.3,0.17249999999999996,506,0,2,0,0.0,12.67518093617908,0.3447488871060281,PLL96-IQ-corrected,safe_range,selection_envelope,340353,NTSC,30,3,500000.0,waveform;detail_floor;white_error_ire;stress_waveform;reference_detail;burst_phase_jitter_deg;burst_rmse_ire,True,bars,0.7094812012471454,-113.46056288262004,24.35873854606875,25.956314010970377,20.488308820028585
21.885334236655744,95.9665513716827,True,0.0,0,0,2,0.025,0.025,0.01869639901072876,2.129446473314725,2.217773455917384,-0.6660543062441472,-45.81745402088452,112.35999907230585,0.025,0.025,506,0,2,0,0.0,27.589845551294516,0.9406873818642105,floating-PLL-IQ40,safe_range,selection_envelope,340353,NTSC,30,3,500000.0,,True,bars,0.6419124913605142,4.49413056180673,7.32310216831352,9.413452253343527,5.6779071469343
3.4822212534025345,44.275033176866394,True,101.51219115685785,506,12,0,2.025,2.025,1000000.0,54.62363573981209,32.4487464057856,-20.97008810270777,9.337526039737412,90.20070225413396,1000000.0,1000000.0,506,506,2,0,0.0,3.5879397701185796,0.5750438572800521,HC50,safe_range,selection_envelope,340353,NTSC,30,3,500000.0,contrast;waveform;detail_floor;sync;h_jitter_us;v_jitter_us;h_width_rmse_us;sync_error_ire;black_error_ire;white_error_ire;contrast;stress_waveform;reference_detail;burst_gain;burst_rmse_ire;h_missing;v_missing;vertical_trains;sync_error_ire;black_error_ire;white_error_ire,False,bars,0.4390581209193637,80.35524224082207,12.034605117781238,16.841447250363462,35.83984220226068
12.306885441409046,102.05240205728224,True,4.061210174400226,0,0,2,0.075,0.061249999999999985,0.06786735784506101,-2.722680103040767,-2.149401191715911,0.7884301722242699,-50.7515431883151,114.86404755394857,0.075,0.061249999999999985,506,0,2,0,0.0,16.78599732944911,0.5277167063689453,PLL96-board-fixed,safe_range,selection_envelope,340353,NTSC,30,3,500000.0,waveform;detail_floor;stress_waveform;reference_detail;burst_phase_jitter_deg;burst_amplitude_jitter_pct;burst_rmse_ire,True,bars,0.5873094510329062,-81.03053800383066,22.772755591986968,31.609071623710815,15.808782788760828
16.174458273984808,97.62845569848922,True,0.25589537792736783,0,0,2,0.075,0.061249999999999985,0.05242395207334279,2.3630780260269106,0.9557962841289277,-0.2480046686808122,-43.55014115966543,114.80704912724393,0.075,0.061249999999999985,506,0,2,0,0.0,27.572420787339972,0.7386576424576285,RNG-e2a8f30af45e,safe_range,selection_envelope,340353,NTSC,30,3,500000.0,,True,bars,0.6980176651564063,-59.76346350615231,12.710644964821581,19.33032184053346,12.51096340563782
16.173933259936284,97.62827868309165,True,0.25589537792736783,0,0,2,0.075,0.061249999999999985,0.051998118695065175,2.363079164514459,0.9557962841289277,-0.2481868447446776,-43.55014115966543,114.80704912724393,0.075,0.061249999999999985,506,0,2,0,0.0,27.571184154513624,0.7386312527597388,RNG-2899d92770b2,safe_range,selection_envelope,340353,NTSC,30,3,500000.0,,True,bars,0.6980176651564066,-59.76345995862418,12.710643191057525,19.330321840533497,12.510963547656837
16.348955040358955,97.14974821149865,True,0.2506269436759221,0,0,2,0.075,0.075,0.05122028686527698,2.08661835109817,1.3396607747160085,-1.1350745435620933,-43.84723115786521,114.57684035042153,0.075,0.075,506,0,2,0,0.0,27.36017978388719,0.7462145122027237,RNG-8743eb3e92d2,safe_range,selection_envelope,340353,NTSC,30,3,500000.0,,True,bars,0.6773656829184443,-58.196222911719644,11.885834018203086,18.7851058281817,12.179761659102299
16.099129043145407,97.62314264469504,True,0.20772683619986332,0,0,2,0.075,0.061249999999999985,0.080358632899166,2.5098744316391794,1.1316162085634538,-1.3537488198130838,-43.53901588599305,122.97935632706385,0.075,0.061249999999999985,506,0,2,0,0.0,27.661244664087388,0.7467046540506959,RNG-94fa1a915b25,safe_range,selection_envelope,340353,NTSC,30,3,500000.0,,True,bars,0.801413831574238,-49.510698854328545,15.48295704538659,20.219111936865218,11.451771627712938
16.08986307589776,97.55335289013435,True,0.17762149762017299,0,0,2,0.075,0.061249999999999985,0.0800660547456264,2.466509767395005,1.1289675156185874,-1.518738435413154,-43.53901588599305,122.71080520895255,0.075,0.061249999999999985,506,0,2,0,0.0,27.643826436099474,0.747664131893773,RNG-89ae53a192ca,safe_range,selection_envelope,340353,NTSC,30,3,500000.0,,True,bars,0.8010917838572331,-49.555384248046465,15.828213777332731,20.1213354743023,11.461803103012489
16.08986307589776,97.55335289013435,True,0.17762149762017299,0,0,2,0.075,0.061249999999999985,0.0800660547456264,2.466509767395005,1.1289675156185874,-1.518738435413154,-43.53901588599305,122.71080520895255,0.075,0.061249999999999985,506,0,2,0,0.0,27.643826436099474,0.747664131893773,RNG-609f405d4c1f,safe_range,selection_envelope,340353,NTSC,30,3,500000.0,,True,bars,0.8010917838572331,-49.555384248046465,15.828213777332731,20.1213354743023,11.461803103012489
16.08986307589776,97.55335289013435,True,0.17762149762017299,0,0,2,0.075,0.061249999999999985,0.0800660547456264,2.466509767395005,1.1289675156185874,-1.518738435413154,-43.53901588599305,122.71080520895255,0.075,0.061249999999999985,506,0,2,0,0.0,27.643826436099474,0.747664131893773,RNG-e51a13af85e7,safe_range,selection_envelope,340353,NTSC,30,3,500000.0,,True,bars,0.8010917838572331,-49.555384248046465,15.828213777332731,20.1213354743023,11.461803103012489
16.08986307589776,97.55335289013435,True,0.17762149762017299,0,0,2,0.075,0.061249999999999985,0.0800660547456264,2.466509767395005,1.1289675156185874,-1.518738435413154,-43.53901588599305,122.71080520895255,0.075,0.061249999999999985,506,0,2,0,0.0,27.643826436099474,0.747664131893773,RNG-b4849353af94,safe_range,selection_envelope,340353,NTSC,30,3,500000.0,,True,bars,0.8010917838572331,-49.555384248046465,15.828213777332731,20.1213354743023,11.461803103012489
15.570180470189442,98.54897667277147,True,0.08278968109414843,0,0,2,0.05,0.05,0.03244027653245231,-3.8563212411127643,2.747310805532739,-1.439438952129379,-53.93763581507027,128.34481714667322,0.05,0.05,506,0,2,0,0.0,24.60751286917035,0.7445235623176422,RNG-994556fdf69a,safe_range,selection_envelope,340353,NTSC,30,3,500000.0,,True,bars,0.9005327917211272,-49.30162653659954,16.66804962566854,22.26822145338416,12.283752388782226
15.96345637038686,97.65665862949456,True,0.35006273525721454,0,0,2,0.05,0.05,0.01954922328757695,0.8852111869660433,0.8685637368884028,-1.150081956625559,-61.23127739486414,117.86312409725136,0.05,0.05,610,0,2,0,0.0,27.314338122705774,0.7265401439838927,OVP56,safe_range,selection_envelope,340354,PAL,30,3,1500000.0,,True,bars,0.8091910539766918,-60.497117976376096,9.913356549455685,22.932495691638227,11.789077674845933
16.074787042907072,97.60480132814035,True,0.36574654956085323,0,0,2,0.05,0.05,0.019125341527005214,1.0749604164103264,0.9285919828493101,-1.2489822276907925,-57.16481834484284,118.12974863781233,0.05,0.05,610,0,2,0,0.0,28.04300727606945,0.7293637453030168,VLP56,safe_range,selection_envelope,340354,PAL,30,3,1500000.0,,True,bars,0.8044730776262254,-60.505458131998076,9.582220519877563,20.956585031272606,11.648560576083183
15.974999458574622,95.35610464465094,True,1.624215809284818,0,0,2,0.05,0.05,0.019679814073491984,2.5039053217142033,1.938358996004618,-3.0643208794752357,-50.43041735996747,104.13125270672697,0.05,0.05,610,0,2,0,0.0,24.431401756507807,0.7098032630236564,RANGE32,safe_range,selection_envelope,340354,PAL,30,3,1500000.0,,True,bars,0.7887350804486117,-60.58033107858874,9.648035041368617,23.46764170501075,11.59474255860015
-7.647287558029102,-73.49803085058016,False,670.0069008782937,610,8,56,2.025,2.025,1000000.0,67.00525874378069,-8.490246589687148,-170.42100692356883,-79.4679511841874,50.29546112124946,1000000.0,1000000.0,610,610,2,1931,3.1655737704918034,-7.723138344346437,-0.4149116751845822,PLL96-rejected-board,safe_range,selection_envelope,340354,PAL,30,3,1500000.0,contrast;waveform;detail_floor;sync;h_jitter_us;v_jitter_us;h_width_rmse_us;sync_error_ire;black_error_ire;white_error_ire;contrast;stress_waveform;reference_detail;burst_gain;burst_phase_jitter_deg;burst_amplitude_jitter_pct;burst_rmse_ire;h_missing;v_missing;vertical_trains;sync_error_ire;black_error_ire;white_error_ire,False,bars,0.23104942729085143,69.3853272948229,18.81547791382425,42.85773233216073,15.002297941648369
8.923521003327663,91.08342063805924,True,6.7245922208281055,610,8,0,2.025,2.025,1000000.0,12.456767046302314,10.604888097432559,-8.161046117071086,-50.82402102757228,107.88676553249627,1000000.0,1000000.0,610,610,2,0,0.0,10.575498884726722,0.43758126861840224,PLL96-IQ-corrected,safe_range,selection_envelope,340354,PAL,30,3,1500000.0,waveform;detail_floor;sync;h_jitter_us;v_jitter_us;h_width_rmse_us;sync_error_ire;black_error_ire;white_error_ire;stress_waveform;reference_detail;burst_gain;burst_phase_jitter_deg;burst_amplitude_jitter_pct;burst_rmse_ire;h_missing;v_missing;vertical_trains;sync_error_ire;black_error_ire;white_error_ire,False,bars,0.19987382798135406,-110.02574688883588,19.233764633433605,40.518033984398706,17.251592113585914
21.706192088974937,96.62387496469178,True,0.0,0,0,2,0.025,0.025,0.02079367810610542,1.302794098355976,1.5573075000060785,-1.6203707058663115,-46.07268454572956,109.73005869857622,0.025,0.025,610,0,2,0,0.0,29.33981697565621,0.9256404249030774,floating-PLL-IQ40,safe_range,selection_envelope,340354,PAL,30,3,1500000.0,burst_gain,True,bars,0.4868018792384661,13.640876889607629,5.620146125330604,12.58790395270495,6.754622425069666
4.9698611226194265,44.89234667331528,True,83.13237139272272,610,8,0,2.025,2.025,1000000.0,43.447683558685426,21.942387317109482,-29.945743564716956,-2.809727510278236,79.70131905160358,1000000.0,1000000.0,610,610,2,0,0.0,5.169752696047755,0.5806299559764674,HC50,safe_range,selection_envelope,340354,PAL,30,3,1500000.0,contrast;waveform;detail_floor;sync;h_jitter_us;v_jitter_us;h_width_rmse_us;sync_error_ire;black_error_ire;white_error_ire;contrast;stress_waveform;reference_detail;burst_gain;burst_rmse_ire;h_missing;v_missing;vertical_trains;sync_error_ire;black_error_ire;white_error_ire,False,bars,0.3999928633955021,98.53524851704347,9.554862204095999,23.564614438364003,25.98342138433155
11.966975213078825,93.21726073030419,True,4.05207026348808,0,0,2,0.125,0.1,0.05246974147536657,3.3311447789993807,9.813366292769052,-6.49451214644742,-48.70021826581118,101.28068701284278,0.125,0.1,610,0,2,0,0.0,15.22866094502728,0.538036162019484,PLL96-board-fixed,safe_range,selection_envelope,340354,PAL,30,3,1500000.0,waveform;detail_floor;black_error_ire;white_error_ire;stress_waveform;reference_detail;burst_gain;burst_phase_jitter_deg;burst_amplitude_jitter_pct;black_error_ire,True,bars,0.3714052113483559,-84.2191406830988,19.015302282798494,55.6190813077818,14.531751703729867
16.371245581813145,98.46045742662663,True,0.5840652446675031,0,0,2,0.05,0.05,0.029770295460463246,-0.14967179486024343,-0.23511879457603904,-3.1774114168006387,-48.8694147410958,106.3529015280267,0.05,0.05,610,0,2,0,0.0,27.571455291596365,0.7351719509691717,RNG-e2a8f30af45e,safe_range,selection_envelope,340354,PAL,30,3,1500000.0,,True,bars,0.7889670123226776,-55.89422954282087,10.78086661538948,21.595684828065373,10.78554622147973
16.37143419584232,98.46014192939775,True,0.5846925972396487,0,0,2,0.05,0.05,0.029770295460463246,-0.14967179486020157,-0.23513493716617428,-3.177785428082462,-48.8694147410958,106.3529015280267,0.05,0.05,610,0,2,0,0.0,27.570870156932187,0.735175560237207,RNG-2899d92770b2,safe_range,selection_envelope,340354,PAL,30,3,1500000.0,,True,bars,0.7889670123226776,-55.89422954282087,10.78086661538948,21.595684828065373,10.78554622147973
16.362559780761508,97.83369471989906,True,0.5671267252195733,0,0,2,0.05,0.05,0.025,-0.42873091343329595,-0.2445623809861343,-4.319142309971655,-49.39747936326772,106.35290168626258,0.05,0.05,610,0,2,0,0.0,26.445176032524206,0.7376861832567727,RNG-8743eb3e92d2,safe_range,selection_envelope,340354,PAL,30,3,1500000.0,,True,bars,0.7671595991781497,-55.7063593712294,10.71781616852077,20.92231108398312,10.66812564889529
16.227149838895826,98.97597503363325,True,0.2703889585947302,0,0,2,0.05,0.05,0.022245832175495882,1.3612108397771863,-0.36559126693642957,-0.9623961724773624,-50.327501739329776,116.33175322343797,0.05,0.05,610,0,2,0,0.0,30.24151121074002,0.7428333025170202,RNG-94fa1a915b25,safe_range,selection_envelope,340354,PAL,30,3,1500000.0,,True,bars,0.7828750750176414,-58.495798991124744,9.5586863937738,25.72438108220026,11.19773368517661
16.282302254938475,99.04982506735783,True,0.2672521957340025,0,0,2,0.05,0.05,0.024293289905367478,1.084494510475135,-0.38467025805153254,-0.9625302361902115,-46.80242235396336,116.33175322343766,0.05,0.05,610,0,2,0,0.0,30.27599199847533,0.7457675964576311,RNG-89ae53a192ca,safe_range,selection_envelope,340354,PAL,30,3,1500000.0,,True,bars,0.7822495260589781,-58.49150929230211,9.503301265070052,25.824923033864867,11.19558862603436
16.282302254938475,99.04982506735783,True,0.2672521957340025,0,0,2,0.05,0.05,0.024293289905367478,1.084494510475135,-0.38467025805153254,-0.9625302361902115,-46.80242235396336,116.33175322343766,0.05,0.05,610,0,2,0,0.0,30.27599199847533,0.7457675964576311,RNG-609f405d4c1f,safe_range,selection_envelope,340354,PAL,30,3,1500000.0,,True,bars,0.7822495260589781,-58.49150929230211,9.503301265070052,25.824923033864867,11.19558862603436
16.282302254938475,99.04982506735783,True,0.2672521957340025,0,0,2,0.05,0.05,0.024293289905367478,1.084494510475135,-0.38467025805153254,-0.9625302361902115,-46.80242235396336,116.33175322343766,0.05,0.05,610,0,2,0,0.0,30.27599199847533,0.7457675964576311,RNG-e51a13af85e7,safe_range,selection_envelope,340354,PAL,30,3,1500000.0,,True,bars,0.7822495260589781,-58.49150929230211,9.503301265070052,25.824923033864867,11.19558862603436
16.282302254938475,99.04982506735783,True,0.2672521957340025,0,0,2,0.05,0.05,0.024293289905367478,1.084494510475135,-0.38467025805153254,-0.9625302361902115,-46.80242235396336,116.33175322343766,0.05,0.05,610,0,2,0,0.0,30.27599199847533,0.7457675964576311,RNG-b4849353af94,safe_range,selection_envelope,340354,PAL,30,3,1500000.0,,True,bars,0.7822495260589781,-58.49150929230211,9.503301265070052,25.824923033864867,11.19558862603436
15.835974883641564,96.35016822456862,True,0.29799247176913424,0,0,2,0.05,0.05,0.02242930606353668,1.0179053109944398,0.5423711576086628,-4.244462213932411,-69.2433854114936,113.29022538878957,0.05,0.05,610,0,2,0,0.0,25.824195273326232,0.7262492767166475,RNG-994556fdf69a,safe_range,selection_envelope,340354,PAL,30,3,1500000.0,,True,bars,0.7521445592386348,-54.916481636485656,12.988346924166649,21.789136158318243,10.946685160974251
16.139724573077885,97.7196160783099,True,0.4124431385417576,0,0,2,0.05,0.05,0.01994310088043664,0.8151969964986827,0.8164961004880772,-1.2067003079330105,-61.28388115206987,117.8922683355333,0.05,0.05,506,0,2,0,0.0,27.335801970047342,0.7469645347831625,OVP56,safe_range,selection_envelope,340354,NTSC,30,3,1500000.0,,True,bars,0.874914785545329,-47.87841491855826,8.006813959324646,15.038468221800793,11.2038979220432
16.25618446557638,97.6514440282639,True,0.401906270038866,0,0,2,0.05,0.025,0.02046277831680458,1.0176551920970593,0.8766517235473711,-1.30955912034714,-57.2178425285277,117.74621657522393,0.05,0.025,506,0,2,0,0.0,28.05439548936363,0.749652772012748,VLP56,safe_range,selection_envelope,340354,NTSC,30,3,1500000.0,,True,bars,0.8690519763414848,-47.98676157619809,7.511849014489964,12.353575955445482,11.061632661745639
16.08621869823645,95.38433455960363,True,1.6264409167677705,0,0,2,0.05,0.05,0.02064307059611926,2.4421401714295166,1.8505147981936692,-3.1253181396930687,-49.08853853251128,102.60356197357108,0.05,0.05,506,0,2,0,0.0,24.508897231887342,0.727147491310571,RANGE32,safe_range,selection_envelope,340354,NTSC,30,3,1500000.0,,True,bars,0.8522151128443679,-48.00360502733995,7.632676911352466,16.36488346653008,11.053629067245536
-7.54946256762932,-73.61951058178543,False,666.3613483579043,506,12,46,2.025,2.025,1000000.0,67.03434243821688,-8.52530578692147,-170.45328671535913,-79.5257845177221,50.243994050608705,1000000.0,1000000.0,506,506,2,1590,3.142292490118577,-7.628322983155598,-0.39412715671589493,PLL96-rejected-board,safe_range,selection_envelope,340354,NTSC,30,3,1500000.0,contrast;waveform;detail_floor;sync;h_jitter_us;v_jitter_us;h_width_rmse_us;sync_error_ire;black_error_ire;white_error_ire;contrast;stress_waveform;reference_detail;burst_gain;burst_phase_jitter_deg;burst_amplitude_jitter_pct;burst_rmse_ire;h_missing;v_missing;vertical_trains;sync_error_ire;black_error_ire;white_error_ire,False,bars,0.2991999262620501,76.24816231029526,16.22846838651946,40.39271562635218,16.075172007691034
8.905607643940272,90.9380985616245,True,6.800795985152047,506,12,0,2.025,2.025,1000000.0,12.34293936397178,10.60284333832367,-8.210835857754189,-50.8799721603564,107.56809159294563,1000000.0,1000000.0,506,506,2,0,0.0,10.674263078448456,0.4166588422765034,PLL96-IQ-corrected,safe_range,selection_envelope,340354,NTSC,30,3,1500000.0,waveform;detail_floor;sync;h_jitter_us;v_jitter_us;h_width_rmse_us;sync_error_ire;black_error_ire;white_error_ire;stress_waveform;reference_detail;burst_gain;burst_phase_jitter_deg;burst_amplitude_jitter_pct;burst_rmse_ire;h_missing;v_missing;vertical_trains;sync_error_ire;black_error_ire;white_error_ire,False,bars,0.26388195944095694,-103.89282871607598,17.848119048922328,37.41042537668665,18.12826912306888
22.027055338986415,96.63732573360863,True,0.0,0,0,2,0.025,0.025,0.02037203384166269,1.2444915795656706,1.5011099735849416,-1.6664055392074355,-45.909100513871394,111.5246466345137,0.025,0.025,506,0,2,0,0.0,29.389568122647425,0.9348563202441943,floating-PLL-IQ40,safe_range,selection_envelope,340354,NTSC,30,3,1500000.0,burst_gain,True,bars,0.5874098037487512,5.020519039032331,4.501191889478988,10.176818374561963,6.091811192742545
4.955831989979239,44.89093468562073,True,88.86117525220747,506,12,0,2.025,2.025,1000000.0,43.4152425596001,21.8885461668134,-29.989905527969736,-2.861923441208404,79.64758872028223,1000000.0,1000000.0,506,506,2,0,0.0,5.152437421122384,0.5968461405359544,HC50,safe_range,selection_envelope,340354,NTSC,30,3,1500000.0,contrast;waveform;detail_floor;sync;h_jitter_us;v_jitter_us;h_width_rmse_us;sync_error_ire;black_error_ire;white_error_ire;contrast;stress_waveform;reference_detail;burst_gain;burst_rmse_ire;h_missing;v_missing;vertical_trains;sync_error_ire;black_error_ire;white_error_ire,False,bars,0.4310456736109766,80.96543341987383,7.563612884599069,17.69058268778488,26.154514026016678
11.917312433063206,93.19297116656253,True,4.047662772039366,0,0,2,0.125,0.11124999999999999,0.050857275296587456,3.218995972401972,9.929432614109373,-6.547292304663565,-48.74051681623047,101.44585459737517,0.125,0.11124999999999999,506,0,2,0,0.0,15.256717464191269,0.5385304987764462,PLL96-board-fixed,safe_range,selection_envelope,340354,NTSC,30,3,1500000.0,waveform;detail_floor;black_error_ire;white_error_ire;stress_waveform;reference_detail;burst_gain;burst_phase_jitter_deg;burst_amplitude_jitter_pct;burst_rmse_ire;black_error_ire,True,bars,0.49378312750297515,-74.14658549392423,16.110979315890393,47.29350737441781,16.155696102362178
16.46981254098209,98.50619954924356,True,0.6149015404901751,0,0,2,0.05,0.025,0.030416249297766373,-0.22195766035190304,-0.2917857648513101,-3.2317013966335773,-48.66326605471393,106.05349612844354,0.05,0.025,506,0,2,0,0.0,27.552885437774076,0.7504340478756077,RNG-e2a8f30af45e,safe_range,selection_envelope,340354,NTSC,30,3,1500000.0,,True,bars,0.8537580664231436,-44.3830890812733,8.378717821967099,16.375747482987933,10.295423565357364
16.469775672036647,98.5057730833617,True,0.6156541739546674,0,0,2,0.05,0.025,0.030416249297766373,-0.22195766035183728,-0.29183782205772224,-3.232020172977982,-48.66326605471393,106.05349612844354,0.05,0.025,506,0,2,0,0.0,27.55245850511755,0.7504216504402105,RNG-2899d92770b2,safe_range,selection_envelope,340354,NTSC,30,3,1500000.0,,True,bars,0.8537580664231436,-44.3830890812733,8.378717821967099,16.375747482987933,10.295423565357364
16.45709288939634,97.88496664452799,True,0.5900646361619306,0,0,2,0.05,0.05,0.02539218080137668,-0.4928877552142969,-0.2983955820393666,-4.377222037714505,-49.218937997540294,105.73300825768113,0.05,0.05,506,0,2,0,0.0,26.424702517327212,0.7526103557360135,RNG-8743eb3e92d2,safe_range,selection_envelope,340354,NTSC,30,3,1500000.0,,True,bars,0.8369182723714901,-44.21388862278376,8.00428615915128,15.902822398378103,10.17943247247567
16.43422040261864,99.00330744167735,True,0.28374281611358143,0,0,2,0.05,0.025,0.023914166340867,1.296202898230949,-0.4238378275236737,-1.0200960352877175,-49.07212261168536,116.58321202006626,0.05,0.025,506,0,2,0,0.0,30.217153209073846,0.7626477712305945,RNG-94fa1a915b25,safe_range,selection_envelope,340354,NTSC,30,3,1500000.0,,True,bars,0.8475664586255058,-46.4798262381353,7.394237959609392,18.03362997092669,10.747605105675394
16.482061202167994,99.07993047536932,True,0.28073228225561236,0,0,2,0.05,0.025,0.02604059615718012,1.0210397040588177,-0.4411631641582956,-1.020077261107601,-45.42604557121597,116.58315189880538,0.05,0.025,506,0,2,0,0.0,30.24455497644371,0.7651191133307198,RNG-89ae53a192ca,safe_range,selection_envelope,340354,NTSC,30,3,1500000.0,,True,bars,0.8460939229876439,-46.48281367048275,7.444841437949163,18.434010321934885,10.746329141597299
16.482061202167994,99.07993047536932,True,0.28073228225561236,0,0,2,0.05,0.025,0.02604059615718012,1.0210397040588177,-0.4411631641582956,-1.020077261107601,-45.42604557121597,116.58315189880538,0.05,0.025,506,0,2,0,0.0,30.24455497644371,0.7651191133307198,RNG-609f405d4c1f,safe_range,selection_envelope,340354,NTSC,30,3,1500000.0,,True,bars,0.8460939229876439,-46.48281367048275,7.444841437949163,18.434010321934885,10.746329141597299
16.482061202167994,99.07993047536932,True,0.28073228225561236,0,0,2,0.05,0.025,0.02604059615718012,1.0210397040588177,-0.4411631641582956,-1.020077261107601,-45.42604557121597,116.58315189880538,0.05,0.025,506,0,2,0,0.0,30.24455497644371,0.7651191133307198,RNG-e51a13af85e7,safe_range,selection_envelope,340354,NTSC,30,3,1500000.0,,True,bars,0.8460939229876439,-46.48281367048275,7.444841437949163,18.434010321934885,10.746329141597299
16.482061202167994,99.07993047536932,True,0.28073228225561236,0,0,2,0.05,0.025,0.02604059615718012,1.0210397040588177,-0.4411631641582956,-1.020077261107601,-45.42604557121597,116.58315189880538,0.05,0.025,506,0,2,0,0.0,30.24455497644371,0.7651191133307198,RNG-b4849353af94,safe_range,selection_envelope,340354,NTSC,30,3,1500000.0,,True,bars,0.8460939229876439,-46.48281367048275,7.444841437949163,18.434010321934885,10.746329141597299
15.986552368419666,96.4005072646755,True,0.35750089563382276,0,0,2,0.05,0.036249999999999984,0.021349019471888334,0.980892567726231,0.43943990330733795,-4.31833053903652,-69.22953767117735,113.11689310914777,0.05,0.036249999999999984,506,0,2,0,0.0,25.84664132190651,0.7445085901462899,RNG-994556fdf69a,safe_range,selection_envelope,340354,NTSC,30,3,1500000.0,,True,bars,0.821946433906616,-43.41680640581894,9.241288603485431,17.585657169612812,10.417476222114317
