sinad,contrast,polarity_ok,large_errors,h_missing,v_missing,v_trains,h_jitter_us,v_jitter_us,h_width_rmse_us,sync_error_ire,black_error_ire,white_error_ire,raw_min,raw_max,h_jitter_matched_us,v_jitter_matched_us,h_expected,max_h_gap,expected_v_trains,detail_corr,model,seed,standard,cnr,stage,rms,cfo_hz,quality_failures,usable
5.047513581496819,80.90924628339252,True,64.47992471769135,604,7,0,2.025,2.025,3.584776841032089,16.746222218864943,5.083163165636369,-13.66670801091573,-84.10000858793619,144.37457117672977,1.14375,1.45,610,157,2,0.2519847122342493,OVP56,17301,PAL,4,selection,3,1000000.0,,False
4.771951671891793,85.06663337013492,True,61.97678795483061,592,8,0,2.025,2.025,3.5521413729373625,11.010443515156298,2.9052496931095875,-12.701407427517713,-91.06608320964136,150.0689861977396,1.4587499999999998,1000000.0,610,86,2,0.24920832626550576,VLP56,17301,PAL,4,selection,3,1000000.0,,False
-6.804429394232649,-84.3005498466003,False,615.5112923462987,610,8,39,2.025,2.025,1000000.0,88.6848941535549,21.467112695125838,-156.9984922210957,-76.27427409155946,136.54728878215917,1000000.0,1000000.0,610,610,2,-0.2443529159735576,PLL96-rejected-board,17301,PAL,4,selection,3,1000000.0,,False
7.887182000282419,92.95524753626009,True,17.96047678795483,444,7,0,2.025,2.025,3.4121483004254642,10.922019207239899,0.2554130447368602,-3.876020331256808,-73.8135934953693,135.74831858808164,1.86875,0.3,610,17,2,0.2393529641073227,PLL96-IQ-corrected,17301,PAL,4,selection,3,1000000.0,,False
10.104626232453738,96.00064986177657,True,2.2892095357590967,143,3,0,2.025,2.025,3.1281290544279523,2.5274812632052788,1.2081365123024457,-2.46756648063002,-76.42693356520701,135.12531180336342,1.75,0.7150000000000001,610,4,2,0.4677186113604953,floating-PLL-IQ40,17301,PAL,4,selection,3,1000000.0,,False
3.270560590219245,42.74815631842047,True,122.37578419071518,610,8,0,2.025,2.025,1000000.0,49.29044849582242,27.10288692839759,-28.825263052327987,-80.25589870807507,125.88451141758858,1000000.0,1000000.0,610,610,2,0.17915388742472266,HC50,17301,PAL,4,selection,3,1000000.0,,False
5.848536869319578,91.2677629767181,True,40.19196988707654,59,0,0,2.025,1.8175,2.8413458730390313,2.980478552866022,-1.5846930699565331,-14.290134027347962,-81.98088930881887,126.49424602191621,1.6375,1.8174999999999997,610,2,2,0.2171828657244089,PLL96-board-fixed,17301,PAL,4,selection,3,1000000.0,,False
6.007383199084398,89.82985234934199,True,35.83626097867001,505,7,0,2.025,2.025,3.461712348094853,8.543143079486407,2.4611381533085606,-7.825659458539732,-80.6171183879787,141.91937266477584,1.92,1.3,610,33,2,0.2831689571555611,OVL-1ae401a8b16c,17301,PAL,4,selection,3,1000000.0,,False
6.026699686526639,89.52705979703099,True,35.533249686323714,517,7,0,2.025,2.025,3.4698005892316433,8.781763812019333,2.584078867480031,-8.01264395666323,-80.37526186296127,141.9196601153705,1.9099999999999997,1.3,610,33,2,0.2831992046952828,OVL-91e82444be6e,17301,PAL,4,selection,3,1000000.0,,False
5.761085274000636,88.78457698656824,True,39.5633626097867,61,0,0,2.025,1.4662499999999994,2.7720179582787763,7.940058177261831,1.5201358971005912,-12.676205151110597,-71.06446600887591,131.94326473042497,1.5,1.4662499999999994,610,4,2,0.24910819509495852,OVL-863146dbacc1,17301,PAL,4,selection,3,1000000.0,,False
5.981668611556153,89.97440800197192,True,35.93099121706399,524,7,0,2.025,2.025,3.4645348105464855,9.102535044885867,2.629703061348788,-7.024099123624964,-80.7792806448457,142.2649026427302,1.91875,1.175,610,33,2,0.28294847086916425,OVL-f7e9f30990ed,17301,PAL,4,selection,3,1000000.0,,False
6.049080886466502,89.1816249758197,True,35.122333751568384,520,7,0,2.025,2.025,3.4660516281337883,8.898667946647198,2.637904909171343,-8.339825807923523,-81.0091323699603,141.88951695569165,1.9137499999999998,1.3,610,33,2,0.28332708050395833,OVL-c25c8c1bb38b,17301,PAL,4,selection,3,1000000.0,,False
5.802556180265878,89.38038474358409,True,39.033249686323714,82,0,0,2.025,1.4662499999999994,2.825460876860033,9.056396135433161,1.7380716323124887,-10.631468494160446,-71.0715995781677,132.87638274428087,1.525,1.4662499999999994,610,3,2,0.2509264845482376,OVL-e8170ff89238,17301,PAL,4,selection,3,1000000.0,,False
6.142535131275077,88.31784838659462,True,35.637390213299874,544,7,0,2.025,2.025,3.490444206340471,11.354880040757676,3.0073175016292018,-8.329584086921479,-76.76362468643758,139.10331425800408,1.875,1.35,610,33,2,0.2852995173241772,OVL-13238d59464e,17301,PAL,4,selection,3,1000000.0,,False
6.1710182553582404,87.90188625588257,True,35.18632371392723,551,7,0,2.025,2.025,3.486532807381734,11.88520480642607,3.180422774219697,-8.473823970802334,-76.06850618533656,139.31605977942996,1.8775,1.35,610,41,2,0.2855887557129321,OVL-9f4eba4a7a1d,17301,PAL,4,selection,3,1000000.0,,False
5.483751137203617,90.21384133865597,True,51.74529485570891,372,4,0,2.025,2.025,3.341802179471832,7.79719823434792,2.0370520978970528,-8.607113598827869,-74.87302886740821,135.99452912816008,1.85,1.0474999999999999,610,13,2,0.2711446318811043,OVL-ad35a8536a3c,17301,PAL,4,selection,3,1000000.0,,False
5.181932301284857,90.21011502620384,True,58.04767879548306,391,7,0,2.025,2.025,3.3998967550802894,9.055558153763698,2.8840313341886126,-7.306101270618896,-77.21491321439399,136.50569764278603,1.85,1.15,610,14,2,0.2539572947434705,OVL-974ea15ce447,17301,PAL,4,selection,3,1000000.0,,False
5.599995692886367,87.92083043516381,True,52.33500627352572,387,3,0,2.025,2.025,3.3694240602449925,10.457698812631198,3.005728280655686,-9.568858821650108,-76.3016774619455,135.68845218925588,1.825,1.345,610,10,2,0.27498942661121484,OVL-b45700842156,17301,PAL,4,selection,3,1000000.0,,False
5.110324097930183,91.16128211897535,True,60.12609786700125,309,3,0,2.025,2.025,3.3263504863648294,7.186759962221365,1.8803211664859398,-7.892136026980876,-79.70609595181199,138.44542970681812,1.825,1.6599999999999997,610,11,2,0.2551182207412592,OVL-ea0f68ecd27b,17301,PAL,4,selection,3,1000000.0,,False
6.256912788249231,88.94182127712072,True,33.292346298619826,540,6,0,2.025,2.025,3.485720872359116,10.689874414786162,2.592098668182474,-8.700751272948544,-83.27193196758662,137.51012493211397,1.8024999999999998,1.1475,610,40,2,0.29439983334510533,OVL-b6619ff22e14,17301,PAL,4,selection,3,1000000.0,,False
4.214296626411795,76.65062739706643,True,92.78795483061481,567,8,0,2.025,2.025,3.5259008415135624,14.066600005728157,4.503803887078584,-20.900495108113947,-82.67016436107286,144.60434115066937,1.9,1000000.0,610,41,2,0.2385154351992254,OVL-2812527a3949,17301,PAL,4,selection,3,1000000.0,,False
5.625388826654848,88.60179954087299,True,43.54767879548306,126,1,0,2.025,1.7274999999999996,2.9101975434213285,9.823240742254182,2.6889462569910734,-10.869490356216236,-73.62778568574693,128.03003135748156,1.5712499999999991,1.1675,610,4,2,0.2499770848508646,OVL-4f0b2147772e,17301,PAL,4,selection,3,1000000.0,,False
5.355036182542111,87.44455979784668,True,47.36762860727729,97,1,0,2.025,1.99,2.899888458229978,9.984412760898264,2.8097603956185333,-12.24021473193729,-73.16181331611448,129.67406186049226,1.6699999999999988,1.6924999999999994,610,3,2,0.23499833843941764,OVL-aee82c832ef1,17301,PAL,4,selection,3,1000000.0,,False
7.4261406376611205,87.9361421522107,True,22.2038895859473,570,7,0,2.025,2.025,3.5312002208880764,10.845228455211608,2.817245472609761,-9.20733292140021,-81.65310457765361,142.8771366848765,1.9,1.575,610,76,2,0.3404388466156692,OVP56,17301,PAL,6,selection,3,1000000.0,,False
7.431095033042254,91.29838660526356,True,20.02697616060226,479,8,0,2.025,2.025,3.4555340613073056,6.806915549264281,1.5313160898818172,-7.677259637221574,-80.21188332666362,148.51496376983965,1.7875,1000000.0,610,19,2,0.3442626337223333,VLP56,17301,PAL,6,selection,3,1000000.0,,False
-6.7673644300831315,-84.20708641430873,False,610.7961104140527,610,8,51,2.025,2.025,1000000.0,86.86681591151789,22.250735904379816,-157.33863859491063,-72.98707896553861,133.26501438871412,1000000.0,1000000.0,610,610,2,-0.303730245488324,PLL96-rejected-board,17301,PAL,6,selection,3,1000000.0,,False
9.172167553072304,94.06448461286485,True,7.873274780426599,493,7,0,2.025,2.025,3.485296496234813,12.34095175217307,-0.5609214558517923,-2.8598267196712537,-71.85785935482049,133.25915564743693,1.95,0.3,610,25,2,0.29827043852532,PLL96-IQ-corrected,17301,PAL,6,selection,3,1000000.0,,False
11.99644384737358,96.03963877238971,True,0.30363864491844417,23,0,0,1.825,0.9362499999999998,2.696526726812785,2.27725723547168,1.4049441918801155,-1.9090083717944666,-71.4142993711618,130.92992296374945,1.5,0.9362499999999999,610,2,2,0.5601386499681851,floating-PLL-IQ40,17301,PAL,6,selection,3,1000000.0,,False
3.9253363628602402,44.34929438923933,True,100.18005018820578,610,8,0,2.025,2.025,1000000.0,49.00666753202153,27.069950980892994,-26.4493169146939,-64.07049590408101,118.1496453156119,1000000.0,1000000.0,610,610,2,0.2613412623447811,HC50,17301,PAL,6,selection,3,1000000.0,,False
8.74045185475216,95.91289631276082,True,12.828105395232122,12,0,0,1.275,0.18874999999999992,2.270346503101929,0.4772327856692069,-2.3790053739944583,-9.968506022469361,-81.0503403671043,123.74167674638949,1.1287499999999995,0.18874999999999992,610,1,2,0.3133662311100436,PLL96-board-fixed,17301,PAL,6,selection,3,1000000.0,,False
8.541984317260315,93.20754480751201,True,9.657465495608532,348,6,0,2.025,2.025,3.298806313138596,4.755647952982954,1.9369332482591342,-5.214846267471252,-76.6483684864782,141.98311858322734,1.85,1.1225,610,9,2,0.3758845622605716,OVL-1ae401a8b16c,17301,PAL,6,selection,3,1000000.0,,False
8.558132433527218,92.90670211669197,True,9.538895859473024,355,6,0,2.025,2.025,3.3179462257340377,5.005117459531926,2.057273793928159,-5.401131312404908,-76.18923066465602,141.35553908155464,1.85,1.1225,610,12,2,0.37590615990882237,OVL-91e82444be6e,17301,PAL,6,selection,3,1000000.0,,False
8.47898445563933,93.78725518294218,True,12.582810539523212,2,0,1,1.038749999999999,0.29125,1.8504391926221477,2.8906340044630228,1.6378647978353746,-6.2975437393458975,-63.29277368168202,126.1955616782601,1.0,0.29124999999999995,610,1,2,0.34479095572962243,OVL-863146dbacc1,17301,PAL,6,selection,3,1000000.0,,False
8.52113784327625,93.24003262163266,True,9.675031367628607,362,6,0,2.025,2.025,3.341522283234819,5.11369476389887,2.051530412715215,-4.661207312655472,-75.97683126097974,141.08550420228994,1.8662499999999995,1.1212499999999999,610,9,2,0.37531281829643637,OVL-f7e9f30990ed,17301,PAL,6,selection,3,1000000.0,,False
8.578928603365636,92.54181187547958,True,9.398368883312422,367,6,0,2.025,2.025,3.3080332295393626,5.131784047036107,2.124285858576734,-5.762097605697724,-75.80239928644436,141.37966553044544,1.85,1.1225,610,12,2,0.37605680104518824,OVL-c25c8c1bb38b,17301,PAL,6,selection,3,1000000.0,,False
8.527820221835098,94.28858874746028,True,12.405897114178167,3,0,1,1.0637499999999989,0.29125,1.9426126278998042,3.6229149786299,1.743394578726118,-4.7101051876910205,-63.03484911307327,126.16083801578992,1.0424999999999982,0.29124999999999995,610,1,2,0.34707801951008527,OVL-e8170ff89238,17301,PAL,6,selection,3,1000000.0,,False
8.589354904468951,92.3281104596488,True,9.721455457967378,394,6,0,2.025,2.025,3.3970298675896706,6.7674451059837875,2.120488875736188,-5.658937926440351,-73.05221992988098,137.6126885243518,1.7875,1.1462499999999998,610,13,2,0.3768325764966277,OVL-13238d59464e,17301,PAL,6,selection,3,1000000.0,,False
8.614269459881976,91.9460117537997,True,9.542032622333751,415,6,0,2.025,2.025,3.4221310274784584,7.317213478649158,2.2567438287295447,-5.794690645337079,-71.63803952657175,137.6163923526892,1.875,1.1462499999999998,610,14,2,0.37726765989409583,OVL-9f4eba4a7a1d,17301,PAL,6,selection,3,1000000.0,,False
7.759778698608237,94.09837563186976,True,18.053952321204516,176,4,0,2.025,2.025,3.083514027171008,3.860994340410382,1.6583288800814981,-5.209464951679596,-75.2795686012526,131.00841172602244,1.7,1.1575,610,4,2,0.3581182295792269,OVL-ad35a8536a3c,17301,PAL,6,selection,3,1000000.0,,False
7.482246887434187,94.215873837893,True,21.631744040150565,194,5,0,2.025,2.025,3.15468592243836,4.787571907683531,2.3815890710138654,-3.80361937443265,-75.31993007079555,136.88470973316575,1.725,1.0825,610,6,2,0.33924752563795607,OVL-974ea15ce447,17301,PAL,6,selection,3,1000000.0,,False
7.805225865157638,92.40350202223212,True,17.91969887076537,166,2,0,2.025,2.025,3.065635690144001,5.928850109963814,2.243181928489815,-6.014149696090486,-74.77469689492057,131.83062891798502,1.7,1.59375,610,5,2,0.3627751017144311,OVL-b45700842156,17301,PAL,6,selection,3,1000000.0,,False
7.370075233218156,94.82379550042339,True,22.937264742785448,115,2,0,2.025,2.025,3.00163360404452,3.262717604880118,1.5720338300287253,-4.57153814086195,-77.9775315003146,135.2559122898197,1.6074999999999988,0.3375,610,4,2,0.3400914345765014,OVL-ea0f68ecd27b,17301,PAL,6,selection,3,1000000.0,,False
8.449939141889345,92.72577325326499,True,9.963613550815557,397,4,0,2.025,2.025,3.38710791088799,6.060346986598236,2.220881980063792,-5.48902052857617,-74.12045109886792,133.82623803009133,1.825,1.5537499999999997,610,11,2,0.3777290109627431,OVL-b6619ff22e14,17301,PAL,6,selection,3,1000000.0,,False
6.228323235789359,83.37595307792215,True,42.57214554579674,424,7,0,2.025,2.025,3.4035555215350968,8.586498558423198,2.7605848684492975,-16.57718428295524,-77.86466065252118,142.60991949832487,1.9,0.775,610,14,2,0.3186650915029197,OVL-2812527a3949,17301,PAL,6,selection,3,1000000.0,,False
8.054871078510695,93.33328088681696,True,15.513174404015057,16,0,0,1.325,1.4262499999999998,2.2903471867143277,4.173301368649684,2.601205810570012,-5.807268476693327,-67.2594067886464,127.47492677277131,1.125,1.4262499999999998,610,2,2,0.33436571426702877,OVL-4f0b2147772e,17301,PAL,6,selection,3,1000000.0,,False
7.882406350328947,92.76097405286896,True,16.74780426599749,15,0,0,1.4274999999999978,0.29125,2.1935524313103536,3.992211965259259,2.790057910493997,-6.284396575128383,-68.72571903749683,127.19218754742835,1.2,0.29124999999999995,610,1,2,0.32103776344683654,OVL-aee82c832ef1,17301,PAL,6,selection,3,1000000.0,,False
9.440319407173082,91.5451176273878,True,5.385194479297365,412,5,0,2.025,2.025,3.3901558320609047,7.3986831874044485,2.0468869948705186,-6.534489670250641,-72.03319661463233,131.96380810077326,1.7537499999999995,1.4925,610,16,2,0.4238591949452631,OVP56,17301,PAL,8,selection,3,1000000.0,,False
9.562030280528369,93.94206971915061,True,4.6022584692597235,266,5,0,2.025,2.025,3.227798722507842,4.730821060524238,1.276663619447414,-5.114759059259782,-75.72297154035721,132.704741474408,1.771249999999999,1.4649999999999999,610,8,2,0.43074809970514977,VLP56,17301,PAL,8,selection,3,1000000.0,,False
-6.711900210480538,-83.3536336041117,False,608.3808030112924,610,8,59,2.025,2.025,1000000.0,85.44803209771086,22.91441855360132,-156.65748316099302,-70.60573483323621,121.17357010733815,1000000.0,1000000.0,610,610,2,-0.33259120149875165,PLL96-rejected-board,17301,PAL,8,selection,3,1000000.0,,False
9.45318216497893,94.49838966755146,True,6.077791718946048,522,7,0,2.025,2.025,3.532936544151338,14.015667398884606,-0.8543376980280297,-2.5910184884818768,-69.1768917174462,128.89641408307435,1.9412499999999997,1.7,610,23,2,0.3258045776865299,PLL96-IQ-corrected,17301,PAL,8,selection,3,1000000.0,,False
13.75452598083177,95.7170214135139,True,0.031367628607277286,3,0,1,0.9637499999999989,0.225,1.989608247929889,2.4194131116598423,1.7706826447427506,-1.7705820779022992,-70.4660575202384,126.84879973653585,0.9174999999999983,0.225,610,1,2,0.6437413267218881,floating-PLL-IQ40,17301,PAL,8,selection,3,1000000.0,,False
4.150881915695801,44.49185781494056,True,92.1900878293601,610,8,0,2.025,2.025,1000000.0,49.22775806300852,27.19340767838559,-25.80099524413032,-51.10464217732193,105.19660140995472,1000000.0,1000000.0,610,610,2,0.33845517244079876,HC50,17301,PAL,8,selection,3,1000000.0,,False
10.456531370304935,97.78080146694263,True,5.311166875784191,8,0,0,1.175,1.2949999999999995,2.162367609682034,0.5011548772721192,-2.3550726052370536,-7.447153323570885,-79.99838518482984,120.06083089631593,1.075,1.2949999999999995,610,2,2,0.3824951172716971,PLL96-board-fixed,17301,PAL,8,selection,3,1000000.0,,False
10.387248907297934,93.92070538938124,True,2.260978670012547,180,3,0,2.025,2.025,3.0870161328783436,3.6901296054424586,2.1597661925776177,-4.426763548567316,-69.66975114647357,130.96316156536932,1.775,1.9649999999999999,610,5,2,0.4527598069001094,OVL-1ae401a8b16c,17301,PAL,8,selection,3,1000000.0,,False
10.397926375476388,93.6393281566934,True,2.2383939774153077,186,5,0,2.025,2.025,3.1001992289906086,3.9378347976999835,2.2740624344374316,-4.601119926087591,-68.99978226401872,129.64545502117383,1.775,1.8925,610,5,2,0.45288057899467776,OVL-91e82444be6e,17301,PAL,8,selection,3,1000000.0,,False
10.598069552559846,95.02495778678419,True,3.7760351317440404,0,0,2,0.18874999999999886,0.13999999999999993,0.7717621416464328,1.6645996339167033,2.0665735732873016,-3.7253816168663305,-59.7733196495234,124.18362188043298,0.18874999999999886,0.13999999999999996,610,0,2,0.43287098292478415,OVL-863146dbacc1,17301,PAL,8,selection,3,1000000.0,,False
10.364284439790065,93.87995659454639,True,2.2672521957340024,183,3,0,2.025,2.025,3.1144028752428357,3.913545648450086,2.261490720942247,-4.023637640133552,-69.67029253407615,130.3467504366279,1.7924999999999998,1.8099999999999998,610,4,2,0.4517955915736818,OVL-f7e9f30990ed,17301,PAL,8,selection,3,1000000.0,,False
10.412783763872579,93.26854110743487,True,2.2020075282308658,191,3,0,2.025,2.025,3.1261365474981764,4.057351983965539,2.350397283465864,-4.996614209300861,-68.99973142381165,129.54419983260377,1.775,1.8099999999999998,610,5,2,0.4530213529434509,OVL-c25c8c1bb38b,17301,PAL,8,selection,3,1000000.0,,False
10.642942374140496,95.45661014459665,True,3.727728983688833,0,0,2,0.225,0.23999999999999996,0.9208563592798985,2.2037289098554753,2.135392381062487,-2.4502715327428426,-59.56404465309413,122.67094575311467,0.225,0.23999999999999994,610,0,2,0.4351963719155388,OVL-e8170ff89238,17301,PAL,8,selection,3,1000000.0,,False
10.416965865647574,93.56967615832588,True,2.2647427854454203,202,3,0,2.025,2.025,3.158413765207925,4.996495043795189,2.1471595238059495,-4.731019840660626,-68.96695115924942,129.24044778009494,1.8,1.97,610,6,2,0.4541462655698367,OVL-13238d59464e,17301,PAL,8,selection,3,1000000.0,,False
10.433912190970286,93.24885949417774,True,2.225219573400251,215,3,0,2.025,2.025,3.18407528853166,5.5326503029753,2.2456531509634035,-4.8386020612657346,-66.79261798678344,127.99622376495833,1.8,1.8099999999999998,610,7,2,0.4546553623883392,OVL-9f4eba4a7a1d,17301,PAL,8,selection,3,1000000.0,,False
9.511663059292463,95.03920741802897,True,5.17754077791719,32,1,0,2.025,1.464999999999999,2.7256022952683905,2.771894032248768,1.8631911832919779,-4.171261613172064,-66.69584931084476,123.56080756400112,1.6,0.3874999999999999,610,1,2,0.4341705122957362,OVL-ad35a8536a3c,17301,PAL,8,selection,3,1000000.0,,False
9.309204101811329,95.14968531514896,True,6.505018820577164,63,1,0,2.025,1.5699999999999994,2.8688727330928656,3.5719801972038563,2.498111700527445,-2.887900865155993,-65.37441694694978,136.92968965127088,1.625,0.6499999999999998,610,2,2,0.4170189345126944,OVL-974ea15ce447,17301,PAL,8,selection,3,1000000.0,,False
9.524599077830837,93.66105553572275,True,4.781053952321205,47,0,0,2.025,0.6537499999999998,2.7580885808641877,4.858833072297709,2.1655608709868823,-4.821364544533053,-65.6510619123123,129.3503512319515,1.625,0.6537499999999998,610,3,2,0.4398530785384335,OVL-b45700842156,17301,PAL,8,selection,3,1000000.0,,False
9.1233751384747,95.37972679024647,True,7.2151819322459225,27,0,0,1.8887499999999988,0.6087499999999998,2.6157193206310323,2.5609514860162452,1.8571779146574376,-3.8873221140855176,-68.54442866589727,130.2109095533977,1.45,0.6087499999999998,610,1,2,0.41545111646781424,OVL-ea0f68ecd27b,17301,PAL,8,selection,3,1000000.0,,False
10.068683616265304,93.8475822381175,True,2.603513174404015,256,2,0,2.025,2.025,3.233610619917454,4.355638137245827,2.3687495827600396,-4.425933375289045,-79.33443906795999,127.8458484228779,1.8087499999999992,1.04375,610,9,2,0.4448116168311062,OVL-b6619ff22e14,17301,PAL,8,selection,3,1000000.0,,False
7.982295943964156,87.03117636140055,True,16.626097867001256,196,0,0,2.025,1.6299999999999997,3.2123412759901386,5.989818514363651,2.256580372645413,-13.823993816598874,-76.63886529375196,136.7961710614122,1.8087499999999992,1.6299999999999997,610,8,2,0.3961986660347618,OVL-2812527a3949,17301,PAL,8,selection,3,1000000.0,,False
9.686148793024,94.47095397337681,True,5.606649937264742,1,0,1,0.625,0.16499999999999995,1.4166486765978372,2.507969504396384,2.9723446141318375,-4.044740473154926,-59.077926475373395,118.96875260392312,0.625,0.16499999999999995,610,1,2,0.3998585125331676,OVL-4f0b2147772e,17301,PAL,8,selection,3,1000000.0,,False
9.616757251525955,93.99212299342194,True,5.982434127979924,1,0,1,0.6,0.2562499999999999,1.281042300638926,2.556671238484315,3.172562670971178,-4.1422970091431885,-64.33742918842869,120.46572913014413,0.6,0.2562499999999999,610,1,2,0.3890502261926258,OVL-aee82c832ef1,17301,PAL,8,selection,3,1000000.0,,False
11.042557485832873,93.71973875093776,True,1.4090338770388957,163,4,0,2.025,2.025,3.0733498964696087,4.972875414607857,1.7109846043415715,-4.735425729479379,-69.77085666470204,131.88779798290864,1.7174999999999998,1.4425000000000001,610,6,2,0.4972685397073512,OVP56,17301,PAL,10,selection,3,1000000.0,,False
11.177526956816111,95.29812535327756,True,1.1925972396486826,74,3,0,2.025,2.025,2.835144947793675,3.286893769922436,1.257207463710635,-3.677920589377802,-70.25386943444538,131.94086232560704,1.6,0.745,610,3,2,0.5042863287305257,VLP56,17301,PAL,10,selection,3,1000000.0,,False
-6.688305196967695,-82.78742800988245,False,608.1367628607277,610,8,62,2.025,2.025,1000000.0,84.38645094918174,23.16915302955728,-156.30849760953265,-70.18707166401049,80.37093246887076,1000000.0,1000000.0,610,610,2,-0.3462262305946056,PLL96-rejected-board,17301,PAL,10,selection,3,1000000.0,,False
9.422574716968565,95.07012567966062,True,5.9930991217064,545,7,0,2.025,2.025,3.593918474311848,15.116204739353579,-1.040945580357426,-2.3626434517586508,-56.80796082879411,124.7137513845372,1.7399999999999998,1.15,610,39,2,0.3418681808322153,PLL96-IQ-corrected,17301,PAL,10,selection,3,1000000.0,,False
15.382374084539212,95.7257160973273,True,0.0018820577164366374,0,0,2,0.175,0.05,1.1088148118081964,2.304007268173121,1.8880634336987465,-1.6075016967297064,-63.786171055825584,125.29397352876865,0.175,0.05,610,0,2,0.7186407370513861,floating-PLL-IQ40,17301,PAL,10,selection,3,1000000.0,,False
4.234540594516686,44.41672987782275,True,89.79234629861982,610,8,0,2.025,2.025,1000000.0,49.2602778727885,27.202673862519152,-25.773218004316977,-15.006321128390006,101.21750603591812,1000000.0,1000000.0,610,610,2,0.39491005948093033,HC50,17301,PAL,10,selection,3,1000000.0,,False
11.190026618689279,98.52965003174793,True,4.14930991217064,14,0,0,1.452499999999998,1.2449999999999994,2.251355156776982,1.5585179892496785,-2.1786800388934897,-5.803361012234106,-65.71829630256269,112.2184196803668,1.13125,1.2449999999999997,610,2,2,0.42041165590069207,PLL96-board-fixed,17301,PAL,10,selection,3,1000000.0,,False
11.707137663553997,94.25718410655588,True,0.9579673776662484,48,1,0,2.025,1.8149999999999997,2.776878111524405,3.1967632436738085,2.3472668683508213,-3.963257391336199,-66.45599290948927,129.28032726096023,1.5987499999999983,1.0799999999999992,610,2,2,0.5151043903957729,OVL-1ae401a8b16c,17301,PAL,10,selection,3,1000000.0,,False
11.714411925136037,94.0014485160702,True,0.9535759096612296,54,1,0,2.025,1.8149999999999997,2.7917946881773474,3.42682411899006,2.4579380627147818,-4.122241872904507,-66.14988406962806,129.1925515550795,1.6,1.0799999999999992,610,2,2,0.5153008290267275,OVL-91e82444be6e,17301,PAL,10,selection,3,1000000.0,,False
12.047102210278329,95.30103213158851,True,1.8005018820577166,0,0,2,0.1,0.13249999999999998,0.2273826485298714,1.3397689496568845,2.2102429805937773,-3.104545883982303,-59.280971916810635,121.34727656155894,0.1,0.13249999999999998,610,0,2,0.504939412628895,OVL-863146dbacc1,17301,PAL,10,selection,3,1000000.0,,True
11.679044943734652,94.18901261248274,True,0.9629861982434128,53,1,0,2.025,1.8149999999999997,2.7985593562361726,3.3090717079248066,2.4428381281160827,-3.6355186100867525,-66.40420717693453,130.2617849248668,1.6,1.0799999999999992,610,2,2,0.5138297061101078,OVL-f7e9f30990ed,17301,PAL,10,selection,3,1000000.0,,False
11.72200767641587,93.63688510114886,True,0.9560853199498118,57,1,0,2.025,1.8149999999999997,2.807607005556366,3.5188171327872824,2.5453131250581524,-4.547785401862458,-66.57178499959606,130.23491092804935,1.625,1.3349999999999997,610,2,2,0.5153525186080412,OVL-c25c8c1bb38b,17301,PAL,10,selection,3,1000000.0,,False
12.090960123120118,95.69345345963406,True,1.7785445420326222,0,0,2,0.1,0.13249999999999998,0.3655839703054037,1.7926941128003244,2.2777614111841054,-1.9662979233892885,-59.50269784689305,120.93573146740675,0.1,0.13249999999999998,610,0,2,0.5071893351837884,OVL-e8170ff89238,17301,PAL,10,selection,3,1000000.0,,False
11.76332749265569,94.25882982437182,True,0.9818067754077792,49,1,0,2.025,1.8149999999999997,2.862840480182796,3.987263222818446,2.22779933727585,-4.168595627292985,-65.36481304458985,126.15085791516117,1.575,1.0724999999999991,610,2,2,0.5179833130591122,OVL-13238d59464e,17301,PAL,10,selection,3,1000000.0,,False
11.773668630999541,94.01691616352328,True,0.9705144291091593,56,0,0,2.025,1.0312499999999996,2.8881509377714627,4.47241937342017,2.2940558333904373,-4.243992416000836,-63.818680765825945,126.77733945616816,1.5837500000000007,1.0312499999999993,610,2,2,0.518391629475816,OVL-9f4eba4a7a1d,17301,PAL,10,selection,3,1000000.0,,False
10.857141273176868,95.48866102681296,True,1.5840652446675032,6,0,0,1.05,0.3124999999999999,2.1936948706304764,2.288547133149323,1.8701699648024506,-3.793518651229989,-63.45328408434183,122.50367782914523,1.0,0.3124999999999999,610,1,2,0.4982687139127353,OVL-ad35a8536a3c,17301,PAL,10,selection,3,1000000.0,,False
10.745140656988992,95.582028751379,True,1.9410288582183186,8,0,0,1.338749999999999,0.5762499999999997,2.3115986615528707,3.025211988760638,2.430474095453093,-2.640201756962768,-62.908120974373546,125.99248268766291,1.246249999999995,0.5762499999999997,610,1,2,0.4860627013993191,OVL-974ea15ce447,17301,PAL,10,selection,3,1000000.0,,False
10.848635092637753,94.27816665854563,True,1.3199498117942283,14,0,0,1.538749999999999,0.26499999999999996,2.4779163043592485,4.628281389115207,2.0365322308694536,-4.235534481747995,-65.78840994659404,128.16593296115516,1.3,0.26499999999999996,610,1,2,0.5051042751160866,OVL-b45700842156,17301,PAL,10,selection,3,1000000.0,,False
10.48049804386855,95.50947791424196,True,2.1593475533249684,5,0,0,1.288749999999999,0.19124999999999998,2.2184637954157034,2.588542400532721,1.987163311548056,-3.611407941450378,-66.67739751855635,131.2061617643214,1.2449999999999988,0.19124999999999998,610,1,2,0.48173179571771013,OVL-ea0f68ecd27b,17301,PAL,10,selection,3,1000000.0,,False
11.2490825537614,94.46166038530218,True,1.006900878293601,106,0,0,2.025,0.8649999999999997,3.0143154231496903,3.5641839420198993,2.373308836352724,-3.894514358115019,-68.03792189934362,125.9391560179858,1.8,0.8649999999999997,610,3,2,0.4988397516334424,OVL-b6619ff22e14,17301,PAL,10,selection,3,1000000.0,,False
9.500740485051743,89.57157623711521,True,6.028858218318695,53,0,0,2.025,0.8549999999999998,2.8205116789439546,4.368104074484409,2.037731689087699,-11.757302366372112,-68.76522625888552,132.945509419106,1.525,0.8549999999999998,610,3,2,0.46912836924456824,OVL-2812527a3949,17301,PAL,10,selection,3,1000000.0,,False
10.644959933743445,94.7803659432806,True,2.8450439146800504,0,0,2,0.21374999999999889,0.08249999999999998,0.742508348465513,2.140800136235593,3.0690533302308776,-3.403623100975398,-61.66980666436971,116.34271470134547,0.21374999999999886,0.08249999999999998,610,0,2,0.44388417974544864,OVL-4f0b2147772e,17301,PAL,10,selection,3,1000000.0,,False
10.646073069450201,94.32227603328714,True,2.8732747804266,0,0,2,0.21374999999999889,0.14874999999999997,0.7026778405079981,2.1451785438610496,3.2797144419073123,-3.5488401220711077,-59.37092329363183,115.27760186959145,0.21374999999999886,0.14874999999999997,610,0,2,0.43675321114790633,OVL-aee82c832ef1,17301,PAL,10,selection,3,1000000.0,,False
13.41222664539014,96.31723427137786,True,0.5351317440401505,3,0,1,0.9387499999999989,0.7737499999999993,1.998439980546935,1.7740206029586185,1.2927812098838876,-2.511754700433697,-65.49426691935416,127.05271770523996,0.925,0.7737499999999995,610,1,2,0.6097384471506772,OVP56,17301,PAL,14,selection,3,1000000.0,,False
13.562470975730497,96.77053345412328,True,0.5081555834378921,0,0,2,0.75,0.8262499999999995,1.4473180397537788,1.416421339776565,1.2500227497718324,-2.0614504568775467,-65.25365418307479,125.44343120434448,0.75,0.8262499999999996,610,0,2,0.6169103190880383,VLP56,17301,PAL,14,selection,3,1000000.0,,False
-6.689401138331235,-82.47773790182522,False,609.2026348808031,610,8,62,2.025,2.025,1000000.0,83.36672680737932,23.131953860326075,-156.2454043966445,-69.53913394533144,78.12495151414635,1000000.0,1000000.0,610,610,2,-0.35885036190806247,PLL96-rejected-board,17301,PAL,14,selection,3,1000000.0,,False
9.214054854384518,96.40554915176973,True,6.212045169385195,557,7,0,2.025,2.025,3.6342043197563685,15.886303764164012,-1.1955603055732182,-1.88902580678204,-55.10934127733685,120.67476621889625,1.9,1.2,610,41,2,0.35509048896858314,PLL96-IQ-corrected,17301,PAL,14,selection,3,1000000.0,,False
18.161130704966904,96.16872745668002,True,0.0,0,0,2,0.025,0.04124999999999999,0.04423762214580203,1.82098120740023,1.797112263873177,-1.2731980143975856,-57.69906770133672,120.20242085907196,0.025,0.04124999999999999,610,0,2,0.8289995156066882,floating-PLL-IQ40,17301,PAL,14,selection,3,1000000.0,,True
4.331709020313952,44.49504841195471,True,89.03764115432872,610,8,0,2.025,2.025,1000000.0,49.077035024201365,27.13627844431933,-25.693215699547686,-5.79306201584442,88.56573323241565,1000000.0,1000000.0,610,610,2,0.4839355848622849,HC50,17301,PAL,14,selection,3,1000000.0,,False
11.79618593902095,98.76414552213566,True,3.909661229611041,8,0,0,1.225,0.7862499999999994,2.1337994477121036,3.6628869659543124,-1.7467309568042688,-3.7613898841181865,-60.005634207191584,112.10150231563941,1.025,0.7862499999999996,610,1,2,0.459478818546376,PLL96-board-fixed,17301,PAL,14,selection,3,1000000.0,,False
13.61928244340858,94.93210002950897,True,0.6392722710163111,0,0,2,0.7137499999999989,0.8274999999999996,1.4864579970685954,2.4233809313775567,2.4739170827283448,-3.084879397415342,-64.44420147510192,123.06060824402309,0.7137499999999989,0.8274999999999995,610,0,2,0.6097691949652774,OVL-1ae401a8b16c,17301,PAL,14,selection,3,1000000.0,,False
13.627992267168809,94.7263755208822,True,0.6417816813048933,0,0,2,0.8,0.8274999999999996,1.5380268656119964,2.6059857064670395,2.586117907060512,-3.2131777251350013,-62.891233717199555,123.06063661678468,0.8,0.8274999999999995,610,0,2,0.6103669212934474,OVL-91e82444be6e,17301,PAL,14,selection,3,1000000.0,,False
14.028635911918258,95.63933201699095,True,1.2358845671267251,0,0,2,0.075,0.08249999999999998,0.04406357181000807,1.0575496055461509,2.0062176978175126,-2.9407812838543985,-50.84570695034457,109.05460673780058,0.075,0.08249999999999998,610,0,2,0.6120421049234037,OVL-863146dbacc1,17301,PAL,14,selection,3,1000000.0,,True
13.586002530265432,94.87502322316817,True,0.6468005018820577,0,0,2,0.725,0.8274999999999996,1.4971886222155857,2.384045106838876,2.552291996554752,-2.7918834225213893,-64.44242959306754,121.4981752586846,0.725,0.8274999999999995,610,0,2,0.608414683124866,OVL-f7e9f30990ed,17301,PAL,14,selection,3,1000000.0,,False
13.629937705491223,94.41131920705867,True,0.6474278544542033,0,0,2,0.8,0.8437499999999996,1.5924546729015245,2.601430870416775,2.6923178999326867,-3.66309134912751,-62.26183636479817,123.17821246062238,0.8,0.8437499999999997,610,0,2,0.6105689420142844,OVL-c25c8c1bb38b,17301,PAL,14,selection,3,1000000.0,,False
14.058695714823788,95.93811430079127,True,1.2484316185696362,0,0,2,0.075,0.08249999999999998,0.04100429805540382,1.4035676439114717,2.128636326274674,-1.978032626354669,-50.87918781169611,109.58255578216259,0.075,0.08249999999999998,610,0,2,0.6132494879056755,OVL-e8170ff89238,17301,PAL,14,selection,3,1000000.0,,True
13.776143808245777,95.34473128521519,True,0.6348808030112923,0,0,2,0.8,0.8274999999999996,1.5561465911393932,2.5834257200237283,2.2339333662408345,-3.187858055324241,-63.09394420830825,120.17879922724936,0.8,0.8274999999999995,610,0,2,0.6170019489188169,OVL-13238d59464e,17301,PAL,14,selection,3,1000000.0,,False
13.779794478869134,95.26983343898718,True,0.6392722710163111,0,0,2,0.788749999999999,0.8274999999999996,1.622625945502041,2.9139706774872436,2.2593584637586086,-3.178537750097591,-61.51240129934393,119.95492511159122,0.7887499999999988,0.8274999999999995,610,0,2,0.6170864490767831,OVL-9f4eba4a7a1d,17301,PAL,14,selection,3,1000000.0,,False
13.01800155393591,96.36673745189496,True,0.33877038895859474,0,0,2,0.1,0.17999999999999988,0.9598262308577648,1.6193483150838408,1.50664734705408,-3.32674301987751,-57.69833441386639,121.96662664531544,0.1,0.17999999999999988,610,0,2,0.6055541390190612,OVL-ad35a8536a3c,17301,PAL,14,selection,3,1000000.0,,False
12.932007775546925,96.47341941103947,True,0.4836888331242158,0,0,2,0.3274999999999977,0.06624999999999999,1.1899700368179824,2.241024167916857,1.9410058982120615,-2.2922616949062804,-58.67370181873538,121.60805754550805,0.32749999999999774,0.06624999999999999,610,0,2,0.5949675239988952,OVL-974ea15ce447,17301,PAL,14,selection,3,1000000.0,,False
12.850735916031002,95.498348751285,True,0.28732747804265996,1,0,2,0.875,0.7487499999999994,1.656619862194128,3.923219839437564,1.6943121179753482,-3.3060920089857797,-57.23919418114232,125.54712988369417,0.8650000000000005,0.7487499999999995,610,1,2,0.6051210947967607,OVL-b45700842156,17301,PAL,14,selection,3,1000000.0,,False
12.469338498217372,95.8252209032482,True,0.4397741530740276,1,0,2,0.8,0.28624999999999984,1.4435079171006815,2.726312686488617,1.9321721873015165,-3.021593768681345,-58.380805432706424,121.4762627502817,0.7900000000000006,0.2862499999999998,610,1,2,0.5821303805861621,OVL-ea0f68ecd27b,17301,PAL,14,selection,3,1000000.0,,False
12.87159508292685,95.5633231520196,True,0.5476787954830615,7,0,0,1.225,0.5724999999999999,2.177020563140897,2.5213944300102447,2.1281122587136276,-3.018064579320057,-65.31310390408592,123.0148133130061,1.0974999999999995,0.5725,610,1,2,0.5773338452687099,OVL-b6619ff22e14,17301,PAL,14,selection,3,1000000.0,,False
12.042386656923263,93.1858419931442,True,0.5934755332496864,0,0,2,0.625,0.05,1.3761072293093215,2.364066176197331,1.7755320435444308,-8.126162156822543,-63.70783618277171,126.03405525736818,0.625,0.05,610,0,2,0.5906863953750088,OVL-2812527a3949,17301,PAL,14,selection,3,1000000.0,,False
11.777297930678996,95.42555760388875,True,1.4560853199498118,0,0,2,0.125,0.075,0.1407022784020962,1.5086963274208078,2.978196809212095,-2.5929672482929798,-52.413292079251164,113.07005489227635,0.125,0.075,610,0,2,0.4989164959837705,OVL-4f0b2147772e,17301,PAL,14,selection,3,1000000.0,,True
11.762843274004721,94.88817006064845,True,1.617314930991217,0,0,2,0.1,0.075,0.14403437658886944,1.4832635621394994,3.159593092309319,-3.032457556372022,-52.587303637433195,113.48888318021298,0.1,0.075,610,0,2,0.49113245726143084,OVL-aee82c832ef1,17301,PAL,14,selection,3,1000000.0,,True
14.832026577385655,97.17947481571454,True,0.40401505646173147,0,0,2,0.05,0.2049999999999999,0.5819439934181037,0.6603172163894362,1.1615714198788287,-1.6614768286024197,-61.18041393638079,124.47713221663639,0.05,0.2049999999999999,610,0,2,0.6769558383756403,OVP56,17301,PAL,18,selection,3,1000000.0,,False
15.006826581050072,97.26441899407591,True,0.3833124215809285,0,0,2,0.05,0.04124999999999999,0.29700002759838695,0.7272872238104356,1.271696108957771,-1.43552420679738,-61.21063676081952,123.84629099377281,0.05,0.04124999999999999,610,0,2,0.6846196088146381,VLP56,17301,PAL,18,selection,3,1000000.0,,False
-6.693697516872547,-82.48260453369603,False,610.4278544542033,610,8,62,2.025,2.025,1000000.0,83.56544195062352,22.8739728831311,-156.18173617149375,-67.88388682715427,78.16864677321459,1000000.0,1000000.0,610,610,2,-0.3634946955633561,PLL96-rejected-board,17301,PAL,18,selection,3,1000000.0,,False
9.05321713586031,97.43370919303338,True,6.366373902132998,575,7,0,2.025,2.025,3.6708723175055504,15.752458180844632,-1.1257731385172425,-1.7030504180228865,-53.454190796799246,118.06600913688197,1.8649999999999998,1.25,610,84,2,0.3641755533998485,PLL96-IQ-corrected,17301,PAL,18,selection,3,1000000.0,,False
19.999485978414558,96.3172173905405,True,0.0,0,0,2,0.025,0.025,0.021662462812015792,1.67157949674606,1.746132191064565,-1.1644897687846274,-53.17901651056887,119.3824870292016,0.025,0.025,610,0,2,0.8865193287241021,floating-PLL-IQ40,17301,PAL,18,selection,3,1000000.0,,True
4.365446729470503,44.490064551038415,True,88.92910915934756,610,8,0,2.025,2.025,1000000.0,48.992049446675665,27.121130871289473,-25.680333813417942,-2.0327347979763672,86.13257381829757,1000000.0,1000000.0,610,610,2,0.5356152236126818,HC50,17301,PAL,18,selection,3,1000000.0,,False
11.979839070587701,98.05428512991095,True,3.7885821831869513,29,0,0,1.875,0.6575,2.483990693952374,5.0346826926909705,-1.1722056831509724,-2.9745683563915275,-60.0885748719499,111.56354763757261,1.375,0.6575,610,2,2,0.47617458213925407,PLL96-board-fixed,17301,PAL,18,selection,3,1000000.0,,False
14.683474154839725,95.07546194050852,True,0.5583437892095358,0,0,2,0.05,0.05,0.42990062709924937,2.2760907282176794,2.6204131314353316,-2.6639201403876123,-60.48437922009766,120.34565876525508,0.05,0.05,610,0,2,0.6634986540208248,OVL-1ae401a8b16c,17301,PAL,18,selection,3,1000000.0,,False
14.69875638402397,94.90496953779535,True,0.5589711417816814,0,0,2,0.05,0.05,0.4303639329150369,2.426152195335019,2.7291014742951583,-2.7646164675721487,-59.52190024911537,120.34566378559956,0.05,0.05,610,0,2,0.6646276125629706,OVL-91e82444be6e,17301,PAL,18,selection,3,1000000.0,,False
15.18193522550487,95.60207517394866,True,1.0771643663739021,0,0,2,0.075,0.06624999999999999,0.04034939616018811,1.1590105687223884,1.8371231805285766,-3.1971973264286304,-49.55427907378378,106.56551584323893,0.075,0.06624999999999999,610,0,2,0.6754266180575776,OVL-863146dbacc1,17301,PAL,18,selection,3,1000000.0,,True
14.652217804578328,95.03378733023305,True,0.5715181932245922,0,0,2,0.05,0.05,0.4025685971481582,2.1552265252876035,2.671870734595798,-2.3680439977310135,-61.11293127162081,120.89409325169169,0.05,0.05,610,0,2,0.6625072761952031,OVL-f7e9f30990ed,17301,PAL,18,selection,3,1000000.0,,False
14.701555407861136,94.6633468442501,True,0.5683814303638646,0,0,2,0.05,0.05,0.44336294017577915,2.3139489200661405,2.835379723359229,-3.2028036333457672,-59.559121674314085,119.30997884663591,0.05,0.05,610,0,2,0.6650413718470392,OVL-c25c8c1bb38b,17301,PAL,18,selection,3,1000000.0,,False
15.195953089593834,95.79269618941424,True,1.0734002509410288,0,0,2,0.075,0.06624999999999999,0.038384380361518214,1.3792219939380652,2.0224228559052286,-2.4939051601736097,-49.56671294307313,107.23403487332916,0.075,0.06624999999999999,610,0,2,0.675527247188869,OVL-e8170ff89238,17301,PAL,18,selection,3,1000000.0,,True
14.949292193113926,95.71466920368542,True,0.5495608531994981,0,0,2,0.05,0.05,0.3793247883832102,2.0535285842965556,2.2807104401416947,-2.7399939237084086,-60.235196859876204,119.65677168105103,0.05,0.05,610,0,2,0.6748606355497305,OVL-13238d59464e,17301,PAL,18,selection,3,1000000.0,,False
14.94706361657917,95.7712285952083,True,0.5539523212045169,0,0,2,0.05,0.05,0.45752138711991497,2.2264690956981514,2.2883498613200004,-2.668728752046393,-58.82972656435634,119.65677168105131,0.05,0.05,610,0,2,0.6744784266609005,OVL-9f4eba4a7a1d,17301,PAL,18,selection,3,1000000.0,,False
14.409089843128971,96.7424730381821,True,0.16938519447929737,0,0,2,0.075,0.05,0.3544043721744886,1.5938072880400498,1.1973597601136914,-3.1607658579642415,-56.3202521019457,116.25219554898226,0.075,0.05,610,0,2,0.6728152707107202,OVL-ad35a8536a3c,17301,PAL,18,selection,3,1000000.0,,False
14.326313838940397,96.90863846214822,True,0.26411543287327477,0,0,2,0.075,0.06624999999999999,0.39798673674250856,2.138399134246823,1.4788094419756541,-2.1766003437508807,-55.219517662469,117.67063328750848,0.075,0.06624999999999999,610,0,2,0.6631181063821161,OVL-974ea15ce447,17301,PAL,18,selection,3,1000000.0,,False
14.03751451276397,96.21744221433626,True,0.1618569636135508,0,0,2,0.075,1.138749999999999,0.8863485372629645,3.157165939550493,1.6663449370108898,-2.736004392924677,-52.37810968428691,124.91658207950923,0.075,1.1387499999999993,610,0,2,0.6615559174911239,OVL-b45700842156,17301,PAL,18,selection,3,1000000.0,,False
13.62709131413094,95.76516571140186,True,0.24654956085319948,0,0,2,0.075,0.05,0.7923216301312053,2.9370821215009455,1.9255813214051773,-2.7390444286313436,-54.67406744375967,121.04343861904292,0.075,0.05,610,0,2,0.6405599125805457,OVL-ea0f68ecd27b,17301,PAL,18,selection,3,1000000.0,,False
13.735730796326465,96.00507987332674,True,0.4604767879548306,0,0,2,0.41374999999999884,0.42374999999999974,1.162591438321742,2.155375795712368,1.9970877184523848,-2.654407221890669,-59.85746969720182,121.36811479481929,0.41374999999999884,0.42374999999999974,610,0,2,0.6190699384723484,OVL-b6619ff22e14,17301,PAL,18,selection,3,1000000.0,,False
13.558268159494848,94.71067609075575,True,0.09410288582183188,0,0,2,0.05,0.04124999999999999,0.33961767317739255,1.4677126403000493,1.6981379390281366,-6.423130692625232,-57.32004165790346,123.81567267310064,0.05,0.04124999999999999,610,0,2,0.6597140564659052,OVL-2812527a3949,17301,PAL,18,selection,3,1000000.0,,False
12.266284409303093,95.69724171222549,True,1.1624843161856964,0,0,2,0.1,0.08249999999999998,0.07241444924195994,1.2678172187615746,2.9130138399157692,-2.251778281477249,-51.61001039270267,111.11801094742123,0.1,0.08249999999999998,610,0,2,0.5233234795240609,OVL-4f0b2147772e,17301,PAL,18,selection,3,1000000.0,,True
12.232106312602538,95.07003050268194,True,1.2954830614805521,0,0,2,0.1,0.075,0.15102450675087226,1.19310048817561,3.115764123806387,-2.8612804939227554,-50.88009637222453,109.80028477413597,0.1,0.075,610,0,2,0.5154728309716773,OVL-aee82c832ef1,17301,PAL,18,selection,3,1000000.0,,True
15.503059220827797,97.46521137383654,True,0.3676286072772898,0,0,2,0.05,0.025,0.02285915535636777,0.2942330875870349,1.094031109334469,-1.3970522855936693,-59.32559682082254,124.65566300585269,0.05,0.025,610,0,2,0.7079622967371159,OVP56,17301,PAL,22,selection,3,1000000.0,,True
15.697767643067051,97.45806432756152,True,0.3582183186951066,0,0,2,0.05,0.04124999999999999,0.020719635100274438,0.4447744942368828,1.2526071235116243,-1.2499210539801873,-58.447035394861174,123.99700400350528,0.05,0.04124999999999999,610,0,2,0.7161218595914072,VLP56,17301,PAL,22,selection,3,1000000.0,,True
-6.701901155590337,-82.72100675600576,False,611.4222082810539,610,8,63,2.025,2.025,1000000.0,84.23167983413313,22.703272349928017,-156.19582714499276,-67.95504773327994,75.75354311962747,1000000.0,1000000.0,610,610,2,-0.3654849353508681,PLL96-rejected-board,17301,PAL,22,selection,3,1000000.0,contrast;strong_detail;sync;h_jitter_us;v_jitter_us;h_width_rmse_us;sync_error_ire;black_error_ire;white_error_ire;fine_detail,False
8.969731404714224,98.26516817158712,True,6.410288582183187,598,8,0,2.025,2.025,3.675070860994837,14.910013167817437,-1.0819339059473916,-1.625412405946498,-53.516814822164555,112.1725493579844,1.6299999999999997,1000000.0,610,150,2,0.36919017218112654,PLL96-IQ-corrected,17301,PAL,22,selection,3,1000000.0,strong_detail;sync;h_jitter_us;v_jitter_us;h_width_rmse_us;sync_error_ire;fine_detail,False
20.970797375151218,96.37475813994782,True,0.0,0,0,2,0.025,0.025,0.020294956169000202,1.642686958656414,1.7287699009749917,-1.104157223785194,-48.86164864205307,113.27725760023395,0.025,0.025,610,0,2,0.9117276879299349,floating-PLL-IQ40,17301,PAL,22,selection,3,1000000.0,,True
4.378208818456106,44.48973371330646,True,88.89272271016311,610,8,0,2.025,2.025,1000000.0,48.95247153653456,27.12939861767941,-25.643213536703367,0.7658570761220389,84.4277074187132,1000000.0,1000000.0,610,610,2,0.5603748330470737,HC50,17301,PAL,22,selection,3,1000000.0,contrast;strong_detail;sync;h_jitter_us;v_jitter_us;h_width_rmse_us;sync_error_ire;black_error_ire;white_error_ire;fine_detail,False
11.98358051674351,97.43425141065312,True,3.691969887076537,0,0,2,0.425,0.18874999999999992,0.13101119962136637,5.629193091792447,-0.7852800798496948,-2.739061841736675,-58.282575384434274,111.39423306279136,0.425,0.18874999999999992,610,0,2,0.4834946369881946,PLL96-board-fixed,17301,PAL,22,selection,3,1000000.0,strong_detail;h_jitter_us;sync_error_ire;fine_detail,False
15.152809102386414,95.06980335714783,True,0.5401505646173149,0,0,2,0.05,0.05,0.029907644726971633,2.277538911156246,2.667541659385696,-2.5529378691665667,-56.74400913708898,119.86930502025231,0.05,0.05,610,0,2,0.6872078552764995,OVL-1ae401a8b16c,17301,PAL,22,selection,3,1000000.0,,True
15.171500110913755,94.91901966450713,True,0.5426599749058971,0,0,2,0.05,0.05,0.030129501908360546,2.4121783662481304,2.76972941714917,-2.6372065403511726,-56.28965187074504,119.86928524037103,0.05,0.05,610,0,2,0.688565824553589,OVL-91e82444be6e,17301,PAL,22,selection,3,1000000.0,,True
15.715261089345535,95.57852440519333,True,1.0150564617314932,0,0,2,0.075,0.05,0.0390984465751539,1.2153855977024484,1.7070343199017202,-3.3533392206061365,-48.77133762510116,104.6761709337606,0.075,0.05,610,0,2,0.7046161828222296,OVL-863146dbacc1,17301,PAL,22,selection,3,1000000.0,,True
15.128061326296962,95.04126335230023,True,0.5539523212045169,0,0,2,0.05,0.05,0.02978749875312147,2.103249353445918,2.7124060469823723,-2.2534392324785646,-56.964729564525854,120.4876592221105,0.05,0.05,610,0,2,0.6866816124548127,OVL-f7e9f30990ed,17301,PAL,22,selection,3,1000000.0,,True
15.172405016630837,94.72510706514527,True,0.5577164366373902,0,0,2,0.05,0.05,0.030163488948955663,2.2236595413913025,2.8752926996221126,-3.06809588138083,-56.290156887101766,118.32728172671756,0.05,0.05,610,0,2,0.6889092488285136,OVL-c25c8c1bb38b,17301,PAL,22,selection,3,1000000.0,,True
15.719232193226347,95.70076480852151,True,1.0188205771643664,0,0,2,0.075,0.05,0.03795489125912237,1.3575285244342956,1.9615611117508787,-2.8159886720291682,-48.90535068177426,105.91324480558723,0.075,0.05,610,0,2,0.7041075351864099,OVL-e8170ff89238,17301,PAL,22,selection,3,1000000.0,,True
15.483225976253996,95.82732047164507,True,0.5238393977415307,0,0,2,0.05,0.05,0.028826075399728274,1.8306645441438196,2.2741155541155798,-2.6327610727258337,-56.546045587568344,119.09508324835647,0.05,0.05,610,0,2,0.7007753577311311,OVL-13238d59464e,17301,PAL,22,selection,3,1000000.0,,True
15.475671697569886,95.9536437931106,True,0.5319949811794228,0,0,2,0.05,0.05,0.02942411746381852,1.8983794969400458,2.2777111545767807,-2.540885243822627,-56.54610001051192,119.09508324835647,0.05,0.05,610,0,2,0.6999462554367636,OVL-9f4eba4a7a1d,17301,PAL,22,selection,3,1000000.0,,True
15.16091903101948,96.90215093016805,True,0.12107904642409034,0,0,2,0.075,0.05,0.026646594221524024,1.631980797458433,1.0473949725836125,-3.121229290953609,-52.646634944165164,116.3189647106189,0.075,0.05,610,0,2,0.707566621624481,OVL-ad35a8536a3c,17301,PAL,22,selection,3,1000000.0,,True
15.085136164639641,97.11172844747507,True,0.20200752823086573,0,0,2,0.075,0.05,0.14258661445925006,2.220541584973015,1.2282285508168056,-2.08951867344685,-54.28557977920841,118.51786236287077,0.075,0.05,610,0,2,0.6986347242964204,OVL-974ea15ce447,17301,PAL,22,selection,3,1000000.0,,True
14.552322113748913,96.51148192469165,True,0.13927227101631115,0,0,2,0.05,0.05,0.4098955284731648,2.7083877706279877,1.75588600705477,-2.4857895153894,-51.40955547639523,118.63083327779509,0.05,0.05,610,0,2,0.6854425224755815,OVL-b45700842156,17301,PAL,22,selection,3,1000000.0,h_width_rmse_us,False
14.205703806214983,95.55188704218209,True,0.18820577164366376,0,0,2,0.075,0.05,0.49097176974702383,3.0926681503966638,1.96484729293845,-2.7338895558527687,-53.89180884638001,121.08406555100689,0.075,0.05,610,0,2,0.6694255516530806,OVL-ea0f68ecd27b,17301,PAL,22,selection,3,1000000.0,strong_detail;h_width_rmse_us;fine_detail,False
14.099177917317325,96.17037681349841,True,0.44102885821831866,0,0,2,0.075,0.06624999999999999,0.4344147655462348,2.0043172192565626,1.9414927928645205,-2.566494796160641,-59.24194369391183,120.40738548932262,0.075,0.06624999999999999,610,0,2,0.6366175654891063,OVL-b6619ff22e14,17301,PAL,22,selection,3,1000000.0,strong_detail;h_width_rmse_us;fine_detail,False
14.180428519678703,95.16905021564304,True,0.029485570890840654,0,0,2,0.05,0.04124999999999999,0.02777618392512951,1.0334847879017925,1.6282656268103826,-6.157508196666379,-55.19501624990153,121.93136625998287,0.05,0.04124999999999999,610,0,2,0.6877463090936471,OVL-2812527a3949,17301,PAL,22,selection,3,1000000.0,strong_detail;white_error_ire,True
12.433696043135816,95.82710303720609,True,1.1185696361355082,0,0,2,0.1,0.08249999999999998,0.077088409964272,1.2012350616409395,2.8833384817248824,-2.0551653770528686,-50.286373128097495,110.54112484756848,0.1,0.08249999999999998,610,0,2,0.5309584569109367,OVL-4f0b2147772e,17301,PAL,22,selection,3,1000000.0,strong_detail;fine_detail,True
12.38047230129267,95.13344939702195,True,1.227728983688833,0,0,2,0.1,0.075,0.060606565136995826,1.1013707703498008,3.1139958155055534,-2.7265733967686687,-48.407924950076875,109.46630263995218,0.1,0.075,610,0,2,0.5233553903179367,OVL-aee82c832ef1,17301,PAL,22,selection,3,1000000.0,strong_detail;fine_detail,True
15.91142701327425,97.54205195405389,True,0.33877038895859474,0,0,2,0.05,0.04124999999999999,0.0212083729212595,0.16016125278758292,1.086835597139708,-1.31682218613847,-54.950755717847045,124.41387069962357,0.05,0.04124999999999999,610,0,2,0.726118877715444,OVP56,17301,PAL,30,selection,3,1000000.0,,True
16.125583629029364,97.52670170344028,True,0.3450439146800502,0,0,2,0.05,0.05,0.01821996742902561,0.3018092082617594,1.254849951974797,-1.1993941725123782,-56.41736780488369,124.01215985310768,0.05,0.05,610,0,2,0.7348645542286301,VLP56,17301,PAL,30,selection,3,1000000.0,,True
-6.710628306590012,-83.02007831916649,False,611.9140526976161,610,8,63,2.025,2.025,1000000.0,84.99502181159498,22.66183339331658,-156.24665449474315,-67.99545015940812,66.96904715031766,1000000.0,1000000.0,610,610,2,-0.36467501083944986,PLL96-rejected-board,17301,PAL,30,selection,3,1000000.0,contrast;strong_detail;sync;h_jitter_us;v_jitter_us;h_width_rmse_us;sync_error_ire;black_error_ire;white_error_ire;fine_detail,False
8.916439211557627,98.93062533765243,True,6.498745294855708,610,8,0,2.025,2.025,1000000.0,13.990589139108497,-1.1357661363343245,-1.6133147782174868,-45.61103437694497,107.09211089572685,1000000.0,1000000.0,610,610,2,0.36889278991704233,PLL96-IQ-corrected,17301,PAL,30,selection,3,1000000.0,strong_detail;sync;h_jitter_us;v_jitter_us;h_width_rmse_us;sync_error_ire;fine_detail,False
21.656554215603943,96.40234704375679,True,0.0,0,0,2,0.025,0.025,0.01954922328757695,1.640545358707265,1.726199282352299,-1.0579831995127051,-46.586433223622606,112.37231915723206,0.025,0.025,610,0,2,0.9274633767854024,floating-PLL-IQ40,17301,PAL,30,selection,3,1000000.0,,True
4.387183961094542,44.503917987779786,True,88.78983688833124,610,8,0,2.025,2.025,1000000.0,48.93505777468749,27.133408600163467,-25.594192397160633,2.485319675877051,84.43888513042012,1000000.0,1000000.0,610,610,2,0.5777413190198775,HC50,17301,PAL,30,selection,3,1000000.0,contrast;strong_detail;sync;h_jitter_us;v_jitter_us;h_width_rmse_us;sync_error_ire;black_error_ire;white_error_ire;fine_detail,False
11.886586712766391,96.9393435877194,True,3.632998745294856,0,0,2,0.25,0.18874999999999992,0.10408165930306208,5.741717414219602,-0.6514876915723553,-2.6783532328355144,-52.560637629751454,110.84891021900154,0.25,0.18874999999999992,610,0,2,0.48608285194419915,PLL96-board-fixed,17301,PAL,30,selection,3,1000000.0,strong_detail;sync_error_ire;fine_detail,True
15.473927019827656,95.07949722088559,True,0.5219573400250941,0,0,2,0.05,0.05,0.029354391968985705,2.2373968791005883,2.6681649504530274,-2.5314192943958718,-50.755140581441594,120.2287835662043,0.05,0.05,610,0,2,0.7028775638380448,OVL-1ae401a8b16c,17301,PAL,30,selection,3,1000000.0,,True
15.49651209347299,94.93748547508828,True,0.5225846925972396,0,0,2,0.05,0.05,0.02910903752400224,2.359326982225184,2.770372083561223,-2.6103406598329415,-50.163818645308034,119.32354741578237,0.05,0.05,610,0,2,0.7045062076016402,OVL-91e82444be6e,17301,PAL,30,selection,3,1000000.0,,True
16.03817363174144,95.62091455858511,True,0.9673776662484316,0,0,2,0.05,0.05,0.03930753066796634,1.1691359621545576,1.6077460663569507,-3.4017037282768525,-44.455687385571515,103.10343772614851,0.05,0.05,610,0,2,0.7215295031332911,OVL-863146dbacc1,17301,PAL,30,selection,3,1000000.0,,True
15.457002866846139,95.05873128442407,True,0.5313676286072773,0,0,2,0.05,0.05,0.029073817864977793,2.0122531898510347,2.7161869546721134,-2.229723761609583,-51.602752685463514,120.60521494100698,0.05,0.05,610,0,2,0.7029002011071677,OVL-f7e9f30990ed,17301,PAL,30,selection,3,1000000.0,,True
15.492344383332261,94.76851718609066,True,0.5301129234629862,0,0,2,0.05,0.05,0.02898558149194578,2.111957323627927,2.8823458984595343,-3.0405525283507804,-51.60274389071958,118.10312916990625,0.05,0.05,610,0,2,0.7047726513380087,OVL-c25c8c1bb38b,17301,PAL,30,selection,3,1000000.0,,True
16.03978094950924,95.72026373746078,True,0.9573400250941029,0,0,2,0.05,0.05,0.03831759001970287,1.257267896980099,1.8954469837367087,-2.9545905437035738,-45.20601170004114,103.75190491400795,0.05,0.05,610,0,2,0.7208599235739659,OVL-e8170ff89238,17301,PAL,30,selection,3,1000000.0,,True
15.846425194946388,95.90662126891442,True,0.5163111668757843,0,0,2,0.05,0.05,0.027904991033687217,1.6332418045796384,2.2430846804775566,-2.6219266711421962,-51.02584967606171,119.16376685800194,0.05,0.05,610,0,2,0.7178518535541177,OVL-13238d59464e,17301,PAL,30,selection,3,1000000.0,,True
15.836573900712196,96.07267860754789,True,0.5232120451693851,0,0,2,0.05,0.05,0.028879341984238888,1.6309081535797396,2.2458888710086304,-2.5256743954281986,-50.92712983829785,119.16376685800196,0.05,0.05,610,0,2,0.7167867688496967,OVL-9f4eba4a7a1d,17301,PAL,30,selection,3,1000000.0,,True
15.652157157817971,96.96320133096636,True,0.07716436637390213,0,0,2,0.075,0.05,0.026646594221524024,1.6813676865483023,1.0099580419481367,-3.114230373255885,-48.13203024166792,115.6352522913102,0.075,0.05,610,0,2,0.7294108901813253,OVL-ad35a8536a3c,17301,PAL,30,selection,3,1000000.0,,True
15.567251619379807,97.22694641613039,True,0.1549560853199498,0,0,2,0.075,0.06624999999999999,0.0278866264439826,2.3079275338001257,1.1405670789499618,-1.9524828153309928,-52.248254347952184,117.14969024342759,0.075,0.06624999999999999,610,0,2,0.7201714579282574,OVL-974ea15ce447,17301,PAL,30,selection,3,1000000.0,,True
14.928649252091496,96.76062891671162,True,0.13174404015056462,0,0,2,0.05,0.05,0.026895364948959232,2.372060113915443,1.6972447706372256,-2.417777920187731,-48.9596563157638,122.02856358735283,0.05,0.05,610,0,2,0.7021050106967536,OVL-b45700842156,17301,PAL,30,selection,3,1000000.0,,True
14.71994515563939,95.09984435466576,True,0.18255959849435383,0,0,2,0.075,0.05,0.028233511073562628,3.1675668066606684,2.3955727791744144,-2.916341720365746,-54.08544891110344,119.89990703372385,0.075,0.05,610,0,2,0.6957447196152382,OVL-ea0f68ecd27b,17301,PAL,30,selection,3,1000000.0,strong_detail;fine_detail,True
14.266008898780122,96.27129016925797,True,0.4504391468005019,0,0,2,0.075,0.05,0.03509355178731814,1.9314608750445152,1.8977991701135923,-2.5220756324779945,-54.949856523325394,118.84553578778772,0.075,0.05,610,0,2,0.6436375787780267,OVL-b6619ff22e14,17301,PAL,30,selection,3,1000000.0,strong_detail;fine_detail,True
14.52476449103093,95.43526125869766,True,0.01819322459222083,0,0,2,0.05,0.05,0.024586748396673186,0.7378054121336732,1.4491349542233243,-6.2684267523495,-50.389797808073546,121.17132047671913,0.05,0.05,610,0,2,0.7035619277454158,OVL-2812527a3949,17301,PAL,30,selection,3,1000000.0,strong_detail;white_error_ire,True
12.548171729777158,95.91152378012751,True,1.0796737766624842,0,0,2,0.1,0.3437499999999998,0.06575538374766951,1.1583114448721197,2.8687239068524084,-1.935388949712736,-43.424105538913125,110.56791573409649,0.1,0.34374999999999983,610,0,2,0.5371100309698505,OVL-4f0b2147772e,17301,PAL,30,selection,3,1000000.0,strong_detail;v_jitter_us;fine_detail,True
12.47434858691423,95.21691221854364,True,1.1982434127979924,0,0,2,0.1,0.06624999999999999,0.04717424971385951,1.0433586467663394,3.109761184837914,-2.555778828882229,-43.80982117136521,108.43100907983865,0.1,0.06624999999999999,610,0,2,0.5285978382182739,OVL-aee82c832ef1,17301,PAL,30,selection,3,1000000.0,strong_detail;fine_detail,True
5.057961877929174,80.39442384492686,True,65.95176522652763,502,12,0,2.025,2.025,3.594679227691951,17.31883012463117,5.201299448556797,-14.097153952978532,-83.2554129800416,144.2747233815927,0.675,1000000.0,506,292,2,0.26285845048818407,OVP56,17301,NTSC,4,selection,3,1000000.0,,False
4.792864993561863,84.5813419045614,True,62.782425707550715,494,12,0,2.025,2.025,3.5153902699415895,11.463768509638765,3.0315341694271845,-13.235820286775557,-88.40790107701068,150.7484930573371,1.9037499999999998,1000000.0,506,100,2,0.25978285801960316,VLP56,17301,NTSC,4,selection,3,1000000.0,,False
-6.702023944916874,-83.810432765581,False,613.843337839099,506,12,37,2.025,2.025,1000000.0,88.61768388829306,21.21834891680333,-156.28952523099613,-74.0706732165203,134.33732213779047,1000000.0,1000000.0,506,506,2,-0.23318370499865207,PLL96-rejected-board,17301,NTSC,4,selection,3,1000000.0,,False
7.890743391333136,92.38914080052595,True,18.436509346202364,355,8,0,2.025,2.025,3.407444615536255,10.997156406500734,0.22964250142912773,-4.405931544051577,-73.99235703968584,134.26613248023904,1.8625,1.7325,506,16,2,0.22923963189522817,PLL96-IQ-corrected,17301,NTSC,4,selection,3,1000000.0,,False
10.14814034786761,95.73181561955947,True,2.483690432824453,129,3,0,2.025,2.025,3.1088356477756482,2.65342970926242,1.2703555141258869,-2.762903718855605,-76.06803677125835,138.19699987773402,1.7299999999999998,1.2899999999999996,506,9,2,0.473854047871321,floating-PLL-IQ40,17301,NTSC,4,selection,3,1000000.0,,False
3.2232325284452976,42.487990371641814,True,127.61502497237834,506,12,0,2.025,2.025,1000000.0,49.4067724894563,27.110156858419952,-29.21830667644384,-76.74152781984976,125.61282761081567,1000000.0,1000000.0,506,506,2,0.1865565494815195,HC50,17301,NTSC,4,selection,3,1000000.0,,False
5.871563444056842,90.75160263634768,True,40.84767601838834,67,0,0,2.025,1.4037499999999998,2.839936725288901,3.2957339577461795,-1.8204033348941644,-14.647656472819719,-81.55898308309101,129.87251968172518,1.7,1.4037499999999998,506,3,2,0.21298918634537806,PLL96-board-fixed,17301,NTSC,4,selection,3,1000000.0,,False
5.995468339772632,89.32723801721002,True,36.43724391646371,427,10,0,2.025,2.025,3.4602683824352427,9.099126679290087,2.519434948409106,-8.287987144174787,-80.81009433557577,143.0084155835953,1.95,1.375,506,28,2,0.2924093118889052,OVL-1ae401a8b16c,17301,NTSC,4,selection,3,1000000.0,,False
6.014212277847514,89.02338789042805,True,36.15726426767259,432,10,0,2.025,2.025,3.4670870435522048,9.331317373327039,2.6468792888215305,-8.473301421318485,-80.15441416436558,143.0327130091506,1.95,1.375,506,28,2,0.2924625236893448,OVL-91e82444be6e,17301,NTSC,4,selection,3,1000000.0,,False
5.757450001041498,88.25798155575193,True,40.56844900306171,69,0,0,2.025,1.4674999999999998,2.751194872513509,8.599392172085455,1.610596106541094,-13.007904153262272,-73.0539260552539,130.11639348336428,1.675,1.4674999999999998,506,3,2,0.25735556037515994,OVL-863146dbacc1,17301,NTSC,4,selection,3,1000000.0,,False
5.96728939337284,89.46324832615588,True,36.6223917487288,432,10,0,2.025,2.025,3.4648037267448304,9.66559793634102,2.6756438792185433,-7.468988338975545,-82.5283674631979,141.34771470025333,1.95,1.375,506,26,2,0.292033475869757,OVL-f7e9f30990ed,17301,NTSC,4,selection,3,1000000.0,,False
6.035226028211986,88.67678919034765,True,35.8065370732192,433,10,0,2.025,2.025,3.472534110802215,9.456409760916056,2.709973671638083,-8.792946413723406,-79.10897572918165,142.3986879192587,1.95,1.375,506,28,2,0.29246715855934075,OVL-c25c8c1bb38b,17301,NTSC,4,selection,3,1000000.0,,False
5.791066376050738,88.79360446234352,True,40.04687401216857,83,0,0,2.025,1.4425,2.8315132869350683,9.737652202020927,1.8309439759973705,-11.028198099622289,-70.91068754741215,129.8075515892346,1.7474999999999994,1.4425,506,4,2,0.2592518268566189,OVL-e8170ff89238,17301,NTSC,4,selection,3,1000000.0,,False
6.129473795794422,87.80314114709078,True,36.30929622750002,455,10,0,2.025,2.025,3.4826266991295802,11.889170396322204,3.071473870171014,-8.77081793816325,-78.57817013534354,137.44875915241755,1.95,1.3975,506,59,2,0.29484484621176293,OVL-13238d59464e,17301,NTSC,4,selection,3,1000000.0,,False
6.157417912575842,87.39546392294798,True,35.867500383843065,460,10,0,2.025,2.025,3.495066398573106,12.40301817474674,3.2430187103201726,-8.906675283170253,-76.60241732788998,137.24812069216443,1.95,1.3975,506,59,2,0.29525920887019474,OVL-9f4eba4a7a1d,17301,NTSC,4,selection,3,1000000.0,,False
5.517936900373837,89.7914528168859,True,51.563671285829116,303,7,0,2.025,2.025,3.4029978090897957,8.304494076955123,2.114843829736208,-8.919842684302795,-74.77720528666006,134.7325162463702,1.8724999999999994,1.285,506,13,2,0.2823546541648421,OVL-ad35a8536a3c,17301,NTSC,4,selection,3,1000000.0,,False
5.21036909440228,89.73338339836765,True,58.167277303284195,355,9,0,2.025,2.025,3.400935423522018,9.61596160005466,2.9456093993497054,-7.624980513023898,-78.66579262706617,135.98910195817876,1.9125,1.7399999999999998,506,17,2,0.2641720175550359,OVL-974ea15ce447,17301,NTSC,4,selection,3,1000000.0,,False
5.630903330007878,87.44576077769098,True,52.21319396568593,329,8,0,2.025,2.025,3.356075841886946,11.02136252459443,3.085071995282109,-9.929141826470037,-76.00646065716877,136.9915850812597,1.875,1.3599999999999999,506,9,2,0.286313476679841,OVL-b45700842156,17301,NTSC,4,selection,3,1000000.0,,False
5.151294781880074,90.72538845411466,True,59.94650281334389,235,5,0,2.025,2.025,3.324234853560082,7.721060904982219,1.9482655121270778,-8.101739879426326,-80.68180258893085,139.75161080645307,1.85,1.6874999999999996,506,8,2,0.26577048969666806,OVL-ea0f68ecd27b,17301,NTSC,4,selection,3,1000000.0,,False
6.281279478309198,88.54018768435559,True,33.812811025779204,463,12,0,2.025,2.025,3.4522805910107843,10.946513316591771,2.623481071851269,-9.03296471550577,-78.14488190788174,137.02456153081164,1.95,1000000.0,506,85,2,0.30454080489302743,OVL-b6619ff22e14,17301,NTSC,4,selection,3,1000000.0,,False
4.279548729613566,76.42668426196414,True,92.67025321600279,482,11,0,2.025,2.025,3.498928407384181,14.427057795275008,4.554362369822301,-21.147231115171664,-81.66457685670157,146.66960990667985,1.8924999999999996,0.875,506,64,2,0.2511290586831113,OVL-2812527a3949,17301,NTSC,4,selection,3,1000000.0,,False
5.642385901680099,88.11855173760728,True,43.92519425469719,89,3,0,2.025,2.025,2.9405920891093302,10.449158082026573,2.633215740614578,-11.095729712154128,-74.98115741320996,128.3209834517387,1.8299999999999996,1.315,506,3,2,0.25745458473679267,OVL-4f0b2147772e,17301,NTSC,4,selection,3,1000000.0,,False
5.35829603025623,86.86098302296055,True,47.69889844566137,96,1,0,2.025,1.9012499999999999,2.8734375393738643,10.738464712896407,2.854488294944522,-12.59798015706098,-71.9768137889776,131.9931477862578,1.7637499999999988,1.6125,506,3,2,0.24377312019115183,OVL-aee82c832ef1,17301,NTSC,4,selection,3,1000000.0,,False
7.462628065406288,87.67408727385482,True,22.922957428040714,476,12,0,2.025,2.025,3.5167545407662444,11.073912741065133,2.786653305649944,-9.497187085981032,-80.62295219742867,140.9374780708229,1.625,1000000.0,506,45,2,0.35451839824579545,OVP56,17301,NTSC,6,selection,3,1000000.0,,False
7.454364237053173,91.03398012632404,True,20.567214684179945,398,12,0,2.025,2.025,3.4590929553965553,6.9559053752019775,1.5429398738147115,-8.035053365932276,-85.89942131433968,147.57217092338365,1.925,1000000.0,506,17,2,0.35783218052490273,VLP56,17301,NTSC,6,selection,3,1000000.0,,False
-6.669032204525117,-83.81388375339523,False,609.767074995409,506,12,45,2.025,2.025,1000000.0,86.87959771668402,22.14799329425416,-157.10808744419518,-72.96215144096709,131.33973578049242,1000000.0,1000000.0,506,506,2,-0.29074277684232425,PLL96-rejected-board,17301,NTSC,6,selection,3,1000000.0,,False
9.122904407399338,93.65488626963406,True,8.422721101132863,380,8,0,2.025,2.025,3.520253192553419,12.282898373783942,-0.6457605646060482,-3.143017111493145,-72.9487996181946,133.04586437391632,1.86875,1.3437499999999998,506,21,2,0.28805869796230726,PLL96-IQ-corrected,17301,NTSC,6,selection,3,1000000.0,,False
12.065937467969013,95.91523703185564,True,0.33717979209253174,40,0,0,2.025,0.8674999999999999,2.764101573880673,2.3306134862273358,1.402059575865804,-2.0775086552801296,-72.11441263695701,129.14634585100035,1.5375,0.8674999999999999,506,3,2,0.5706743885305476,floating-PLL-IQ40,17301,NTSC,6,selection,3,1000000.0,,False
3.8853035169575527,44.22598212382227,True,105.30997961868579,506,12,0,2.025,2.025,1000000.0,49.02702685920226,27.036827272505256,-26.6928756072162,-63.78163652261647,119.13396367124068,1000000.0,1000000.0,506,506,2,0.2735518449929436,HC50,17301,NTSC,6,selection,3,1000000.0,,False
8.721966795481347,95.58221646995952,True,13.393112500639738,6,0,0,1.44375,0.975,2.3508748371616894,0.5002553509404379,-2.25950541745976,-10.194667970121277,-80.99771192521223,121.76382024901207,1.3262499999999988,0.975,506,1,2,0.3074682960193256,PLL96-board-fixed,17301,NTSC,6,selection,3,1000000.0,,False
8.596898456946574,93.09729348629176,True,9.908419560040581,291,7,0,2.025,2.025,3.3417496461695655,4.8661683763568755,1.8747187011925726,-5.354561905053923,-78.4165041800383,137.56110543016666,1.925,1.775,506,13,2,0.38953353171130617,OVL-1ae401a8b16c,17301,NTSC,6,selection,3,1000000.0,,False
8.612417976285474,92.78945130152788,True,9.831650946662371,303,7,0,2.025,2.025,3.3316163476133815,5.123163071708083,2.003237455035239,-5.542736121728819,-78.29455212305605,137.86701542158264,1.925,1.775,506,13,2,0.3896537598981875,OVL-91e82444be6e,17301,NTSC,6,selection,3,1000000.0,,False
8.515083754925213,93.60919386278347,True,13.250112142386211,2,0,2,1.0,0.4962499999999994,1.8780398638364229,3.101945230986127,1.6280733025903977,-6.427587806268779,-68.87223711422432,127.17782962173004,0.975,0.4962499999999994,506,1,2,0.35630998057644314,OVL-863146dbacc1,17301,NTSC,6,selection,3,1000000.0,,False
8.575191400728608,93.11955300635914,True,9.93777226515578,301,7,0,2.025,2.025,3.3578439293181175,5.245203931920451,1.9834783407770684,-4.784568666735516,-79.35225933827482,138.2247684488075,1.925,1.7549999999999997,506,13,2,0.3888713039021363,OVL-f7e9f30990ed,17301,NTSC,6,selection,3,1000000.0,,False
8.632873157951703,92.4182754417088,True,9.705961158092165,309,7,0,2.025,2.025,3.3440482397001423,5.256846223215575,2.073975312595313,-5.907933589912697,-78.31878933662392,137.86701990644448,1.925,1.775,506,13,2,0.38974251173142865,OVL-c25c8c1bb38b,17301,NTSC,6,selection,3,1000000.0,,False
8.557419218694335,94.08614870791527,True,12.958090358163213,4,0,2,1.04375,0.8949999999999999,2.0066873383029007,3.853665625680299,1.7404236789366787,-4.840966379105895,-68.45307035086546,125.30892865369728,1.0,0.8949999999999999,506,1,2,0.35836375103451573,OVL-e8170ff89238,17301,NTSC,6,selection,3,1000000.0,,False
8.64639722561321,92.18634863589594,True,10.002498743102114,345,7,0,2.025,2.025,3.393522327732628,6.870298546527818,2.0917572963094786,-5.8065875933328215,-76.11678033547021,136.07394804193066,1.875,1.795,506,17,2,0.3908793976157205,OVL-13238d59464e,17301,NTSC,6,selection,3,1000000.0,,False
8.670753127419326,91.80277410128315,True,9.848961516345694,358,8,0,2.025,2.025,3.4117815549032997,7.421050404953791,2.2207976139065417,-5.937825661976891,-76.14202378363603,135.85371281555115,1.875,1.8099999999999998,506,15,2,0.391454458411896,OVL-9f4eba4a7a1d,17301,NTSC,6,selection,3,1000000.0,,False
7.828185971382117,93.98005688567682,True,18.224266709215545,139,4,0,2.025,2.025,3.1366485893859712,3.9518841688713944,1.6271500043196532,-5.38341553928368,-73.60720137731307,128.12712725334328,1.825,1.21125,506,4,2,0.3728579525658064,OVL-ad35a8536a3c,17301,NTSC,6,selection,3,1000000.0,,False
7.540285811572895,94.03239644676543,True,21.64498580533286,175,4,0,2.025,2.025,3.2197790240552573,4.880158551774925,2.3477169334299193,-4.090628816334231,-71.96673199735505,133.74276597834393,1.775,1.1537499999999996,506,4,2,0.35395391991273945,OVL-974ea15ce447,17301,NTSC,6,selection,3,1000000.0,,False
7.873523481788639,92.21595907953723,True,17.997724036403376,137,4,0,2.025,2.025,3.1144496701612434,6.093544082557929,2.271714760697046,-6.229301861739698,-75.59164334415394,136.26843333562633,1.7899999999999991,1.3624999999999998,506,7,2,0.37791134840722673,OVL-b45700842156,17301,NTSC,6,selection,3,1000000.0,,False
7.4447664897128885,94.69555539694012,True,22.967362802445756,85,2,0,2.025,2.025,3.088545806994003,3.3152014947976483,1.5687736530732816,-4.752926901475386,-75.72606109506523,136.28466666598945,1.75,1.6449999999999996,506,3,2,0.35491357732615186,OVL-ea0f68ecd27b,17301,NTSC,6,selection,3,1000000.0,,False
8.495085237654855,92.59144456248156,True,10.335915367872186,360,10,0,2.025,2.025,3.4066683951911907,6.165404444948989,2.1694009585972354,-5.637839504235053,-77.33871372233817,134.6457545696027,1.94375,1.8712499999999999,506,15,2,0.3909621237197418,OVL-b6619ff22e14,17301,NTSC,6,selection,3,1000000.0,,False
6.3052700710934495,83.28685192157216,True,42.530564444993026,375,10,0,2.025,2.025,3.422518881786221,8.645034841715038,2.7355605808529875,-16.784128257792936,-77.91091806319946,138.944327384027,1.9,0.86625,506,16,2,0.3329225216246139,OVL-2812527a3949,17301,NTSC,6,selection,3,1000000.0,,False
8.091808624926674,93.1499560499113,True,15.900887204327942,6,1,1,1.44375,1.6674999999999995,2.304229806247632,4.28555774823533,2.5655942379341203,-5.986404957961941,-66.53787565325685,126.47484053668416,1.4,0.9125,506,1,2,0.34418865765404494,OVL-4f0b2147772e,17301,NTSC,6,selection,3,1000000.0,,False
7.8900371296823195,92.43897499011383,True,17.464859543542858,7,0,0,1.34375,0.9487499999999998,2.1915667179802485,4.421240386541451,2.763454420863702,-6.5378082864097955,-65.68378867943774,125.0830804720041,1.25,0.9487499999999998,506,1,2,0.33120976329744883,OVL-aee82c832ef1,17301,NTSC,6,selection,3,1000000.0,,False
9.516826476503178,91.43266563084046,True,5.789256608874451,346,8,0,2.025,2.025,3.3427586147147985,7.538646766309005,1.9978544404960445,-6.646384661593448,-69.93500935861988,133.02745598033601,1.9,1.8499999999999996,506,13,2,0.4418104434868473,OVP56,17301,NTSC,8,selection,3,1000000.0,,False
9.64216055864984,93.8508507577304,True,4.8221226070019,231,4,0,2.025,2.025,3.2277842104284025,4.775520273855335,1.2657030553966184,-5.253648237634663,-71.31216071419762,137.13375189368122,1.85,1.8399999999999999,506,6,2,0.4484288689405624,VLP56,17301,NTSC,8,selection,3,1000000.0,,False
-6.618168028579907,-83.03521288029594,False,607.8568912625276,506,12,44,2.025,2.025,1000000.0,85.46608033644473,22.830685494690478,-156.6281229716809,-71.23152731974795,126.49220426841241,1000000.0,1000000.0,506,506,2,-0.32295701634469015,PLL96-rejected-board,17301,NTSC,8,selection,3,1000000.0,,False
9.428832450584922,94.145075468048,True,6.445552989911701,416,10,0,2.025,2.025,3.5629809616855006,13.883236588762818,-0.9368707922330413,-2.7088924077094423,-69.0181507052984,129.76654676391666,1.9137499999999998,0.97625,506,23,2,0.31798781958004574,PLL96-IQ-corrected,17301,NTSC,8,selection,3,1000000.0,,False
13.867291501620052,95.65379261139589,True,0.03161060550867485,5,0,0,0.95,0.17124999999999974,2.022239438174763,2.428686297998792,1.7333034921261523,-1.8691788598465215,-66.96033539893382,126.72471701641369,0.9,0.17124999999999976,506,1,2,0.6574207564717206,floating-PLL-IQ40,17301,NTSC,8,selection,3,1000000.0,,False
4.12304429677342,44.45336126432328,True,97.41560720962649,506,12,0,2.025,2.025,1000000.0,49.20029287709089,27.12821988650891,-25.92440744253761,-47.27260997339609,101.6529669738723,1000000.0,1000000.0,506,506,2,0.3548772943097553,HC50,17301,NTSC,8,selection,3,1000000.0,,False
10.441719219987126,97.53451734592217,True,5.6771142226651055,5,0,0,1.3812499999999999,0.5649999999999995,2.196300021043375,0.5500249012319236,-2.348537099061814,-7.530816336903038,-79.79534460837614,115.9132869342766,1.175,0.5649999999999995,506,1,2,0.37999694778773396,PLL96-board-fixed,17301,NTSC,8,selection,3,1000000.0,,False
10.43853337624868,93.85466103903005,True,2.3580006442542456,148,1,0,2.025,1.9425,3.164720746327334,3.735945542273596,2.1469403312516513,-4.543840023182149,-70.98872536577643,137.64788287849348,1.8,1.8375,506,5,2,0.4681041641347946,OVL-1ae401a8b16c,17301,NTSC,8,selection,3,1000000.0,,False
10.448482932554624,93.570356498832,True,2.3354216403194776,157,1,0,2.025,1.9425,3.1892638667036186,3.987908837430416,2.264482983108573,-4.714969315384997,-70.99128029387631,136.4556009512487,1.8,1.8375,506,5,2,0.46822383907785015,OVL-91e82444be6e,17301,NTSC,8,selection,3,1000000.0,,False
10.648072426597592,94.96117756034154,True,4.06572597518718,0,0,2,0.225,0.09749999999999996,0.887239356593996,1.6271248391135953,2.040568606319906,-3.9354530445056133,-64.04625746221893,124.66086003431836,0.225,0.09749999999999996,506,0,2,0.4476694379749546,OVL-863146dbacc1,17301,NTSC,8,selection,3,1000000.0,,False
10.41456698017505,93.81541131200713,True,2.3723006800795985,159,2,0,2.025,2.025,3.1584537880760744,3.9552150286923817,2.247232693072968,-4.126136486010834,-70.56504411219612,138.04727990084268,1.7674999999999996,1.6049999999999993,506,6,2,0.46705303270848053,OVL-f7e9f30990ed,17301,NTSC,8,selection,3,1000000.0,,False
10.462130746582242,93.19983248380224,True,2.315853170242679,165,1,0,2.025,1.9425,3.1884620622771482,4.111781500897245,2.343146392233339,-5.10807315103949,-71.11304481513581,136.48283375836172,1.775,1.8375,506,6,2,0.46825394160266465,OVL-c25c8c1bb38b,17301,NTSC,8,selection,3,1000000.0,,False
10.696378418530813,95.37685078278106,True,3.998741596847369,0,0,2,0.275,0.09749999999999996,0.990310018532744,2.170893038052938,2.109685941175475,-2.642573143114664,-62.97507181211422,122.42646032920707,0.275,0.09749999999999996,506,0,2,0.4498348116890508,OVL-e8170ff89238,17301,NTSC,8,selection,3,1000000.0,,False
10.469835749701646,93.48269300295539,True,2.3828375485824904,174,2,0,2.025,2.025,3.2217732760342828,5.02476619003912,2.1455728553414857,-4.864139621953929,-68.69809534596367,136.1091415498044,1.825,1.6162499999999995,506,5,2,0.46970406196603937,OVL-13238d59464e,17301,NTSC,8,selection,3,1000000.0,,False
10.48657355381296,93.15906306377421,True,2.3482164092158464,186,2,0,2.025,2.025,3.252690893225946,5.564520393068424,2.2346640011229955,-4.964981946499635,-66.36361456971053,136.1091417136896,1.8262500000000004,1.6162499999999995,506,6,2,0.4702611101476018,OVL-9f4eba4a7a1d,17301,NTSC,8,selection,3,1000000.0,,False
9.586092838196432,94.98382277857216,True,5.3090764585283905,32,0,0,2.025,1.3812499999999999,2.794899806104029,2.832371573016564,1.8233717751521428,-4.290080755813207,-70.28730503275966,127.620208327199,1.575,1.38125,506,2,2,0.45060021994600963,OVL-ad35a8536a3c,17301,NTSC,8,selection,3,1000000.0,,False
9.4021753806321,95.10489953551445,True,6.63145345564129,50,0,0,2.025,1.35875,2.8802628698716726,3.5767956298096037,2.449567870856612,-3.027304132937683,-74.03850260597531,131.92226741088024,1.65,1.35875,506,3,2,0.43461609772047305,OVL-974ea15ce447,17301,NTSC,8,selection,3,1000000.0,,False
9.612604601188067,93.57722243953154,True,4.947059762107614,40,1,0,2.025,1.364999999999999,2.822038070861298,4.849091733942509,2.192804905483405,-4.969266250380956,-66.87213041465333,124.82644491848517,1.61875,0.675,506,2,2,0.45694920710448017,OVL-b45700842156,17301,NTSC,8,selection,3,1000000.0,,False
9.22938147172473,95.39394389423137,True,7.1567916138568854,18,0,0,1.725,1.5687499999999996,2.704853428500726,2.502978754014535,1.82941619722338,-4.0128843201895945,-70.99438708118166,132.54419548914444,1.4824999999999988,1.5687499999999996,506,2,2,0.4337478532156017,OVL-ea0f68ecd27b,17301,NTSC,8,selection,3,1000000.0,,False
10.119816232786778,93.78096515911162,True,2.8758124678249195,217,4,0,2.025,2.025,3.2764088731118752,4.3990206620253955,2.3101733605963988,-4.543989679359788,-69.6643386878186,133.30645578159664,1.775,1.6824999999999997,506,7,2,0.46009138637413044,OVL-b6619ff22e14,17301,NTSC,8,selection,3,1000000.0,,False
8.059089982085599,87.01262028003478,True,16.779963090854903,176,3,0,2.025,2.025,3.233608723823567,5.947336959251029,2.1956941716351897,-14.048675598130528,-73.11286765925618,135.4349383772016,1.8,1.3599999999999999,506,5,2,0.4112918161615064,OVL-2812527a3949,17301,NTSC,8,selection,3,1000000.0,,False
9.749764389442117,94.38979537316072,True,5.853983086820786,0,0,2,0.7375,0.4725,1.3934239967729165,2.581892576651288,2.8790383837590485,-4.173022919890116,-60.01088207659083,120.40940611151386,0.7375,0.4725,506,0,2,0.4112868065416117,OVL-4f0b2147772e,17301,NTSC,8,selection,3,1000000.0,,False
9.683451715383,93.88652300221932,True,6.183636544268396,0,0,2,0.65,0.3837499999999996,1.3005884765657023,2.6309001533047813,3.1277497390408193,-4.32771552494283,-66.65380438109024,123.40887452285456,0.65,0.3837499999999996,506,0,2,0.4029800641222135,OVL-aee82c832ef1,17301,NTSC,8,selection,3,1000000.0,,False
11.145966830730957,93.68519239526195,True,1.473656323475842,149,2,0,2.025,2.025,3.0842607810991485,4.950764729119245,1.6623059593521208,-4.875861746909065,-69.46656817463615,132.58697563489045,1.825,1.4849999999999999,506,4,2,0.5166810471157177,OVP56,17301,NTSC,10,selection,3,1000000.0,,False
11.284557796956875,95.27541857657339,True,1.2742084553853934,68,0,0,2.025,1.5474999999999997,2.8426563140997763,3.2498060722220132,1.2288315548709343,-3.8026394663749254,-68.15788319700816,132.19633200029102,1.6537499999999994,1.5474999999999997,506,2,2,0.5233747028398469,VLP56,17301,NTSC,10,selection,3,1000000.0,,False
-6.593993298330076,-82.43450005054265,False,607.2239265188896,506,12,49,2.025,2.025,1000000.0,84.2908134028083,23.1096365650729,-156.29004234635138,-69.96345230359462,111.23216174625718,1000000.0,1000000.0,506,506,2,-0.3334813893713622,PLL96-rejected-board,17301,NTSC,10,selection,3,1000000.0,,False
9.38383582712112,94.71661672360925,True,6.337926404489308,431,10,0,2.025,2.025,3.596836573064355,14.947245504091802,-1.2008915364546846,-2.5086046164668026,-55.58108404022573,123.26251718481528,1.815,1.9024999999999999,506,24,2,0.33035414287512926,PLL96-IQ-corrected,17301,NTSC,10,selection,3,1000000.0,,False
15.514455266431742,95.69289578830454,True,0.0015052669289845168,0,0,2,0.2,0.025,1.161018702208311,2.285051767527501,1.8371154558022715,-1.6999353544451932,-62.290612602533244,124.06715792264886,0.2,0.025,506,0,2,0.7323135516692594,floating-PLL-IQ40,17301,NTSC,10,selection,3,1000000.0,,False
4.210601561456718,44.40903026334548,True,95.17125421851057,506,12,0,2.025,2.025,1000000.0,49.224325824187815,27.136932083856884,-25.843334557162418,-20.02657669641878,97.60904557140258,1000000.0,1000000.0,506,506,2,0.4148596852538029,HC50,17301,NTSC,10,selection,3,1000000.0,,False
11.161510494201634,98.3345690913479,True,4.3848425641318975,7,0,0,1.375,1.7324999999999997,2.2461774476324226,1.4819128354341837,-2.2659279082162618,-5.882901960602805,-79.18840297221928,114.53257142554556,1.275,1.7324999999999995,506,2,2,0.4183570753662671,PLL96-board-fixed,17301,NTSC,10,selection,3,1000000.0,,False
11.78156231152614,94.2489525271585,True,1.037128914070332,48,0,0,2.025,1.8537499999999998,2.7261372872131044,3.1496828093161877,2.292404453367156,-4.077190371350055,-67.74537870974864,128.02402978826717,1.6787499999999995,1.8537499999999998,506,2,2,0.5316832352808677,OVL-1ae401a8b16c,17301,NTSC,10,selection,3,1000000.0,,False
11.78905557605334,93.99026411353208,True,1.028097312496425,57,0,0,2.025,1.8537499999999998,2.7564651175592103,3.379350209743775,2.4086792927827005,-4.238119488586284,-65.33256620717414,127.33226579313332,1.6549999999999983,1.8537499999999998,506,2,2,0.5319238715310486,OVL-91e82444be6e,17301,NTSC,10,selection,3,1000000.0,,False
12.14515215747242,95.2954513988875,True,1.8966363305204912,0,0,2,0.1,0.09749999999999996,0.2966650105059544,1.272721435735997,2.1730306853951937,-3.2140781621459533,-58.57073215199066,115.63922775302889,0.1,0.09749999999999996,506,0,2,0.5226616093899283,OVL-863146dbacc1,17301,NTSC,10,selection,3,1000000.0,,False
11.754930714527415,94.17941657681378,True,1.0423973483217779,52,0,0,2.025,1.3724999999999992,2.756755069500346,3.2579291685567426,2.3895197710020413,-3.7415381138157735,-66.92904884538099,129.42812277813397,1.6837499999999992,1.3724999999999992,506,2,2,0.5304325361128203,OVL-f7e9f30990ed,17301,NTSC,10,selection,3,1000000.0,,False
11.796125173583977,93.62855013501684,True,1.0273446790319327,58,0,0,2.025,1.8537499999999998,2.770504674162015,3.4690642894911443,2.5001022953725807,-4.66281455128904,-65.27410202878006,127.32408032118384,1.675,1.8537499999999998,506,2,2,0.5319483212815124,OVL-c25c8c1bb38b,17301,NTSC,10,selection,3,1000000.0,,False
12.18762619453316,95.67458660390689,True,1.8838415616241229,0,0,2,0.1,0.09749999999999996,0.3604077894601576,1.7259464242091198,2.2282099520570076,-2.070950527821207,-56.88039685294616,115.99279979188411,0.1,0.09749999999999996,506,0,2,0.5245588217643236,OVL-e8170ff89238,17301,NTSC,10,selection,3,1000000.0,,False
11.842073577744907,94.23350625197374,True,1.0491710495022084,58,1,0,2.025,1.8874999999999997,2.776192984797578,3.928217010816947,2.192910217803424,-4.298209373338557,-64.79385682752978,125.17634902756079,1.6912499999999995,1.5625,506,2,2,0.5347455585345839,OVL-13238d59464e,17301,NTSC,10,selection,3,1000000.0,,False
11.852698215849811,93.98678672655063,True,1.0446552487152545,61,1,0,2.025,1.8874999999999997,2.82483294723339,4.412871986339732,2.255991053882546,-4.370220349802891,-63.2616587507487,125.92852969062899,1.7449999999999988,1.525,506,2,2,0.5352864606955663,OVL-9f4eba4a7a1d,17301,NTSC,10,selection,3,1000000.0,,False
10.966853922851483,95.49834840895171,True,1.605367179761987,1,0,0,1.11875,1.1074999999999997,2.1486148542908308,2.2377817999062195,1.8135102296876593,-3.9125381613502888,-62.93998084901466,126.2995476074819,1.1,1.1074999999999997,506,1,2,0.5170310453145567,OVL-ad35a8536a3c,17301,NTSC,10,selection,3,1000000.0,,False
10.850843783655266,95.5613912862532,True,1.9448048722479956,5,0,0,1.4,1.3475,2.355042473056526,2.988665554636225,2.3979887819000627,-2.764948246590036,-65.58443092883627,129.4086827398861,1.3,1.3475,506,1,2,0.5044891710135918,OVL-974ea15ce447,17301,NTSC,10,selection,3,1000000.0,,False
10.963895552044175,94.24260019154713,True,1.3419454671896969,14,0,0,1.61875,0.8374999999999998,2.4897750759580246,4.566564530419085,2.0398820637239665,-4.35712727840096,-61.22369257566837,123.95135897482542,1.2974999999999994,0.8374999999999998,506,1,2,0.5243524551239259,OVL-b45700842156,17301,NTSC,10,selection,3,1000000.0,,False
10.618452779283945,95.55092662373978,True,2.148768541125398,4,0,0,1.09375,0.8774999999999993,2.282831513957072,2.515167899212291,1.9182034747259673,-3.724846403941184,-63.31354039702519,126.91295694825062,1.05,0.8774999999999993,506,1,2,0.5020985117563894,OVL-ea0f68ecd27b,17301,NTSC,10,selection,3,1000000.0,,False
11.32329009893864,94.46163677938024,True,1.0732553203659605,98,1,0,2.025,1.98375,3.032152053976082,3.5025037536858123,2.3090799302026266,-3.984132751185391,-69.3160317648404,126.44996089003904,1.75,1.5375,506,4,2,0.5154291207966522,OVL-b6619ff22e14,17301,NTSC,10,selection,3,1000000.0,,False
9.594476169399831,89.6214631392014,True,6.015799281686622,46,1,0,2.025,1.98375,2.789203271779299,4.302915662247546,1.9473863546036017,-11.84724150304052,-68.0880001705543,134.85446343278863,1.601249999999999,1.425,506,2,2,0.4848545179819415,OVL-2812527a3949,17301,NTSC,10,selection,3,1000000.0,,False
10.735775298768804,94.76721605889897,True,2.792270153266279,0,0,2,0.225,0.11124999999999999,0.7686796016803917,2.0889203449219016,2.9903084466248644,-3.4730082616040687,-57.744354674326765,114.53314427773016,0.225,0.11124999999999999,506,0,2,0.4568979513614661,OVL-4f0b2147772e,17301,NTSC,10,selection,3,1000000.0,,False
10.764215474816627,94.29422448704996,True,2.8652755993220276,0,0,2,0.25,0.09749999999999996,0.60976693208344,2.10369684112173,3.223379879119276,-3.6597934350088894,-55.623086942997006,118.39938821423802,0.25,0.09749999999999996,506,0,2,0.4525239049202873,OVL-aee82c832ef1,17301,NTSC,10,selection,3,1000000.0,,False
13.54676118570415,96.27591634359476,True,0.5960857038778686,5,0,0,0.99375,0.3287499999999999,1.8730891793644784,1.8240565782875222,1.2411087211078358,-2.6539972587925975,-66.41765102633849,126.48396296161974,0.95,0.3287499999999999,506,1,2,0.6312735504085116,OVP56,17301,NTSC,14,selection,3,1000000.0,,False
13.699503551030443,96.75325789123866,True,0.5674856322271629,0,0,2,0.625,0.6724999999999997,1.4734042919409056,1.4234650462175786,1.2228242835482703,-2.1827099082153745,-65.9007993171611,127.37173389341484,0.625,0.6724999999999997,506,0,2,0.6379080096929883,VLP56,17301,NTSC,14,selection,3,1000000.0,,False
-6.594608806290873,-82.09634493333583,False,608.6230721293807,506,12,49,2.025,2.025,1000000.0,83.26007791399309,23.066384563228542,-156.2041800657843,-69.11268088603896,78.24984714531101,1000000.0,1000000.0,506,506,2,-0.3433163905071517,PLL96-rejected-board,17301,NTSC,14,selection,3,1000000.0,,False
9.177167727666104,95.97256427921063,True,6.404158149364626,458,12,0,2.025,2.025,3.6613034877167268,15.877724661993907,-1.2882820329575624,-1.9961512195056204,-55.115548271757916,121.36097337225792,1.8325,1000000.0,506,29,2,0.3462375544710153,PLL96-IQ-corrected,17301,NTSC,14,selection,3,1000000.0,,False
18.337450970033796,96.13159484257693,True,0.0,0,0,2,0.025,0.025,0.13318554474139918,1.8131499351874882,1.7621328695061258,-1.3510204482279837,-57.424905326819186,121.35817913850565,0.025,0.025,506,0,2,0.84094817932538,floating-PLL-IQ40,17301,NTSC,14,selection,3,1000000.0,,True
4.303148150976858,44.48064838915228,True,94.94621681262738,506,12,0,2.025,2.025,1000000.0,49.058107685933706,27.07878750163823,-25.752591739994653,-5.366313938758225,88.71858488372695,1000000.0,1000000.0,506,506,2,0.5031921271903089,HC50,17301,NTSC,14,selection,3,1000000.0,,False
11.780360670029623,98.5004665967877,True,4.1003471145538235,7,0,0,1.4500000000000002,1.2374999999999992,2.0993569489723267,3.6014842467232935,-1.8199973622013224,-3.854538758022897,-61.01771523175358,111.83331332516116,1.225,1.2374999999999992,506,1,2,0.4600561868338198,PLL96-board-fixed,17301,NTSC,14,selection,3,1000000.0,,False
13.717300180281109,94.91326043879607,True,0.6653279826111564,0,0,1,0.6687500000000001,0.7562499999999999,1.4566211952062589,2.403017601259971,2.451247218794628,-3.2168798233162215,-62.16640604873839,122.07174511116594,0.66875,0.7562499999999999,506,0,2,0.6278913383878755,OVL-1ae401a8b16c,17301,NTSC,14,selection,3,1000000.0,,False
13.726564327499226,94.70467938384235,True,0.663822715682172,1,0,1,0.71875,0.7562499999999999,1.5353580225555674,2.585713018280696,2.564485968917589,-3.3438978012370404,-61.56384074500321,121.09416705237953,0.6949999999999988,0.7562499999999999,506,1,2,0.6284775746633108,OVL-91e82444be6e,17301,NTSC,14,selection,3,1000000.0,,False
14.144828173484793,95.65709079788283,True,1.3005506266426226,0,0,2,0.075,0.061249999999999985,0.044801384260093495,1.003769261676129,1.9751066044695649,-2.9989146381374123,-50.38122918966302,110.4915187755627,0.075,0.061249999999999985,506,0,2,0.6317163364248685,OVL-863146dbacc1,17301,NTSC,14,selection,3,1000000.0,,True
13.68363251313954,94.85505152813332,True,0.6773701180430326,0,0,1,0.675,0.6049999999999996,1.5162480510041596,2.361728633082008,2.522071206872703,-2.917853822422443,-62.09432264966998,122.07247156170845,0.675,0.6049999999999998,506,0,2,0.6264795453272246,OVL-f7e9f30990ed,17301,NTSC,14,selection,3,1000000.0,,False
13.725788058067582,94.39504905728398,True,0.6751122176495558,1,0,2,0.8,0.7562499999999999,1.5512048175977966,2.5806844975608945,2.6724177930273165,-3.792136947845416,-62.02545516005221,120.86694543374836,0.7899999999999977,0.7562499999999999,506,1,2,0.6285070143471284,OVL-c25c8c1bb38b,17301,NTSC,14,selection,3,1000000.0,,False
14.173386293907626,95.95911077969022,True,1.3208717301839135,0,0,2,0.075,0.061249999999999985,0.042943224766657705,1.3405398656003493,2.0902824867724905,-2.0166839316367295,-51.09673954726827,110.08006405219965,0.075,0.061249999999999985,506,0,2,0.6326718957839204,OVL-e8170ff89238,17301,NTSC,14,selection,3,1000000.0,,True
13.87274117301283,95.3064220795056,True,0.6608121818242029,0,0,1,0.7937500000000001,0.7562499999999999,1.5677037851911844,2.562924206211743,2.212837250286848,-3.3292876908347604,-61.222342972373376,121.00055239614235,0.79375,0.7562499999999999,506,0,2,0.6347132776374154,OVL-13238d59464e,17301,NTSC,14,selection,3,1000000.0,,False
13.877591921254195,95.22600944945447,True,0.6570490145017416,0,0,1,0.825,0.7674999999999998,1.6062659082431494,2.8908340740019045,2.239009491346351,-3.3246336392512066,-59.76858838345501,120.72741884396609,0.825,0.7674999999999998,506,0,2,0.6349334236903579,OVL-9f4eba4a7a1d,17301,NTSC,14,selection,3,1000000.0,,False
13.150144302012258,96.37315710812595,True,0.34094295941499303,0,0,2,0.35,0.061249999999999985,0.9726439812332408,1.5974849593490437,1.491183832501901,-3.429045930228266,-58.543609564814986,119.29431574644684,0.35,0.061249999999999985,506,0,2,0.6259511114598905,OVL-ad35a8536a3c,17301,NTSC,14,selection,3,1000000.0,,False
13.056436230559829,96.45087477246194,True,0.4756643495591073,0,0,2,0.4875,0.5487499999999997,1.212160469555318,2.2091380112651002,1.9382486247898851,-2.4155217640354807,-57.27179788410039,119.64332383994213,0.4875,0.5487499999999998,506,0,2,0.6149623789108442,OVL-974ea15ce447,17301,NTSC,14,selection,3,1000000.0,,False
13.004301834624151,95.47650843571657,True,0.24460587595998398,1,0,2,0.81875,0.5487499999999997,1.6302595766100296,3.8639997482186894,1.69318497028911,-3.428684066352576,-55.99875982204424,124.32884539416037,0.8,0.5487499999999998,506,1,2,0.6256332472507528,OVL-b45700842156,17301,NTSC,14,selection,3,1000000.0,,False
12.632918917768418,95.80409542355137,True,0.44781691137289376,1,0,2,0.84375,0.5624999999999998,1.5451092594902072,2.673536442260025,1.9374833316666935,-3.149124260980191,-59.432999793716775,124.74256677917981,0.825,0.5624999999999998,506,1,2,0.603866331077251,OVL-ea0f68ecd27b,17301,NTSC,14,selection,3,1000000.0,,False
12.97930039351657,95.53845311718612,True,0.5644750983691939,5,0,1,1.2625,1.0762499999999997,2.247430058148076,2.495181228583148,2.114694307433963,-3.1174597871722343,-65.4375859043716,125.1298553142936,1.125,1.07625,506,1,2,0.5951934276803517,OVL-b6619ff22e14,17301,NTSC,14,selection,3,1000000.0,,False
12.153933374318274,93.14001287645242,True,0.6081278393097448,0,0,1,0.61875,0.6187499999999997,1.4443018746572132,2.3536088781308506,1.7432520041938546,-8.37432393340108,-62.058880349368664,126.12035579712796,0.61875,0.6187499999999997,506,0,2,0.6079987797956712,OVL-2812527a3949,17301,NTSC,14,selection,3,1000000.0,,False
11.87625855173059,95.408144473977,True,1.4819352915852568,0,0,2,0.125,0.075,0.16611775550991584,1.4722397006051313,2.929819440758568,-2.6818212284520713,-52.761888749079766,117.16873944449205,0.125,0.075,506,0,2,0.5151273053827592,OVL-4f0b2147772e,17301,NTSC,14,selection,3,1000000.0,,True
11.87927567840035,94.870579274732,True,1.593325044330111,0,0,2,0.125,0.08624999999999998,0.23517821852034504,1.4420743765266308,3.1277817411804967,-3.151500260210784,-52.697763155546625,113.45953998188398,0.125,0.08624999999999998,506,0,2,0.5101904123825078,OVL-aee82c832ef1,17301,NTSC,14,selection,3,1000000.0,,True
14.946374543034677,97.18182332240511,True,0.44631164444390925,0,0,2,0.05,0.05,0.6761682906734483,0.63182120309621,1.137911419192458,-1.7828264384455264,-61.12098718154174,123.32298048324688,0.05,0.05,506,0,2,0.6959490726036265,OVP56,17301,NTSC,18,selection,3,1000000.0,,False
15.130470618832284,97.27157538437227,True,0.42222737358015694,0,0,2,0.05,0.05,0.3621684799994863,0.6992187130845002,1.2512486268547531,-1.5435486351789864,-60.85584290899177,123.69292585702306,0.05,0.05,506,0,2,0.7036413801385235,VLP56,17301,NTSC,18,selection,3,1000000.0,,False
-6.597784346702657,-82.1279931654318,False,609.7572907603706,506,12,50,2.025,2.025,1000000.0,83.5387747519893,22.801064254593022,-156.13903089036978,-67.9191097405998,78.09237083460533,1000000.0,1000000.0,506,506,2,-0.34707303200383877,PLL96-rejected-board,17301,NTSC,18,selection,3,1000000.0,,False
9.022658346124263,97.0082308663192,True,6.517805802502958,479,12,0,2.025,2.025,3.6696421008251128,15.55909597241163,-1.101804439770481,-1.8029267278203598,-53.44483455419593,117.97691442197043,1.935,1000000.0,506,53,2,0.35235012662997295,PLL96-IQ-corrected,17301,NTSC,18,selection,3,1000000.0,,False
20.24276142734539,96.27910747131526,True,0.0,0,0,2,0.025,0.025,0.021406797708725434,1.676775290794809,1.716678093152125,-1.2493429885960377,-51.919165627722585,115.93515246706357,0.025,0.025,506,0,2,0.8974331593059375,floating-PLL-IQ40,17301,NTSC,18,selection,3,1000000.0,,True
4.3351621768843795,44.47539843586598,True,94.84611656184991,506,12,0,2.025,2.025,1000000.0,48.98243258790408,27.071070508386246,-25.73619509785626,-1.07651722866202,86.01203937504127,1000000.0,1000000.0,506,506,2,0.5547644761085473,HC50,17301,NTSC,18,selection,3,1000000.0,,False
11.968029176541249,97.82568389448687,True,3.9535835889778337,25,2,0,1.925,2.025,2.5582544948247543,5.045791366199039,-1.2356143137384017,-3.0701337968200315,-59.97520821788172,111.92059960502596,1.475,0.49499999999999955,506,1,2,0.4763568027142518,PLL96-board-fixed,17301,NTSC,18,selection,3,1000000.0,,False
14.754870748936135,95.06753844754085,True,0.5802804011235313,0,0,2,0.05,0.05,0.4924754964711503,2.263465136089812,2.5956106261127108,-2.7670649967080023,-60.80199255676752,120.18084731292407,0.05,0.05,506,0,2,0.6794753060274091,OVL-1ae401a8b16c,17301,NTSC,18,selection,3,1000000.0,,False
14.769173504444035,94.89436477861234,True,0.5780225007300545,0,0,2,0.05,0.05,0.5348952189512606,2.4129539006800362,2.704545549733053,-2.8684522642804695,-60.80277081917231,120.1808470542907,0.05,0.05,506,0,2,0.6804808820871447,OVL-91e82444be6e,17301,NTSC,18,selection,3,1000000.0,,False
15.283720821119411,95.5870674456408,True,1.1116396270550657,0,0,2,0.075,0.05,0.043628076864664696,1.1439377315983044,1.8102136580313526,-3.2936175728439503,-49.55343324756019,108.81352522407553,0.075,0.05,506,0,2,0.693297882535108,OVL-863146dbacc1,17301,NTSC,18,selection,3,1000000.0,,True
14.721483444734904,95.02468756685799,True,0.5893120026974383,0,0,2,0.05,0.05,0.4578895024377473,2.1396585894541427,2.6467447324742226,-2.4758537681800914,-60.80294736550477,121.26590708272383,0.05,0.05,506,0,2,0.6782241885330436,OVL-f7e9f30990ed,17301,NTSC,18,selection,3,1000000.0,,False
14.770078130920584,94.65807276424663,True,0.5847962019104848,0,0,2,0.05,0.05,0.5700822959105747,2.2938812792686085,2.813242051116388,-3.30746151786957,-59.26321805707659,118.68754067896978,0.05,0.05,506,0,2,0.6808347740065335,OVL-c25c8c1bb38b,17301,NTSC,18,selection,3,1000000.0,,False
15.299356636520818,95.78428603388889,True,1.1018553920166665,0,0,2,0.075,0.061249999999999985,0.04103105446890245,1.3583153637063063,1.9917453877493712,-2.5835955042231693,-49.523173989387864,108.78614541318765,0.075,0.061249999999999985,506,0,2,0.6934577926096954,OVL-e8170ff89238,17301,NTSC,18,selection,3,1000000.0,,True
15.020032943307701,95.68954588501046,True,0.5802804011235313,0,0,2,0.05,0.05,0.4985837154820377,2.0394405425708992,2.25558995443186,-2.847968892776721,-62.275905041820614,120.18564058909826,0.05,0.05,506,0,2,0.6903136312251995,OVL-13238d59464e,17301,NTSC,18,selection,3,1000000.0,,False
15.018823990501453,95.74730376157387,True,0.5817856680525157,0,0,2,0.05,0.05,0.5476627936724591,2.2045436639883547,2.263185315848444,-2.7800349439789347,-59.05326537349494,120.18564058909826,0.05,0.05,506,0,2,0.6899820858932746,OVL-9f4eba4a7a1d,17301,NTSC,18,selection,3,1000000.0,,False
14.54138254075922,96.7327995140344,True,0.1723530633687272,0,0,2,0.075,0.061249999999999985,0.30571184668177487,1.5832823004741077,1.179434171655993,-3.2778680842937375,-57.80298546638072,116.50514385413038,0.075,0.061249999999999985,506,0,2,0.6915980171501113,OVL-ad35a8536a3c,17301,NTSC,18,selection,3,1000000.0,,False
14.460266577639624,96.88448860880887,True,0.264926979501275,0,0,2,0.075,0.075,0.4820544390558381,2.1226782271272016,1.4605057789070344,-2.295111807946061,-54.735389274028364,120.50494018253346,0.075,0.075,506,0,2,0.6821117951747048,OVL-974ea15ce447,17301,NTSC,18,selection,3,1000000.0,,False
14.174359898203761,96.18504711339372,True,0.14224772478903683,0,0,2,0.075,0.05,0.7069906090917145,3.131014728982659,1.6728192342463077,-2.857962028090431,-54.14482735144379,124.45562477386221,0.075,0.05,506,0,2,0.6810866998778271,OVL-b45700842156,17301,NTSC,18,selection,3,1000000.0,,False
13.784413713075086,95.73686329460931,True,0.24159534210201494,0,0,2,0.075,0.5899999999999999,0.8733298572278928,2.92909966174124,1.9036867739339927,-2.8443234595497087,-55.08422605722801,121.17436593270949,0.075,0.5899999999999999,506,0,2,0.6612610478847278,OVL-ea0f68ecd27b,17301,NTSC,18,selection,3,1000000.0,,False
13.827812160560102,95.97979812041822,True,0.48093278381055315,0,0,2,0.46875,0.5737499999999994,1.1652266781456948,2.1443986275903844,1.9862436314808618,-2.750443384004058,-61.994811516990126,122.53880124083261,0.46875,0.5737499999999994,506,0,2,0.6363373834068491,OVL-b6619ff22e14,17301,NTSC,18,selection,3,1000000.0,,False
13.677815034878973,94.71319641721499,True,0.07827388030719487,0,0,2,0.05,0.05,0.31017215989624786,1.4495495060184207,1.677309439936509,-6.582086647172578,-61.370199094531735,126.23979748689547,0.05,0.05,506,0,2,0.6775255163127494,OVL-2812527a3949,17301,NTSC,18,selection,3,1000000.0,,False
12.351737761702616,95.68606161595766,True,1.2049661766521058,0,0,2,0.1,0.075,0.06836602258050603,1.2365406246436155,2.8892904930549235,-2.3191618238283405,-51.317088757450435,111.74276174572094,0.1,0.075,506,0,2,0.5392282235447828,OVL-4f0b2147772e,17301,NTSC,18,selection,3,1000000.0,,True
12.323625315640477,95.0581019793923,True,1.3231296305773903,0,0,2,0.1,0.075,0.07425519505122091,1.1651709679877575,3.109749785329605,-2.967336227855167,-50.9694776379788,110.5743863874809,0.1,0.075,506,0,2,0.533763239761729,OVL-aee82c832ef1,17301,NTSC,18,selection,3,1000000.0,,True
15.639363635718627,97.46932057141503,True,0.3898641346069899,0,0,2,0.05,0.025,0.02277662625494198,0.2851001573438031,1.0779961872202817,-1.4849897388905358,-59.024450535757275,123.80804656528842,0.05,0.025,506,0,2,0.7269265142875143,OVP56,17301,NTSC,22,selection,3,1000000.0,,True
15.845429542402293,97.46863378019648,True,0.3725535649236679,0,0,2,0.05,0.05,0.02129108444114207,0.43119251514755347,1.2251653204971704,-1.3342956952744265,-58.492000490899834,123.90370116485836,0.05,0.05,506,0,2,0.7351309806059536,VLP56,17301,NTSC,22,selection,3,1000000.0,,True
-6.607390982289793,-82.40226755178013,False,610.734961630746,506,12,49,2.025,2.025,1000000.0,84.13883169252635,22.619262284309333,-156.15491439181693,-67.78900285160425,70.02640583149874,1000000.0,1000000.0,506,506,2,-0.3525152458567399,PLL96-rejected-board,17301,NTSC,22,selection,3,1000000.0,contrast;strong_detail;sync;h_jitter_us;v_jitter_us;h_width_rmse_us;sync_error_ire;black_error_ire;white_error_ire;fine_detail,False
8.966670346867527,97.85654815307093,True,6.556190109192063,501,12,0,2.025,2.025,3.6700817429588675,14.706717933127559,-1.0382339160243903,-1.7180470862561101,-48.7388381941643,110.75933825944013,1.85,1000000.0,506,217,2,0.3578928354375747,PLL96-IQ-corrected,17301,NTSC,22,selection,3,1000000.0,strong_detail;sync;h_jitter_us;v_jitter_us;h_width_rmse_us;sync_error_ire;fine_detail,False
21.258414712513613,96.33396918706502,True,0.0,0,0,2,0.025,0.025,0.020035788138331633,1.6479295506603262,1.6961879570196132,-1.187559668480613,-50.02767795078148,112.98603191716559,0.025,0.025,506,0,2,0.9218659673483749,floating-PLL-IQ40,17301,NTSC,22,selection,3,1000000.0,,True
4.347506476780546,44.47507722975013,True,94.80472172130284,506,12,0,2.025,2.025,1000000.0,48.94779828801577,27.082052244799396,-25.696256530419593,1.0315609230640632,84.54708501685373,1000000.0,1000000.0,506,506,2,0.5795250005666112,HC50,17301,NTSC,22,selection,3,1000000.0,contrast;strong_detail;sync;h_jitter_us;v_jitter_us;h_width_rmse_us;sync_error_ire;black_error_ire;white_error_ire;fine_detail,False
11.967965549263264,97.20649961104043,True,3.853483338200363,0,0,2,0.425,0.22249999999999998,0.12105942910609677,5.61206469085711,-0.8373376662779629,-2.8346010544576514,-58.30709997663413,111.3239316782974,0.425,0.22249999999999998,506,0,2,0.4836347491194108,PLL96-board-fixed,17301,NTSC,22,selection,3,1000000.0,strong_detail;h_jitter_us;sync_error_ire;fine_detail,False
15.258511650884401,95.07440446493185,True,0.5140486562482125,0,0,2,0.05,0.061249999999999985,0.14425339338114818,2.261708145116121,2.650029412135164,-2.633609969734617,-57.21807298376327,120.26884302465437,0.05,0.061249999999999985,506,0,2,0.7044281562201908,OVL-1ae401a8b16c,17301,NTSC,22,selection,3,1000000.0,,True
15.276706586571185,94.91915350120163,True,0.5140486562482125,0,0,2,0.05,0.061249999999999985,0.1442576745959878,2.3980504389522874,2.7531336055411395,-2.7222616720578126,-56.5656708541996,120.26884276587036,0.05,0.061249999999999985,506,0,2,0.7057418281476742,OVL-91e82444be6e,17301,NTSC,22,selection,3,1000000.0,,True
15.836475470083741,95.57083203599237,True,1.0085288424196264,0,0,2,0.075,0.05,0.04189496087879273,1.1910564593100812,1.6887355105298667,-3.439523087942631,-49.33639029218076,105.78049369227126,0.075,0.05,506,0,2,0.7228476316405842,OVL-863146dbacc1,17301,NTSC,22,selection,3,1000000.0,,True
15.23169349489045,95.04410913146972,True,0.5268434251445809,0,0,2,0.05,0.05,0.03008962238869194,2.088771082524223,2.692050089920957,-2.3388328582534097,-57.49502638888478,120.26884274675506,0.05,0.05,506,0,2,0.7037082949567394,OVL-f7e9f30990ed,17301,NTSC,22,selection,3,1000000.0,,True
15.273671059366883,94.73024782194388,True,0.5223276243576273,0,0,2,0.05,0.061249999999999985,0.14541323832933137,2.20260896364482,2.860046582436278,-3.1532826370840654,-56.29681293619222,118.18293125200712,0.05,0.061249999999999985,506,0,2,0.7059385015931838,OVL-c25c8c1bb38b,17301,NTSC,22,selection,3,1000000.0,,True
15.84533167197544,95.69891155688528,True,1.0115393762775953,0,0,2,0.075,0.075,0.03954409156708007,1.3308338776622504,1.9346367895501388,-2.8946040627533742,-49.30608087238552,106.10572584738465,0.075,0.075,506,0,2,0.7226328999030314,OVL-e8170ff89238,17301,NTSC,22,selection,3,1000000.0,,True
15.588878312860244,95.81998542100797,True,0.5057696881387976,0,0,2,0.05,0.061249999999999985,0.14521348601882378,1.8146109732343203,2.2571726661240663,-2.7114779100517623,-57.09988581871391,120.27363909391711,0.05,0.061249999999999985,506,0,2,0.7173441178701115,OVL-13238d59464e,17301,NTSC,22,selection,3,1000000.0,,True
15.582934979936859,95.9477178226401,True,0.5200697239641505,0,0,2,0.05,0.061249999999999985,0.1452645127211959,1.8781591158289426,2.261003119837453,-2.6190886164017515,-56.848753771170735,120.27363909391725,0.05,0.061249999999999985,506,0,2,0.7166028668111578,OVL-9f4eba4a7a1d,17301,NTSC,22,selection,3,1000000.0,,True
15.31035525689928,96.8953178253575,True,0.12568978857020716,0,0,2,0.05,0.036249999999999984,0.027628606931016562,1.6281898151411869,1.0258036387556582,-3.2186738876524066,-54.24703352222841,116.54575776020947,0.05,0.036249999999999984,506,0,2,0.725978487513659,OVL-ad35a8536a3c,17301,NTSC,22,selection,3,1000000.0,,True
15.2419650536179,97.09622818087539,True,0.19869523462595623,0,0,2,0.075,0.075,0.18848719040989656,2.2117778771039074,1.2039316779924145,-2.1682880821038486,-54.82190699843065,117.05468005989324,0.075,0.075,506,0,2,0.7176147144972754,OVL-974ea15ce447,17301,NTSC,22,selection,3,1000000.0,h_width_rmse_us,True
14.725200881379358,96.53703108533453,True,0.12719505549919166,0,0,2,0.05,0.036249999999999984,0.38186729168455635,2.6590798274742045,1.7422164920393233,-2.5773322848416518,-50.29628816042832,121.91198033602977,0.05,0.036249999999999984,506,0,2,0.7064186884899076,OVL-b45700842156,17301,NTSC,22,selection,3,1000000.0,h_width_rmse_us,False
14.38617271498236,95.5477471848186,True,0.19643733423247944,0,0,2,0.075,0.061249999999999985,0.5075370661516128,3.0755199530768302,1.9286445177204279,-2.798770531798252,-54.13744887404769,121.19651977492966,0.075,0.061249999999999985,506,0,2,0.6907587806452521,OVL-ea0f68ecd27b,17301,NTSC,22,selection,3,1000000.0,strong_detail;h_width_rmse_us;fine_detail,False
14.198438438897522,96.14415675846627,True,0.4305063416895718,0,0,2,0.075,0.11124999999999999,0.3493624204039608,1.9989879630256633,1.9232892153577115,-2.6570697425501106,-59.025896276243415,120.00009887248852,0.075,0.11124999999999999,506,0,2,0.6541658301511057,OVL-b6619ff22e14,17301,NTSC,22,selection,3,1000000.0,strong_detail;h_width_rmse_us;fine_detail,False
14.333768488447326,95.22487114264719,True,0.03838430668910518,0,0,2,0.05,0.036249999999999984,0.027313868836729073,0.9985265098129713,1.5905190164817857,-6.263265759652218,-56.1328374211608,123.16361983441949,0.05,0.036249999999999984,506,0,2,0.706703851836123,OVL-2812527a3949,17301,NTSC,22,selection,3,1000000.0,strong_detail;white_error_ire,True
12.52920159339352,95.81011892792259,True,1.1259396628804186,0,0,2,0.1,0.075,0.06080203410889027,1.181945106840961,2.866173525119823,-2.1537625448099673,-49.83385383286516,110.41344233568945,0.1,0.075,506,0,2,0.5486817875458567,OVL-4f0b2147772e,17301,NTSC,22,selection,3,1000000.0,strong_detail;fine_detail,True
12.487376672353907,95.12936504401313,True,1.2102346109035516,0,0,2,0.1,0.075,0.06437407660798276,1.0670321701157128,3.09952295020126,-2.84814867166833,-48.34434702557434,109.19520989965345,0.1,0.075,506,0,2,0.543675613853049,OVL-aee82c832ef1,17301,NTSC,22,selection,3,1000000.0,strong_detail;fine_detail,True
16.08254566714639,97.54590105557517,True,0.3492219275244079,0,0,2,0.05,0.036249999999999984,0.020066588753191793,0.1432767179320625,1.0776524993825343,-1.4083254178914157,-55.07512432862346,123.81905877810104,0.05,0.036249999999999984,506,0,2,0.7458037418595045,OVP56,17301,NTSC,30,selection,3,1000000.0,,True
16.310009039531398,97.52892257823416,True,0.35599562870483825,0,0,2,0.05,0.036249999999999984,0.018430244519362142,0.2926245398849546,1.2342773176504325,-1.2936487861664983,-56.330286182445576,123.47302242466634,0.05,0.036249999999999984,506,0,2,0.7546157365240268,VLP56,17301,NTSC,30,selection,3,1000000.0,,True
-6.6159442302114,-82.75502179679287,False,611.4145896491825,506,12,49,2.025,2.025,1000000.0,84.98138449545895,22.569921767326758,-156.20428500776242,-67.6575534037507,61.17051411530254,1000000.0,1000000.0,506,506,2,-0.3506105592372149,PLL96-rejected-board,17301,NTSC,30,selection,3,1000000.0,contrast;strong_detail;sync;h_jitter_us;v_jitter_us;h_width_rmse_us;sync_error_ire;black_error_ire;white_error_ire;fine_detail,False
8.916643276715115,98.48238093647771,True,6.641990324144181,506,12,0,2.025,2.025,1000000.0,14.000399507803458,-1.0795692589241508,-1.7135098783904714,-41.758431445948034,106.99197476885266,1000000.0,1000000.0,506,506,2,0.3587857935791554,PLL96-IQ-corrected,17301,NTSC,30,selection,3,1000000.0,strong_detail;sync;h_jitter_us;v_jitter_us;h_width_rmse_us;sync_error_ire;fine_detail,False
21.96884028616962,96.34924678010596,True,0.0,0,0,2,0.025,0.025,0.020402326845520895,1.6513936645113019,1.6961699827119825,-1.14886296338257,-47.04102230933796,111.85081404496864,0.025,0.025,506,0,2,0.9369354833886125,floating-PLL-IQ40,17301,NTSC,30,selection,3,1000000.0,,True
4.355476961799437,44.47926932657964,True,94.77235848232968,506,12,0,2.025,2.025,1000000.0,48.927620978161876,27.08513985200597,-25.65830062195324,1.8594345729998452,84.19025452678343,1000000.0,1000000.0,506,506,2,0.5958662435670065,HC50,17301,NTSC,30,selection,3,1000000.0,contrast;strong_detail;sync;h_jitter_us;v_jitter_us;h_width_rmse_us;sync_error_ire;black_error_ire;white_error_ire;fine_detail,False
11.891031330436467,96.74976603379167,True,3.760909422067815,0,0,2,0.3875,0.1537499999999999,0.10981929101866346,5.71691649699687,-0.6560618738285671,-2.7824965170141245,-57.265278644986935,111.31602569909856,0.3875,0.1537499999999999,506,0,2,0.4871538413825029,PLL96-board-fixed,17301,NTSC,30,selection,3,1000000.0,strong_detail;h_jitter_us;sync_error_ire;fine_detail,False
15.589294707968255,95.06724203844585,True,0.4997486204228596,0,0,2,0.05,0.05,0.029278207573811242,2.2304079867064908,2.646227401862456,-2.618351096464985,-52.891402676007196,120.11874636508398,0.05,0.05,506,0,2,0.7200819807854795,OVL-1ae401a8b16c,17301,NTSC,30,selection,3,1000000.0,,True
15.610637238732437,94.91904346965093,True,0.5012538873518442,0,0,2,0.05,0.05,0.02923598951641542,2.3579906517653586,2.7496076920797523,-2.7027227615288067,-51.1503510008292,118.9171697702489,0.05,0.05,506,0,2,0.721603169990163,OVL-91e82444be6e,17301,NTSC,30,selection,3,1000000.0,,True
16.183849318762853,95.59611952689531,True,0.9400391971508307,0,0,2,0.05,0.05,0.03979319067020657,1.149023422353592,1.5916976740540378,-3.5178018515874623,-43.263663351340504,102.38619721466966,0.05,0.05,506,0,2,0.7405076251082865,OVL-863146dbacc1,17301,NTSC,30,selection,3,1000000.0,,True
15.569731936727493,95.03947104613958,True,0.5148012897127048,0,0,2,0.05,0.05,0.029320364841972944,2.007784359647734,2.694896238126387,-2.3294541805601883,-52.584519178570496,120.12139938957938,0.05,0.05,506,0,2,0.7198641484479275,OVL-f7e9f30990ed,17301,NTSC,30,selection,3,1000000.0,,True
15.60250910818354,94.75607396731047,True,0.5087802219967666,0,0,2,0.05,0.05,0.02936246158273568,2.105505324812303,2.8634843591830026,-3.129306468151636,-51.150351000818375,117.52581674416757,0.05,0.05,506,0,2,0.721607010076249,OVL-c25c8c1bb38b,17301,NTSC,30,selection,3,1000000.0,,True
16.19173964238785,95.70249637312166,True,0.9430497310087997,0,0,2,0.05,0.061249999999999985,0.0383226627756141,1.2406789969154874,1.8733219347006997,-3.0563292716463577,-43.62195661109034,103.46370857881618,0.05,0.061249999999999985,506,0,2,0.7401289290770927,OVL-e8170ff89238,17301,NTSC,30,selection,3,1000000.0,,True
15.967225660845417,95.88626336332088,True,0.49071701884895247,0,0,2,0.05,0.05,0.02846535929585111,1.6279754547935488,2.2214871244719445,-2.7049855185630256,-51.166689706191875,118.9439974315165,0.05,0.05,506,0,2,0.7344234322497384,OVL-13238d59464e,17301,NTSC,30,selection,3,1000000.0,,True
15.957820816420936,96.05176488906112,True,0.5065223216032899,0,0,2,0.05,0.05,0.02936246158273568,1.6277053494725573,2.224162264979604,-2.607064913068314,-50.835931786022314,118.9439974315165,0.05,0.05,506,0,2,0.7333681230168109,OVL-9f4eba4a7a1d,17301,NTSC,30,selection,3,1000000.0,,True
15.826116249265498,96.93145005693982,True,0.07074754566227229,0,0,2,0.075,0.04749999999999996,0.026370535420046387,1.692270641024829,0.9929699616334869,-3.22166880574955,-48.27552448505857,115.53095066452815,0.075,0.047499999999999966,506,0,2,0.7477100817343442,OVL-ad35a8536a3c,17301,NTSC,30,selection,3,1000000.0,,True
15.772212956973252,97.19896970177224,True,0.16858989604626587,0,0,2,0.075,0.061249999999999985,0.02855201203600804,2.312699420131815,1.1202745592891206,-2.031044427712764,-52.19492895276407,114.0209965172759,0.075,0.061249999999999985,506,0,2,0.7401665813235503,OVL-974ea15ce447,17301,NTSC,30,selection,3,1000000.0,,True
15.132734370955763,96.77435032359924,True,0.11440028660282328,0,0,2,0.05,0.061249999999999985,0.027245951942136314,2.341796967069938,1.6694182986443284,-2.5063713771084846,-48.68654623596235,116.38733734268101,0.05,0.061249999999999985,506,0,2,0.7238495941001031,OVL-b45700842156,17301,NTSC,30,selection,3,1000000.0,,True
14.909893214221091,95.08794225005656,True,0.1482687925049749,0,0,2,0.075,0.075,0.02846535929585111,3.1533055257082516,2.3639191756026197,-2.987533065818493,-53.83728333930138,117.9202442015079,0.075,0.075,506,0,2,0.7163286401917912,OVL-ea0f68ecd27b,17301,NTSC,30,selection,3,1000000.0,strong_detail,True
14.355765800892941,96.23254639907509,True,0.4433011105859402,0,0,2,0.075,0.09749999999999996,0.03934053718002143,1.9289180521720624,1.8706160240711276,-2.6232731955104525,-54.927246737816866,117.98875172123655,0.075,0.09749999999999996,506,0,2,0.6603463633711875,OVL-b6619ff22e14,17301,NTSC,30,selection,3,1000000.0,strong_detail;fine_detail,True
14.700867607817063,95.4796343617834,True,0.0270948047217213,0,0,2,0.05,0.04749999999999996,0.024776670462543716,0.7186893626021752,1.4252899843053048,-6.37843902341088,-50.361754972448914,120.83616562212663,0.05,0.047499999999999966,506,0,2,0.7230999025601462,OVL-2812527a3949,17301,NTSC,30,selection,3,1000000.0,strong_detail;white_error_ire,True
12.63645030687374,95.88756934261906,True,1.0672342526500225,0,0,2,0.1,0.075,0.05412801397828302,1.1282740614057876,2.8525702072415573,-2.03966991799555,-43.41229181713019,109.44737174008768,0.1,0.075,506,0,2,0.5537031422975164,OVL-4f0b2147772e,17301,NTSC,30,selection,3,1000000.0,strong_detail;fine_detail,True
12.577827738507787,95.19770374392928,True,1.1974398420071832,0,0,2,0.1,0.075,0.04618606038528339,1.0138919399046968,3.0970379500979988,-2.701661560737784,-43.78814106737178,107.62100387411817,0.1,0.075,506,0,2,0.5481855103442353,OVL-aee82c832ef1,17301,NTSC,30,selection,3,1000000.0,strong_detail;fine_detail,True
