sinad,contrast,polarity_ok,large_errors,h_missing,v_missing,v_trains,h_jitter_us,v_jitter_us,h_width_rmse_us,sync_error_ire,black_error_ire,white_error_ire,raw_min,raw_max,h_jitter_matched_us,v_jitter_matched_us,h_expected,max_h_gap,expected_v_trains,luma_sinad,detail_corr,model,profile,stage,seed,standard,cnr,rms,cfo_hz,quality_failures,usable,burst_gain,burst_phase_deg,burst_phase_jitter_deg,burst_amplitude_jitter_pct,burst_rmse_ire
0.7336654982806301,55.727553717569315,True,219.1386449184442,610,8,0,2.025,2.025,1000000.0,35.340530064532686,14.042930557998806,-29.74265740619509,-89.76559480570447,150.7429394228353,1000000.0,1000000.0,610,610,2,5.596297727327244,0.11805042178328157,OVP56,range,final,60401,PAL,0,3,1000000.0,,False,,,,,
1.1739004644132642,63.48785410461373,True,165.66562107904642,533,8,0,2.025,2.025,3.4824828338861464,31.753416604989326,4.951678887876164,-34.407909874066924,-73.83799771568286,133.6294325017586,1.905,1000000.0,610,31,2,6.072198149737664,0.11855480393547131,RANGE32,range,final,60401,PAL,0,3,1000000.0,,False,,,,,
-6.809749920594401,-77.91308359917336,False,640.1580928481807,610,8,2,2.025,2.025,1000000.0,89.96785795546639,19.414631593221443,-148.3644867255794,-77.25605707755756,137.59514851006608,1000000.0,1000000.0,610,610,2,-6.700436697638768,-0.10180156010198242,PLL96-rejected-board,range,final,60401,PAL,0,3,1000000.0,,False,,,,,
2.7009305668716177,85.27582171773933,True,113.64303638644918,376,4,0,2.025,2.025,3.3106770100626344,12.282479764652518,3.314305237749359,-11.158201950786344,-77.17130964126221,137.0054702400897,1.8,1.6412499999999999,610,10,2,5.631511859938137,0.09896548323683481,PLL96-IQ-corrected,range,final,60401,PAL,0,3,1000000.0,,False,,,,,
5.934952786404905,92.65976148780109,True,39.54642409033877,487,5,0,2.025,2.025,3.4429791882985454,4.884465541856924,1.3937463166101247,-7.1382190605818385,-80.80384421987142,140.2289244613318,1.675,1.59,610,20,2,13.859467933179532,0.25932744439319416,floating-PLL-IQ40,range,final,60401,PAL,0,3,1000000.0,,False,,,,,
0.8402125220950267,31.987579885081807,True,220.94416562107904,610,8,0,2.025,2.025,1000000.0,52.831902652711776,27.06477428131094,-41.28069105612338,-84.26790921155447,139.6933458514871,1000000.0,1000000.0,610,610,2,2.843331873223167,0.07288930130496771,HC50,range,final,60401,PAL,0,3,1000000.0,,False,,,,,
0.16815767850426355,69.82049312603364,True,196.3732747804266,442,8,0,2.025,2.025,3.382428443089233,17.333710278627194,2.91523517707055,-30.63548685987714,-84.3462055803296,130.27153145628287,1.85,1000000.0,610,20,2,3.8386337762414873,0.08123244745924012,PLL96-board-fixed,range,final,60401,PAL,0,3,1000000.0,,False,,,,,
1.5928600902216419,69.67193233130367,True,157.07089084065245,361,5,0,2.025,2.025,3.279851322666194,18.65119553390003,13.343864803567502,-23.643454704696023,-78.68781294733043,130.77677095089723,1.7399999999999998,1.4974999999999998,610,12,2,3.4893589717854923,0.09512197153678457,RNG-e8b8a23c51cf,range,final,60401,PAL,0,3,1000000.0,,False,,,,,
2.724483738925833,68.99170269197344,True,133.75407779171894,610,8,0,2.025,2.025,1000000.0,25.994781814604405,9.375453465231296,-21.119242836714097,-86.23720477026308,146.05616259044524,1000000.0,1000000.0,610,610,2,8.514747852871661,0.1753833257143782,OVP56,range,final,60401,PAL,2,3,1000000.0,,False,,,,,
3.2840093925221097,77.49571877558276,True,90.13299874529486,345,6,0,2.025,2.025,3.28844819169072,20.07065386420255,2.875596516587677,-22.60286579558136,-69.96180921911179,131.21739570572427,1.9199999999999995,1.38125,610,9,2,9.39323599213793,0.1720525900665479,RANGE32,range,final,60401,PAL,2,3,1000000.0,,False,,,,,
-6.789516809802611,-82.19767753239901,False,625.4924717691342,610,8,15,2.025,2.025,1000000.0,90.16089945521506,20.373396035649666,-153.72489355876766,-75.01757446067278,133.93121136149094,1000000.0,1000000.0,610,610,2,-6.7583310115545405,-0.16859942769905567,PLL96-rejected-board,range,final,60401,PAL,2,3,1000000.0,,False,,,,,
5.628414054387184,89.99183245821193,True,47.67440401505646,420,5,0,2.025,2.025,3.350713788842139,10.85602848051849,1.8586721487449416,-6.811571915411757,-76.0106449757334,135.70079119157424,1.8887499999999995,1.72,610,13,2,9.794486750543733,0.16503550212570836,PLL96-IQ-corrected,range,final,60401,PAL,2,3,1000000.0,,False,,,,,
8.170797621146948,94.31503174896476,True,11.519447929736511,363,5,0,2.025,2.025,3.3826790732421848,3.97873585689384,1.5339335818496693,-4.395639824768939,-78.1833595753737,139.219289855554,1.8424999999999998,1.5775000000000001,610,9,2,18.96257729574772,0.36242223178009236,floating-PLL-IQ40,range,final,60401,PAL,2,3,1000000.0,,False,,,,,
2.121385934820557,38.13753969372974,True,164.94291091593473,610,8,0,2.025,2.025,1000000.0,50.85958736671193,27.282714114221367,-34.26889669013766,-78.91692896657287,143.3825501911075,1000000.0,1000000.0,610,610,2,3.657035641911995,0.11198434136720141,HC50,range,final,60401,PAL,2,3,1000000.0,,False,,,,,
2.7543861657437274,81.64368155333685,True,101.64115432873275,283,4,0,2.025,2.025,3.195571644409897,9.735382339344675,0.22071051924014803,-22.126686924528887,-82.55255712817608,128.22121024914125,1.85,1.9412499999999997,610,7,2,7.051405651770169,0.1357522253667196,PLL96-board-fixed,range,final,60401,PAL,2,3,1000000.0,,False,,,,,
4.425529493143049,80.97134871281663,True,74.6405269761606,216,3,0,2.025,2.025,3.11902728719614,11.624069440361659,9.89901204141152,-14.09641543368529,-73.61893663848375,130.08501325166728,1.7587499999999991,1.215,610,6,2,7.101543250402841,0.15755677768520526,RNG-e8b8a23c51cf,range,final,60401,PAL,2,3,1000000.0,,False,,,,,
5.052297525698402,80.90657727778492,True,64.84190715181933,601,8,0,2.025,2.025,3.5527571452793296,16.967074410823418,5.088222372413421,-13.6537507579187,-83.55754990523883,143.97007457883058,1.975,1000000.0,610,189,2,12.455299117007442,0.2513503972509215,OVP56,range,final,60401,PAL,4,3,1000000.0,,False,,,,,
5.845887893621705,88.81610289278565,True,39.228983688833125,98,0,0,2.025,1.4075,2.8211961911959884,9.28241580741007,1.7294539829449587,-11.58758409335968,-71.53790970417288,132.2472789253817,1.6612499999999997,1.4075,610,2,2,13.950459604373137,0.24954201476401433,RANGE32,range,final,60401,PAL,4,3,1000000.0,,False,,,,,
-6.824050467788551,-84.45768110650727,False,618.1838143036387,610,8,41,2.025,2.025,1000000.0,88.83101559469146,21.265609777335445,-156.88334236762432,-74.76738729403135,133.88799992380137,1000000.0,1000000.0,610,610,2,-6.83880956055928,-0.24587925707548883,PLL96-rejected-board,range,final,60401,PAL,4,3,1000000.0,,False,,,,,
7.967530526783029,93.18157185975294,True,17.47365119196989,432,6,0,2.025,2.025,3.4407846921527665,10.802736279160822,0.24907053725839748,-3.808389741194004,-75.04018724350163,136.52645623419198,1.8037500000000002,1.6324999999999998,610,13,2,13.167382454740725,0.24011898023317219,PLL96-IQ-corrected,range,final,60401,PAL,4,3,1000000.0,,False,,,,,
10.117370921399944,96.05355934560286,True,2.29297365119197,166,1,0,2.025,1.9725,3.1328156768816315,2.5624812667726697,1.2351790410722028,-2.3372201979184974,-76.65162890856472,135.37059045387224,1.771249999999999,1.6499999999999992,610,4,2,23.45450394062468,0.46297766589623074,floating-PLL-IQ40,range,final,60401,PAL,4,3,1000000.0,,False,,,,,
3.2722351267367964,42.746372214151044,True,122.16562107904642,610,8,0,2.025,2.025,1000000.0,49.43451414458778,27.126611952840967,-28.794763787731625,-71.59878557339779,127.31799215672042,1000000.0,1000000.0,610,610,2,4.286737174744271,0.17451241718870392,HC50,range,final,60401,PAL,4,3,1000000.0,,False,,,,,
5.804807814356944,91.16966644836738,True,40.563989962358846,90,2,0,2.025,2.025,2.8294754797284627,3.332528765943194,-1.8892310860969324,-14.491300367935136,-84.67374304108664,127.05965349712842,1.725,1.33125,610,4,2,10.99739469425545,0.2117875928711796,PLL96-board-fixed,range,final,60401,PAL,4,3,1000000.0,,False,,,,,
7.547225940034782,88.98062200200806,True,28.54391468005019,70,0,0,2.025,1.0749999999999995,2.7690338768442526,6.012951106831505,5.870541398083932,-8.605871403742416,-73.10100752888007,126.84002395117484,1.6,1.0749999999999995,610,3,2,11.619700087850047,0.23830029873358322,RNG-e8b8a23c51cf,range,final,60401,PAL,4,3,1000000.0,,False,,,,,
7.414114855094666,88.01652580907863,True,22.367628607277293,544,8,0,2.025,2.025,3.5177687487521077,10.89476600199324,2.801989373505905,-9.109025074407695,-79.10125945339084,141.34417780731508,1.84375,1000000.0,610,49,2,16.568619202477763,0.33723581831990773,OVP56,range,final,60401,PAL,6,3,1000000.0,,False,,,,,
8.553608201979566,93.97084623895815,True,12.36072772898369,8,0,0,1.1387499999999988,1.3287499999999999,2.061879625817697,3.639116479786521,1.740148519558227,-5.23295039158494,-64.58933387425134,126.32083028104327,1.0987499999999983,1.3287499999999999,610,2,2,19.2755676504504,0.34306162685008723,RANGE32,range,final,60401,PAL,6,3,1000000.0,,False,,,,,
-6.784909961991054,-84.30072211680937,False,614.4247176913425,610,8,57,2.025,2.025,1000000.0,87.04223181912572,22.231254339606377,-157.34456133046731,-73.18878857649223,132.5216345338245,1000000.0,1000000.0,610,610,2,-6.819243567147183,-0.29993131157434616,PLL96-rejected-board,range,final,60401,PAL,6,3,1000000.0,,False,,,,,
9.172132026102114,94.26054649587866,True,7.9849435382685074,468,5,0,2.025,2.025,3.487377263224663,12.33086952508827,-0.6997993753692804,-2.762669727104538,-73.95690682607906,132.09421204572246,1.8987499999999997,1.6575,610,22,2,14.239509383517488,0.295078955224361,PLL96-IQ-corrected,range,final,60401,PAL,6,3,1000000.0,,False,,,,,
12.00621962899164,96.12975212432553,True,0.26537013801756587,41,0,0,2.025,1.1925,2.656281724714922,2.260317097828114,1.4209052435657974,-1.8082537613332448,-70.14784087302522,132.8791054396582,1.525,1.1924999999999997,610,2,2,25.866121108119398,0.5561020696358451,floating-PLL-IQ40,range,final,60401,PAL,6,3,1000000.0,,False,,,,,
3.940995078242955,44.389725926948394,True,99.71267252195734,610,8,0,2.025,2.025,1000000.0,49.08418510278658,27.107574356523227,-26.35275925513763,-72.85389907467854,117.22442183401606,1000000.0,1000000.0,610,610,2,4.529814877544257,0.25869189640571677,HC50,range,final,60401,PAL,6,3,1000000.0,,False,,,,,
8.72653237100827,95.94567072862026,True,12.950439146800502,11,0,0,1.275,1.1937499999999996,2.3663785613942623,0.6812153702887889,-2.4309417772503603,-9.848093640686217,-81.5418695440752,123.15372820972573,1.1025000000000005,1.1937499999999999,610,1,2,14.806756562298382,0.3071993738938697,PLL96-board-fixed,range,final,60401,PAL,6,3,1000000.0,,False,,,,,
10.065710593874345,92.04069491489703,True,10.366373902132999,15,0,0,1.613749999999999,1.0312499999999996,2.22468461554789,4.485854650342455,3.846669355418893,-6.890404665569917,-64.40303376382397,119.23523838619269,1.35,1.0312499999999993,610,2,2,15.79591511779823,0.31407864410926756,RNG-e8b8a23c51cf,range,final,60401,PAL,6,3,1000000.0,,False,,,,,
9.453527636298865,91.6238697331727,True,5.543914680050189,399,5,0,2.025,2.025,3.391666763704677,7.37990973784065,2.0106875851965667,-6.492736474710035,-73.94843915161657,136.8113317271963,1.8375,1.4899999999999998,610,13,2,20.0001175207218,0.4215521790866823,OVP56,range,final,60401,PAL,8,3,1000000.0,,False,,,,,
10.635137433641791,95.17572465580979,True,3.8005018820577163,0,0,2,0.4,0.9487499999999996,1.0342931378878848,2.079800518953835,2.14676310524855,-3.0445033911790604,-61.14140297260031,120.92888440961252,0.4,0.9487499999999998,610,0,2,22.835153392604624,0.4317152839214509,RANGE32,range,final,60401,PAL,8,3,1000000.0,,False,,,,,
-6.727434518328209,-83.36341188343128,False,612.4190715181932,610,8,56,2.025,2.025,1000000.0,85.45723419127344,22.891470595857744,-156.70161141048916,-71.11210677776359,128.3421962489417,1000000.0,1000000.0,610,610,2,-6.76842276805833,-0.3288715502237248,PLL96-rejected-board,range,final,60401,PAL,8,3,1000000.0,,False,,,,,
9.469528310034312,94.60568264444467,True,6.0181932245922205,517,6,0,2.025,2.025,3.548981377410186,14.052593237541188,-0.9125316321750282,-2.510423682556675,-69.30998657410706,132.14691677223982,1.8299999999999994,1.9075,610,24,2,13.816378039321144,0.32401277892519825,PLL96-IQ-corrected,range,final,60401,PAL,8,3,1000000.0,,False,,,,,
13.776438571738499,95.77656169511714,True,0.015683814303638643,6,0,0,1.025,0.4074999999999997,1.9532681901153655,2.417391448237267,1.7955452092165884,-1.67772980363078,-69.28489182552627,126.13673771143502,0.9962500000000005,0.40749999999999975,610,1,2,26.436088387338636,0.6409076167407779,floating-PLL-IQ40,range,final,60401,PAL,8,3,1000000.0,,False,,,,,
4.167150745689129,44.51344067151788,True,91.74843161856963,610,8,0,2.025,2.025,1000000.0,49.25491720081937,27.230467618801566,-25.768090389050123,-56.011779053542455,106.15183081698319,1000000.0,1000000.0,610,610,2,4.548106494207607,0.33598678463520565,HC50,range,final,60401,PAL,8,3,1000000.0,,False,,,,,
10.47711608427691,97.84320938845909,True,5.288582183186951,8,0,0,1.288749999999999,0.8174999999999994,2.18620737793457,0.6546911393212446,-2.360973286913921,-7.322632502729108,-78.80092876073928,117.20591139178572,1.125,0.8174999999999996,610,1,2,16.96899269545954,0.3795697929743246,PLL96-board-fixed,range,final,60401,PAL,8,3,1000000.0,,False,,,,,
11.337017516718497,93.00436651953541,True,5.85508155583438,1,0,0,1.088749999999999,1.0312499999999996,1.5145307412443156,4.030827905707694,3.1144813247036236,-6.4200113464888515,-63.589990150665,116.98827311331567,1.0650000000000006,1.0312499999999993,610,1,2,17.902779714464604,0.3640101604661027,RNG-e8b8a23c51cf,range,final,60401,PAL,8,3,1000000.0,,False,,,,,
11.074960927573589,93.80701054353327,True,1.4479297365119197,164,4,0,2.025,2.025,3.1106369475930395,4.9228016492306175,1.6971336621086959,-4.67853391104149,-72.51502054494534,129.53623925249374,1.725,1.7724999999999997,610,4,2,22.681543032547886,0.4946984528813852,OVP56,range,final,60401,PAL,10,3,1000000.0,,False,,,,,
12.101226923528523,95.49468613005187,True,1.7358845671267251,0,0,2,0.125,0.7262499999999996,0.34645600340459104,1.6364293469365188,2.2800343015638087,-2.398025787781391,-58.026700525745895,115.14726810083445,0.125,0.7262499999999995,610,0,2,24.098663488106485,0.504054761916117,RANGE32,range,final,60401,PAL,10,3,1000000.0,,False,,,,,
-6.70463433138056,-82.8354475673112,False,611.7208281053952,610,8,56,2.025,2.025,1000000.0,84.39933960417233,23.19701578984734,-156.34037095985556,-69.19520407683525,81.99211277586772,1000000.0,1000000.0,610,610,2,-6.748283105835463,-0.3423789118579262,PLL96-rejected-board,range,final,60401,PAL,10,3,1000000.0,,False,,,,,
9.433746629917492,95.21926488330769,True,5.818067754077792,543,7,0,2.025,2.025,3.5995737206159917,15.094393191569212,-1.1554844090645342,-2.2828594030621945,-56.8063942376203,122.90199358620632,1.8199999999999996,2.0,610,25,2,13.20192477171535,0.33928600621032107,PLL96-IQ-corrected,range,final,60401,PAL,10,3,1000000.0,,False,,,,,
15.400167934099454,95.78927885867205,True,0.0018820577164366374,0,0,2,0.45,0.04124999999999999,1.0986145336024928,2.2922541203975997,1.903303421044632,-1.531649249747728,-62.21960737164374,124.60848765011426,0.45,0.04124999999999999,610,0,2,26.90079156194426,0.7157329078825766,floating-PLL-IQ40,range,final,60401,PAL,10,3,1000000.0,,False,,,,,
4.255955270694378,44.45601893506668,True,89.37954830614805,610,8,0,2.025,2.025,1000000.0,49.27915076440022,27.239094505765497,-25.717139686421636,-24.93168302234198,97.47613161484563,1000000.0,1000000.0,610,610,2,4.545110260202062,0.39407490166295184,HC50,range,final,60401,PAL,10,3,1000000.0,,False,,,,,
11.220920931429427,98.64924003534907,True,4.067126725219573,9,0,0,1.3024999999999978,1.5499999999999998,2.1658249303560404,1.5222085145164146,-2.1699905168055125,-5.697653332852308,-69.78890572275746,114.74001399602352,1.125,1.5499999999999996,610,1,2,17.54637107267857,0.41714843894715836,PLL96-board-fixed,range,final,60401,PAL,10,3,1000000.0,,False,,,,,
11.835238229161636,93.57851796382444,True,5.143036386449184,0,0,2,0.3887499999999989,0.275,0.9397761985061596,3.703693989054941,2.642169668967532,-6.25019071184227,-57.60962460090192,113.96175315123858,0.3887499999999989,0.275,610,0,2,18.33722113503915,0.39011194320231324,RNG-e8b8a23c51cf,range,final,60401,PAL,10,3,1000000.0,,False,,,,,
12.390083554416298,95.39336448637782,True,0.6831869510664993,36,0,0,2.025,1.3124999999999998,2.5800205192577326,3.057265586211677,1.4358932932276314,-3.33924285133305,-67.83444496446845,129.61317761737033,1.4837500000000006,1.3124999999999998,610,2,2,24.890296312304706,0.5569695729258278,OVP56,range,final,60401,PAL,12,3,1000000.0,,False,,,,,
13.20610044820047,95.79721419639934,True,1.3061480552070264,0,0,2,0.1,0.075,0.15433291139929814,1.347366705128644,2.2145185308202304,-2.1553280729058115,-51.579443829872964,111.35756540556423,0.1,0.075,610,0,2,24.573291248599492,0.5628453436074383,RANGE32,range,final,60401,PAL,12,3,1000000.0,,True,,,,,
-6.707693795161048,-82.70184394038029,False,612.353199498118,610,8,56,2.025,2.025,1000000.0,83.83342768819145,23.220281156737943,-156.3622809480858,-69.24164452779405,78.3329065673584,1000000.0,1000000.0,610,610,2,-6.752803756046681,-0.3496133057745184,PLL96-rejected-board,range,final,60401,PAL,12,3,1000000.0,,False,,,,,
9.321911914478328,96.00074410324085,True,5.931618569636136,558,8,0,2.025,2.025,3.6294170701685373,15.623002713966446,-1.27093408925081,-1.9688673005776332,-54.97580192054528,123.12972266205011,1.8224999999999998,1000000.0,610,44,2,12.69599912912639,0.34897315361358844,PLL96-IQ-corrected,range,final,60401,PAL,12,3,1000000.0,,False,,,,,
16.892115634778104,96.10106427756695,True,0.0,0,0,2,0.05,0.025,0.44840678801840594,1.9737762756834965,1.8454787696313553,-1.2792641540053376,-59.585419466991766,122.91104046361923,0.05,0.025,610,0,2,27.706023947824438,0.7785123847175027,floating-PLL-IQ40,range,final,60401,PAL,12,3,1000000.0,,True,,,,,
4.316922619013084,44.525081983900854,True,88.91154328732748,610,8,0,2.025,2.025,1000000.0,49.17442274530804,27.203298570934276,-25.633703396399046,-7.753971847840305,93.42092922301654,1000000.0,1000000.0,610,610,2,4.556489756115045,0.44271154844486077,HC50,range,final,60401,PAL,12,3,1000000.0,,False,,,,,
11.590302332880043,99.01215544664781,True,3.9015056461731494,6,0,0,1.025,0.8662499999999995,2.0293199567231794,2.567619390070582,-2.0115262462850647,-4.471096173887027,-61.66805741762934,112.52664775700796,0.975,0.8662499999999994,610,1,2,17.660749876964108,0.4396911503749374,PLL96-board-fixed,range,final,60401,PAL,12,3,1000000.0,,False,,,,,
12.096280233592493,94.17208723531071,True,4.998745294855709,0,0,2,0.35,0.26374999999999993,0.47854479722469,3.283498347581397,2.2282851893958426,-5.985780896159723,-53.2029421406933,109.75415880109207,0.35,0.26374999999999993,610,0,2,18.551991910653577,0.40487941384691273,RNG-e8b8a23c51cf,range,final,60401,PAL,12,3,1000000.0,,True,,,,,
13.452525366037326,96.38798596348431,True,0.5269761606022585,1,0,0,1.025,0.9437499999999993,1.9210860558095633,1.8181607237442536,1.2730591424520068,-2.444084658298788,-68.4491507272231,129.71493428047265,1.025,0.9437499999999993,610,1,2,26.45643301689994,0.6079054069875008,OVP56,range,final,60401,PAL,14,3,1000000.0,,False,,,,,
14.08645095395853,95.85752061809893,True,1.1468005018820577,0,0,2,0.075,0.05,0.045075073988646616,1.3116263274352655,2.1521779121863527,-2.2109511400978494,-50.90073665160778,110.34414777144875,0.075,0.05,610,0,2,24.825998050997228,0.6113193309289602,RANGE32,range,final,60401,PAL,14,3,1000000.0,,True,,,,,
-6.708018404430521,-82.59173290928635,False,612.7076537013802,610,8,57,2.025,2.025,1000000.0,83.49377809732586,23.1971339114953,-156.30629934987567,-68.6475128543984,78.22381875253487,1000000.0,1000000.0,610,610,2,-6.753852955742229,-0.3553681941977798,PLL96-rejected-board,range,final,60401,PAL,14,3,1000000.0,,False,,,,,
9.216433590915425,96.60861280406509,True,6.035131744040151,556,7,0,2.025,2.025,3.6301974234651935,15.849966115571254,-1.2682121537966693,-1.7838256784950548,-55.004776734641666,120.10998648456157,1.6174999999999997,0.05,610,35,2,12.323652114254743,0.35537805529481936,PLL96-IQ-corrected,range,final,60401,PAL,14,3,1000000.0,,False,,,,,
18.185433247714442,96.26380882511826,True,0.0,0,0,2,0.025,0.025,0.09914077588269597,1.8006342760590914,1.8108675503485816,-1.1591683780914492,-56.36542723623803,121.54263855328526,0.025,0.025,610,0,2,28.211295723910563,0.8268685948032963,floating-PLL-IQ40,range,final,60401,PAL,14,3,1000000.0,,True,,,,,
4.351895214860248,44.54327914095633,True,88.8952321204517,610,8,0,2.025,2.025,1000000.0,49.10216299324904,27.182238434606592,-25.605105619652853,-4.290296150840639,87.93355339447135,1000000.0,1000000.0,610,610,2,4.561484229959266,0.4815307723879163,HC50,range,final,60401,PAL,14,3,1000000.0,,False,,,,,
11.828039123507265,98.88398431594977,True,3.8293601003764115,10,1,0,1.288749999999999,1.6399999999999992,2.094363716024511,3.630320088891953,-1.767281648014478,-3.653233098821959,-60.899468124007925,112.45627414941839,1.075,0.8649999999999999,610,1,2,17.704141555175788,0.4552210121857402,PLL96-board-fixed,range,final,60401,PAL,14,3,1000000.0,,False,,,,,
12.231183443831842,94.50287485252454,True,4.981179422835633,0,0,2,0.325,0.15,0.187268983366567,3.048626209626316,1.9638541423433298,-5.861198250850338,-52.08243636325932,107.12578345971622,0.325,0.15,610,0,2,18.613341534508358,0.41206357035219543,RNG-e8b8a23c51cf,range,final,60401,PAL,14,3,1000000.0,,True,,,,,
14.859724890369163,97.24686930320397,True,0.4077791718946048,0,0,2,0.05,0.6999999999999995,0.6301931788134102,0.6769924725448797,1.1761795123212808,-1.5729521910203577,-62.22160055740848,122.46756843726338,0.05,0.6999999999999995,610,0,2,27.7599425650741,0.6745795060428184,OVP56,range,final,60401,PAL,18,3,1000000.0,,False,,,,,
15.231924103939587,95.72526691078986,True,1.0043914680050188,0,0,2,0.075,0.05,0.04199190007764768,1.3747719414111983,2.050910197886674,-2.6545066566055424,-51.008728456259135,108.2959667961264,0.075,0.05,610,0,2,25.067403949078027,0.6744411980048809,RANGE32,range,final,60401,PAL,18,3,1000000.0,,True,,,,,
-6.7103476012523515,-82.51757319917138,False,613.8751568381431,610,8,57,2.025,2.025,1000000.0,83.58113714490896,22.882692586171665,-156.20933865516704,-67.99512131244049,75.82013844805248,1000000.0,1000000.0,610,610,2,-6.75650992077111,-0.3604864295231761,PLL96-rejected-board,range,final,60401,PAL,18,3,1000000.0,,False,,,,,
9.045980999633512,97.64405559578196,True,6.1562107904642405,580,8,0,2.025,2.025,3.665983837934914,15.611841051872016,-1.0962906570399777,-1.6109430576253772,-53.47315077384245,119.5164405179897,1.9274999999999998,1000000.0,610,86,2,11.855428387950317,0.36241168338017854,PLL96-IQ-corrected,range,final,60401,PAL,18,3,1000000.0,,False,,,,,
20.024966889988427,96.39204445079945,True,0.0,0,0,2,0.025,0.025,0.020495901229590142,1.6658194519607932,1.7675934572561272,-1.0660928801759124,-52.368639439936025,117.16083754890015,0.025,0.025,610,0,2,28.70001545157035,0.8849671186922803,floating-PLL-IQ40,range,final,60401,PAL,18,3,1000000.0,,True,,,,,
4.383640663859361,44.52697827950068,True,88.94792973651191,610,8,0,2.025,2.025,1000000.0,49.02198909795394,27.17097685263151,-25.59460794989969,-2.3637003278174333,85.931147283112,1000000.0,1000000.0,610,610,2,4.5631946344877266,0.5319876026276059,HC50,range,final,60401,PAL,18,3,1000000.0,,False,,,,,
12.022382640088196,98.21126866857917,True,3.725219573400251,25,0,0,1.925,0.4974999999999996,2.449382008226202,5.024386794650446,-1.1610569320041224,-2.867206512986269,-60.02688549953387,111.78484759770039,1.475,0.4974999999999996,610,2,2,17.59452658388069,0.4720728902488047,PLL96-board-fixed,range,final,60401,PAL,18,3,1000000.0,,False,,,,,
12.350107041100422,94.78579160736417,True,4.981806775407779,0,0,2,0.3,0.23124999999999996,0.10662482102689033,2.8558263702443982,1.6727593886766798,-5.775232368914177,-52.112287914300815,106.6307953687605,0.3,0.2312499999999999,610,0,2,18.64355703429149,0.41895549812745037,RNG-e8b8a23c51cf,range,final,60401,PAL,18,3,1000000.0,,True,,,,,
15.521977951514799,97.54247921289,True,0.3437892095357591,0,0,2,0.05,0.04124999999999999,0.08111669392170076,0.29469587500007993,1.1151254797461176,-1.287390857496832,-61.32688239992017,124.0206195370046,0.05,0.04124999999999999,610,0,2,28.142464721565936,0.7049262213029239,OVP56,range,final,60401,PAL,22,3,1000000.0,,True,0.8223293757121589,-60.08161010895659,16.770682307215406,26.73264653908051,12.08356825617018
15.760926007927534,95.69236229738445,True,0.9303638644918445,0,0,2,0.05,0.05,0.039657860527761005,1.3457992636592457,1.9845464780741253,-2.8792363641371166,-49.578548431708036,107.7001548251135,0.05,0.05,610,0,2,25.19797135873222,0.7027206853043249,RANGE32,range,final,60401,PAL,22,3,1000000.0,,True,0.7858630796082211,-61.000530188646515,16.7877898852924,25.528367125630915,11.945327683888474
-6.718271575538885,-82.77707356821361,False,614.68130489335,610,8,57,2.025,2.025,1000000.0,84.29599299485534,22.805567743383047,-156.2127150391119,-67.80096511010605,70.17011941789805,1000000.0,1000000.0,610,610,2,-6.764081395553854,-0.3628968746538307,PLL96-rejected-board,range,final,60401,PAL,22,3,1000000.0,contrast;waveform;detail_floor;sync;h_jitter_us;v_jitter_us;h_width_rmse_us;sync_error_ire;black_error_ire;white_error_ire,False,0.3275709198833294,65.18266962967579,27.789532057551792,34.25427009997843,28.79506009338935
8.959498364040016,98.39272487752322,True,6.252195734002509,605,8,0,2.025,2.025,3.6800135869314397,14.884845753000244,-1.0472719271404798,-1.5287720374783995,-47.2774838259155,111.46907407635426,1.8800000000000001,1000000.0,610,152,2,11.663471304238968,0.3665495218961827,PLL96-IQ-corrected,range,final,60401,PAL,22,3,1000000.0,waveform;sync;h_jitter_us;v_jitter_us;h_width_rmse_us,False,0.37976949428060014,-111.6837806203272,25.01878926079244,35.976633331726376,16.85683950330255
21.005295377124003,96.45218337146103,True,0.0,0,0,2,0.025,0.025,0.019258806799598523,1.6336357404961657,1.7508183997930986,-1.0030552531196955,-50.39366313025476,113.88649976353666,0.025,0.025,610,0,2,28.9203759736155,0.9105649435394823,floating-PLL-IQ40,range,final,60401,PAL,22,3,1000000.0,,True,0.4849783200680117,13.467565940203665,10.619181075026411,20.35491024693082,7.003813798805212
4.396504673782579,44.52681466908668,True,88.82685069008784,610,8,0,2.025,2.025,1000000.0,48.98354922196371,27.180217235566477,-25.563073398218812,0.6730525314087856,84.62160447035829,1000000.0,1000000.0,610,610,2,4.563861214640216,0.5574807978979092,HC50,range,final,60401,PAL,22,3,1000000.0,contrast;waveform;sync;h_jitter_us;v_jitter_us;h_width_rmse_us;sync_error_ire;black_error_ire;white_error_ire,False,0.4113778697359399,99.05794470290074,15.341179588192148,24.635056846809913,30.769889317106458
12.010340923757003,97.54013170280824,True,3.6135508155583436,0,0,2,0.475,0.075,0.16140710671578454,5.612971023358615,-0.7820476627782749,-2.641251171372457,-60.07549756138876,111.50354076700661,0.475,0.075,610,0,2,17.251270464181793,0.4783616666298541,PLL96-board-fixed,range,final,60401,PAL,22,3,1000000.0,,True,0.42796005542534354,-98.84340266955557,27.112347885384313,32.98118125726921,15.439932866992821
12.398130801148682,94.90396789162448,True,4.9611041405269765,0,0,2,0.275,0.18249999999999997,0.09877321266914227,2.7437257485246564,1.5712530298919627,-5.7296299301017095,-50.22071058294915,106.38927011406939,0.275,0.18249999999999997,610,0,2,18.66935441747262,0.4215196563195675,RNG-e8b8a23c51cf,range,final,60401,PAL,22,3,1000000.0,,True,0.2492532128267816,-73.08722024180643,35.184574898411064,56.880858062574966,12.976123682428732
15.9556389535197,97.62500068505796,True,0.321831869510665,0,0,2,0.05,0.025,0.01980954398230523,0.15440664453082545,1.1134002175748967,-1.1968154878292068,-56.815090092108754,124.35735778919431,0.05,0.025,610,0,2,28.2719863336318,0.7246233434237459,OVP56,range,final,60401,PAL,30,3,1000000.0,,True,0.8150503753701147,-59.84475008844499,16.44200049575946,25.420457898544928,11.926879075575085
16.107621651965918,95.7379622840503,True,0.8820577164366373,0,0,2,0.05,0.05,0.03947659609622216,1.2616359703123161,1.9093587985064304,-2.958900068639468,-43.15415592230485,104.04353848529985,0.05,0.05,610,0,2,25.333498006184367,0.7209197390142853,RANGE32,range,final,60401,PAL,30,3,1000000.0,,True,0.7830976139304383,-60.512886963528494,16.720602922633127,25.004988895908866,11.770227752624299
-6.726128217777951,-83.06078949960066,False,615.2390213299874,610,8,57,2.025,2.025,1000000.0,85.00100759753312,22.713716636196224,-156.25450180509318,-68.00424334462062,68.37489934580307,1000000.0,1000000.0,610,610,2,-6.771730052294936,-0.3621174926850738,PLL96-rejected-board,range,final,60401,PAL,30,3,1000000.0,contrast;waveform;detail_floor;sync;h_jitter_us;v_jitter_us;h_width_rmse_us;sync_error_ire;black_error_ire;white_error_ire,False,0.3298747439549018,65.88977993183202,24.39665970206318,30.772776824592768,28.77023662714425
8.916094908673518,99.1023573243336,True,6.283563362609787,610,8,0,2.025,2.025,1000000.0,13.948145162645007,-1.092002398473048,-1.5052342988939937,-41.77505371657185,107.05352189115686,1000000.0,1000000.0,610,610,2,11.577407738283414,0.3680010084459246,PLL96-IQ-corrected,range,final,60401,PAL,30,3,1000000.0,waveform;sync;h_jitter_us;v_jitter_us;h_width_rmse_us,False,0.3804724615497912,-111.32763939089712,23.95809544954691,31.73198256514032,16.868018677197796
21.69699382553341,96.46970468232415,True,0.0,0,0,2,0.025,0.025,0.018526675495566733,1.639432313344384,1.7542842017730906,-0.9654348433323999,-45.12347293708291,112.36181246362264,0.025,0.025,610,0,2,29.025189299535647,0.926650038412721,floating-PLL-IQ40,range,final,60401,PAL,30,3,1000000.0,,True,0.48427863462399356,13.211239938424015,6.883831118263287,16.91749522361973,6.887358643279642
4.4044403532275815,44.52979600822545,True,88.80928481806775,610,8,0,2.025,2.025,1000000.0,48.96327080866129,27.18431272006639,-25.52205647042652,1.6890822659593994,84.3555833920004,1000000.0,1000000.0,610,610,2,4.565024113657436,0.5734888090053637,HC50,range,final,60401,PAL,30,3,1000000.0,contrast;waveform;sync;h_jitter_us;v_jitter_us;h_width_rmse_us;sync_error_ire;black_error_ire;white_error_ire,False,0.40886373846578394,99.23863228673598,15.861565682983258,23.59839620916566,30.764054019991068
11.946687730293842,97.13185927731861,True,3.5175658720200755,0,0,2,0.25,0.075,0.10630242197632558,5.711288548958189,-0.6403380792639537,-2.5967764872572774,-57.303830673997425,111.52075360460705,0.25,0.075,610,0,2,16.85522184722477,0.48309545469856846,PLL96-board-fixed,range,final,60401,PAL,30,3,1000000.0,,True,0.42993850182294846,-99.36406113465252,24.625288156689148,31.996426488393716,15.423995804471131
12.426458231741668,94.94778037686335,True,4.964240903387704,0,0,2,0.275,0.18249999999999997,0.09439192796830548,2.693540033189631,1.5502180249846516,-5.70943343631851,-49.60013551071406,106.27017856035792,0.275,0.18249999999999997,610,0,2,18.6655519065341,0.4231182205399708,RNG-e8b8a23c51cf,range,final,60401,PAL,30,3,1000000.0,,True,0.24178939974884392,-72.3371526051419,29.21390795574939,59.505896967665514,12.905358632272096
0.7396044129742592,55.32665515540613,True,221.43454948866082,506,12,0,2.025,2.025,1000000.0,36.04110229271795,14.048144302584111,-29.6461239653039,-89.61466583558742,152.86404656892304,1000000.0,1000000.0,506,506,2,5.519282613089231,0.12317551763643818,OVP56,range,final,60401,NTSC,0,3,1000000.0,,False,,,,,
1.1841174628933553,63.132985618104264,True,167.52341442708035,437,10,0,2.025,2.025,3.4429354260319913,32.13355026701803,4.953751137379061,-34.44059239826504,-72.40099035412635,130.78748787447785,1.89,1.3725,506,30,2,6.034220959504792,0.12035989561202448,RANGE32,range,final,60401,NTSC,0,3,1000000.0,,False,,,,,
-6.729916340679379,-77.65877923448008,False,639.2906279070468,506,12,2,2.025,2.025,1000000.0,90.12815157231431,19.46578657278261,-147.8338694945427,-78.81234283025961,136.7920259715983,1000000.0,1000000.0,506,506,2,-6.6207896936994235,-0.09725467902492443,PLL96-rejected-board,range,final,60401,NTSC,0,3,1000000.0,,False,,,,,
2.7278840863636007,84.9808955431551,True,114.35738649534721,321,8,0,2.025,2.025,3.288992698832421,12.441058399121593,3.4908406461273986,-11.225344248174553,-77.89134809429115,137.5077492775896,1.8699999999999997,1.77,506,10,2,5.664732423608622,0.09824202930242722,PLL96-IQ-corrected,range,final,60401,NTSC,0,3,1000000.0,,False,,,,,
5.9395674133707566,92.47149563276317,True,40.11536365743738,405,11,0,2.025,2.025,3.4463398937664778,4.677002027642696,1.4057921896881245,-7.468713379266596,-80.38282653239204,139.55880664542892,1.9,0.225,506,20,2,13.644125341032606,0.2665966647393462,floating-PLL-IQ40,range,final,60401,NTSC,0,3,1000000.0,,False,,,,,
0.8331345324178459,31.941145606350833,True,225.19997471151558,506,12,0,2.025,2.025,1000000.0,52.970140239673334,26.967949346180152,-41.20667348359256,-81.80764215001983,140.67330672609722,1000000.0,1000000.0,506,506,2,2.809537696210782,0.07996788580890025,HC50,range,final,60401,NTSC,0,3,1000000.0,,False,,,,,
0.17165110838201403,69.41421780278365,True,199.4072258833659,338,8,0,2.025,2.025,3.3344812011694387,18.429290825422942,2.79399621644857,-30.134870835364243,-86.32770762047477,129.13367412155205,1.8662500000000002,1.7899999999999998,506,10,2,3.8125708962147105,0.08228431394945541,PLL96-board-fixed,range,final,60401,NTSC,0,3,1000000.0,,False,,,,,
1.5367314888265953,69.04917347337374,True,160.65789196398197,317,9,0,2.025,2.025,3.330190979158997,19.50806623103182,13.765405581902241,-23.693991416405925,-79.10697306077269,129.4644920453564,1.94,1.0925,506,10,2,3.373503997526342,0.09674645444004751,RNG-e8b8a23c51cf,range,final,60401,NTSC,0,3,1000000.0,,False,,,,,
2.753455354130489,68.79232903522347,True,135.19178605942193,505,12,0,2.025,2.025,3.55,26.361146345418824,9.23361663337133,-20.99545355500004,-83.903188451175,145.0153974873578,0.0,1000000.0,506,286,2,8.475151732676858,0.18219449879071084,OVP56,range,final,60401,NTSC,2,3,1000000.0,,False,,,,,
3.308898206563678,77.41220468533452,True,91.37421839014713,297,8,0,2.025,2.025,3.2432935959117692,20.116032468906152,2.8013481826294124,-22.139679449820928,-72.36885061994373,132.26349951377807,1.85,0.93875,506,11,2,9.391426536379628,0.17831037236017752,RANGE32,range,final,60401,NTSC,2,3,1000000.0,,False,,,,,
-6.693847728730803,-81.77324029251697,False,623.6877835546577,506,12,15,2.025,2.025,1000000.0,89.93615111478775,20.32570497530825,-153.53097076892269,-75.86672438175411,135.28641855908344,1000000.0,1000000.0,506,506,2,-6.664289036862197,-0.16278066637665248,PLL96-rejected-board,range,final,60401,NTSC,2,3,1000000.0,,False,,,,,
5.698142362894445,89.62825334474358,True,47.59578766102593,353,9,0,2.025,2.025,3.30794683374778,10.853737372827768,1.870986152129218,-6.738292067498085,-74.37066864139551,136.29983009668004,1.8850000000000002,1.5274999999999999,506,14,2,9.927520858255143,0.16279075206313054,PLL96-IQ-corrected,range,final,60401,NTSC,2,3,1000000.0,,False,,,,,
8.235645533843773,94.21027186837568,True,11.555181580349643,306,9,0,2.025,2.025,3.371515330678477,3.9127279568542357,1.4889143493852481,-4.504329502729976,-79.17975305915897,137.23314463434747,1.8524999999999991,1.8275,506,11,2,18.981863446207374,0.3735557298753919,floating-PLL-IQ40,range,final,60401,NTSC,2,3,1000000.0,,False,,,,,
2.1137584461792938,38.13054315017498,True,169.4351034268907,506,12,0,2.025,2.025,1000000.0,50.84156925880259,27.155187051582146,-34.31742848654458,-81.8817353247164,138.6038379586466,1000000.0,1000000.0,506,506,2,3.621990737051412,0.12081918026481109,HC50,range,final,60401,NTSC,2,3,1000000.0,,False,,,,,
2.8059963292115824,81.62591500902818,True,103.09497933268506,218,6,0,2.025,2.025,3.194635599655043,9.834376336361807,-0.06080033538521323,-21.59002845679562,-81.89947584297373,129.55855263406326,1.8,1.3125,506,6,2,7.124131628139675,0.13340205341783232,PLL96-board-fixed,range,final,60401,NTSC,2,3,1000000.0,,False,,,,,
4.393005475026004,80.66514055958943,True,76.39229664596422,185,3,0,2.025,2.025,3.089106954396519,12.054012136850682,9.48923205426319,-14.315797495019261,-76.5652074808487,126.36358980775276,1.875,1.3599999999999999,506,8,2,7.059651574399081,0.15470436380001454,RNG-e8b8a23c51cf,range,final,60401,NTSC,2,3,1000000.0,,False,,,,,
5.08416256859123,80.61560042572025,True,65.58974853010685,498,12,0,2.025,2.025,3.5744208446963825,17.183156751942906,5.061270029717459,-13.776237381297438,-82.87335571063494,140.39724451713613,1.4774999999999998,1000000.0,506,188,2,12.383868099297304,0.260446356243407,OVP56,range,final,60401,NTSC,4,3,1000000.0,,False,,,,,
5.889359509353099,88.64306681130334,True,39.259619408309675,91,4,0,2.025,2.025,2.852144352875316,9.227037101382303,1.6926169310627597,-11.743853724744362,-68.38571815165669,128.7172301918739,1.7,1.7674999999999996,506,3,2,13.973932377733487,0.25914399806036315,RANGE32,range,final,60401,NTSC,4,3,1000000.0,,False,,,,,
-6.71860450541463,-84.09698810903515,False,617.0706301348417,506,12,28,2.025,2.025,1000000.0,88.73329208044866,21.41002185859869,-156.62559718543426,-73.84221743234444,133.39947004957443,1000000.0,1000000.0,506,506,2,-6.735805562612875,-0.23391440197436983,PLL96-rejected-board,range,final,60401,NTSC,4,3,1000000.0,,False,,,,,
7.958526533813438,92.66065463489036,True,17.91267645491575,378,7,0,2.025,2.025,3.3882991734884476,10.917412696550997,0.2210881883397412,-3.9199789441860697,-74.51903159824863,134.36062653926658,1.8912499999999999,1.52,506,19,2,13.189900429314225,0.23378307884581953,PLL96-IQ-corrected,range,final,60401,NTSC,4,3,1000000.0,,False,,,,,
10.184967926847277,95.84574213566772,True,2.300800500952834,117,2,0,2.025,2.025,3.155623474302364,2.6261854166940015,1.3003389246886365,-2.5356987725281344,-75.45425548097792,135.9277864357844,1.75,1.4324999999999999,506,4,2,23.344214331088576,0.4736048078048043,floating-PLL-IQ40,range,final,60401,NTSC,4,3,1000000.0,,False,,,,,
3.2582630863365143,42.71934863471368,True,127.05054987400915,506,12,0,2.025,2.025,1000000.0,49.31070863917887,27.0804506011056,-28.80129989893823,-66.1059570385913,124.8332166245363,1000000.0,1000000.0,506,506,2,4.240925153151956,0.1854353513545774,HC50,range,final,60401,NTSC,4,3,1000000.0,,False,,,,,
5.89821887564584,91.01524969811211,True,40.645970249904416,68,1,0,2.025,1.9562499999999998,2.8866776933046805,3.3033440830884215,-1.8611226306410422,-14.240398646261632,-83.28527727339699,126.14688690328109,1.7537499999999995,1.4,506,3,2,11.15435223821236,0.21404487912798814,PLL96-board-fixed,range,final,60401,NTSC,4,3,1000000.0,,False,,,,,
7.311143913096695,88.1369334908408,True,30.43348677020896,64,2,0,2.025,2.025,2.8249341781464095,6.66440032368259,5.921218225339833,-9.343680080888623,-77.47389998398134,130.0468920518662,1.575,1.5637499999999993,506,2,2,11.039786542917797,0.23348626095095967,RNG-e8b8a23c51cf,range,final,60401,NTSC,4,3,1000000.0,,False,,,,,
7.487837504664782,87.93493240007234,True,22.230534640707837,455,12,0,2.025,2.025,3.5359636898144577,10.868298075793591,2.813525650964103,-9.209556717201588,-79.30394600876001,138.14454750986894,1.7375,1000000.0,506,44,2,16.547871390829954,0.3524368660308174,OVP56,range,final,60401,NTSC,6,3,1000000.0,,False,,,,,
8.602640213223422,93.85978478167982,True,12.516294514506258,10,0,0,1.3375000000000001,0.5762499999999998,1.984329993774611,3.4536059023061183,1.7143629789957568,-5.555890113999392,-65.47649085883671,126.47928400906702,1.1125,0.5762499999999998,506,1,2,19.20199169099964,0.35717401301307017,RANGE32,range,final,60401,NTSC,6,3,1000000.0,,False,,,,,
-6.679737332525035,-83.89715949700383,False,612.4705343998651,506,12,45,2.025,2.025,1000000.0,86.87239205152896,22.28241946614916,-157.09790256762298,-73.21365624895859,132.15417704815127,1000000.0,1000000.0,506,506,2,-6.716496570053669,-0.29067102251878896,PLL96-rejected-board,range,final,60401,NTSC,6,3,1000000.0,,False,,,,,
9.11957157875988,93.750214517202,True,8.245099603512692,401,10,0,2.025,2.025,3.47517471297693,12.22130356261356,-0.6109080367525636,-3.062411745734348,-71.90497679019927,131.69972750545355,1.85,1.55125,506,18,2,14.226122597937337,0.286904790909931,PLL96-IQ-corrected,range,final,60401,NTSC,6,3,1000000.0,,False,,,,,
12.076174618339435,95.97207205231275,True,0.2920217842229963,22,1,0,1.8375000000000001,1.7362499999999996,2.7532027274184627,2.309201322446922,1.433546397827565,-1.97144981804144,-71.66376332744282,136.25407712769618,1.471249999999999,1.4875,506,2,2,25.727132324531098,0.568283701347663,floating-PLL-IQ40,range,final,60401,NTSC,6,3,1000000.0,,False,,,,,
3.9153244400895595,44.368561566426685,True,104.94194185454907,506,12,0,2.025,2.025,1000000.0,49.0137121964043,27.062617859850455,-26.45273096010537,-62.43811672658975,120.00368716890318,1000000.0,1000000.0,506,506,2,4.482762577448812,0.27341284441786295,HC50,range,final,60401,NTSC,6,3,1000000.0,,False,,,,,
8.758624356201704,95.6412496216763,True,13.051416907760254,17,0,0,1.70625,1.3087499999999992,2.2794017395774153,0.5546155322563209,-2.3466821197971974,-10.021605905560826,-81.01301186578652,123.01770402331715,1.275,1.3087499999999992,506,1,2,14.928616339994296,0.30851410035729304,PLL96-board-fixed,range,final,60401,NTSC,6,3,1000000.0,,False,,,,,
10.124635395545864,91.87782232784976,True,10.527084267853217,15,0,0,1.56875,0.5837499999999995,2.303900106916022,4.51583318485303,3.8618539458339693,-6.936343733410282,-64.7892254438387,118.38057927946983,1.275,0.5837499999999995,506,1,2,16.12534795057426,0.3123293393354549,RNG-e8b8a23c51cf,range,final,60401,NTSC,6,3,1000000.0,,False,,,,,
9.527663142126737,91.61770987194629,True,5.345202864824019,332,11,0,2.025,2.025,3.3848669093854893,7.35354230091254,1.9778067860674873,-6.539690853379929,-79.67208557170197,134.04689652937904,1.8,0.15,506,14,2,19.989543854420674,0.44005605251491986,OVP56,range,final,60401,NTSC,8,3,1000000.0,,False,,,,,
10.73344647959531,95.21033445744222,True,3.602103761059949,0,0,2,0.24375,0.5649999999999998,1.0485732825385905,1.9300163983460519,2.101322321726521,-3.1267175924135446,-59.902405893754235,121.16281115049736,0.24375,0.5649999999999998,506,0,2,23.024809407038536,0.4496056256838122,RANGE32,range,final,60401,NTSC,8,3,1000000.0,,False,,,,,
-6.62781875036459,-83.04301322639009,False,610.1614549308028,506,12,47,2.025,2.025,1000000.0,85.44136692207947,22.91996296320656,-156.5719772534876,-71.65449201175272,126.83304487276791,1000000.0,1000000.0,506,506,2,-6.671421220353389,-0.3161009795159375,PLL96-rejected-board,range,final,60401,NTSC,8,3,1000000.0,,False,,,,,
9.414950235976596,94.16382384623064,True,6.250620922608206,427,11,0,2.025,2.025,3.5723833036719936,13.903065409227782,-0.9728981888694052,-2.6495574358370435,-67.63343831562369,127.26815128993661,1.9,1.6,506,30,2,13.862209603098988,0.3133189130724561,PLL96-IQ-corrected,range,final,60401,NTSC,8,3,1000000.0,,False,,,,,
13.855630706593551,95.70879871704433,True,0.040642207082581955,2,0,1,0.925,1.2987499999999998,1.9623612957757626,2.3977874131973107,1.7595320395629388,-1.7957494579246909,-66.14105863697542,126.96934699398122,0.925,1.2987499999999996,506,1,2,26.315098714868846,0.6537933394415872,floating-PLL-IQ40,range,final,60401,NTSC,8,3,1000000.0,,False,,,,,
4.126216068518616,44.48533043568618,True,97.38173870372434,506,12,0,2.025,2.025,1000000.0,49.22039307666658,27.18119561148893,-25.863093760529097,-57.2306917918992,116.9444643202963,1000000.0,1000000.0,506,506,2,4.498910332323763,0.34901782154040445,HC50,range,final,60401,NTSC,8,3,1000000.0,,False,,,,,
10.476629274658709,97.67120059660756,True,5.476161087645672,6,0,0,1.34375,0.8362499999999999,2.22937995864321,0.4711247457332731,-2.3258206766289797,-7.370773761960855,-79.30442152875744,117.6151804734557,1.1274999999999977,0.83625,506,1,2,17.051262256646257,0.37948038636757503,PLL96-board-fixed,range,final,60401,NTSC,8,3,1000000.0,,False,,,,,
11.32665145760555,92.83061220983859,True,6.108373197819169,1,0,1,1.05,0.31124999999999997,1.6047041768031591,4.015146225604482,3.0778307597079317,-6.493370833752981,-59.3495101080214,117.35059517528526,1.0449999999999988,0.31124999999999997,506,1,2,17.976235444800533,0.36358647835311647,RNG-e8b8a23c51cf,range,final,60401,NTSC,8,3,1000000.0,,False,,,,,
11.139881270000133,93.81579593809874,True,1.333666499080282,141,6,0,2.025,2.025,3.1103671104298662,4.847728657901932,1.6612639688111634,-4.76404870256219,-70.43709963127476,129.5788203724035,1.7950000000000004,1.6375,506,4,2,22.65441560440571,0.5142056086170458,OVP56,range,final,60401,NTSC,10,3,1000000.0,,False,,,,,
12.151267191540294,95.52195141864426,True,1.6866515939271511,0,0,2,0.125,0.2799999999999997,0.41801396141368163,1.5248774558508729,2.2534355314502084,-2.49362029831126,-55.0434659985611,113.88225516315592,0.125,0.2799999999999997,506,0,2,24.131644802125123,0.5212070932947014,RANGE32,range,final,60401,NTSC,10,3,1000000.0,,True,,,,,
-6.6061833516735815,-82.52671175722091,False,609.9025490190176,506,12,47,2.025,2.025,1000000.0,84.41497647590835,23.155836526334177,-156.2526753067103,-69.50036953940172,126.79503795153565,1000000.0,1000000.0,506,506,2,-6.652375441447122,-0.32958859251948347,PLL96-rejected-board,range,final,60401,NTSC,10,3,1000000.0,,False,,,,,
9.364501846517753,94.69744943751374,True,6.049667787588772,458,11,0,2.025,2.025,3.587040838792704,15.11661671064013,-1.13173191026674,-2.3844898266776084,-66.19642805654516,125.26286590841099,1.8824999999999998,1.55,506,49,2,13.23379577034721,0.3265390605641447,PLL96-IQ-corrected,range,final,60401,NTSC,10,3,1000000.0,,False,,,,,
15.506540738312376,95.76305013548333,True,0.0007526334644922584,0,0,2,0.05,0.3512499999999995,1.0794695209408722,2.2547715784687883,1.8674270462934222,-1.6087733271568245,-63.435775600114546,124.03012518813117,0.05,0.3512499999999995,506,0,2,26.910134106901523,0.7291629293586761,floating-PLL-IQ40,range,final,60401,NTSC,10,3,1000000.0,,False,,,,,
4.213984504151051,44.443583419185856,True,95.26909656889457,506,12,0,2.025,2.025,1000000.0,49.2442346368535,27.186916413380427,-25.7703402705557,-11.30412529398722,97.39762143430795,1000000.0,1000000.0,506,506,2,4.4961750860484715,0.4096885168980092,HC50,range,final,60401,NTSC,10,3,1000000.0,,False,,,,,
11.16832591926902,98.41088903371633,True,4.276463345245013,7,0,0,1.36875,0.5224999999999996,2.182426050736626,1.4049591092249367,-2.23650189883503,-5.807639668933532,-63.164189449773176,112.32686119184658,1.225,0.5224999999999996,506,1,2,17.60325520514116,0.413905201395373,PLL96-board-fixed,range,final,60401,NTSC,10,3,1000000.0,,False,,,,,
11.797517491947218,93.41580320094624,True,5.338429163643589,0,0,2,0.44375,0.28625,1.0062710975374034,3.631854423843138,2.62466456465095,-6.317478009184521,-57.847224966715714,113.71676535440307,0.44375,0.28625,506,0,2,18.45977992775105,0.3859957884972855,RNG-e8b8a23c51cf,range,final,60401,NTSC,10,3,1000000.0,,False,,,,,
12.460621262206553,95.41812590675993,True,0.66984378339811,25,4,0,1.9875,2.025,2.6284988067585227,2.9793719942578747,1.398845824784105,-3.4044492146834324,-71.11311726266966,127.55749387168794,1.5,1.0287499999999994,506,2,2,24.897243329322976,0.5764575953405402,OVP56,range,final,60401,NTSC,12,3,1000000.0,,False,,,,,
13.267142405307224,95.78754276684981,True,1.3035611605005915,0,0,2,0.1,0.08624999999999998,0.15093990768257842,1.294655771675055,2.2060023208132153,-2.267690523313113,-51.694540450974536,113.16348279177305,0.1,0.08624999999999998,506,0,2,24.58624544828656,0.5813420899738965,RANGE32,range,final,60401,NTSC,12,3,1000000.0,,True,,,,,
-6.606126854534322,-82.34102281756965,False,610.5927139059569,506,12,48,2.025,2.025,1000000.0,83.7143344686708,23.185380180926195,-156.28579708458528,-69.83289676752389,82.03265674459448,1000000.0,1000000.0,506,506,2,-6.653661348414197,-0.3366958157486671,PLL96-rejected-board,range,final,60401,NTSC,12,3,1000000.0,,False,,,,,
9.270364166336412,95.40068599928131,True,6.114394265535108,451,9,0,2.025,2.025,3.6179539672432135,15.600827979497554,-1.2552470575695294,-2.1016291795319537,-55.0941030928655,123.0424546505341,1.9149999999999998,1.64,506,49,2,12.759359233106661,0.33525751532660214,PLL96-IQ-corrected,range,final,60401,NTSC,12,3,1000000.0,,False,,,,,
17.01668288211113,96.0282882454478,True,0.0,0,0,2,0.05,0.025,0.41678884901593943,1.9650787036425796,1.8188882956780565,-1.3898934177072924,-58.10737280951241,122.89969481712839,0.05,0.025,506,0,2,27.640652527937455,0.7910719957654433,floating-PLL-IQ40,range,final,60401,NTSC,12,3,1000000.0,,True,,,,,
4.272215836996453,44.49327140335736,True,94.8378375937405,506,12,0,2.025,2.025,1000000.0,49.14746130437346,27.150741692653177,-25.711307792257713,-7.710795634522384,95.51949732618016,1000000.0,1000000.0,506,506,2,4.506001079770222,0.4583590287544382,HC50,range,final,60401,NTSC,12,3,1000000.0,,False,,,,,
11.539739938848772,98.68019039808671,True,4.070241775974133,3,0,0,0.975,0.49999999999999967,1.9078438851904127,2.514077885720094,-2.013501746505483,-4.5918387119676,-61.043753080368866,112.49828573722974,0.975,0.49999999999999967,506,1,2,17.71657485524119,0.43746761393554495,PLL96-board-fixed,range,final,60401,NTSC,12,3,1000000.0,,False,,,,,
12.069886723684824,93.99413089942094,True,5.126939160121264,0,0,2,0.325,0.28625,0.4455893863028727,3.254572925492702,2.205376873333918,-6.047350017216295,-56.988685399835504,108.40430338527202,0.325,0.28625,506,0,2,18.720566270894384,0.40201440627924295,RNG-e8b8a23c51cf,range,final,60401,NTSC,12,3,1000000.0,,True,,,,,
13.546017137637074,96.38769993569979,True,0.5132960227837202,3,1,1,0.925,1.5712499999999994,1.9087570898966209,1.7663327763515575,1.244518103693509,-2.526505740189311,-65.78188148188104,125.51585969017029,0.9224999999999994,0.825,506,1,2,26.432092208573618,0.6284998585049791,OVP56,range,final,60401,NTSC,14,3,1000000.0,,False,,,,,
14.16500803865924,95.83211561459144,True,1.1718503042144464,0,0,2,0.075,0.075,0.042726957361547455,1.2682484066926718,2.1325261520994374,-2.3493557802399723,-50.84318095338437,110.14466395451277,0.075,0.075,506,0,2,24.829002325308053,0.6305593523142431,RANGE32,range,final,60401,NTSC,14,3,1000000.0,,True,,,,,
-6.605632393891043,-82.20910420070177,False,611.0427887177233,506,12,48,2.025,2.025,1000000.0,83.356572898471,23.123956061849128,-156.2355219907631,-68.61766830847347,82.04209987829253,1000000.0,1000000.0,506,506,2,-6.653912357155125,-0.3423856532754995,PLL96-rejected-board,range,final,60401,NTSC,14,3,1000000.0,,False,,,,,
9.156849464849003,96.02160587897195,True,6.172347042301012,457,11,0,2.025,2.025,3.62873136599151,15.828657690899945,-1.2318485439883173,-1.9159535618937273,-55.132691880486156,121.60041667017452,1.95,1.15,506,47,2,12.384792347492873,0.33950468745069257,PLL96-IQ-corrected,range,final,60401,NTSC,14,3,1000000.0,,False,,,,,
18.33824631073865,96.18818034415875,True,0.0,0,0,2,0.025,0.025,0.026464048250454265,1.799066892224315,1.7822373376692449,-1.2685577190024107,-55.83244849715592,122.7567536068436,0.025,0.025,506,0,2,28.12988074192624,0.838867499091009,floating-PLL-IQ40,range,final,60401,NTSC,14,3,1000000.0,,True,,,,,
4.306658469889009,44.5127446626837,True,94.89804827089988,506,12,0,2.025,2.025,1000000.0,49.0825320003236,27.13397096658294,-25.68130150339146,-3.71449398299778,88.81511814098664,1000000.0,1000000.0,506,506,2,4.510525059860822,0.49810726216251044,HC50,range,final,60401,NTSC,14,3,1000000.0,,False,,,,,
11.767585562400086,98.5310595080268,True,3.9708941586611552,3,0,0,0.975,0.9374999999999991,1.9879635948560932,3.56781695340072,-1.7273834057482909,-3.765683529635873,-61.24226552975756,112.30823957877237,0.975,0.9374999999999991,506,1,2,17.77667324078418,0.4535827023977072,PLL96-board-fixed,range,final,60401,NTSC,14,3,1000000.0,,False,,,,,
12.193824892627358,94.29984186379222,True,5.093823287683605,0,0,2,0.325,0.275,0.27778636899318687,3.0454322018809448,1.955468538061898,-5.9523302067194415,-52.21754240213164,107.00922696204262,0.325,0.275,506,0,2,18.750995517600668,0.4091893113283388,RNG-e8b8a23c51cf,range,final,60401,NTSC,14,3,1000000.0,,True,,,,,
14.974954213449447,97.229103849545,True,0.4094326046837886,0,0,2,0.05,0.05,0.5185682630842934,0.655874700553208,1.150132986785883,-1.6959808184803906,-61.565243083681224,124.58223644009254,0.05,0.05,506,0,2,27.706529359947147,0.6948968746594376,OVP56,range,final,60401,NTSC,18,3,1000000.0,,False,,,,,
15.317472828558468,95.69361068827126,True,1.0070235754906418,0,0,2,0.075,0.05,0.04086514987502555,1.3609308278562477,2.0350911033419776,-2.7768831919749903,-50.969493483611394,108.54182875369423,0.075,0.05,506,0,2,25.05458105176571,0.6928122189145742,RANGE32,range,final,60401,NTSC,18,3,1000000.0,,True,,,,,
-6.609471347535724,-82.21674740988138,False,612.2680759979166,506,12,48,2.025,2.025,1000000.0,83.58985601715099,22.87798228198046,-156.16409658532967,-67.84070016660925,75.7273038515213,1000000.0,1000000.0,506,506,2,-6.658221703386031,-0.3457072613665288,PLL96-rejected-board,range,final,60401,NTSC,18,3,1000000.0,,False,,,,,
8.98452683148746,97.00502823772719,True,6.304810532051649,493,11,0,2.025,2.025,3.6750392462582573,15.60714814626422,-1.1026473509755788,-1.7311406916014178,-53.45259585902466,119.12116362045143,1.8799999999999997,1.15,506,116,2,11.923441107094439,0.3456961998827306,PLL96-IQ-corrected,range,final,60401,NTSC,18,3,1000000.0,,False,,,,,
20.241981364340482,96.30915681187277,True,0.0,0,0,2,0.025,0.025,0.02129108444114207,1.675888070315695,1.744813573904723,-1.1831183282913584,-52.151455811904164,118.06715591813656,0.025,0.025,506,0,2,28.584176995299167,0.8960544731174696,floating-PLL-IQ40,range,final,60401,NTSC,18,3,1000000.0,,True,,,,,
4.338671521459348,44.49733588364418,True,94.89729563743539,506,12,0,2.025,2.025,1000000.0,49.00820271083213,27.12186453088625,-25.68025662736478,-0.14928693755410904,86.22388236636672,1000000.0,1000000.0,506,506,2,4.512107495092082,0.5503161400506722,HC50,range,final,60401,NTSC,18,3,1000000.0,,False,,,,,
11.965021110649365,97.8466336894898,True,3.8196148322982113,28,1,0,2.025,1.8049999999999997,2.3958886507469925,4.980033802346257,-1.1808243074468052,-3.008154454852744,-59.997610872889524,111.73081955590797,1.2399999999999978,1.225,506,2,2,17.66700195930675,0.4711557550331486,PLL96-board-fixed,range,final,60401,NTSC,18,3,1000000.0,,False,,,,,
12.303122359114354,94.58739406178869,True,5.076512718000283,0,0,2,0.3,0.21999999999999992,0.11280426575064217,2.8439322488461567,1.6832901002667768,-5.872856047313242,-52.09288920034312,106.23531138903971,0.3,0.21999999999999992,506,0,2,18.763810861663693,0.414873122870433,RNG-e8b8a23c51cf,range,final,60401,NTSC,18,3,1000000.0,,True,,,,,
15.65531012952481,97.52140142552086,True,0.3793272661040982,0,0,2,0.05,0.036249999999999984,0.022884829364008003,0.3027741960305789,1.1006146490739668,-1.391274402757508,-59.43694996410794,124.32298686578207,0.05,0.036249999999999984,506,0,2,28.07952423306018,0.7251434978235822,OVP56,range,final,60401,NTSC,22,3,1000000.0,,True,0.8783812760211377,-48.05532331146225,11.176899661901858,21.91962215795919,11.57010272939871
15.862890098855662,95.6771353979919,True,0.9535865995116914,0,0,2,0.075,0.05,0.0386915439485494,1.3397895699175222,1.9687194116114772,-2.976465551388113,-49.519816368038626,107.93560149239522,0.075,0.05,506,0,2,25.189219290439002,0.7212747432573433,RANGE32,range,final,60401,NTSC,22,3,1000000.0,,True,0.8419210655068744,-49.28320883186373,11.124258607944459,20.341861955589785,11.510041337037746
-6.618225866060397,-82.48870889839334,False,613.2705837726204,506,12,48,2.025,2.025,1000000.0,84.173746143865,22.725394779214334,-156.17632728865397,-67.84930519907532,75.74539516308712,1000000.0,1000000.0,506,506,2,-6.666687612032299,-0.3472926742251899,PLL96-rejected-board,range,final,60401,NTSC,22,3,1000000.0,contrast;waveform;detail_floor;sync;h_jitter_us;v_jitter_us;h_width_rmse_us;sync_error_ire;black_error_ire;white_error_ire,False,0.43735122316670005,83.27299344971597,38.723040512185065,31.08066003847017,29.47170223875141
8.917766682216286,97.86661879639935,True,6.36201067535306,504,12,0,2.025,2.025,3.687521186379815,14.816048518453375,-1.0739932934557639,-1.6396839563544319,-47.890871944942006,111.66337157818072,0.9075,1000000.0,506,248,2,11.752359617026693,0.3507100593668813,PLL96-IQ-corrected,range,final,60401,NTSC,22,3,1000000.0,waveform;sync;h_jitter_us;v_jitter_us;h_width_rmse_us,False,0.4961095382052053,-95.32594208466813,40.52032489847526,30.96756199095927,17.959568523402744
21.257808327683527,96.37091848936512,True,0.0,0,0,2,0.025,0.025,0.020189321327181205,1.6491204037462686,1.7302089239609137,-1.1137034938251766,-49.68355329379499,113.29371731433233,0.025,0.025,506,0,2,28.80199336502097,0.9207571894217959,floating-PLL-IQ40,range,final,60401,NTSC,22,3,1000000.0,,True,0.5875917647407611,5.081394811852964,8.617623711654161,16.783942892482354,6.344653853084286
4.351272323188356,44.49950988163796,True,94.78063745043909,506,12,0,2.025,2.025,1000000.0,48.97207777267162,27.132113603065765,-25.63688942037281,0.6155070790337263,85.71821867537906,1000000.0,1000000.0,506,506,2,4.5127690234623,0.5755738969223841,HC50,range,final,60401,NTSC,22,3,1000000.0,contrast;waveform;sync;h_jitter_us;v_jitter_us;h_width_rmse_us;sync_error_ire;black_error_ire;white_error_ire,False,0.4345868106463111,80.78466037872683,9.996599229767126,18.800188706839155,30.865877529132085
11.972168131990797,97.24697374422435,True,3.7059671791598805,0,0,2,0.425,0.22249999999999998,0.127862481710817,5.574829596712541,-0.78701967368554,-2.7694775317807467,-58.17791228656996,111.20835561813854,0.425,0.22249999999999998,506,0,2,17.370963648680167,0.4777596592916445,PLL96-board-fixed,range,final,60401,NTSC,22,3,1000000.0,,True,0.5977851221431408,-87.30543351812102,35.16735644676854,19.11333218093812,16.459131631170756
12.32984833349813,94.71347150732143,True,5.092318020754621,0,0,2,0.3,0.21999999999999992,0.10748310833370563,2.738517643772337,1.5628534722488998,-5.843892115040468,-50.56312409812066,106.27315949629016,0.3,0.21999999999999992,506,0,2,18.75032595652003,0.4161754233134276,RNG-e8b8a23c51cf,range,final,60401,NTSC,22,3,1000000.0,,True,0.2553407736746447,-67.85081611013814,38.725988351678886,88.31129325300604,14.095924536384489
16.099383331825457,97.61018854964598,True,0.31761132201573306,0,0,2,0.05,0.05,0.020613131391682124,0.1508838193567707,1.0989343303856678,-1.3116508382185432,-54.811203782160106,124.0290899413123,0.05,0.05,506,0,2,28.214847662319116,0.7444059266970797,OVP56,range,final,60401,NTSC,30,3,1000000.0,,True,0.8706872740619618,-47.96219975116509,8.67291151701783,22.025163214680717,11.405580603159803
16.21579391590781,95.7300377771134,True,0.8745600857400043,0,0,2,0.05,0.05,0.038483480363261914,1.2419152351238427,1.8909916428492044,-3.0719926014979855,-43.150942313240066,103.39014727321594,0.05,0.05,506,0,2,25.32703380973868,0.7391051993235895,RANGE32,range,final,60401,NTSC,30,3,1000000.0,,True,0.8359989030636801,-48.97252275315334,8.461499778839983,21.210293349590025,11.314465016899089
-6.628346859284337,-82.83578622069606,False,613.7545270902889,506,12,48,2.025,2.025,1000000.0,84.92904287561373,22.67396213783551,-156.23023206429258,-67.34597954635427,66.92965969006798,1000000.0,1000000.0,506,506,2,-6.676406833519754,-0.34872141698938874,PLL96-rejected-board,range,final,60401,NTSC,30,3,1000000.0,contrast;waveform;detail_floor;sync;h_jitter_us;v_jitter_us;h_width_rmse_us;sync_error_ire;black_error_ire;white_error_ire,False,0.43820482417659823,83.83714389998636,37.50695573705375,33.38255142565108,29.422318002630327
8.88085054123274,98.64523714306175,True,6.391363380468258,506,12,0,2.025,2.025,1000000.0,13.894813246625503,-1.0962183256126743,-1.6329491567016252,-41.76823324991217,107.07675342503512,1000000.0,1000000.0,506,506,2,11.67120753827703,0.35327407750651574,PLL96-IQ-corrected,range,final,60401,NTSC,30,3,1000000.0,waveform;sync;h_jitter_us;v_jitter_us;h_width_rmse_us,False,0.5050072653941291,-94.53773236591577,39.411854756293145,29.82509414203072,17.87938541894095
21.966376255448452,96.3905244377484,True,0.0,0,0,2,0.025,0.025,0.01975642188083654,1.6454516159274668,1.72455443655839,-1.0721343745617182,-45.0572370401813,112.16435830882403,0.025,0.025,506,0,2,28.91244153435214,0.9359389345513828,floating-PLL-IQ40,range,final,60401,NTSC,30,3,1000000.0,,True,0.5863736166701374,4.96564372085362,6.773566524287369,17.091802851991822,6.211476717961438
4.358990269360417,44.50456486653057,True,94.72870574138912,506,12,0,2.025,2.025,1000000.0,48.95220768488048,27.134596427064213,-25.592351569608514,3.557339238649533,84.26434289405691,1000000.0,1000000.0,506,506,2,4.51390235598517,0.5912143567000102,HC50,range,final,60401,NTSC,30,3,1000000.0,contrast;waveform;sync;h_jitter_us;v_jitter_us;h_width_rmse_us;sync_error_ire;black_error_ire;white_error_ire,False,0.43343668188848494,80.85135350554567,8.589157331553622,19.174768411511682,30.860548448609457
11.899057816168268,96.80392294023076,True,3.591566892557057,0,0,2,0.25,0.3287499999999999,0.1003206322199569,5.714584397292833,-0.6376887288491908,-2.709801849262303,-57.50023968683983,111.40355470368931,0.25,0.3287499999999999,506,0,2,16.935128985230897,0.4824359563302718,PLL96-board-fixed,range,final,60401,NTSC,30,3,1000000.0,,True,0.603390398601477,-87.78814415237615,34.05709545231942,17.626679314962665,16.490278185593336
12.355552835172663,94.75712977210215,True,5.067481116426376,0,0,2,0.275,0.18624999999999997,0.10411494104410088,2.6696026027968585,1.534341111144574,-5.827546424458315,-49.5841776745172,106.15815504182248,0.275,0.18624999999999997,506,0,2,18.7581126457349,0.41696030061637673,RNG-e8b8a23c51cf,range,final,60401,NTSC,30,3,1000000.0,,True,0.2507864019469509,-67.75962302206145,36.31227776278882,96.58697013908552,14.054496927808124
0.7063030286716625,55.49701591115307,True,219.92409033877038,610,8,0,2.025,2.025,1000000.0,35.31298595751575,13.987208742259625,-29.647452226007097,-87.85876026990289,149.91425882371567,1000000.0,1000000.0,610,610,2,5.558428373659407,0.11410682581346027,OVP56,range,final,60402,PAL,0,3,1000000.0,,False,,,,,
1.1538001765814592,63.32545184373133,True,165.51693851944793,556,7,0,2.025,2.025,3.4274305379675596,31.192264000575392,4.841691796109514,-34.616520999179265,-75.23114117794347,133.91599529545604,1.8337499999999998,1.15,610,44,2,6.054487502753979,0.11508719731639884,RANGE32,range,final,60402,PAL,0,3,1000000.0,,False,,,,,
-6.7823278616769915,-77.71680076501694,False,634.33626097867,609,8,3,2.025,2.025,3.675,90.39542912491412,19.328796978568793,-148.63309308449507,-77.49773428064434,137.3731138857936,1.75,1000000.0,610,566,2,-6.669303656320286,-0.09644976092420883,PLL96-rejected-board,range,final,60402,PAL,0,3,1000000.0,,False,,,,,
2.619263439472393,85.1813197130737,True,115.09786700125471,383,5,0,2.025,2.025,3.2784870630989977,12.14436230139707,3.1738185471053533,-11.534795745676862,-77.08493906989912,139.05185004631727,1.85,1.95,610,17,2,5.532877820831873,0.09800995889456278,PLL96-IQ-corrected,range,final,60402,PAL,0,3,1000000.0,,False,,,,,
5.796454290016345,92.23411831982865,True,40.61731493099121,476,7,0,2.025,2.025,3.43962586910306,4.782499766103629,1.5385100369521578,-8.095768345353934,-81.31756778720765,140.2433486321286,1.875,1.725,610,16,2,13.21578232824362,0.2562369697322354,floating-PLL-IQ40,range,final,60402,PAL,0,3,1000000.0,,False,,,,,
0.8069707962640695,31.850914889186708,True,221.76097867001255,610,8,0,2.025,2.025,1000000.0,52.745914953192155,26.95412136334497,-41.37382441145298,-87.86596826253843,137.27793531209517,1000000.0,1000000.0,610,610,2,2.8136660697462306,0.07094425282566283,HC50,range,final,60402,PAL,0,3,1000000.0,,False,,,,,
0.1290788065866017,69.38196677890532,True,197.75595984943538,417,3,0,2.025,2.025,3.3529871261896877,17.135022041488103,2.96221614367118,-30.890239055207633,-84.92651215326131,130.8413476304114,1.875,1.575,610,17,2,3.772931068537693,0.08109070828486406,PLL96-board-fixed,range,final,60402,PAL,0,3,1000000.0,,False,,,,,
1.7141224856208361,70.6892621415502,True,154.79673776662483,366,3,0,2.025,2.025,3.279296940219221,18.187573593447794,13.993898022185949,-21.0024419135785,-77.38385577400612,130.63341562698923,1.8,0.9649999999999999,610,13,2,3.7073834203322047,0.09611771069866627,RNG-e8b8a23c51cf,range,final,60402,PAL,0,3,1000000.0,,False,,,,,
2.703904757516409,68.87338632391784,True,134.21706398996236,609,8,0,2.025,2.025,3.5,25.935608502239152,9.418397558474531,-21.160392308877388,-85.32003408244228,147.30480826656995,1.225,1000000.0,610,331,2,8.489046519549667,0.1711387911560143,OVP56,range,final,60402,PAL,2,3,1000000.0,,False,,,,,
3.2372747768146426,77.24121967615923,True,90.65056461731493,362,5,0,2.025,2.025,3.3041068348052023,19.923635061100597,2.8463923617859646,-22.852099768402276,-71.14016375586449,131.21642494517033,1.8662499999999995,1.055,610,8,2,9.30449304402514,0.17033242604935186,RANGE32,range,final,60402,PAL,2,3,1000000.0,,False,,,,,
-6.753310005157816,-81.88961194916455,False,618.5702634880803,610,8,12,2.025,2.025,1000000.0,90.33650132150076,20.527203780694407,-153.10833330489615,-74.49462814586309,135.9432451035507,1000000.0,1000000.0,610,610,2,-6.720865080539086,-0.15998301920367777,PLL96-rejected-board,range,final,60402,PAL,2,3,1000000.0,,False,,,,,
5.531903289927968,89.55458088335949,True,48.083437892095354,390,7,0,2.025,2.025,3.3421078167962968,11.100914573078821,1.6661992951010214,-7.214268837503445,-76.05438920855298,137.85901632978644,1.9,1.6,610,13,2,9.639436750653577,0.1587736445611034,PLL96-IQ-corrected,range,final,60402,PAL,2,3,1000000.0,,False,,,,,
8.099844683068833,94.14278210788193,True,11.688205771643664,361,4,0,2.025,2.025,3.3611529863411995,3.9201306448924935,1.5519162144027359,-4.790219082551927,-77.1336145451321,137.4240162630003,1.8399999999999999,0.9675,610,10,2,18.37245289110613,0.359233518469337,floating-PLL-IQ40,range,final,60402,PAL,2,3,1000000.0,,False,,,,,
2.101202096825831,38.11287428153009,True,165.0037641154329,610,8,0,2.025,2.025,1000000.0,50.80842752003902,27.19389180741359,-34.32945742530947,-83.20081584141668,136.3739457907546,1000000.0,1000000.0,610,610,2,3.6327006794411116,0.11133589458925122,HC50,range,final,60402,PAL,2,3,1000000.0,,False,,,,,
2.7464317650297243,81.52101735543756,True,101.93161856963613,275,4,0,2.025,2.025,3.2307613699948106,9.704979557723249,0.178870269379769,-21.699670306565288,-82.61869094676186,127.87739464032731,1.85,0.6887499999999998,610,7,2,7.056092585700924,0.13124589226932337,PLL96-board-fixed,range,final,60402,PAL,2,3,1000000.0,,False,,,,,
4.407067713516915,80.76136811941139,True,74.7741530740276,230,0,0,2.025,1.6587499999999995,3.078504101020494,12.081932874694882,10.24350830626059,-13.881430878555378,-73.01793791984834,128.83403204234307,1.8512500000000003,1.6587499999999995,610,7,2,7.110784544069967,0.15608279613781412,RNG-e8b8a23c51cf,range,final,60402,PAL,2,3,1000000.0,,False,,,,,
5.031117944256488,80.70445468187893,True,64.86260978670012,602,8,0,2.025,2.025,3.492972856321675,16.863613390329025,5.205721009288025,-13.822636993232388,-85.72282684298666,144.7515822164446,1.6662500000000002,1000000.0,610,162,2,12.404629990966768,0.24749822389879456,OVP56,range,final,60402,PAL,4,3,1000000.0,,False,,,,,
5.80610123152068,88.58171463706987,True,39.01191969887076,104,2,0,2.025,2.025,2.830139130855584,9.125773718476179,1.685063038729616,-11.891448247242046,-69.00540577993779,128.45185562780193,1.59375,0.925,610,4,2,13.861122733536856,0.24800587842892743,RANGE32,range,final,60402,PAL,4,3,1000000.0,,False,,,,,
-6.790273882766639,-84.39359602560029,False,611.5583437892096,610,8,45,2.025,2.025,1000000.0,88.7918707782623,21.317978675017937,-156.92209569826295,-75.54300990401926,134.13852427962894,1000000.0,1000000.0,610,610,2,-6.803794674623042,-0.23975982870295612,PLL96-rejected-board,range,final,60402,PAL,4,3,1000000.0,,False,,,,,
7.91492824513473,93.08985979757782,True,17.790464240903386,426,4,0,2.025,2.025,3.3954253111323567,10.847619124982849,0.09871129391530738,-3.8969851220456277,-73.15106061729303,135.02173414155357,1.8,1.4375,610,12,2,13.083524728284022,0.2357407146640896,PLL96-IQ-corrected,range,final,60402,PAL,4,3,1000000.0,,False,,,,,
10.082304955357577,95.90776394848646,True,2.3168130489335006,129,3,0,2.025,2.025,3.1116350379097497,2.538666094292614,1.2498699154304247,-2.5895216322478105,-78.40607808690909,135.69229659147192,1.75,0.9650000000000001,610,3,2,23.11251076232442,0.46047779061212807,floating-PLL-IQ40,range,final,60402,PAL,4,3,1000000.0,,False,,,,,
3.243598846918313,42.64687497283084,True,122.73776662484316,610,8,0,2.025,2.025,1000000.0,49.32382199337423,27.115821151945042,-28.967399025054604,-76.40636893002102,127.38900205075903,1000000.0,1000000.0,610,610,2,4.252416940772167,0.17278970237441932,HC50,range,final,60402,PAL,4,3,1000000.0,,False,,,,,
5.802592020153757,91.04196389941744,True,40.404642409033876,74,2,0,2.025,2.025,2.8823278207110268,3.3458710760877746,-1.8286696280365895,-14.397501959322005,-82.28818080281104,126.32862098935216,1.675,1.10625,610,3,2,10.995459500861287,0.21091567258454344,PLL96-board-fixed,range,final,60402,PAL,4,3,1000000.0,,False,,,,,
7.589692543249175,88.80052292652363,True,27.99121706398996,81,1,0,2.025,1.6049999999999993,2.7877148293457585,6.754323309936084,6.080101353642672,-8.549007045905185,-69.922369311779,126.14438428202557,1.7,0.8099999999999999,610,3,2,11.728583387829644,0.23704619930673004,RNG-e8b8a23c51cf,range,final,60402,PAL,4,3,1000000.0,,False,,,,,
7.40790049881727,87.88710597186602,True,22.309284818067756,560,8,0,2.025,2.025,3.492237821225811,10.780721647903706,2.8053902403049,-9.320287356193642,-80.14900447987117,138.7362013320057,1.7962499999999995,1000000.0,610,42,2,16.52484014422419,0.3358103877305105,OVP56,range,final,60402,PAL,6,3,1000000.0,,False,,,,,
8.520796929037516,93.8233593081273,True,12.378293601003765,6,0,0,1.125,0.9749999999999996,1.9783743912081149,3.5159227796823993,1.688896849579359,-5.463273454657927,-66.2838330810506,126.28206601088007,1.05,0.9749999999999996,610,1,2,19.114523643201885,0.3421590775595968,RANGE32,range,final,60402,PAL,6,3,1000000.0,,False,,,,,
-6.7501031925201715,-84.12486918312787,False,606.8933500627353,610,8,57,2.025,2.025,1000000.0,86.7823313023134,22.213877885763434,-157.3063362436915,-73.48343496068726,132.18557095438695,1000000.0,1000000.0,610,610,2,-6.783437321811188,-0.300060588726501,PLL96-rejected-board,range,final,60402,PAL,6,3,1000000.0,,False,,,,,
9.150027601647235,94.09820543175908,True,7.967377666248431,478,5,0,2.025,2.025,3.5225423949531716,12.372652454452648,-0.633436386810362,-2.990119340728875,-72.47929297448566,133.22027041203583,1.85,1.765,610,23,2,14.18637305809658,0.29495096636434465,PLL96-IQ-corrected,range,final,60402,PAL,6,3,1000000.0,,False,,,,,
11.994669907358066,96.00410239604656,True,0.26474278544542035,27,2,0,1.9024999999999979,2.025,2.697953213778786,2.2685038783275306,1.4157080962827662,-1.95571232066828,-72.58409370055898,133.33686107337164,1.4974999999999994,0.6625,610,2,2,25.80429177637008,0.5552355003361449,floating-PLL-IQ40,range,final,60402,PAL,6,3,1000000.0,,False,,,,,
3.9088089480973305,44.30794697109087,True,100.08218318695107,610,8,0,2.025,2.025,1000000.0,49.01757723131536,27.089773375244,-26.476066084733816,-58.981814571840154,117.98046209624044,1000000.0,1000000.0,610,610,2,4.497564931251275,0.2554467211193099,HC50,range,final,60402,PAL,6,3,1000000.0,,False,,,,,
8.745272002625073,95.87538878186476,True,12.68444165621079,6,0,0,1.338749999999999,0.8724999999999999,2.3514438286870045,0.39208010947827177,-2.358313436205251,-9.97030118057006,-81.44372983149381,122.36420115265267,1.25,0.8724999999999999,610,1,2,14.84585542696399,0.30955928453201903,PLL96-board-fixed,range,final,60402,PAL,6,3,1000000.0,,False,,,,,
10.13843878944206,91.94729715174495,True,10.162484316185697,19,0,0,1.675,1.0024999999999997,2.2232842393177363,4.665684923067975,3.7713359658020655,-6.874419014988873,-64.17866506994635,119.39083929529758,1.475,1.0025,610,3,2,16.054047728021953,0.31666381380777225,RNG-e8b8a23c51cf,range,final,60402,PAL,6,3,1000000.0,,False,,,,,
9.424437674438314,91.52534826603247,True,5.517565872020075,400,6,0,2.025,2.025,3.343120156523301,7.367570228275961,2.0068640368212085,-6.574312132558169,-77.5772640052854,137.81961071706786,1.8887499999999995,0.63,610,15,2,19.928600057163518,0.41932518971947735,OVP56,range,final,60402,PAL,8,3,1000000.0,,False,,,,,
10.614570429090126,95.09942786540329,True,3.683814303638645,0,0,2,0.48874999999999885,0.13124999999999992,0.9580392159740969,2.03335756195279,2.097205784177078,-3.156640153892055,-63.20961648561701,120.40419547435086,0.48874999999999885,0.13124999999999992,610,0,2,22.780142791388556,0.43021269605900075,RANGE32,range,final,60402,PAL,8,3,1000000.0,,False,,,,,
-6.699063134370632,-83.33896079851549,False,604.5037641154328,610,8,59,2.025,2.025,1000000.0,85.44766817088588,22.908683882549994,-156.66986286077818,-71.64568691817975,128.5966039653751,1000000.0,1000000.0,610,610,2,-6.739066121609479,-0.32730902498890774,PLL96-rejected-board,range,final,60402,PAL,8,3,1000000.0,,False,,,,,
9.464109150653014,94.49407136345765,True,5.998117942283564,524,7,0,2.025,2.025,3.5551684044108134,14.129686958111098,-0.9160814280957371,-2.5918629735337144,-68.5485154997867,128.62219827520642,1.7875,0.075,610,31,2,13.828994841831623,0.32357988615296523,PLL96-IQ-corrected,range,final,60402,PAL,8,3,1000000.0,,False,,,,,
13.750146453128604,95.70907188889844,True,0.021957340025094103,1,0,1,0.925,0.07374999999999995,1.9900243828493598,2.3975253477504923,1.7657964385612397,-1.7897003661466342,-65.32317266861341,128.78966895425708,0.925,0.07374999999999995,610,1,2,26.364740838584012,0.6395733527015819,floating-PLL-IQ40,range,final,60402,PAL,8,3,1000000.0,,False,,,,,
4.136927673978515,44.46738673441193,True,91.93099121706399,610,8,0,2.025,2.025,1000000.0,49.206595346864894,27.199273977535125,-25.87917564890784,-57.758378756448835,116.74401548591821,1000000.0,1000000.0,610,610,2,4.518933902589409,0.33182241792747336,HC50,range,final,60402,PAL,8,3,1000000.0,,False,,,,,
10.476210321310358,97.78178553292305,True,5.256587202007528,2,0,0,1.0637499999999989,0.19749999999999993,2.117620215782205,0.5727771135488839,-2.354030440256841,-7.447650156735594,-79.61978869835514,119.03874852026779,1.05,0.19749999999999993,610,1,2,16.96838046082363,0.379623543270471,PLL96-board-fixed,range,final,60402,PAL,8,3,1000000.0,,False,,,,,
11.340912535736916,92.8970228270913,True,5.978042659974906,2,0,1,1.05,0.8449999999999995,1.5944019564351426,4.1050082665873076,3.0616554603094848,-6.4990184944486735,-63.196830346598084,117.0028886996701,1.0412499999999993,0.8449999999999995,610,1,2,17.862735388004726,0.36531604588638583,RNG-e8b8a23c51cf,range,final,60402,PAL,8,3,1000000.0,,False,,,,,
11.049501702715645,93.72348704628368,True,1.336888331242158,160,1,0,2.025,1.8324999999999996,3.1218016966702633,4.8923118035728805,1.6729405560388229,-4.785457771442303,-71.47560494984066,132.50675225470155,1.8,1.3549999999999998,610,6,2,22.60502432781108,0.4925801770000138,OVP56,range,final,60402,PAL,10,3,1000000.0,,False,,,,,
12.071129957999474,95.43057473890762,True,1.6775407779171894,0,0,2,0.125,0.13124999999999992,0.44777683991097145,1.6178676900405589,2.238797056187468,-2.483996847963134,-54.65653701511217,112.0000945083621,0.125,0.13124999999999992,610,0,2,24.01516621694849,0.5019292500045839,RANGE32,range,final,60402,PAL,10,3,1000000.0,,True,,,,,
-6.6756818796905755,-82.79235344036046,False,603.8751568381431,610,8,60,2.025,2.025,1000000.0,84.38020371507571,23.221979239935468,-156.3082911346226,-69.77071362160157,86.75918290587323,1000000.0,1000000.0,610,610,2,-6.7184517134211035,-0.3415191074044529,PLL96-rejected-board,range,final,60402,PAL,10,3,1000000.0,,False,,,,,
9.44384849896374,95.14658434236478,True,5.81116687578419,547,6,0,2.025,2.025,3.620350055424133,15.19224345553704,-1.1468749291559943,-2.364788691013856,-67.09897928193165,123.17762156577619,1.8,0.95375,610,61,2,13.225443876202865,0.3398795147638,PLL96-IQ-corrected,range,final,60402,PAL,10,3,1000000.0,,False,,,,,
15.375004602829247,95.72114314942976,True,0.0025094102885821834,0,0,2,0.3887499999999989,0.04124999999999999,1.1134903033873733,2.272534164269667,1.8728804394152905,-1.6418774590737668,-62.752820471600955,125.47032118944112,0.3887499999999989,0.04124999999999999,610,0,2,26.824772589368557,0.7145361429692276,floating-PLL-IQ40,range,final,60402,PAL,10,3,1000000.0,,False,,,,,
4.226585316431253,44.41911122861377,True,89.51505646173149,610,8,0,2.025,2.025,1000000.0,49.23299621049358,27.20897723634431,-25.799342900417432,-24.075182465625893,98.98019845114844,1000000.0,1000000.0,610,610,2,4.5161005245210815,0.3900868707411904,HC50,range,final,60402,PAL,10,3,1000000.0,,False,,,,,
11.191662282557779,98.59156019892785,True,4.027603513174404,13,0,1,1.3524999999999978,0.7537499999999995,2.2004289497309544,1.5740409418270747,-2.3034791543891946,-5.84543656945423,-79.23937502919826,113.25297316527157,1.075,0.7537499999999996,610,1,2,17.469462799930746,0.4161692278492062,PLL96-board-fixed,range,final,60402,PAL,10,3,1000000.0,,False,,,,,
11.82878375250933,93.4601680907452,True,5.201380175658721,1,0,2,0.525,0.26625,0.9443734076121194,3.707778198736013,2.5827151887323088,-6.3243137724214495,-57.8105588064582,113.21490085532038,0.5150000000000006,0.26625,610,1,2,18.304294010060644,0.3889817491273138,RNG-e8b8a23c51cf,range,final,60402,PAL,10,3,1000000.0,,False,,,,,
12.363000876076732,95.31652850284651,True,0.6624843161856964,26,0,0,1.9274999999999978,1.2674999999999998,2.626219343349592,3.021949371813673,1.4075244195871903,-3.4266122137968376,-68.21400062271604,133.01818673667836,1.5212500000000007,1.2674999999999996,610,2,2,24.823828751951442,0.5546527958833151,OVP56,range,final,60402,PAL,12,3,1000000.0,,False,,,,,
13.185424403033092,95.71372114692221,True,1.2816813048933502,0,0,2,0.1,0.05,0.13933757216340983,1.367522324570729,2.1788210678038418,-2.250080453920607,-51.16480969670039,114.57472391354452,0.1,0.05,610,0,2,24.515364605121714,0.5614550659025381,RANGE32,range,final,60402,PAL,12,3,1000000.0,,True,,,,,
-6.677966734437288,-82.61686852192244,False,604.3299874529486,610,8,60,2.025,2.025,1000000.0,83.70905955698363,23.25810425408643,-156.28317030610032,-69.2691392950336,82.21414812295458,1000000.0,1000000.0,610,610,2,-6.722109034923029,-0.3489350684264573,PLL96-rejected-board,range,final,60402,PAL,12,3,1000000.0,,False,,,,,
9.339123847056939,95.96025301233514,True,5.855708908406525,560,7,0,2.025,2.025,3.6318280520971804,15.641472865666017,-1.2962210909828324,-2.076854084212298,-55.01925255478976,122.96848102891497,1.7774999999999999,1.0,610,52,2,12.721462827582421,0.3501310276739337,PLL96-IQ-corrected,range,final,60402,PAL,12,3,1000000.0,,False,,,,,
16.86604215811243,96.01327683476714,True,0.0,0,0,2,0.05,0.025,0.4130888742544235,1.9595827160008492,1.8192304692293635,-1.405189267219857,-60.024245311189986,123.67333934293617,0.05,0.025,610,0,2,27.599704651577447,0.7773683535186028,floating-PLL-IQ40,range,final,60402,PAL,12,3,1000000.0,,True,,,,,
4.28724076061341,44.48171842916634,True,89.03074027603513,610,8,0,2.025,2.025,1000000.0,49.13109520091222,27.167930721337417,-25.730625805581468,-20.106093820314676,92.9253449195383,1000000.0,1000000.0,610,610,2,4.527315646061627,0.43831656626259746,HC50,range,final,60402,PAL,12,3,1000000.0,,False,,,,,
11.571778378820516,98.96909727184423,True,3.8456712672521958,7,0,2,1.025,0.7537499999999995,1.9170854506795716,2.566951345985453,-2.1412860460196583,-4.6107614987602075,-61.024898908996235,112.36787920596365,1.025,0.7537499999999996,610,1,2,17.623857674900776,0.4395413790440544,PLL96-board-fixed,range,final,60402,PAL,12,3,1000000.0,,False,,,,,
12.074854077381683,94.03644763992948,True,5.087202007528231,0,0,2,0.325,0.20749999999999996,0.4946651873145953,3.2960216198921723,2.1784750511502455,-6.095508945102118,-56.65759338854899,109.04483846552145,0.325,0.20749999999999996,610,0,2,18.480294862512267,0.40284222016200955,RNG-e8b8a23c51cf,range,final,60402,PAL,12,3,1000000.0,,True,,,,,
13.43540906194459,96.28119519667925,True,0.5319949811794228,2,0,0,1.0,0.16374999999999992,1.8593676746870298,1.7937924113158843,1.2771713280581307,-2.548653837645211,-66.72494152632358,126.21879754487973,0.975,0.1637499999999999,610,1,2,26.32656916677273,0.6062367641739338,OVP56,range,final,60402,PAL,14,3,1000000.0,,False,,,,,
14.062649376511956,95.75428519216139,True,1.1744040150564616,0,0,2,0.075,0.05,0.04442252419367572,1.34714698805287,2.116438189598514,-2.3047149678464214,-50.8918591298321,110.28713646591684,0.075,0.05,610,0,2,24.74547531664841,0.6095011415887154,RANGE32,range,final,60402,PAL,14,3,1000000.0,,True,,,,,
-6.676355730170824,-82.45494786405737,False,604.8494353826851,610,8,60,2.025,2.025,1000000.0,83.3431759066899,23.17577566502345,-156.24053219690228,-68.54930695972855,78.10375161082881,1000000.0,1000000.0,610,610,2,-6.721352074841275,-0.35403212130878897,PLL96-rejected-board,range,final,60402,PAL,14,3,1000000.0,,False,,,,,
9.242683061388421,96.53504926153592,True,5.9786700125470515,552,7,0,2.025,2.025,3.6367289442290174,15.868960047028805,-1.298795050795051,-1.9205643213407866,-54.96976317308856,123.08456726151248,2.0,0.8,610,26,2,12.375694576507808,0.3558940002467426,PLL96-IQ-corrected,range,final,60402,PAL,14,3,1000000.0,,False,,,,,
18.153023868718336,96.15805024006838,True,0.0,0,0,2,0.025,0.025,0.024482345596401486,1.7975570467109554,1.783341504869701,-1.2952737196138882,-55.307790579017784,120.35900992202654,0.025,0.025,610,0,2,28.065692120084492,0.8259213042767527,floating-PLL-IQ40,range,final,60402,PAL,14,3,1000000.0,,True,,,,,
4.32248196049827,44.49361103330368,True,88.98745294855709,610,8,0,2.025,2.025,1000000.0,49.059604891783806,27.145019141958485,-25.71218359927559,-5.054722161465975,90.12844287330792,1000000.0,1000000.0,610,610,2,4.532012832000214,0.47776150250468263,HC50,range,final,60402,PAL,14,3,1000000.0,,False,,,,,
11.806028487880258,98.80045574281478,True,3.7892095357590967,7,0,1,1.225,0.7537499999999995,2.0659220191929806,3.6322557147074823,-1.8455601083902087,-3.769821209370721,-62.68023895739344,112.30588046734282,1.069999999999999,0.7537499999999996,610,1,2,17.656089921429132,0.4547819668000339,PLL96-board-fixed,range,final,60402,PAL,14,3,1000000.0,,False,,,,,
12.20607905412031,94.32753229721978,True,5.062107904642409,0,0,2,0.3,0.20749999999999996,0.20627949366865508,3.0875132431078014,1.9240188618286844,-5.983610630270484,-51.95089039284633,106.98302271758122,0.3,0.20749999999999996,610,0,2,18.53218126321809,0.41049429514374414,RNG-e8b8a23c51cf,range,final,60402,PAL,14,3,1000000.0,,True,,,,,
14.844464238109875,97.17138660466988,True,0.43099121706398996,0,0,2,0.05,0.025,0.4809325384681068,0.643027558824616,1.1478850305105315,-1.6729799230822373,-62.813345720190625,123.71514059998948,0.05,0.025,610,0,2,27.65380671026991,0.6735519710308828,OVP56,range,final,60402,PAL,18,3,1000000.0,,True,,,,,
15.199260910861625,95.6339152962477,True,1.0313676286072775,0,0,2,0.075,0.05,0.0405772891337337,1.3985332613963717,2.013335013596807,-2.7581032668599206,-51.00106014980406,108.10523309224389,0.075,0.05,610,0,2,24.984599227121464,0.6724104124004467,RANGE32,range,final,60402,PAL,18,3,1000000.0,,True,,,,,
-6.68178612940813,-82.46691529413043,False,606.1562107904642,610,8,62,2.025,2.025,1000000.0,83.52014026703391,22.89412653752906,-156.1876793183171,-67.81837230001663,75.71945866935094,1000000.0,1000000.0,610,610,2,-6.727098857504227,-0.3596543123381538,PLL96-rejected-board,range,final,60402,PAL,18,3,1000000.0,,False,,,,,
9.07832106584676,97.55066040306296,True,6.146173149309912,590,7,0,2.025,2.025,3.6627261022358746,15.66988657457385,-1.1776781049092713,-1.7339900908232329,-53.46131336993714,119.2254766810264,2.0,1.2,610,99,2,11.925141153075208,0.3630170166972212,PLL96-IQ-corrected,range,final,60402,PAL,18,3,1000000.0,,False,,,,,
20.000365929420912,96.30633082458014,True,0.0,0,0,2,0.025,0.025,0.02016834884371964,1.6589673016191369,1.7382090646784238,-1.1918778390844542,-50.90618366322579,118.25147989388627,0.025,0.025,610,0,2,28.580114319178776,0.8847129559052543,floating-PLL-IQ40,range,final,60402,PAL,18,3,1000000.0,,True,,,,,
4.355775177340858,44.48888805373836,True,88.91405269761606,610,8,0,2.025,2.025,1000000.0,48.97939777030422,27.133408009913516,-25.69732329967973,0.5417361376521228,86.13806504019833,1000000.0,1000000.0,610,610,2,4.53434054274208,0.5301674823520388,HC50,range,final,60402,PAL,18,3,1000000.0,,False,,,,,
11.997584726557871,98.13118257528089,True,3.664366373902133,30,0,0,1.952499999999998,1.8199999999999998,2.4138231140375774,5.023988843277841,-1.2607219125630575,-2.9690391558415907,-60.00445361783264,111.51922051407006,1.275,1.8199999999999998,610,2,2,17.544659243038254,0.47181611054908634,PLL96-board-fixed,range,final,60402,PAL,18,3,1000000.0,,False,,,,,
12.326036827142989,94.63123424617903,True,5.093475533249687,0,0,2,0.3,0.16624999999999998,0.11000186287543304,2.892756638338565,1.6522389150034629,-5.8877749419302745,-52.101327551829264,106.23148826022917,0.3,0.16624999999999998,610,0,2,18.563602964451096,0.41762672832386527,RNG-e8b8a23c51cf,range,final,60402,PAL,18,3,1000000.0,,True,,,,,
15.515636934721197,97.4581535537061,True,0.38456712672521953,0,0,2,0.05,0.04124999999999999,0.02956307510791233,0.2871403739814366,1.0726460621446174,-1.3878435850619957,-60.25834042699417,124.2027271209244,0.05,0.04124999999999999,610,0,2,28.023918046989813,0.7045139483131881,OVP56,range,final,60402,PAL,22,3,1000000.0,,True,0.8215345094809141,-59.9114209455067,15.813971448727337,24.138304505827964,12.044228485696118
15.737469570005642,95.61807863801243,True,0.9592220828105394,0,0,2,0.05,0.04124999999999999,0.039683687857446075,1.3633773701196088,1.9421172498854986,-2.9484143805992766,-49.52717254706032,107.71139956856946,0.05,0.04124999999999999,610,0,2,25.10740471848301,0.7014687808610492,RANGE32,range,final,60402,PAL,22,3,1000000.0,,True,0.7884259877831501,-61.29019928951392,14.954866732677646,23.00121210415476,11.96092427050392
-6.691140063968591,-82.74018129857134,False,607.2183186951066,610,8,62,2.025,2.025,1000000.0,84.20191092843012,22.772636942681086,-156.21396232711191,-67.81801284426228,70.07572510894819,1000000.0,1000000.0,610,610,2,-6.735970348525919,-0.36314423901341025,PLL96-rejected-board,range,final,60402,PAL,22,3,1000000.0,contrast;waveform;detail_floor;sync;h_jitter_us;v_jitter_us;h_width_rmse_us;sync_error_ire;black_error_ire;white_error_ire,False,0.327799753766579,65.58615439807168,25.68657354931442,33.90560229688964,28.773971059645977
8.996448658843715,98.44313882572003,True,6.182559598494354,602,8,0,2.025,2.025,3.6844160833163238,14.737448421138788,-1.1540571346985642,-1.6712474772378259,-48.7553429601194,111.03140138127675,1.065,1000000.0,610,141,2,11.73560466788139,0.36803001522433826,PLL96-IQ-corrected,range,final,60402,PAL,22,3,1000000.0,waveform;sync;h_jitter_us;v_jitter_us;h_width_rmse_us,False,0.38092470718079563,-112.71363405186514,24.665628420957507,35.088152474023055,16.892408769311366
20.973963489239228,96.36581636929053,True,0.0,0,0,2,0.025,0.025,0.0193119346434305,1.6315695583683627,1.72071733047261,-1.1275049257525727,-48.4922015683929,112.86089236308725,0.025,0.025,610,0,2,28.796251177900665,0.9103299791070489,floating-PLL-IQ40,range,final,60402,PAL,22,3,1000000.0,,True,0.48935970787980554,13.345094807651845,9.931292881742893,19.672774564313478,6.956523769176614
4.369185462525852,44.493042633662185,True,88.8293601003764,610,8,0,2.025,2.025,1000000.0,48.943086388346345,27.142480887669716,-25.65378735496964,0.6831583553512388,84.40528244556099,1000000.0,1000000.0,610,610,2,4.535124861397332,0.5567665785047944,HC50,range,final,60402,PAL,22,3,1000000.0,contrast;waveform;sync;h_jitter_us;v_jitter_us;h_width_rmse_us;sync_error_ire;black_error_ire;white_error_ire,False,0.410383524102972,99.05966366688244,14.201015022626432,21.51882941408994,30.718463497590307
11.983940856442295,97.45214949654306,True,3.594730238393977,0,0,2,0.425,0.06624999999999999,0.12442490657842256,5.6098017537575044,-0.8315578746935279,-2.7532373782789263,-59.74394222770174,111.37820638503864,0.425,0.06624999999999999,610,0,2,17.184436806849277,0.47893128700919346,PLL96-board-fixed,range,final,60402,PAL,22,3,1000000.0,,True,0.43092059706307545,-99.06835969875678,23.25929364121921,34.63446562332818,15.435190220426275
12.363450408317508,94.75339141497987,True,5.058343789209536,0,0,2,0.275,0.21499999999999994,0.10889722933746777,2.784997614163027,1.545999812608688,-5.849762527732851,-50.174745474168574,106.27103647820128,0.275,0.21499999999999994,610,0,2,18.57217145923612,0.41943523487093215,RNG-e8b8a23c51cf,range,final,60402,PAL,22,3,1000000.0,,True,0.24375172252254057,-72.43698564165734,34.88602781279616,58.77760553618627,12.947999703755546
15.952908964698775,97.53829573471677,True,0.33186951066499376,0,0,2,0.05,0.04124999999999999,0.02074434546695699,0.15400363762512287,1.072184842199099,-1.293933133637842,-54.815631568510085,124.22696779159897,0.05,0.04124999999999999,610,0,2,28.16174772083712,0.7243049220414529,OVP56,range,final,60402,PAL,30,3,1000000.0,,True,0.7999826355805535,-59.844873883525835,15.938627691178718,27.268266629805467,11.901103177986478
16.08393494459907,95.65633291176621,True,0.883939774153074,0,0,2,0.05,0.05,0.03898034393274069,1.257949432245267,1.8692752486138036,-3.0692030973720783,-44.166762590811615,103.38182289017125,0.05,0.05,610,0,2,25.23741200544595,0.7195036237933746,RANGE32,range,final,60402,PAL,30,3,1000000.0,,True,0.7727446201925445,-61.050529470557464,14.848328950982545,26.582236805182955,11.817947146513642
-6.69952984274098,-83.05621877433636,False,607.7659974905897,610,8,62,2.025,2.025,1000000.0,84.96536722342583,22.710798945173952,-156.23882873166323,-67.99634126556032,68.28920329536159,1000000.0,1000000.0,610,610,2,-6.744158851676029,-0.36228945331771284,PLL96-rejected-board,range,final,60402,PAL,30,3,1000000.0,contrast;waveform;detail_floor;sync;h_jitter_us;v_jitter_us;h_width_rmse_us;sync_error_ire;black_error_ire;white_error_ire,False,0.324893985255861,66.02386492994991,24.453460011614,31.194922879912767,28.74974910444196
8.947412878053363,99.07327238652987,True,6.279799247176913,610,8,0,2.025,2.025,1000000.0,13.919456821324218,-1.0745083184731192,-1.6333811440957164,-45.61393654779323,107.069034882521,1000000.0,1000000.0,610,610,2,11.655411975650662,0.36739988181416483,PLL96-IQ-corrected,range,final,60402,PAL,30,3,1000000.0,waveform;sync;h_jitter_us;v_jitter_us;h_width_rmse_us,False,0.3744283658068539,-111.67146773084009,23.90201980772888,31.531121887551393,16.88989726384939
21.65583819466475,96.38413207610337,True,0.0,0,0,2,0.025,0.025,0.018936909921553967,1.632048033051924,1.723042949557873,-1.0815992598091848,-45.746773910361604,111.34001572266614,0.025,0.025,610,0,2,28.897738947463424,0.9263417196984237,floating-PLL-IQ40,range,final,60402,PAL,30,3,1000000.0,,True,0.48397032573390464,13.069658206679653,6.94845259667979,16.16277842410932,6.871607667056341
4.377421089932624,44.50061247604596,True,88.79046424090339,610,8,0,2.025,2.025,1000000.0,48.924851939319005,27.146261037122972,-25.610100744307207,3.0633388553454495,84.41876439352431,1000000.0,1000000.0,610,610,2,4.536013065121235,0.5740713269639258,HC50,range,final,60402,PAL,30,3,1000000.0,contrast;waveform;sync;h_jitter_us;v_jitter_us;h_width_rmse_us;sync_error_ire;black_error_ire;white_error_ire,False,0.4037029662657523,98.99807220383626,14.118710974304962,25.099407362924374,30.707825390877467
11.909447624031786,97.03287178848358,True,3.551442910915935,0,0,2,0.25,0.075,0.10001024537680062,5.715259307962959,-0.681335825578687,-2.7119419439281502,-57.50448791615967,111.39573830926936,0.25,0.075,610,0,2,16.80380644252807,0.4816207797637874,PLL96-board-fixed,range,final,60402,PAL,30,3,1000000.0,,True,0.4300623828784165,-99.9562496639061,22.449589247803424,30.67245367156437,15.455070332501899
12.397166571711217,94.80437447485933,True,5.047051442910916,0,0,2,0.275,0.21499999999999994,0.10406689210688905,2.7217059017200773,1.5267560350768505,-5.830526795730306,-49.58859314468343,106.29181186391058,0.275,0.21499999999999994,610,0,2,18.56860369874785,0.421849781944018,RNG-e8b8a23c51cf,range,final,60402,PAL,30,3,1000000.0,,True,0.237622325985734,-71.20112801675594,33.0014871472856,60.29886957133493,12.857706033697163
0.7223595030730477,55.24159182323241,True,222.391899255495,506,12,0,2.025,2.025,1000000.0,35.67173651380328,13.826095257381334,-30.277694531743908,-89.8029079230864,149.8099686112304,1000000.0,1000000.0,506,506,2,5.5072038619431645,0.11868720361113994,OVP56,range,final,60402,NTSC,0,3,1000000.0,,False,,,,,
1.1443109190253984,62.783311232974235,True,168.66892256003757,453,12,0,2.025,2.025,3.4222530645374327,31.542943547673836,4.7922200228262115,-35.26762151112723,-74.4446481911636,133.54045036508995,1.86,1000000.0,506,31,2,5.971282804004447,0.11688661970129016,RANGE32,range,final,60402,NTSC,0,3,1000000.0,,False,,,,,
-6.71234697242447,-77.69816125910175,False,636.636842311247,505,12,1,2.025,2.025,3.675,90.16194005077588,19.297802517215928,-147.78171265567462,-77.71834536001663,137.27696496512428,1.925,1000000.0,506,420,2,-6.602388674201734,-0.09250066745310043,PLL96-rejected-board,range,final,60402,NTSC,0,3,1000000.0,,False,,,,,
2.673512334523181,84.85060417825281,True,116.48056549867988,320,7,0,2.025,2.025,3.2780581633919565,11.986271987708633,3.162548183479537,-12.023602751135455,-77.11111182333309,136.45409102543883,1.9,0.835,506,9,2,5.614127436754304,0.0934280686816429,PLL96-IQ-corrected,range,final,60402,NTSC,0,3,1000000.0,,False,,,,,
5.853899565985947,92.18731357467597,True,40.81606541287967,405,11,0,2.025,2.025,3.452538885005533,4.6867643027923505,1.3202793491155744,-8.073431206274769,-80.16116654717683,140.10222346153802,1.925,1.0,506,21,2,13.303134275226444,0.2621569760141025,floating-PLL-IQ40,range,final,60402,NTSC,0,3,1000000.0,,False,,,,,
0.8512606199040045,31.96467179240339,True,224.91397399500855,506,12,0,2.025,2.025,1000000.0,52.66603603016766,26.89492177442626,-41.49153659118929,-82.17718993711263,136.55133304957303,1000000.0,1000000.0,506,506,2,2.8247274959476636,0.07225429501448447,HC50,range,final,60402,NTSC,0,3,1000000.0,,False,,,,,
0.2056575596722586,69.57942926188674,True,198.5115920606201,358,10,0,2.025,2.025,3.3609222159835674,17.564075013874294,2.535304188854118,-31.55719305489969,-84.23197984614174,129.2886004265935,1.875,0.7162499999999999,506,16,2,3.8406537879822227,0.08508323249386947,PLL96-board-fixed,range,final,60402,NTSC,0,3,1000000.0,,False,,,,,
1.6208912094532544,69.59005528267878,True,158.57083936694494,315,9,0,2.025,2.025,3.2583375735880247,19.555051301338978,13.060351174320253,-22.602966482697628,-76.23196878944151,131.09271890880115,1.9,0.725,506,11,2,3.5117163975100345,0.09376469439283175,RNG-e8b8a23c51cf,range,final,60402,NTSC,0,3,1000000.0,,False,,,,,
2.7153068261875504,68.58139493029569,True,135.71110314992157,506,12,0,2.025,2.025,1000000.0,26.17552573280488,9.301593185428551,-21.69622699519395,-88.03247473850753,149.93205073411036,1000000.0,1000000.0,506,506,2,8.412690841132004,0.1780717186678537,OVP56,range,final,60402,NTSC,2,3,1000000.0,,False,,,,,
3.269897711284483,77.13764883728464,True,92.27963644793131,315,9,0,2.025,2.025,3.268180622479705,19.610231062890687,2.8509224595155827,-23.18417527826223,-71.37690671097414,131.87678909565307,1.875,1.555,506,10,2,9.2975843240333,0.17560839849639517,RANGE32,range,final,60402,NTSC,2,3,1000000.0,,False,,,,,
-6.6688944486408435,-81.49113162616041,False,619.4918519901133,506,12,13,2.025,2.025,1000000.0,89.8076465862458,20.552702686095927,-152.70230278914664,-76.0078178285168,135.1235223501257,1000000.0,1000000.0,506,506,2,-6.637649325973866,-0.15646539384466548,PLL96-rejected-board,range,final,60402,NTSC,2,3,1000000.0,,False,,,,,
5.545999406394889,89.40288547068225,True,49.721977198216564,334,9,0,2.025,2.025,3.303843999709824,10.656406058738915,1.7094324467131172,-7.524414758822355,-75.24903177403067,136.22835439708302,1.925,0.865,506,12,2,9.685776666974824,0.15521033782064925,PLL96-IQ-corrected,range,final,60402,NTSC,2,3,1000000.0,,False,,,,,
8.176503059444682,94.08367289111031,True,11.903650874409559,315,11,0,2.025,2.025,3.404334413809419,3.9681965366578,1.4759605078815945,-4.702491074946341,-77.2798175042222,138.52105922876046,1.8875,1.0,506,11,2,18.734125127498427,0.36725351921944366,floating-PLL-IQ40,range,final,60402,NTSC,2,3,1000000.0,,False,,,,,
2.109157427863209,38.05943170181295,True,169.31091890524945,506,12,0,2.025,2.025,1000000.0,50.84302485150862,27.137180501382268,-34.530454430623415,-78.28548148667306,131.0731182291251,1000000.0,1000000.0,506,506,2,3.61293482873362,0.11650022088739607,HC50,range,final,60402,NTSC,2,3,1000000.0,,False,,,,,
2.7305816880776406,81.09409482464014,True,104.18479258926985,220,7,0,2.025,2.025,3.203218306248033,9.78670882373553,0.32496231250036733,-22.545121973478096,-84.11489197095116,128.27973683861006,1.85,1.78,506,8,2,7.0063005280204145,0.1297692712164454,PLL96-board-fixed,range,final,60402,NTSC,2,3,1000000.0,,False,,,,,
4.2965113455598605,80.25553138597186,True,77.81778442771257,192,6,0,2.025,2.025,3.0755601866624946,11.819477550162322,9.554496613305101,-15.374158483193282,-75.2708363232281,127.63492051330097,1.825,1.95,506,6,2,6.870306678951868,0.15535310776041672,RNG-e8b8a23c51cf,range,final,60402,NTSC,2,3,1000000.0,,False,,,,,
5.055418584661676,80.52284119252512,True,65.50996938287066,503,12,0,2.025,2.025,3.6420289674850195,17.191380287556594,5.058819001321488,-14.108236743270997,-84.89945264030985,144.34373726982938,1.265,1000000.0,506,226,2,12.296732280869291,0.2580511824450998,OVP56,range,final,60402,NTSC,4,3,1000000.0,,False,,,,,
5.859187445253195,88.48830007099379,True,39.87151041494188,71,4,0,2.025,2.025,2.837119765399126,8.946175686786898,1.7027293690953007,-12.14777464348216,-67.89249787427914,129.3700373023862,1.625,1.3775,506,3,2,13.866070046305003,0.25628913848424684,RANGE32,range,final,60402,NTSC,4,3,1000000.0,,False,,,,,
-6.700232817875565,-84.03777789940337,False,611.7179009353728,506,12,36,2.025,2.025,1000000.0,88.65038446261586,21.37730106366763,-156.70830677922123,-74.42745690779522,136.34265208562817,1000000.0,1000000.0,506,506,2,-6.71730540120656,-0.23446892926384724,PLL96-rejected-board,range,final,60402,NTSC,4,3,1000000.0,,False,,,,,
7.916437179612041,92.59038945001662,True,18.149755996230812,356,8,0,2.025,2.025,3.407318104707376,10.892293896304379,0.24442797686036113,-4.2448403396046075,-73.91784284251267,135.26258242954276,1.7387499999999996,1.9774999999999998,506,14,2,13.122864132606107,0.22875397959304566,PLL96-IQ-corrected,range,final,60402,NTSC,4,3,1000000.0,,False,,,,,
10.142619164796196,95.74880195542347,True,2.419716588342611,135,6,0,2.025,2.025,3.155029303455101,2.607220418670976,1.2372222096290248,-2.6965586302866655,-76.56255380593025,135.9893555330288,1.7,1.825,506,5,2,22.86368175210113,0.46985371120027664,floating-PLL-IQ40,range,final,60402,NTSC,4,3,1000000.0,,False,,,,,
3.230975434254348,42.56447982120927,True,127.58717753419214,506,12,0,2.025,2.025,1000000.0,49.450889802779464,27.09462216379429,-29.06308842985279,-74.87629591629215,129.34612526153666,1000000.0,1000000.0,506,506,2,4.212070564530105,0.18284846004712751,HC50,range,final,60402,NTSC,4,3,1000000.0,,False,,,,,
5.813400933364025,90.71565812672213,True,41.31506139983803,67,1,0,2.025,1.9562499999999998,2.849478681889398,3.280673312058685,-1.7311333787102094,-14.82979372724464,-82.39734095986655,126.97392591166827,1.625,1.7625,506,2,2,10.98895169845948,0.20866880142615368,PLL96-board-fixed,range,final,60402,NTSC,4,3,1000000.0,,False,,,,,
7.483091760360483,88.44200587696957,True,29.427968461647303,64,3,0,2.025,2.025,2.744081712650219,6.692622265201826,5.807202940555625,-9.09570092870733,-72.67095853705658,129.5043471109758,1.7487499999999998,1.8549999999999998,506,3,2,11.435541170090072,0.24002281123606128,RNG-e8b8a23c51cf,range,final,60402,NTSC,4,3,1000000.0,,False,,,,,
7.462050800768582,87.8077266507785,True,22.55416703043951,456,11,0,2.025,2.025,3.468158733391538,10.941955588149929,2.701914147115351,-9.423302955106253,-75.92926712780957,137.02030482200686,1.8024999999999998,1.525,506,31,2,16.456997805355563,0.3502792660633001,OVP56,range,final,60402,NTSC,6,3,1000000.0,,False,,,,,
8.569324745553645,93.79917884930896,True,12.784984661329993,7,0,0,1.34375,1.2949999999999995,2.0125542226230815,3.463753107906109,1.686643902109396,-5.576013082859049,-65.74941959959811,124.6368528527104,1.1024999999999991,1.2949999999999995,506,1,2,19.140882623030965,0.3536765407571366,RANGE32,range,final,60402,NTSC,6,3,1000000.0,,False,,,,,
-6.668986348779021,-83.99249109395522,False,607.7725963145044,506,12,48,2.025,2.025,1000000.0,86.92137302347886,22.23075524334535,-157.2247488462648,-72.9341305218977,131.3991005157558,1000000.0,1000000.0,506,506,2,-6.70524296529906,-0.28883795735025347,PLL96-rejected-board,range,final,60402,NTSC,6,3,1000000.0,,False,,,,,
9.128566681201338,93.86248902125797,True,8.189404727140264,388,9,0,2.025,2.025,3.485616631972705,12.244380055230245,-0.6173646732559501,-3.038581704246476,-73.18533957968154,132.5285372872203,1.8574999999999995,1.395,506,21,2,14.308050064377797,0.28344636188284106,PLL96-IQ-corrected,range,final,60402,NTSC,6,3,1000000.0,,False,,,,,
12.058666848688128,95.95766102024447,True,0.27772174839764335,27,0,0,2.025,1.28125,2.72025932656389,2.272895733721135,1.3807802329952719,-2.0073977679466317,-70.968623775654,131.70232420429397,1.502499999999999,1.28125,506,3,2,25.736735841347954,0.566129007436851,floating-PLL-IQ40,range,final,60402,NTSC,6,3,1000000.0,,False,,,,,
3.8890259782611194,44.29428502632676,True,105.24751104113292,506,12,0,2.025,2.025,1000000.0,49.03676370936248,27.04540891522545,-26.57219222128882,-62.93295016550278,114.59218248663376,1000000.0,1000000.0,506,506,2,4.462640337440294,0.27000048543991184,HC50,range,final,60402,NTSC,6,3,1000000.0,,False,,,,,
8.758047697538775,95.75942864509982,True,12.89411651368137,8,0,0,1.3625,1.5449999999999995,2.3535967519272987,0.5377944694349457,-2.5328736034615313,-10.121753069415053,-81.73848517385456,120.10389760790167,1.132499999999999,1.5449999999999995,506,1,2,14.893394860479507,0.3070105704428207,PLL96-board-fixed,range,final,60402,NTSC,6,3,1000000.0,,False,,,,,
10.11689751697997,91.88264885368103,True,10.619658183985766,18,0,0,1.9125,1.3174999999999994,2.2736253953816994,4.561425582151684,3.792439497841331,-6.831726969217965,-67.22197509564602,117.88086593647006,1.6,1.3174999999999994,506,1,2,16.010344283810312,0.31587182421702137,RNG-e8b8a23c51cf,range,final,60402,NTSC,6,3,1000000.0,,False,,,,,
9.503725237320317,91.52953315635861,True,5.467129486071765,336,8,0,2.025,2.025,3.3933022264455017,7.416310169814157,1.9523452606749132,-6.6383700736152464,-72.47641003159337,136.0157883188519,1.877499999999999,1.3175000000000001,506,11,2,19.897113159362302,0.4378146984772649,OVP56,range,final,60402,NTSC,8,3,1000000.0,,False,,,,,
10.710169135853604,95.14424379962753,True,3.6984408445149577,0,0,2,0.43125,0.15874999999999995,1.011515954244766,1.9435473894843338,2.041088495839605,-3.164777422195337,-60.711550898172135,117.96443440067287,0.43125,0.15874999999999995,506,0,2,23.02119390735299,0.4462498730158823,RANGE32,range,final,60402,NTSC,8,3,1000000.0,,False,,,,,
-6.6161619242018475,-83.10995178601304,False,605.6607068131392,506,12,50,2.025,2.025,1000000.0,85.39523883126728,22.875341736792517,-156.6251923679208,-70.92198311486999,115.12606349471508,1000000.0,1000000.0,506,506,2,-6.659065208287405,-0.31668515450464696,PLL96-rejected-board,range,final,60402,NTSC,8,3,1000000.0,,False,,,,,
9.406004325363194,94.20225676371504,True,6.361258041888568,413,10,0,2.025,2.025,3.539279397831426,14.045896166067754,-0.968750099012141,-2.691978403070362,-67.23518913328398,125.7532203040391,1.9,0.39,506,26,2,13.872079417212591,0.3118368796388217,PLL96-IQ-corrected,range,final,60402,NTSC,8,3,1000000.0,,False,,,,,
13.833630809146225,95.67410707694488,True,0.04365274094055099,2,0,1,0.96875,0.73125,1.989110047172329,2.387681467073881,1.7221686399623775,-1.8669224111603018,-66.30428869629151,130.35462134523905,0.95,0.73125,506,1,2,26.29906102843071,0.6518300586234598,floating-PLL-IQ40,range,final,60402,NTSC,8,3,1000000.0,,False,,,,,
4.117313441909641,44.47473953084975,True,97.42238091080692,506,12,0,2.025,2.025,1000000.0,49.19514391508648,27.15544834787102,-25.88227202353648,-50.6616765771981,102.1319417411479,1000000.0,1000000.0,506,506,2,4.487075271492397,0.349930534775057,HC50,range,final,60402,NTSC,8,3,1000000.0,,False,,,,,
10.420953668641923,97.60800384455092,True,5.62217197975717,5,0,0,1.04375,0.8487499999999994,2.140879380291679,0.560005182390266,-2.4106918521740934,-7.534809891359571,-80.59090963434863,116.37462704378873,0.975,0.8487499999999993,506,1,2,16.971907764151982,0.37560016272685176,PLL96-board-fixed,range,final,60402,NTSC,8,3,1000000.0,,False,,,,,
11.324563294951574,92.82065507543494,True,6.213741882848086,4,0,1,1.04375,0.6899999999999995,1.598876364041335,3.9830386813312257,3.0144540395930344,-6.565153549012252,-63.637238236166425,117.06501432008662,0.975,0.6899999999999995,506,1,2,18.008631563046645,0.3615061602129392,RNG-e8b8a23c51cf,range,final,60402,NTSC,8,3,1000000.0,,False,,,,,
11.136479779468054,93.73343920820209,True,1.3645244711244646,145,4,0,2.025,2.025,3.099240926635043,4.917883918052946,1.6173235058175994,-4.868688839792715,-68.97950091691217,130.6727244509769,1.75,1.5212499999999998,506,4,2,22.56219792366515,0.5134074483211489,OVP56,range,final,60402,NTSC,10,3,1000000.0,,False,,,,,
12.13742411565101,95.46316718323182,True,1.7829886773821602,0,0,2,0.125,0.08624999999999998,0.2604723589987459,1.5429743284762496,2.18019579654326,-2.561217058862773,-60.374492833017314,114.99476531074389,0.125,0.08624999999999998,506,0,2,24.07898185590218,0.5190871838344867,RANGE32,range,final,60402,NTSC,10,3,1000000.0,,True,,,,,
-6.593785949853706,-82.53213284530173,False,605.2460057742039,506,12,53,2.025,2.025,1000000.0,84.21507306845496,23.162745814515688,-156.29505802040333,-69.17854984046214,81.8207135924177,1000000.0,1000000.0,506,506,2,-6.6391924270898715,-0.33080841549611073,PLL96-rejected-board,range,final,60402,NTSC,10,3,1000000.0,,False,,,,,
9.387767182015867,94.77206101326796,True,6.046657253730804,431,12,0,2.025,2.025,3.5829817656992526,15.12939975004749,-1.2001561639023401,-2.4452650860471405,-55.17424414543589,122.92032971140303,1.8649999999999998,1000000.0,506,36,2,13.28701439722009,0.32597143185321953,PLL96-IQ-corrected,range,final,60402,NTSC,10,3,1000000.0,,False,,,,,
15.488217481720998,95.71427899730783,True,0.0030105338579690336,0,0,2,0.11875,0.036249999999999984,1.0464313296475714,2.2561637414628493,1.8268971199687833,-1.6871958739914392,-61.18091823127472,126.99990281818238,0.11875,0.036249999999999984,506,0,2,26.85140616389427,0.7278208336734052,floating-PLL-IQ40,range,final,60402,NTSC,10,3,1000000.0,,False,,,,,
4.201898787791482,44.41626426442901,True,95.25705443346268,506,12,0,2.025,2.025,1000000.0,49.21660554825043,27.164315838881638,-25.83334811846929,-20.29378701367149,94.76972838065178,1000000.0,1000000.0,506,506,2,4.4830730367499205,0.40858816130372,HC50,range,final,60402,NTSC,10,3,1000000.0,,False,,,,,
11.176600632259737,98.36840441594136,True,4.246358006665322,4,0,0,1.125,0.9699999999999999,2.184581006350365,1.5302177322053812,-2.222859784014912,-5.932803988685159,-79.41133376233205,115.8034952940048,1.025,0.97,506,1,2,17.61759658356804,0.4146016709563222,PLL96-board-fixed,range,final,60402,NTSC,10,3,1000000.0,,False,,,,,
11.788113694532862,93.38372783993181,True,5.494976924257979,1,0,2,0.51875,0.33374999999999994,0.9814971388971883,3.6273797126332163,2.559612767937848,-6.4004256851371935,-63.5992845032107,112.21524903579494,0.4849999999999966,0.33374999999999994,506,1,2,18.416584444483203,0.38517114354492,RNG-e8b8a23c51cf,range,final,60402,NTSC,10,3,1000000.0,,False,,,,,
12.465496867555215,95.32159761818309,True,0.6916701538683855,27,1,0,2.025,1.6674999999999995,2.581084082658613,3.048460763864208,1.3912175826868107,-3.516692896812296,-67.61431718762502,129.57545461131616,1.5,1.1875,506,2,2,24.752361501672183,0.5763381659207046,OVP56,range,final,60402,NTSC,12,3,1000000.0,,False,,,,,
13.250510684964393,95.73067436320123,True,1.351729702228096,0,0,2,0.1,0.08624999999999998,0.07927537436201203,1.3195419367105057,2.1390530161560384,-2.3135770486553557,-52.511860956947416,110.86753309891651,0.1,0.08624999999999998,506,0,2,24.531296149475324,0.5788875485650745,RANGE32,range,final,60402,NTSC,12,3,1000000.0,,True,,,,,
-6.594427578638377,-82.33810394016103,False,605.7404859603753,506,12,52,2.025,2.025,1000000.0,83.57393608043954,23.19611250683297,-156.27550205900218,-69.18865442506063,78.04349055089949,1000000.0,1000000.0,506,506,2,-6.641402844406911,-0.3356816313355714,PLL96-rejected-board,range,final,60402,NTSC,12,3,1000000.0,,False,,,,,
9.283075584405967,95.51361647376748,True,6.112888998606123,437,12,0,2.025,2.025,3.618235818017202,15.675691764366029,-1.3134808048213737,-2.1616639683190524,-54.971978923240876,123.12280666051956,1.7799999999999998,1000000.0,506,33,2,12.793253676599932,0.3331511704169187,PLL96-IQ-corrected,range,final,60402,NTSC,12,3,1000000.0,,False,,,,,
17.00441543239903,95.98953765927372,True,0.0,0,0,2,0.025,0.036249999999999984,0.3150185075182907,1.9581009067099209,1.7869057969666404,-1.4625953983963569,-59.68175721623531,122.7214934178435,0.025,0.036249999999999984,506,0,2,27.59197617363329,0.7902595577950967,floating-PLL-IQ40,range,final,60402,NTSC,12,3,1000000.0,,True,,,,,
4.261429271844462,44.47169127380017,True,94.8273007252376,506,12,0,2.025,2.025,1000000.0,49.11832426646222,27.12755258366539,-25.77498392273252,-12.928588551520846,91.51459553573224,1000000.0,1000000.0,506,506,2,4.493195374375113,0.4589156712897689,HC50,range,final,60402,NTSC,12,3,1000000.0,,False,,,,,
11.550168609653927,98.666001301273,True,4.007020564956783,4,0,0,0.975,0.3837499999999999,2.024613853301434,2.6371867917114433,-2.0820468617306673,-4.693514418905714,-61.00094167206273,112.26995009243444,0.975,0.3837499999999999,506,2,2,17.779522097040502,0.43788452730389854,PLL96-board-fixed,range,final,60402,NTSC,12,3,1000000.0,,False,,,,,
12.023558457246528,93.9334498757293,True,5.300797490418976,0,0,2,0.325,0.23374999999999996,0.43707277276862283,3.231147539125638,2.172111432364969,-6.183967061592974,-55.43760435316706,112.38920904691832,0.325,0.23374999999999996,506,0,2,18.591495890783655,0.3975622029758326,RNG-e8b8a23c51cf,range,final,60402,NTSC,12,3,1000000.0,,True,,,,,
13.538967030328223,96.30052967652323,True,0.5426487278989183,0,0,0,0.96875,0.7787499999999998,1.9874414252934176,1.794645583772308,1.2374483386873585,-2.6434241536654657,-66.87473251182529,127.0766097571866,0.96875,0.7787499999999998,506,0,2,26.2743620317579,0.627026131535775,OVP56,range,final,60402,NTSC,14,3,1000000.0,,False,,,,,
14.13536514817666,95.75053713553814,True,1.2109872443680438,0,0,2,0.075,0.075,0.04388214092874365,1.3099929971114117,2.087861329156685,-2.416953654089833,-52.65119469479036,110.39120482062496,0.075,0.075,506,0,2,24.753121149147482,0.6270445715093064,RANGE32,range,final,60402,NTSC,14,3,1000000.0,,True,,,,,
-6.595039394853883,-82.24856007243885,False,606.3817296721228,506,12,51,2.025,2.025,1000000.0,83.33389721310562,23.07941882502157,-156.2234739196034,-69.98955794227678,78.04927825581588,1000000.0,1000000.0,506,506,2,-6.6427262600734345,-0.3410222716054818,PLL96-rejected-board,range,final,60402,NTSC,14,3,1000000.0,,False,,,,,
9.18322987057264,96.11081753885851,True,6.237073520247345,454,11,0,2.025,2.025,3.6393796359565713,15.980681892627207,-1.2800205210723397,-1.9883098746029264,-55.11888452263221,122.88282688842027,1.8,0.15,506,29,2,12.409811420262296,0.34109984130134147,PLL96-IQ-corrected,range,final,60402,NTSC,14,3,1000000.0,,False,,,,,
18.31679335450971,96.13315682194249,True,0.0,0,0,2,0.025,0.025,0.025921742975604102,1.8085192362771054,1.7566149716288504,-1.3499015503666654,-56.510405445249944,118.80823407130147,0.025,0.025,506,0,2,28.051541108020096,0.8378671897174177,floating-PLL-IQ40,range,final,60402,NTSC,14,3,1000000.0,,True,,,,,
4.295144050848788,44.48272188234828,True,94.82429019137965,506,12,0,2.025,2.025,1000000.0,49.05388105455468,27.108985288734495,-25.755267234917977,-6.720116102872062,88.61106521095452,1000000.0,1000000.0,506,506,2,4.496991179922592,0.49878194589891917,HC50,range,final,60402,NTSC,14,3,1000000.0,,False,,,,,
11.791232833449094,98.55360680621378,True,3.9174571826822056,6,0,1,1.125,0.7924999999999999,2.0347201896083895,3.6554606001983543,-1.7716222844314287,-3.8394570050666217,-61.053456913544835,112.31128440069033,1.025,0.7924999999999999,506,1,2,17.838593180434803,0.45405194186450637,PLL96-board-fixed,range,final,60402,NTSC,14,3,1000000.0,,False,,,,,
12.165550852166326,94.23664904969046,True,5.244349980582056,0,0,2,0.3,0.23374999999999996,0.133004576580298,3.0337707122127737,1.9193802968998421,-6.055200211930265,-51.95602407696681,106.87552246406527,0.3,0.23374999999999996,506,0,2,18.67668373991227,0.4055277862793627,RNG-e8b8a23c51cf,range,final,60402,NTSC,14,3,1000000.0,,True,,,,,
14.964036590418742,97.17853327028504,True,0.4267431743671105,0,0,2,0.05,0.05,0.45576429965273124,0.6530312907338098,1.1213015408135285,-1.7753934606021886,-63.12911226290581,125.20263276835935,0.05,0.05,506,0,2,27.586603113749796,0.6934498676261264,OVP56,range,final,60402,NTSC,18,3,1000000.0,,True,,,,,
15.293530379905977,95.64163637818169,True,1.045407882179747,0,0,2,0.075,0.075,0.03943461592061376,1.3670254021964003,1.9848475219626256,-2.841930049228097,-50.057134152120234,107.93131125017827,0.075,0.075,506,0,2,24.992711367036378,0.6902804508301547,RANGE32,range,final,60402,NTSC,18,3,1000000.0,,True,,,,,
-6.599697589167884,-82.29321291555335,False,607.961507314092,506,12,51,2.025,2.025,1000000.0,83.56037792434135,22.901216569663703,-156.14129741960954,-70.13599475968888,77.49250121095038,1000000.0,1000000.0,506,506,2,-6.647960193851609,-0.3456102047547,PLL96-rejected-board,range,final,60402,NTSC,18,3,1000000.0,,False,,,,,
9.032591833064453,97.20066153211351,True,6.393621280861735,476,12,0,2.025,2.025,3.6504337641801783,15.564793621928063,-1.1121630572537942,-1.7896494080042342,-55.12684575464162,117.12127068337422,1.85,1000000.0,506,44,2,11.99381674460378,0.3474725053578051,PLL96-IQ-corrected,range,final,60402,NTSC,18,3,1000000.0,,False,,,,,
20.22906438739017,96.27115487060783,True,0.0,0,0,2,0.025,0.025,0.02191994958304695,1.6706122815946143,1.7156537011443354,-1.2462276423002063,-50.86916192152454,115.75766552175263,0.025,0.025,506,0,2,28.53702601323704,0.895548947258975,floating-PLL-IQ40,range,final,60402,NTSC,18,3,1000000.0,,True,,,,,
4.327072545511971,44.47731254708606,True,94.82579545830862,506,12,0,2.025,2.025,1000000.0,48.9771598895303,27.10164549392769,-25.734751098652133,-0.4216309307425732,87.23943033213563,1000000.0,1000000.0,506,506,2,4.499351972297079,0.549878420166876,HC50,range,final,60402,NTSC,18,3,1000000.0,,False,,,,,
11.966170972142447,97.86750445669298,True,3.7789726252156295,24,1,0,1.9125,1.6674999999999995,2.422369118714756,5.009301925810308,-1.2060781714414133,-3.0521292644804685,-59.99598765430504,111.9295312864944,1.4724999999999995,1.125,506,2,2,17.67612897626084,0.4705454059617708,PLL96-board-fixed,range,final,60402,NTSC,18,3,1000000.0,,False,,,,,
12.267159443793647,94.52670027861389,True,5.260907916800886,0,0,2,0.275,0.21999999999999992,0.10561087125141148,2.8331207074817346,1.6533872642182066,-5.982982406097175,-52.0958797943345,106.16404887209153,0.275,0.21999999999999992,506,0,2,18.661810077063123,0.411074356480546,RNG-e8b8a23c51cf,range,final,60402,NTSC,18,3,1000000.0,,True,,,,,
15.656139080042312,97.47018184054247,True,0.38835886767800537,0,0,2,0.05,0.036249999999999984,0.022749495064543733,0.2900391227990018,1.05002806078909,-1.481979765780783,-60.9469906879521,124.01823045767905,0.05,0.036249999999999984,506,0,2,27.957838061744976,0.7246693424847663,OVP56,range,final,60402,NTSC,22,3,1000000.0,,True,0.8791296485247851,-48.389624415317584,11.20227793673538,22.29987779227315,11.63304651614135
15.848146931730513,95.61692928777153,True,0.9490707987247378,0,0,2,0.075,0.061249999999999985,0.03772167680771589,1.348023837849628,1.923034151533631,-3.0623918086170994,-48.89062812925829,106.66107390509508,0.075,0.061249999999999985,506,0,2,25.120794793548328,0.7197652294403307,RANGE32,range,final,60402,NTSC,22,3,1000000.0,,True,0.8445924104180458,-49.53309825736439,10.84945969944357,20.182485383592375,11.564929793990785
-6.607636812268196,-82.5523839966636,False,608.9143412801392,506,12,51,2.025,2.025,1000000.0,84.25040600546224,22.72191198493607,-156.1782869016963,-67.65369896257431,75.68263832485844,1000000.0,1000000.0,506,506,2,-6.655315709385362,-0.3495421709865358,PLL96-rejected-board,range,final,60402,NTSC,22,3,1000000.0,contrast;waveform;detail_floor;sync;h_jitter_us;v_jitter_us;h_width_rmse_us;sync_error_ire;black_error_ire;white_error_ire,False,0.43663196945123733,84.1255377016391,38.34545797160606,30.445631851309987,29.4085673005289
8.964560254414701,98.05565998126886,True,6.433510854479825,493,12,0,2.025,2.025,3.669285195532482,14.786844464376827,-1.0620658026840784,-1.706103692693014,-48.74659138165427,112.05842670320187,1.89,1000000.0,506,93,2,11.820981981664955,0.35253716535024965,PLL96-IQ-corrected,range,final,60402,NTSC,22,3,1000000.0,waveform;sync;h_jitter_us;v_jitter_us;h_width_rmse_us,False,0.49780068431033253,-94.36711936421258,39.164153404454154,29.98998326021809,17.907997833186137
21.24459110621823,96.31979387994784,True,0.0,0,0,2,0.025,0.025,0.020613131391682124,1.6442413829981215,1.7065026740781974,-1.1891286509190313,-47.76806844316959,114.2806706390197,0.025,0.025,506,0,2,28.729244061988272,0.9205002258937505,floating-PLL-IQ40,range,final,60402,NTSC,22,3,1000000.0,,True,0.5888777939257479,5.050796890483824,7.803213008309727,17.86526445412445,6.312299960459843
4.339216699211398,44.475530007292896,True,94.72494257406666,506,12,0,2.025,2.025,1000000.0,48.94291415897799,27.110833889591472,-25.698645964603543,1.0901438821567666,84.2361626872083,1000000.0,1000000.0,506,506,2,4.500071211091562,0.5742052597410968,HC50,range,final,60402,NTSC,22,3,1000000.0,contrast;waveform;sync;h_jitter_us;v_jitter_us;h_width_rmse_us;sync_error_ire;black_error_ire;white_error_ire,False,0.43298678695106396,80.6024609461785,9.795530078702697,20.129398978425417,30.83652099639458
11.979576464866309,97.29694491811979,True,3.701451378372927,0,0,2,0.275,0.38749999999999984,0.1120737423102085,5.573290616008654,-0.8156184693354857,-2.827847957375529,-58.172940972959566,111.50486042953263,0.275,0.38749999999999984,506,0,2,17.391314409719783,0.4781151760749204,PLL96-board-fixed,range,final,60402,NTSC,22,3,1000000.0,,True,0.5951758710951387,-88.46881499230022,37.22546923194164,23.647211836102322,16.539632019059265
12.310563182928362,94.64468421958163,True,5.2571447494784245,0,0,2,0.275,0.2,0.10005556756518105,2.7316135554802603,1.5417221876384402,-5.938724127050867,-50.16727510820469,106.14817379091762,0.275,0.2,506,0,2,18.68927734115657,0.4131507858353966,RNG-e8b8a23c51cf,range,final,60402,NTSC,22,3,1000000.0,,True,0.25360891323169854,-68.05795763930143,37.8386763413675,89.2058043832931,14.132755285780876
16.10699194220201,97.55912900927254,True,0.33567452516354723,0,0,2,0.05,0.025,0.020613131391682124,0.13530345509420388,1.05655983867567,-1.393138676129615,-56.350428322579944,123.94259269483997,0.05,0.025,506,0,2,28.109030950609473,0.7442980817179412,OVP56,range,final,60402,NTSC,30,3,1000000.0,,True,0.8757658212646118,-48.263068236647655,10.623367468281469,22.122801455767636,11.461854418121199
16.2143785110875,95.68065602617564,True,0.8497231814117597,0,0,2,0.05,0.05,0.0376397265114627,1.2372127208564094,1.8488256404322556,-3.146817174113063,-43.15753260881618,103.54301966011256,0.05,0.05,506,0,2,25.265385873917154,0.7384764731907582,RANGE32,range,final,60402,NTSC,30,3,1000000.0,,True,0.8466185621842064,-49.27072222320057,9.67197467473634,20.302305715205335,11.377166776125842
-6.616533635254397,-82.88717263994303,False,609.7098748521075,506,12,51,2.025,2.025,1000000.0,85.01459731263765,22.679146211552432,-156.23512189697294,-67.70544280485306,68.24124729169672,1000000.0,1000000.0,506,506,2,-6.664061408903894,-0.3494412768481879,PLL96-rejected-board,range,final,60402,NTSC,30,3,1000000.0,contrast;waveform;detail_floor;sync;h_jitter_us;v_jitter_us;h_width_rmse_us;sync_error_ire;black_error_ire;white_error_ire,False,0.4412478578552909,84.61744326403672,38.09013710892865,36.51918039635523,29.44737140858074
8.91029270849271,98.79514233831699,True,6.442542456053732,506,12,0,2.025,2.025,1000000.0,13.967750622328293,-1.0872095430551725,-1.6865927362554718,-45.5900322396449,107.0034108447198,1000000.0,1000000.0,506,506,2,11.70420154387042,0.35372562253625006,PLL96-IQ-corrected,range,final,60402,NTSC,30,3,1000000.0,waveform;sync;h_jitter_us;v_jitter_us;h_width_rmse_us,False,0.5069701336948417,-93.97992894000053,39.91992818777083,32.351835474633575,17.875385710117826
21.971464474048506,96.35330625017961,True,0.0,0,0,2,0.025,0.025,0.019567962038493456,1.6342783691869696,1.701698496737462,-1.139766827423085,-45.329811903281175,111.95056054628971,0.025,0.025,506,0,2,28.86677745946127,0.9360378641227297,floating-PLL-IQ40,range,final,60402,NTSC,30,3,1000000.0,,True,0.5867308976942182,4.974143811427598,7.214168014306887,18.208079357930544,6.191047162900632
4.347275069295321,44.48590172195026,True,94.71892150635072,506,12,0,2.025,2.025,1000000.0,48.92247060557052,27.115624446601014,-25.654062117420327,1.8527849488082353,84.19878715397967,1000000.0,1000000.0,506,506,2,4.501546703443843,0.5899911461785453,HC50,range,final,60402,NTSC,30,3,1000000.0,contrast;waveform;sync;h_jitter_us;v_jitter_us;h_width_rmse_us;sync_error_ire;black_error_ire;white_error_ire,False,0.4355264946622186,80.68694119628718,8.66864148422731,19.419839018782323,30.832100602007454
11.906882439634078,96.8856685087753,True,3.6164037968853013,0,0,2,0.25,0.075,0.08713574662514202,5.681834328542671,-0.6663228120142284,-2.7682027121851496,-57.49924050857015,111.33002169907301,0.25,0.075,506,0,2,16.94934730704227,0.4830491147005979,PLL96-board-fixed,range,final,60402,NTSC,30,3,1000000.0,,True,0.5975873171368524,-88.60071163114583,35.15782669039808,17.66850540620569,16.54678476148388
12.349395378326664,94.71497926106653,True,5.158549765629939,0,0,2,0.275,0.2312499999999999,0.09871331309310909,2.6592552899320983,1.4954863069231021,-5.890717352950224,-49.58916230031838,106.22819815596198,0.275,0.2312499999999999,506,0,2,18.7220116543042,0.41600933215522146,RNG-e8b8a23c51cf,range,final,60402,NTSC,30,3,1000000.0,,True,0.24971363869695828,-67.48805433934331,36.75330631984086,98.39553441568617,14.079592837615433
