sinad,contrast,polarity_ok,large_errors,h_missing,v_missing,v_trains,h_jitter_us,v_jitter_us,h_width_rmse_us,sync_error_ire,black_error_ire,white_error_ire,raw_min,raw_max,h_jitter_matched_us,v_jitter_matched_us,h_expected,max_h_gap,expected_v_trains,luma_sinad,detail_corr,model,profile,stage,seed,standard,cnr,rms,cfo_hz,quality_failures,usable,burst_gain,burst_phase_deg,burst_phase_jitter_deg,burst_amplitude_jitter_pct,burst_rmse_ire
5.039759253900992,80.72866001420917,True,65.31179422835633,606,8,0,2.025,2.025,3.6314382481325493,16.95775143950133,5.133787459063005,-13.856605567010877,-82.76175447668118,143.6953318037393,1.73375,1000000.0,610,231,2,12.409845740109628,0.2516571848055664,OVP56,range,selection,60301,PAL,4,3,1000000.0,,False,,,,,
5.833025504827516,88.67397062097209,True,39.50125470514429,90,2,0,2.025,2.025,2.7915848390227262,9.062259753460314,1.7394182823508568,-11.830956353445885,-69.91593005300896,131.39699042846019,1.75,1.6625,610,3,2,13.898680891566105,0.25208113521916137,RANGE32,range,selection,60301,PAL,4,3,1000000.0,,False,,,,,
-6.807606101588429,-84.3720241224483,False,614.702634880803,610,8,37,2.025,2.025,1000000.0,88.85441031360213,21.171257283496047,-156.88269406256862,-75.36548393107903,134.94091337910845,1000000.0,1000000.0,610,610,2,-6.823080321550091,-0.24686143169348082,PLL96-rejected-board,range,selection,60301,PAL,4,3,1000000.0,,False,,,,,
7.901356455433959,92.9722859902546,True,18.27038895859473,440,5,0,2.025,2.025,3.4339112282540754,10.963547456062742,0.19499616641485285,-4.099435380255926,-73.6226352915917,134.83861908363735,1.877499999999999,1.0675,610,16,2,13.05927588651383,0.2387931193970945,PLL96-IQ-corrected,range,selection,60301,PAL,4,3,1000000.0,,False,,,,,
10.109715243278558,95.96352102323608,True,2.3450439146800504,148,1,0,2.025,1.9637499999999999,3.115686771554798,2.57454980527844,1.242760306285721,-2.407870533724251,-74.80951788018963,135.82628579468013,1.6987499999999998,1.7599999999999998,610,4,2,23.49779746950442,0.4642096971219778,floating-PLL-IQ40,range,selection,60301,PAL,4,3,1000000.0,,False,,,,,
3.2581272412401336,42.64580006944196,True,122.7465495608532,610,8,0,2.025,2.025,1000000.0,49.33805475201551,27.09086805045258,-28.97773852015207,-70.80592969403517,125.71677081026967,1000000.0,1000000.0,610,610,2,4.270911775470122,0.17726493396887932,HC50,range,selection,60301,PAL,4,3,1000000.0,,False,,,,,
5.744978652457636,90.98826859987402,True,41.77164366373902,82,0,0,2.025,1.16625,2.858389101850159,3.3448198883052584,-1.8720590457924222,-14.643714759583995,-82.26212767212901,128.38466740540002,1.6412499999999994,1.16625,610,4,2,10.877780172167501,0.21288862897924749,PLL96-board-fixed,range,selection,60301,PAL,4,3,1000000.0,,False,,,,,
6.283767109804791,94.77223377435706,True,31.050188205771644,69,1,0,2.025,1.8237499999999995,2.836150152841692,5.286183379920492,1.2261411951942711,-3.5524420352833785,-67.01970290213174,135.8051310108366,1.6,1.4049999999999998,610,2,2,16.268364067683475,0.2909640070787153,RNG-e504a0548d41,range,selection,60301,PAL,4,3,1000000.0,,False,,,,,
6.628299394356075,93.04911364622545,True,28.33124215809285,74,1,0,2.025,1.8237499999999995,2.8430576695370484,5.582916375484844,1.4508341600499246,-6.056882123503284,-66.24199135077707,130.28043974078213,1.58125,1.42,610,3,2,16.396218309222178,0.2950061170019351,RNG-15cd905107cc,range,selection,60301,PAL,4,3,1000000.0,,False,,,,,
6.578591363509119,93.12138765672825,True,29.073400250941027,75,1,0,2.025,1.8237499999999995,2.818639353258646,5.306067995510528,1.4191797958026935,-6.1077786944212935,-68.46587222967456,129.91407570793763,1.582499999999999,1.4049999999999998,610,2,2,16.35477924509774,0.29433171801897884,RNG-8afac84026c3,range,selection,60301,PAL,4,3,1000000.0,,False,,,,,
6.7313609119278075,92.48083181148107,True,26.777289836888333,75,1,0,2.025,1.8237499999999995,2.8532120365009055,6.043949721243398,1.5871699607900607,-6.520145862022297,-65.83738396270074,128.8923578581601,1.625,1.42,610,3,2,16.263330934611734,0.2949923274268515,RNG-8586d0870834,range,selection,60301,PAL,4,3,1000000.0,,False,,,,,
6.683542016222159,92.39761882302174,True,27.388331242158095,75,1,0,2.025,1.8237499999999995,2.824720025825403,6.062542460708514,1.6068758585826244,-6.6133315974904505,-65.82662715837101,129.5496317358884,1.6,1.4125,610,2,2,16.198169139682392,0.29423928605770516,RNG-92d7e07b5941,range,selection,60301,PAL,4,3,1000000.0,,False,,,,,
6.7333703115917745,91.80919092731158,True,28.958594730238396,75,1,0,2.025,1.8237499999999995,2.8367397289352483,5.215576588235991,1.3254218055161944,-8.506205879090919,-70.07211330164154,129.8877740800409,1.625,1.4125,610,2,2,16.145610835564526,0.29487488205083473,RNG-50b085555750,range,selection,60301,PAL,4,3,1000000.0,,False,,,,,
6.7104667267703775,92.77893393128657,True,26.88770388958595,83,2,0,2.025,2.025,2.831003385864805,7.363883287360158,2.0957178920274577,-5.047456140268443,-74.28224026155523,135.65011122163457,1.725,1.125,610,3,2,14.531452055964348,0.21998798875635878,RNG-2d4e6e2e69ad,range,selection,60301,PAL,4,3,1000000.0,,False,,,,,
7.539006029117045,90.24171444769641,True,21.845043914680048,79,3,0,2.025,2.025,2.747284440769359,6.5964041140400544,3.020195820174849,-8.974276861465727,-69.18487120739918,127.05296929481575,1.6875,1.2849999999999997,610,3,2,14.779703497218328,0.23377405791120537,RNG-6204a3b51ba0,range,selection,60301,PAL,4,3,1000000.0,,False,,,,,
6.808098017227197,91.9869787990215,True,30.47302383939774,59,1,0,2.025,1.8237499999999995,2.7712137558443164,7.175461221955524,1.3481649499764754,-7.255991646600462,-65.16100012390407,138.22162273404007,1.65,1.3674999999999997,610,3,2,17.019364144060404,0.2796272698353239,RNG-42cd73748119,range,selection,60301,PAL,4,3,1000000.0,,False,,,,,
5.3396295438375985,90.34869041618447,True,53.5552070263488,131,3,0,2.025,2.025,3.0280277812891465,9.591644239410986,1.635525661813028,-7.512407344683882,-69.01505386507009,138.18503040050422,1.7274999999999991,1.1,610,3,2,15.28898295013132,0.2540922210199923,RNG-f98a1b258cfe,range,selection,60301,PAL,4,3,1000000.0,,False,,,,,
5.484061702677696,94.71881104199117,True,52.78920953575909,77,1,0,2.025,2.01625,2.9401008904081185,7.747128478361619,1.8106184956930245,-2.08858806889972,-66.84600437394002,136.1751249164534,1.675,1.8274999999999995,610,3,2,16.973404300041913,0.28183906223044297,RNG-b7ff76f3093b,range,selection,60301,PAL,4,3,1000000.0,,False,,,,,
7.529455573335745,88.84282068072184,True,28.944165621079048,84,1,0,2.025,1.9462499999999998,2.746068309364466,6.331691295781866,6.401459046881911,-8.610822101300732,-73.31369129363293,121.74896934814835,1.7,1.6424999999999996,610,3,2,11.492648655717808,0.24367976695711915,RNG-e8b8a23c51cf,range,selection,60301,PAL,4,3,1000000.0,,False,,,,,
7.586682296076589,83.96141762928859,True,29.664366373902133,139,3,0,2.025,2.025,2.9991665508937646,6.905664980263567,5.774360255932471,-16.51080115745843,-80.85044430017116,121.25147359075517,1.825,1.2349999999999999,610,5,2,13.004463138172495,0.226454017246155,RNG-535412e9c323,range,selection,60301,PAL,4,3,1000000.0,,False,,,,,
5.682972910160164,93.10670716147413,True,39.89711417816813,123,1,0,2.025,1.7099999999999995,2.9594567474870126,8.608134103519747,1.674795078569558,-3.96673992958407,-73.69102259501084,144.74086649532035,1.6674999999999998,1.1099999999999999,610,5,2,15.464512216380445,0.24809249552687626,RNG-d891ea49ebc0,range,selection,60301,PAL,4,3,1000000.0,,False,,,,,
5.8391187305551195,93.41852999235485,True,45.67063989962359,258,4,0,2.025,2.025,3.190279536769039,4.168793203635184,0.765398554196671,-7.871931602120036,-77.63471386256828,139.6616871862907,1.8,1.7487499999999994,610,7,2,16.259011884343572,0.27242835295873286,RNG-0c37665f1c6e,range,selection,60301,PAL,4,3,1000000.0,,False,,,,,
4.825847810560097,93.75582383291585,True,61.34253450439147,76,2,0,2.025,2.025,2.706525397712798,7.765026688587123,1.0189596910863203,-4.487889604515254,-77.08204933127011,149.88336536105635,1.658749999999999,1.01875,610,3,2,15.311498863450424,0.2495040158256537,RNG-d57bb5da8c11,range,selection,60301,PAL,4,3,1000000.0,,False,,,,,
7.412175268606422,87.88838134708125,True,22.81116687578419,557,6,0,2.025,2.025,3.51166015945047,10.940311340250663,2.8401550452691153,-9.229433751312097,-82.71065263148951,139.17010633830412,1.775,1.025,610,43,2,16.53034510915222,0.33833297339918134,OVP56,range,selection,60301,PAL,6,3,1000000.0,,False,,,,,
8.51584961732412,93.80449383313331,True,12.857590966122961,4,0,1,1.175,1.7112499999999995,2.05587432116422,3.59766985448272,1.726143665860149,-5.4742634421013445,-67.52231897458518,128.27175283660935,1.15,1.7112499999999997,610,1,2,19.052167146211143,0.3454693395958759,RANGE32,range,selection,60301,PAL,6,3,1000000.0,,False,,,,,
-6.7679913136156244,-84.10360338659468,False,610.5865746549562,610,8,51,2.025,2.025,1000000.0,86.7912365610143,22.08099558217649,-157.18147734351876,-73.02888832071424,130.43984594534237,1000000.0,1000000.0,610,610,2,-6.802913798235728,-0.3027149876823598,PLL96-rejected-board,range,selection,60301,PAL,6,3,1000000.0,,False,,,,,
9.165094489282724,94.14110066337679,True,8.09284818067754,488,5,0,2.025,2.025,3.4809441730751116,12.32657186770703,-0.5729667762771858,-2.8465163299687775,-73.18744405884202,132.7068236058144,1.9,1.0675,610,24,2,14.242759474392251,0.29776810389040764,PLL96-IQ-corrected,range,selection,60301,PAL,6,3,1000000.0,,False,,,,,
11.994469208838808,96.03694356507789,True,0.2973651191969887,23,0,0,1.7912499999999967,1.1274999999999995,2.715216954320402,2.279149853588482,1.4120869671542244,-1.901628537459796,-71.0924022601745,130.53317010751815,1.3924999999999983,1.1274999999999995,610,2,2,25.821576461725773,0.5579624161298679,floating-PLL-IQ40,range,selection,60301,PAL,6,3,1000000.0,,False,,,,,
3.9290150046959655,44.32588870690854,True,100.24968632371392,610,8,0,2.025,2.025,1000000.0,49.0499659987505,27.057296421288832,-26.440002626242958,-61.87867903969433,124.08475607450188,1000000.0,1000000.0,610,610,2,4.519045055329776,0.26119642446063657,HC50,range,selection,60301,PAL,6,3,1000000.0,,False,,,,,
8.690233406350686,95.83930839997389,True,13.33814303638645,18,0,0,1.6024999999999978,1.1324999999999998,2.2954151110626144,0.5833087457458183,-2.397227507729464,-10.012015886580306,-81.30869812956715,122.50372447848596,1.2362499999999983,1.1324999999999998,610,1,2,14.7617285083732,0.3087533238904482,PLL96-board-fixed,range,selection,60301,PAL,6,3,1000000.0,,False,,,,,
8.812648003981888,97.30262301119097,True,8.769761606022586,4,0,0,1.3137499999999989,0.6837499999999997,2.436979825176407,1.3875057729461728,1.0595128246300467,-1.476863201623186,-65.24563790578446,133.7448144069937,1.2875,0.6837499999999997,610,1,2,22.200369608774082,0.3837647761495262,RNG-e504a0548d41,range,selection,60301,PAL,6,3,1000000.0,,False,,,,,
9.010156366683557,95.7114003923816,True,8.072145545796737,6,0,0,1.4274999999999978,0.6837499999999997,2.4107300579392246,2.0427450782306913,1.2906781082047707,-3.7123780415706493,-63.94794522446072,128.1498827479612,1.3,0.6837499999999997,610,1,2,21.848789776967493,0.38482962357366,RNG-15cd905107cc,range,selection,60301,PAL,6,3,1000000.0,,False,,,,,
8.982326560116864,95.80997109567754,True,8.255332496863238,7,0,0,1.4,0.6837499999999997,2.3970452807453624,1.7266637158799323,1.2806701300359493,-3.729735894103557,-65.5043212137621,128.0385194544927,1.2949999999999988,0.6837499999999997,610,1,2,21.839259027033343,0.3848578315123403,RNG-8afac84026c3,range,selection,60301,PAL,6,3,1000000.0,,False,,,,,
9.1034162600417,95.15942237154653,True,7.5865746549560855,7,0,0,1.5,0.6837499999999997,2.4517611786795763,2.444110850417366,1.4569120641959887,-4.158764769286139,-62.80037571169263,127.28558109560552,1.3474999999999995,0.6837499999999997,610,1,2,21.544049494722234,0.38450164641146484,RNG-8586d0870834,range,selection,60301,PAL,6,3,1000000.0,,False,,,,,
9.075959116327896,95.13378629317205,True,7.756587202007529,5,0,0,1.3774999999999977,0.6837499999999997,2.4273184793100393,2.4225659803113473,1.46487363473086,-4.20416604398052,-63.72512579380146,127.28558109560552,1.3,0.6837499999999997,610,1,2,21.521281891454052,0.3843469139231091,RNG-92d7e07b5941,range,selection,60301,PAL,6,3,1000000.0,,False,,,,,
9.033007582684741,94.78906039074977,True,8.4297365119197,7,0,0,1.4274999999999978,0.6749999999999997,2.4286717172388874,1.9029335192918713,1.1401953652568124,-5.750931533815287,-66.04998503372568,127.92041964896327,1.3,0.6749999999999997,610,1,2,21.062757235562593,0.3835783045349277,RNG-50b085555750,range,selection,60301,PAL,6,3,1000000.0,,False,,,,,
8.359265407106808,95.06478570114925,True,12.557089084065245,11,1,0,1.475,1.6049999999999993,2.304883398163969,3.686141608740361,2.079110845532908,-2.8187876067953828,-72.48172167175373,131.5717288301029,1.3025000000000007,0.6149999999999995,610,1,2,18.84947260433886,0.2727684289901279,RNG-2d4e6e2e69ad,range,selection,60301,PAL,6,3,1000000.0,,False,,,,,
9.09277118105062,92.57594724566921,True,10.348808030112924,13,1,0,1.488749999999999,1.7099999999999995,2.189220488760488,3.7228864505829735,2.7894413425402096,-6.679302446474478,-67.43149278601823,123.01709999402507,1.225,1.0424999999999998,610,1,2,18.2635437170562,0.2872995582546678,RNG-6204a3b51ba0,range,selection,60301,PAL,6,3,1000000.0,,False,,,,,
8.752938854416932,94.33625507705358,True,10.222082810539524,2,0,1,1.0637499999999989,0.9674999999999998,1.969195855947028,3.3548613042897926,1.3600478356584544,-5.500920731245107,-64.6074658850188,135.63664171967824,1.05,0.9674999999999997,610,1,2,21.27527737484239,0.3591962555796152,RNG-42cd73748119,range,selection,60301,PAL,6,3,1000000.0,,False,,,,,
7.570091381624713,94.30117342531457,True,20.19196988707654,18,2,0,1.7274999999999978,2.025,2.4796490086464016,3.6344978251834394,1.0093736887332094,-5.013462951368465,-65.8469017756764,134.00665005455028,1.425,1.78125,610,2,2,20.49083924005259,0.33530531602031566,RNG-f98a1b258cfe,range,selection,60301,PAL,6,3,1000000.0,,False,,,,,
7.442945913189156,96.67596895542594,True,21.302383939774153,20,0,0,1.725,0.5937499999999998,2.607665931473871,3.682571491098745,1.6981717150901379,-1.2393400356473998,-64.8093783820411,133.75140172270224,1.4,0.5937499999999998,610,2,2,22.58383750261602,0.3578587963814214,RNG-b7ff76f3093b,range,selection,60301,PAL,6,3,1000000.0,,False,,,,,
10.07988640981913,91.96029031600794,True,10.533249686323714,14,1,0,1.538749999999999,1.7712499999999995,2.2671982069796064,4.538465079853505,4.0322468880225095,-6.909001778012392,-67.60366144461729,118.3829997798515,1.425,1.2325,610,1,2,15.766213383750646,0.3227722627544139,RNG-e8b8a23c51cf,range,selection,60301,PAL,6,3,1000000.0,,False,,,,,
9.149257814956261,87.20285529181851,True,15.9228356336261,55,2,0,2.025,2.025,2.6517183787801377,4.520484440067673,4.7613157398684205,-13.870586527811827,-66.99570939202677,120.44210719247408,1.582499999999999,1.48125,610,3,2,15.214741489516266,0.2889594433041823,RNG-535412e9c323,range,selection,60301,PAL,6,3,1000000.0,,False,,,,,
7.917340564500117,96.04135818585094,True,14.122961104140527,18,0,0,1.7637499999999988,1.125,2.3986757766357085,3.6002715284048725,1.363153853944211,-2.142193329875262,-70.01848471290975,143.88622950695333,1.425,1.125,610,1,2,20.990655125796497,0.32155329199519567,RNG-d891ea49ebc0,range,selection,60301,PAL,6,3,1000000.0,,False,,,,,
8.006014629556198,97.79811173579544,True,15.712045169385194,60,0,0,2.025,1.99125,2.8643778080540856,-0.7941142451394629,0.2644522658636449,-4.4348746685738245,-75.41529020188867,132.2361749449057,1.55,1.9912500000000002,610,2,2,20.995594829304437,0.35615265147626085,RNG-0c37665f1c6e,range,selection,60301,PAL,6,3,1000000.0,,False,,,,,
7.2681325170619555,97.62927620653282,True,22.51568381430364,2,0,1,1.075,0.9862499999999998,1.883608254804005,1.8645256947221864,0.35275954899328726,-2.3274676455174528,-73.71649607352516,147.19360724731345,1.05,0.9862499999999998,610,1,2,21.302809855197463,0.3364505686956203,RNG-d57bb5da8c11,range,selection,60301,PAL,6,3,1000000.0,,False,,,,,
9.45236061821104,91.53445092673788,True,5.631116687578419,393,5,0,2.025,2.025,3.3682788511871813,7.410550386199587,2.0648769340273696,-6.580171408442652,-75.97932699068282,132.4123086716126,1.825,0.9524999999999999,610,9,2,19.955546657177415,0.4234439733582246,OVP56,range,selection,60301,PAL,8,3,1000000.0,,False,,,,,
10.630392826349022,95.09722743894153,True,3.8908406524466748,0,0,2,0.3524999999999977,0.06624999999999999,1.0543834147244073,2.0680974012303945,2.140280628965928,-3.1019498187362995,-63.74248226536038,123.60688502723244,0.3524999999999977,0.06624999999999999,610,0,2,22.76730921937199,0.43410763295690213,RANGE32,range,selection,60301,PAL,8,3,1000000.0,,False,,,,,
-6.713754134602535,-83.30397215785135,False,608.1329987452948,610,8,58,2.025,2.025,1000000.0,85.4311042414037,22.821402843092773,-156.6240881637784,-71.32215794144149,127.2480656353907,1000000.0,1000000.0,610,610,2,-6.755442341534158,-0.33429917396634096,PLL96-rejected-board,range,selection,60301,PAL,8,3,1000000.0,,False,,,,,
9.470038976262067,94.562541248248,True,6.126725219573401,522,5,0,2.025,2.025,3.564796907067268,14.02855338542835,-0.9254047756464011,-2.602559421459849,-68.25079187808824,127.04938330639382,1.9324999999999997,1.125,610,22,2,13.80431010167015,0.3282846948528033,PLL96-IQ-corrected,range,selection,60301,PAL,8,3,1000000.0,,False,,,,,
13.760108342852996,95.70760609642026,True,0.028858218318695106,3,0,1,0.913749999999999,0.42374999999999974,1.989933221417283,2.4274825113981153,1.7706865718792246,-1.7633055335692587,-64.74421303286034,125.92320243272374,0.875,0.42374999999999974,610,1,2,26.36307373806408,0.6428220016294258,floating-PLL-IQ40,range,selection,60301,PAL,8,3,1000000.0,,False,,,,,
4.159776317319704,44.479391493746085,True,92.01254705144291,610,8,0,2.025,2.025,1000000.0,49.22803125972059,27.17554659549852,-25.82552058955074,-50.55205994014746,107.10464757023064,1000000.0,1000000.0,610,610,2,4.5411276144800645,0.33857615568818994,HC50,range,selection,60301,PAL,8,3,1000000.0,,False,,,,,
10.481578122865844,97.77954074288802,True,5.454203262233375,8,0,0,1.225,0.9262499999999996,2.162508521673913,0.6127047992149338,-2.2633888096394283,-7.366869520468382,-78.26703240844901,117.7224459826538,1.075,0.9262499999999996,610,2,2,17.006692138102725,0.3824501086740847,PLL96-board-fixed,range,selection,60301,PAL,8,3,1000000.0,,False,,,,,
10.53374938561112,97.23578525732479,True,2.396486825595985,2,0,0,0.975,0.8724999999999997,2.1095166862746195,0.9943160230730876,1.338633426095067,-1.2158120887556194,-62.87631217268098,129.61333008290515,0.95,0.8724999999999996,610,1,2,25.629542456760092,0.4548009635624446,RNG-e504a0548d41,range,selection,60301,PAL,8,3,1000000.0,,False,,,,,
10.652865272095438,95.85203434079675,True,2.3074027603513176,2,0,0,0.9887499999999989,0.8724999999999997,2.0816485512183545,1.7003677918491178,1.5684748758412819,-3.195766777571469,-62.74873686762972,124.23050666634515,0.975,0.8724999999999996,610,1,2,24.61339726061626,0.45481651914262455,RNG-15cd905107cc,range,selection,60301,PAL,8,3,1000000.0,,False,,,,,
10.639004530323472,95.9230562823698,True,2.3393977415307403,2,0,0,0.975,0.8724999999999997,2.080795795625343,1.4509563943771964,1.563368306107549,-3.2059276129341585,-62.457814579921475,124.62098296128681,0.9662499999999994,0.8724999999999996,610,1,2,24.628275746901863,0.4553078023691018,RNG-8afac84026c3,range,selection,60301,PAL,8,3,1000000.0,,False,,,,,
10.723898379977934,95.32996911379533,True,2.259723964868256,2,0,0,0.9887499999999989,0.8724999999999997,2.1128335438177754,2.052831588953916,1.7619854990343111,-3.5949493165066593,-61.825249050371156,122.51836786409521,0.975,0.8724999999999996,610,1,2,24.079329364826926,0.45391149232699646,RNG-8586d0870834,range,selection,60301,PAL,8,3,1000000.0,,False,,,,,
10.70865967046612,95.31540063150892,True,2.2710163111668757,2,0,0,0.975,0.8724999999999997,2.106117001501379,2.06177763377841,1.7554571790448212,-3.61266850691394,-60.90504580838877,124.89329417501565,0.9662499999999994,0.8724999999999996,610,1,2,24.096687904084668,0.4542493674708559,RNG-92d7e07b5941,range,selection,60301,PAL,8,3,1000000.0,,False,,,,,
10.655974066035016,95.22305398954309,True,2.446047678795483,2,0,0,0.975,0.8724999999999997,2.1573969584926087,1.6811463723445565,1.343582631682294,-4.880873298673012,-61.26127495651222,122.51262870220586,0.9662499999999994,0.8724999999999996,610,1,2,23.536990963060063,0.45432811533869877,RNG-50b085555750,range,selection,60301,PAL,8,3,1000000.0,,False,,,,,
9.171620271554689,95.23280004887668,True,7.881430363864492,0,0,1,0.925,0.7662499999999994,1.5699505970090843,3.1546589297541128,2.341519354779864,-2.3355348869910126,-67.43706130346692,129.93446740626493,0.925,0.7662499999999994,610,0,2,20.89434176841746,0.30513149866679934,RNG-2d4e6e2e69ad,range,selection,60301,PAL,8,3,1000000.0,,False,,,,,
9.918959198672194,93.07679228011612,True,6.714554579673777,0,0,1,0.925,0.7662499999999994,1.5338239073272149,3.180304822162382,2.876818699426001,-5.973597897848469,-62.60186284328287,122.11608628390101,0.925,0.7662499999999994,610,0,2,19.8886768673199,0.32349598926987494,RNG-6204a3b51ba0,range,selection,60301,PAL,8,3,1000000.0,,False,,,,,
10.2737951302854,94.57522953326263,True,3.183186951066499,0,0,2,0.538749999999999,0.05,1.2555960801123276,2.678836445572457,1.7760621665323908,-5.088593002444482,-59.19881291959496,126.11555844755492,0.5387499999999988,0.05,610,0,2,23.151723726149534,0.42961615403622194,RNG-42cd73748119,range,selection,60301,PAL,8,3,1000000.0,,False,,,,,
9.31613027685957,95.25415095258036,True,6.357590966122961,3,0,0,0.9,0.05,1.8178701760400133,2.068457291471109,1.0130617758673475,-4.381437407608936,-61.563724404987965,128.21733346366804,0.8924999999999983,0.05,610,1,2,23.722636846274344,0.4103922150861439,RNG-f98a1b258cfe,range,selection,60301,PAL,8,3,1000000.0,,False,,,,,
8.961805631374146,96.57361077797061,True,7.388958594730238,5,0,0,1.15,0.24499999999999983,2.3616969753348513,3.1996471539981575,1.9735294200902915,-1.3388906964349772,-62.18918059598004,131.67192299482537,1.1,0.24499999999999983,610,1,2,25.27052679158274,0.42492993956624087,RNG-b7ff76f3093b,range,selection,60301,PAL,8,3,1000000.0,,False,,,,,
11.30393439020353,92.87612518269486,True,6.053324968632371,3,0,1,1.113749999999999,0.9399999999999994,1.7113672313851809,4.117764697729239,3.175628427298981,-6.54641708898751,-62.62226312031277,113.93034429437171,1.0424999999999982,0.9399999999999995,610,1,2,17.647042150077983,0.37235444729864925,RNG-e8b8a23c51cf,range,selection,60301,PAL,8,3,1000000.0,,False,,,,,
10.227370956264046,88.77550964241574,True,10.15495608531995,13,0,0,1.5637499999999989,1.3375,2.2631569074204045,3.9222768136597823,4.133417489035531,-12.559599341808212,-70.08722232187107,120.01197675208647,1.2849999999999966,1.3375,610,2,2,16.439070263500454,0.3437836279714018,RNG-535412e9c323,range,selection,60301,PAL,8,3,1000000.0,,False,,,,,
9.419792608599364,96.2688292395641,True,5.254077791718946,2,0,0,1.0,0.18874999999999992,1.726344167845816,2.759271244490289,1.6190563379261822,-1.8542801206605473,-69.43378707338553,137.1937458663232,0.9912499999999994,0.18874999999999992,610,1,2,24.538635470203893,0.37945149652535576,RNG-d891ea49ebc0,range,selection,60301,PAL,8,3,1000000.0,,False,,,,,
9.719973454857337,99.20555487400026,True,4.640526976160602,8,0,0,1.1887499999999989,0.5687499999999998,2.2580214158164478,-2.4788551631427196,0.5128408988886595,-2.941307639913509,-70.02545097811773,132.70753761206387,1.0737499999999982,0.5687499999999999,610,1,2,23.75305282993049,0.4304257973429001,RNG-0c37665f1c6e,range,selection,60301,PAL,8,3,1000000.0,,False,,,,,
9.177322857077195,98.30652956867016,True,6.580928481806776,0,0,2,0.5,0.05,1.0533664806813205,0.8212687418094791,0.6070891511569892,-1.598711313181973,-67.22929493129645,140.7204019437183,0.5,0.05,610,0,2,25.66348272587181,0.4143026604311461,RNG-d57bb5da8c11,range,selection,60301,PAL,8,3,1000000.0,,False,,,,,
11.057977692591525,93.71390680198157,True,1.462358845671267,163,0,0,2.025,1.3924999999999998,3.1042679179619297,4.939153891149381,1.72744766141738,-4.774061052105541,-67.78967410004152,130.71334782699338,1.85,1.3924999999999996,610,4,2,22.594688392623027,0.49654282899904656,OVP56,range,selection,60301,PAL,10,3,1000000.0,,False,,,,,
12.084378301459042,95.44011155403096,True,1.8174404015056462,0,0,2,0.1,0.05,0.3899006809222146,1.5949297047849746,2.2782027041151856,-2.467578366679843,-54.01960788712187,115.5025670110102,0.1,0.05,610,0,2,24.01546864862716,0.5059943073946982,RANGE32,range,selection,60301,PAL,10,3,1000000.0,,True,,,,,
-6.69240897615013,-82.79664317010914,False,607.7233375156839,610,8,60,2.025,2.025,1000000.0,84.41485149887623,23.104783733200687,-156.30443485620015,-69.45502587154108,82.17304397542978,1000000.0,1000000.0,610,610,2,-6.736720953979221,-0.34724164100815064,PLL96-rejected-board,range,selection,60301,PAL,10,3,1000000.0,,False,,,,,
9.44372824367947,95.15512394217492,True,5.960476787954831,525,6,0,2.025,2.025,3.5982583613873693,15.100290122735297,-1.1296930691672553,-2.371646206783035,-61.694586169495636,122.90044830851409,1.85,1.56625,610,25,2,13.201889863909397,0.3451936988839067,PLL96-IQ-corrected,range,selection,60301,PAL,10,3,1000000.0,,False,,,,,
15.376365632001388,95.72982616813844,True,0.0025094102885821834,0,0,2,0.55,0.025,1.1646909989137977,2.291361995139947,1.8767784438364035,-1.611260207893405,-60.26010714842351,124.63608824229021,0.55,0.025,610,0,2,26.84931233881477,0.7173587495019406,floating-PLL-IQ40,range,selection,60301,PAL,10,3,1000000.0,,False,,,,,
4.247698096353838,44.42371654664725,True,89.53136762860728,610,8,0,2.025,2.025,1000000.0,49.250793034707876,27.1822899953411,-25.773473850344093,-31.93249547123129,98.00737134319402,1000000.0,1000000.0,610,610,2,4.5381000036328105,0.39619283103505537,HC50,range,selection,60301,PAL,10,3,1000000.0,,False,,,,,
11.200212004680893,98.57073100603782,True,4.262233375156838,6,0,0,1.3024999999999978,0.29874999999999996,2.179165769735463,1.5491923266413623,-2.1584702767676154,-5.804607552725628,-66.30281908072651,112.33917577713527,1.0962500000000006,0.29874999999999996,610,1,2,17.534715693129854,0.41995887991431335,PLL96-board-fixed,range,selection,60301,PAL,10,3,1000000.0,,False,,,,,
11.655964566474179,97.20476815586018,True,1.230865746549561,1,0,2,0.788749999999999,0.24499999999999983,1.7142181072465146,0.8830717841252022,1.378639041002846,-1.1473934659978444,-54.356159785486305,128.33949644243168,0.7650000000000006,0.24499999999999983,610,1,2,26.40748504368421,0.5063212674686012,RNG-e504a0548d41,range,selection,60301,PAL,10,3,1000000.0,,False,,,,,
11.76207797096067,95.96516549843727,True,1.2202007528230865,1,0,2,0.75,0.24499999999999983,1.68102761987568,1.581907008929185,1.5975612764185907,-2.9774985517785613,-54.19930525507071,126.13686575195109,0.75,0.24499999999999983,610,1,2,25.34283727554311,0.5075589234976529,RNG-15cd905107cc,range,selection,60301,PAL,10,3,1000000.0,,False,,,,,
11.753710948415046,96.01015827224153,True,1.2158092848180677,1,0,2,0.75,0.24499999999999983,1.6787229170366111,1.391981057656302,1.590669307077032,-2.989540249641017,-54.19930525657177,127.05563440005821,0.75,0.24499999999999983,610,1,2,25.365799357089756,0.508086450780777,RNG-8afac84026c3,range,selection,60301,PAL,10,3,1000000.0,,False,,,,,
11.80924110202157,95.46997898132825,True,1.267879548306148,1,0,2,0.7774999999999977,0.24499999999999983,1.7158846282519302,1.906335101383518,1.8117659922222609,-3.3283166131328814,-52.58717988084259,123.25815041048668,0.75,0.24499999999999983,610,1,2,24.74686927738549,0.5059507857156658,RNG-8586d0870834,range,selection,60301,PAL,10,3,1000000.0,,False,,,,,
11.800843477086042,95.46265216106855,True,1.2452948557089083,1,0,2,0.75,0.24499999999999983,1.6994526671302417,1.9329852362787359,1.7936366917771926,-3.323345786485384,-53.350028230194376,123.25815041048668,0.75,0.24499999999999983,610,1,2,24.79632835731012,0.5065032443693839,RNG-92d7e07b5941,range,selection,60301,PAL,10,3,1000000.0,,False,,,,,
11.788679182562781,95.54780988963537,True,1.2672521957340026,1,0,2,0.788749999999999,0.24499999999999983,1.7423101041947102,1.6172535655213371,1.3027991714406524,-4.42850494127218,-55.27583687758917,124.76003611258119,0.775,0.24499999999999983,610,1,2,24.447169334927374,0.5091254515794679,RNG-50b085555750,range,selection,60301,PAL,10,3,1000000.0,,False,,,,,
9.56531839510128,95.40283698611151,True,6.438519447929737,0,0,2,0.425,0.24749999999999991,0.881381297625085,2.902415817364722,2.3807346895829515,-2.0580223853295903,-67.37436969971911,124.158363422603,0.425,0.24749999999999991,610,0,2,21.75099582736502,0.3227002942330756,RNG-2d4e6e2e69ad,range,selection,60301,PAL,10,3,1000000.0,,False,,,,,
10.35749471590955,93.48871774756962,True,5.644918444165621,0,0,2,0.325,0.13249999999999998,0.8581993635169998,2.8719130009778064,2.79676386029808,-5.514456783509082,-62.542306703902625,120.20363090250603,0.325,0.13249999999999998,610,0,2,20.65540961901633,0.34402859794774393,RNG-6204a3b51ba0,range,selection,60301,PAL,10,3,1000000.0,,False,,,,,
11.426651392019679,94.61803661040858,True,1.4033877038895861,0,0,2,0.16374999999999884,0.05,0.8010891663597857,2.648024410326829,1.9947268993799192,-4.86209248669954,-54.527458770960536,121.23537813401092,0.16374999999999887,0.05,610,0,2,23.700877941167203,0.48852374217574185,RNG-42cd73748119,range,selection,60301,PAL,10,3,1000000.0,,False,,,,,
10.629620589097414,95.67746166213284,True,2.133626097867001,0,0,2,0.5774999999999977,0.05,1.3587712174282598,1.8130815612620097,0.8666440054204264,-4.118775851495831,-56.11493272167573,127.17175975625932,0.5774999999999977,0.05,610,0,2,24.889195700194936,0.4728967368782641,RNG-f98a1b258cfe,range,selection,60301,PAL,10,3,1000000.0,,False,,,,,
10.167599944743266,96.56118108264329,True,2.4573400250941027,6,0,1,1.05,0.24499999999999983,1.9996584973340485,3.1071487991766094,2.0505330702277687,-1.3432591210577978,-54.23749384549204,130.3363184219565,1.0212500000000007,0.24499999999999983,610,1,2,26.19198190437615,0.48280462559914633,RNG-b7ff76f3093b,range,selection,60301,PAL,10,3,1000000.0,,False,,,,,
11.854182434722906,93.48977938590312,True,5.210790464240904,0,0,2,0.425,0.9312499999999994,1.1159444283713749,3.7236394169913902,2.6815276050728647,-6.232580471119718,-58.8983971046459,113.25242806386066,0.425,0.9312499999999992,610,0,2,18.384751720877745,0.3972595450001538,RNG-e8b8a23c51cf,range,selection,60301,PAL,10,3,1000000.0,,False,,,,,
10.978936938977204,90.05612970337819,True,7.589084065244667,2,0,1,1.0637499999999989,0.23999999999999996,1.805183451732232,3.3867942160917544,3.307009995143644,-11.664623210619348,-60.62645031560896,120.25569179549035,1.05,0.23999999999999994,610,1,2,17.355338803628374,0.3845047921888829,RNG-535412e9c323,range,selection,60301,PAL,10,3,1000000.0,,False,,,,,
10.327289710361331,96.22426209901938,True,2.8538268506900875,0,0,2,0.5,0.075,1.1762336565300697,2.7597688395517697,1.7244356558062828,-1.7828595074512301,-62.413681810195484,131.73488735699,0.5,0.075,610,0,2,25.325491033854224,0.41894094017717215,RNG-d891ea49ebc0,range,selection,60301,PAL,10,3,1000000.0,,False,,,,,
10.982243325025077,99.92122532045782,True,1.8224592220828104,3,0,2,0.775,0.23749999999999988,1.6121006203752195,-3.1982677012366283,0.5613900767025463,-2.14088202332274,-66.64332466438144,131.99343493876086,0.75,0.23749999999999988,610,1,2,24.65623782984691,0.49180827146121514,RNG-0c37665f1c6e,range,selection,60301,PAL,10,3,1000000.0,,False,,,,,
10.615085385865349,98.4762876367778,True,2.0796737766624847,0,0,2,0.1,0.05,0.44690878153868646,0.8112657261959918,1.0009507484730205,-1.0819332087517592,-62.953377257910276,138.27542697419358,0.1,0.05,610,0,2,27.10722203750596,0.48077454277935416,RNG-d57bb5da8c11,range,selection,60301,PAL,10,3,1000000.0,,True,,,,,
12.368318075142499,95.31509090411535,True,0.7440401505646173,33,0,0,2.025,1.02125,2.65833113752628,3.0793392353620517,1.4411980369423343,-3.400851366494532,-68.00118707968161,129.25694217051472,1.4799999999999982,1.0212499999999998,610,2,2,24.801435352216107,0.558862691919291,OVP56,range,selection,60301,PAL,12,3,1000000.0,,False,,,,,
13.189096954058467,95.71170411488775,True,1.3845671267252195,0,0,2,0.1,0.06624999999999999,0.19895474812951483,1.357558067693972,2.211141593547679,-2.22881803302123,-54.15710540156624,113.42403096528352,0.1,0.06624999999999999,610,0,2,24.49071933784964,0.5655106549120921,RANGE32,range,selection,60301,PAL,12,3,1000000.0,,True,,,,,
-6.694803276459641,-82.64179744210479,False,608.2120451693852,610,8,61,2.025,2.025,1000000.0,83.75886426777575,23.153213973513136,-156.3069219401798,-69.78167538749679,82.19612146733371,1000000.0,1000000.0,610,610,2,-6.740498044220597,-0.35532670622858226,PLL96-rejected-board,range,selection,60301,PAL,12,3,1000000.0,,False,,,,,
9.34230791204982,95.94680882604904,True,6.001882057716437,529,6,0,2.025,2.025,3.623776932878079,15.59807669731343,-1.265203866685015,-2.0675674918531355,-54.96134231998468,123.06316599473854,1.85,1.565,610,34,2,12.704035886738376,0.356366536992889,PLL96-IQ-corrected,range,selection,60301,PAL,12,3,1000000.0,,False,,,,,
16.86698593498081,96.03073996516098,True,0.0,0,0,2,0.05,0.025,0.4166144776058792,1.969591888587356,1.821700411695012,-1.373030769012004,-57.627127617005655,122.35155315089025,0.05,0.025,610,0,2,27.628055398565017,0.7801901061918832,floating-PLL-IQ40,range,selection,60301,PAL,12,3,1000000.0,,True,,,,,
4.308425768700245,44.48571995288439,True,89.01003764115433,610,8,0,2.025,2.025,1000000.0,49.14585987423773,27.14208082049992,-25.707349461961023,-8.84840026225526,91.80061152476807,1000000.0,1000000.0,610,610,2,4.549410816648444,0.4446686568836663,HC50,range,selection,60301,PAL,12,3,1000000.0,,False,,,,,
11.571856349403033,98.9192306630414,True,4.047678795483061,6,0,1,1.025,0.29874999999999996,1.986227413401684,2.621362847968373,-2.036483414746982,-4.5635882752073655,-61.2218323068492,112.24155127521661,0.975,0.29874999999999996,610,1,2,17.65469136057967,0.44325653976202944,PLL96-board-fixed,range,selection,60301,PAL,12,3,1000000.0,,False,,,,,
12.4345532759598,97.51825632593096,True,0.9542032622333751,0,0,2,0.4774999999999977,0.06624999999999999,1.3437286025745858,0.5908253387930912,1.2250989481739867,-0.9104180324605364,-53.015615006628195,125.66993325269556,0.4774999999999977,0.06624999999999999,610,0,2,26.864826828605388,0.544245979447526,RNG-e504a0548d41,range,selection,60301,PAL,12,3,1000000.0,,False,,,,,
12.552671647279986,96.3640651144787,True,0.9604767879548306,0,0,2,0.3774999999999977,0.06624999999999999,1.32389452801629,1.2704196996444874,1.4348194565501895,-2.6618295299441836,-52.393637892472334,121.52120847840945,0.3774999999999977,0.06624999999999999,610,0,2,25.943343880188692,0.5469548749119533,RNG-15cd905107cc,range,selection,60301,PAL,12,3,1000000.0,,False,,,,,
12.545972603488343,96.39210673328859,True,0.946047678795483,0,0,2,0.3774999999999977,0.06624999999999999,1.3238709232064414,1.1281460856412482,1.4242101323173935,-2.676419353247093,-52.393637892472334,121.52120847840945,0.3774999999999977,0.06624999999999999,610,0,2,25.96385815597149,0.5474090631082839,RNG-8afac84026c3,range,selection,60301,PAL,12,3,1000000.0,,False,,,,,
12.5834811172461,95.8936475576702,True,1.0351317440401506,0,0,2,0.45,0.06624999999999999,1.3566551955718635,1.5921025795614807,1.6640037356980915,-2.967690775906899,-52.07339956982932,119.83033637321583,0.45,0.06624999999999999,610,0,2,25.33222886904531,0.5448187341283586,RNG-8586d0870834,range,selection,60301,PAL,12,3,1000000.0,,False,,,,,
12.5792747510189,95.88882733746804,True,1.0169385194479297,0,0,2,0.42749999999999777,0.06624999999999999,1.3521260581207584,1.6287999487516762,1.6360903225708845,-2.9498767166561626,-51.47219351187303,119.83033637321583,0.4274999999999977,0.06624999999999999,610,0,2,25.40396109393843,0.5454944104508925,RNG-92d7e07b5941,range,selection,60301,PAL,12,3,1000000.0,,False,,,,,
12.625391015802464,96.10527983484201,True,0.9705144291091593,0,0,2,0.4774999999999977,0.06624999999999999,1.4074399792111802,1.338255426643965,1.0667969910578972,-3.9481577901954616,-53.658484570201495,119.54049081188248,0.4774999999999977,0.06624999999999999,610,0,2,25.22273630919824,0.551332223160088,RNG-50b085555750,range,selection,60301,PAL,12,3,1000000.0,,False,,,,,
9.77970583237106,95.78134991133402,True,5.942910915934755,0,0,2,0.225,0.13249999999999998,0.4565865870515798,2.5725034502503603,2.2713856049038603,-1.7360139207259275,-60.57837465293342,124.38414411865372,0.225,0.13249999999999998,610,0,2,22.27895784171832,0.3333732960660164,RNG-2d4e6e2e69ad,range,selection,60301,PAL,12,3,1000000.0,,True,,,,,
10.626686622247465,94.03660910134012,True,5.2691342534504395,0,0,2,0.175,0.15,0.3990806545705504,2.4912111890106208,2.625834144950925,-5.032866214465473,-56.58332534252394,120.26599195728105,0.175,0.15,610,0,2,21.24439038991747,0.35787955797555726,RNG-6204a3b51ba0,range,selection,60301,PAL,12,3,1000000.0,,True,,,,,
12.375706933549452,94.87919828237831,True,0.8456712672521958,0,0,2,0.1,0.09124999999999998,0.5981700235294145,2.5193053411981974,2.0618517973889814,-4.514373273263535,-50.39152071465695,125.0218347936293,0.1,0.09124999999999998,610,0,2,24.250035148582803,0.5405091309904252,RNG-42cd73748119,range,selection,60301,PAL,12,3,1000000.0,,False,,,,,
11.68283968270474,96.18639471978926,True,1.0420326223337517,0,0,2,0.17749999999999772,0.05,0.9401827734759788,1.6572638683819683,0.6428195008212777,-3.810000070397107,-54.23068822456351,127.40613846194867,0.17749999999999772,0.05,610,0,2,25.805615759177456,0.5253126727720624,RNG-f98a1b258cfe,range,selection,60301,PAL,12,3,1000000.0,,False,,,,,
11.179112080786782,96.8244592250207,True,0.8801756587202008,0,0,1,0.8387499999999989,0.06624999999999999,1.6058263538404531,2.851352084835663,1.9944348593787466,-1.163455022763562,-53.4843762750468,130.04341525210805,0.8387499999999989,0.06624999999999999,610,0,2,26.990004441484494,0.5330036694788207,RNG-b7ff76f3093b,range,selection,60301,PAL,12,3,1000000.0,,False,,,,,
12.084743710530878,94.06851799803756,True,5.159974905897115,0,0,2,0.325,0.29749999999999993,0.5786634897988895,3.2938082796245842,2.2568517050918495,-6.01736012410126,-54.743296660241796,113.7992915456951,0.325,0.29749999999999993,610,0,2,18.540649377273187,0.40939806277835916,RNG-e8b8a23c51cf,range,selection,60301,PAL,12,3,1000000.0,,False,,,,,
11.582048581814945,91.30546856440775,True,6.133626097867001,0,0,1,0.663749999999999,0.23999999999999996,1.4228902991020385,2.849377383377731,2.532914799945727,-10.82151267662974,-59.34936012926153,120.47033713709979,0.6637499999999988,0.23999999999999994,610,0,2,18.164832753010394,0.42209855270967256,RNG-535412e9c323,range,selection,60301,PAL,12,3,1000000.0,,False,,,,,
10.948611877135546,96.43944170981702,True,2.097867001254705,0,0,2,0.125,0.075,0.8783215644009905,2.601926562304954,1.6938053439572378,-1.5892315123629335,-60.7501601817361,129.61542324802127,0.125,0.075,610,0,2,25.79329471770629,0.4481615867375067,RNG-d891ea49ebc0,range,selection,60301,PAL,12,3,1000000.0,,False,,,,,
11.978491864928944,100.65477503375364,True,1.070263488080301,0,0,2,0.175,0.04124999999999999,1.04877758663575,-3.7918059150669996,0.3601000660657748,-1.53081338766879,-66.56580676762003,127.44768149657807,0.175,0.04124999999999999,610,0,2,24.97599950169642,0.5438354711969879,RNG-0c37665f1c6e,range,selection,60301,PAL,12,3,1000000.0,,False,,,,,
11.776295548257366,98.66666461049576,True,0.9077791718946048,0,0,2,0.075,0.05,0.12283368737483362,0.8618837372111415,1.4440075407321558,-0.5985488005715014,-56.05323331465599,134.7588238234027,0.075,0.05,610,0,2,27.380958229869222,0.5387088398667909,RNG-d57bb5da8c11,range,selection,60301,PAL,12,3,1000000.0,,True,,,,,
13.433925233525855,96.31596329024903,True,0.5759096612296111,0,0,1,0.875,1.03875,1.956226660155116,1.821284331847045,1.277650678324849,-2.5037597512521246,-66.54189821422003,131.85377554226824,0.875,1.0387499999999998,610,0,2,26.345213718565894,0.6098913536061641,OVP56,range,selection,60301,PAL,14,3,1000000.0,,False,,,,,
14.06408179681211,95.77003087341382,True,1.2515683814303638,0,0,2,0.075,0.06624999999999999,0.09497626968500442,1.326189851310761,2.1433095144711722,-2.2784931396684778,-51.075021491793876,110.21975900469228,0.075,0.06624999999999999,610,0,2,24.75037538702127,0.6131307040619389,RANGE32,range,selection,60301,PAL,14,3,1000000.0,,True,,,,,
-6.694248105999124,-82.4836741443249,False,608.4372647427855,610,8,62,2.025,2.025,1000000.0,83.33824709641134,23.071964083566357,-156.26256488719042,-69.98908734202925,82.07781700574428,1000000.0,1000000.0,610,610,2,-6.740783145116537,-0.35959939158681825,PLL96-rejected-board,range,selection,60301,PAL,14,3,1000000.0,,False,,,,,
9.23783947545924,96.59110891297637,True,6.124215809284817,534,4,0,2.025,2.025,3.626410796249908,15.775938976913874,-1.2391208531944518,-1.8785600082353482,-54.990338469852375,122.91563229547289,1.8125,1.5325,610,34,2,12.351881820726163,0.3617449521407723,PLL96-IQ-corrected,range,selection,60301,PAL,14,3,1000000.0,,False,,,,,
18.158302637812465,96.20051832829861,True,0.0,0,0,2,0.025,0.025,0.15210948386595496,1.7894087502389724,1.780281397091981,-1.2437030028730671,-56.97660462465096,118.48487944424163,0.025,0.025,610,0,2,28.13667592858279,0.8283551662656193,floating-PLL-IQ40,range,selection,60301,PAL,14,3,1000000.0,,True,,,,,
4.344526056502439,44.50775939123152,True,89.04328732747804,610,8,0,2.025,2.025,1000000.0,49.071697323526216,27.119669341382103,-25.679977222981233,-3.963100225469958,89.67677414615703,1000000.0,1000000.0,610,610,2,4.554776487653472,0.48461720614111686,HC50,range,selection,60301,PAL,14,3,1000000.0,,False,,,,,
11.804748264374638,98.81742472171713,True,3.993099121706399,8,0,0,1.275,0.23749999999999988,2.11438942711641,3.6214637422352705,-1.7788526891965781,-3.730464794123236,-60.89265984842099,112.13670993952975,1.025,0.23749999999999988,610,1,2,17.703100264516976,0.4589029022490637,PLL96-board-fixed,range,selection,60301,PAL,14,3,1000000.0,,False,,,,,
12.956828144184193,97.77951041657953,True,0.8776662484316186,0,0,2,0.1,0.06624999999999999,0.8717874280305556,0.34226502861447317,1.074509772738886,-0.7837376699699173,-52.0141224782939,123.57150683246117,0.1,0.06624999999999999,610,0,2,27.143034439722854,0.5694371676490143,RNG-e504a0548d41,range,selection,60301,PAL,14,3,1000000.0,,False,,,,,
13.095818864480135,96.67892622688834,True,0.8845671267252195,0,0,2,0.1,0.06624999999999999,0.829224158426437,1.000012945889676,1.2701731187205303,-2.4869470577758257,-51.70683779708226,121.04133573112436,0.1,0.06624999999999999,610,0,2,26.345221960100748,0.5739018046205502,RNG-15cd905107cc,range,selection,60301,PAL,14,3,1000000.0,,False,,,,,
13.090589463708547,96.69740807774906,True,0.8626097867001254,0,0,2,0.1,0.06624999999999999,0.8291549618856973,0.8858108109171167,1.2543699491763287,-2.5078122502125213,-52.2115350574817,121.04133573098675,0.1,0.06624999999999999,610,0,2,26.370389929213648,0.5742803973954026,RNG-8afac84026c3,range,selection,60301,PAL,14,3,1000000.0,,False,,,,,
13.114178237897772,96.23647728983684,True,0.9698870765370138,0,0,2,0.1,0.06624999999999999,0.8627075659006909,1.3140889612793873,1.5039064867906051,-2.7627714992092236,-51.905470703228644,119.20918234681888,0.1,0.06624999999999999,610,0,2,25.75028623441101,0.5712710695319482,RNG-8586d0870834,range,selection,60301,PAL,14,3,1000000.0,,False,,,,,
13.111082517794674,96.23102340149384,True,0.9529485570890841,0,0,2,0.1,0.06624999999999999,0.8567463710237092,1.3579541546160248,1.468691536734223,-2.7346207270089637,-51.27694415599391,119.20918234681888,0.1,0.06624999999999999,610,0,2,25.83270296312587,0.5719036837777514,RNG-92d7e07b5941,range,selection,60301,PAL,14,3,1000000.0,,False,,,,,
13.22326721745959,96.53344428254722,True,0.8801756587202008,0,0,2,0.13874999999999887,0.06624999999999999,0.9029550757664853,1.075601561841471,0.8333878780435996,-3.666376732852916,-52.18208215818568,120.24608202970491,0.13874999999999887,0.06624999999999999,610,0,2,25.73327886886855,0.5813981633889346,RNG-50b085555750,range,selection,60301,PAL,14,3,1000000.0,,False,,,,,
9.90480098977307,96.00172408119136,True,5.734629861982434,0,0,2,0.15,0.13249999999999998,0.12318768168137913,2.3476918567033858,2.195948515000159,-1.5771576984399778,-59.16483198045702,124.29777080908615,0.15,0.13249999999999998,610,0,2,22.54990996064395,0.3387965223071112,RNG-2d4e6e2e69ad,range,selection,60301,PAL,14,3,1000000.0,,True,,,,,
10.778168304614077,94.37262483237168,True,5.187578419071518,0,0,2,0.15,0.15,0.069438615420207,2.234471070857591,2.5143294592748524,-4.733694814173511,-55.456970324143256,120.39654761505933,0.15,0.15,610,0,2,21.58436752551097,0.3640003518671727,RNG-6204a3b51ba0,range,selection,60301,PAL,14,3,1000000.0,,True,,,,,
13.13613764162282,95.03376759860257,True,0.6254705144291092,0,0,2,0.1,0.09124999999999998,0.4301281738059474,2.4387109081954117,2.1278942709885453,-4.246223246656767,-50.334330380794654,124.3868559658272,0.1,0.09124999999999998,610,0,2,24.642396087405892,0.5815890539550778,RNG-42cd73748119,range,selection,60301,PAL,14,3,1000000.0,,True,,,,,
12.542658667327311,96.48005480908112,True,0.6806775407779172,0,0,2,0.075,0.05,0.6123431548929589,1.6582469344380044,0.5124432733008574,-3.607751980685768,-52.88174726871605,125.83523193114623,0.075,0.05,610,0,2,26.459955643693714,0.5674513760166148,RNG-f98a1b258cfe,range,selection,60301,PAL,14,3,1000000.0,,False,,,,,
12.013506703267389,96.96974510286397,True,0.35382685069008785,0,0,1,0.575,0.06624999999999999,1.3369887562826508,2.689365640962339,1.9850573276284982,-1.0542355315168563,-50.831679850363045,129.1663672779227,0.575,0.06624999999999999,610,0,2,27.542813012258524,0.574077754636,RNG-b7ff76f3093b,range,selection,60301,PAL,14,3,1000000.0,,False,,,,,
12.206425024902144,94.37582757595662,True,5.1863237139272265,0,0,2,0.3,0.29749999999999993,0.2100082941375349,3.0829474988485965,1.9722930690298448,-5.924058091157657,-52.243054125472554,106.99587160782384,0.3,0.29749999999999993,610,0,2,18.558284133066554,0.4162033393428862,RNG-e8b8a23c51cf,range,selection,60301,PAL,14,3,1000000.0,,True,,,,,
12.004246079324314,92.14144172169887,True,5.303638644918444,1,0,2,0.375,0.23999999999999996,1.216381666914588,2.5347316104282873,1.915720320869979,-10.301754494850972,-59.53589107011584,120.60125354103972,0.375,0.23999999999999994,610,1,2,18.696710812509497,0.45005289780323204,RNG-535412e9c323,range,selection,60301,PAL,14,3,1000000.0,,False,,,,,
11.369764165713391,96.5447447722097,True,1.7816813048933502,0,0,2,0.1,0.075,0.679719385204623,2.512849526534428,1.696668979081788,-1.479248199976326,-60.3551332954889,129.72480792612282,0.1,0.075,610,0,2,26.071906808934287,0.46782890965483515,RNG-d891ea49ebc0,range,selection,60301,PAL,14,3,1000000.0,,False,,,,,
12.766368848373178,101.10946093478938,True,0.8099121706398996,0,0,2,0.075,0.04124999999999999,0.6796854684819837,-4.131613154610205,0.16747161392390314,-1.1927156587546903,-65.22777252170307,126.9989463068792,0.075,0.04124999999999999,610,0,2,25.135539140770042,0.5850540970982514,RNG-0c37665f1c6e,range,selection,60301,PAL,14,3,1000000.0,,False,,,,,
12.709788464756679,98.6688339581027,True,0.6047678795483061,0,0,2,0.075,0.05,0.03215293883006398,1.0694649427239178,1.7557980163893854,-0.32655791500204734,-54.11441480141267,132.7051625350822,0.075,0.05,610,0,2,27.268490966542572,0.5854299288841355,RNG-d57bb5da8c11,range,selection,60301,PAL,14,3,1000000.0,,True,,,,,
14.83645828744051,97.18633318036633,True,0.4604767879548306,0,0,2,0.05,0.025,0.5508767229920195,0.633678684527215,1.1689231265546056,-1.6578882384323415,-62.33099277694409,132.07437965560462,0.05,0.025,610,0,2,27.655776050298613,0.6764027528011097,OVP56,range,selection,60301,PAL,18,3,1000000.0,,False,,,,,
15.183059978929016,95.64736305263854,True,1.1041405269761606,0,0,2,0.075,0.05,0.041091660834820666,1.376494838482168,2.039738968920124,-2.7234019814146264,-51.01655308971086,108.77689732894332,0.075,0.05,610,0,2,24.975863910091228,0.6745792474248173,RANGE32,range,selection,60301,PAL,18,3,1000000.0,,True,,,,,
-6.699122348616814,-82.50394941619932,False,609.5144291091593,610,8,61,2.025,2.025,1000000.0,83.57094128091276,22.841870876999195,-156.20404338782282,-67.97551792255575,78.18097199959983,1000000.0,1000000.0,610,610,2,-6.746111226573765,-0.36352988963870553,PLL96-rejected-board,range,selection,60301,PAL,18,3,1000000.0,,False,,,,,
9.070335839479476,97.58942386845742,True,6.274153074027604,579,8,0,2.025,2.025,3.6703119099238735,15.547721486159746,-1.0863505667212487,-1.6898037906113843,-53.47183368825908,118.08805786632543,1.8,1000000.0,610,63,2,11.89728367324176,0.3687348376948263,PLL96-IQ-corrected,range,selection,60301,PAL,18,3,1000000.0,,False,,,,,
20.001248384120302,96.33961711845724,True,0.0,0,0,2,0.025,0.025,0.021160007127582547,1.6554758625640438,1.7360594229167767,-1.148662728117726,-51.413938545318814,116.00072811693052,0.025,0.025,610,0,2,28.64078559603756,0.8862260385484007,floating-PLL-IQ40,range,selection,60301,PAL,18,3,1000000.0,,True,,,,,
4.377800186892277,44.5013810367527,True,88.87390213299874,610,8,0,2.025,2.025,1000000.0,48.98925095554456,27.106100784830847,-25.663166697952143,-0.6841863675683157,88.49625572370566,1000000.0,1000000.0,610,610,2,4.557434843363543,0.5364299963028244,HC50,range,selection,60301,PAL,18,3,1000000.0,,False,,,,,
12.003238378366635,98.16103711855017,True,3.8500627352572145,25,0,0,1.825,0.7149999999999996,2.5139973532817597,4.996110329205328,-1.1620457967067175,-2.9400604408709676,-59.774904224165155,111.5897692949779,1.5149999999999977,0.7149999999999996,610,2,2,17.594483006597002,0.47545212200563486,PLL96-board-fixed,range,selection,60301,PAL,18,3,1000000.0,,False,,,,,
13.482072739747956,98.14708572185967,True,0.8406524466750314,0,0,2,0.075,0.06624999999999999,0.282155418746245,0.01733464817027234,0.7996788559150144,-0.7327734987766982,-51.72636115989957,122.20632613995205,0.075,0.06624999999999999,610,0,2,27.380505882782067,0.595515871607154,RNG-e504a0548d41,range,selection,60301,PAL,18,3,1000000.0,,True,,,,,
13.65975607603215,97.0820454183659,True,0.849435382685069,0,0,2,0.075,0.05,0.25329791958398273,0.6704894363514302,0.969331933912148,-2.38803335930069,-51.46457829008496,120.57474446046614,0.075,0.05,610,0,2,26.727549596806824,0.6026746419187141,RNG-15cd905107cc,range,selection,60301,PAL,18,3,1000000.0,,True,,,,,
13.65814164138515,97.09452725879633,True,0.8343789209535759,0,0,2,0.075,0.05,0.25329791958398273,0.5739147148712566,0.9460815052535084,-2.4171853861896917,-51.46421970607895,120.57474446046614,0.075,0.05,610,0,2,26.766075915847797,0.6030604479468805,RNG-8afac84026c3,range,selection,60301,PAL,18,3,1000000.0,,True,,,,,
13.664683384480675,96.6957560499392,True,0.939146800501882,0,0,2,0.075,0.05,0.28380284948719103,0.9517669995281905,1.225130465340038,-2.6313433958431287,-51.89340239175273,119.30986971823465,0.075,0.05,610,0,2,26.2004635375239,0.5993189345885027,RNG-8586d0870834,range,selection,60301,PAL,18,3,1000000.0,,True,,,,,
13.662672344766431,96.68488978681819,True,0.9203262233375157,0,0,2,0.075,0.05,0.28386963066364596,1.01434702325286,1.1725713460349096,-2.590724217879058,-51.26295354241889,119.30986971823457,0.075,0.05,610,0,2,26.288153263399824,0.5998893319738448,RNG-92d7e07b5941,range,selection,60301,PAL,18,3,1000000.0,,True,,,,,
13.885001303284712,97.04208876481279,True,0.8425345043914679,0,0,2,0.05,0.05,0.31449445511023233,0.7499450338922271,0.4657109210514098,-3.4496241529950966,-51.89261253822167,120.59307033098408,0.05,0.05,610,0,2,26.151272208132575,0.6156345214334239,RNG-50b085555750,range,selection,60301,PAL,18,3,1000000.0,,True,,,,,
10.050238325285914,96.20678800346305,True,5.496235884567127,0,0,2,0.15,0.15,0.05904811874961684,2.100182620933578,2.132759766930348,-1.431225316822672,-57.15501401792347,124.40663804108867,0.15,0.15,610,0,2,22.897900151772802,0.345177333994638,RNG-2d4e6e2e69ad,range,selection,60301,PAL,18,3,1000000.0,,True,,,,,
10.952012784505653,94.70316697610676,True,5.025094102885822,0,0,2,0.15,0.15,0.06530194684919495,1.953707918082385,2.421234596665039,-4.441433633094797,-55.33536710435696,120.50020921741101,0.15,0.15,610,0,2,22.00049474258137,0.3724389569827279,RNG-6204a3b51ba0,range,selection,60301,PAL,18,3,1000000.0,,True,,,,,
14.182073281398168,95.22643339609711,True,0.39962358845671264,0,0,2,0.1,0.06624999999999999,0.19613582613862762,2.345428374050856,2.193560277185222,-3.932896775189591,-47.5940125007858,125.07495191360984,0.1,0.06624999999999999,610,0,2,25.102988618022653,0.6383960115601032,RNG-42cd73748119,range,selection,60301,PAL,18,3,1000000.0,,True,,,,,
13.640946128606382,96.70576604196096,True,0.4874529485570891,0,0,2,0.075,0.05,0.27114095602248456,1.745558250329483,0.48744201041048263,-3.3896138145445684,-52.52466848283068,125.74080537988716,0.075,0.05,610,0,2,27.205372075824968,0.6202748972759339,RNG-f98a1b258cfe,range,selection,60301,PAL,18,3,1000000.0,,True,,,,,
13.135928868036475,97.07942512319138,True,0.14742785445420328,0,0,2,0.05,0.05,0.4928474059724476,2.5233838712985266,2.009553103977302,-0.9619073366712981,-50.21164279721057,130.0835305760952,0.05,0.05,610,0,2,28.140340802463072,0.6290170959832503,RNG-b7ff76f3093b,range,selection,60301,PAL,18,3,1000000.0,,True,,,,,
12.301861276212842,94.66422731382393,True,5.20577164366374,0,0,2,0.275,0.32375,0.10329112922729222,2.883931843572809,1.6771456569677066,-5.84709786157405,-52.11175140607156,106.25827765790218,0.275,0.32375,610,0,2,18.53672588239332,0.4215787467362497,RNG-e8b8a23c51cf,range,selection,60301,PAL,18,3,1000000.0,,True,,,,,
12.42724945045212,92.95992967464385,True,4.3324968632371395,0,0,2,0.225,0.175,0.9167956938502139,2.284149477448481,1.2822920805123006,-9.791723603358353,-58.871721989079894,120.39447542888955,0.225,0.175,610,0,2,19.27012122332968,0.4788994960085871,RNG-535412e9c323,range,selection,60301,PAL,18,3,1000000.0,,False,,,,,
11.741670200751635,96.60901935736385,True,1.5721455457967377,0,0,2,0.075,0.075,0.20294451313064873,2.4515714405662985,1.7215955541870491,-1.4000067191629273,-58.92396205510747,127.01831158153296,0.075,0.075,610,0,2,26.31437816453071,0.4857413981356765,RNG-d891ea49ebc0,range,selection,60301,PAL,18,3,1000000.0,,True,,,,,
13.800972591545593,101.53131288744322,True,0.5834378920953576,0,0,2,0.05,0.04124999999999999,0.2020666786557121,-4.413678421716865,-0.06770918489715282,-0.947880494380545,-62.35569137317649,127.46819745128279,0.05,0.04124999999999999,610,0,2,25.27546458775699,0.639281982218111,RNG-0c37665f1c6e,range,selection,60301,PAL,18,3,1000000.0,,True,,,,,
14.079932633917702,98.60449253223162,True,0.3688833124215809,0,0,2,0.075,0.05,0.028468417934127133,1.4532453324506178,1.7113175468099742,-0.478667340184229,-50.18698303584557,133.85082279411864,0.075,0.05,610,0,2,27.299329875458803,0.6531476911112851,RNG-d57bb5da8c11,range,selection,60301,PAL,18,3,1000000.0,,True,,,,,
15.508075697429419,97.50100729735034,True,0.38456712672521953,0,0,2,0.05,0.025,0.022360679774997897,0.2531279391257055,1.0896936548439224,-1.3525532195493475,-60.13573930729505,124.05472434327514,0.05,0.025,610,0,2,28.056962005149106,0.7073400263165412,OVP56,range,selection,60301,PAL,22,3,1000000.0,,True,0.8159452791335633,-60.5181893492798,15.856941268388027,25.348229413638787,12.128774273141932
15.718323488152823,95.62181123266842,True,1.0119196988707653,0,0,2,0.05,0.05,0.03976106918772205,1.344621778991364,1.9655192669447072,-2.9399117397591628,-51.06514914550215,108.02899887158993,0.05,0.05,610,0,2,25.1103514574849,0.7034029155902016,RANGE32,range,selection,60301,PAL,22,3,1000000.0,,True,0.7798829075187084,-61.57440599412161,15.125566021380795,24.636779439476822,12.011448313757004
-6.707171748877732,-82.7348511209468,False,610.4598494353827,610,8,61,2.025,2.025,1000000.0,84.20768192563044,22.673590456835345,-156.21264493807897,-67.8750068678155,70.10876432661145,1000000.0,1000000.0,610,610,2,-6.753888401962217,-0.36381935897827083,PLL96-rejected-board,range,selection,60301,PAL,22,3,1000000.0,contrast;waveform;detail_floor;sync;h_jitter_us;v_jitter_us;h_width_rmse_us;sync_error_ire;black_error_ire;white_error_ire,False,0.321416407772469,65.00511667879162,26.294527187381654,35.839617103024345,28.74518527531547
8.980545661335896,98.34632727760696,True,6.43099121706399,602,8,0,2.025,2.025,3.6627133043687707,14.871057637300089,-1.0528920287740655,-1.6238013950760124,-48.77316075151312,111.45106676358502,1.7149999999999999,1000000.0,610,189,2,11.714115754691289,0.3704556647484313,PLL96-IQ-corrected,range,selection,60301,PAL,22,3,1000000.0,waveform;sync;h_jitter_us;v_jitter_us;h_width_rmse_us,False,0.3797974078083358,-112.63202807954664,26.241095536070894,33.64439619738515,16.91361357128192
20.972733866830524,96.40585355639922,True,0.0,0,0,2,0.025,0.025,0.019391353489736977,1.6208830024585625,1.7170920084524661,-1.0771246642060237,-48.36236491808444,113.42724823932404,0.025,0.025,610,0,2,28.87187628733187,0.9113968506953902,floating-PLL-IQ40,range,selection,60301,PAL,22,3,1000000.0,,True,0.48643423654487455,13.403419641154573,10.370074438863151,19.051241559769878,7.003200889421373
4.391069368658952,44.50554423377729,True,88.82057716436638,610,8,0,2.025,2.025,1000000.0,48.9508218135665,27.114911976791397,-25.62071941580587,1.3282210666775427,85.4614790559664,1000000.0,1000000.0,610,610,2,4.558542895055999,0.5620011454297078,HC50,range,selection,60301,PAL,22,3,1000000.0,contrast;waveform;sync;h_jitter_us;v_jitter_us;h_width_rmse_us;sync_error_ire;black_error_ire;white_error_ire,False,0.40682170815867214,98.43162666048086,14.363255528016012,23.977804427545102,30.701204610806663
11.994851828008882,97.52484126293925,True,3.768506900878293,0,0,2,0.275,0.075,0.11528208454219346,5.598851697233566,-0.7886291973346716,-2.7097281663837895,-58.23805726443061,111.42904785697239,0.275,0.075,610,0,2,17.250394969811364,0.48174262405325724,PLL96-board-fixed,range,selection,60301,PAL,22,3,1000000.0,,True,0.4210709697226628,-99.53439540843833,26.987667896095328,35.63544647539461,15.456406784295591
13.677883026976481,98.38855196469935,True,0.7967377666248432,0,0,2,0.075,0.06624999999999999,0.033845114910112044,-0.1590968306400981,0.6501056003101148,-0.7305500498339141,-51.70770197220851,122.23210504821127,0.075,0.06624999999999999,610,0,2,27.427720306075415,0.6059539067747439,RNG-e504a0548d41,range,selection,60301,PAL,22,3,1000000.0,,True,0.6466889056262903,-60.82929529567542,21.95787366199428,31.876796967579004,12.44125002765009
13.876042834446947,97.31517425781503,True,0.8036386449184442,0,0,2,0.075,0.05,0.03335723187005761,0.5118065854415584,0.8123478819950972,-2.3634798436122018,-51.316693265480666,120.62671708206942,0.075,0.05,610,0,2,26.848488013580866,0.6143953594193934,RNG-15cd905107cc,range,selection,60301,PAL,22,3,1000000.0,,True,0.6473902170346386,-60.80963717540757,22.062073206984195,31.90696276820218,12.422084186481857
13.875449451802215,97.32660617905904,True,0.7917189460476789,0,0,2,0.075,0.05,0.03328035407283274,0.41172941735979773,0.7870961998459115,-2.4001300079933214,-51.67252592846426,120.72960383233594,0.075,0.05,610,0,2,26.89289994597771,0.6147561230512109,RNG-8afac84026c3,range,selection,60301,PAL,22,3,1000000.0,,True,0.644922246455385,-60.85589092787683,22.015820198438767,32.17957487831585,12.415092903785482
13.876620631880632,96.96105445632074,True,0.9065244667503136,0,0,2,0.075,0.05,0.032815305305529036,0.7625196943008142,1.0789414821314653,-2.6007301744707467,-51.9704343865327,119.3639194035624,0.075,0.05,610,0,2,26.378673644962475,0.6107127794790874,RNG-8586d0870834,range,selection,60301,PAL,22,3,1000000.0,,True,0.6390594306843457,-61.366269581734755,21.90103348049198,31.37036740719724,12.422542857958321
13.872385509322818,96.94429676733677,True,0.8795483061480552,0,0,2,0.075,0.05,0.032705842461975214,0.8381175304046372,1.0173626927042991,-2.5626671395093856,-50.765347097577475,119.3639194035624,0.075,0.05,610,0,2,26.46022478079334,0.6111006636387983,RNG-92d7e07b5941,range,selection,60301,PAL,22,3,1000000.0,,True,0.6427081465409046,-61.38899943202311,22.00494274483134,31.471838131980874,12.437099161105914
14.155441157502418,97.29206755007907,True,0.8023839397741531,0,0,2,0.05,0.05,0.03191304784803262,0.5872131882845909,0.2985857809915204,-3.394263247885894,-50.90050769561241,120.69671554254676,0.05,0.05,610,0,2,26.211178807296708,0.6304170241994451,RNG-50b085555750,range,selection,60301,PAL,22,3,1000000.0,,True,0.6277836870030182,-60.45056493015109,21.601310317160653,31.752223106708534,12.210388253395482
10.113817200173019,96.30402339415329,True,5.392722710163111,0,0,2,0.15,0.15,0.05659389412700823,1.9769424048656725,2.098398576480337,-1.3730463355830427,-56.0647305641009,124.43200427557058,0.15,0.15,610,0,2,23.072335860039743,0.3479234968570293,RNG-2d4e6e2e69ad,range,selection,60301,PAL,22,3,1000000.0,,True,0.16011743598553327,-136.2951803175124,67.70257586476892,108.98811778555317,17.24741554561927
11.021385590044135,94.84257753369475,True,4.952948557089084,0,0,2,0.15,0.15,0.06465545505873777,1.8153646086728212,2.378649438234675,-4.348864114852655,-54.46313485521545,120.55193300224487,0.15,0.15,610,0,2,22.200932945927594,0.37568825929983884,RNG-6204a3b51ba0,range,selection,60301,PAL,22,3,1000000.0,,True,0.13422497586859874,-106.59330984172922,63.57052512754383,130.95420713897374,15.799344829674768
14.703782923572877,95.32907842078299,True,0.3180677540777917,0,0,2,0.1,0.06624999999999999,0.03231187671815396,2.304420545646413,2.1902727207429074,-3.809477428303877,-46.137250597567096,120.07997103952836,0.1,0.06624999999999999,610,0,2,25.328627673757023,0.6662036307526096,RNG-42cd73748119,range,selection,60301,PAL,22,3,1000000.0,,True,0.7142906913445248,-61.70322309047838,18.974401539383365,28.676240184089167,12.081428960430491
14.192533366612663,96.7879345457088,True,0.40338770388958595,0,0,2,0.075,0.05,0.02914421462145857,1.816885173634548,0.48555836161773425,-3.289020487208117,-50.53815082852981,120.56533034070883,0.075,0.05,610,0,2,27.58240768860969,0.6462894023026001,RNG-f98a1b258cfe,range,selection,60301,PAL,22,3,1000000.0,,True,0.808970248670045,-67.27583532804452,19.01340694371843,30.657889497068584,13.709063727444113
13.715277836687502,97.13162544272626,True,0.10351317440401506,0,0,2,0.05,0.05,0.024814888444733944,2.45129473676364,2.0123536623529734,-0.9193914473215057,-48.526830267067105,126.69406209177627,0.05,0.05,610,0,2,28.43951671875947,0.656607198733691,RNG-b7ff76f3093b,range,selection,60301,PAL,22,3,1000000.0,,True,0.8044645116416883,-58.373237571778894,16.848541710520934,25.5103728903928,11.92350492101612
12.36048044120362,94.80350879844816,True,5.171267252195734,0,0,2,0.275,0.32375,0.10154543519940258,2.769317727913282,1.5579301011266298,-5.7970372022812,-50.194324483833704,106.300010986222,0.275,0.32375,610,0,2,18.59804374752595,0.42468611499209485,RNG-e8b8a23c51cf,range,selection,60301,PAL,22,3,1000000.0,,True,0.24822116894477017,-72.61664305526864,33.47213110408766,56.097013992869805,12.963082080381996
12.608433646584075,93.26307204043218,True,3.886449184441656,0,0,2,0.225,0.175,0.49585577622900806,2.210036926263512,1.0794000880366927,-9.604324737857203,-58.13221390739317,119.18670584758799,0.225,0.175,610,0,2,19.530943244912507,0.49128648767540706,RNG-535412e9c323,range,selection,60301,PAL,22,3,1000000.0,,True,0.2826367546918843,-45.573602545121034,48.524133549871074,63.44303991169497,12.295554708061454
11.848188786221518,96.64658202116104,True,1.518193224592221,0,0,2,0.075,0.06624999999999999,0.0402476961971779,2.42873616801269,1.71572369004256,-1.3590608094044654,-54.386790019124874,118.53131670119016,0.075,0.06624999999999999,610,0,2,26.43391374743083,0.49110849343920476,RNG-d891ea49ebc0,range,selection,60301,PAL,22,3,1000000.0,,True,0.707409769180877,-78.43692315259652,23.35863944004704,37.17459703060201,15.329934115322034
14.327739325672715,101.67231764103134,True,0.5031367628607277,0,0,2,0.05,0.04124999999999999,0.03197719474260614,-4.480753966972132,-0.12913889411630855,-0.8646012092639697,-62.30216024256916,123.9649529057675,0.05,0.04124999999999999,610,0,2,25.350926553465815,0.666150299238584,RNG-0c37665f1c6e,range,selection,60301,PAL,22,3,1000000.0,,True,0.8235498062111981,-65.68327128960559,16.809709538115623,28.13948678422909,13.315705338546953
14.957255045739345,98.78730085897352,True,0.29485570890840657,0,0,2,0.075,0.04124999999999999,0.02862991671569341,1.635928645407788,0.8872079208593696,-0.9189233102247737,-49.81866215327589,123.93485066600003,0.075,0.04124999999999999,610,0,2,28.75421135692806,0.6903137728314576,RNG-d57bb5da8c11,range,selection,60301,PAL,22,3,1000000.0,,True,0.8141132212002127,-58.86405937598897,19.397862103299854,28.210379003414932,12.477200457578746
15.93056962628525,97.58008797011385,True,0.33877038895859474,0,0,2,0.05,0.04124999999999999,0.020670125746125874,0.11980746073593689,1.0966799153935551,-1.2696637880364008,-56.20031119482206,124.07977009231423,0.05,0.04124999999999999,610,0,2,28.192523620766977,0.7266083082173364,OVP56,range,selection,60301,PAL,30,3,1000000.0,,True,0.8024940024171324,-60.5529583312196,15.624567236200182,27.845921764574697,11.98824169626164
16.04804043251381,95.66734885962356,True,0.9454203262233375,0,0,2,0.05,0.05,0.03825068305401043,1.2452326927815767,1.8983558500028264,-3.028786279000967,-43.17265402348332,103.9460083077923,0.05,0.05,610,0,2,25.242443089122723,0.7207346570285565,RANGE32,range,selection,60301,PAL,30,3,1000000.0,,True,0.7714135055909037,-61.404725372753624,15.371186679512098,26.284514188343728,11.872766643346635
-6.715927891912353,-83.0425717076749,False,611.1875784190715,610,8,61,2.025,2.025,1000000.0,84.96437696267267,22.63781412357329,-156.25757391227177,-67.8111226305214,66.9534757835019,1000000.0,1000000.0,610,610,2,-6.762280745773975,-0.36491316130205576,PLL96-rejected-board,range,selection,60301,PAL,30,3,1000000.0,contrast;waveform;detail_floor;sync;h_jitter_us;v_jitter_us;h_width_rmse_us;sync_error_ire;black_error_ire;white_error_ire,False,0.3256194400631354,65.05729501507714,22.9918582342915,31.39379523355107,28.684441493155553
8.936124641030522,99.05213856498791,True,6.394604767879548,610,8,0,2.025,2.025,1000000.0,13.99290725006402,-1.0631137288263715,-1.6003673673472472,-45.627783453167936,107.11490044908687,1000000.0,1000000.0,610,610,2,11.626687731460073,0.37206089693276023,PLL96-IQ-corrected,range,selection,60301,PAL,30,3,1000000.0,waveform;sync;h_jitter_us;v_jitter_us;h_width_rmse_us,False,0.37745758646885963,-112.21529178335197,23.462391872757813,31.195716582754653,16.93856162028039
21.660473600990997,96.42708636534897,True,0.0,0,0,2,0.025,0.025,0.01965376533398317,1.620813977128865,1.7214988714508863,-1.0382426961640625,-45.156729928022536,112.19716535678624,0.025,0.025,610,0,2,28.979746116739356,0.9272484475637806,floating-PLL-IQ40,range,selection,60301,PAL,30,3,1000000.0,,True,0.4804399978483075,13.053543421141914,7.1621151405475025,17.360249781875716,6.894164902279024
4.398791114336888,44.51134772732166,True,88.81806775407779,610,8,0,2.025,2.025,1000000.0,48.933361122703445,27.118106285303615,-25.57962834403753,2.920656299827158,84.29026415381391,1000000.0,1000000.0,610,610,2,4.559302120104674,0.5782756328741737,HC50,range,selection,60301,PAL,30,3,1000000.0,contrast;waveform;sync;h_jitter_us;v_jitter_us;h_width_rmse_us;sync_error_ire;black_error_ire;white_error_ire,False,0.4026787646213462,98.49150867370484,14.778795580359025,25.59729909752815,30.695873836459825
11.915139334574828,97.0557130636175,True,3.700125470514429,0,0,2,0.25,0.075,0.10115622554847088,5.733097457663786,-0.6397894101026715,-2.662721552700819,-57.5229805441193,111.44334536145199,0.25,0.075,610,0,2,16.827475685011596,0.48557473852107425,PLL96-board-fixed,range,selection,60301,PAL,30,3,1000000.0,,True,0.420406630991325,-100.55020428850565,22.819348699233462,33.485030936199564,15.470408135755122
13.848542463634653,98.48465448558257,True,0.7722710163111669,0,0,2,0.075,0.075,0.03387537429470791,-0.24992000342225973,0.6350272823318008,-0.749704586668149,-51.71259431181591,122.21826600440578,0.075,0.075,610,0,2,27.49589745653831,0.6154780548585339,RNG-e504a0548d41,range,selection,60301,PAL,30,3,1000000.0,,True,0.6547785085355349,-59.22189860682784,17.527879130324138,27.39299990999563,12.194844193426169
14.058523953657733,97.40207286402078,True,0.7785445420326222,0,0,2,0.075,0.075,0.034340985406486585,0.4314449785771694,0.8057221694312516,-2.3607787018342252,-51.34192363229796,120.64857674120468,0.075,0.075,610,0,2,26.938708629257416,0.6246995863275622,RNG-15cd905107cc,range,selection,60301,PAL,30,3,1000000.0,,True,0.6521324503404352,-59.22864445966162,16.949534122381355,27.533330305394344,12.174820287978934
14.058404535248052,97.41250183533738,True,0.767879548306148,0,0,2,0.075,0.075,0.034534373467889526,0.3251977580189923,0.7818797464971754,-2.402391820562653,-51.44326393077186,120.64857674120468,0.075,0.075,610,0,2,26.981495824136935,0.6249897808574869,RNG-8afac84026c3,range,selection,60301,PAL,30,3,1000000.0,,True,0.6513797466363148,-59.28078783253338,17.001669610378617,27.559020094255615,12.167725142364377
14.055776131192045,97.06579954048817,True,0.883939774153074,0,0,2,0.075,0.075,0.033890493855511926,0.6527541298137824,1.0850886848694652,-2.6042010890413034,-51.26813765176384,119.40913297769619,0.075,0.075,610,0,2,26.487933129988605,0.6208021405576678,RNG-8586d0870834,range,selection,60301,PAL,30,3,1000000.0,,True,0.6448905607652169,-59.79617207765164,17.56657968630445,27.675931282452815,12.175139274381497
14.050318125041638,97.04360896820134,True,0.8569636135508156,0,0,2,0.075,0.075,0.03404132011849476,0.7368630859191111,1.0216427735438482,-2.5667657837557427,-50.67461052099799,119.40913297769619,0.075,0.075,610,0,2,26.56874406696811,0.6210668821069012,RNG-92d7e07b5941,range,selection,60301,PAL,30,3,1000000.0,,True,0.6472328213475869,-59.81493386146312,17.707779376922637,27.538594122938616,12.187401545525981
14.380037591850893,97.4016254494536,True,0.7691342534504391,0,0,2,0.05,0.05,0.032501576254335626,0.4621942836223946,0.27257673595575116,-3.3795936813774192,-50.63669449681022,120.66700446936024,0.05,0.05,610,0,2,26.2737156390134,0.642867613316023,RNG-50b085555750,range,selection,60301,PAL,30,3,1000000.0,,True,0.6319947397787697,-58.76275484591397,16.421725205373125,27.722045535077825,11.908867358343938
10.138684765628895,96.33519857629773,True,5.409661229611042,0,0,2,0.15,0.15,0.05675659851867302,1.933783927729108,2.0930202198717787,-1.3578296512942944,-45.881464613524074,124.45488999623798,0.15,0.15,610,0,2,23.120993902380963,0.34825763560346407,RNG-2d4e6e2e69ad,range,selection,60301,PAL,30,3,1000000.0,,True,0.1432976654836739,-141.11467441670578,65.52323095677676,133.98889638110845,17.261308251150528
11.051106421164235,94.88394666812076,True,4.947302383939774,0,0,2,0.15,0.15,0.06379398193519151,1.7652326764475075,2.3730356646056125,-4.334756354997604,-46.200499134395,120.57371132669356,0.15,0.15,610,0,2,22.25863504065718,0.3763741527153267,RNG-6204a3b51ba0,range,selection,60301,PAL,30,3,1000000.0,,True,0.11971658512247375,-110.07483041490053,57.33157683077701,158.31690103939965,15.790270971816927
15.040466774566942,95.37619489333112,True,0.29485570890840657,0,0,2,0.1,0.09124999999999998,0.031215144495927605,2.2962778531964894,2.1873956640536334,-3.769710998379315,-46.06147568355966,118.40170699184263,0.1,0.09124999999999998,610,0,2,25.436722155952822,0.6843023868448229,RNG-42cd73748119,range,selection,60301,PAL,30,3,1000000.0,,True,0.7134526098492557,-60.59083636807527,18.413507151719546,29.257452197978203,11.822814831426681
14.52376436398554,96.85407409346071,True,0.3670012547051443,0,0,2,0.075,0.04124999999999999,0.02917934931127677,1.8228333121252616,0.463510738597041,-3.257701296473012,-49.16448219612171,116.20338995708367,0.075,0.04124999999999999,610,0,2,27.81520310053304,0.6618827525149694,RNG-f98a1b258cfe,range,selection,60301,PAL,30,3,1000000.0,,True,0.777668129489439,-68.2151510273649,17.269985455451266,31.867987174598653,13.592970306733484
14.21912779132872,97.16000511576193,True,0.09849435382685069,0,0,2,0.05,0.05,0.023587124856929754,2.4217126588010593,2.01375494464616,-0.9012891414893447,-47.893675120293544,126.12601668006589,0.05,0.05,610,0,2,28.63220700467221,0.680918893484095,RNG-b7ff76f3093b,range,selection,60301,PAL,30,3,1000000.0,,True,0.7922028040588937,-58.48388929634987,15.844266403933165,25.441566646694678,11.752812058880897
12.383617585728997,94.85338091093189,True,5.148055207026348,0,0,2,0.275,0.23124999999999996,0.0994606355941228,2.705001304137023,1.5284788218555705,-5.780864500611732,-48.55847882185256,106.19605944243231,0.275,0.2312499999999999,610,0,2,18.58308493552662,0.4257221200166998,RNG-e8b8a23c51cf,range,selection,60301,PAL,30,3,1000000.0,,True,0.23229229362999704,-72.84948396597792,30.34060678386506,64.80888899807032,12.936467292931933
12.684994592618576,93.3817867984068,True,3.7202007528230867,0,0,2,0.225,0.175,0.08874119674649425,2.184809256185927,1.0191952138335227,-9.5204671386943,-52.16292343462636,119.2043881704805,0.225,0.175,610,0,2,19.66561709692822,0.49725501665860744,RNG-535412e9c323,range,selection,60301,PAL,30,3,1000000.0,,True,0.28231378810422225,-41.55203524124464,45.09874510840693,59.61910153923675,11.974253946935315
11.903355079773203,96.66097606303057,True,1.4887076537013804,0,0,2,0.075,0.06624999999999999,0.0409292672550192,2.422688236329084,1.7143851108934565,-1.3438066041802754,-46.81047465714646,118.14118648904308,0.075,0.06624999999999999,610,0,2,26.50284315928969,0.49402954363567797,RNG-d891ea49ebc0,range,selection,60301,PAL,30,3,1000000.0,,True,0.6809356336277493,-78.38450169680885,20.62474594220598,39.53531031394622,15.243835837795418
14.732609297352358,101.77671099678491,True,0.48117942283563364,0,0,2,0.05,0.05,0.031165870361821058,-4.469328391663328,-0.12388709369554818,-0.7393123282381439,-56.89054554609605,123.91916871006136,0.05,0.05,610,0,2,25.444772070391885,0.6870348879679448,RNG-0c37665f1c6e,range,selection,60301,PAL,30,3,1000000.0,,True,0.8154244935488135,-65.66622033887164,16.53271484822059,29.425245944196973,13.185567228579327
15.475274874505303,98.8531876962427,True,0.25407779171894607,0,0,2,0.075,0.05,0.02766530051271839,1.7342608752304296,0.7203439272935102,-0.9881883467100742,-47.47108995465135,120.64584737211793,0.075,0.05,610,0,2,29.280648080028836,0.7130541610940324,RNG-d57bb5da8c11,range,selection,60301,PAL,30,3,1000000.0,,True,0.7986113594683268,-58.2068291362008,19.730310880608112,29.598350451650077,12.161435747095403
5.098452387916197,80.65980784029921,True,65.13365265062454,503,12,0,2.025,2.025,3.6834087473426025,16.841416462757355,5.145809675835394,-13.999057994023184,-86.60346672682317,144.389169303702,1.46,1000000.0,506,329,2,12.368434873168969,0.2650625915648815,OVP56,range,selection,60301,NTSC,4,3,1000000.0,,False,,,,,
5.909270584771056,88.6549748734961,True,39.398856599240744,74,0,0,2.025,1.6012499999999994,2.8296452712506404,8.807876337463528,1.7277370887758312,-11.998983020295256,-68.21428373923017,129.9726450675674,1.725,1.6012499999999996,506,2,2,13.993143363329095,0.263286586185535,RANGE32,range,selection,60301,NTSC,4,3,1000000.0,,False,,,,,
-6.699715714315076,-84.06619615144885,False,612.2041021534349,506,12,31,2.025,2.025,1000000.0,88.83745353597318,21.240372966708787,-156.65303950806413,-75.01381757859903,132.8522867240506,1000000.0,1000000.0,506,506,2,-6.717319074257037,-0.24113169376561738,PLL96-rejected-board,range,selection,60301,NTSC,4,3,1000000.0,,False,,,,,
7.873272918742566,92.53811286240325,True,18.827878747738335,345,9,0,2.025,2.025,3.38769294790965,10.76203011321541,0.43628966335574926,-4.1789157470171165,-73.91670370326,134.93661504523152,1.85,0.7975,506,15,2,13.061387454475357,0.2341638356629557,PLL96-IQ-corrected,range,selection,60301,NTSC,4,3,1000000.0,,False,,,,,
10.167365224267726,95.82565411816769,True,2.388105982833936,125,1,0,2.025,1.6949999999999996,3.1489796497668365,2.6135299610758835,1.2710042322796002,-2.619291888207973,-74.0636458618656,135.18286103359182,1.775,1.2625,506,4,2,23.036305785938058,0.47771026052373783,floating-PLL-IQ40,range,selection,60301,NTSC,4,3,1000000.0,,False,,,,,
3.239338727657943,42.61352955053531,True,127.93865736211002,506,12,0,2.025,2.025,1000000.0,49.27335478570089,27.099719568717006,-29.125873320665978,-75.19697192825724,125.85546650383674,1000000.0,1000000.0,506,506,2,4.221678694945719,0.1869979035298028,HC50,range,selection,60301,NTSC,4,3,1000000.0,,False,,,,,
5.8630952250163855,90.90372379000159,True,41.062929189233124,62,0,0,2.025,1.48375,2.822814420042522,3.1301296727536596,-1.4322062953719519,-14.565632152681673,-81.37180924833075,125.93891603924047,1.75,1.48375,506,3,2,11.050557942592764,0.21573044925623086,PLL96-board-fixed,range,selection,60301,NTSC,4,3,1000000.0,,False,,,,,
6.394202388564599,94.82872103832759,True,30.788729765449304,49,1,0,2.025,1.4062499999999991,2.823130953523761,4.8848481315213705,1.1933510116036192,-3.639332919499636,-67.88156226603269,134.00035616990212,1.7049999999999996,0.8875,506,2,2,16.395150561058596,0.3052081189265308,RNG-e504a0548d41,range,selection,60301,NTSC,4,3,1000000.0,,False,,,,,
6.730421606880972,93.09157244824719,True,28.292997197192978,60,1,0,2.025,1.4062499999999991,2.84783520568596,5.263052178164923,1.3820105341607691,-6.129559428228492,-66.77195227512719,129.57218663083617,1.69375,0.8875,506,3,2,16.499712393496637,0.3089194405394521,RNG-15cd905107cc,range,selection,60301,NTSC,4,3,1000000.0,,False,,,,,
6.685571239860916,93.17943771006436,True,28.995204219564254,55,1,0,2.025,1.4062499999999991,2.8081367361733944,4.94811568278147,1.3753154640866225,-6.181008573574556,-66.37806843780038,130.1188782554287,1.6,0.8875,506,2,2,16.47832161050544,0.30862006160230415,RNG-8afac84026c3,range,selection,60301,NTSC,4,3,1000000.0,,False,,,,,
6.8330557818636475,92.51772313077163,True,26.7546143957708,61,1,0,2.025,1.4062499999999991,2.860838841389793,5.735410428845106,1.514939241262311,-6.59808324309113,-65.2685010719496,128.8679538394686,1.7,0.8875,506,3,2,16.36025976915617,0.3089098036273041,RNG-8586d0870834,range,selection,60301,NTSC,4,3,1000000.0,,False,,,,,
6.790524786344587,92.45235662037649,True,27.28672625516683,56,1,0,2.025,1.4062499999999991,2.815335730916968,5.71516745141827,1.5601389003043826,-6.684252695053721,-64.53291577505496,129.0726643223552,1.65,0.8875,506,2,2,16.316134404852388,0.3085536610301528,RNG-92d7e07b5941,range,selection,60301,NTSC,4,3,1000000.0,,False,,,,,
6.836473237931838,91.87095858568044,True,28.94327251051429,54,1,0,2.025,1.4062499999999991,2.838559945883067,4.905988704724585,1.2793565959953725,-8.56478351710314,-67.83021829539157,129.62097299478333,1.6837499999999992,0.8875,506,2,2,16.268897773713533,0.30917144270911345,RNG-50b085555750,range,selection,60301,NTSC,4,3,1000000.0,,False,,,,,
6.65908229413927,92.37495329777578,True,28.342671005849468,67,0,0,2.025,0.8924999999999998,2.9071459753675377,7.7238170554938,2.201080491761418,-4.835133148825586,-74.4497640357913,136.65083773696676,1.725,0.8924999999999998,506,2,2,14.403731477707662,0.20694285689046496,RNG-2d4e6e2e69ad,range,selection,60301,NTSC,4,3,1000000.0,,False,,,,,
7.518602244781456,89.97423518375264,True,22.987683905987048,64,0,0,2.025,1.0899999999999999,2.8268008715544175,6.852744401485789,3.1320708409946176,-8.726027876203844,-67.181332510756,125.12676960421774,1.675,1.0899999999999999,506,2,2,14.809376038924349,0.22163852274074108,RNG-6204a3b51ba0,range,selection,60301,NTSC,4,3,1000000.0,,False,,,,,
6.886280152128621,91.94761835586112,True,30.2061914639323,56,0,0,2.025,1.3324999999999998,2.7441417399414503,6.943305962020246,1.408131188315909,-7.311505608984213,-64.38256658275746,136.264010539759,1.575,1.3324999999999998,506,2,2,17.03975557712972,0.29341441625914066,RNG-42cd73748119,range,selection,60301,NTSC,4,3,1000000.0,,False,,,,,
5.425688294982227,90.40947534690127,True,53.3150493577026,117,1,0,2.025,2.01125,3.0530130193210705,9.285545785824096,1.625055298369826,-7.41160561549081,-68.72575214791516,138.14463449279722,1.625,1.7625,506,4,2,15.352199998608691,0.26760934695440125,RNG-f98a1b258cfe,range,selection,60301,NTSC,4,3,1000000.0,,False,,,,,
5.586588631746458,94.72419858013669,True,51.75032438502319,82,2,0,2.025,2.025,2.9242109583225324,7.397147655661728,1.7686102923532026,-2.3024801062257216,-66.74236278109082,137.6574711977408,1.725,1.0199999999999996,506,3,2,16.987573064506353,0.29822407694980085,RNG-b7ff76f3093b,range,selection,60301,NTSC,4,3,1000000.0,,False,,,,,
7.505418538255554,88.57416411179638,True,29.26389436638799,65,0,0,2.025,1.9449999999999998,2.7790776153771324,6.785498758614246,6.14559810137833,-8.54429167233417,-70.29643422272265,125.17456008386736,1.625,1.9449999999999998,506,3,2,11.519032609168004,0.23678800438585598,RNG-e8b8a23c51cf,range,selection,60301,NTSC,4,3,1000000.0,,False,,,,,
7.571339713061189,83.819472580051,True,30.41768146745462,130,0,0,2.025,1.325,3.055500305082901,6.859486364598906,5.930316023390866,-16.285148525063356,-71.25304812920479,120.08534944460601,1.775,1.325,506,4,2,13.046896058689896,0.21901640235471798,RNG-535412e9c323,range,selection,60301,NTSC,4,3,1000000.0,,False,,,,,
5.742309759154953,93.11716153474525,True,40.04687401216857,97,0,0,2.025,1.48375,3.0264767354661504,8.080412906546885,1.6935467819047523,-3.9815361455492218,-74.40787144528699,148.16625147254896,1.5899999999999992,1.48375,506,3,2,15.526584171954621,0.2576327555220381,RNG-d891ea49ebc0,range,selection,60301,NTSC,4,3,1000000.0,,False,,,,,
5.923970022681834,93.55091746608382,True,45.4793823588737,199,4,0,2.025,2.025,3.2454810728360144,3.7374089323909905,0.7623671574419596,-7.976448787216513,-81.92194175995756,134.21507401413444,1.8,1.2974999999999999,506,6,2,16.348762536193,0.2866770257556975,RNG-0c37665f1c6e,range,selection,60301,NTSC,4,3,1000000.0,,False,,,,,
4.919631759379684,93.88341585995248,True,60.56817805501449,59,0,0,2.025,1.0124999999999997,2.703365000628277,7.1867916727673355,1.1514541982540263,-4.389957585016099,-75.14315785731064,148.39058904361988,1.5,1.0124999999999997,506,2,2,15.377050274107315,0.26546339506925737,RNG-d57bb5da8c11,range,selection,60301,NTSC,4,3,1000000.0,,False,,,,,
7.496185072773283,87.83908095429022,True,22.390092935180196,461,7,0,2.025,2.025,3.503813398760461,10.922006431997751,2.782943996296893,-9.412163238175662,-80.08423096450332,143.93611564016146,1.825,1.9899999999999998,506,48,2,16.46877350703384,0.35632632288038835,OVP56,range,selection,60301,NTSC,6,3,1000000.0,,False,,,,,
8.580762314887837,93.72228462625893,True,12.665315940475725,7,0,1,1.275,0.9787499999999999,2.0460847797321846,3.535507345576027,1.7238842583535785,-5.702491531378569,-65.49376511967937,122.98130891819362,1.15,0.9787499999999998,506,1,2,19.053633385233937,0.3593347621516459,RANGE32,range,selection,60301,NTSC,6,3,1000000.0,,False,,,,,
-6.667147299126576,-83.92806730429575,False,607.6988382349841,506,12,44,2.025,2.025,1000000.0,86.9851571870658,22.093266254187398,-157.16529506947163,-72.6381442312279,132.25158402018275,1000000.0,1000000.0,506,506,2,-6.704411665377292,-0.29617740833826195,PLL96-rejected-board,range,selection,60301,NTSC,6,3,1000000.0,,False,,,,,
9.098075309950525,93.68433940558859,True,8.609374200326943,393,9,0,2.025,2.025,3.4734040073435297,12.266236652600613,-0.6010984604575529,-3.1217219853921265,-72.71400425604152,133.10447637140385,1.875,1.52,506,28,2,14.204510792167142,0.2900941961934579,PLL96-IQ-corrected,range,selection,60301,NTSC,6,3,1000000.0,,False,,,,,
12.078990509462471,95.9499750583455,True,0.3063218200483492,31,0,0,2.025,0.9349999999999998,2.731682776142516,2.309414160972409,1.4126612640832146,-2.0357922223762874,-71.71636643864069,133.7397048664546,1.5,0.9349999999999998,506,3,2,25.604780773062444,0.5727082200746194,floating-PLL-IQ40,range,selection,60301,NTSC,6,3,1000000.0,,False,,,,,
3.8944342954911533,44.29001803058875,True,105.66597524739062,506,12,0,2.025,2.025,1000000.0,49.0283412614587,27.026945102332107,-26.575712682258942,-60.53962130267757,116.64753653401787,1000000.0,1000000.0,506,506,2,4.464617598018303,0.2747631295899663,HC50,range,selection,60301,NTSC,6,3,1000000.0,,False,,,,,
8.782493697682995,95.78565903397153,True,13.204954134516674,14,0,0,1.54375,0.8975,2.28824263790331,0.5186419415417246,-2.3577719293135275,-10.10812643451872,-80.59356461739564,120.40134035973155,1.175,0.8975,506,1,2,14.926994148493378,0.313103234146818,PLL96-board-fixed,range,selection,60301,NTSC,6,3,1000000.0,,False,,,,,
8.902261995591463,97.2574626115928,True,8.728290287716721,2,0,0,1.35,0.41999999999999993,2.419661783150957,1.258047617526747,1.017304888224371,-1.6774773038582291,-67.90823725153628,133.4684484900602,1.3424999999999983,0.41999999999999993,506,1,2,22.228114911356727,0.4005893350472167,RNG-e504a0548d41,range,selection,60301,NTSC,6,3,1000000.0,,False,,,,,
9.092459899039866,95.68552631599648,True,8.070488639750488,3,0,0,1.41875,0.41999999999999993,2.4375344724075085,1.9227045358981443,1.2524771004289215,-3.8810141718175664,-64.66291734684118,127.53054685133522,1.35,0.41999999999999993,506,1,2,21.8594846194804,0.4013994647234907,RNG-15cd905107cc,range,selection,60301,NTSC,6,3,1000000.0,,False,,,,,
9.066155056537637,95.78178743610943,True,8.245852236977182,3,0,0,1.35,0.41999999999999993,2.413452193654077,1.6147636955262545,1.2329813096780522,-3.9098727016428527,-64.72690135528526,128.98587418686208,1.3,0.41999999999999993,506,1,2,21.84655865870809,0.40156167563721856,RNG-8afac84026c3,range,selection,60301,NTSC,6,3,1000000.0,,False,,,,,
9.185657773615262,95.12595073008153,True,7.585792688617472,3,0,0,1.44375,0.41999999999999993,2.4389830198207934,2.329648758635047,1.4252622662751653,-4.335655173676858,-62.95379350848647,125.86217178256011,1.394999999999999,0.41999999999999993,506,1,2,21.552487133742616,0.4011477592435331,RNG-8586d0870834,range,selection,60301,NTSC,6,3,1000000.0,,False,,,,,
9.159583452512575,95.10501767886196,True,7.746856250018816,3,0,0,1.35,0.41999999999999993,2.416369323130346,2.30936083877561,1.4219392944931863,-4.375307554242777,-61.85501708279633,125.80889947585486,1.3449999999999989,0.41999999999999993,506,1,2,21.5350211025615,0.40118077511704736,RNG-92d7e07b5941,range,selection,60301,NTSC,6,3,1000000.0,,False,,,,,
9.115699500899742,94.77623597618823,True,8.408421065307511,3,0,0,1.4,0.2687499999999997,2.415906481064304,1.8085245670028374,1.0855984526305316,-5.911196522363843,-65.73775057032769,126.0646399776764,1.35,0.2687499999999997,506,1,2,21.08013010431066,0.4003211428273795,RNG-50b085555750,range,selection,60301,NTSC,6,3,1000000.0,,False,,,,,
8.247533060331433,94.61877995573992,True,13.597076169517141,13,0,0,1.475,0.8474999999999999,2.3310057331964513,3.965536976392875,2.067128157191808,-2.9446450917630917,-74.1128464261066,133.7038767119035,1.325,0.8474999999999999,506,1,2,18.51943248191283,0.2556214998901557,RNG-2d4e6e2e69ad,range,selection,60301,NTSC,6,3,1000000.0,,False,,,,,
9.034558735147296,92.29421915580014,True,11.065969828429676,15,0,0,1.475,1.0212499999999998,2.226627302581833,3.7921031984801328,2.7710989618349653,-6.744255695551691,-66.87391589046173,124.1537267137834,1.2625,1.0212499999999998,506,1,2,18.329595747016217,0.27181856816698613,RNG-6204a3b51ba0,range,selection,60301,NTSC,6,3,1000000.0,,False,,,,,
8.84678802528132,94.28399307881277,True,9.977661838773871,3,0,1,1.06875,0.43749999999999944,1.9857938555098102,3.2676996094233983,1.3375003592659975,-5.690484655204452,-62.71414047665779,129.5138299582469,1.0474999999999994,0.43749999999999944,506,1,2,21.23130640504567,0.3753358504474687,RNG-42cd73748119,range,selection,60301,NTSC,6,3,1000000.0,,False,,,,,
7.675298935079135,94.36315370893001,True,19.766412677960183,17,0,0,1.8375000000000001,1.5324999999999993,2.4834956233598326,3.3676614987616844,1.0020879860735339,-5.1165894013514555,-64.93519018148058,132.32439509325383,1.5,1.5324999999999993,506,1,2,20.61386002829122,0.3539054852090232,RNG-f98a1b258cfe,range,selection,60301,NTSC,6,3,1000000.0,,False,,,,,
7.563514825985489,96.68012047918658,True,20.554419915283578,16,0,0,1.79375,0.9512499999999998,2.6529830149382825,3.6115141994473743,1.7024596358290804,-1.371212830163211,-63.424081305008315,137.16096976015257,1.488749999999999,0.9512499999999999,506,1,2,22.58063961193399,0.378330506211346,RNG-b7ff76f3093b,range,selection,60301,NTSC,6,3,1000000.0,,False,,,,,
10.09741907913634,91.87578756917839,True,10.71072683318933,8,0,1,1.3,1.5737499999999995,2.233951298398078,4.276376892957158,3.8880067936014,-7.02877904886663,-64.9200224140036,118.66829037476025,1.2037499999999994,1.5737499999999993,506,1,2,15.990143150374061,0.31589566175677913,RNG-e8b8a23c51cf,range,selection,60301,NTSC,6,3,1000000.0,,False,,,,,
9.09698124704013,86.96929976506942,True,16.780715724319393,42,0,0,2.025,1.3212499999999998,2.710806618250687,4.658928452645957,4.807013467238682,-13.858313951739936,-80.75687693007569,121.86529485047252,1.675,1.3212499999999998,506,1,2,15.171867239591855,0.2831569684148619,RNG-535412e9c323,range,selection,60301,NTSC,6,3,1000000.0,,False,,,,,
7.9909964635962485,95.98848786604977,True,14.135209096629104,16,0,0,1.5125,1.0012499999999998,2.4817574212559905,3.3908365915849563,1.343899724949201,-2.3338448082975747,-69.62034769063733,142.71620399159173,1.15,1.00125,506,2,2,21.054713377760088,0.33567991763549326,RNG-d891ea49ebc0,range,selection,60301,NTSC,6,3,1000000.0,,False,,,,,
8.08810444067133,97.86849927516134,True,15.23631185518128,51,0,0,2.025,1.84875,2.8640009381329423,-0.9800127026998043,0.2567701460959044,-4.622575372573237,-74.68372925103044,137.3393032390474,1.65,1.8487499999999997,506,3,2,21.011062309039094,0.3725012997471553,RNG-0c37665f1c6e,range,selection,60301,NTSC,6,3,1000000.0,,False,,,,,
7.369715869643933,97.59992083708565,True,21.820349402559554,4,0,0,1.025,0.4599999999999994,1.8807832457595641,1.7674212858062217,0.3003823898758064,-2.520569582425948,-72.81833104704614,147.26684291801269,1.0,0.4599999999999994,506,1,2,21.19609042639904,0.3545434855204756,RNG-d57bb5da8c11,range,selection,60301,NTSC,6,3,1000000.0,,False,,,,,
9.547038392714896,91.50893735920353,True,5.579271872281112,336,3,0,2.025,2.025,3.3892872971102554,7.37849922093082,2.018198220513854,-6.709581817174264,-73.27213922899993,139.50084115208415,1.925,1.675,506,18,2,19.892904856472594,0.4448882818444795,OVP56,range,selection,60301,NTSC,8,3,1000000.0,,False,,,,,
10.709857117355499,95.07213474541905,True,3.8579991389873163,0,0,2,0.31875,0.6212499999999997,1.0398400321636587,1.9999281898748316,2.0852320811600022,-3.2565693033347194,-61.2719707443083,121.49625831303831,0.31875,0.6212499999999997,506,0,2,22.79966567507593,0.45222833119489925,RANGE32,range,selection,60301,NTSC,8,3,1000000.0,,False,,,,,
-6.6129484439916295,-83.01110825562094,False,605.426637805682,506,12,45,2.025,2.025,1000000.0,85.45116975470809,22.747227026865993,-156.63253941485993,-71.7066213215397,128.23221289552365,1000000.0,1000000.0,506,506,2,-6.656949385346861,-0.3236917964199289,PLL96-rejected-board,range,selection,60301,NTSC,8,3,1000000.0,,False,,,,,
9.405486908091078,94.08844695962325,True,6.420716085583457,426,9,0,2.025,2.025,3.557867602230302,13.97213177414153,-0.9399487698851968,-2.7327911668350633,-67.10438227021542,130.7123353790026,1.87625,1.5225,506,27,2,13.826418850203893,0.3189763897316514,PLL96-IQ-corrected,range,selection,60301,NTSC,8,3,1000000.0,,False,,,,,
13.860425173976594,95.65452103429621,True,0.046663274798520026,1,0,1,0.95,0.3449999999999999,2.080640966549291,2.425086795171415,1.7456739876642022,-1.8827292171105958,-67.19513214638847,128.40244429444226,0.95,0.3449999999999999,506,1,2,26.225140443186593,0.6583112770455092,floating-PLL-IQ40,range,selection,60301,NTSC,8,3,1000000.0,,False,,,,,
4.117712251480439,44.44992773685159,True,97.7249395635328,506,12,0,2.025,2.025,1000000.0,49.204986675123514,27.12395348697184,-25.91469119768842,-54.66717801264826,100.7875062611061,1000000.0,1000000.0,506,506,2,4.487861520586889,0.3536712035796468,HC50,range,selection,60301,NTSC,8,3,1000000.0,,False,,,,,
10.454106935848234,97.6347044937963,True,5.603356143144864,8,0,0,1.1437499999999998,0.8975,2.217879269440801,0.48409151900343983,-2.3725569426598545,-7.545390655792734,-78.62069957390398,115.4738327169542,1.075,0.8975,506,1,2,16.993443033227326,0.38351298176608,PLL96-board-fixed,range,selection,60301,NTSC,8,3,1000000.0,,False,,,,,
10.606693717294199,97.22051439262333,True,2.5032589029012517,1,0,1,0.95,0.5987499999999998,1.9556158028398194,0.9194036755295331,1.300644840931531,-1.3654732623147816,-62.64506108457902,128.67836047874775,0.95,0.5987499999999998,506,1,2,25.567765148747426,0.4722540330916499,RNG-e504a0548d41,range,selection,60301,NTSC,8,3,1000000.0,,False,,,,,
10.723808384916381,95.84741292805649,True,2.3978902178723356,1,0,1,0.95,0.5987499999999998,1.9522816050320544,1.626750992332299,1.526679389643665,-3.342429881438087,-61.74856408341167,123.09573079394951,0.95,0.5987499999999998,506,1,2,24.550797627533257,0.4724020966852168,RNG-15cd905107cc,range,selection,60301,NTSC,8,3,1000000.0,,False,,,,,
10.710904360484266,95.92200227569873,True,2.425737656058549,1,0,1,0.95,0.5987499999999998,1.9448007610035531,1.379318589991915,1.523442607469428,-3.3527486681777483,-63.97081862745375,122.69266755598616,0.95,0.5987499999999998,506,1,2,24.57360319255999,0.4729357689299571,RNG-8afac84026c3,range,selection,60301,NTSC,8,3,1000000.0,,False,,,,,
10.793055798985211,95.32191110067562,True,2.354237476931784,2,0,1,0.9875,0.5987499999999998,1.9616259048239015,1.975821130677051,1.7294445176433348,-3.7484142574407286,-60.974856895457265,121.62987986678203,0.95,0.5987499999999998,506,1,2,24.023080677842707,0.4714703151346887,RNG-8586d0870834,range,selection,60301,NTSC,8,3,1000000.0,,False,,,,,
10.778880735428132,95.30707928711041,True,2.362516445041199,2,0,1,0.95,0.5987499999999998,1.9569086763209769,1.9903170468976292,1.721177982255107,-3.7578918347388326,-60.347344097162896,122.80424150562726,0.95,0.5987499999999998,506,1,2,24.0462941370063,0.4719013777753731,RNG-92d7e07b5941,range,selection,60301,NTSC,8,3,1000000.0,,False,,,,,
10.724185405444596,95.22852719958989,True,2.5062694367592204,2,0,1,0.99375,0.5987499999999998,1.9511386327695206,1.6066588964771382,1.3145339746022564,-5.03012435445845,-64.11500312979896,120.7271715526808,0.95,0.5987499999999998,506,1,2,23.498385238697143,0.4717822756457288,RNG-50b085555750,range,selection,60301,NTSC,8,3,1000000.0,,False,,,,,
9.056245338724679,94.88381632268747,True,8.920211821162246,2,0,2,1.0187499999999998,0.26499999999999985,1.610343319034401,3.0986341574934775,2.309281864330585,-2.5515000517776176,-67.4565302967669,129.81052120892346,0.975,0.26499999999999985,506,1,2,20.712343260056446,0.28344404408388474,RNG-2d4e6e2e69ad,range,selection,60301,NTSC,8,3,1000000.0,,False,,,,,
9.787720753170483,92.77225827241821,True,7.5112819756327385,2,0,2,0.96875,0.26499999999999985,1.5779989243211574,3.119481028081543,2.8441229372129992,-6.164465587098239,-62.56475644212807,122.19793407638056,0.9212499999999991,0.26499999999999985,506,1,2,19.7702385119458,0.3005631260860751,RNG-6204a3b51ba0,range,selection,60301,NTSC,8,3,1000000.0,,False,,,,,
10.363519437290257,94.56118243149996,True,3.2160027937754205,0,0,2,0.56875,0.4287499999999995,1.0868072278895118,2.6494928121238663,1.7315504916777076,-5.230799138705216,-54.67030377231923,125.50458678171975,0.56875,0.4287499999999995,506,0,2,23.10546794728022,0.4483320206784514,RNG-42cd73748119,range,selection,60301,NTSC,8,3,1000000.0,,False,,,,,
9.415900803089505,95.29175727347624,True,6.249115655679222,2,0,2,0.89375,0.6624999999999999,1.82306615033357,1.9811511282050915,0.9579063285619543,-4.4943820044624525,-62.70460513592246,128.93495321882554,0.8712499999999992,0.6624999999999999,506,1,2,23.691324151551044,0.43164440207509674,RNG-f98a1b258cfe,range,selection,60301,NTSC,8,3,1000000.0,,False,,,,,
9.090093819787949,96.59451075800007,True,7.04163869378957,6,0,0,1.35,0.83375,2.344186692650566,3.152643132858832,1.9358587791755022,-1.44636194967465,-58.85962852000526,131.75242402518424,1.15,0.8337499999999999,506,1,2,25.400432920308027,0.4463617511342405,RNG-b7ff76f3093b,range,selection,60301,NTSC,8,3,1000000.0,,False,,,,,
11.211313229667326,92.66928580033549,True,6.4410371891247475,1,0,1,1.0187499999999998,0.3174999999999999,1.6402200407805712,3.9804420132905425,3.144904653813219,-6.751833164139974,-63.435072343014056,115.51867433400957,0.9949999999999989,0.3174999999999999,506,1,2,17.597096957023957,0.3622758696349983,RNG-e8b8a23c51cf,range,selection,60301,NTSC,8,3,1000000.0,,False,,,,,
10.11249629502755,88.50901752425547,True,10.933506338679038,12,0,0,1.44375,0.78625,2.2413847657232333,3.866766402665233,4.104282555312034,-12.67345412506996,-60.906283863722564,120.85042433541352,1.225,0.78625,506,1,2,16.37442045079835,0.3308752025487489,RNG-535412e9c323,range,selection,60301,NTSC,8,3,1000000.0,,False,,,,,
9.493407424622815,96.2200375753725,True,5.114144391224896,2,0,2,0.975,0.6999999999999996,1.8126378573736475,2.7317582430252494,1.5800523739688805,-1.9656655462617347,-64.6353080130981,137.90111100239946,0.95,0.6999999999999996,506,1,2,24.54348548331632,0.3965475571312868,RNG-d891ea49ebc0,range,selection,60301,NTSC,8,3,1000000.0,,False,,,,,
9.784201220320881,99.25208567671484,True,4.55569036057164,7,0,1,1.25,0.80875,2.2614410740638204,-2.529022579079993,0.48202422516044147,-3.1071004895135954,-68.50284368502254,129.90966102402683,1.127499999999999,0.8087499999999999,506,1,2,23.681995123658282,0.4492504046425001,RNG-0c37665f1c6e,range,selection,60301,NTSC,8,3,1000000.0,,False,,,,,
9.305674415004397,98.34440549216359,True,6.2709420261494975,0,0,2,0.3125,0.11124999999999999,1.055263370269437,0.7576202825100712,0.545943141400484,-1.7276213968111025,-70.9366310444261,145.25559828536143,0.3125,0.11124999999999999,506,0,2,25.755393292160953,0.4366668882708772,RNG-d57bb5da8c11,range,selection,60301,NTSC,8,3,1000000.0,,False,,,,,
11.166547252057022,93.73818917508518,True,1.4458088852896283,135,1,0,2.025,1.92875,3.058500537695483,4.930554865223755,1.6774694193572042,-4.824288409586112,-69.58908377893266,139.45299977115633,1.8375,1.75,506,4,2,22.57711974135713,0.5189731391352016,OVP56,range,selection,60301,NTSC,10,3,1000000.0,,False,,,,,
12.152425586141621,95.41279127676604,True,1.8883573624110763,0,0,2,0.1,0.11124999999999999,0.34992411656211786,1.589846481244793,2.23281955969797,-2.558531238875675,-57.13886248018202,117.88057144611064,0.1,0.11124999999999999,506,0,2,24.009989049159337,0.5241371615325877,RANGE32,range,selection,60301,NTSC,10,3,1000000.0,,True,,,,,
-6.588633086521938,-82.44378231180531,False,604.7725993250383,506,12,47,2.025,2.025,1000000.0,84.43683422662659,23.029890207312164,-156.27638709978243,-70.27620312182604,78.15698010509153,1000000.0,1000000.0,506,506,2,-6.635098122011493,-0.3357252261118143,PLL96-rejected-board,range,selection,60301,NTSC,10,3,1000000.0,,False,,,,,
9.376468351033871,94.66959284340923,True,6.243847221427775,437,9,0,2.025,2.025,3.595397621678445,15.094666451894025,-1.1306835708259975,-2.456489596666738,-57.38198129956137,123.14114136093654,1.9,1.4499999999999997,506,38,2,13.219814430023852,0.334366941854126,PLL96-IQ-corrected,range,selection,60301,NTSC,10,3,1000000.0,,False,,,,,
15.516335186262305,95.70768367567048,True,0.0045158007869535504,0,0,2,0.06875,0.19374999999999973,1.1939338398060388,2.2783917757341214,1.8463132647046536,-1.6831026413975543,-64.14485566354922,125.26150163550362,0.06875,0.19374999999999973,506,0,2,26.81230670767406,0.7334314855645618,floating-PLL-IQ40,range,selection,60301,NTSC,10,3,1000000.0,,False,,,,,
4.204138925009481,44.40474798490168,True,95.50768137713861,506,12,0,2.025,2.025,1000000.0,49.23544096676823,27.136640041776673,-25.836004536572744,-26.68865890948804,100.23266939580112,1000000.0,1000000.0,506,506,2,4.484481414512526,0.4144448885781303,HC50,range,selection,60301,NTSC,10,3,1000000.0,,False,,,,,
11.169180061709005,98.37790864348928,True,4.423979504285495,9,0,0,1.4,1.1224999999999996,2.174839837762661,1.515838458046456,-2.244052261023153,-5.850431235121239,-68.35795269374148,112.19659464749158,1.075,1.1224999999999996,506,1,2,17.576193902318504,0.42033956325949096,PLL96-board-fixed,range,selection,60301,NTSC,10,3,1000000.0,,False,,,,,
11.737244719003893,97.21037178331012,True,1.2666821207404708,2,0,2,0.8375,0.1,1.5178562675067504,0.8554083563102697,1.3262224687890143,-1.2284287109178793,-53.09721273735465,127.70996310992457,0.8,0.1,506,1,2,26.429459054029603,0.5243792425620888,RNG-e504a0548d41,range,selection,60301,NTSC,10,3,1000000.0,,False,,,,,
11.840544303044073,95.97565451761182,True,1.2802295231013314,1,0,2,0.8,0.1,1.5104741567527138,1.5480302079535433,1.5517535058704217,-3.0576344366411465,-53.80028410860194,120.75507288808176,0.8,0.1,506,1,2,25.353002665706445,0.5255267947303989,RNG-15cd905107cc,range,selection,60301,NTSC,10,3,1000000.0,,False,,,,,
11.831420627078106,96.02778371616701,True,1.2674347542049633,1,0,2,0.8,0.1,1.510070567494076,1.3547817585813167,1.5406723250564496,-3.0660044110619222,-52.376340581094226,120.75507288808176,0.8,0.1,506,1,2,25.38118811470077,0.5259976177237408,RNG-8afac84026c3,range,selection,60301,NTSC,10,3,1000000.0,,False,,,,,
11.888627145821971,95.48544717677042,True,1.334419132544774,2,0,2,0.8375,0.1,1.5236092572082889,1.8670007059703202,1.7721384382448522,-3.4089730273816317,-51.53388817664211,120.01219792323509,0.8,0.1,506,1,2,24.759324583901524,0.5241167362313739,RNG-8586d0870834,range,selection,60301,NTSC,10,3,1000000.0,,False,,,,,
11.8804701459801,95.47623733442543,True,1.3140980290034832,2,0,2,0.8375,0.1,1.5183561854691345,1.9024203329139056,1.750069602890418,-3.401189788068404,-51.93296924027684,120.0121699205903,0.8,0.1,506,1,2,24.811529977462605,0.5247479071139614,RNG-92d7e07b5941,range,selection,60301,NTSC,10,3,1000000.0,,False,,,,,
11.863357622014261,95.57592180762798,True,1.3615139372664955,2,0,2,0.85,0.1,1.551572103404638,1.5744062956376355,1.260286489581087,-4.501834611957622,-53.511943839605955,121.02654043024826,0.8,0.1,506,1,2,24.464442983650127,0.5269117716016198,RNG-50b085555750,range,selection,60301,NTSC,10,3,1000000.0,,False,,,,,
9.430038994883379,95.06828996632186,True,7.333660478012566,0,0,2,0.325,0.13624999999999998,0.8898097345142745,2.8473337476955596,2.346319829244759,-2.202905302785141,-64.93132914296096,123.88626703100819,0.325,0.13624999999999998,506,0,2,21.66301682489898,0.2981666879982223,RNG-2d4e6e2e69ad,range,selection,60301,NTSC,10,3,1000000.0,,False,,,,,
10.205092021166752,93.19571313390898,True,6.306315798980633,0,0,2,0.225,0.16124999999999998,0.8592872080561037,2.816155849088746,2.7722328621452768,-5.629617275385038,-60.201011855062774,119.95873217104882,0.225,0.16124999999999998,506,0,2,20.59937026324434,0.31914421959764533,RNG-6204a3b51ba0,range,selection,60301,NTSC,10,3,1000000.0,,False,,,,,
11.5232612415144,94.62796267187964,True,1.4081772120650156,0,0,2,0.15,0.4149999999999996,0.8146387933534491,2.618382459768222,1.9606415278855018,-4.957064381048491,-52.326657112630286,123.23718549902146,0.15,0.4149999999999995,506,0,2,23.705643497045283,0.5078402344160063,RNG-42cd73748119,range,selection,60301,NTSC,10,3,1000000.0,,False,,,,,
10.724166588428591,95.70364531460847,True,2.1171579356167225,0,0,2,0.6375,0.6624999999999999,1.3077225775832384,1.7864036719057397,0.8150863121817372,-4.2250178022044205,-55.10916664521913,127.1854612316226,0.6375,0.6624999999999999,506,0,2,24.846223062010523,0.4947663523569971,RNG-f98a1b258cfe,range,selection,60301,NTSC,10,3,1000000.0,,False,,,,,
10.304083612368144,96.57343259566929,True,2.2910162659144344,2,0,0,1.05,0.7099999999999997,1.9894030396993667,3.0961035302913564,2.008400003970578,-1.4270914746060024,-57.003095740032755,130.90363547774206,1.05,0.7099999999999997,506,1,2,26.188018861485652,0.504339751126089,RNG-b7ff76f3093b,range,selection,60301,NTSC,10,3,1000000.0,,False,,,,,
11.747913371864158,93.29274494265945,True,5.497987458115947,0,0,2,0.425,0.22249999999999998,1.0916301450206414,3.6478992360330533,2.6536950271245625,-6.466285990429346,-56.72476704442527,113.79168371963958,0.425,0.22249999999999998,506,0,2,18.269424575921953,0.38933565366793227,RNG-e8b8a23c51cf,range,selection,60301,NTSC,10,3,1000000.0,,False,,,,,
10.892033107956609,89.8865085446431,True,8.067478105892517,1,0,0,0.975,0.4837499999999997,1.6908394716270023,3.3232383245009838,3.32596312792496,-11.65063224460187,-59.4504128582332,119.86544599788847,0.9699999999999989,0.48374999999999957,506,1,2,17.381393145406065,0.37504770826736156,RNG-535412e9c323,range,selection,60301,NTSC,10,3,1000000.0,,False,,,,,
10.407192867190794,96.19142889485566,True,2.8118386233430774,0,0,2,0.5,0.1,1.2154107619064853,2.747404837926869,1.6985687440985382,-1.8583452881832179,-62.43034090125388,134.36453430631798,0.5,0.1,506,0,2,25.34578648612047,0.43716588477902246,RNG-d891ea49ebc0,range,selection,60301,NTSC,10,3,1000000.0,,False,,,,,
11.052198913930217,100.02082037385938,True,1.794278179349544,0,0,2,0.825,0.42374999999999946,1.5704810005608247,-3.2362828361459854,0.5123030208532495,-2.2068268934031803,-68.11728486169909,127.85525967347301,0.825,0.42374999999999946,506,0,2,24.65592757285394,0.511271992275564,RNG-0c37665f1c6e,range,selection,60301,NTSC,10,3,1000000.0,,False,,,,,
10.731834444763962,98.51177307662522,True,1.9448048722479956,0,0,2,0.1,0.1,0.44920054149813027,0.7887070648287346,0.9226980527764479,-1.1756939673112292,-61.13988576804261,142.09053377842156,0.1,0.1,506,0,2,27.11947877510195,0.5033478475564701,RNG-d57bb5da8c11,range,selection,60301,NTSC,10,3,1000000.0,,True,,,,,
12.492650426582886,95.32649496332307,True,0.7330649944154597,24,0,0,1.9125,0.93625,2.640748550044914,3.0166899762326316,1.4198609416197563,-3.4858684982143355,-67.89942302206515,128.0768957740703,1.375,0.93625,506,1,2,24.760013808413916,0.5818295811865356,OVP56,range,selection,60301,NTSC,12,3,1000000.0,,False,,,,,
13.282324444486628,95.69612927429735,True,1.389361375452709,0,0,2,0.075,0.1,0.04496650048656116,1.3354412801129463,2.172909535471475,-2.322423312173635,-51.43062543996241,111.15945982741185,0.075,0.1,506,0,2,24.491305966478265,0.5854246656633447,RANGE32,range,selection,60301,NTSC,12,3,1000000.0,,True,,,,,
-6.588947960426081,-82.25071549425668,False,605.3852429651349,506,12,48,2.025,2.025,1000000.0,83.7175282331861,23.08938717854343,-156.2484505711967,-69.7850497508566,82.04554704192473,1000000.0,1000000.0,506,506,2,-6.636802144609626,-0.3425244627237611,PLL96-rejected-board,range,selection,60301,NTSC,12,3,1000000.0,,False,,,,,
9.28002513677231,95.39557903856843,True,6.221268217493008,455,12,0,2.025,2.025,3.6209781610964265,15.560076829851674,-1.289876022039534,-2.17646083208363,-54.949595776687815,122.91846231193473,1.925,1000000.0,506,38,2,12.74640388891987,0.3429373745827952,PLL96-IQ-corrected,range,selection,60301,NTSC,12,3,1000000.0,,False,,,,,
17.023727712350734,95.98134528284608,True,0.0007526334644922584,0,0,2,0.05,0.025,0.49408307297857573,1.978052471353121,1.7956458109563318,-1.4597104115049662,-58.02167564294155,123.35947461263503,0.05,0.025,506,0,2,27.55800216104663,0.7944154750722207,floating-PLL-IQ40,range,selection,60301,NTSC,12,3,1000000.0,,True,,,,,
4.262441830694356,44.46032222610327,True,95.07416450159106,506,12,0,2.025,2.025,1000000.0,49.13446610467053,27.10350542242667,-25.76662828330823,-7.2632519838030944,90.91122542187718,1000000.0,1000000.0,506,506,2,4.4949933772754465,0.46291948520276455,HC50,range,selection,60301,NTSC,12,3,1000000.0,,False,,,,,
11.546354530249692,98.65747684399322,True,4.140236688171914,2,0,2,1.075,0.9749999999999992,1.8862282849265999,2.59180032245902,-2.064604607297979,-4.611673842299722,-63.31757849217129,112.31328405397808,1.0674999999999983,0.9749999999999993,506,1,2,17.719700887942583,0.4442539848401683,PLL96-board-fixed,range,selection,60301,NTSC,12,3,1000000.0,,False,,,,,
12.522984119631914,97.51391762905462,True,0.9701445357305211,1,0,2,0.6875,0.23499999999999982,1.1694391267984532,0.5624723994316243,1.1764705271620528,-1.0113753798486307,-53.620094998634634,121.70431938396989,0.65,0.2349999999999998,506,1,2,26.905513991246522,0.5622175708771876,RNG-e504a0548d41,range,selection,60301,NTSC,12,3,1000000.0,,False,,,,,
12.638327520042292,96.3667821902779,True,0.9927235396652888,1,0,2,0.625,0.23499999999999982,1.135038818196048,1.2383511811619896,1.3858109815070683,-2.759421413886736,-51.95357968761147,120.39841564154439,0.55,0.2349999999999998,506,1,2,25.96765841580684,0.5649328135305836,RNG-15cd905107cc,range,selection,60301,NTSC,12,3,1000000.0,,False,,,,,
12.631373553401211,96.39831104675208,True,0.9731550695884901,1,0,2,0.625,0.23499999999999982,1.1350758905146927,1.0911105368839593,1.3715243636335281,-2.7755603392135897,-52.825489203345725,120.39841564154439,0.55,0.2349999999999998,506,1,2,25.989679682160784,0.5653458410178173,RNG-8afac84026c3,range,selection,60301,NTSC,12,3,1000000.0,,False,,,,,
12.667539357026188,95.89696724787744,True,1.0664816191855302,1,0,2,0.6875,0.23499999999999982,1.175457041931241,1.5503698823853886,1.6199277929544955,-3.07093148991832,-51.92847372139124,118.59229643197399,0.65,0.2349999999999998,506,1,2,25.349992387061523,0.5628234599548443,RNG-8586d0870834,range,selection,60301,NTSC,12,3,1000000.0,,False,,,,,
12.663289039649026,95.8883696820429,True,1.045407882179747,1,0,2,0.65,0.23499999999999982,1.156993907066973,1.596727029017457,1.5884181286232262,-3.051188773516567,-51.92831563459473,118.59229643197402,0.6299999999999955,0.2349999999999998,506,1,2,25.419051066737847,0.563489701717802,RNG-92d7e07b5941,range,selection,60301,NTSC,12,3,1000000.0,,False,,,,,
12.704057266754436,96.10909793298212,True,1.016055177064549,1,0,2,0.63125,0.23499999999999982,1.2047025227485961,1.2998787257398698,1.0198741656585426,-4.050981186896972,-53.76355775950276,120.06793110982493,0.5699999999999988,0.2349999999999998,506,1,2,25.226050673457877,0.5689129234309023,RNG-50b085555750,range,selection,60301,NTSC,12,3,1000000.0,,False,,,,,
9.640528703604714,95.42883525634001,True,6.629948188712304,0,0,2,0.175,0.11124999999999999,0.44675211313757135,2.5323649297624917,2.248591961632234,-1.8498216242068333,-60.266046709478545,124.27017387737756,0.175,0.11124999999999999,506,0,2,22.278237082288257,0.30800570878715455,RNG-2d4e6e2e69ad,range,selection,60301,NTSC,12,3,1000000.0,,True,,,,,
10.462630225465514,93.72756504365648,True,5.78549344155199,0,0,2,0.175,0.125,0.43590831296529886,2.4494691377125615,2.6031592262095353,-5.1094432102741,-55.635911318934355,120.31108957100811,0.175,0.125,506,0,2,21.258482874880098,0.3319396192693975,RNG-6204a3b51ba0,range,selection,60301,NTSC,12,3,1000000.0,,True,,,,,
12.482781320509917,94.86984117081579,True,0.8263915440124998,0,0,2,0.1,0.1,0.6164464095842622,2.493911866323766,2.0413234519023864,-4.596688345097781,-52.58188887759082,121.454462969434,0.1,0.1,506,0,2,24.249690846455426,0.5599022790205949,RNG-42cd73748119,range,selection,60301,NTSC,12,3,1000000.0,,False,,,,,
11.802780671412819,96.1797696552208,True,0.9791761373044282,0,0,2,0.15,0.49374999999999936,1.0098624333974167,1.6590525629480046,0.6074944899673259,-3.917542876926035,-54.690545695926346,125.815963886136,0.15,0.49374999999999936,506,0,2,25.71234350873887,0.5480374618392376,RNG-f98a1b258cfe,range,selection,60301,NTSC,12,3,1000000.0,,False,,,,,
11.320452975831515,96.8151490669959,True,0.8083283408646855,2,0,1,0.9187500000000001,0.25749999999999973,1.7005470058330112,2.8431048027589507,1.9676509381324803,-1.2601143521763287,-52.65612190521099,131.1368723507391,0.9,0.25749999999999973,506,1,2,26.971490351895607,0.5545054219363064,RNG-b7ff76f3093b,range,selection,60301,NTSC,12,3,1000000.0,,False,,,,,
11.997404223941029,93.85182415770593,True,5.307571191599406,0,0,2,0.325,0.24749999999999997,0.5049324398122026,3.2516659643414743,2.262327591368773,-6.227238448558591,-53.68589825880768,112.37966213249705,0.325,0.24749999999999997,506,0,2,18.48336757277718,0.4033048404826511,RNG-e8b8a23c51cf,range,selection,60301,NTSC,12,3,1000000.0,,False,,,,,
11.494686961047705,91.13900248703595,True,6.522321603289911,1,0,2,0.69375,0.2699999999999999,1.2686153479246967,2.8050276444184408,2.536304572579646,-10.825420641994985,-58.56111951906148,120.06499020624555,0.6599999999999966,0.2699999999999999,506,1,2,18.23881729244543,0.4121415327190524,RNG-535412e9c323,range,selection,60301,NTSC,12,3,1000000.0,,False,,,,,
11.045089727103154,96.37705203807457,True,2.105868433649339,0,0,2,0.125,0.08624999999999998,0.7767742345511022,2.6062523233985906,1.6795619266710948,-1.6785862391581994,-62.85712195319299,129.41664600046295,0.125,0.08624999999999998,506,0,2,25.781330080814072,0.4669176009341846,RNG-d891ea49ebc0,range,selection,60301,NTSC,12,3,1000000.0,,False,,,,,
12.068487139914092,100.72246566616866,True,1.0423973483217779,0,0,2,0.09375,0.075,0.9079761569452293,-3.8337833925738662,0.3425620865938713,-1.615537723749913,-66.65823155622412,125.68661081965014,0.09375,0.075,506,0,2,24.991701737006778,0.5647441732040592,RNG-0c37665f1c6e,range,selection,60301,NTSC,12,3,1000000.0,,False,,,,,
11.904057892998122,98.65108076100387,True,0.8391863129088681,0,0,2,0.075,0.1,0.0493535282526806,0.8514230869484563,1.4390871470300584,-0.6987802648176349,-56.51369194286962,138.34515346249822,0.075,0.1,506,0,2,27.409368533038077,0.5614838090666165,RNG-d57bb5da8c11,range,selection,60301,NTSC,12,3,1000000.0,,True,,,,,
13.54756231117676,96.31218640510438,True,0.5780225007300545,1,0,2,0.9,0.91125,1.9449888009044074,1.7784588668591002,1.2959535084619271,-2.6105245554446688,-65.97908007170338,124.16586547804631,0.8949999999999989,0.9112500000000001,506,1,2,26.27372046589523,0.6315090597131856,OVP56,range,selection,60301,NTSC,14,3,1000000.0,,False,,,,,
14.145008064737155,95.7390715684323,True,1.2719505549919168,0,0,2,0.075,0.075,0.04246598266606422,1.31475721977337,2.118282484985447,-2.382017554795037,-50.99051907868851,110.70082706625688,0.075,0.075,506,0,2,24.735155715685558,0.6320868033079522,RANGE32,range,selection,60301,NTSC,14,3,1000000.0,,True,,,,,
-6.59029729301559,-82.14227716103038,False,605.9166021910665,506,12,50,2.025,2.025,1000000.0,83.39295740687712,23.031127642170844,-156.2131475174967,-68.46178737211167,78.06899076948703,1000000.0,1000000.0,506,506,2,-6.639035574086796,-0.34707031138418665,PLL96-rejected-board,range,selection,60301,NTSC,14,3,1000000.0,,False,,,,,
9.179422844831157,95.94653737268679,True,6.29502629701325,470,12,0,2.025,2.025,3.6489819737077958,15.854137334358695,-1.2024241379305087,-1.9680303053803543,-55.10587174788991,119.48009823951143,1.9,1000000.0,506,56,2,12.394378580336845,0.34822248292243385,PLL96-IQ-corrected,range,selection,60301,NTSC,14,3,1000000.0,,False,,,,,
18.32561066996227,96.14031441787898,True,0.0,0,0,2,0.025,0.025,0.10110554888733989,1.81757175778477,1.7684539104366037,-1.3298192117604513,-54.58623288884894,123.35075320589645,0.025,0.025,506,0,2,28.043356821168416,0.8409198573866818,floating-PLL-IQ40,range,selection,60301,NTSC,14,3,1000000.0,,True,,,,,
4.295945592748951,44.48069761335771,True,95.07040133426861,506,12,0,2.025,2.025,1000000.0,49.06921747977002,27.090194552375866,-25.737129204186854,-4.671521425009637,88.66432822652679,1000000.0,1000000.0,506,506,2,4.499153841954541,0.5021909002566304,HC50,range,selection,60301,NTSC,14,3,1000000.0,,False,,,,,
11.772244487071365,98.50711073252106,True,4.059704907471242,6,0,1,1.175,1.6149999999999998,2.0793842237547153,3.6403103700949098,-1.7867152285256591,-3.819010042595911,-60.86361402883618,111.89344827311355,1.0774999999999977,1.6149999999999998,506,1,2,17.759124704705542,0.4601628983823898,PLL96-board-fixed,range,selection,60301,NTSC,14,3,1000000.0,,False,,,,,
13.011056535832793,97.74295560231785,True,0.8549916156632056,0,0,2,0.175,0.05,0.8566367847738434,0.34270528863354655,1.0361078554771486,-0.8954167530520768,-51.675109488830635,122.06088473467342,0.175,0.05,506,0,2,27.17425964078414,0.5847078325816605,RNG-e504a0548d41,range,selection,60301,NTSC,14,3,1000000.0,,False,,,,,
13.147861668884817,96.64704605577154,True,0.8835916873139114,0,0,2,0.1,0.05,0.8036193755693761,1.0013354591085244,1.230488205387508,-2.5917378674965055,-51.15866205994321,119.96251231371319,0.1,0.05,506,0,2,26.352089265853085,0.5891676712197789,RNG-15cd905107cc,range,selection,60301,NTSC,14,3,1000000.0,,False,,,,,
13.143232947332567,96.66626543917779,True,0.8692916514885585,0,0,2,0.1,0.05,0.8036770116971338,0.8814021021804318,1.2153074038411948,-2.6136581229547478,-51.649772938781595,119.96251231371319,0.1,0.05,506,0,2,26.377071002530556,0.5895581126216608,RNG-8afac84026c3,range,selection,60301,NTSC,14,3,1000000.0,,False,,,,,
13.165098238499963,96.20569015953986,True,0.9821866711623972,0,0,2,0.16874999999999998,0.05,0.8560598336186425,1.308123520141812,1.4697740561384398,-2.8734474587285974,-51.10264532042223,118.79751127607814,0.16875,0.05,506,0,2,25.748363155239765,0.5865946571947552,RNG-8586d0870834,range,selection,60301,NTSC,14,3,1000000.0,,False,,,,,
13.163080554291437,96.1967883783171,True,0.9513286991182146,0,0,2,0.11875,0.05,0.8244728223432285,1.3582085346657857,1.4350379067294847,-2.842736507706339,-50.74750163514308,118.79751127607814,0.11875,0.05,506,0,2,25.83043211816685,0.5873060301478196,RNG-92d7e07b5941,range,selection,60301,NTSC,14,3,1000000.0,,False,,,,,
13.270613402338697,96.48656908699135,True,0.8873548546363726,0,0,2,0.19375,0.05,0.8840287987368101,1.0819815908194697,0.8044774986488316,-3.7734382781413545,-52.583771392554326,120.05243146453269,0.19375,0.05,506,0,2,25.71434520718892,0.5962910392567247,RNG-50b085555750,range,selection,60301,NTSC,14,3,1000000.0,,False,,,,,
9.759148602573212,95.63693310347854,True,6.292768396619772,0,0,2,0.15,0.11124999999999999,0.1449793838417395,2.320945254461919,2.1856739591278367,-1.6809133372382803,-56.979385119850264,124.40786162779857,0.15,0.11124999999999999,506,0,2,22.570246216444595,0.3123972644672322,RNG-2d4e6e2e69ad,range,selection,60301,NTSC,14,3,1000000.0,,True,,,,,
10.617061812656791,94.05743553884864,True,5.583787673068065,0,0,2,0.15,0.125,0.145111378785278,2.2042162902452747,2.5071583095377146,-4.803277721335352,-55.42191356148368,120.4421201491942,0.15,0.125,506,0,2,21.61555590680482,0.3388824848115121,RNG-6204a3b51ba0,range,selection,60301,NTSC,14,3,1000000.0,,True,,,,,
13.23162043725308,95.02216495371927,True,0.5953330704133764,0,0,2,0.1,0.1,0.3946404778014637,2.419214560410737,2.117932028148664,-4.322163551212541,-49.87583270473951,121.3050896362406,0.1,0.1,506,0,2,24.625873470670218,0.6002124094992258,RNG-42cd73748119,range,selection,60301,NTSC,14,3,1000000.0,,True,,,,,
12.646653609854985,96.4657954023579,True,0.687154353081432,0,0,2,0.1,0.47999999999999937,0.6708075040649749,1.6642893298015105,0.49290654891819036,-3.706509399224642,-53.58435986759429,123.43949857567812,0.1,0.47999999999999937,506,0,2,26.356559862635276,0.5893093391475551,RNG-f98a1b258cfe,range,selection,60301,NTSC,14,3,1000000.0,,False,,,,,
12.149015230857662,96.9450462439437,True,0.3386850590215163,0,0,2,0.7937500000000001,0.24374999999999974,1.314179003244676,2.6914415081310374,1.975808143175198,-1.1483636913201682,-50.62003531943345,128.85153330485178,0.79375,0.24374999999999974,506,0,2,27.49901458969319,0.5944899494676088,RNG-b7ff76f3093b,range,selection,60301,NTSC,14,3,1000000.0,,False,,,,,
12.13008719949725,94.18818556044275,True,5.285744821129131,0,0,2,0.3,0.30874999999999997,0.23854435455677647,3.0328761904477526,2.014995999922683,-6.072667207481426,-51.92858919240391,106.9379488766299,0.3,0.30874999999999997,506,0,2,18.588845752809494,0.4105745206524133,RNG-e8b8a23c51cf,range,selection,60301,NTSC,14,3,1000000.0,,True,,,,,
11.864930203232369,91.93114184047788,True,5.588303473855019,0,0,2,0.56875,0.2699999999999999,1.134514552904011,2.549561946414569,1.9490736603161896,-10.326188394383276,-59.19121800198559,118.92040156822516,0.56875,0.2699999999999999,506,0,2,18.7578239287701,0.4353776706523286,RNG-535412e9c323,range,selection,60301,NTSC,14,3,1000000.0,,False,,,,,
11.453387536346888,96.48141852164764,True,1.8138466494263428,0,0,2,0.1,0.075,0.6464663373265793,2.5317025950069376,1.690352587338232,-1.5675807692776733,-63.03408025715809,129.61168328583977,0.1,0.075,506,0,2,26.042513406795024,0.486868556731577,RNG-d891ea49ebc0,range,selection,60301,NTSC,14,3,1000000.0,,False,,,,,
12.844829015157826,101.15900513599989,True,0.8113388747226545,0,0,2,0.075,0.05,0.6391133773368456,-4.1363934084817915,0.1694035128980012,-1.281551110918736,-65.33841174772637,125.9642880998877,0.075,0.05,506,0,2,25.136786511371525,0.6049719997331353,RNG-0c37665f1c6e,range,selection,60301,NTSC,14,3,1000000.0,,False,,,,,
12.82726027199919,98.64795689398113,True,0.5735066999431009,0,0,2,0.075,0.08624999999999998,0.03172806266500223,1.0665203658731446,1.741831652664884,-0.4399458949250698,-52.52161375104032,131.49279424527964,0.075,0.08624999999999998,506,0,2,27.318819519699904,0.6071341344912775,RNG-d57bb5da8c11,range,selection,60301,NTSC,14,3,1000000.0,,True,,,,,
14.95879938346265,97.1977625702429,True,0.4703959153076615,0,0,2,0.05,0.05,0.49754461336898237,0.6549883004871634,1.159873206900018,-1.7181043189081644,-63.49431608258133,124.4444343873741,0.05,0.05,506,0,2,27.600433907671267,0.6971882815193325,OVP56,range,selection,60301,NTSC,18,3,1000000.0,,True,,,,,
15.267241470645715,95.6304742663869,True,1.124434395951434,0,0,2,0.075,0.075,0.04080465369104179,1.35684846044335,2.022831655352942,-2.828053504458531,-50.960790202862626,108.0975054670658,0.075,0.075,506,0,2,24.970558243244184,0.6929978815391747,RANGE32,range,selection,60301,NTSC,18,3,1000000.0,,True,,,,,
-6.593253443793783,-82.16740217285766,False,607.4391796897344,506,12,50,2.025,2.025,1000000.0,83.56831463710417,22.801487915604778,-156.1267046007017,-69.73432081533441,77.33916016466519,1000000.0,1000000.0,506,506,2,-6.6423320352224655,-0.35175838319822555,PLL96-rejected-board,range,selection,60301,NTSC,18,3,1000000.0,,False,,,,,
9.03236578588489,97.0495817649235,True,6.486947830458775,491,12,0,2.025,2.025,3.6700817429588675,15.55853947373988,-1.1219806975072868,-1.7660230415036782,-55.11379689986978,118.0444969564288,1.9149999999999998,1000000.0,506,137,2,11.980671609692415,0.35478541190189483,PLL96-IQ-corrected,range,selection,60301,NTSC,18,3,1000000.0,,False,,,,,
20.225845546371577,96.2907302142403,True,0.0,0,0,2,0.025,0.025,0.022476381982774123,1.6816747964026482,1.7290574856121976,-1.2168792311588903,-51.280349577512695,116.32921826737721,0.025,0.025,506,0,2,28.549736160821237,0.8972494346872228,floating-PLL-IQ40,range,selection,60301,NTSC,18,3,1000000.0,,True,,,,,
4.328222164766244,44.47926552646801,True,94.89729563743539,506,12,0,2.025,2.025,1000000.0,48.99358765285695,27.0838149055061,-25.712530871328354,-1.4724907967158387,88.49438547168383,1000000.0,1000000.0,506,506,2,4.501243254027302,0.5541606096434198,HC50,range,selection,60301,NTSC,18,3,1000000.0,,False,,,,,
11.963726984074645,97.83556600692219,True,3.916704549217713,16,1,0,1.7625,1.364999999999999,2.415123216952134,5.017390877445492,-1.1891020300792206,-3.0195247219380876,-60.0828709883561,111.51898887600434,1.575,0.575,506,1,2,17.63250800787485,0.47723841717131965,PLL96-board-fixed,range,selection,60301,NTSC,18,3,1000000.0,,False,,,,,
13.535745318455664,98.1243562615491,True,0.8309073447994533,0,0,2,0.075,0.05,0.12100840300094015,0.017111101486190612,0.784553479624071,-0.8200410142957663,-51.729461892033925,122.01092617914806,0.075,0.05,506,0,2,27.4092794879987,0.6101061231498561,RNG-e504a0548d41,range,selection,60301,NTSC,18,3,1000000.0,,True,,,,,
13.71089591209156,97.05576800373217,True,0.8549916156632056,0,0,2,0.075,0.05,0.12091139407595672,0.6757375615835205,0.9648762112794907,-2.4723215247330725,-51.263465361389194,120.47788593934486,0.075,0.05,506,0,2,26.729678709873134,0.6170138064506415,RNG-15cd905107cc,range,selection,60301,NTSC,18,3,1000000.0,,True,,,,,
13.709282975935416,97.0693850081123,True,0.8399389463733603,0,0,2,0.075,0.05,0.12089606976157027,0.5720021763064589,0.9418342170987493,-2.504639291593374,-51.243298836174304,120.47788593934486,0.075,0.05,506,0,2,26.765270369734814,0.61740566347946,RNG-8afac84026c3,range,selection,60301,NTSC,18,3,1000000.0,,True,,,,,
13.712598535461698,96.67190022320254,True,0.9693919022660288,0,0,2,0.075,0.05,0.12086541530396852,0.9448198294994966,1.2207044588042455,-2.723857854893496,-51.26047906298771,119.08841588816973,0.075,0.05,506,0,2,26.196528150409677,0.6136730843433592,RNG-8586d0870834,range,selection,60301,NTSC,18,3,1000000.0,,True,,,,,
13.711021195068492,96.65963572208571,True,0.937781296757354,0,0,2,0.075,0.05,0.12084497467887664,1.010050241751379,1.1660792939207578,-2.6813079083366063,-50.93924079395319,119.0884158327137,0.075,0.05,506,0,2,26.289505459646435,0.6142964329252878,RNG-92d7e07b5941,range,selection,60301,NTSC,18,3,1000000.0,,True,,,,,
13.929466363399035,97.00348867675369,True,0.8625179503081282,0,0,2,0.06875,0.05,0.26326938817680295,0.7508265689376923,0.46124274497998025,-3.538233092034741,-50.770215103331125,120.48289558334749,0.06875,0.05,506,0,2,26.13399958349014,0.629212982495677,RNG-50b085555750,range,selection,60301,NTSC,18,3,1000000.0,,True,,,,,
9.88028110568087,95.84641102068674,True,5.937525401379427,0,0,2,0.15,0.11124999999999999,0.06084265003466817,2.078373677332134,2.1171804643711005,-1.5129694753307024,-57.122369737550336,124.28221293380913,0.15,0.11124999999999999,506,0,2,22.949904504548854,0.31656938642252147,RNG-2d4e6e2e69ad,range,selection,60301,NTSC,18,3,1000000.0,,True,,,,,
10.759982798884764,94.38680787279635,True,5.361760801042848,0,0,2,0.15,0.125,0.06641400573751569,1.9307677843973396,2.409141601990658,-4.507604205910797,-55.31136366495842,120.4075953631489,0.15,0.125,506,0,2,22.04269548193607,0.34459757661949375,RNG-6204a3b51ba0,range,selection,60301,NTSC,18,3,1000000.0,,True,,,,,
14.28133183532406,95.21939046021865,True,0.4124431385417576,0,0,2,0.1,0.08624999999999998,0.20145530305860598,2.336557785350431,2.1830299638719075,-4.002875065546738,-47.55519577622377,121.82895704304029,0.1,0.08624999999999998,506,0,2,25.09384263175821,0.6568194352909731,RNG-42cd73748119,range,selection,60301,NTSC,18,3,1000000.0,,True,,,,,
13.73298140359921,96.70355865323363,True,0.474911716094615,0,0,2,0.075,0.075,0.2463643747345381,1.7635465363893403,0.4747887358492741,-3.4704329132371012,-52.054959272668924,122.87725805935965,0.075,0.075,506,0,2,27.132621054667617,0.6412855032990841,RNG-f98a1b258cfe,range,selection,60301,NTSC,18,3,1000000.0,,True,,,,,
13.287237665682778,97.06234596264778,True,0.16181619486583557,0,0,2,0.05,0.05,0.5024409292163395,2.531295306512693,2.0015449860499994,-1.0466813831761204,-49.43365747456929,128.27475787781947,0.05,0.05,506,0,2,28.104065424371885,0.6494657124627571,RNG-b7ff76f3093b,range,selection,60301,NTSC,18,3,1000000.0,,False,,,,,
12.22689558292391,94.47614759551844,True,5.320365960495774,0,0,2,0.275,0.26125,0.10677980556954744,2.8402160587996894,1.7204575891750207,-6.00266955712852,-52.08264086467645,106.41834827076484,0.275,0.26125,506,0,2,18.57698398161405,0.41591428653233015,RNG-e8b8a23c51cf,range,selection,60301,NTSC,18,3,1000000.0,,True,,,,,
12.280153902100526,92.7373787579945,True,4.577516731041916,0,0,2,0.275,0.2699999999999999,0.8874070958443709,2.3127604105400046,1.3152292587175272,-9.85943626161382,-59.35795177374108,119.04429235119942,0.275,0.2699999999999999,506,0,2,19.312788546858965,0.46346985809755126,RNG-535412e9c323,range,selection,60301,NTSC,18,3,1000000.0,,False,,,,,
11.813445196887757,96.55750910960641,True,1.563219705750421,0,0,2,0.075,0.2974999999999996,0.21055404045652787,2.4721872546850494,1.709257345373143,-1.4770450495652871,-58.55631057972719,124.82934385371705,0.075,0.2974999999999996,506,0,2,26.31100677810203,0.5043469180350298,RNG-d891ea49ebc0,range,selection,60301,NTSC,18,3,1000000.0,,True,,,,,
13.87798427467043,101.5886856073908,True,0.6179120743481441,0,0,2,0.05,0.036249999999999984,0.2564460471499107,-4.3943260041638394,-0.06961683120385084,-1.025929370529383,-61.603190834737575,126.58765152687836,0.05,0.036249999999999984,506,0,2,25.28240318696186,0.6584470623544253,RNG-0c37665f1c6e,range,selection,60301,NTSC,18,3,1000000.0,,True,,,,,
14.194221847124965,98.5785297183081,True,0.37857463263960595,0,0,2,0.075,0.075,0.02708681694429807,1.450713686404737,1.7295525317012508,-0.5858538744177946,-50.7915371327344,131.16443250314393,0.075,0.075,506,0,2,27.31698345003089,0.6738164363139291,RNG-d57bb5da8c11,range,selection,60301,NTSC,18,3,1000000.0,,True,,,,,
15.651785383878764,97.49042147853753,True,0.3861009672845286,0,0,2,0.05,0.05,0.06551521260748493,0.2942262954356468,1.0909732171226822,-1.437224270725678,-60.089722542149424,124.49563388779706,0.05,0.05,506,0,2,27.970584909163176,0.7281814057148583,OVP56,range,selection,60301,NTSC,22,3,1000000.0,,True,0.8824995125080946,-47.71430283364082,11.326394500038905,20.76487918505565,11.516867128474331
15.823799045144636,95.61224228222143,True,1.0070235754906418,0,0,2,0.075,0.05,0.03888261446340615,1.3440510550917557,1.9677994053466712,-3.0105841880660864,-49.32553778145311,108.13702811516029,0.075,0.05,506,0,2,25.115888346420043,0.7222159489420859,RANGE32,range,selection,60301,NTSC,22,3,1000000.0,,True,0.8494007559713814,-48.7298538535383,10.982782981707533,20.168276297159068,11.422013648431378
-6.602365406482802,-82.46595033297288,False,608.5207139782098,506,12,50,2.025,2.025,1000000.0,84.3005756489561,22.641291722932863,-156.16063404676598,-67.90543846298351,70.05386027456788,1000000.0,1000000.0,506,506,2,-6.651017728895649,-0.35411065505333394,PLL96-rejected-board,range,selection,60301,NTSC,22,3,1000000.0,contrast;waveform;detail_floor;sync;h_jitter_us;v_jitter_us;h_width_rmse_us;sync_error_ire;black_error_ire;white_error_ire,False,0.43759534658116905,83.12895777174711,36.673905887165596,33.295620986736274,29.397782459414504
8.958002475708932,97.83666618596025,True,6.554684842263079,502,12,0,2.025,2.025,3.6813083611672632,14.749983349781266,-1.0158204045150385,-1.6768020681697424,-48.73271652208092,111.10425872450787,0.1,1000000.0,506,168,2,11.809495106136595,0.36045378836300407,PLL96-IQ-corrected,range,selection,60301,NTSC,22,3,1000000.0,waveform;sync;h_jitter_us;v_jitter_us;h_width_rmse_us,False,0.5046107580719916,-94.57517646230032,39.850038738139524,33.6005632843162,17.88536373748919
21.245408570566802,96.34428413584703,True,0.0,0,0,2,0.025,0.025,0.020851441405707476,1.656459298795259,1.7178680599767302,-1.1522246174474304,-49.05556358106078,113.70179430189876,0.025,0.025,506,0,2,28.750972913530113,0.9218005504827365,floating-PLL-IQ40,range,selection,60301,NTSC,22,3,1000000.0,,True,0.5933994003355174,5.456930810477126,8.023454577718487,18.76719593131379,6.296840029549692
4.339709626469915,44.47840432280619,True,94.81977439059268,506,12,0,2.025,2.025,1000000.0,48.96221333776527,27.098579691834875,-25.66882977888532,1.1693831013882772,85.05143719639173,1000000.0,1000000.0,506,506,2,4.501230565685556,0.578380867560744,HC50,range,selection,60301,NTSC,22,3,1000000.0,contrast;waveform;sync;h_jitter_us;v_jitter_us;h_width_rmse_us;sync_error_ire;black_error_ire;white_error_ire,False,0.4374206912757846,81.23115853348133,10.527625171342262,19.221989548268397,30.882284914972207
11.967251983779919,97.20533854196486,True,3.8000463622214125,0,0,2,0.425,0.13124999999999992,0.12237864037712365,5.621117204073796,-0.7950412985271652,-2.7976055310957793,-58.15913685457931,111.33601698207704,0.425,0.13124999999999992,506,0,2,17.309878477862608,0.48416045486318915,PLL96-board-fixed,range,selection,60301,NTSC,22,3,1000000.0,,True,0.5968975283384579,-86.82007267509917,36.300410589121185,20.925544097742346,16.373191159693732
13.738909453877977,98.35115243846448,True,0.8151020420451158,0,0,2,0.075,0.05,0.03420107364886631,-0.14727753037111027,0.6545545271551239,-0.8201604249648919,-51.64195775903286,122.05911305064652,0.075,0.05,506,0,2,27.471206680655385,0.6210294030062271,RNG-e504a0548d41,range,selection,60301,NTSC,22,3,1000000.0,,True,0.7122085751877822,-49.52492287441392,19.584048655466564,30.99130639025835,12.354307418676871
13.935197757760116,97.27752166824767,True,0.8151020420451158,0,0,2,0.075,0.05,0.03416493938241297,0.5281962080028002,0.8202999348309078,-2.450690039575739,-51.61642107649935,120.52648496464411,0.075,0.05,506,0,2,26.867127937898225,0.6293237181152946,RNG-15cd905107cc,range,selection,60301,NTSC,22,3,1000000.0,,True,0.7203730714857667,-49.59395474721827,19.497066132085067,29.8827846961286,12.33865589040005
13.93492128132392,97.28992239611274,True,0.7985441058262862,0,0,2,0.075,0.05,0.03414685791018465,0.4257602742951391,0.7989520898424797,-2.485195592558139,-51.52540207572128,120.52648496464411,0.075,0.05,506,0,2,26.909064614696533,0.6297165752046361,RNG-8afac84026c3,range,selection,60301,NTSC,22,3,1000000.0,,True,0.7203729768634746,-49.634885834822875,19.51453107772981,29.93020835701528,12.33766174204295
13.931304082103432,96.93186675950822,True,0.9325128625059081,0,0,2,0.075,0.05,0.03416493938241297,0.7660422374091757,1.0857919321775285,-2.690051817816186,-51.613274540684515,119.23620639727275,0.075,0.05,506,0,2,26.386611210606,0.6255746571272879,RNG-8586d0870834,range,selection,60301,NTSC,22,3,1000000.0,,True,0.7090840659125898,-50.10670406735902,19.404609222967608,29.27346935632611,12.358709668781117
13.927692254698654,96.91255886135947,True,0.8993969900682488,0,0,2,0.075,0.05,0.034183011290253015,0.8431498118333947,1.024802296029084,-2.650194713432154,-50.759474523441476,119.23620639727275,0.075,0.05,506,0,2,26.473496417860822,0.6260618410536248,RNG-92d7e07b5941,range,selection,60301,NTSC,22,3,1000000.0,,True,0.712307649016046,-50.12399545365645,19.363537903617882,29.5766852564469,12.368989367533777
14.209508805607303,97.25161029596822,True,0.8263915440124998,0,0,2,0.05,0.05,0.03190276729791355,0.5972856815021709,0.30155267470279856,-3.4782826548123085,-50.35229590026924,120.61425139765635,0.05,0.05,506,0,2,26.22700629807798,0.644546174459294,RNG-50b085555750,range,selection,60301,NTSC,22,3,1000000.0,,True,0.702233240781097,-49.611777268470185,19.118933337144846,30.28403793730358,12.211572001019256
9.929214712628886,95.92370472493907,True,5.820867214383126,0,0,2,0.15,0.1,0.05582431150440381,1.974814419508805,2.090727513106881,-1.4700951263631041,-56.032265736286995,124.33337218582264,0.15,0.1,506,0,2,23.06647882095961,0.3177587101090096,RNG-2d4e6e2e69ad,range,selection,60301,NTSC,22,3,1000000.0,,True,0.33953893503944954,-125.04995825201631,50.263470726151766,104.96303271574658,19.64973026730232
10.813712382146578,94.5025361140378,True,5.266928984516825,0,0,2,0.15,0.125,0.06530749704253314,1.8151658119626708,2.3731016998664867,-4.431216111657096,-55.3423683828628,120.45642159497797,0.15,0.125,506,0,2,22.194138128660338,0.34641680884864423,RNG-6204a3b51ba0,range,selection,60301,NTSC,22,3,1000000.0,,True,0.24290097477052844,-118.00466002748774,48.574259527283104,131.9552431326154,18.14267244453464
14.836462424377082,95.32735078859852,True,0.32287975626717885,0,0,2,0.1,0.1,0.031980107453341566,2.306355075252995,2.181722160112143,-3.8770988205197465,-46.328334485284145,119.74746214974891,0.1,0.1,506,0,2,25.322626333510442,0.6864168992861526,RNG-42cd73748119,range,selection,60301,NTSC,22,3,1000000.0,,True,0.7792580685472379,-49.64975921252245,15.39348114650429,23.409360085203797,11.6769218371456
14.267159797661037,96.77357976949023,True,0.40115363657437375,0,0,2,0.075,0.05,0.02822569261010539,1.8458905485429549,0.48282945985787107,-3.370250390645449,-51.223369322639016,120.65026329062465,0.075,0.05,506,0,2,27.512176605495764,0.6655737131073955,RNG-f98a1b258cfe,range,selection,60301,NTSC,22,3,1000000.0,,True,0.8883914597786762,-55.35807365681373,17.75401569126108,31.711817999692542,13.63422210987247
13.883700354293358,97.10510936400459,True,0.1083792188868852,0,0,2,0.05,0.05,0.02594555716801806,2.4720577108943007,2.025518463129988,-1.0023200560919185,-48.48684463099737,126.0456012067502,0.05,0.05,506,0,2,28.36738222925481,0.6774279528202498,RNG-b7ff76f3093b,range,selection,60301,NTSC,22,3,1000000.0,,True,0.8688368712675646,-45.74598495525597,13.673667070912703,21.106906167995927,11.30147158618096
12.28410124387599,94.61644683085908,True,5.281981653806669,0,0,2,0.275,0.24749999999999997,0.10442293903941058,2.7464841780737226,1.614420758000564,-5.9176722139728914,-50.546598816927315,106.4584322264308,0.275,0.24749999999999997,506,0,2,18.65421776736962,0.41895099321536106,RNG-e8b8a23c51cf,range,selection,60301,NTSC,22,3,1000000.0,,True,0.25719614251444306,-67.9441874210357,37.15685301481824,88.97403914547445,14.107195407189913
12.446055882803504,93.02462369108179,True,4.124431385417576,0,0,2,0.225,0.3937499999999997,0.5758961482053744,2.263008194088381,1.089205865647662,-9.669805959363982,-58.62475713367193,119.09229827715836,0.225,0.3937499999999997,506,0,2,19.589318456747936,0.47554112834849777,RNG-535412e9c323,range,selection,60301,NTSC,22,3,1000000.0,h_width_rmse_us,False,0.19316549051816723,-36.93628151299116,62.41085343054706,157.4367719501988,14.243678736072745
11.923317904956681,96.58600407978871,True,1.4465615187541208,0,0,2,0.075,0.05,0.040516063276177385,2.457427823371431,1.7163769056487586,-1.443440992788995,-56.04691500772959,119.27799670593234,0.075,0.05,506,0,2,26.426844783789857,0.5099810965740692,RNG-d891ea49ebc0,range,selection,60301,NTSC,22,3,1000000.0,,True,0.808604901151921,-63.84360962275451,33.65533195460057,32.94406111384148,14.96970326027882
14.427342887972669,101.73031755182835,True,0.5253381582155964,0,0,2,0.05,0.025,0.031316628574871254,-4.457697216305548,-0.1113834787754238,-0.9334391347556337,-60.8800167239692,123.34136850794218,0.05,0.025,506,0,2,25.349763290567495,0.6861329145494613,RNG-0c37665f1c6e,range,selection,60301,NTSC,22,3,1000000.0,,True,0.9258428384154398,-52.39761597878968,13.04787332640241,24.159653692420946,12.895226994015186
15.098331130658611,98.75949096695587,True,0.3108376208353027,0,0,2,0.075,0.05,0.02822569261010539,1.6458568749461961,0.8643634961787652,-1.0117963736286786,-50.18946735838967,123.94814934629997,0.075,0.05,506,0,2,28.79230134264718,0.7113826450300041,RNG-d57bb5da8c11,range,selection,60301,NTSC,22,3,1000000.0,,True,0.8983870435736887,-47.37535986035021,15.590620714121927,26.412137206077528,12.170219914310714
16.091027075755044,97.56708568132399,True,0.3522324613823769,0,0,2,0.05,0.036249999999999984,0.020432574937512774,0.13228018470011751,1.0911291343605127,-1.3679693669477935,-58.32207907901495,124.51694896798584,0.05,0.036249999999999984,506,0,2,28.087993036566697,0.7469999073912178,OVP56,range,selection,60301,NTSC,30,3,1000000.0,,True,0.8756871210577766,-48.114754903498174,9.696686601141954,21.316671336030836,11.425270520809795
16.166642276057452,95.65330268422457,True,0.9415444640798153,0,0,2,0.06875,0.05,0.03891436833922795,1.2463767586672572,1.88789646645478,-3.1122680715265885,-44.09467685542391,104.01794485659433,0.06875,0.05,506,0,2,25.240788586197375,0.7393267066937462,RANGE32,range,selection,60301,NTSC,30,3,1000000.0,,True,0.8440850816952673,-48.94557059840388,8.846707133020724,20.399570696051768,11.316849443970929
-6.612531503452704,-82.79981440935282,False,609.0897048773659,506,12,50,2.025,2.025,1000000.0,85.05420364482733,22.56724595369561,-156.2113563158575,-67.62857030960195,68.26273966133162,1000000.0,1000000.0,506,506,2,-6.661146617045189,-0.35171252159766325,PLL96-rejected-board,range,selection,60301,NTSC,30,3,1000000.0,contrast;waveform;detail_floor;sync;h_jitter_us;v_jitter_us;h_width_rmse_us;sync_error_ire;black_error_ire;white_error_ire,False,0.44476118070961107,83.14030475742629,38.89614142430679,34.28802865132134,29.379758493445596
8.925074135370293,98.58051394211574,True,6.591563882023199,506,12,0,2.025,2.025,1000000.0,13.89242706891545,-1.0269736945055823,-1.6391544365153983,-41.757725601239216,106.84730282738282,1000000.0,1000000.0,506,506,2,11.73391571005392,0.36205917835364554,PLL96-IQ-corrected,range,selection,60301,NTSC,30,3,1000000.0,waveform;sync;h_jitter_us;v_jitter_us;h_width_rmse_us,False,0.5124458371545679,-95.06449549359131,39.15996729355959,31.768172402898198,17.914806043647825
21.958714766931216,96.3641458858124,True,0.0,0,0,2,0.025,0.025,0.019818843590503007,1.6537348455743894,1.7110099443243179,-1.111125207577113,-47.44702704217018,111.05208377039777,0.025,0.025,506,0,2,28.866717605684432,0.9368475455893909,floating-PLL-IQ40,range,selection,60301,NTSC,30,3,1000000.0,,True,0.589770633034848,5.121921060644495,6.938298072560775,17.810658064512477,6.17812554302904
4.34868197671504,44.48723150347702,True,94.76332688075577,506,12,0,2.025,2.025,1000000.0,48.939599588510326,27.097161884693524,-25.63161101756416,2.6899538641749388,84.37370659212236,1000000.0,1000000.0,506,506,2,4.503097384441972,0.59523283396598,HC50,range,selection,60301,NTSC,30,3,1000000.0,contrast;waveform;sync;h_jitter_us;v_jitter_us;h_width_rmse_us;sync_error_ire;black_error_ire;white_error_ire,False,0.43390047335816206,80.85798588268841,8.416360133493415,18.47466730685334,30.854382688350405
11.882656923591089,96.77350141497354,True,3.725535649236679,0,0,2,0.26875000000000004,0.075,0.10840995061019236,5.707600208524893,-0.6274416675900173,-2.752036985837958,-57.4820006157344,111.10749153058201,0.26875,0.075,506,0,2,16.87403036571476,0.48790379449963,PLL96-board-fixed,range,selection,60301,NTSC,30,3,1000000.0,,True,0.5984403554401978,-87.66511413341595,35.9253653047791,15.546004775461256,16.457960670512428
13.906448102391511,98.43495250960504,True,0.7925230381103482,0,0,2,0.075,0.05,0.035754847096709716,-0.24023289093250136,0.6418684894747383,-0.8389910940228006,-51.67942588211476,122.11963347403328,0.075,0.05,506,0,2,27.560049869018137,0.6298940494411155,RNG-e504a0548d41,range,selection,60301,NTSC,30,3,1000000.0,,True,0.7259505340494494,-47.97287248807672,20.42390437727783,29.245446819130976,12.115849533621667
14.116809820728127,97.35512039389664,True,0.7925230381103482,0,0,2,0.075,0.05,0.0357029908734864,0.44300824876799005,0.8185097615882021,-2.4467454583867996,-51.65387327623015,120.55417902079724,0.075,0.05,506,0,2,26.97154981523275,0.6391231971925329,RNG-15cd905107cc,range,selection,60301,NTSC,30,3,1000000.0,,True,0.7305134650606534,-48.04786618186515,20.690782473656594,28.023137089455254,12.091579338744772
14.115298397960224,97.36830428511607,True,0.7827388030719488,0,0,2,0.075,0.05,0.03563373185409861,0.3360597109598734,0.79726970076321,-2.484756272702497,-51.56282493487948,120.55417902079724,0.075,0.05,506,0,2,27.01239467883874,0.6394005277580898,RNG-8afac84026c3,range,selection,60301,NTSC,30,3,1000000.0,,True,0.7287136878398688,-48.084046275865,20.72696256765646,28.167033351009668,12.090801467163626
14.107790508323543,97.02240820462573,True,0.920470727074032,0,0,2,0.075,0.05,0.03587555345870471,0.6568492528166345,1.0894782551781408,-2.697707277915319,-51.65080224145894,119.31277035278079,0.075,0.05,506,0,2,26.506579625682516,0.6350922603526094,RNG-8586d0870834,range,selection,60301,NTSC,30,3,1000000.0,,True,0.7169524610759876,-48.58211505952476,20.11006824057448,29.454871738660216,12.11475381720915
14.102763382257814,96.99940888455994,True,0.8881074881008649,0,0,2,0.075,0.05,0.035720284645812464,0.7413700405117181,1.0272663528738768,-2.6585177449900983,-50.599047843266874,119.31277035278079,0.075,0.05,506,0,2,26.596081567384232,0.6354377698918071,RNG-92d7e07b5941,range,selection,60301,NTSC,30,3,1000000.0,,True,0.7217865980971931,-48.60709502584658,20.010443444988496,29.233268218633384,12.12453403916797
14.428518968155819,97.35664468519906,True,0.806823073935701,0,0,2,0.05,0.05,0.03302517305535231,0.4714952057276317,0.28249191413589764,-3.461841640631132,-50.60407067492301,120.56876571338005,0.05,0.05,506,0,2,26.2979308519223,0.6562902759253751,RNG-50b085555750,range,selection,60301,NTSC,30,3,1000000.0,,True,0.7056108920877909,-47.92438506197453,20.337647471316547,30.91552484733236,11.92162066546151
9.957968630602867,95.96344121389807,True,5.738830166753471,0,0,2,0.15,0.1,0.05601206815192711,1.919505368503884,2.071066877705725,-1.4488019289602414,-54.85183067824051,124.35459881067807,0.15,0.1,506,0,2,23.139692260912376,0.31861423617217494,RNG-2d4e6e2e69ad,range,selection,60301,NTSC,30,3,1000000.0,,True,0.3318382768939742,-127.1717287769896,52.27169807068833,110.42819032878529,19.643399907866158
10.846691950364448,94.55795750910643,True,5.156291865236462,0,0,2,0.15,0.125,0.06424923678050556,1.7540526416906745,2.3514012139484364,-4.412447889324462,-52.50205886851242,120.4764019860922,0.15,0.125,506,0,2,22.27305687668725,0.34753428017782106,RNG-6204a3b51ba0,range,selection,60301,NTSC,30,3,1000000.0,,True,0.2345310240855598,-120.27503155670495,50.32302813457747,150.96131446026192,18.10120188603212
15.17542242694583,95.36940833429388,True,0.29578495154545753,0,0,2,0.1,0.1,0.03223018127439306,2.286704601272346,2.179054353188926,-3.8481815924820695,-46.082136930277045,118.94594231638602,0.1,0.1,506,0,2,25.42828682143061,0.7035172147025576,RNG-42cd73748119,range,selection,60301,NTSC,30,3,1000000.0,,True,0.7748391092703493,-49.11485610577138,13.708819195895037,25.040284921281454,11.43243492505958
14.586621665171169,96.83644962766842,True,0.37029566453019114,0,0,2,0.075,0.05,0.029341420761987917,1.833173185954033,0.45364248156013853,-3.3423160555185025,-49.13135248574703,117.41442316160622,0.075,0.05,506,0,2,27.735051686656792,0.6796022158072592,RNG-f98a1b258cfe,range,selection,60301,NTSC,30,3,1000000.0,,True,0.8777649396221381,-57.13863196530909,17.504896273740755,29.785413087090056,13.74136506130997
14.384455782640641,97.13182350730217,True,0.10762658542239295,0,0,2,0.05,0.05,0.024171039084714224,2.433865650029925,2.0152961920640675,-0.9892207618033899,-47.943994625970205,125.9657755247572,0.05,0.05,506,0,2,28.575293604968145,0.7004228670353965,RNG-b7ff76f3093b,range,selection,60301,NTSC,30,3,1000000.0,,True,0.8562182804856777,-46.40177844685221,12.437039938890148,21.70071980017865,11.181098075583
12.31513690365162,94.68113152678477,True,5.3053132912059295,0,0,2,0.275,0.21999999999999992,0.09974027536378807,2.6737823772681466,1.5746141104682887,-5.88065684827608,-49.57055455054638,106.1516318293054,0.275,0.21999999999999992,506,0,2,18.67924418915213,0.4205334307458513,RNG-e8b8a23c51cf,range,selection,60301,NTSC,30,3,1000000.0,,True,0.2545858801204486,-67.5492475620795,38.253734211046,93.30186279500946,14.055762385288721
12.528190635505446,93.14156856830517,True,3.9189624496111892,0,0,2,0.225,0.15,0.10237423596649364,2.212910809151832,1.0286459464299926,-9.617875185235782,-52.12752241179807,119.11183892610954,0.225,0.15,506,0,2,19.709299476212593,0.480778045768717,RNG-535412e9c323,range,selection,60301,NTSC,30,3,1000000.0,,True,0.18182331311144526,-34.0512072124194,60.64560131610241,161.0031100401724,14.02993114565642
11.981376626532443,96.60232585528362,True,1.4322614829287676,0,0,2,0.075,0.05,0.04062262458850361,2.444263387538647,1.7121354439564158,-1.4326564981462935,-46.7805646852579,119.25626228749779,0.075,0.05,506,0,2,26.512671566627834,0.512715254901152,RNG-d891ea49ebc0,range,selection,60301,NTSC,30,3,1000000.0,,True,0.8081677869733337,-64.0750706497777,32.6139965634853,31.294050505505712,14.870644773783308
14.851199945655825,101.82612852376691,True,0.5065223216032899,0,0,2,0.05,0.025,0.03151321951106502,-4.451595456828077,-0.12473452135374026,-0.8251281409130788,-59.35013228795466,123.29795491592328,0.05,0.025,506,0,2,25.450733115898426,0.7069611970663058,RNG-0c37665f1c6e,range,selection,60301,NTSC,30,3,1000000.0,,True,0.9148438094647378,-52.967127677892684,11.525236095278299,23.836966646384905,12.827474918286876
15.614872255401897,98.80052186773925,True,0.23030584013463107,0,0,2,0.075,0.061249999999999985,0.02915136997709545,1.7329215803771505,0.6978595334861557,-1.0689439145632171,-47.40724594376924,123.20637528805186,0.075,0.061249999999999985,506,0,2,29.23615511909127,0.7325094354850158,RNG-d57bb5da8c11,range,selection,60301,NTSC,30,3,1000000.0,,True,0.8790351399982552,-47.02643666277468,15.201516379040363,25.23380792680996,11.897619520213958
11.673067771350388,92.16758576754256,True,0.6838143036386449,108,0,0,2.025,1.4087499999999997,2.29479615487526,3.0845779521855254,2.3122794850654764,-5.512742332094694,-57.09956123543387,120.3281055540182,1.5974999999999995,1.4087499999999997,610,3,2,21.35575255253479,0.5255498261599597,OVP56,range,selection_envelope,60351,PAL,30,1.5,1000000.0,h_missing;vertical_trains,False,0.8278487291564582,-60.5793498894708,18.222850783984764,24.62771465919893,13.724644064513345
12.84430442530245,91.04831170126151,True,1.3701380175658722,0,0,2,0.125,0.09124999999999998,0.04260955022634953,4.547570158470044,2.0721998398489316,-6.337297095334101,-39.40551942390667,102.4273588717504,0.125,0.09124999999999998,610,0,2,20.211577575829093,0.5556723957953887,RANGE32,range,selection_envelope,60351,PAL,30,1.5,1000000.0,,True,0.6003164300880901,-68.40055489683085,17.32117101533857,29.24813722086125,12.780013375317308
-6.48395252052973,-78.55108322378958,False,606.646800501882,610,8,63,2.025,2.025,1000000.0,83.53304424950561,22.37329836342787,-152.28511736122852,-63.22823331387229,65.64161079657136,1000000.0,1000000.0,610,610,2,-6.531032026250832,-0.3651197878419779,PLL96-rejected-board,range,selection_envelope,60351,PAL,30,1.5,1000000.0,contrast;stress_waveform;h_missing;v_missing;vertical_trains;sync_error_ire;black_error_ire;white_error_ire,False,0.31182183623125564,64.93272404755014,22.783049814265386,30.872318233113056,28.247444814483536
9.362752946723782,93.69909327715423,True,6.006900878293601,610,8,0,2.025,2.025,1000000.0,16.226672843979628,-0.1095959764023871,-5.787000822698153,-38.645811192179124,102.38686957206001,1000000.0,1000000.0,610,610,2,12.171923389659847,0.36850106934659416,PLL96-IQ-corrected,range,selection_envelope,60351,PAL,30,1.5,1000000.0,stress_waveform;h_missing;v_missing;vertical_trains;sync_error_ire,False,0.3574735534739656,-112.26681689584797,24.910544846382543,32.4549149774025,16.38565913504968
16.55712101161335,91.42200957581905,True,0.003136762860727729,0,0,2,0.025,0.025,0.033845114910112044,4.452479141640096,2.3159097925357357,-5.4169867791526745,-42.41640023456334,119.15609126274784,0.025,0.025,610,0,2,21.458575998791495,0.8012199430228503,floating-PLL-IQ40,range,selection_envelope,60351,PAL,30,1.5,1000000.0,,True,0.3942749406064347,6.100214405515856,9.58953701938107,16.68831374916607,8.629209139524514
4.210355853888339,42.69721102143567,True,88.92848180677541,610,8,0,2.025,2.025,1000000.0,49.47797602803119,26.75728706888407,-27.777672579537143,1.19753356824814,84.47841732167318,1000000.0,1000000.0,610,610,2,4.460649958483515,0.41765838569715813,HC50,range,selection_envelope,60351,PAL,30,1.5,1000000.0,contrast;stress_waveform;h_missing;v_missing;vertical_trains;sync_error_ire;black_error_ire;white_error_ire,False,0.3827093902450442,98.52318798228742,15.936626657012441,21.45357202686522,30.43931446113702
12.0262444864184,91.65566503087089,True,3.5483061480552074,306,4,0,2.025,2.025,3.0117488553601475,9.122472670015117,0.26700807340045235,-6.794863316903164,-53.552849311280866,105.93982007044191,1.8424999999999983,1.27,610,6,2,16.548586900420645,0.4863903038139822,PLL96-board-fixed,range,selection_envelope,60351,PAL,30,1.5,1000000.0,h_missing;v_missing;vertical_trains,False,0.40734143766813036,-100.19280875847355,23.748978849733923,29.93942816298669,14.988898003997896
12.61169427837948,91.04697900821876,True,0.7252195734002509,0,0,2,0.6887499999999989,0.05,1.4098242827376473,4.826273815189325,2.8487539614853814,-5.232012835585988,-46.758049110917355,115.96591607205359,0.6887499999999989,0.05,610,0,2,20.57537315370116,0.5680635900673255,RNG-e504a0548d41,range,selection_envelope,60351,PAL,30,1.5,1000000.0,,False,0.742384859258864,-50.91708584661013,13.429096588069344,24.547395678380784,11.636894692550905
12.632138983713654,89.99757292967107,True,0.7647427854454203,0,0,2,0.6887499999999989,0.05,1.410141473544352,5.160233615160361,3.08637040110465,-6.861850896108726,-47.42277860549873,113.75071996176167,0.6887499999999989,0.05,610,0,2,19.768948705265284,0.5725478312909537,RNG-15cd905107cc,range,selection_envelope,60351,PAL,30,1.5,1000000.0,,False,0.7343338039861576,-50.915763631505726,13.370106100186185,24.04954701024935,11.614758056310347
12.636805710808158,89.9182632866572,True,0.7634880803011292,0,0,2,0.6887499999999989,0.05,1.4092453072710847,5.304494105529701,3.0813480607786663,-6.902331620888173,-47.26190532640595,113.75071996176167,0.6887499999999989,0.05,610,0,2,19.73204807033095,0.5736018820905887,RNG-8afac84026c3,range,selection_envelope,60351,PAL,30,1.5,1000000.0,,False,0.7326316071681604,-50.939477138676324,13.376133352344352,23.900632641525643,11.608476759974229
12.6070831385382,89.47743042843759,True,0.904642409033877,0,0,2,0.6887499999999989,0.05,1.411234199987059,5.461318580434593,3.2682511782231005,-7.298275482983778,-46.68931327669922,112.86229734436019,0.6887499999999989,0.05,610,0,2,19.312736418941373,0.5716115280218498,RNG-8586d0870834,range,selection_envelope,60351,PAL,30,1.5,1000000.0,,False,0.7266952587363661,-51.39263731307241,13.805256680035553,24.777768254429194,11.654628548222947
12.61168177891864,89.50967899031427,True,0.8789209535759097,0,0,2,0.6887499999999989,0.05,1.4113057115577086,5.460573957563464,3.2303297046295736,-7.262129434097099,-46.68931327669922,112.86229734436019,0.6887499999999989,0.05,610,0,2,19.346253889293433,0.5723311256418114,RNG-92d7e07b5941,range,selection_envelope,60351,PAL,30,1.5,1000000.0,,False,0.727032655972724,-51.39076807258261,13.805069755986574,24.86639476663668,11.65661484638368
12.808091814515992,90.25292178021988,True,0.7691342534504391,0,0,2,0.6887499999999989,0.05,1.4108776770762699,4.706239292625154,2.3208324307929686,-8.160491118614974,-47.23341274982568,112.63160329831796,0.6887499999999989,0.05,610,0,2,19.751476406158545,0.5833420042520632,RNG-50b085555750,range,selection_envelope,60351,PAL,30,1.5,1000000.0,,False,0.7212491122075583,-50.65165107396247,13.120052587435582,24.05174800607129,11.354040039047707
10.313601039923562,91.24093744266725,True,4.634253450439147,0,0,2,0.15,0.15,0.06346387897399772,4.829403677994267,2.864803111268572,-5.597050538057201,-42.33715259750976,118.81058596203526,0.15,0.15,610,0,2,20.439549469990496,0.34696093444185117,RNG-2d4e6e2e69ad,range,selection_envelope,60351,PAL,30,1.5,1000000.0,stress_waveform,True,0.14131236511389866,-136.5559939127629,70.8044413554308,128.8508609277756,16.913871168202355
11.052849452177686,89.86361304396766,True,4.409033877038896,0,0,2,0.15,0.15,0.06640659655165118,4.671998924887132,3.1284593590102574,-8.426471602765876,-42.84539413692241,115.13447763221718,0.15,0.15,610,0,2,19.265276201231806,0.37510141909389205,RNG-6204a3b51ba0,range,selection_envelope,60351,PAL,30,1.5,1000000.0,,True,0.12581799585229814,-106.02228152640204,58.86008926214292,133.8236022358997,15.555434533000644
12.495837826999832,91.26729359774026,True,0.8864491844416562,0,0,2,0.1,0.06624999999999999,0.8608826008574086,4.968732502823243,2.346313750315074,-7.793325189657878,-43.503136924531894,112.76542410780412,0.1,0.06624999999999999,610,0,2,20.8582944685569,0.5501432868761191,RNG-42cd73748119,range,selection_envelope,60351,PAL,30,1.5,1000000.0,,False,0.6207448527530788,-67.91054596627991,16.42237452130802,30.240709689928806,12.945002747190427
11.101092412670631,89.39345372967948,True,0.6279799247176914,160,2,0,2.025,2.025,2.893483579048311,4.978379855384239,2.9268940726770625,-8.273043641278104,-47.082464925791285,115.19088550765478,1.738749999999999,1.275,610,3,2,19.272619578008783,0.5065773044489499,RNG-f98a1b258cfe,range,selection_envelope,60351,PAL,30,1.5,1000000.0,h_missing;v_missing;vertical_trains,False,0.7932365611794547,-70.63677857963695,19.189630494021152,32.246645081374915,15.332337309980531
6.3213017583420985,79.00686053321232,True,28.70263488080301,0,0,2,0.075,0.075,0.04617544944174925,5.300293412202626,2.840248139673426,-36.94435190536395,-51.616653772211905,102.4826093534446,0.075,0.075,610,0,2,10.32004078722345,0.337677107670702,RNG-b7ff76f3093b,range,selection_envelope,60351,PAL,30,1.5,1000000.0,stress_waveform;white_error_ire,True,0.6903588843328382,-55.97090305074749,14.706600670349074,34.45986392190664,13.672023875133332
12.296010276006829,89.86076524543341,True,5.217063989962359,0,0,2,0.3,0.22374999999999995,0.11948060409161967,5.565340516993782,2.331176632825105,-9.755092951543597,-44.79852187199578,101.51649959187891,0.3,0.22374999999999998,610,0,2,17.464783712152244,0.4263063275245897,RNG-e8b8a23c51cf,range,selection_envelope,60351,PAL,30,1.5,1000000.0,,True,0.22018674109583103,-72.46740224903068,29.839743583597105,60.10548468449736,12.817457338401743
12.3166360244229,88.4295770399084,True,3.6041405269761606,0,0,2,0.3,0.4612499999999998,0.13320989846546813,5.058409330017769,1.8830628781495573,-13.341044944802913,-48.47524810004131,113.83327300789163,0.3,0.4612499999999998,610,0,2,17.279742540053785,0.4966728869493571,RNG-535412e9c323,range,selection_envelope,60351,PAL,30,1.5,1000000.0,,True,0.2684645133823923,-44.05070223698579,46.77668074574836,62.51866574656635,12.068329242877422
11.933200493392189,91.56236178592808,True,1.4868255959849435,304,4,0,2.025,2.025,2.998037211941007,5.306166499530165,2.516998473126738,-5.5564149186142435,-43.40689767181594,112.83035863568806,1.8375,1.27,610,6,2,21.452961743382044,0.49373102980523664,RNG-d891ea49ebc0,range,selection_envelope,60351,PAL,30,1.5,1000000.0,h_missing;v_missing;vertical_trains,False,0.6758825738893739,-78.1562935898965,21.79714362958108,33.93602563295125,14.86916311262676
12.230342473949907,96.60882119395448,True,0.8726474278544541,0,0,2,0.05,0.05,0.03853091158460936,-2.7904648526722236,1.0140265488459699,-4.640594746563263,-55.608749991740225,117.87440965151184,0.05,0.05,610,0,2,23.8750967009555,0.5441481111713226,RNG-0c37665f1c6e,range,selection_envelope,60351,PAL,30,1.5,1000000.0,,True,0.7362971407877971,-57.84646377279787,14.785655214502908,25.176801405394972,12.557867986478902
10.75652648086873,93.25893119346144,True,0.9943538268506901,0,0,2,0.1,0.09124999999999998,0.04603099454733075,2.9978578879395696,1.6232961568340998,-6.568436140635602,-45.842149015393446,121.6198091938298,0.1,0.09124999999999998,610,0,2,22.485327391734376,0.4789999026709715,RNG-d57bb5da8c11,range,selection_envelope,60351,PAL,30,1.5,1000000.0,stress_waveform,True,0.7229826372329717,-68.14620256012475,19.38393306793003,29.409954319097437,14.79566728846442
11.749473862732504,92.18191627862181,True,0.7097333570161997,104,5,0,2.025,2.025,2.308034043136844,2.9444787199978095,2.166483386263828,-5.735977418194551,-54.29546040335668,119.2155218666031,1.65,1.6474999999999997,506,3,2,21.251012030905784,0.5466306049526676,OVP56,range,selection_envelope,60351,NTSC,30,1.5,1000000.0,h_missing;v_missing;vertical_trains,False,0.8738808469317451,-48.41549239391885,30.660385103357864,38.41208618431533,12.892335732732336
12.879826437284155,90.99673354481122,True,1.3968877100976316,0,0,2,0.125,0.125,0.042871256851550556,4.408916324680151,1.9273920930505275,-6.545166860676166,-39.57994888109762,102.20648211776947,0.125,0.125,506,0,2,20.118556427015303,0.5730466794543755,RANGE32,range,selection_envelope,60351,NTSC,30,1.5,1000000.0,,True,0.6105306468337073,-55.63528822591289,31.540998445531272,73.50981626102273,12.56135568921229
-6.376428177930917,-78.20734089131611,False,598.8109896527951,506,12,51,2.025,2.025,1000000.0,83.31423171539392,22.18154222375001,-152.40648809772298,-63.25951325108884,58.75139429066348,1000000.0,1000000.0,506,506,2,-6.425644063862707,-0.35056719874629866,PLL96-rejected-board,range,selection_envelope,60351,NTSC,30,1.5,1000000.0,contrast;stress_waveform;h_missing;v_missing;vertical_trains;sync_error_ire;black_error_ire;white_error_ire,False,0.4214582070346258,82.4068024480138,38.61973065254721,33.24887112753195,28.829683950702314
9.330378699533613,93.04240716902099,True,6.063967823414126,506,12,0,2.025,2.025,1000000.0,16.15950047430246,-0.23337673116768715,-5.971668818984555,-38.769719651949984,101.99344669978464,1000000.0,1000000.0,506,506,2,12.274646052205277,0.3553834265998178,PLL96-IQ-corrected,range,selection_envelope,60351,NTSC,30,1.5,1000000.0,stress_waveform;h_missing;v_missing;vertical_trains;sync_error_ire,False,0.4840253492576543,-95.5091606602345,38.32680333082105,31.49739535714123,17.459223685101623
16.585381905214053,91.33411234169773,True,0.0022579003934767752,0,0,2,0.025,0.025,0.03221101375484206,4.323136366525174,2.168384024028815,-5.63157577590493,-42.480498181407526,118.92313781086511,0.025,0.025,506,0,2,21.357804358555136,0.8111506027681618,floating-PLL-IQ40,range,selection_envelope,60351,NTSC,30,1.5,1000000.0,,True,0.48005442153585876,-3.793003995055545,28.466709122447423,37.665275589059235,8.122195580989185
4.173704336386698,42.66180272451212,True,94.90858513940277,506,12,0,2.025,2.025,1000000.0,49.34245773947329,26.585289166398447,-27.969424117755366,2.3159161864077547,82.95766968452543,1000000.0,1000000.0,506,506,2,4.417680156272652,0.4342277547536264,HC50,range,selection_envelope,60351,NTSC,30,1.5,1000000.0,contrast;stress_waveform;h_missing;v_missing;vertical_trains;sync_error_ire;black_error_ire;white_error_ire,False,0.3929788446134439,80.66224790521139,30.060011704078505,42.21601331095576,30.476115436166584
11.98040867660156,91.34182177289962,True,3.5524299524034597,248,7,0,2.025,2.025,2.984424603366333,8.992217929280807,0.13555518529900876,-7.028505054939968,-48.39177400838897,105.54862117635244,1.9,1.78,506,7,2,16.576604273358456,0.4884019339653469,PLL96-board-fixed,range,selection_envelope,60351,NTSC,30,1.5,1000000.0,h_missing;v_missing;vertical_trains,False,0.5756744045710511,-87.40734445448284,36.62696883752198,14.650575864456242,15.930831510206422
12.653261753776665,91.0080976503649,True,0.7917704046458559,1,0,2,0.74375,0.36749999999999955,1.485186340277386,4.690563513824704,2.7052690444232814,-5.446867936172474,-46.876371514862946,115.62692204705363,0.7149999999999977,0.36749999999999955,506,1,2,20.489600656508692,0.5853775784567926,RNG-e504a0548d41,range,selection_envelope,60351,NTSC,30,1.5,1000000.0,h_missing,False,0.8020852529053172,-40.29232006680117,30.746731598591555,39.13650870005304,10.931066157482007
12.670005716534195,89.96389992212204,True,0.8263915440124998,1,0,2,0.74375,0.36749999999999955,1.4856029379039712,5.024736645577064,2.9403456630527067,-7.07796900037055,-47.406787754248526,112.94423094908944,0.7149999999999977,0.36749999999999955,506,1,2,19.693289643335596,0.5898601368284484,RNG-15cd905107cc,range,selection_envelope,60351,NTSC,30,1.5,1000000.0,h_missing,False,0.7941515028529005,-40.2618491617199,30.74819767464589,38.102326775624945,10.914947625355481
12.673744628065236,89.8825284898844,True,0.8203704762965617,1,0,2,0.74375,0.36749999999999955,1.4850946731164352,5.168783338856255,2.934096238377283,-7.118556084725631,-47.318835524834654,112.91114923811233,0.7149999999999977,0.36749999999999955,506,1,2,19.655325715163144,0.5908006380907624,RNG-8afac84026c3,range,selection_envelope,60351,NTSC,30,1.5,1000000.0,h_missing,False,0.7888748686948441,-40.28094292907557,30.723669142933034,39.33655389136696,10.918980673567987
12.643905516836348,89.45114049349519,True,0.9769182369109514,1,0,2,0.74375,0.38124999999999953,1.4869652296067337,5.3217271960599986,3.121925890374778,-7.506608204501731,-46.809454539836544,112.65494018581927,0.7149999999999977,0.38124999999999953,506,1,2,19.25362899933517,0.5888966164039479,RNG-8586d0870834,range,selection_envelope,60351,NTSC,30,1.5,1000000.0,h_missing,False,0.7845696763995591,-40.72170691332941,30.749761896959495,37.66578370781982,10.956460480567387
12.648194012265808,89.48260632941758,True,0.94982343218923,1,0,2,0.74375,0.38124999999999953,1.4869652296067337,5.321412579355492,3.0833871950108684,-7.473201039262458,-46.809454539694336,112.65494018581927,0.7149999999999977,0.38124999999999953,506,1,2,19.285031539939745,0.5895508593222897,RNG-92d7e07b5941,range,selection_envelope,60351,NTSC,30,1.5,1000000.0,h_missing,False,0.784569676399559,-40.721752630102415,30.749716180186486,38.098555882664364,10.958907471842096
12.84141161746774,90.2255142309875,True,0.8324126117284378,1,0,2,0.74375,0.36749999999999955,1.4859852717045254,4.575575723173804,2.1768824694403452,-8.365151335565267,-47.351404038868765,112.40313605765024,0.7149999999999977,0.36749999999999955,506,1,2,19.66598100823733,0.6003835811293027,RNG-50b085555750,range,selection_envelope,60351,NTSC,30,1.5,1000000.0,h_missing,False,0.7716409092732541,-39.90718674223984,30.94286149369475,42.998989396111114,10.717869354090217
10.087063713487673,90.86066572250554,True,4.974907200293829,0,0,2,0.15,0.1,0.06303623714718296,4.683962853834332,2.721193152314038,-5.803929784003809,-51.172983642590125,118.57784802000509,0.15,0.1,506,0,2,20.38443500602409,0.3121854955991307,RNG-2d4e6e2e69ad,range,selection_envelope,60351,NTSC,30,1.5,1000000.0,stress_waveform,True,0.3187051200428289,-129.609040689429,50.41756225905646,111.30926718195866,19.36106049824767
10.81272968896502,89.51314171060596,True,4.6768643483548935,0,0,2,0.15,0.125,0.06405670042677204,4.523440504731411,2.98886041659176,-8.621060619446878,-49.82295597685602,114.90428051196875,0.15,0.125,506,0,2,19.218213007163886,0.34117041851014396,RNG-6204a3b51ba0,range,selection_envelope,60351,NTSC,30,1.5,1000000.0,stress_waveform,True,0.2289631140348271,-122.15362694375146,50.177331713204865,133.90781970247534,17.917442198933852
12.566917759782946,91.25652105391207,True,0.8911180219588339,0,0,2,0.075,0.075,0.6751710733294707,4.830128077069132,2.208736340389362,-8.001114434894166,-43.626516444636465,112.53686441277728,0.075,0.075,506,0,2,20.81228186877016,0.5698327456520157,RNG-42cd73748119,range,selection_envelope,60351,NTSC,30,1.5,1000000.0,,False,0.6726189653043311,-55.55837736846969,32.00296227057661,54.38261384332846,12.66188151520394
11.212407703132335,89.47683820423418,True,0.6502753133213113,74,0,0,2.025,1.2199999999999993,2.1716189397416032,4.850168276686567,2.779628384012142,-8.488839647265841,-47.206168942420334,115.33602319893205,1.425,1.2199999999999993,506,3,2,19.229602953022155,0.5345388301305728,RNG-f98a1b258cfe,range,selection_envelope,60351,NTSC,30,1.5,1000000.0,h_missing;vertical_trains,False,0.8853885492094983,-52.04610247094195,34.720259690073924,50.606787920028076,13.860025953936908
6.424905798662575,79.19986932924799,True,28.11688096650179,0,0,2,0.075,0.025,0.04643942886556297,5.163585785192007,2.702268948206331,-36.99908699860416,-51.72395226343875,102.25931978639636,0.075,0.025,506,0,2,10.402936711245532,0.35640584655928537,RNG-b7ff76f3093b,range,selection_envelope,60351,NTSC,30,1.5,1000000.0,stress_waveform;white_error_ire,True,0.7707883715975523,-45.33139018723189,34.631753457289086,49.23012832909712,13.158605967436335
12.207039643960293,89.67215408599081,True,5.284992187664638,0,0,2,0.3,0.33374999999999994,0.12025582085950304,5.408075603147845,2.2253353099200104,-9.986659323520962,-46.17031197945872,101.30154018418713,0.3,0.33374999999999994,506,0,2,17.491058222199282,0.42054530882675734,RNG-e8b8a23c51cf,range,selection_envelope,60351,NTSC,30,1.5,1000000.0,,True,0.22811503393867913,-68.16022213974475,37.33326392211214,94.20802051816155,13.961834299129174
12.166356107743058,88.20411626950792,True,3.6894092429410508,0,0,2,0.3,0.15,0.10758074456328377,4.900345766165588,1.7120119645103513,-13.522803052200056,-48.59236412558424,113.60397524614774,0.3,0.15,506,0,2,17.254644942178995,0.4802625497123578,RNG-535412e9c323,range,selection_envelope,60351,NTSC,30,1.5,1000000.0,,True,0.17509881687405338,-33.474393120469195,58.17765235317481,159.34966758799334,13.895543942248606
11.977160715278652,91.51422780527571,True,1.551930203783037,211,7,0,2.025,2.025,3.0770745379116846,5.169016808265158,2.369857719837182,-5.774206162060599,-41.437178867614975,112.60175406046318,1.75,1.78,506,6,2,21.3557640080463,0.5126074291006667,RNG-d891ea49ebc0,range,selection_envelope,60351,NTSC,30,1.5,1000000.0,h_missing;v_missing;vertical_trains,False,0.7677784959185688,-63.390436828916286,34.412622036417474,41.533724944037985,14.401251742184217
12.300947932043673,96.67876248342459,True,0.8993969900682488,0,0,2,0.05,0.05,0.0376397265114627,-2.908917337197923,0.858528242167996,-4.853473273139384,-55.35345997535413,118.37376473366893,0.05,0.05,506,0,2,23.735988952902414,0.5642328557519936,RNG-0c37665f1c6e,range,selection_envelope,60351,NTSC,30,1.5,1000000.0,,True,0.7913609218433381,-45.86590857965725,31.462266965414003,50.17309878414823,11.974041802801457
10.844469473700629,93.26371745745598,True,1.0002498743102115,0,0,2,0.1,0.1,0.048609621032435504,2.8455064230961273,1.4474862859035083,-6.794236840399458,-46.09984760304259,121.38510117811083,0.1,0.1,506,0,2,22.372128843808994,0.49893244394637465,RNG-d57bb5da8c11,range,selection_envelope,60351,NTSC,30,1.5,1000000.0,stress_waveform,True,0.7848086653746458,-55.06275730251899,33.81613666005011,48.65201560496664,14.304363423925377
16.635528427527817,97.9048352325202,True,0.3030112923462986,0,0,2,0.05,0.05,0.021967748341901468,-0.24057730003696207,1.323314537469228,-1.3500918756147584,-58.04800469775867,119.9791769719173,0.05,0.05,610,0,2,28.217162154432017,0.7561956095947413,OVP56,range,selection_envelope,60352,PAL,30,5,1000000.0,,True,0.8312968475104348,-60.00426773531808,8.89229015471724,17.55974789826245,11.76545606254326
16.517038132894356,95.91578664525828,True,0.9937264742785445,0,0,2,0.075,0.05,0.04504096496069066,0.23178551943851156,1.5592440091850395,-3.895090742796604,-45.76830526566971,104.2682981089961,0.075,0.05,610,0,2,24.815693521318313,0.7463161637315255,RANGE32,range,selection_envelope,60352,PAL,30,5,1000000.0,,True,0.7429627583781846,-60.23575553017608,8.187320688541385,14.587262415858705,11.196572849573549
-6.789318702936722,-83.01102652159395,False,619.1662484316186,610,8,65,2.025,2.025,1000000.0,82.04578652380017,21.963997491366033,-157.6730573221091,-69.55566937274769,68.33994984816385,1000000.0,1000000.0,610,610,2,-6.836299373865162,-0.3730960699063698,PLL96-rejected-board,range,selection_envelope,60352,PAL,30,5,1000000.0,contrast;waveform;detail_floor;sync;h_jitter_us;v_jitter_us;h_width_rmse_us;sync_error_ire;black_error_ire;white_error_ire,False,0.328663814411784,65.8852290908309,22.15223270272531,34.79446225531205,28.337175320025487
8.894966907475537,98.70260771273858,True,6.3626097867001254,212,4,0,2.025,2.025,3.408186456845211,15.7152973804381,-1.6004877226554104,-1.2319921186879534,-48.61026950718521,107.5763878777777,1.8,1.5449999999999995,610,6,2,11.52084652578395,0.3753483037872118,PLL96-IQ-corrected,range,selection_envelope,60352,PAL,30,5,1000000.0,waveform;sync;h_jitter_us;v_jitter_us;h_width_rmse_us;sync_error_ire,False,0.38287740120253405,-111.92167104005946,22.84693411346169,35.01596462580498,17.18693196996421
23.500054861968298,97.5796187115238,True,0.0,0,0,2,0.025,0.025,0.009549268275117415,0.3308305798098004,0.9891145008031826,-0.6041366633430699,-46.043130273138786,109.82697444142147,0.025,0.025,610,0,2,31.250911547883305,0.9529870483502425,floating-PLL-IQ40,range,selection_envelope,60352,PAL,30,5,1000000.0,,True,0.5252068603772434,17.222858792845862,5.101383042885326,9.702364997116323,6.354138192985437
4.516324364932593,44.76042306221565,True,88.36198243412798,610,8,0,2.025,2.025,1000000.0,48.283617112657886,26.508482031312894,-26.382961456789563,3.7159671757087835,80.71581047646904,1000000.0,1000000.0,610,610,2,4.664290491512038,0.6268411895686783,HC50,range,selection_envelope,60352,PAL,30,5,1000000.0,contrast;waveform;sync;h_jitter_us;v_jitter_us;h_width_rmse_us;sync_error_ire;black_error_ire;white_error_ire,False,0.4172947768514006,98.87689170902247,6.65405655420941,12.961699352410475,30.233252226908846
11.874774067916505,98.58191088684094,True,3.679422835633626,0,0,2,0.075,0.075,0.05085337327818571,3.6404791107075547,-1.3935401580760507,-2.311404548821663,-58.95805046275434,112.04762886549119,0.075,0.075,610,0,2,16.904235426970395,0.48302822737527,PLL96-board-fixed,range,selection_envelope,60352,PAL,30,5,1000000.0,,True,0.42879678917546205,-99.97338325969406,23.01395724862759,29.057439661117428,15.792031339006172
15.44429664951791,99.13131726833916,True,0.8764115432873275,0,0,2,0.05,0.04124999999999999,0.026004413244615256,-0.8973619913058882,-0.012582503064440096,0.4434649006953055,-52.60180334078912,117.57301983106797,0.05,0.04124999999999999,610,0,2,26.99419567478186,0.6924217497882204,RNG-e504a0548d41,range,selection_envelope,60352,PAL,30,5,1000000.0,,True,0.6518813043800664,-66.3317419522722,18.898858432144387,20.337438254138803,12.414944242748337
15.61384587288263,98.04907584330135,True,0.972396486825596,0,0,2,0.05,0.04124999999999999,0.025163400432204615,-0.13508788466341085,0.21957353720009443,-1.3753165931092097,-51.122135621066036,116.15408741583144,0.05,0.04124999999999999,610,0,2,27.29068721430981,0.6963075863886375,RNG-15cd905107cc,range,selection_envelope,60352,PAL,30,5,1000000.0,,True,0.6479981262642078,-66.19221725161192,19.328928530611943,20.33583025299633,12.38255173916638
15.588482688612917,98.0579580696744,True,0.9592220828105394,0,0,2,0.05,0.04124999999999999,0.025,-0.1893631458107907,0.21674624290110958,-1.265673555652516,-51.646144517549175,117.60978376986793,0.05,0.04124999999999999,610,0,2,27.199423159300522,0.6955819723188988,RNG-8afac84026c3,range,selection_envelope,60352,PAL,30,5,1000000.0,,True,0.6479980923553748,-66.19572805836252,19.2940432834871,20.33582608404887,12.381808853664158
15.564849273339028,97.42381248435157,True,1.0853199498117942,0,0,2,0.05,0.04124999999999999,0.024773564705078705,0.2994988123709258,0.5292959128549599,-1.60272154232401,-51.96154372889397,115.7633164188565,0.05,0.04124999999999999,610,0,2,26.4045633486258,0.6925877242567184,RNG-8586d0870834,range,selection_envelope,60352,PAL,30,5,1000000.0,,True,0.6456725158321497,-66.57239880148677,19.491487011630827,21.285617555895907,12.392954745815388
15.574441910924676,97.48028421031897,True,1.053952321204517,0,0,2,0.05,0.04124999999999999,0.02441948966317347,0.3282752359968358,0.48922204271474623,-1.5087424841436363,-51.9615437342693,117.36831496305058,0.05,0.04124999999999999,610,0,2,26.55285778155081,0.6932502267287743,RNG-92d7e07b5941,range,selection_envelope,60352,PAL,30,5,1000000.0,,True,0.6442878368862558,-66.6379155101079,19.552246902859967,21.15426396745519,12.395781495134074
15.7594156037865,97.47684729030435,True,0.9880803011292347,0,0,2,0.05,0.04124999999999999,0.025406530721030933,0.1987744528862864,0.2464883688624223,-2.5450311334665594,-50.76255750547672,119.04289046756796,0.05,0.04124999999999999,610,0,2,26.774973362033183,0.703213934595272,RNG-50b085555750,range,selection_envelope,60352,PAL,30,5,1000000.0,,True,0.6118835845837186,-65.3081637467071,20.94553533161662,19.835337775427337,12.08125553924454
9.95149534172096,97.38028417822571,True,5.774780426599749,0,0,2,0.15,0.13249999999999998,0.057143406027808805,0.8111238913443811,1.3769958621449991,-1.0816034640932768,-58.4310565374151,125.11473509505345,0.15,0.13249999999999998,610,0,2,23.147409505176487,0.3389908479277459,RNG-2d4e6e2e69ad,range,selection_envelope,60352,PAL,30,5,1000000.0,,True,0.1774398405609582,-129.2393214697652,78.0400078707746,95.69646485504998,17.209094759429334
10.877332019263992,95.86198072179849,True,5.126097867001255,0,0,2,0.15,0.14125,0.056321675645713734,0.6644237459141227,1.667012533500951,-4.122178972472667,-56.80782962926723,121.18858979229921,0.15,0.14125,610,0,2,22.326219492587303,0.36716359001556914,RNG-6204a3b51ba0,range,selection_envelope,60352,PAL,30,5,1000000.0,,True,0.1438705321791714,-101.33617391373022,71.4499355491987,117.57467279792823,15.731597580473133
15.640709016562731,97.02704513786372,True,0.58030112923463,0,0,2,0.1,0.06624999999999999,0.026181115707168235,1.0475378016403565,1.4618212130121064,-3.2519514068569113,-47.266271624452074,112.98784207015123,0.1,0.06624999999999999,610,0,2,26.90993562683572,0.702149463499512,RNG-42cd73748119,range,selection_envelope,60352,PAL,30,5,1000000.0,,True,0.7572581715008573,-62.976291239910545,17.72885273926352,22.797867825110593,12.070588838476763
13.949289083623865,97.85953740463286,True,0.42785445420326224,0,0,2,0.075,0.06624999999999999,0.03474143366521816,0.4197168130541362,-0.19098724945045312,-3.0722939046656346,-51.93072839074841,121.720557812312,0.075,0.06624999999999999,610,0,2,27.896315340453945,0.6386484679260798,RNG-f98a1b258cfe,range,selection_envelope,60352,PAL,30,5,1000000.0,,True,0.8105281822289263,-66.69762563791265,14.717520374462383,25.159673177647523,13.767072499395987
14.475285999697915,98.31685549549327,True,0.07779171894604768,0,0,2,0.05,0.05,0.02425107738015696,1.226425232526965,1.2917432671409521,-0.516125202460022,-49.28778154184633,126.8248593859905,0.05,0.05,610,0,2,31.476945828866366,0.6916532934721478,RNG-b7ff76f3093b,range,selection_envelope,60352,PAL,30,5,1000000.0,,True,0.8110376541481772,-57.852172580301946,12.815726159471847,20.36947889477673,11.773705142802337
12.436267725810401,95.94892084627324,True,5.168130489335007,0,0,2,0.275,0.15,0.09108858955731494,1.5352228548278712,0.8121496140984822,-5.46943848885025,-49.49450655384906,106.6469761774488,0.275,0.15,610,0,2,18.829433667283823,0.42818063668244877,RNG-e8b8a23c51cf,range,selection_envelope,60352,PAL,30,5,1000000.0,,True,0.24166580675437047,-71.0604636474862,29.8979237667939,57.22577220345844,12.905191069343235
12.685717719973022,94.4894880763345,True,3.7603513174404015,0,0,2,0.2,0.19124999999999998,0.08432470419577479,1.0261726920180312,0.27297483490659885,-9.276878156627001,-53.516729140148726,119.80741363674713,0.2,0.19124999999999998,610,0,2,19.850574367211145,0.4968015748935458,RNG-535412e9c323,range,selection_envelope,60352,PAL,30,5,1000000.0,,True,0.28426140343001727,-42.90641058358446,45.15762577446314,56.32136919215352,12.06423770825902
11.827699370458724,97.79220183825828,True,1.4912170639899625,0,0,2,0.075,0.075,0.0539618869749904,1.215341741715927,0.9808669788371768,-0.9881342442170148,-50.0856389622431,120.40839875385251,0.075,0.075,610,0,2,27.30296131684531,0.49178537776997505,RNG-d891ea49ebc0,range,selection_envelope,60352,PAL,30,5,1000000.0,,True,0.7039689148852707,-78.52182230234614,19.53944405902122,34.262177748286575,15.444224081376413
14.441955714160295,103.2405364701163,True,0.46800501882057716,0,0,2,0.05,0.04124999999999999,0.036228441865473596,-5.974722332370816,-0.583557342603354,0.2114597874646495,-59.328255398670834,123.41424432944797,0.05,0.04124999999999999,610,0,2,24.115427809795488,0.6776474116430474,RNG-0c37665f1c6e,range,selection_envelope,60352,PAL,30,5,1000000.0,,True,0.8279723680979665,-64.18853104675244,13.7303743511517,24.336757585067698,13.209515606649028
15.222971332965326,99.95644471709055,True,0.2590966122961104,0,0,2,0.075,0.05,0.03085197339385411,0.5172390098970755,-0.03857659281968676,-0.6394463432074109,-48.700688145552604,121.14303694281762,0.075,0.05,610,0,2,29.396909117600853,0.7023883980771201,RNG-d57bb5da8c11,range,selection_envelope,60352,PAL,30,5,1000000.0,,True,0.8323225303378342,-57.7571901812726,16.419449547509405,24.19026463642869,12.24050662707096
16.798018105741892,97.83803148367592,True,0.3093323539063182,0,0,2,0.05,0.036249999999999984,0.020219888068873836,-0.20616772627918928,1.3128586160707316,-1.5173565207477118,-58.16125182864809,119.74763799091016,0.05,0.036249999999999984,506,0,2,28.11405971013247,0.7749147645574151,OVP56,range,selection_envelope,60352,NTSC,30,5,1000000.0,,True,0.8981336442015291,-48.366367879524475,7.110200937532992,12.216568084501457,11.287458521901145
16.634932346263167,95.83574593895847,True,0.9949814400587658,0,0,2,0.075,0.05,0.04533581330890014,0.25494469608932296,1.5504334318801176,-4.06688232710459,-45.67480756300826,104.09736832910633,0.075,0.05,506,0,2,24.70600885205755,0.763957706896241,RANGE32,range,selection_envelope,60352,NTSC,30,5,1000000.0,,True,0.8025489204963385,-48.62396632825923,7.455677137465735,13.714089412626526,10.778041062335227
-6.668115461506964,-82.43477763843418,False,616.652165928584,506,12,53,2.025,2.025,1000000.0,81.94381480254515,21.680159312211195,-157.58970932288636,-69.14158480628856,68.22447195121822,1000000.0,1000000.0,506,506,2,-6.716904774908126,-0.3546022249900914,PLL96-rejected-board,range,selection_envelope,60352,NTSC,30,5,1000000.0,contrast;waveform;detail_floor;sync;h_jitter_us;v_jitter_us;h_width_rmse_us;sync_error_ire;black_error_ire;white_error_ire,False,0.4425565115620488,83.76736454816391,35.781957799170456,26.753608119727662,28.955028464225528
8.901135128535673,97.79779211793698,True,6.4515740576276395,211,5,0,2.025,2.025,3.3996423042152784,15.796658942885943,-1.722612759889943,-1.3815945156629603,-46.836162465543666,107.39744326353556,1.85,1.2549999999999988,506,8,2,11.682504013040926,0.3605071210289376,PLL96-IQ-corrected,range,selection_envelope,60352,NTSC,30,5,1000000.0,waveform;sync;h_jitter_us;v_jitter_us;h_width_rmse_us;sync_error_ire,False,0.5114395154657717,-95.15859765131172,36.19929497908156,28.50052137320955,18.229142336046568
23.94034453515086,97.4503346612792,True,0.0,0,0,2,0.025,0.025,0.008608755539377273,0.38751733514895836,0.9718840531649129,-0.7688938595762785,-46.09813147383727,109.53254305873998,0.025,0.025,506,0,2,30.939782284115047,0.9617406105226024,floating-PLL-IQ40,range,selection_envelope,60352,NTSC,30,5,1000000.0,,True,0.6238823066112138,8.107939866504273,4.237961430274871,8.153037677605896,5.53921768412586
4.463950404379547,44.70689410595275,True,94.22444132017931,506,12,0,2.025,2.025,1000000.0,48.28576744424712,26.444855838870826,-26.493784445925968,3.593699144227287,82.92017986854486,1000000.0,1000000.0,506,506,2,4.605550738986153,0.6431816608235349,HC50,range,selection_envelope,60352,NTSC,30,5,1000000.0,contrast;waveform;sync;h_jitter_us;v_jitter_us;h_width_rmse_us;sync_error_ire;black_error_ire;white_error_ire,False,0.44464970879558496,80.4560606354773,5.1250023832273435,8.869692486649626,30.3313494880155
11.887158803670548,98.24462706071948,True,3.719514581520741,0,0,2,0.075,0.075,0.05399092296716042,3.691518906527938,-1.3354737143495687,-2.505601641440373,-58.90382687980346,111.93631639317204,0.075,0.075,506,0,2,17.072799369078396,0.48542663959646737,PLL96-board-fixed,range,selection_envelope,60352,NTSC,30,5,1000000.0,,True,0.59435839511219,-87.12839855604382,32.675098816704875,17.88109748934612,16.733151512423934
15.491666243075958,98.99377516614295,True,0.9001496235327411,0,0,2,0.05,0.025,0.026650089544451305,-0.8500968504430655,-0.008351745652400945,0.2705409434704749,-52.11415592584148,120.34888260518707,0.05,0.025,506,0,2,27.087138739899473,0.7032345528276697,RNG-e504a0548d41,range,selection_envelope,60352,NTSC,30,5,1000000.0,,True,0.7098211916587249,-56.78419488009247,14.720554817754312,17.37864620917944,12.553185537427845
15.655222238691465,97.91785838716623,True,0.9656287349435675,0,0,2,0.05,0.025,0.0257064225068905,-0.0931023281799685,0.2281833671283522,-1.5342440388136078,-50.480668875614114,117.66054010488631,0.05,0.025,506,0,2,27.311800540408207,0.7072380802804458,RNG-15cd905107cc,range,selection_envelope,60352,NTSC,30,5,1000000.0,,True,0.708427078442304,-56.69249548038196,14.732149098181095,18.33745506487313,12.537251172621083
15.63058831038251,97.93065827600145,True,0.9573497668341527,0,0,2,0.05,0.025,0.025634247102381002,-0.145732845564787,0.2235678615348449,-1.4226923441346424,-50.48066887561415,117.66054010488622,0.05,0.025,506,0,2,27.233467393414394,0.7065184231072238,RNG-8afac84026c3,range,selection_envelope,60352,NTSC,30,5,1000000.0,,True,0.7084268499800838,-56.69365290226712,14.733445996157641,18.337239357671304,12.53666424028452
15.602773281933137,97.2823742193287,True,1.0928237904427591,0,0,2,0.05,0.025,0.025049358389612003,0.3482962363941276,0.5480507694723065,-1.7652809147440527,-51.930275160552924,116.6473051347977,0.05,0.025,506,0,2,26.40789953797516,0.7036408479111416,RNG-8586d0870834,range,selection_envelope,60352,NTSC,30,5,1000000.0,,True,0.7044234663290772,-57.068787393917404,14.392087057646387,18.907788456956172,12.564142770476565
15.612574441001478,97.34080256279907,True,1.0551921172181464,0,0,2,0.05,0.025,0.024826472865485977,0.37515238010968904,0.5013973065336569,-1.669174153796449,-51.93027516055295,117.17393266926857,0.05,0.025,506,0,2,26.562805245324448,0.7042936901758362,RNG-92d7e07b5941,range,selection_envelope,60352,NTSC,30,5,1000000.0,,True,0.7039179484953497,-57.112084460124194,14.435384123848456,18.57153943525429,12.563254493259757
15.787309939259512,97.3470216994916,True,0.967134001872552,0,0,2,0.05,0.025,0.02618250781371066,0.2359662539720441,0.261463622816866,-2.6895029709183587,-51.09963066572937,119.00950516765977,0.05,0.025,506,0,2,26.758217257167853,0.7133993677866716,RNG-50b085555750,range,selection_envelope,60352,NTSC,30,5,1000000.0,,True,0.6739183674562608,-56.03107619637075,15.372165639840878,18.507846774516103,12.32938843828838
9.756753741881003,96.89470147838571,True,6.169336508443042,0,0,2,0.15,0.15,0.055857490890099504,0.8632846765347193,1.3595045251840343,-1.3169279514913226,-58.047342815504365,124.90742085966377,0.15,0.15,506,0,2,23.046673816757746,0.30584992301371694,RNG-2d4e6e2e69ad,range,selection_envelope,60352,NTSC,30,5,1000000.0,,True,0.336950830371733,-125.456775203929,56.55601440293326,87.99455656833759,19.590583553583645
10.654534635507707,95.41536732157422,True,5.351223932539957,0,0,2,0.15,0.16124999999999998,0.05592379060588817,0.7106901256132796,1.6524955859173422,-4.330068826448789,-56.63389075316961,120.98762631288571,0.15,0.16124999999999998,506,0,2,22.2338519619029,0.3337368879282604,RNG-6204a3b51ba0,range,selection_envelope,60352,NTSC,30,5,1000000.0,,True,0.24252182633984054,-118.12147902675444,55.56204542586475,108.67541351135279,18.082773063874868
15.797104806471049,96.94226978449188,True,0.5366276601829802,0,0,2,0.1,0.08624999999999998,0.026857845660398498,1.0822087737306059,1.4469806265474192,-3.4070294573911535,-47.1947510826317,112.79333326987123,0.1,0.08624999999999998,506,0,2,26.87905520503382,0.7224431557902454,RNG-42cd73748119,range,selection_envelope,60352,NTSC,30,5,1000000.0,,True,0.8126020570621746,-51.17313039417013,12.27451016627192,24.61858633118092,11.73269185247303
13.99514416735829,97.7815931825652,True,0.4244852739736338,0,0,2,0.075,0.061249999999999985,0.035616396055527424,0.46086735613019103,-0.19847748295604214,-3.243851665860566,-50.11767314616165,121.51873324081058,0.075,0.061249999999999985,506,0,2,27.681323684006482,0.655864975832867,RNG-f98a1b258cfe,range,selection_envelope,60352,NTSC,30,5,1000000.0,,True,0.9204283778907394,-57.10715878206102,16.742312510081366,23.842626050394117,14.290037067395339
14.65440586083157,98.20767230667133,True,0.05720014330141164,0,0,2,0.05,0.036249999999999984,0.022338573314057232,1.2671147064447712,1.2756153681932667,-0.6816769922098982,-49.21298395290597,126.63629750317384,0.05,0.036249999999999984,506,0,2,31.376588175178895,0.7107074766658656,RNG-b7ff76f3093b,range,selection_envelope,60352,NTSC,30,5,1000000.0,,True,0.8828606989839882,-46.3843647855778,9.573453769393128,16.44484838566158,11.422670807519966
12.38395257324928,95.71706783652111,True,5.185644570351661,0,0,2,0.275,0.24749999999999997,0.09287885773112595,1.5386164982509285,0.8348094569827635,-5.632222504595488,-50.85118528846116,106.46952957057243,0.275,0.24749999999999997,506,0,2,18.964161487927214,0.42359015421349333,RNG-e8b8a23c51cf,range,selection_envelope,60352,NTSC,30,5,1000000.0,,True,0.25562925249347335,-67.8370502263107,37.53645349285977,87.07018195287249,14.072972192948523
12.527334767130645,94.16226672888797,True,3.9708941586611552,0,0,2,0.225,0.19749999999999995,0.08251991016186658,0.9699644494841003,0.2349869636200738,-9.462431073490283,-53.435095732850925,119.60042484217928,0.225,0.19749999999999995,506,0,2,19.846777858080355,0.47883197651521475,RNG-535412e9c323,range,selection_envelope,60352,NTSC,30,5,1000000.0,,True,0.1934771190580657,-35.99446960272294,56.5319265819895,138.7540671289987,14.070240468528148
11.900541455147575,97.66312721480504,True,1.5188143313453775,0,0,2,0.075,0.061249999999999985,0.05708238966166505,1.239059337804836,0.9880047510541975,-1.1689905946068135,-48.02944369706041,120.2576611225719,0.075,0.061249999999999985,506,0,2,27.282663855902403,0.5106591694491172,RNG-d891ea49ebc0,range,selection_envelope,60352,NTSC,30,5,1000000.0,,True,0.8162170526505719,-64.2728071215571,28.40527857591899,23.466191330291288,15.19040159817351
14.553089383677186,103.21219540796297,True,0.4320116086185563,0,0,2,0.05,0.036249999999999984,0.034720794876240156,-5.935340099150447,-0.5938060978948748,0.050592652477444156,-57.990359969880885,123.11951205241226,0.05,0.036249999999999984,506,0,2,24.179398536794324,0.6964637069230057,RNG-0c37665f1c6e,range,selection_envelope,60352,NTSC,30,5,1000000.0,,True,0.9335929232045139,-52.417570886778684,10.06780761380964,18.499046710433554,13.090751668601502
15.348544090329938,99.8206602693597,True,0.23256374052810785,0,0,2,0.075,0.04749999999999996,0.029862994139441747,0.5543866062559166,-0.0479683402339935,-0.8029626858411905,-48.586319692553026,120.0860143633104,0.075,0.047499999999999966,506,0,2,29.415035285442926,0.7202259733646336,RNG-d57bb5da8c11,range,selection_envelope,60352,NTSC,30,5,1000000.0,,True,0.8963339361077047,-48.28354743972455,17.316032495467955,24.864783269195623,12.218050561851692
15.774584764535772,97.14751391481784,True,0.3877038895859473,0,0,2,0.05,0.05,0.019912719388436702,0.6054169790966173,1.0666272014237765,-1.6416412152514555,-53.90460995608143,123.37693434084073,0.05,0.05,610,0,2,27.798341772946777,0.7179161316009275,OVP56,range,selection_envelope,60353,PAL,30,3,500000.0,,True,0.8452572279239683,-60.7517044376951,16.844618139757742,20.216962592190033,12.249757161377524
15.869993444709962,96.25913473759834,True,0.7158092848180677,0,0,2,0.075,0.075,0.05918677023196826,1.864292735624262,2.236769470342848,-0.6861979334981763,-45.800509012484135,109.67459739298863,0.075,0.075,610,0,2,25.251366322073924,0.7124283457512269,RANGE32,range,selection_envelope,60353,PAL,30,3,500000.0,,True,0.7534407221579005,-65.89140939202827,15.245303180313888,19.39915833562074,12.51221482135872
-6.352432286546622,-96.41253218407057,False,659.2979924717691,610,8,34,2.025,2.025,1000000.0,136.00561517982894,39.214538235192265,-142.13911103745883,-56.5773032751287,108.45060516860187,1000000.0,1000000.0,610,610,2,-6.3883015318249505,-0.37694851267429963,PLL96-rejected-board,range,selection_envelope,60353,PAL,30,3,500000.0,contrast;waveform;detail_floor;sync;h_jitter_us;v_jitter_us;h_width_rmse_us;sync_error_ire;black_error_ire;white_error_ire,False,0.2738576875864968,53.34406915946304,32.1553429212517,57.00242316996545,42.97237297412872
9.470954543771956,102.75754259531205,True,5.824968632371393,0,0,2,0.3274999999999977,0.22999999999999987,0.10926355563573764,2.2765353962824504,2.246970086929486,5.423985169027206,-52.70244785572334,114.0645930312391,0.32749999999999774,0.2299999999999999,610,0,2,12.505821250477743,0.37584445058544425,PLL96-IQ-corrected,range,selection_envelope,60353,PAL,30,3,500000.0,,True,0.31079640115185186,-125.13314361391292,31.483175962740408,58.97904220416094,17.675992589573745
21.51723059527557,95.85344340786918,True,0.0,0,0,2,0.025,0.025,0.01776439614768268,2.246658084908002,2.307027516495337,-0.6776082171429901,-44.55588628704182,112.68260127257591,0.025,0.025,610,0,2,27.35673248207079,0.9308698791348915,floating-PLL-IQ40,range,selection_envelope,60353,PAL,30,3,500000.0,,True,0.5353789596109237,12.83795489327395,7.230358293091974,11.025142538124951,6.446664605736342
3.545752502051727,44.22881540613682,True,95.42032622333751,610,8,0,2.025,2.025,1000000.0,54.674402202779596,32.49410032373618,-20.967060249794248,9.984128105249113,90.14628014491066,1000000.0,1000000.0,610,610,2,3.658445848044348,0.5563132018594839,HC50,range,selection_envelope,60353,PAL,30,3,500000.0,contrast;waveform;sync;h_jitter_us;v_jitter_us;h_width_rmse_us;sync_error_ire;black_error_ire;white_error_ire,False,0.40789497946244735,98.11164282546521,14.042654024589712,18.788137207465276,35.74360270669555
12.395109220592186,102.15607483821236,True,3.8939774153074027,0,0,2,0.075,0.06624999999999999,0.06714310628286031,-2.5756218567254923,-2.017607879289786,0.7874246456032241,-49.22975284301038,114.85679812005583,0.075,0.06624999999999999,610,0,2,16.87471955136768,0.5232263017055878,PLL96-board-fixed,range,selection_envelope,60353,PAL,30,3,500000.0,,True,0.45610401433949865,-96.62845317412811,28.458833613167354,30.709094559845784,15.016034317068554
9.481671054687224,91.98523675413689,True,12.225846925972396,610,8,0,2.025,2.025,1000000.0,18.736083461780122,0.13445180964478184,-0.5224815555213109,-54.287935250227946,124.98093769398866,1000000.0,1000000.0,610,610,2,16.139796952050375,0.4409666019722062,RNG-e504a0548d41,range,selection_envelope,60353,PAL,30,3,500000.0,sync;h_jitter_us;v_jitter_us;h_width_rmse_us;sync_error_ire,False,0.8064100334177002,-55.43099046587657,34.67614680514033,31.222250747388003,13.160792291179655
11.62725286147058,94.3904165177065,True,6.027603513174404,180,1,0,2.025,1.8849999999999998,2.2915485522767916,11.452060677199556,0.2503813645600992,-1.3546213247214052,-52.65339296519762,118.64712473777493,1.025,1.4749999999999996,610,4,2,19.261839133860075,0.5246738258536144,RNG-15cd905107cc,range,selection_envelope,60353,PAL,30,3,500000.0,sync;h_jitter_us;v_jitter_us;h_width_rmse_us,False,0.8212220918898985,-55.134240861484635,34.74285026405407,30.791173454304914,13.105402490390459
10.381827008561203,92.42086018410447,True,10.617942283563362,610,8,0,2.025,2.025,1000000.0,16.474464037913844,0.25972365056855207,-1.3868259501685927,-53.538175002150574,119.97105251432717,1000000.0,1000000.0,610,610,2,17.192475164561444,0.47854849673025257,RNG-8afac84026c3,range,selection_envelope,60353,PAL,30,3,500000.0,sync;h_jitter_us;v_jitter_us;h_width_rmse_us;sync_error_ire,False,0.8193751774486278,-55.21314677306821,34.79267327094624,31.030462106488685,13.099823438137664
11.564666931920495,93.78154531070057,True,6.08030112923463,181,1,0,2.025,1.8849999999999998,2.2914483896895264,12.302489531916642,0.5807827748450551,-1.3894596042067056,-52.39060812222259,117.06982148432229,1.075,1.4749999999999996,610,4,2,18.896094001954687,0.518888961567611,RNG-8586d0870834,range,selection_envelope,60353,PAL,30,3,500000.0,sync;h_jitter_us;v_jitter_us;h_width_rmse_us,False,0.80873380728102,-55.464287975722165,34.112979149551364,30.21065970022682,13.070819391029936
10.285820463850424,91.8334202063453,True,11.063989962358844,610,8,0,2.025,2.025,1000000.0,17.512452905305995,0.48199353644005294,-1.4111154858885167,-52.872527802787964,118.64709648943989,1000000.0,1000000.0,610,610,2,16.75832367953342,0.4729681355664097,RNG-92d7e07b5941,range,selection_envelope,60353,PAL,30,3,500000.0,sync;h_jitter_us;v_jitter_us;h_width_rmse_us;sync_error_ire,False,0.8133507631499695,-55.4633835412048,34.22339129848792,30.06288765330391,13.068085402888334
11.4074709243103,93.53494255723783,True,10.382057716436638,610,8,0,2.025,2.025,1000000.0,14.253199016623212,0.037487918704589854,-1.7138157684142108,-53.20120390828552,120.09817979887589,1000000.0,1000000.0,610,610,2,18.319374720587554,0.525796383427111,RNG-50b085555750,range,selection_envelope,60353,PAL,30,3,500000.0,sync;h_jitter_us;v_jitter_us;h_width_rmse_us,False,0.8236836091172713,-53.6200000779039,34.35648095720861,30.44269191161155,12.707377403383873
10.827860307508262,95.68260040488212,True,5.222082810539523,0,0,2,0.225,0.125,0.0692909049457194,3.046369225268688,2.220517084788597,-1.522665261810184,-47.20606253573893,129.2971925933516,0.225,0.125,610,0,2,23.11216710117925,0.36994361592219194,RNG-2d4e6e2e69ad,range,selection_envelope,60353,PAL,30,3,500000.0,,True,0.16141738876462494,-160.40552094148657,102.35482083646389,75.7182987921065,15.84100577163434
11.60505545591876,94.62393294483324,True,4.966750313676286,0,0,2,0.225,0.09124999999999998,0.06347195069154692,4.117127112252824,2.2541414989462933,-2.797481817771043,-45.635318644961764,123.99878690708863,0.225,0.09124999999999998,610,0,2,22.43000960253601,0.3934904093853652,RNG-6204a3b51ba0,range,selection_envelope,60353,PAL,30,3,500000.0,,True,0.15803841817006944,-155.02313704158865,98.77189511891966,76.26045191813375,15.253579487830708
14.537210921353354,94.2710409071162,True,0.24968632371392724,0,0,2,0.1,0.1,0.045863750463273026,6.016340643853998,3.1482052466216737,-2.454996725575124,-37.40435317783172,121.29516467342779,0.1,0.1,610,0,2,23.318901072968824,0.6523662083134085,RNG-42cd73748119,range,selection_envelope,60353,PAL,30,3,500000.0,,True,0.5200083752599768,-81.91108106057115,18.890255830054443,18.853993944985845,13.402594451181617
14.41285573432693,96.39748737402769,True,0.5884567126725219,0,0,2,0.075,0.05,0.1859567638801743,5.732347684273207,-0.4978088314867842,-1.9848005113071605,-52.70564780865145,128.51830132879672,0.075,0.05,610,0,2,25.06995665986617,0.6532012819850229,RNG-f98a1b258cfe,range,selection_envelope,60353,PAL,30,3,500000.0,,True,0.8239427338143811,-77.38509166540027,20.690865785357857,29.832155888220758,15.144758065081165
8.879930891135277,89.1235087524927,True,12.374529485570891,517,6,0,2.025,2.025,3.6691911519676133,23.803634165400755,2.0719410518422747,-1.0339571692736567,-54.818041325303156,131.63647743515298,0.05,0.02375,610,22,2,14.527104607866708,0.4695202558283903,RNG-b7ff76f3093b,range,selection_envelope,60353,PAL,30,3,500000.0,waveform;sync;h_jitter_us;v_jitter_us;h_width_rmse_us;sync_error_ire,False,0.8251240629439842,-60.7717932865767,15.706055124140066,21.54810407451442,12.423505775774501
12.239725532592471,92.47633148361795,True,4.895859473023839,0,0,2,0.15,0.125,0.054781608137804194,7.100173416388698,5.332136467096837,-2.704618181147331,-42.02675266458663,111.36257828849091,0.15,0.125,610,0,2,17.70248133255848,0.42491848729623327,RNG-e8b8a23c51cf,range,selection_envelope,60353,PAL,30,3,500000.0,,True,0.2683253576550544,-73.25740214823252,59.20405651785751,48.13198808277973,13.589802506472598
12.53379573436274,91.88830102489949,True,4.481179422835634,0,0,2,0.225,0.2387499999999999,0.0867207691575593,6.44289137605866,5.1264263636135885,-5.500811439505514,-47.20655238850396,127.36023492874546,0.225,0.23874999999999993,610,0,2,19.151134155348615,0.484297613116911,RNG-535412e9c323,range,selection_envelope,60353,PAL,30,3,500000.0,,True,0.32712932723135546,-29.300275351360714,62.88444742179773,54.034809459196445,12.24256189360253
12.724975392817639,96.86733915019097,True,1.5997490589711416,0,0,2,0.1,0.08249999999999998,0.028342171556262057,2.155966744068177,1.1660336399947784,-1.4787621053967979,-47.78754890357349,118.52915704373706,0.1,0.08249999999999998,610,0,2,26.496568661076193,0.5264584678226166,RNG-d891ea49ebc0,range,selection_envelope,60353,PAL,30,3,500000.0,,True,0.6502947166868227,-81.25695314482795,27.149036485558522,27.79638944961185,15.214481231139857
14.49440488728461,102.7402681708369,True,0.5432873274780426,0,0,2,0.05,0.025,0.04423762214580203,-4.041081188015375,-1.5976541099249981,-0.1462400543634849,-53.63518025322222,131.987945263173,0.05,0.025,610,0,2,24.86808245389927,0.6762165708528123,RNG-0c37665f1c6e,range,selection_envelope,60353,PAL,30,3,500000.0,,True,0.8451637359113255,-67.92882272651553,16.75079734178381,22.545624174129102,13.738095121401539
14.619215005818383,99.39315484886775,True,0.2371392722710163,0,0,2,0.075,0.075,0.060377908238681874,1.2681445747867612,0.6951526197661874,0.8027028089435827,-43.12180008385767,128.21116566125505,0.075,0.075,610,0,2,28.376595710156334,0.665069623861715,RNG-d57bb5da8c11,range,selection_envelope,60353,PAL,30,3,500000.0,,True,0.7952420947090195,-75.41260961847243,19.660892198775393,26.37603933622827,14.756931946078698
15.917313589019615,97.22844241086773,True,0.3966378357874202,0,0,2,0.05,0.05,0.019409514394024847,0.5107595525610317,0.976039962506971,-1.7211648317843198,-52.733898887373456,123.55761953947308,0.05,0.05,506,0,2,27.742346117248626,0.7378386860397391,OVP56,range,selection_envelope,60353,NTSC,30,3,500000.0,,True,0.9013796742804352,-48.8537606435078,10.280938646550233,15.686517806459491,11.77044385384517
15.996589141063398,96.31548103725072,True,0.7413439625248746,0,0,2,0.075,0.075,0.055301902275210355,1.751073779830179,2.1373331177451713,-0.7895382259748288,-45.82595296680987,109.58808831284566,0.075,0.075,506,0,2,25.319448049375413,0.7312496229391809,RANGE32,range,selection_envelope,60353,NTSC,30,3,500000.0,,True,0.8228941877040874,-53.683546183570144,12.306989407094843,16.576837960084042,12.201956795245662
-6.309509471832124,-96.54644113591226,False,657.003856493872,506,12,30,2.025,2.025,1000000.0,136.29811285465541,39.06818521635692,-142.2030169438503,-56.68444345081243,108.36394677785415,1000000.0,1000000.0,506,506,2,-6.352513051134606,-0.3455908050628657,PLL96-rejected-board,range,selection_envelope,60353,NTSC,30,3,500000.0,contrast;waveform;detail_floor;sync;h_jitter_us;v_jitter_us;h_width_rmse_us;sync_error_ire;black_error_ire;white_error_ire,False,0.6056252745905568,64.82873912915906,22.68146213435883,25.441280925624657,42.06368070199334
9.38640596683873,102.48271297441201,True,6.190410245448826,0,0,2,0.33749999999999997,0.27249999999999996,0.10343650550911296,2.1453828153348504,2.2272430093675246,5.302786505050804,-52.83584465248158,113.94904657061423,0.3375,0.27249999999999996,506,0,2,12.649001669207589,0.3443449411380047,PLL96-IQ-corrected,range,selection_envelope,60353,NTSC,30,3,500000.0,,True,0.6985217506415264,-113.09814500825526,24.296990338672202,25.31135351995287,20.356424957391848
21.86207849673331,95.88686363096278,True,0.0,0,0,2,0.025,0.025,0.017677669529663688,2.1467606230382548,2.204205030688296,-0.7625971455910966,-44.95924257060758,111.96077326053552,0.025,0.025,506,0,2,27.509455923454862,0.9402839400975468,floating-PLL-IQ40,range,selection_envelope,60353,NTSC,30,3,500000.0,,True,0.6375054821122592,4.301641556439852,7.440266104327458,10.128309170452908,5.69509666192439
3.497074751370331,44.243812997567275,True,101.46176471473686,506,12,0,2.025,2.025,1000000.0,54.60062245519221,32.39086783166195,-21.044165914359777,9.946756556675567,90.11143044917856,1000000.0,1000000.0,506,506,2,3.6035121316196035,0.5734499597345365,HC50,range,selection_envelope,60353,NTSC,30,3,500000.0,contrast;waveform;sync;h_jitter_us;v_jitter_us;h_width_rmse_us;sync_error_ire;black_error_ire;white_error_ire,False,0.4359997515291779,79.94794192734031,13.065906785191615,18.245666789920246,35.78743736511308
12.36353402251556,102.1436438780018,True,4.0062679314922915,0,0,2,0.075,0.061249999999999985,0.06631163699970789,-2.6858288845110074,-2.1001794651643086,0.7000695638767227,-48.950417745893866,114.75891054874998,0.075,0.061249999999999985,506,0,2,16.949087085816377,0.5250629313082622,PLL96-board-fixed,range,selection_envelope,60353,NTSC,30,3,500000.0,,True,0.5762951089709085,-81.99976520594214,23.128928076632263,33.09452418321911,15.91211368800544
9.427514851716259,91.86251375724811,True,12.812079466051715,505,12,0,2.025,2.025,3.7,18.70144599131618,0.03357559561074224,-0.610523715228457,-54.39479132213761,124.99383133934847,0.0,1000000.0,506,403,2,16.01283167184754,0.45284601903516536,RNG-e504a0548d41,range,selection_envelope,60353,NTSC,30,3,500000.0,sync;h_jitter_us;v_jitter_us;h_width_rmse_us;sync_error_ire,False,0.9250803671091521,-44.97849417025,31.214154280888238,42.35502600488705,12.780098415329318
11.850640076333999,94.6450539166152,True,5.674856322271628,116,2,0,2.025,2.025,2.2018170672051522,10.542940349063072,0.15382215911528155,-1.4403922992794838,-52.74508166813228,119.8892912370024,1.025,1.0349999999999997,506,7,2,19.582624887034495,0.5490368423491042,RNG-15cd905107cc,range,selection_envelope,60353,NTSC,30,3,500000.0,sync;h_jitter_us;v_jitter_us;h_width_rmse_us,False,0.9296578371384365,-44.71400510762957,29.7777793940158,40.73968661591694,12.740827980782758
10.348449265281019,92.35175223778076,True,11.120159437873117,505,12,0,2.025,2.025,3.7,16.37911660774085,0.1672258941424942,-1.4734421928904895,-54.68365427278913,120.5923316230186,0.0,1000000.0,506,403,2,17.094908392378866,0.49163772831875624,RNG-8afac84026c3,range,selection_envelope,60353,NTSC,30,3,500000.0,sync;h_jitter_us;v_jitter_us;h_width_rmse_us;sync_error_ire,False,0.9283308553576126,-44.76562569888909,29.755745007613758,40.69966056589017,12.732834191923201
11.785055319211665,94.02822459331962,True,5.710982728567257,116,2,0,2.025,2.025,2.207186688280599,11.412012382296245,0.4791699883076445,-1.472786841432194,-52.46619101780557,117.63171947034428,1.025,1.0349999999999997,506,7,2,19.203042077771705,0.5431388311588842,RNG-8586d0870834,range,selection_envelope,60353,NTSC,30,3,500000.0,sync;h_jitter_us;v_jitter_us;h_width_rmse_us,False,0.9172333410411733,-45.03470775842814,29.945560470458553,41.14667021750512,12.701358845507754
10.24860039085401,91.75380871856625,True,11.672592400810435,505,12,0,2.025,2.025,3.7,17.437990753513414,0.38349635237350976,-1.4938846261455159,-52.979205034818584,118.59121485357696,0.0,1000000.0,506,403,2,16.651591741582134,0.4859566774412528,RNG-92d7e07b5941,range,selection_envelope,60353,NTSC,30,3,500000.0,sync;h_jitter_us;v_jitter_us;h_width_rmse_us;sync_error_ire,False,0.9199828681054758,-45.05184035145663,29.722594864908316,40.37633627053428,12.7035084869299
11.398336903380603,93.50993604759697,True,10.856737725300828,505,12,0,2.025,2.025,3.7,14.116181796974127,-0.06673778174586407,-1.8026552730324399,-53.50941863179128,122.23878060087253,0.0,1000000.0,506,403,2,18.25538020994328,0.5397543917945606,RNG-50b085555750,range,selection_envelope,60353,NTSC,30,3,500000.0,sync;h_jitter_us;v_jitter_us;h_width_rmse_us,False,0.9197060531794121,-43.59506051238943,27.360417095590016,37.547575513462085,12.358739661572022
10.58833985746923,95.33359576444369,True,5.534866497876068,0,0,2,0.225,0.225,0.06521286216157321,2.8999337233339304,2.127755486592424,-1.6263811644672324,-47.31435813394752,129.21312149419836,0.225,0.225,506,0,2,23.23614057841107,0.32854615956620215,RNG-2d4e6e2e69ad,range,selection_envelope,60353,NTSC,30,3,500000.0,,True,0.5077186099041981,-143.65609577053752,76.94782942801478,76.2012666451862,19.046043870876932
11.344250391949501,94.3082417669906,True,5.096081188077082,0,0,2,0.225,0.225,0.06080203410889027,3.99349638104056,2.161604172420193,-2.915920603143075,-45.74106830730606,123.91405821730825,0.225,0.225,506,0,2,22.533600139791275,0.35364756715394696,RNG-6204a3b51ba0,range,selection_envelope,60353,NTSC,30,3,500000.0,,True,0.45703412701539137,-139.3243594496191,77.99890803427179,79.68645648885831,18.21940962523885
14.573810348578471,94.28135023324593,True,0.28299018264908915,0,0,2,0.1,0.1,0.04395245364957663,5.85070104388934,3.0519571283420572,-2.554353637181507,-37.09410459932896,121.19621305960513,0.1,0.1,506,0,2,23.453488082627803,0.6615916863913354,RNG-42cd73748119,range,selection_envelope,60353,NTSC,30,3,500000.0,,True,0.5661151720316959,-73.03480903905803,15.905336771420393,18.45338123398796,14.145105939179723
14.553741555751234,96.4266169124209,True,0.5667329987626706,0,0,2,0.075,0.05,0.26391136672406895,5.616228296143076,-0.5880705725259172,-2.0729925356157817,-52.81230747581099,128.18348674128436,0.075,0.05,506,0,2,24.964801461967475,0.6772734217453823,RNG-f98a1b258cfe,range,selection_envelope,60353,NTSC,30,3,500000.0,,True,0.9156804477403717,-59.51847440422501,17.269897171483677,23.075539426403324,14.401007346804674
8.799013837822256,88.92545118623462,True,13.10033808295225,434,11,0,2.025,2.025,3.676132431343814,23.737085102827773,1.9784774354812757,-1.135158059390074,-54.9249627552343,131.50302143497464,0.05,0.0,506,27,2,14.360775351975805,0.4794969682757466,RNG-b7ff76f3093b,range,selection_envelope,60353,NTSC,30,3,500000.0,waveform;sync;h_jitter_us;v_jitter_us;h_width_rmse_us;sync_error_ire,False,0.8853192234329921,-49.04936619904074,14.647375174650351,20.23132585753293,11.954691144021306
12.172635288589579,92.34846331429584,True,5.043396845562624,0,0,2,0.125,0.125,0.0517958137701366,6.980447881231668,5.243964527050855,-2.816631743100315,-42.07252220216172,111.27628130574612,0.125,0.125,506,0,2,17.772328450543093,0.4199636310179,RNG-e8b8a23c51cf,range,selection_envelope,60353,NTSC,30,3,500000.0,,True,0.38530746554509654,-66.79548560645786,97.5896279756803,80.08948901848751,14.44288889400063
12.455370081550237,91.73496622349968,True,4.525585021991949,0,0,2,0.225,0.19749999999999995,0.08296774219574309,6.247854239411668,5.0173693092025236,-5.575094691973145,-47.312792295662135,127.27592343176701,0.225,0.19749999999999995,506,0,2,19.2932886690766,0.4707984790340091,RNG-535412e9c323,range,selection_envelope,60353,NTSC,30,3,500000.0,,True,0.3036526526648735,-18.043983446692668,155.8559078610669,76.81843203308885,14.063491190016403
12.77101076779761,96.8739885567283,True,1.6091303470844485,0,0,2,0.1,0.07249999999999997,0.02996621945291723,2.031398794509419,1.0691072308755876,-1.5788590807552882,-47.893955157639304,118.67295520061822,0.1,0.07249999999999997,506,0,2,26.582787170774417,0.5413854753140703,RNG-d891ea49ebc0,range,selection_envelope,60353,NTSC,30,3,500000.0,,True,0.7283272655854316,-68.4262278578763,23.694955397629005,34.95471002549808,15.599009030807771
14.56330128406194,102.88425642076615,True,0.5765172338010699,0,0,2,0.05,0.025,0.04399458734225177,-4.281846309917012,-1.6838222774192113,-0.24607689891693887,-53.94324152611695,131.9059175077382,0.05,0.025,506,0,2,24.638508980542333,0.6943801068395808,RNG-0c37665f1c6e,range,selection_envelope,60353,NTSC,30,3,500000.0,,True,0.93687482180417,-55.36800702621312,17.251841164303876,19.831378418869974,13.570655574288896
14.768673522973774,99.49225849568765,True,0.20998473659334008,0,0,2,0.075,0.075,0.060445480612550465,1.138653194327774,0.6211087199841011,0.7354105775119512,-43.22723781869985,128.07468343446374,0.075,0.075,506,0,2,28.456491663869837,0.6855286914105004,RNG-d57bb5da8c11,range,selection_envelope,60353,NTSC,30,3,500000.0,,True,0.8933133815971479,-61.90188672600417,14.894513061699108,20.167232305939937,14.252963954379876
15.979753665644488,97.6842516850531,True,0.3751568381430364,0,0,2,0.05,0.05,0.020040941700985387,0.8852654885280432,0.9078955450499194,-1.1158384432957458,-61.23546815413515,117.95087342332134,0.05,0.05,610,0,2,27.33888936115803,0.7272805913993161,OVP56,range,selection_envelope,60354,PAL,30,3,1500000.0,,True,0.8140090867292131,-60.22295323385002,10.174142469651825,22.083346777360237,11.74163662591025
15.997004833029255,95.37952364446285,True,1.6725219573400252,0,0,2,0.05,0.05,0.019731808388870037,2.5092768715236566,1.9269394243739262,-3.0262653747714783,-50.44290935928457,102.69105854633607,0.05,0.05,610,0,2,24.45833267303936,0.7110593386468547,RANGE32,range,selection_envelope,60354,PAL,30,3,1500000.0,,True,0.7917883781810344,-60.223387189846434,9.771050973058909,21.75000122974176,11.556902886600245
-7.641585281244682,-73.5277320893521,False,670.7107904642409,610,8,62,2.025,2.025,1000000.0,67.0575863773627,-8.512089373452095,-170.42650049221254,-79.48981017464551,50.31547454591163,1000000.0,1000000.0,610,610,2,-7.717643619314952,-0.41138255796055756,PLL96-rejected-board,range,selection_envelope,60354,PAL,30,3,1500000.0,contrast;waveform;detail_floor;sync;h_jitter_us;v_jitter_us;h_width_rmse_us;sync_error_ire;white_error_ire,False,0.23022797145351803,70.39961010923412,19.529614826545046,43.71391960702268,14.855141157125109
8.973801414481603,91.0008992030422,True,6.7308657465495605,610,8,0,2.025,2.025,1000000.0,12.433032167237224,10.67840932955956,-8.121561578226231,-50.83636094552567,107.65496400649299,1000000.0,1000000.0,610,610,2,10.654785595533824,0.4355973282097249,PLL96-IQ-corrected,range,selection_envelope,60354,PAL,30,3,1500000.0,waveform;sync;h_jitter_us;v_jitter_us;h_width_rmse_us,False,0.2013647397230397,-109.42289643684718,19.534761522448488,41.11904059550843,17.13617622969515
21.723762856664706,96.66765942844191,True,0.0,0,0,2,0.025,0.025,0.020940978729847716,1.2929285744865455,1.5509311493631073,-1.5878170900835342,-45.86464418837476,111.27789924379145,0.025,0.025,610,0,2,29.448083282334455,0.9255999589391563,floating-PLL-IQ40,range,selection_envelope,60354,PAL,30,3,1500000.0,,True,0.48650767349222634,13.697103077664382,6.475724485068803,12.017829553961686,6.76356743540081
4.971095303224341,44.903252118322655,True,83.27101631116687,610,8,0,2.025,2.025,1000000.0,43.453963975257786,21.951621205040112,-29.92240952733103,-2.8063182160187665,78.88902059235666,1000000.0,1000000.0,610,610,2,5.171488749096968,0.5798380710056787,HC50,range,selection_envelope,60354,PAL,30,3,1500000.0,contrast;waveform;sync;h_jitter_us;v_jitter_us;h_width_rmse_us;sync_error_ire;black_error_ire;white_error_ire,False,0.40207282597776817,98.93852537209845,9.494973787866785,23.80222140355076,26.012760266528804
11.963653889027487,93.12967642371642,True,4.107277289836889,0,0,2,0.125,0.1,0.05257703169916576,3.32143363182381,10.235868164927012,-6.463551612076076,-51.94116143797271,101.29079346311089,0.125,0.1,610,0,2,15.185352289953249,0.5386101343844892,PLL96-board-fixed,range,selection_envelope,60354,PAL,30,3,1500000.0,,True,0.3745400449886813,-83.72097214641911,17.764352486242228,52.03560600722561,14.5418695736722
14.52689446419829,97.43191502215163,True,0.6053952321204517,0,0,2,0.075,0.075,0.032737154908076695,-0.25958521279906466,3.751179012005746,-0.8734545592642481,-59.18799724412369,114.50454171103637,0.075,0.075,610,0,2,25.296524123683334,0.6501890715437402,RNG-e504a0548d41,range,selection_envelope,60354,PAL,30,3,1500000.0,,True,0.4082369145412642,-64.70862724542727,51.206891310954234,85.32216617029903,12.454456165871596
14.64326362393378,96.03425812058605,True,0.5821831869510665,0,0,2,0.075,0.075,0.03395090476594445,-0.47995670154813264,3.819984550421716,-3.3927641696509157,-58.76222642495143,112.23678731497681,0.075,0.075,610,0,2,24.343626039744937,0.656202299471428,RNG-15cd905107cc,range,selection_envelope,60354,PAL,30,3,1500000.0,,True,0.4083115381706607,-65.83887311309633,48.357326843566675,82.25097042565778,12.483537698773851
14.65839713129884,96.03173169065745,True,0.5727728983688833,0,0,2,0.075,0.075,0.0327215024305345,-0.5066213131706008,3.77506659959073,-3.391729540565679,-58.76222642495143,112.23678731497687,0.075,0.075,610,0,2,24.385314518291192,0.657318810178628,RNG-8afac84026c3,range,selection_envelope,60354,PAL,30,3,1500000.0,,True,0.41039880999551787,-65.80495232999249,48.44140960616924,81.61367792073715,12.485721454042208
14.579181038570127,95.61957736993674,True,0.6298619824341279,0,0,2,0.075,0.075,0.0380492562560603,0.08923948473612897,3.8649288204504826,-3.7602827114210453,-59.38763110727765,111.32894557724579,0.075,0.075,610,0,2,24.06501112682884,0.6511094509490748,RNG-8586d0870834,range,selection_envelope,60354,PAL,30,3,1500000.0,,True,0.4010922497948729,-66.55540748850994,47.10337967956042,81.65028739986208,12.470632100557713
14.58917914766314,95.66668846191367,True,0.6198243412797992,0,0,2,0.075,0.075,0.03532634738650645,-0.09096778787173734,3.856382502666801,-3.7213398280346395,-59.38763110727765,111.3289455772459,0.075,0.075,610,0,2,24.09375234738668,0.6520165068094189,RNG-92d7e07b5941,range,selection_envelope,60354,PAL,30,3,1500000.0,,True,0.4019362596529536,-66.50250646424642,47.15627701970978,81.26891065446597,12.467230782174322
14.612134619087724,95.52419802389392,True,0.5740276035131744,0,0,2,0.075,0.075,0.033845114910112044,-1.316911519008193,4.042761862304722,-5.097329744601896,-59.630568735270444,111.48180639644396,0.075,0.075,610,0,2,22.952791280546307,0.6615938444286247,RNG-50b085555750,range,selection_envelope,60354,PAL,30,3,1500000.0,,True,0.41842523081858085,-68.27537326970841,42.24449000868851,74.86563801417347,12.583132231455417
11.065967635490745,95.93276857508188,True,6.663739021329987,0,0,2,0.175,0.125,0.0652548597524466,2.8929934482428927,2.367635576803579,-1.3757231772535004,-58.6896375318679,110.38361525822658,0.175,0.125,610,0,2,21.758186396859017,0.37767243202527556,RNG-2d4e6e2e69ad,range,selection_envelope,60354,PAL,30,3,1500000.0,,True,0.3327526563323481,-105.16530641173934,153.01386878260706,99.99747873007264,15.95588846830552
11.81245088982466,93.77464915125304,True,5.513174404015056,0,0,2,0.15,0.125,0.06115352891175337,1.9638595310313658,2.4475410229472288,-6.034533797715305,-57.4576872539412,106.9015668096023,0.15,0.125,610,0,2,20.7447207847,0.40047141813023773,RNG-6204a3b51ba0,range,selection_envelope,60354,PAL,30,3,1500000.0,,True,0.29777024904613986,-103.3963456553934,153.98065431556745,99.99897288921481,15.306956984057383
14.971977964056798,94.86287797747484,True,0.5646173149309912,0,0,2,0.2,0.075,0.07287986971610244,1.1043831904537873,2.883677545194614,-5.45089006525577,-60.21669842196773,109.40137499105892,0.2,0.075,610,0,2,23.680584182253256,0.6856971957674514,RNG-42cd73748119,range,selection_envelope,60354,PAL,30,3,1500000.0,,True,0.7575003110866096,-55.103204574684256,13.13440500845564,22.242231474117116,10.96196579951625
15.350540961262134,96.19428175961403,True,0.30928481806775404,0,0,2,0.075,0.06624999999999999,0.028967901965145752,0.9787898941328518,1.0901043530666652,-4.712442268242817,-55.01649791607689,110.84865723232879,0.075,0.06624999999999999,610,0,2,25.620433619459547,0.7031250049055684,RNG-f98a1b258cfe,range,selection_envelope,60354,PAL,30,3,1500000.0,,True,0.8385348587405652,-58.41192149958312,14.14292421709356,33.49270503112323,12.865126984561753
14.382815409188456,97.1436806890319,True,0.2245922208281054,0,0,2,0.05,0.05,0.029267001504239897,2.7916301785226465,2.1311827838018496,-0.822377938266076,-55.47332673215435,125.90161850504676,0.05,0.05,610,0,2,27.806723101066453,0.6859674463210772,RNG-b7ff76f3093b,range,selection_envelope,60354,PAL,30,3,1500000.0,,True,0.7726581593180146,-55.10862806464654,13.70141402245804,24.05897655669647,11.089316334289522
11.88093896000848,88.6978410202388,True,5.35069008782936,0,0,2,0.35,0.33249999999999996,0.19465974939053757,4.696862882418699,10.186312924661705,-8.73638961631481,-49.5949924820251,96.58067529746633,0.35,0.33249999999999996,610,0,2,15.690073221155924,0.44068133880681043,RNG-e8b8a23c51cf,range,selection_envelope,60354,PAL,30,3,1500000.0,,True,0.33664980936859334,-84.89071303930517,127.7266886792728,99.9980220710937,15.232278549601613
11.855739563648328,90.04229106228667,True,6.063989962358846,0,0,2,0.775,0.2,0.30576596911502835,-1.416925766214627,4.023878957790455,-14.514879994882945,-67.56298977550277,108.31858833259615,0.775,0.2,610,0,2,16.08768773497888,0.45992611912797876,RNG-535412e9c323,range,selection_envelope,60354,PAL,30,3,1500000.0,h_jitter_us,False,0.23700800389903248,-89.40032852849434,143.43580156062873,102.98023416933582,14.862769515333436
13.14856102512691,96.66899228980235,True,1.7841907151819323,0,0,2,0.1,0.1,0.03688706735029119,2.1959527777370806,2.3305995019355503,-1.2318265336954448,-50.93227949067005,112.16053818363183,0.1,0.1,610,0,2,25.74147922326645,0.5507852908284915,RNG-d891ea49ebc0,range,selection_envelope,60354,PAL,30,3,1500000.0,,True,0.662127589779918,-77.49379884229704,15.591374252545396,43.90517712399683,15.421118710058346
14.978385536467115,99.85878061386653,True,0.533249686323714,0,0,2,0.05,0.05,0.02203759827442451,-3.2612774995565994,1.4126591356655538,-1.9017078600363382,-61.2379811871248,115.06597603420848,0.05,0.05,610,0,2,24.806559295595484,0.6918196694668071,RNG-0c37665f1c6e,range,selection_envelope,60354,PAL,30,3,1500000.0,,True,0.8095454952718426,-64.36008774241628,11.88154522333158,30.528531589440824,12.694707384008424
15.586995538471438,98.63218933971665,True,0.29234629861982436,0,0,2,0.075,0.05,0.023412725977658345,0.08010282706768972,2.778877510473609,-2.309772439580216,-51.119792781430846,116.23003736031227,0.075,0.05,610,0,2,25.973661602595485,0.7242857430979772,RNG-d57bb5da8c11,range,selection_envelope,60354,PAL,30,3,1500000.0,,True,0.8180390778221263,-52.86775305865794,12.554569512301438,26.526620818297015,11.128983648669688
16.134616835096075,97.71262916735222,True,0.36803776413671435,0,0,2,0.05,0.05,0.019313821874891043,0.8061590469263091,0.85749569908531,-1.22567668487119,-61.284530741385325,117.67647090510584,0.05,0.05,506,0,2,27.30849675921462,0.7474792627007087,OVP56,range,selection_envelope,60354,NTSC,30,3,1500000.0,,True,0.8713578433750313,-48.542550213779606,9.199789379793387,15.078928440973943,11.300100390787332
16.085065022236947,95.3866390808248,True,1.7212727332937952,0,0,2,0.05,0.05,0.01937766939407949,2.4292648829997168,1.8866871658306759,-3.1405321096055467,-49.08969369885984,102.5999483176569,0.05,0.05,506,0,2,24.47043458010933,0.7286714278576428,RANGE32,range,selection_envelope,60354,NTSC,30,3,1500000.0,,True,0.8515523268421883,-48.329956973612326,8.459051636389727,15.428178864321179,11.09415085267757
-7.531446613763927,-73.6015934402954,False,665.2971246391123,506,12,51,2.025,2.025,1000000.0,67.05997173380314,-8.5074023669063,-170.45527100259054,-79.5396025370028,50.23276537112572,1000000.0,1000000.0,506,506,2,-7.610285786150541,-0.394341578551729,PLL96-rejected-board,range,selection_envelope,60354,NTSC,30,3,1500000.0,contrast;waveform;detail_floor;sync;h_jitter_us;v_jitter_us;h_width_rmse_us;sync_error_ire;white_error_ire,False,0.29734519949179294,76.14418305483845,16.855878789193824,40.92336425921287,15.987046663289476
8.990994476288238,90.84883420692108,True,6.691664132800669,506,12,0,2.025,2.025,1000000.0,12.340197119017994,10.5131597637809,-8.217718387342178,-50.89315499289999,107.6862018661713,1000000.0,1000000.0,506,506,2,10.80045061850461,0.4200899987653825,PLL96-IQ-corrected,range,selection_envelope,60354,NTSC,30,3,1500000.0,waveform;sync;h_jitter_us;v_jitter_us;h_width_rmse_us,False,0.267936140488619,-103.85502534279247,18.404651336101217,35.43082035602701,18.190974835171875
22.046764093496243,96.64983689136987,True,0.0,0,0,2,0.025,0.025,0.02067296644175616,1.2337981030553056,1.4831902371649182,-1.6781011575364633,-45.82619308561509,109.61311900034806,0.025,0.025,506,0,2,29.43409608327867,0.9353531150288669,floating-PLL-IQ40,range,selection_envelope,60354,NTSC,30,3,1500000.0,,True,0.5876830232742039,4.91627166913155,4.3714184068143656,10.242412387930045,6.0900121581295865
4.951989542475477,44.895073123476166,True,88.82429621244735,506,12,0,2.025,2.025,1000000.0,43.40494576919822,21.86481887140258,-30.000952522099414,-2.8738662868353373,79.66666168100164,1000000.0,1000000.0,506,506,2,5.149184478677703,0.5966847898619839,HC50,range,selection_envelope,60354,NTSC,30,3,1500000.0,contrast;waveform;sync;h_jitter_us;v_jitter_us;h_width_rmse_us;sync_error_ire;black_error_ire;white_error_ire,False,0.4288384929999032,80.59024999338241,8.194845741553216,16.399795078063338,26.117199171487382
11.960860783034654,93.23904160851308,True,4.17561046100305,0,0,2,0.125,0.07249999999999997,0.05299806096833319,3.2360439607471814,9.908649916561602,-6.5520582042903115,-48.762323092063085,101.31354478279079,0.125,0.07249999999999997,506,0,2,15.312198660251974,0.5417664708191299,PLL96-board-fixed,range,selection_envelope,60354,NTSC,30,3,1500000.0,,True,0.48451879518825536,-74.20446816670639,15.750710629746921,46.99574156588274,16.109081115615258
14.543349102338023,97.46484878780343,True,0.5471645286858718,0,0,2,0.075,0.061249999999999985,0.03015113445777636,-0.3411822184886135,3.692448223742297,-0.9686810904121227,-58.52303394934865,114.4235708756656,0.075,0.061249999999999985,506,0,2,25.46801965271522,0.6601174291650538,RNG-e504a0548d41,range,selection_envelope,60354,NTSC,30,3,1500000.0,,True,0.5414952576929881,-55.78264244260207,34.37668863787169,61.17057923314775,13.348594418360712
14.656466326294233,96.09280388909546,True,0.5321118593960267,0,0,2,0.075,0.061249999999999985,0.03145437124400567,-0.5617184793779835,3.7602159863750595,-3.483634576854541,-58.81676609582267,112.44255130796876,0.075,0.061249999999999985,506,0,2,24.460367290971853,0.666155120674704,RNG-15cd905107cc,range,selection_envelope,60354,NTSC,30,3,1500000.0,,True,0.5386756209315835,-56.59477928423856,32.79728471430392,58.82794674188594,13.352646306797734
14.669920043945794,96.08599704099643,True,0.5275960586090732,0,0,2,0.075,0.061249999999999985,0.030558050762494033,-0.5844933554937842,3.7219013457552887,-3.484346093606173,-58.81676609582267,112.44255130796876,0.075,0.061249999999999985,506,0,2,24.4928353888475,0.667218951800206,RNG-8afac84026c3,range,selection_envelope,60354,NTSC,30,3,1500000.0,,True,0.5416484658870124,-56.536192755975925,32.74551890312526,59.03750710533223,13.352710224079793
14.591990761374142,95.67046582877782,True,0.5870541023039616,0,0,2,0.075,0.061249999999999985,0.035355339059327376,0.007413665508248918,3.807138328663951,-3.8538800903618946,-58.81653179901005,111.25036592005549,0.075,0.061249999999999985,506,0,2,24.186022593706866,0.6610624023397916,RNG-8586d0870834,range,selection_envelope,60354,NTSC,30,3,1500000.0,,True,0.5294592793622218,-57.21292344183544,32.33846242732308,58.38327497531013,13.330637771114645
14.601431401744726,95.72097918938242,True,0.5727540664786086,0,0,2,0.075,0.061249999999999985,0.033248822381000506,-0.17152066540435992,3.800159538492995,-3.815600743300902,-58.52228511671917,111.25036592005549,0.075,0.061249999999999985,506,0,2,24.2085338982648,0.6619290731128373,RNG-92d7e07b5941,range,selection_envelope,60354,NTSC,30,3,1500000.0,,True,0.5289212155451108,-57.172681861968655,32.45304358572609,58.391428723214666,13.328453055845427
14.625956387466243,95.59533379695326,True,0.5260907916800887,0,0,2,0.075,0.061249999999999985,0.031118795713207092,-1.3912034571143173,3.9980085780046744,-5.188726594424931,-59.686453733412606,111.63775131487756,0.075,0.061249999999999985,506,0,2,23.046352638966283,0.6713084911329096,RNG-50b085555750,range,selection_envelope,60354,NTSC,30,3,1500000.0,,True,0.5423251923609091,-58.631579187362,30.061056398031937,54.383062685699144,13.41232154206312
10.821389808466597,95.60078244056056,True,7.790508990959366,0,0,2,0.175,0.125,0.06624641089539673,2.8179118978505473,2.3198586134095116,-1.53120671425957,-57.10805888397043,112.87936962111371,0.175,0.125,506,0,2,21.790736616187782,0.3446759659381413,RNG-2d4e6e2e69ad,range,selection_envelope,60354,NTSC,30,3,1500000.0,,True,0.4371099243903159,-106.33994002669705,74.95581294261719,99.96796488789931,18.523634482603573
11.549443221435855,93.4915918687556,True,6.1873997115908566,0,0,2,0.15,0.125,0.05954994250353155,1.8772535985193204,2.3359167357545347,-6.19837082600032,-57.51476907723978,106.66055899318437,0.15,0.125,506,0,2,20.73214067475503,0.3687031915722447,RNG-6204a3b51ba0,range,selection_envelope,60354,NTSC,30,3,1500000.0,,True,0.40137438250221563,-100.76510850906492,67.16901480725423,99.98000452437367,17.58469244469458
15.13427741207338,94.96706652122022,True,0.5817856680525157,0,0,2,0.175,0.05,0.071742499022601,0.9881987934906569,2.81820705199492,-5.548477892998422,-60.03508839198659,109.30370764770885,0.175,0.05,506,0,2,23.740934118673156,0.7074910008847334,RNG-42cd73748119,range,selection_envelope,60354,NTSC,30,3,1500000.0,,True,0.8240902961256765,-44.169829064411424,9.67405331108687,17.658168610487458,10.51388256810256
15.48139635063299,96.25000816227372,True,0.39814310271640474,0,0,2,0.075,0.061249999999999985,0.02791768674517251,0.914313516246868,1.0233725499302744,-4.8216371853778925,-55.054426495803185,110.74979462054995,0.075,0.061249999999999985,506,0,2,25.551564787558693,0.7239835625754792,RNG-f98a1b258cfe,range,selection_envelope,60354,NTSC,30,3,1500000.0,,True,0.8784033122846848,-46.7419255840801,11.646103138514789,27.17300105693158,12.323633610956403
14.603063956404721,97.16718672934475,True,0.1971899676969717,0,0,2,0.05,0.05,0.02771787568359212,2.7196575681446395,2.0568947709765193,-0.9042876632300999,-55.529212231262726,125.79976986050553,0.05,0.05,506,0,2,28.052079714784966,0.7079496431707155,RNG-b7ff76f3093b,range,selection_envelope,60354,NTSC,30,3,1500000.0,,True,0.844477873839836,-43.82939803575398,11.312093936121295,19.437955350440784,10.642410559005391
11.81725392056358,88.62774854401344,True,5.221018343182797,0,0,2,0.35,0.35,0.2008750619510396,4.528408149148813,10.109947443367401,-8.827707148085087,-49.573490083904375,96.23197048892797,0.35,0.35,506,0,2,15.775629659721686,0.43542719219402976,RNG-e8b8a23c51cf,range,selection_envelope,60354,NTSC,30,3,1500000.0,,True,0.3792666846195944,-75.21499918165972,133.00137400206788,99.96641277696045,16.39064779092877
11.73865947105247,89.95279712716905,True,6.252126189537191,0,0,2,0.625,0.7024999999999995,0.26624585951242485,-1.6191772466157948,3.975519873863084,-14.602370864414615,-67.61581263733171,108.22119537785656,0.625,0.7024999999999993,506,0,2,16.158690307434373,0.44382005325306145,RNG-535412e9c323,range,selection_envelope,60354,NTSC,30,3,1500000.0,h_jitter_us;v_jitter_us,False,0.26693498105188224,-86.02239786340463,111.81244815771088,109.2640895431173,16.602924244398945
13.223925772049014,96.67076825786103,True,1.8108361155683739,0,0,2,0.1,0.07249999999999997,0.036675723519136935,2.127827920217133,2.2604699698243507,-1.3378790472752906,-50.989316736536246,117.08056693664201,0.1,0.07249999999999997,506,0,2,25.80737646182962,0.5704645664542967,RNG-d891ea49ebc0,range,selection_envelope,60354,NTSC,30,3,1500000.0,,True,0.7344777618264666,-62.75775434716596,13.3614260531597,43.46512672542053,15.388825360841592
15.120069881950482,99.97766274270835,True,0.5163065566416892,0,0,2,0.05,0.05,0.020821801815165745,-3.3320197563468277,1.357508227391647,-1.995251456554985,-58.84257159626039,114.90927631071995,0.05,0.05,506,0,2,24.91677187051834,0.7129887827762068,RNG-0c37665f1c6e,range,selection_envelope,60354,NTSC,30,3,1500000.0,,True,0.9057050251283981,-52.156681553852614,10.885538358793603,25.573614222306333,12.522607017239244
15.693093209571494,98.70019432889012,True,0.264926979501275,0,0,2,0.075,0.05,0.024042945765997963,0.005027803996350314,2.834636588234077,-2.3600395181882474,-51.01375587599975,116.1435071596965,0.075,0.05,506,0,2,26.016025551397277,0.743283529430084,RNG-d57bb5da8c11,range,selection_envelope,60354,NTSC,30,3,1500000.0,,True,0.9343246037212909,-44.94215891143516,9.362666267117623,20.283766594730697,11.423506013763875
