sinad,contrast,polarity_ok,large_errors,h_missing,v_missing,v_trains,h_jitter_us,v_jitter_us,h_width_rmse_us,sync_error_ire,black_error_ire,white_error_ire,raw_min,raw_max,h_jitter_matched_us,v_jitter_matched_us,h_expected,max_h_gap,expected_v_trains,false_sync_pulses,false_sync_per_line,luma_sinad,detail_corr,model,profile,stage,seed,standard,cnr,rms,cfo_hz,quality_failures,usable,image_pattern,burst_gain,burst_phase_deg,burst_phase_jitter_deg,burst_amplitude_jitter_pct,burst_rmse_ire
5.0042396732588585,80.67732456199332,True,66.19573400250941,603,8,0,2.025,2.025,3.58785152583389,17.140224527445586,5.067015111433516,-13.791624590920614,-84.82860562594395,146.40447578342992,0.8574999999999996,1000000.0,610,131,2,5,0.00819672131147541,12.359573674329559,0.2475425371730131,OVP56,safe_range,selection,100301,PAL,4,3,1000000.0,,False,bars,,,,,
4.711270475666575,84.84372942777279,True,63.31994981179423,588,8,0,2.025,2.025,3.5492116602269457,11.315650515758902,2.8261506372860405,-12.90106425040107,-88.67858983344087,154.54611858127748,1.9725000000000001,1000000.0,610,98,2,20,0.03278688524590164,13.276815439765862,0.24344946077269272,VLP56,safe_range,selection,100301,PAL,4,3,1000000.0,,False,bars,,,,,
5.81285925699781,88.71579493902026,True,39.6900878293601,88,1,0,2.025,1.7887499999999996,2.8869357022701676,9.238112417591209,1.6412304671020697,-11.849410395460744,-68.66169119942577,131.93057451921618,1.775,1.2899999999999998,610,4,2,408,0.6688524590163935,13.872627450871304,0.24804266065972203,RANGE32,safe_range,selection,100301,PAL,4,3,1000000.0,,False,bars,,,,,
-6.816453980018439,-84.37935248870164,False,615.7515683814304,610,8,42,2.025,2.025,1000000.0,88.71219695480826,21.292662165639374,-156.75877538192515,-76.3469169151394,134.67954527433108,1000000.0,1000000.0,610,610,2,2059,3.375409836065574,-6.83162547158525,-0.2380890755198357,PLL96-rejected-board,safe_range,selection,100301,PAL,4,3,1000000.0,,False,bars,,,,,
7.940110624344358,93.2442561163873,True,17.7603513174404,446,6,0,2.025,2.025,3.416912853018343,10.871689100446682,0.07631299528525734,-3.66932570437389,-73.94906253775649,136.54768421172787,1.925,1.9575,610,20,2,193,0.3163934426229508,13.152194983415534,0.23708443157249437,PLL96-IQ-corrected,safe_range,selection,100301,PAL,4,3,1000000.0,,False,bars,,,,,
10.061915451578223,95.97393510758621,True,2.4040150564617315,166,4,0,2.025,2.025,3.137101119614203,2.502582869562446,1.2670554047073759,-2.5181313075207314,-72.83091580811987,135.50671336409357,1.75,1.5724999999999998,610,6,2,389,0.6377049180327868,22.909005027479186,0.4566381325225147,floating-PLL-IQ40,safe_range,selection,100301,PAL,4,3,1000000.0,,False,bars,,,,,
3.2624288605789036,42.72953231592066,True,122.81994981179423,610,8,0,2.025,2.025,1000000.0,49.313072241730566,27.111923661663212,-28.885272821278832,-71.74586648269592,130.35762448738916,1000000.0,1000000.0,610,610,2,0,0.0,4.282194355326231,0.17253775924632334,HC50,safe_range,selection,100301,PAL,4,3,1000000.0,,False,bars,,,,,
5.748035691803346,90.98836279870588,True,41.28607277289837,68,2,0,2.025,2.025,2.8935830518975574,3.559355497211283,-1.9297622478206118,-14.179068302149567,-82.10641741320106,126.74188678907386,1.7,0.975,610,3,2,426,0.6983606557377049,10.916665206408219,0.20896314968047988,PLL96-board-fixed,safe_range,selection,100301,PAL,4,3,1000000.0,,False,bars,,,,,
6.289136088244009,94.78514353847359,True,32.31116687578419,59,1,0,2.025,1.6312499999999992,2.7675514396234604,6.0549662594346945,0.3804535341610922,-3.0637027409040662,-80.36417564593359,144.71223950421023,1.7125,0.8099999999999998,610,2,2,444,0.7278688524590164,16.118016783852823,0.265971642506581,RNG-04aa945bc1b0,safe_range,selection,100301,PAL,4,3,1000000.0,,False,bars,,,,,
6.739455954734153,93.10442799029869,True,28.39460476787955,61,1,0,2.025,1.6312499999999992,2.770583465869221,6.075489713755671,0.9643274451261398,-5.646301182163145,-73.21097027283389,135.32891312617136,1.775,0.8099999999999998,610,2,2,441,0.7229508196721312,16.3427778124425,0.2696932196321506,RNG-cf72878d1543,safe_range,selection,100301,PAL,4,3,1000000.0,,False,bars,,,,,
4.823347554916216,91.68638193541342,True,57.284818067754074,95,2,0,2.025,2.025,2.8428638729281426,11.26252228021183,1.7278067420415912,-4.852624345819359,-74.97664105516021,150.66320226866821,1.757499999999999,1.075,610,3,2,415,0.680327868852459,14.398949252439486,0.24412196545916123,RNG-38b94fa247ad,safe_range,selection,100301,PAL,4,3,1000000.0,,False,bars,,,,,
6.9899564906274625,92.79917954728123,True,25.01944792973651,62,1,0,2.025,1.6312499999999992,2.791681056359762,6.320030821240334,0.8830637027217476,-6.353481380708445,-74.29579411736295,134.68297542323796,1.775,0.8099999999999998,610,2,2,440,0.7213114754098361,16.247657768674898,0.27172347734216995,RNG-7b3e4c57c69a,safe_range,selection,100301,PAL,4,3,1000000.0,,False,bars,,,,,
7.027465402538722,91.41689790351596,True,27.402760351317443,63,2,0,2.025,2.025,2.796040553853506,6.1898397781449725,1.6001604257870208,-8.295998220259367,-71.2423659447471,129.9914610817445,1.775,0.825,610,2,2,441,0.7229508196721312,16.1330336211449,0.26925585303104965,RNG-bc7ebb810656,safe_range,selection,100301,PAL,4,3,1000000.0,,False,bars,,,,,
6.784364695027092,92.4924694862181,True,27.91844416562108,122,3,0,2.025,2.025,2.993126517950589,7.520661338636282,1.0130981595894564,-5.694739138198381,-73.19487235149039,135.01591857810996,1.85,1.1599999999999997,610,3,2,426,0.6983606557377049,16.404618410255893,0.2709481099456638,RNG-40d80848b1b8,safe_range,selection,100301,PAL,4,3,1000000.0,,False,bars,,,,,
5.3728319551642905,89.04108145488556,True,49.86449184441656,105,2,0,2.025,2.025,2.896546680664292,10.698550551376787,1.9461028563554112,-9.314900735349013,-70.93580765737003,140.87651990557794,1.8,1.24375,610,3,2,418,0.6852459016393443,14.360404677317408,0.2500294693877266,RNG-f8a5855a35ac,safe_range,selection,100301,PAL,4,3,1000000.0,,False,bars,,,,,
5.81285925699781,88.71579493902026,True,39.6900878293601,88,1,0,2.025,1.7887499999999996,2.8869357022701676,9.238112417591209,1.6412304671020697,-11.849410395460744,-68.66169119942577,131.93057451921618,1.775,1.2899999999999998,610,4,2,408,0.6688524590163935,13.872627450871304,0.24804266065972203,RNG-49c57570d609,safe_range,selection,100301,PAL,4,3,1000000.0,,False,bars,,,,,
5.142956392959903,91.14423979594501,True,50.99435382685069,302,7,0,2.025,2.025,3.277912727735342,10.6491933085402,2.5953563716545345,-5.139776492635221,-84.01032426047189,154.41570118143096,1.875,0.175,610,8,2,289,0.4737704918032787,14.80278281593183,0.24883005316940007,RNG-98f7c31f7952,safe_range,selection,100301,PAL,4,3,1000000.0,,False,bars,,,,,
7.391049401410694,87.86428322889198,True,22.923462986198242,559,8,0,2.025,2.025,3.523668222903235,11.033668916822704,2.7778216183525752,-9.231388250154971,-83.04831216728788,137.97359883380926,1.8125,1000000.0,610,36,2,44,0.07213114754098361,16.49567012229244,0.33455044475950846,OVP56,safe_range,selection,100301,PAL,6,3,1000000.0,,False,bars,,,,,
7.375771117025466,91.230371373026,True,20.797365119196986,474,8,0,2.025,2.025,3.453795599643622,6.879273939442559,1.4885775486076656,-7.737631124084008,-85.08118962286278,145.45738666358147,1.83125,1000000.0,610,25,2,115,0.1885245901639344,18.28195757218026,0.3375719291800716,VLP56,safe_range,selection,100301,PAL,6,3,1000000.0,,False,bars,,,,,
8.515505232656924,93.8800946813964,True,12.731493099121705,6,0,0,1.238749999999999,0.7824999999999994,2.010355537564741,3.557642364026735,1.7299541066068742,-5.454433929677046,-67.56668486174621,126.6123524361902,1.1212500000000005,0.7824999999999994,610,1,2,268,0.43934426229508194,19.171217438288906,0.34123788918451997,RANGE32,safe_range,selection,100301,PAL,6,3,1000000.0,,False,bars,,,,,
-6.779368269071472,-84.27953772614069,False,611.2722710163112,610,8,57,2.025,2.025,1000000.0,86.9353562249323,22.24909523742052,-157.16806174492743,-74.03870428051749,132.43943059559766,1000000.0,1000000.0,610,610,2,1667,2.732786885245902,-6.814242063363847,-0.29702212607356593,PLL96-rejected-board,safe_range,selection,100301,PAL,6,3,1000000.0,,False,bars,,,,,
9.173620431293866,94.31812871036429,True,7.81116687578419,475,6,0,2.025,2.025,3.4693799478036738,12.248446039407177,-0.6445089899919566,-2.839062335636628,-72.15430944954893,133.01404661302547,1.9075,1.095,610,22,2,124,0.20327868852459016,14.261407731233888,0.2917681050885499,PLL96-IQ-corrected,safe_range,selection,100301,PAL,6,3,1000000.0,,False,bars,,,,,
11.99088064626731,96.07507709602407,True,0.28293601003764113,41,1,0,2.025,1.6137499999999994,2.724316678001782,2.2529347097121475,1.4356909206631983,-1.8649005903353184,-71.52347330724453,132.0734052564003,1.5,0.7524999999999997,610,3,2,409,0.6704918032786885,25.805870185032408,0.5537631987068374,floating-PLL-IQ40,safe_range,selection,100301,PAL,6,3,1000000.0,,False,bars,,,,,
3.929708988535858,44.34619993066055,True,100.16875784190715,610,8,0,2.025,2.025,1000000.0,48.99327911276521,27.105200643892264,-26.467168191186335,-65.38624891736238,121.48563078658617,1000000.0,1000000.0,610,610,2,0,0.0,4.5209054294731255,0.25645096772714504,HC50,safe_range,selection,100301,PAL,6,3,1000000.0,,False,bars,,,,,
8.717912839397187,95.97537600808138,True,12.851317440401505,13,0,0,1.4799999999999953,1.61375,2.319317049163258,0.4486623380693785,-2.4753667664640755,-9.848103851714209,-81.0089662617582,120.5842774954792,1.125,1.61375,610,2,2,352,0.5770491803278689,14.842811330583903,0.30522321881772313,PLL96-board-fixed,safe_range,selection,100301,PAL,6,3,1000000.0,,False,bars,,,,,
8.624456759614388,97.23423595660047,True,10.432873274780427,3,0,0,1.05,0.17249999999999993,1.921452581957644,1.4997623578794452,0.3029397605593105,-1.1206115570409225,-77.61123207118004,144.05659027046627,1.025,0.17249999999999993,610,1,2,225,0.36885245901639346,20.997606053966578,0.34952933859767893,RNG-04aa945bc1b0,safe_range,selection,100301,PAL,6,3,1000000.0,,False,bars,,,,,
8.917237413279317,95.83028343366743,True,9.296110414052698,3,0,0,1.05,0.17249999999999993,1.9442185023405916,1.7127076933547283,0.7254873378563069,-3.474903584173576,-72.18571033617732,130.58619238039526,1.025,0.17249999999999993,610,1,2,228,0.3737704918032787,21.13456725487104,0.3506838900987,RNG-cf72878d1543,safe_range,selection,100301,PAL,6,3,1000000.0,,False,bars,,,,,
7.464285194093324,96.42969477933889,True,19.594730238393975,9,0,0,1.1887499999999989,1.1199999999999999,2.0548550519503292,3.867352018637152,0.8222816914162808,-2.6852932892327637,-73.83939185218122,148.39386430546122,1.125,1.1199999999999999,610,2,2,265,0.4344262295081967,20.37227012161086,0.3335868181752873,RNG-38b94fa247ad,safe_range,selection,100301,PAL,6,3,1000000.0,,False,bars,,,,,
9.198576625658166,95.43219051851669,True,7.949184441656211,4,0,0,1.088749999999999,0.17249999999999993,1.959773889092728,1.9415910749661038,0.7784640059296933,-4.215729181098432,-70.67794323288531,128.87463699784598,1.05,0.17249999999999993,610,1,2,237,0.3885245901639344,20.94234867697765,0.35359922568187496,RNG-7b3e4c57c69a,safe_range,selection,100301,PAL,6,3,1000000.0,,False,bars,,,,,
9.07474205667427,94.39195023806919,True,9.457967377666249,4,0,0,1.0637499999999989,0.7774999999999995,1.9647824957932563,2.0804754412508437,1.2349224883242944,-5.885860956252903,-67.13559212971579,127.349765763855,1.04375,0.7774999999999995,610,1,2,243,0.3983606557377049,20.4967520686898,0.3480527652855943,RNG-bc7ebb810656,safe_range,selection,100301,PAL,6,3,1000000.0,,False,bars,,,,,
8.933772629700238,95.17356595162956,True,9.09159347553325,11,0,0,1.4,0.8899999999999997,2.3934582781438576,3.333067139713764,0.7204377016195366,-3.5454532026956427,-70.55482976699489,132.12635391950232,1.175,0.8899999999999997,610,1,2,342,0.5606557377049181,21.15821828586281,0.35112923550975356,RNG-40d80848b1b8,safe_range,selection,100301,PAL,6,3,1000000.0,,False,bars,,,,,
7.892083743257069,93.92500319211082,True,16.446047678795484,13,0,0,1.3137499999999989,1.1199999999999999,2.132084456342718,3.8655337688484623,1.2103565596435675,-6.594668641291906,-69.07921255503737,136.27027009426106,1.1299999999999983,1.1199999999999999,610,2,2,286,0.46885245901639344,19.61857893993563,0.3387796247896114,RNG-f8a5855a35ac,safe_range,selection,100301,PAL,6,3,1000000.0,,False,bars,,,,,
8.515505232656924,93.8800946813964,True,12.731493099121705,6,0,0,1.238749999999999,0.7824999999999994,2.010355537564741,3.557642364026735,1.7299541066068742,-5.454433929677046,-67.56668486174621,126.6123524361902,1.1212500000000005,0.7824999999999994,610,1,2,268,0.43934426229508194,19.171217438288906,0.34123788918451997,RNG-49c57570d609,safe_range,selection,100301,PAL,6,3,1000000.0,,False,bars,,,,,
7.772388843229159,94.9025889976459,True,16.72961104140527,76,2,0,2.025,2.025,2.9961261661928256,4.7166196598210055,1.9055457295960145,-3.3006113828013355,-79.3694009069076,145.79332426337518,1.75,1.15625,610,2,2,451,0.739344262295082,20.516905797357033,0.3369699528786923,RNG-98f7c31f7952,safe_range,selection,100301,PAL,6,3,1000000.0,,False,bars,,,,,
9.439322766089063,91.55753545681836,True,5.696361355081556,412,6,0,2.025,2.025,3.363730248826247,7.449301125395924,2.027527026538378,-6.538405333448135,-73.48195308576112,137.20127749538528,1.882499999999999,1.93125,610,19,2,192,0.31475409836065577,19.972333693403748,0.4189106273594915,OVP56,safe_range,selection,100301,PAL,8,3,1000000.0,,False,bars,,,,,
9.545873924684825,93.96290620584648,True,4.91405269761606,273,4,0,2.025,2.025,3.256359049331053,4.7136920921708985,1.263817300719182,-5.133349303951929,-76.47366444199321,138.67770374122364,1.825,1.89375,610,9,2,316,0.5180327868852459,22.28804159535468,0.4253572674962001,VLP56,safe_range,selection,100301,PAL,8,3,1000000.0,,False,bars,,,,,
10.628848799745539,95.15761486444264,True,3.748431618569636,0,0,2,0.25,0.09124999999999998,1.0052954055694356,2.0256938065635754,2.13318331796656,-3.0846032083868633,-61.246655111427145,123.17539063194467,0.25,0.09124999999999998,610,0,2,72,0.1180327868852459,22.92444295725868,0.42910722747292185,RANGE32,safe_range,selection,100301,PAL,8,3,1000000.0,,False,bars,,,,,
-6.726530136722619,-83.47305096767295,False,609.2503136762862,610,8,61,2.025,2.025,1000000.0,85.50920936314209,22.939687608850672,-156.65799756607547,-70.85558076826948,120.96463994205833,1000000.0,1000000.0,610,610,2,1512,2.4786885245901638,-6.768026768584075,-0.32543957410314545,PLL96-rejected-board,safe_range,selection,100301,PAL,8,3,1000000.0,,False,bars,,,,,
9.447653140705581,94.72672423350895,True,6.159347553324968,526,8,0,2.025,2.025,3.570876743082252,14.005075044393921,-0.9446035112792811,-2.531181610840757,-67.75424722989652,129.72567624153317,1.85,1000000.0,610,27,2,82,0.13442622950819672,13.79240441698731,0.3207389433557537,PLL96-IQ-corrected,safe_range,selection,100301,PAL,8,3,1000000.0,,False,bars,,,,,
13.762816210367658,95.74549427672623,True,0.01631116687578419,0,0,0,1.0,0.11499999999999994,2.004449456322314,2.4053871852161732,1.7868389650152559,-1.7105717783965957,-67.98566186988572,128.79903692161366,1.0,0.11499999999999995,610,0,2,269,0.44098360655737706,26.444586768548866,0.6387954626884786,floating-PLL-IQ40,safe_range,selection,100301,PAL,8,3,1000000.0,,False,bars,,,,,
4.158480965755292,44.49676230966296,True,92.00752823086574,610,8,0,2.025,2.025,1000000.0,49.238044547468924,27.220469428825673,-25.80535728538846,-54.61883589599931,117.67077665885107,1000000.0,1000000.0,610,610,2,0,0.0,4.54120656797231,0.33258625373922696,HC50,safe_range,selection,100301,PAL,8,3,1000000.0,,False,bars,,,,,
10.45198877365679,97.90561140170506,True,5.324341279799247,3,0,0,1.075,1.5975,2.1915769844447492,0.44766968337011565,-2.341074254273898,-7.422938069373374,-79.8626917667015,116.70274276818314,1.05,1.5975,610,1,2,307,0.5032786885245901,16.99614159738056,0.3753166560676106,PLL96-board-fixed,safe_range,selection,100301,PAL,8,3,1000000.0,,False,bars,,,,,
10.303126644285111,97.05693338083115,True,3.7020075282308658,0,0,2,0.33874999999999883,0.09124999999999998,0.9995301150138859,1.0456180786421154,0.671079193940172,-0.8381934891857041,-62.67464446020247,134.33714294745675,0.3387499999999989,0.09124999999999998,610,0,2,49,0.08032786885245902,23.052045016583943,0.4215943813808392,RNG-04aa945bc1b0,safe_range,selection,100301,PAL,8,3,1000000.0,,False,bars,,,,,
10.522956082763423,95.95397219263931,True,3.5012547051442913,0,0,2,0.375,0.09124999999999998,1.0056454374687132,1.2335720884029473,0.9576080674291585,-3.01839333532255,-61.3101227505577,130.6643197291939,0.375,0.09124999999999998,610,0,2,53,0.08688524590163935,23.19858397443023,0.42184646056840025,RNG-cf72878d1543,safe_range,selection,100301,PAL,8,3,1000000.0,,False,bars,,,,,
9.588838406422326,97.75869655999936,True,5.156838143036386,1,0,2,0.33874999999999883,0.09124999999999998,1.0391346895950826,1.8166614906404523,0.940129916378627,-1.7302670800315259,-66.95468250361746,145.86763788710203,0.325,0.09124999999999998,610,1,2,61,0.1,25.513495458278527,0.4192457845576161,RNG-38b94fa247ad,safe_range,selection,100301,PAL,8,3,1000000.0,,False,bars,,,,,
10.773429566391744,95.49441067756207,True,3.22396486825596,0,0,2,0.43874999999999886,0.09124999999999998,1.0817174792514137,1.4349312511075658,1.1029868296706256,-3.7555019213365086,-61.225886926841014,130.70491167321535,0.43874999999999886,0.09124999999999998,610,0,2,63,0.10327868852459017,22.871809181324775,0.4240913075980727,RNG-7b3e4c57c69a,safe_range,selection,100301,PAL,8,3,1000000.0,,False,bars,,,,,
10.630642877640764,94.79384823900065,True,3.7158092848180675,0,0,2,0.375,0.09124999999999998,1.084379591453406,1.6388525564777612,1.3523779560800067,-5.228094533183478,-60.88649374816623,127.11773245083155,0.375,0.09124999999999998,610,0,2,64,0.10491803278688525,22.443139177967115,0.4192141706904057,RNG-bc7ebb810656,safe_range,selection,100301,PAL,8,3,1000000.0,,False,bars,,,,,
10.519522371549435,95.48195064969448,True,3.449184441656211,0,0,1,0.65,0.075,1.460542861685227,2.3885821697596232,0.9244093585848496,-3.096942365915749,-60.39264813218961,130.68207238553083,0.65,0.075,610,0,2,130,0.21311475409836064,23.144255712632194,0.4216518158460807,RNG-40d80848b1b8,safe_range,selection,100301,PAL,8,3,1000000.0,,False,bars,,,,,
9.91392835882358,95.44111704021903,True,4.370138017565872,1,0,2,0.42749999999999777,0.09124999999999998,1.1484948563835944,2.0375792100349797,1.3765044538053686,-5.234573867379485,-63.20423204576835,135.7475264867951,0.4,0.09124999999999998,610,1,2,80,0.13114754098360656,23.46818492615171,0.4232398925386024,RNG-f8a5855a35ac,safe_range,selection,100301,PAL,8,3,1000000.0,,False,bars,,,,,
10.628848799745539,95.15761486444264,True,3.748431618569636,0,0,2,0.25,0.09124999999999998,1.0052954055694356,2.0256938065635754,2.13318331796656,-3.0846032083868633,-61.246655111427145,123.17539063194467,0.25,0.09124999999999998,610,0,2,72,0.1180327868852459,22.92444295725868,0.42910722747292185,RNG-49c57570d609,safe_range,selection,100301,PAL,8,3,1000000.0,,False,bars,,,,,
9.798136138381672,95.64056561085619,True,4.563989962358845,9,0,0,1.3,0.7825,2.4519960713216973,3.410762211695585,2.0383920496463586,-2.6214397025312337,-72.44239564771316,145.15467703830927,1.175,0.7825,610,1,2,362,0.5934426229508196,24.27551106294714,0.4180800130454206,RNG-98f7c31f7952,safe_range,selection,100301,PAL,8,3,1000000.0,,False,bars,,,,,
11.050135322158841,93.75090610202336,True,1.495608531994981,183,2,0,2.025,2.025,3.15257923846506,4.944089122935136,1.7119638588557908,-4.735059660149959,-70.6077695528905,130.51620314517413,1.7424999999999997,1.775,610,4,2,387,0.6344262295081967,22.649442356250205,0.491880983079575,OVP56,safe_range,selection,100301,PAL,10,3,1000000.0,,False,bars,,,,,
11.179474998108818,95.341308416757,True,1.289836888331242,73,2,0,2.025,2.025,2.9026161303852147,3.247033237568567,1.2728811651675278,-3.6535016061934456,-70.07147598825982,133.1008946496582,1.625,1.86875,610,3,2,436,0.7147540983606557,24.713436057905493,0.49884340300119406,VLP56,safe_range,selection,100301,PAL,10,3,1000000.0,,False,bars,,,,,
12.072072580865129,95.47284813089877,True,1.801129234629862,0,0,2,0.1,0.09874999999999996,0.2604968455804735,1.6016780337843122,2.298640362691451,-2.4194990083689953,-55.22303017123781,115.63125669652577,0.1,0.09874999999999996,610,0,2,5,0.00819672131147541,24.076818645730846,0.500591874631283,RANGE32,safe_range,selection,100301,PAL,10,3,1000000.0,,True,bars,,,,,
-6.703415866838743,-82.90999772400981,False,608.7440401505646,610,8,62,2.025,2.025,1000000.0,84.3594803844806,23.217976254787306,-156.33882134747284,-69.96933202600307,102.97139984400128,1000000.0,1000000.0,610,610,2,1455,2.3852459016393444,-6.747399342687405,-0.34002703839344606,PLL96-rejected-board,safe_range,selection,100301,PAL,10,3,1000000.0,,False,bars,,,,,
9.42016049268508,95.28826263666845,True,5.914680050188205,533,8,0,2.025,2.025,3.5966141184290423,15.19030381952554,-1.1791140455336018,-2.2970322324999706,-56.67497935798495,129.7233780227666,1.8650000000000002,1000000.0,610,41,2,69,0.11311475409836065,13.174993358491484,0.3357714768255347,PLL96-IQ-corrected,safe_range,selection,100301,PAL,10,3,1000000.0,,False,bars,,,,,
15.38249004966536,95.75870626931183,True,0.0012547051442910917,0,0,2,0.40249999999999775,0.10624999999999993,1.188195008005496,2.2779059518890428,1.9000592540035088,-1.559665331749871,-64.89928212826327,124.45499318254086,0.40249999999999775,0.10624999999999993,610,0,2,86,0.14098360655737704,26.882308129859133,0.7138431469065671,floating-PLL-IQ40,safe_range,selection,100301,PAL,10,3,1000000.0,,False,bars,,,,,
4.2468743488250755,44.44033244122172,True,89.5056461731493,610,8,0,2.025,2.025,1000000.0,49.2639238792966,27.22956361515516,-25.734333687601765,-22.68584521285841,98.85868335280828,1000000.0,1000000.0,610,610,2,0,0.0,4.5374400794691265,0.3908611379842719,HC50,safe_range,selection,100301,PAL,10,3,1000000.0,,False,bars,,,,,
11.181440341232292,98.73936835270493,True,4.074027603513175,7,0,0,1.113749999999999,1.0637499999999995,2.26263680033177,1.49248895330988,-2.239291401445205,-5.737004351697013,-64.58225054683734,114.67103277505366,1.0724999999999993,1.0637499999999993,610,1,2,334,0.5475409836065573,17.55119518220259,0.41222519418511233,PLL96-board-fixed,safe_range,selection,100301,PAL,10,3,1000000.0,,False,bars,,,,,
11.517670824778133,96.78295623374852,True,2.084692597239649,0,0,2,0.125,0.09124999999999998,0.28063708260161835,1.2049625996083018,0.8787687658241791,-0.6473719215126236,-57.0422893459139,129.2606733954438,0.125,0.09124999999999998,610,0,2,4,0.006557377049180328,23.18615383173401,0.48178659950810876,RNG-04aa945bc1b0,safe_range,selection,100301,PAL,10,3,1000000.0,,True,bars,,,,,
11.733093951447458,95.88422497074743,True,2.0570890840652445,0,0,2,0.125,0.09124999999999998,0.34574106676225436,1.3377821528661302,1.0761494101673414,-2.749723354778404,-56.87720778245936,123.65201747599518,0.125,0.09124999999999998,610,0,2,6,0.009836065573770493,23.607804183006692,0.48265368473334513,RNG-cf72878d1543,safe_range,selection,100301,PAL,10,3,1000000.0,,True,bars,,,,,
11.051074219982349,98.27060809413611,True,1.6398996235884566,0,0,2,0.1,0.09124999999999998,0.44309132019572095,1.6193860494403105,0.9277325469046828,-1.1079287768707649,-58.85533120533205,144.09515834132577,0.1,0.09124999999999998,610,0,2,12,0.019672131147540985,27.49792203901773,0.48659747568034123,RNG-38b94fa247ad,safe_range,selection,100301,PAL,10,3,1000000.0,,True,bars,,,,,
11.924865640997872,95.38729633963237,True,2.138644918444166,0,0,2,0.125,0.08249999999999998,0.5177673143442705,1.5214133539513075,1.276612953074451,-3.4817165049491057,-55.86446275683445,121.02645737461977,0.125,0.08249999999999998,610,0,2,17,0.027868852459016394,23.22106425045865,0.48327189150145206,RNG-7b3e4c57c69a,safe_range,selection,100301,PAL,10,3,1000000.0,,False,bars,,,,,
11.851788219509853,94.90477654131197,True,2.1994981179422832,0,0,2,0.125,0.08249999999999998,0.3988610835045533,1.720045403042743,1.4006498992177052,-4.8517825105897705,-54.30383113907422,117.24331702368478,0.125,0.08249999999999998,610,0,2,13,0.021311475409836064,23.161512040102732,0.4813320587412571,RNG-bc7ebb810656,safe_range,selection,100301,PAL,10,3,1000000.0,,True,bars,,,,,
11.72130618276367,95.62621124612171,True,2.0570890840652445,0,0,2,0.13874999999999887,0.09124999999999998,0.6401027709493603,1.9385779990033416,1.0316211701776519,-2.833888955234813,-54.22334887364204,122.88601921717951,0.13874999999999887,0.09124999999999998,610,0,2,23,0.03770491803278689,23.548767514564975,0.4820746635405128,RNG-40d80848b1b8,safe_range,selection,100301,PAL,10,3,1000000.0,,False,bars,,,,,
11.338521200745584,96.13594319357152,True,1.5094102885821832,0,0,2,0.125,0.10749999999999997,0.566875965847678,1.833932621065088,1.3547784472812907,-4.347017922740437,-55.273154713027566,130.829533450381,0.125,0.10749999999999997,610,0,2,16,0.02622950819672131,25.16924944154259,0.4907590297808066,RNG-f8a5855a35ac,safe_range,selection,100301,PAL,10,3,1000000.0,,False,bars,,,,,
12.072072580865129,95.47284813089877,True,1.801129234629862,0,0,2,0.1,0.09874999999999996,0.2604968455804735,1.6016780337843122,2.298640362691451,-2.4194990083689953,-55.22303017123781,115.63125669652577,0.1,0.09874999999999996,610,0,2,5,0.00819672131147541,24.076818645730846,0.500591874631283,RNG-49c57570d609,safe_range,selection,100301,PAL,10,3,1000000.0,,True,bars,,,,,
11.227294729557983,95.8922009194562,True,1.6668757841907151,2,0,1,0.775,0.5637499999999996,1.809193047164369,3.169121252873947,2.1241804227606362,-2.1992830195258675,-61.37035895902443,130.0403397437364,0.7662499999999994,0.5637499999999996,610,1,2,215,0.3524590163934426,25.46959212081368,0.48313279598628334,RNG-98f7c31f7952,safe_range,selection,100301,PAL,10,3,1000000.0,,False,bars,,,,,
12.361027398948607,95.33127475250588,True,0.7151819322459222,33,0,0,2.025,1.6399999999999997,2.6660319552626897,3.1095254413763356,1.4446046202766927,-3.3726507657130105,-68.57478528553159,128.34552959768422,1.65,1.64,610,2,2,391,0.6409836065573771,24.854100213149017,0.5537328343319933,OVP56,safe_range,selection,100301,PAL,12,3,1000000.0,,False,bars,,,,,
12.505732157427417,96.30098998846692,True,0.6907151819322459,9,0,0,1.2774999999999979,0.9712499999999997,2.2380206614026656,2.123307278383101,1.2473704812008763,-2.617178191569671,-66.68583452114038,127.72581362305304,1.075,0.9712499999999995,610,1,2,312,0.5114754098360655,26.369388682187747,0.5611598411775973,VLP56,safe_range,selection,100301,PAL,12,3,1000000.0,,False,bars,,,,,
13.181362870948716,95.75873097700486,True,1.3161856963613552,0,0,2,0.075,0.09874999999999996,0.04584140515112411,1.343493831295251,2.2237218948408217,-2.181995816813686,-51.43266675722566,111.05523712273721,0.075,0.09874999999999996,610,0,2,0,0.0,24.555654885504534,0.5603085234581938,RANGE32,safe_range,selection,100301,PAL,12,3,1000000.0,,True,bars,,,,,
-6.70625109786429,-82.77349734555804,False,609.3889585947302,610,8,62,2.025,2.025,1000000.0,83.72481624689604,23.250264432191166,-156.33154242064165,-69.79798495062448,78.30847215746049,1000000.0,1000000.0,610,610,2,1442,2.363934426229508,-6.751501681646528,-0.3479954628677483,PLL96-rejected-board,safe_range,selection,100301,PAL,12,3,1000000.0,,False,bars,,,,,
9.313906849922972,96.09213170614889,True,5.970514429109159,547,8,0,2.025,2.025,3.608221982225577,15.694422006401535,-1.3375518062662735,-1.9988047615291276,-54.96913446256579,123.11847278213274,1.895,1000000.0,610,39,2,66,0.10819672131147541,12.672181360115953,0.34664755106725964,PLL96-IQ-corrected,safe_range,selection,100301,PAL,12,3,1000000.0,,False,bars,,,,,
16.862495390869125,96.05395503689076,True,0.0006273525721455459,0,0,2,0.05,0.025,0.3903458428742137,1.9689595606523151,1.8420765390413754,-1.3179220618302776,-61.5537393309627,122.99888492507934,0.05,0.025,610,0,2,6,0.009836065573770493,27.6573452347659,0.7764434617795591,floating-PLL-IQ40,safe_range,selection,100301,PAL,12,3,1000000.0,,True,bars,,,,,
4.307237640783049,44.50376249161886,True,88.98870765370138,610,8,0,2.025,2.025,1000000.0,49.16049227560091,27.19437813549889,-25.65655971236125,-9.24331134821739,90.89422723918521,1000000.0,1000000.0,610,610,2,0,0.0,4.548395592500597,0.4388896939058646,HC50,safe_range,selection,100301,PAL,12,3,1000000.0,,False,bars,,,,,
11.548465077986187,99.03346089346724,True,3.882685069008783,2,0,0,1.0024999999999977,0.6412499999999997,1.9494416584256282,2.564981929844749,-2.027871709230259,-4.495314582018301,-62.144749428254244,112.34457808428432,0.975,0.6412499999999997,610,1,2,265,0.4344262295081967,17.65939937870755,0.4345039546520705,PLL96-board-fixed,safe_range,selection,100301,PAL,12,3,1000000.0,,False,bars,,,,,
12.478372127409173,96.82941372121337,True,1.624215809284818,0,0,2,0.1,0.05,0.13945150164654166,1.170860653621816,0.8964654437832644,-0.2480429046700523,-54.79987855012791,123.80315085341617,0.1,0.05,610,0,2,0,0.0,22.994254064101955,0.5345450949225811,RNG-04aa945bc1b0,safe_range,selection,100301,PAL,12,3,1000000.0,,True,bars,,,,,
12.716750829936505,96.04974222943585,True,1.6135508155583438,0,0,2,0.1,0.05,0.1738103592528551,1.2677482168943706,1.0503851087851046,-2.3500998013601184,-52.982728020512425,118.47232836437037,0.1,0.05,610,0,2,1,0.001639344262295082,23.71515590385057,0.5364371538502786,RNG-cf72878d1543,safe_range,selection,100301,PAL,12,3,1000000.0,,True,bars,,,,,
12.217683291547559,98.83893684196993,True,0.8462986198243413,0,0,2,0.075,0.09124999999999998,0.07541551564499178,1.490161542053297,0.7665250326449508,-0.5350670409409284,-55.25890153586082,135.6766003868729,0.075,0.09124999999999998,610,0,2,2,0.003278688524590164,28.267636334209936,0.5442134089336546,RNG-38b94fa247ad,safe_range,selection,100301,PAL,12,3,1000000.0,,True,bars,,,,,
12.848787791588096,95.52873729638961,True,1.786072772898369,0,0,2,0.1,0.05,0.28824653610021145,1.4482527661259224,1.272442072519993,-3.0768768879402706,-53.692769034707105,118.31933616360008,0.1,0.05,610,0,2,7,0.011475409836065573,23.318177631312878,0.535108532767071,RNG-7b3e4c57c69a,safe_range,selection,100301,PAL,12,3,1000000.0,,True,bars,,,,,
12.871122221882423,95.17317929283949,True,1.6819322459222084,0,0,2,0.1,0.05,0.2365457533810805,1.6190179973273613,1.336778936202565,-4.419433200232468,-52.90863410786576,114.88888485034461,0.1,0.05,610,0,2,6,0.009836065573770493,23.624648182643867,0.5369526065520346,RNG-bc7ebb810656,safe_range,selection,100301,PAL,12,3,1000000.0,,True,bars,,,,,
12.705846702959873,95.94241470759995,True,1.6097867001254706,0,0,2,0.1,0.05,0.19383426248079932,1.4773583434564361,0.9971955583650096,-2.439838906367316,-51.5692104160308,119.44763301619098,0.1,0.05,610,0,2,2,0.003278688524590164,23.68093469277003,0.5357717846590824,RNG-40d80848b1b8,safe_range,selection,100301,PAL,12,3,1000000.0,,True,bars,,,,,
12.48902387431417,96.8548515040943,True,0.877038895859473,0,0,2,0.1,0.09124999999999998,0.07473998644481074,1.6683377193237257,1.1569601953410114,-3.5675675856457536,-55.018910388168855,126.96244537293497,0.1,0.09124999999999998,610,0,2,1,0.001639344262295082,26.31921729445194,0.5483490966218634,RNG-f8a5855a35ac,safe_range,selection,100301,PAL,12,3,1000000.0,,True,bars,,,,,
13.181362870948716,95.75873097700486,True,1.3161856963613552,0,0,2,0.075,0.09874999999999996,0.04584140515112411,1.343493831295251,2.2237218948408217,-2.181995816813686,-51.43266675722566,111.05523712273721,0.075,0.09874999999999996,610,0,2,0,0.0,24.555654885504534,0.5603085234581938,RNG-49c57570d609,safe_range,selection,100301,PAL,12,3,1000000.0,,True,bars,,,,,
12.336296404639269,96.26710510425583,True,1.0050188205771642,1,0,2,0.47999999999999543,0.5549999999999997,1.196022588766919,2.8797937296985574,2.084206461700124,-1.7865325324267587,-58.41707817555658,128.73582836801182,0.4150000000000006,0.5549999999999996,610,1,2,102,0.16721311475409836,26.165433743193567,0.5372678575402615,RNG-98f7c31f7952,safe_range,selection,100301,PAL,12,3,1000000.0,,False,bars,,,,,
13.425475007093358,96.33860103110385,True,0.5501882057716437,2,0,1,0.9387499999999989,1.1762499999999998,1.8927791935822558,1.8156870432810939,1.296548806246222,-2.4893847980961756,-65.84736877225325,125.40718228457482,0.9162499999999995,1.1762499999999998,610,1,2,224,0.36721311475409835,26.422882184960162,0.6055391946400913,OVP56,safe_range,selection,100301,PAL,14,3,1000000.0,,False,bars,,,,,
13.5792065026561,96.83048786442758,True,0.534504391468005,1,0,2,0.6887499999999989,0.05,1.441708428830276,1.4053271606843383,1.2737910589283283,-1.9956778364009269,-66.40388106973946,126.28497228604309,0.675,0.05,610,1,2,140,0.22950819672131148,27.307907434318626,0.6128837945536545,VLP56,safe_range,selection,100301,PAL,14,3,1000000.0,,False,bars,,,,,
14.060387573186933,95.80068417519121,True,1.1505646173149309,0,0,2,0.075,0.05,0.04424920115978014,1.3176040542757856,2.149137878133374,-2.2590267110762867,-51.530304726501555,110.68051600267677,0.075,0.05,610,0,2,0,0.0,24.797361237916213,0.608957460024278,RANGE32,safe_range,selection,100301,PAL,14,3,1000000.0,,True,bars,,,,,
-6.706028776575898,-82.62962277819047,False,609.9711417816814,610,8,63,2.025,2.025,1000000.0,83.32894299597704,23.17946476748333,-156.24855828504948,-69.59236142164302,78.35209167489361,1000000.0,1000000.0,610,610,2,1444,2.3672131147540982,-6.751941683599608,-0.35339532991895434,PLL96-rejected-board,safe_range,selection,100301,PAL,14,3,1000000.0,,False,bars,,,,,
9.200483849214066,96.67445947561595,True,6.035131744040151,555,8,0,2.025,2.025,3.6247993674885586,15.983407862771125,-1.2737156276679458,-1.839254672731141,-54.98605004764203,123.21109107598247,1.95,1000000.0,610,60,2,63,0.10327868852459017,12.30072268973184,0.3527787457588908,PLL96-IQ-corrected,safe_range,selection,100301,PAL,14,3,1000000.0,,False,bars,,,,,
18.15787336987298,96.21301191502435,True,0.0,0,0,2,0.025,0.025,0.0252649890585994,1.7945423158424316,1.8016371884149511,-1.205545570824374,-55.72612924742444,119.40307135722094,0.025,0.025,610,0,2,0,0.0,28.148449804490333,0.8255790452015913,floating-PLL-IQ40,safe_range,selection,100301,PAL,14,3,1000000.0,,True,bars,,,,,
4.342719689487887,44.51982099627129,True,88.97553324968632,610,8,0,2.025,2.025,1000000.0,49.08474152554237,27.16718605814384,-25.636172970743015,-3.7274650543688495,89.48393005645542,1000000.0,1000000.0,610,610,2,0,0.0,4.553664788624778,0.47791465516450393,HC50,safe_range,selection,100301,PAL,14,3,1000000.0,,False,bars,,,,,
11.786682446117485,98.92708536217253,True,3.8393977415307403,2,0,0,0.925,0.24874999999999997,2.0464605094592754,3.560254780878906,-1.7391063219194978,-3.664710951549887,-60.58585837276233,112.19915196890821,0.925,0.24874999999999997,610,1,2,280,0.45901639344262296,17.69840603549282,0.45091932841518095,PLL96-board-fixed,safe_range,selection,100301,PAL,14,3,1000000.0,,False,bars,,,,,
13.257350675389382,96.7615925541915,True,1.4686323713927227,0,0,2,0.075,0.05,0.037575061488993464,1.2182945854041785,0.915675654156858,0.020824863083620138,-52.543914525703734,118.50716716815072,0.075,0.05,610,0,2,0,0.0,22.677337592159866,0.5802825859295455,RNG-04aa945bc1b0,safe_range,selection,100301,PAL,14,3,1000000.0,,True,bars,,,,,
13.522940725254779,96.05676558607425,True,1.4272271016311167,0,0,2,0.075,0.05,0.10586780343087643,1.285576472481789,1.0480182665714506,-2.0976160892566615,-52.54694586615756,115.79215766696404,0.075,0.05,610,0,2,1,0.001639344262295082,23.57760534907918,0.5829639202964264,RNG-cf72878d1543,safe_range,selection,100301,PAL,14,3,1000000.0,,True,bars,,,,,
13.16951670264135,99.17530040804677,True,0.6085319949811794,0,0,2,0.075,0.06624999999999999,0.0367618610278303,1.495774622068294,0.6428883973801914,-0.18970176783102286,-52.00644848502283,130.3372299578691,0.075,0.06624999999999999,610,0,2,0,0.0,28.643817729284855,0.592125839685272,RNG-38b94fa247ad,safe_range,selection,100301,PAL,14,3,1000000.0,,True,bars,,,,,
13.600606038605987,95.51950375857191,True,1.6342534504391466,0,0,2,0.075,0.06624999999999999,0.16354487527742406,1.4783855781905455,1.2792863370052205,-2.8117862421692017,-51.2034193472325,114.19704877114427,0.075,0.06624999999999999,610,0,2,3,0.004918032786885246,23.1934397157754,0.5800584282526441,RNG-7b3e4c57c69a,safe_range,selection,100301,PAL,14,3,1000000.0,,True,bars,,,,,
13.711965009565464,95.2600666773912,True,1.4523212045169385,0,0,2,0.075,0.05,0.14209353880628,1.6027850478143075,1.3158691505452067,-4.1321767603208155,-52.615135570624446,112.58744276857345,0.075,0.05,610,0,2,2,0.003278688524590164,23.783432657528913,0.5850017854813796,RNG-bc7ebb810656,safe_range,selection,100301,PAL,14,3,1000000.0,,True,bars,,,,,
13.51089740969103,96.01650119235156,True,1.4272271016311167,0,0,2,0.075,0.05,0.10581456096150195,1.3319108003207005,0.9894168500553308,-2.189695925634627,-51.14596043938996,115.4866774750106,0.075,0.05,610,0,2,1,0.001639344262295082,23.54471734946857,0.5823141472493134,RNG-40d80848b1b8,safe_range,selection,100301,PAL,14,3,1000000.0,,True,bars,,,,,
13.4255223045545,97.33192213984967,True,0.6875784190715182,0,0,2,0.075,0.06624999999999999,0.03747950259480638,1.6090209359975296,0.9825282612756783,-3.046416204267302,-50.506717469017005,124.5637395725187,0.075,0.06624999999999999,610,0,2,0,0.0,27.109979216006195,0.5961520543882839,RNG-f8a5855a35ac,safe_range,selection,100301,PAL,14,3,1000000.0,,True,bars,,,,,
14.060387573186933,95.80068417519121,True,1.1505646173149309,0,0,2,0.075,0.05,0.04424920115978014,1.3176040542757856,2.149137878133374,-2.2590267110762867,-51.530304726501555,110.68051600267677,0.075,0.05,610,0,2,0,0.0,24.797361237916213,0.608957460024278,RNG-49c57570d609,safe_range,selection,100301,PAL,14,3,1000000.0,,True,bars,,,,,
13.22986696816097,96.4500977254965,True,0.8337515683814304,0,0,2,0.1,0.05,0.8804909677346469,2.711814133748362,2.086784274241054,-1.5614378600360244,-51.496784186740214,122.37043558350612,0.1,0.05,610,0,2,48,0.07868852459016394,26.564863357632944,0.581519535956997,RNG-98f7c31f7952,safe_range,selection,100301,PAL,14,3,1000000.0,,False,bars,,,,,
14.834639515511455,97.23136381827871,True,0.4109159347553325,0,0,2,0.05,0.05,0.5831443878227589,0.6297361367192887,1.1655616311015777,-1.5901934383708156,-66.05703889959777,125.24577045686645,0.05,0.05,610,0,2,17,0.027868852459016394,27.751591701130135,0.6724756712432719,OVP56,safe_range,selection,100301,PAL,18,3,1000000.0,,False,bars,,,,,
15.011762400264653,97.31922704926086,True,0.4090338770388959,0,0,2,0.05,0.05,0.33312356787746167,0.7055997710314781,1.2761940555227194,-1.3687006966718611,-65.79251122549206,125.27689781710687,0.05,0.05,610,0,2,8,0.013114754098360656,28.073968167531756,0.6804280338686014,VLP56,safe_range,selection,100301,PAL,18,3,1000000.0,,True,bars,,,,,
15.195670357986357,95.68062411615095,True,1.006900878293601,0,0,2,0.075,0.06624999999999999,0.04195528454961716,1.371787556217744,2.043176439308777,-2.6804458890616303,-50.42009424662428,108.26660216926184,0.075,0.06624999999999999,610,0,2,0,0.0,25.048472001115538,0.6712567181040066,RANGE32,safe_range,selection,100301,PAL,18,3,1000000.0,,True,bars,,,,,
-6.713725684875228,-82.72966060554094,False,610.9887076537013,610,8,63,2.025,2.025,1000000.0,83.63503783558387,22.959933067567395,-156.205963935326,-68.95723556405041,78.22438041696584,1000000.0,1000000.0,610,610,2,1465,2.401639344262295,-6.760119594014585,-0.35743915407244414,PLL96-rejected-board,safe_range,selection,100301,PAL,18,3,1000000.0,,False,bars,,,,,
9.021459417920555,97.81271453814192,True,6.242158092848181,584,7,0,2.025,2.025,3.6541533271691735,15.637286434740686,-1.1080292415263153,-1.634001164720221,-53.48154228243535,118.20639574122289,1.875,1.65,610,80,2,30,0.04918032786885246,11.829581517860941,0.3599405633912892,PLL96-IQ-corrected,safe_range,selection,100301,PAL,18,3,1000000.0,,False,bars,,,,,
20.000548377282218,96.36209945318042,True,0.0,0,0,2,0.025,0.025,0.02047089096862128,1.6433171220314813,1.7548221835334135,-1.094489524533154,-52.79777255758808,115.74703527275305,0.025,0.025,610,0,2,0,0.0,28.6676077804934,0.8841982683811007,floating-PLL-IQ40,safe_range,selection,100301,PAL,18,3,1000000.0,,True,bars,,,,,
4.376829094511637,44.518703861870705,True,88.9077791718946,610,8,0,2.025,2.025,1000000.0,49.000760842720815,27.155291697716297,-25.61590701141417,-3.8211977821775633,88.94915048384722,1000000.0,1000000.0,610,610,2,0,0.0,4.556689830008467,0.5303949171165652,HC50,safe_range,selection,100301,PAL,18,3,1000000.0,,False,bars,,,,,
11.985546651697561,98.23606444676345,True,3.6844416562107907,17,1,0,1.625,1.464999999999999,2.4853306975576905,4.983602030525123,-1.194570701241013,-2.865903083547008,-60.07230812013172,111.8366549624484,1.325,0.3799999999999999,610,1,2,354,0.580327868852459,17.565348466458513,0.4696126247155582,PLL96-board-fixed,safe_range,selection,100301,PAL,18,3,1000000.0,,False,bars,,,,,
14.287373226923991,96.64096578185418,True,1.389585947302384,0,0,2,0.075,0.05,0.03307963565521796,1.2403864524778827,0.8816950797708368,0.35308433601821204,-48.09898780557883,116.81195999654553,0.075,0.05,610,0,2,0,0.0,22.19335222715479,0.6439711614423702,RNG-04aa945bc1b0,safe_range,selection,100301,PAL,18,3,1000000.0,,True,bars,,,,,
14.609077747983427,96.02172131754709,True,1.343789209535759,0,0,2,0.075,0.05,0.0326274298762233,1.2817169053190534,0.9972842638155707,-1.821852942584744,-47.67322266319702,113.43440479951381,0.075,0.05,610,0,2,0,0.0,23.286917944951583,0.6478068397349599,RNG-cf72878d1543,safe_range,selection,100301,PAL,18,3,1000000.0,,True,bars,,,,,
14.514279203025023,99.50947252313495,True,0.4316185696361355,0,0,2,0.075,0.06624999999999999,0.033141524644133454,1.6285067076040727,0.4577778142008651,0.17843524978891978,-47.583243944635726,128.57427840762273,0.075,0.06624999999999999,610,0,2,0,0.0,28.888108143613547,0.6580744516113725,RNG-38b94fa247ad,safe_range,selection,100301,PAL,18,3,1000000.0,,True,bars,,,,,
14.614483516029416,95.46653585582975,True,1.556461731493099,0,0,2,0.075,0.06624999999999999,0.03239105320715664,1.497834752662968,1.2327049542298176,-2.507426081722986,-47.582300859645436,111.3523648299098,0.075,0.06624999999999999,610,0,2,0,0.0,22.917930742896544,0.6431376161993295,RNG-7b3e4c57c69a,safe_range,selection,100301,PAL,18,3,1000000.0,,True,bars,,,,,
14.841387563434381,95.31335059857963,True,1.3255959849435384,0,0,2,0.075,0.06624999999999999,0.03163897264709988,1.535536632318379,1.24847349059879,-3.830649579402822,-47.128750242425696,110.45511926839585,0.075,0.06624999999999999,610,0,2,0,0.0,23.767178458274458,0.6513337573203226,RNG-bc7ebb810656,safe_range,selection,100301,PAL,18,3,1000000.0,,True,bars,,,,,
14.598730992901668,95.97204036700067,True,1.3406524466750314,0,0,2,0.075,0.05,0.03283091306161034,1.3633973038640732,0.9366362484379208,-1.9133555238826498,-49.23001209509283,113.70831962337176,0.075,0.05,610,0,2,0,0.0,23.25847762051763,0.6472935872550267,RNG-40d80848b1b8,safe_range,selection,100301,PAL,18,3,1000000.0,,True,bars,,,,,
14.73537668806744,97.84449742017625,True,0.5087829360100377,0,0,2,0.075,0.06624999999999999,0.03341860677360031,1.6270267870999036,0.7271152754391689,-2.4578106592944375,-46.62635161865522,122.47237503212828,0.075,0.06624999999999999,610,0,2,0,0.0,28.000100625737645,0.6611001321208302,RNG-f8a5855a35ac,safe_range,selection,100301,PAL,18,3,1000000.0,,True,bars,,,,,
15.195670357986357,95.68062411615095,True,1.006900878293601,0,0,2,0.075,0.06624999999999999,0.04195528454961716,1.371787556217744,2.043176439308777,-2.6804458890616303,-50.42009424662428,108.26660216926184,0.075,0.06624999999999999,610,0,2,0,0.0,25.048472001115538,0.6712567181040066,RNG-49c57570d609,safe_range,selection,100301,PAL,18,3,1000000.0,,True,bars,,,,,
14.449956859537075,96.61481459802194,True,0.6800501882057717,0,0,2,0.05,0.05,0.2764140248155909,2.530637144911221,2.11397289227187,-1.3333573721949992,-50.57654468240441,121.66942217593372,0.05,0.05,610,0,2,3,0.004918032786885246,26.94003122817606,0.6420270847817289,RNG-98f7c31f7952,safe_range,selection,100301,PAL,18,3,1000000.0,,True,bars,,,,,
15.500733026931492,97.51591767535714,True,0.3826850690087829,0,0,2,0.05,0.05,0.13467857911387077,0.2857486358022251,1.1008713772631813,-1.3113330254227662,-61.60181802096133,124.11676246586867,0.05,0.05,610,0,2,0,0.0,28.1284357967763,0.7033448160631257,OVP56,safe_range,selection,100301,PAL,22,3,1000000.0,,True,bars,0.8267373838660375,-60.005182777233024,15.655709051434739,24.66467765058673,12.101232655544813
15.695898678984816,97.50532071926379,True,0.3695106649937265,0,0,2,0.05,0.04124999999999999,0.021686098894128043,0.4315779001446234,1.2529725973660746,-1.1820321741766628,-60.66947405138613,123.85219267266473,0.05,0.04124999999999999,610,0,2,0,0.0,28.36355335620951,0.7116613184848255,VLP56,safe_range,selection,100301,PAL,22,3,1000000.0,,True,bars,0.8170097240203515,-60.08491575582621,15.542328671821203,23.55928087716074,11.886297615363517
15.731707092848952,95.64775658968104,True,0.9504391468005019,0,0,2,0.05,0.05,0.03985115750010733,1.351568211349079,1.9706101234781046,-2.883067683752432,-49.985968232298994,106.83104026937016,0.05,0.05,610,0,2,0,0.0,25.18325419499692,0.7004196332229543,RANGE32,safe_range,selection,100301,PAL,22,3,1000000.0,,True,bars,0.7918884496232633,-61.26032315303067,15.784551390535132,21.934085219939284,11.993300981259745
-6.720824486294603,-82.92667361164598,False,611.9930991217065,610,8,62,2.025,2.025,1000000.0,84.22818530497744,22.792198697207162,-156.21871094449574,-67.71171796386737,70.14452780410446,1000000.0,1000000.0,610,610,2,1473,2.414754098360656,-6.7668852730878415,-0.3598245720071369,PLL96-rejected-board,safe_range,selection,100301,PAL,22,3,1000000.0,contrast;waveform;detail_floor;sync;h_jitter_us;v_jitter_us;h_width_rmse_us;sync_error_ire;black_error_ire;white_error_ire;contrast;stress_waveform;reference_detail;burst_gain;burst_phase_jitter_deg;burst_amplitude_jitter_pct;burst_rmse_ire;h_missing;v_missing;vertical_trains;sync_error_ire;black_error_ire;white_error_ire,False,bars,0.32817200580482353,65.52094630709058,25.263180127104274,34.65529787481923,28.793636339385717
8.933344450429804,98.6218763615095,True,6.324341279799247,604,8,0,2.025,2.025,3.679178463552246,14.849705755820795,-1.1334210504267341,-1.57496104932247,-48.77228817812775,110.85339631138115,1.85,1000000.0,610,228,2,3,0.004918032786885246,11.630956671782823,0.36378492193188333,PLL96-IQ-corrected,safe_range,selection,100301,PAL,22,3,1000000.0,waveform;detail_floor;sync;h_jitter_us;v_jitter_us;h_width_rmse_us;sync_error_ire;stress_waveform;reference_detail;burst_gain;burst_phase_jitter_deg;burst_amplitude_jitter_pct;burst_rmse_ire;h_missing;v_missing;vertical_trains;sync_error_ire,False,bars,0.37626371099544165,-112.49098029652674,26.294792389596953,32.476624851193904,16.892121133482785
20.977954615392584,96.41630480106849,True,0.0,0,0,2,0.025,0.025,0.019964107136821615,1.6217248708455232,1.7398850775142263,-1.0340305207483538,-48.70467434231949,113.42316940373865,0.025,0.025,610,0,2,0,0.0,28.872743783410954,0.9100149652714854,floating-PLL-IQ40,safe_range,selection,100301,PAL,22,3,1000000.0,burst_gain,True,bars,0.4897285053278434,13.6721549136366,9.606418356714157,17.933881030734568,6.998519072120164
4.389412827900055,44.518125585674916,True,88.82873274780427,610,8,0,2.025,2.025,1000000.0,48.96515125719701,27.16319438215036,-25.580556549218045,0.6200826282718026,84.47563440890576,1000000.0,1000000.0,610,610,2,0,0.0,4.55738488255089,0.5552356666808453,HC50,safe_range,selection,100301,PAL,22,3,1000000.0,contrast;waveform;detail_floor;sync;h_jitter_us;v_jitter_us;h_width_rmse_us;sync_error_ire;black_error_ire;white_error_ire;contrast;stress_waveform;reference_detail;burst_gain;burst_rmse_ire;h_missing;v_missing;vertical_trains;sync_error_ire;black_error_ire;white_error_ire,False,bars,0.41334634861011094,99.07118933540859,14.989269917207716,21.104491356582184,30.75464175084586
11.983990878818284,97.59251614152491,True,3.566499372647428,0,0,2,0.425,0.18874999999999992,0.12016041190909732,5.596563521651916,-0.7921284630592834,-2.6627150562256787,-58.22783194997487,111.67255262890248,0.425,0.18874999999999992,610,0,2,0,0.0,17.240881768355308,0.4760432650662884,PLL96-board-fixed,safe_range,selection,100301,PAL,22,3,1000000.0,waveform;detail_floor;h_jitter_us;sync_error_ire;stress_waveform;reference_detail;burst_gain;burst_phase_jitter_deg;burst_amplitude_jitter_pct;burst_rmse_ire,True,bars,0.43094362336214675,-98.57138996220382,27.996583006385148,33.448528612884935,15.40900201511578
14.81258472725549,96.61204376967737,True,1.3713927227101632,0,0,2,0.075,0.05,0.034011208374328125,1.2322700847470462,0.8154563384432654,0.48476752576201004,-46.14677119526232,114.86285680652489,0.075,0.05,610,0,2,0,0.0,21.99502923989045,0.6771935994602819,RNG-04aa945bc1b0,safe_range,selection,100301,PAL,22,3,1000000.0,,True,bars,0.7136400389114197,-61.23890038079614,17.54536873478801,27.612159169200478,11.713050745770953
15.175475637833848,96.01958398387747,True,1.3362609786700126,0,0,2,0.075,0.05,0.03352574249492568,1.2631495292249486,0.9248351255790221,-1.7244252617586358,-46.14679948335743,112.59711674932797,0.075,0.05,610,0,2,0,0.0,23.19109344135256,0.6815349695766847,RNG-cf72878d1543,safe_range,selection,100301,PAL,22,3,1000000.0,,True,bars,0.7093663902680678,-61.23534861247761,17.673383491722614,27.407086643605346,11.701220933785956
15.228921769329917,99.63757175600215,True,0.3713927227101631,0,0,2,0.075,0.05,0.029545741142711773,1.7317315080698301,0.3601431075849183,0.30096897652413795,-45.77897430554136,122.3202536719921,0.075,0.05,610,0,2,0,0.0,28.928881299357613,0.6922944540457224,RNG-38b94fa247ad,safe_range,selection,100301,PAL,22,3,1000000.0,,True,bars,0.7514777561272148,-61.8887030461895,17.04008999110061,26.394621012358865,12.01628771364229
15.145185398521313,95.45545280674625,True,1.5031367628607277,0,0,2,0.075,0.06624999999999999,0.031929096653597236,1.4942362082605958,1.1589967345376226,-2.3955665354117546,-46.139383904677686,110.25018568103766,0.075,0.06624999999999999,610,0,2,0,0.0,22.82781815308138,0.6761983053537236,RNG-7b3e4c57c69a,safe_range,selection,100301,PAL,22,3,1000000.0,,True,bars,0.6976628270441307,-61.240048629962686,17.437896180665785,27.815684752767535,11.634758547722104
15.412847455334637,95.32500574857104,True,1.269134253450439,0,0,2,0.075,0.05,0.032862106335213595,1.4813780354043586,1.1643432982212556,-3.73524660265688,-46.32525372742211,108.98092813773695,0.075,0.05,610,0,2,0,0.0,23.718342209892327,0.6851302886672017,RNG-bc7ebb810656,safe_range,selection,100301,PAL,22,3,1000000.0,,True,bars,0.7015221282658165,-61.30044724770956,17.47519930193133,28.002314773701034,11.672829290996683
15.168602939638294,95.94974328003097,True,1.3306148055207025,0,0,2,0.075,0.05,0.03328035407283274,1.4032070313890874,0.8673676698198995,-1.8136690786436058,-47.639906673256085,112.7800733601394,0.075,0.05,610,0,2,0,0.0,23.165723672872787,0.6812382802442716,RNG-40d80848b1b8,safe_range,selection,100301,PAL,22,3,1000000.0,,True,bars,0.7131063816786793,-61.27448731678155,17.483845803154594,27.096561568902374,11.713259974686116
15.420692394615823,98.02651841380035,True,0.4523212045169385,0,0,2,0.075,0.06624999999999999,0.030231348402436638,1.6679174554455587,0.6115313460093442,-2.2768537292769504,-45.781427970749704,120.27183394606061,0.075,0.06624999999999999,610,0,2,0,0.0,28.319661446980724,0.6943203044358658,RNG-f8a5855a35ac,safe_range,selection,100301,PAL,22,3,1000000.0,,True,bars,0.7355427008578481,-61.35791103567568,16.74995208334176,26.09316081678189,11.844827190232532
15.731707092848952,95.64775658968104,True,0.9504391468005019,0,0,2,0.05,0.05,0.03985115750010733,1.351568211349079,1.9706101234781046,-2.883067683752432,-49.985968232298994,106.83104026937016,0.05,0.05,610,0,2,0,0.0,25.18325419499692,0.7004196332229543,RNG-49c57570d609,safe_range,selection,100301,PAL,22,3,1000000.0,,True,bars,0.7918884496232633,-61.26032315303067,15.784551390535132,21.934085219939284,11.993300981259745
15.116538509161375,96.66188515680871,True,0.6468005018820577,0,0,2,0.05,0.05,0.024524160051457588,2.4656343478999565,2.129595637755274,-1.28091472956558,-48.5162254648792,116.82888393726981,0.05,0.05,610,0,2,0,0.0,27.090789750959694,0.6750380416731226,RNG-98f7c31f7952,safe_range,selection,100301,PAL,22,3,1000000.0,,True,bars,0.8272076783172859,-60.091576219622134,16.387504801427575,26.997674847887826,12.195639009567055
15.933407646827519,97.5942117597888,True,0.3331242158092848,0,0,2,0.05,0.05,0.02064532654613923,0.13948049462031098,1.1023752056006844,-1.2258649985087624,-55.3680624215777,124.13779505423622,0.05,0.05,610,0,2,0,0.0,28.25187746589232,0.7229005752608674,OVP56,safe_range,selection,100301,PAL,30,3,1000000.0,,True,bars,0.8169801405941788,-59.87935170069123,15.567984535150405,26.92793483809879,11.946773155728506
16.144394109152252,97.56691465135974,True,0.34316185696361357,0,0,2,0.05,0.04124999999999999,0.018415736321480473,0.28976576189151193,1.2635465521406426,-1.1284337721518272,-55.86484649520797,123.67046153899554,0.05,0.04124999999999999,610,0,2,0,0.0,28.49094778450123,0.7316360529786783,VLP56,safe_range,selection,100301,PAL,30,3,1000000.0,,True,bars,0.80209382560539,-59.93438447937636,14.239147682243244,25.218587080583227,11.70446402628301
16.074704396699442,95.6934384556598,True,0.8808030112923463,0,0,2,0.05,0.05,0.039085341682352344,1.2533096642105126,1.8981171579842306,-2.9887441861885793,-43.16037407667967,103.6728803438358,0.05,0.05,610,0,2,0,0.0,25.30939121590858,0.7183999855647629,RANGE32,safe_range,selection,100301,PAL,30,3,1000000.0,,True,bars,0.7879721877453986,-60.865450350144165,15.835413021168188,25.293407443179515,11.82413544973037
-6.728071400917043,-83.18808119582125,False,612.625470514429,610,8,62,2.025,2.025,1000000.0,84.96949363827625,22.71271565072015,-156.2590628427699,-68.55443703830451,61.27943233116248,1000000.0,1000000.0,610,610,2,1486,2.4360655737704917,-6.773902903637259,-0.3598725148777646,PLL96-rejected-board,safe_range,selection,100301,PAL,30,3,1000000.0,contrast;waveform;detail_floor;sync;h_jitter_us;v_jitter_us;h_width_rmse_us;sync_error_ire;black_error_ire;white_error_ire;contrast;stress_waveform;reference_detail;burst_gain;burst_phase_jitter_deg;burst_rmse_ire;h_missing;v_missing;vertical_trains;sync_error_ire;black_error_ire;white_error_ire,False,bars,0.3285145576255396,65.93330174151224,22.229107256115686,29.803613125129417,28.75305204245093
8.883541379196414,99.29636733195649,True,6.2992471769134255,610,8,0,2.025,2.025,1000000.0,13.95122779646336,-1.1778333389070128,-1.5576020700493638,-41.78217211326633,107.15995146020802,1000000.0,1000000.0,610,610,2,0,0.0,11.521420229457265,0.3660957548243386,PLL96-IQ-corrected,safe_range,selection,100301,PAL,30,3,1000000.0,waveform;detail_floor;sync;h_jitter_us;v_jitter_us;h_width_rmse_us;sync_error_ire;stress_waveform;reference_detail;burst_gain;burst_phase_jitter_deg;burst_rmse_ire;h_missing;v_missing;vertical_trains;sync_error_ire,False,bars,0.3745872034663782,-111.88745067106883,21.87418366086739,30.777725488839547,16.898742661987498
21.65496220501407,96.43125303308946,True,0.0,0,0,2,0.025,0.025,0.01980954398230523,1.6289825922174532,1.743705693181448,-0.9923731443377523,-45.459927658952466,111.45413378350139,0.025,0.025,610,0,2,0,0.0,28.965359286449154,0.9259635916347708,floating-PLL-IQ40,safe_range,selection,100301,PAL,30,3,1000000.0,burst_gain,True,bars,0.48324515235896853,13.376533928253679,7.011585545877126,17.263768772861905,6.8869248783559645
4.397267271059752,44.52247043030941,True,88.77979924717691,610,8,0,2.025,2.025,1000000.0,48.94832091053523,27.16732322285728,-25.543050066411464,3.069583249810691,84.33285969748789,1000000.0,1000000.0,610,610,2,0,0.0,4.558276245498387,0.5715882038199238,HC50,safe_range,selection,100301,PAL,30,3,1000000.0,contrast;waveform;detail_floor;sync;h_jitter_us;v_jitter_us;h_width_rmse_us;sync_error_ire;black_error_ire;white_error_ire;contrast;stress_waveform;reference_detail;burst_gain;burst_rmse_ire;h_missing;v_missing;vertical_trains;sync_error_ire;black_error_ire;white_error_ire,False,bars,0.40687582337368006,99.11433685993511,14.595673014804412,24.74583062851374,30.745155368473025
11.908168960999744,97.12924670849816,True,3.4930991217063987,0,0,2,0.275,0.075,0.10784304776303233,5.717582397445236,-0.6491223909553792,-2.620416280844156,-57.52447533587082,111.48957607182155,0.275,0.075,610,0,2,0,0.0,16.827259582892033,0.4792970818114438,PLL96-board-fixed,safe_range,selection,100301,PAL,30,3,1000000.0,waveform;detail_floor;sync_error_ire;stress_waveform;reference_detail;burst_gain;burst_phase_jitter_deg;burst_rmse_ire,True,bars,0.43667488156213563,-99.76276386168279,24.783675945137762,31.781726031921504,15.450128335276963
15.133321459189194,96.58596967144265,True,1.3739021329987453,0,0,2,0.075,0.06624999999999999,0.03304864769932498,1.1927466419209707,0.7862114490490523,0.5217018956975825,-45.77038301464492,114.129141496231,0.075,0.06624999999999999,610,0,2,0,0.0,21.890670056496425,0.69735860015672,RNG-04aa945bc1b0,safe_range,selection,100301,PAL,30,3,1000000.0,,True,bars,0.7071813024946947,-60.40219572858653,17.219971115102624,28.212339185336287,11.456888954352218
15.527749865875364,95.99639673303034,True,1.327478042659975,0,0,2,0.075,0.06624999999999999,0.03259601202601324,1.2107094996369743,0.8954495168939612,-1.7064771244650894,-45.770383014707306,111.86863641755698,0.075,0.06624999999999999,610,0,2,0,0.0,23.13376987518336,0.7023959939135637,RNG-cf72878d1543,safe_range,selection,100301,PAL,30,3,1000000.0,,True,bars,0.7009680885430766,-60.38908631863071,16.992837551325533,28.353392780223995,11.444006949615753
15.70405500372414,99.67985688650226,True,0.3230865746549561,0,0,2,0.075,0.05,0.02676169883602616,1.801462162024746,0.32338003081844424,0.3303450396805332,-44.80547144002972,122.45684130144733,0.075,0.05,610,0,2,0,0.0,28.944474008336503,0.7141292816506934,RNG-38b94fa247ad,safe_range,selection,100301,PAL,30,3,1000000.0,,True,bars,0.7463778951426792,-61.02366925792609,17.18918914717755,31.68952619666826,11.7480814290746
15.476116666807723,95.42337837429756,True,1.4912170639899625,0,0,2,0.075,0.075,0.031362502409359,1.4471591620401971,1.1317924835175068,-2.3693821277161,-46.14984275892766,109.91130747165732,0.075,0.075,610,0,2,0,0.0,22.776202437839245,0.696707667856135,RNG-7b3e4c57c69a,safe_range,selection,100301,PAL,30,3,1000000.0,,True,bars,0.6875774057722603,-60.40672587130498,17.060592678540118,28.68631247899972,11.380412563278757
15.762701658940273,95.28313830166778,True,1.2421580928481806,0,0,2,0.075,0.075,0.03150917118637777,1.391747135083833,1.1337925071382686,-3.726681517013171,-45.426670407848135,108.5685832393138,0.075,0.075,610,0,2,0,0.0,23.630991975025832,0.7063310213980841,RNG-bc7ebb810656,safe_range,selection,100301,PAL,30,3,1000000.0,,True,bars,0.690369061229094,-60.43847162486863,16.9477795092534,28.53441785363324,11.405049379908236
15.523638248353988,95.9164112864304,True,1.320577164366374,0,0,2,0.075,0.06624999999999999,0.03264312746186865,1.3779526649537388,0.8399306480192017,-1.7957801659721668,-46.97623029778722,112.19448681967825,0.075,0.06624999999999999,610,0,2,0,0.0,23.110081660430666,0.7022632843081605,RNG-40d80848b1b8,safe_range,selection,100301,PAL,30,3,1000000.0,,True,bars,0.7050031706890075,-60.4195536101931,16.957051816881062,28.04520198056357,11.453633033977539
15.8753342163889,98.10179273179759,True,0.3946047678795483,0,0,2,0.075,0.06624999999999999,0.02875489979629701,1.6779739073791893,0.5736339137962375,-2.2431149340468735,-44.40349847859372,120.29175979002642,0.075,0.06624999999999999,610,0,2,0,0.0,28.422339913517778,0.7155783248839626,RNG-f8a5855a35ac,safe_range,selection,100301,PAL,30,3,1000000.0,,True,bars,0.7265774152322076,-60.681788925421706,16.904936521295376,31.48883874203712,11.60028875518176
16.074704396699442,95.6934384556598,True,0.8808030112923463,0,0,2,0.05,0.05,0.039085341682352344,1.2533096642105126,1.8981171579842306,-2.9887441861885793,-43.16037407667967,103.6728803438358,0.05,0.05,610,0,2,0,0.0,25.30939121590858,0.7183999855647629,RNG-49c57570d609,safe_range,selection,100301,PAL,30,3,1000000.0,,True,bars,0.7879721877453986,-60.865450350144165,15.835413021168188,25.293407443179515,11.82413544973037
15.561523532245713,96.68260116992042,True,0.5853199498117942,0,0,2,0.05,0.05,0.023412725977658345,2.4369989103161647,2.1284069662661915,-1.2710026313987728,-47.97494687312097,115.92450077567494,0.05,0.05,610,0,2,0,0.0,27.1893112117056,0.6967394386970226,RNG-98f7c31f7952,safe_range,selection,100301,PAL,30,3,1000000.0,,True,bars,0.8215677548093316,-60.058447661521946,16.820191023088842,25.313908948178753,12.034433290334183
5.100535242161293,80.69275232788551,True,65.52878521948297,502,12,0,2.025,2.025,3.5039709616376675,16.890208223609612,5.162542357537248,-13.99426344909785,-85.5961484917321,143.41652926341197,1.5137499999999997,1000000.0,506,314,2,10,0.019762845849802372,12.37680176203419,0.2626747782158734,OVP56,safe_range,selection,100301,NTSC,4,3,1000000.0,,False,bars,,,,,
4.835398811296136,84.82707812257293,True,62.303750824133644,490,12,0,2.025,2.025,3.560355714321253,11.141549740145239,2.9826584287906317,-13.118015206790766,-90.42445906169928,152.78959049778265,1.95625,1000000.0,506,87,2,18,0.03557312252964427,13.355822320116788,0.25975193307660516,VLP56,safe_range,selection,100301,NTSC,4,3,1000000.0,,False,bars,,,,,
5.868517381418813,88.44670331873085,True,39.579488630718885,56,0,0,2.025,1.795,2.858639925248058,9.310725650822317,1.7289986332371838,-12.188686557435396,-68.45751897982903,131.7362835770082,1.75,1.795,506,4,2,409,0.808300395256917,13.820164043943832,0.25864125853056347,RANGE32,safe_range,selection,100301,NTSC,4,3,1000000.0,,False,bars,,,,,
-6.707996560452992,-84.02456325215594,False,612.3598972805848,506,12,35,2.025,2.025,1000000.0,88.7472509612895,21.355101701350268,-156.4052082759889,-74.99524577798151,134.32937788872573,1000000.0,1000000.0,506,506,2,1706,3.3715415019762847,-6.725054499912769,-0.23623354833513693,PLL96-rejected-board,safe_range,selection,100301,NTSC,4,3,1000000.0,,False,bars,,,,,
7.957757234649389,92.65085918920177,True,17.95557656239181,361,8,0,2.025,2.025,3.398208199259904,11.021095950095935,0.2445119418933937,-4.078334282132037,-74.40559875734571,134.23341340896314,1.9,1.5462500000000001,506,13,2,174,0.3438735177865613,13.223792213761259,0.2315668968710884,PLL96-IQ-corrected,safe_range,selection,100301,NTSC,4,3,1000000.0,,False,bars,,,,,
10.21751523843191,95.83939652112768,True,2.194679182459425,138,3,0,2.025,2.025,3.0700727136977237,2.6280004363367846,1.2553955088558642,-2.4915656495389085,-72.81574551414614,136.98993247216916,1.8,1.6249999999999996,506,4,2,378,0.7470355731225297,23.470736054668173,0.47661797920212223,floating-PLL-IQ40,safe_range,selection,100301,NTSC,4,3,1000000.0,,False,bars,,,,,
3.243537325902574,42.600266886790955,True,127.77458326685071,506,12,0,2.025,2.025,1000000.0,49.36150248291055,27.105116637315113,-29.12644686716581,-79.90587631436526,124.71000224887135,1000000.0,1000000.0,506,506,2,0,0.0,4.221577329147503,0.18516282573649556,HC50,safe_range,selection,100301,NTSC,4,3,1000000.0,,False,bars,,,,,
5.843539219999421,90.86517048366261,True,41.40086161479015,64,1,0,2.025,1.8737499999999998,2.8550852167707053,3.121701707011815,-1.7196380869330588,-14.618043059058909,-82.44433423161061,128.33103821488447,1.6974999999999993,1.0875,506,3,2,403,0.7964426877470355,11.047084010802035,0.21073220870715284,PLL96-board-fixed,safe_range,selection,100301,NTSC,4,3,1000000.0,,False,bars,,,,,
6.339041721386501,94.52886245905533,True,32.37603374206348,43,0,0,2.025,1.4774999999999996,2.680830729779085,5.990577587317884,0.4821171859160494,-3.2941303902163126,-80.62458857114721,143.5241345940908,1.4974999999999994,1.4774999999999996,506,3,2,385,0.7608695652173914,16.053102173359143,0.2750928311301742,RNG-04aa945bc1b0,safe_range,selection,100301,NTSC,4,3,1000000.0,,False,bars,,,,,
6.782617694877619,92.88975870762428,True,28.777693148325994,46,0,0,2.025,1.4774999999999996,2.6824049276073465,6.015720367894188,1.0646105865689761,-5.869102579191325,-76.00103719160721,138.16875778626147,1.5,1.4774999999999996,506,3,2,391,0.7727272727272727,16.281935592378005,0.27916403520069105,RNG-cf72878d1543,safe_range,selection,100301,NTSC,4,3,1000000.0,,False,bars,,,,,
4.90730933841978,91.5520415072524,True,56.48589414360849,69,0,0,2.025,1.795,2.80201943766666,11.119290983239036,1.6904148540983148,-5.101356306139856,-75.67345897892721,153.02305523571616,1.6799999999999997,1.795,506,2,2,401,0.7924901185770751,14.399927920883208,0.25641002993187934,RNG-38b94fa247ad,safe_range,selection,100301,NTSC,4,3,1000000.0,,False,bars,,,,,
7.025234350197829,92.55636704122728,True,25.55717455376362,52,0,0,2.025,1.4774999999999996,2.700486118336918,6.272848759447734,0.9853837865547245,-6.574862886194846,-77.75483236684138,137.77243126476807,1.458749999999999,1.4774999999999996,506,3,2,390,0.7707509881422925,16.184107078341942,0.2801475381585572,RNG-7b3e4c57c69a,safe_range,selection,100301,NTSC,4,3,1000000.0,,False,bars,,,,,
7.068231693933267,91.24064300268009,True,27.897864628334542,50,0,0,2.025,1.4774999999999996,2.7090524517630716,6.14292438319633,1.6998413020751848,-8.497923356186812,-76.89970106144034,136.5302290318101,1.58125,1.4774999999999996,506,3,2,398,0.7865612648221344,16.096403974463644,0.2790486443098104,RNG-bc7ebb810656,safe_range,selection,100301,NTSC,4,3,1000000.0,,False,bars,,,,,
6.829636544796095,92.2593533028995,True,28.207196982240863,85,1,0,2.025,1.6124999999999994,3.0137917835327164,7.474967654953949,1.1245030720757867,-5.913153482065597,-76.30752848860789,138.1710931372553,1.7,0.9875,506,3,2,408,0.8063241106719368,16.338861543117485,0.28046866963887807,RNG-40d80848b1b8,safe_range,selection,100301,NTSC,4,3,1000000.0,,False,bars,,,,,
5.449097133147841,88.9169313573581,True,49.35393943407985,77,0,0,2.025,1.795,2.862901471729308,10.585406762437758,1.9283720619350826,-9.574365033196928,-71.45471917014105,138.81957592498406,1.725,1.795,506,2,2,402,0.7944664031620553,14.342837529647586,0.2621925642607108,RNG-f8a5855a35ac,safe_range,selection,100301,NTSC,4,3,1000000.0,,False,bars,,,,,
5.868517381418813,88.44670331873085,True,39.579488630718885,56,0,0,2.025,1.795,2.858639925248058,9.310725650822317,1.7289986332371838,-12.188686557435396,-68.45751897982903,131.7362835770082,1.75,1.795,506,4,2,409,0.808300395256917,13.820164043943832,0.25864125853056347,RNG-49c57570d609,safe_range,selection,100301,NTSC,4,3,1000000.0,,False,bars,,,,,
5.203370619621975,90.92631910326521,True,50.64470582568407,246,6,0,2.025,2.025,3.266242695537771,10.54114266001498,2.717335457648975,-5.4543737522461875,-86.64219387770227,151.61041983472933,1.8512499999999996,1.66875,506,8,2,270,0.5335968379446641,14.73393986855421,0.2603115986712667,RNG-98f7c31f7952,safe_range,selection,100301,NTSC,4,3,1000000.0,,False,bars,,,,,
7.482906445606722,87.89686217102471,True,22.462345747771455,466,12,0,2.025,2.025,3.5379328357107065,10.817172506340604,2.7317355531959393,-9.361295502563388,-75.81055774540079,139.38622913337286,1.95,1000000.0,506,46,2,51,0.1007905138339921,16.493622054262595,0.35307884303308606,OVP56,safe_range,selection,100301,NTSC,6,3,1000000.0,,False,bars,,,,,
7.482524188085683,91.23379862296397,True,20.32260880821996,385,9,0,2.025,2.025,3.4811468317873078,6.7969101502215485,1.5019965261073895,-7.85318058564915,-85.24209077087293,148.59078453499376,1.95,1.5699999999999998,506,18,2,116,0.22924901185770752,18.31719441015713,0.3566099236180765,VLP56,safe_range,selection,100301,NTSC,6,3,1000000.0,,False,bars,,,,,
8.563123814900763,93.70304380678535,True,12.827884768806053,2,0,1,1.175,1.11125,1.9879332786182977,3.507194338470323,1.700717465403788,-5.902252714006186,-72.47162449664913,123.63699993498501,1.146249999999999,1.11125,506,1,2,256,0.5059288537549407,18.939033300554076,0.3563061413201421,RANGE32,safe_range,selection,100301,NTSC,6,3,1000000.0,,False,bars,,,,,
-6.674385894775438,-83.95418217889168,False,608.3092239746875,506,12,47,2.025,2.025,1000000.0,86.91896183345848,22.11465186438865,-157.0959230420314,-72.99657922468737,131.41696758351952,1000000.0,1000000.0,506,506,2,1376,2.719367588932806,-6.7109004792025235,-0.2928079672260988,PLL96-rejected-board,safe_range,selection,100301,NTSC,6,3,1000000.0,,False,bars,,,,,
9.144544912292416,93.86694186787038,True,8.222520599577923,395,8,0,2.025,2.025,3.5003386258325775,12.34680408177537,-0.6495948621922994,-2.893485245422568,-73.05447787445702,133.68551233627676,1.75,1.5425,506,24,2,105,0.2075098814229249,14.31888881773233,0.28470921641384933,PLL96-IQ-corrected,safe_range,selection,100301,NTSC,6,3,1000000.0,,False,bars,,,,,
12.104888208823697,95.99241150535867,True,0.23105847359912332,30,1,0,2.025,1.97,2.6652316637449305,2.2809294690518396,1.4007199917412223,-1.941228420353319,-70.74130842643987,132.1128815925357,1.6,1.4625,506,2,2,387,0.7648221343873518,25.876931625935825,0.5701294408282449,floating-PLL-IQ40,safe_range,selection,100301,NTSC,6,3,1000000.0,,False,bars,,,,,
3.8966637286390196,44.30206061283174,True,105.62759094070151,506,12,0,2.025,2.025,1000000.0,49.03359848018077,27.067459080693357,-26.586723280966012,-61.87301149700633,117.92432269592022,1000000.0,1000000.0,506,506,2,0,0.0,4.469380915533243,0.26967904439602597,HC50,safe_range,selection,100301,NTSC,6,3,1000000.0,,False,bars,,,,,
8.759493380630703,95.7565007757883,True,13.156032959324676,8,0,0,1.48125,1.1474999999999993,2.255151120502841,0.47174072500970243,-2.455608704079946,-10.022616608039167,-80.97360203545543,119.66512635639624,1.2287499999999993,1.1474999999999993,506,1,2,325,0.642292490118577,14.97758534658287,0.30673526267746154,PLL96-board-fixed,safe_range,selection,100301,NTSC,6,3,1000000.0,,False,bars,,,,,
8.670415597289464,97.02502746936666,True,10.572242275722754,2,0,1,1.075,0.7624999999999998,1.8391381991237608,1.5984193391149901,0.27377593104192305,-1.3090066306378532,-80.30319762363396,140.61764500095143,1.05,0.7624999999999998,506,1,2,230,0.45454545454545453,20.783473945693324,0.3633565951708812,RNG-04aa945bc1b0,safe_range,selection,100301,NTSC,6,3,1000000.0,,False,bars,,,,,
8.963255301014367,95.65679158622042,True,9.631450445107431,2,0,1,1.075,0.7762499999999999,1.8652511108022982,1.7966694834327925,0.701433098682932,-3.656648822882621,-72.38660829061483,134.27547249740496,1.075,0.7762499999999999,506,1,2,233,0.46047430830039526,20.923184420480737,0.365103307084642,RNG-cf72878d1543,safe_range,selection,100301,NTSC,6,3,1000000.0,,False,bars,,,,,
7.565727169780876,96.38765924224258,True,19.120653165425825,8,0,0,1.225,0.8862499999999996,1.9845196580261857,3.65706215832691,0.8791961689001575,-2.805311745677076,-71.5144676443399,145.85508716084587,1.1037499999999993,0.8862499999999998,506,1,2,247,0.4881422924901186,20.277704623140927,0.35062631918415926,RNG-38b94fa247ad,safe_range,selection,100301,NTSC,6,3,1000000.0,,False,bars,,,,,
9.23257794663443,95.24247929613723,True,8.350468288541608,2,0,1,1.075,0.7624999999999998,1.898434570756771,2.0362556233059728,0.7485792283744725,-4.390107103881889,-72.38580854568708,135.52899768649507,1.075,0.7624999999999998,506,1,2,237,0.4683794466403162,20.727283527280672,0.36677198361474905,RNG-7b3e4c57c69a,safe_range,selection,100301,NTSC,6,3,1000000.0,,False,bars,,,,,
9.120311258242012,94.26179622675302,True,9.854982584061633,1,0,0,1.075,0.7762499999999999,1.9124814759990758,2.1567396406178374,1.209596175533785,-6.041658017183662,-70.81255302987275,130.09737817575103,1.075,0.7762499999999999,506,1,2,234,0.4624505928853755,20.346103907308333,0.36295679229153893,RNG-bc7ebb810656,safe_range,selection,100301,NTSC,6,3,1000000.0,,False,bars,,,,,
8.98130414808658,94.99243855809563,True,9.448560513235812,10,0,0,1.36875,1.0437499999999993,2.2631774181909994,3.3872690534740726,0.694094904937988,-3.7252525302944965,-74.32953884651815,134.60084487172594,1.2,1.0437499999999993,506,1,2,338,0.6679841897233202,20.956249432814023,0.36518724183612794,RNG-40d80848b1b8,safe_range,selection,100301,NTSC,6,3,1000000.0,,False,bars,,,,,
7.9879931054078845,93.90212031062212,True,16.186887920835,10,0,0,1.31875,0.8862499999999996,2.0602645510131192,3.6862991678902928,1.2666895186403797,-6.712359770645547,-67.02267339098684,135.96115852263853,1.2,0.8862499999999998,506,1,2,265,0.5237154150197628,19.530153668229,0.3558014082173979,RNG-f8a5855a35ac,safe_range,selection,100301,NTSC,6,3,1000000.0,,False,bars,,,,,
8.563123814900763,93.70304380678535,True,12.827884768806053,2,0,1,1.175,1.11125,1.9879332786182977,3.507194338470323,1.700717465403788,-5.902252714006186,-72.47162449664913,123.63699993498501,1.146249999999999,1.11125,506,1,2,256,0.5059288537549407,18.939033300554076,0.3563061413201421,RNG-49c57570d609,safe_range,selection,100301,NTSC,6,3,1000000.0,,False,bars,,,,,
7.845475132362999,94.79484050815186,True,16.64674696763977,60,2,0,2.025,2.025,2.9486546392574278,4.75248630291841,1.878269282417827,-3.4657630458483246,-84.87334656063535,145.78702699529794,1.75,1.142499999999999,506,3,2,405,0.8003952569169961,20.34071499340522,0.35410933332514144,RNG-98f7c31f7952,safe_range,selection,100301,NTSC,6,3,1000000.0,,False,bars,,,,,
9.526291455986488,91.58719021057316,True,5.680124756523075,329,9,0,2.025,2.025,3.334810407201195,7.302593257840063,1.959671350568579,-6.613054128535286,-74.55529188214342,137.55548595423613,1.8049999999999997,0.8275,506,16,2,195,0.38537549407114624,19.927350308308622,0.4403573698123581,OVP56,safe_range,selection,100301,NTSC,8,3,1000000.0,,False,bars,,,,,
9.645673782369602,93.98796193240209,True,4.674606447961416,202,4,0,2.025,2.025,3.234271785157079,4.626779124098331,1.214144863849721,-5.200924262611548,-79.6173497811955,147.53663496617378,1.9,1.005,506,6,2,327,0.6462450592885376,22.25072276922797,0.44697289708547294,VLP56,safe_range,selection,100301,NTSC,8,3,1000000.0,,False,bars,,,,,
10.72103127553065,95.14221097215906,True,3.742093585455509,0,0,2,0.41875,0.4299999999999997,1.0886973214385667,2.0015971731250337,2.0702565798328267,-3.1924692209148557,-62.69133532533194,120.03866640957902,0.41875,0.4299999999999997,506,0,2,64,0.12648221343873517,22.817737156571276,0.4486119897172366,RANGE32,safe_range,selection,100301,NTSC,8,3,1000000.0,,False,bars,,,,,
-6.625818257809271,-83.18684450031604,False,606.2206661107215,506,12,50,2.025,2.025,1000000.0,85.51170902748724,22.893070677832416,-156.50589161311123,-71.10713118122688,127.05806443617492,1000000.0,1000000.0,506,506,2,1248,2.466403162055336,-6.669451836962894,-0.31651165503721523,PLL96-rejected-board,safe_range,selection,100301,NTSC,8,3,1000000.0,,False,bars,,,,,
9.410684464676343,94.30768704819667,True,6.289005229297311,432,9,0,2.025,2.025,3.5344647230349295,13.981701049345167,-0.9468786359678035,-2.631513982588684,-69.7716399630482,128.00633797427247,1.75,1.4149999999999998,506,28,2,71,0.14031620553359683,13.853483326317663,0.31107880959252515,PLL96-IQ-corrected,safe_range,selection,100301,NTSC,8,3,1000000.0,,False,bars,,,,,
13.884564520898163,95.72352164169155,True,0.01430003582535291,1,1,0,0.95,1.2412499999999989,1.9719932620936043,2.3835527836960857,1.7264425965756238,-1.7963587235605218,-66.54054553631894,128.56202686418305,0.95,0.575,506,1,2,256,0.5059288537549407,26.42023890599235,0.6549390476079044,floating-PLL-IQ40,safe_range,selection,100301,NTSC,8,3,1000000.0,,False,bars,,,,,
4.1179574521262206,44.46412719207605,True,97.87922942375371,506,12,0,2.025,2.025,1000000.0,49.20746955549483,27.160139517165494,-25.894179060011613,-44.96289524187194,113.6716176502019,1000000.0,1000000.0,506,506,2,0,0.0,4.490952703932508,0.3469802058617512,HC50,safe_range,selection,100301,NTSC,8,3,1000000.0,,False,bars,,,,,
10.462315054670288,97.68192194593118,True,5.5107822270123155,3,0,1,1.075,0.8037499999999999,2.157433460199611,0.5184817525223789,-2.4393497581064945,-7.517340069191553,-79.00171254403612,118.27272880275255,1.0224999999999995,0.8037499999999997,506,1,2,267,0.5276679841897233,17.066179474385358,0.37730978564981593,PLL96-board-fixed,safe_range,selection,100301,NTSC,8,3,1000000.0,,False,bars,,,,,
10.398381645225623,97.00838438832962,True,3.6540354701099145,0,0,2,0.36875,0.41624999999999973,0.9632962801340812,1.0041686838898694,0.618152635954826,-0.946710967570005,-73.84747336743203,140.76973709252746,0.36875,0.4162499999999997,506,0,2,60,0.11857707509881422,22.98345342517029,0.44006803217993296,RNG-04aa945bc1b0,safe_range,selection,100301,NTSC,8,3,1000000.0,,False,bars,,,,,
10.614202648229512,95.9274009461283,True,3.4997456098890014,0,0,2,0.39375000000000004,0.4274999999999997,1.0080597876976953,1.1872160205286069,0.8997717246268613,-3.1239526074776354,-69.31614895785324,133.82000629375926,0.39375,0.42749999999999966,506,0,2,66,0.13043478260869565,23.143878785852017,0.44074346544938586,RNG-cf72878d1543,safe_range,selection,100301,NTSC,8,3,1000000.0,,False,bars,,,,,
9.676010826761166,97.71905372790543,True,5.120165458940834,0,0,2,0.425,0.4574999999999998,1.0426709914650392,1.853573480289145,0.9125094356290151,-1.809659807099018,-68.594226635357,143.53649770331583,0.425,0.45749999999999974,506,0,2,61,0.12055335968379446,25.175384575525964,0.4384125714914746,RNG-38b94fa247ad,safe_range,selection,100301,NTSC,8,3,1000000.0,,False,bars,,,,,
10.854043649684895,95.45430773752116,True,3.2393344311746803,0,0,2,0.5,0.41624999999999973,1.0813884310159685,1.3911917489080783,1.047195863916871,-3.857172887347573,-68.7718414989965,135.06673386814435,0.5,0.4162499999999997,506,0,2,78,0.1541501976284585,22.81050485616491,0.4417049150177033,RNG-7b3e4c57c69a,safe_range,selection,100301,NTSC,8,3,1000000.0,,False,bars,,,,,
10.716860938125738,94.80141414929344,True,3.748867286635939,0,0,2,0.5,0.4274999999999997,1.041801704027131,1.5805442718739144,1.2892799602675034,-5.31066127964756,-69.65966033648954,129.6630829273343,0.5,0.42749999999999966,506,0,2,74,0.14624505928853754,22.44949352795743,0.43819901406665085,RNG-bc7ebb810656,safe_range,selection,100301,NTSC,8,3,1000000.0,,False,bars,,,,,
10.606854560098398,95.4337445979857,True,3.460608669735404,0,0,2,0.6625000000000001,0.41624999999999973,1.3746585993700888,2.3649751331826883,0.8674015483193523,-3.201305563055588,-69.97477954682867,134.1436839580574,0.6625,0.4162499999999997,506,0,2,130,0.25691699604743085,23.07184913581693,0.4400651916689863,RNG-40d80848b1b8,safe_range,selection,100301,NTSC,8,3,1000000.0,,False,bars,,,,,
10.002200091705513,95.42630539139383,True,4.334416122010916,0,0,2,0.6,0.4712499999999998,1.1446807294315808,2.047496136543675,1.3557338494170361,-5.331668943402642,-63.612146747298205,131.26845958610295,0.6,0.4712499999999998,506,0,2,74,0.14624505928853754,23.279436964413392,0.442651045429156,RNG-f8a5855a35ac,safe_range,selection,100301,NTSC,8,3,1000000.0,,False,bars,,,,,
10.72103127553065,95.14221097215906,True,3.742093585455509,0,0,2,0.41875,0.4299999999999997,1.0886973214385667,2.0015971731250337,2.0702565798328267,-3.1924692209148557,-62.69133532533194,120.03866640957902,0.41875,0.4299999999999997,506,0,2,64,0.12648221343873517,22.817737156571276,0.4486119897172366,RNG-49c57570d609,safe_range,selection,100301,NTSC,8,3,1000000.0,,False,bars,,,,,
9.899219729563418,95.62185687604632,True,4.442042707433309,6,0,0,1.45,0.8324999999999998,2.405594001489029,3.403981841412048,1.9944513808817808,-2.737092240548021,-76.16439393522701,142.28955853416454,1.2524999999999977,0.8324999999999998,506,1,2,317,0.6264822134387352,24.071957928349477,0.43961586188435825,RNG-98f7c31f7952,safe_range,selection,100301,NTSC,8,3,1000000.0,,False,bars,,,,,
11.143718277285068,93.82005701470126,True,1.4683878892243962,134,4,0,2.025,2.025,3.1153636371052817,4.8038704071784855,1.6391563165900782,-4.794192690878925,-70.03826914437181,129.69109568865247,1.6612499999999997,1.895,506,4,2,369,0.7292490118577075,22.654762488442234,0.5137881134015426,OVP56,safe_range,selection,100301,NTSC,10,3,1000000.0,,False,bars,,,,,
11.277074183719716,95.39400352129103,True,1.287003224281762,42,3,0,2.025,2.025,2.886077095670726,3.1655692395120814,1.1885329836477192,-3.7341254644988826,-72.39245740882222,130.06353245439203,1.525,1.0299999999999998,506,2,2,421,0.8320158102766798,24.710713160171554,0.5204261182092008,VLP56,safe_range,selection,100301,NTSC,10,3,1000000.0,,False,bars,,,,,
12.166477892725542,95.49452311294964,True,1.7649254742343459,0,0,2,0.125,0.075,0.3215286640692892,1.5478393368282068,2.2152456370137714,-2.50274428033912,-55.747090255659025,113.69153022195549,0.125,0.075,506,0,2,4,0.007905138339920948,24.087038169199175,0.5210334024501241,RANGE32,safe_range,selection,100301,NTSC,10,3,1000000.0,,True,bars,,,,,
-6.604003138910319,-82.65410007229073,False,605.7517754623427,506,12,51,2.025,2.025,1000000.0,84.44623938674137,23.182858770624026,-156.2468993739397,-69.54826115489949,111.04428380598559,1000000.0,1000000.0,506,506,2,1205,2.3814229249011856,-6.650359078410583,-0.32759252992678745,PLL96-rejected-board,safe_range,selection,100301,NTSC,10,3,1000000.0,,False,bars,,,,,
9.374854056104597,94.93333130047154,True,6.106867930890185,449,9,0,2.025,2.025,3.599573561487722,15.048653586676226,-1.2306683455332,-2.3823057853760847,-56.271478192289294,123.52708993759823,1.8699999999999997,1.55,506,49,2,75,0.1482213438735178,13.24298426422047,0.3245146615048918,PLL96-IQ-corrected,safe_range,selection,100301,NTSC,10,3,1000000.0,,False,bars,,,,,
15.517170601644638,95.7648553232197,True,0.0,0,0,2,0.23750000000000002,0.2862499999999996,1.1201691404257015,2.237259157703677,1.8379659185963377,-1.6242132348218057,-63.177623580157125,124.28331751138323,0.2375,0.2862499999999996,506,0,2,75,0.1482213438735178,26.913774339205666,0.7293807522790088,floating-PLL-IQ40,safe_range,selection,100301,NTSC,10,3,1000000.0,,False,bars,,,,,
4.206792882392271,44.43269876556987,True,95.33382304684089,506,12,0,2.025,2.025,1000000.0,49.23355657430063,27.16939766773335,-25.791990238810993,-35.40114218639824,96.51687903255494,1000000.0,1000000.0,506,506,2,0,0.0,4.489198945061382,0.40781404574231267,HC50,safe_range,selection,100301,NTSC,10,3,1000000.0,,False,bars,,,,,
11.148114219621446,98.51458071892044,True,4.232810604304461,5,0,0,1.16875,0.4087499999999996,2.1908535030568084,1.4182440775292189,-2.3116368920626305,-5.913607546376911,-68.34294389128848,113.28550733101385,1.025,0.4087499999999996,506,1,2,284,0.5612648221343873,17.585320525608513,0.41190449259263495,PLL96-board-fixed,safe_range,selection,100301,NTSC,10,3,1000000.0,,False,bars,,,,,
11.608783147455107,96.78884566586859,True,2.0494209238124195,0,0,2,0.125,0.10874999999999994,0.47418668668994923,1.12383547303206,0.8027911520505816,-0.7023479355124412,-57.25766027279567,130.61604766251634,0.125,0.10874999999999994,506,0,2,5,0.009881422924901186,23.231953542862804,0.501153676850423,RNG-04aa945bc1b0,safe_range,selection,100301,NTSC,10,3,1000000.0,,True,bars,,,,,
11.819246451140623,95.9021533631966,True,1.9824365454726087,0,0,2,0.125,0.12249999999999997,0.49714227808951394,1.2534510736908606,0.9997609031031718,-2.8079113190272147,-55.87330981223871,122.51380089419506,0.125,0.12249999999999997,506,0,2,7,0.01383399209486166,23.634956281041767,0.5022161302631823,RNG-cf72878d1543,safe_range,selection,100301,NTSC,10,3,1000000.0,,True,bars,,,,,
11.160000831159287,98.28287025123446,True,1.657298888811953,0,0,2,0.1,0.34749999999999964,0.45914214776875745,1.5681538720318073,0.8678551495404433,-1.182363289908217,-61.78486988776699,136.1238957051754,0.1,0.3474999999999996,506,0,2,10,0.019762845849802372,27.516914834891427,0.5071876458243261,RNG-38b94fa247ad,safe_range,selection,100301,NTSC,10,3,1000000.0,,True,bars,,,,,
12.002764658758986,95.3938796933373,True,2.105868433649339,0,0,2,0.125,0.12249999999999997,0.6115782166001033,1.4373910152973577,1.203292047574509,-3.540556033248156,-55.873243382823304,121.34500655078129,0.125,0.12249999999999997,506,0,2,12,0.023715415019762844,23.242312738449304,0.5018773443749184,RNG-7b3e4c57c69a,safe_range,selection,100301,NTSC,10,3,1000000.0,,False,bars,,,,,
11.932831000105582,94.94190370585098,True,2.1683370112021967,0,0,2,0.125,0.12249999999999997,0.5702685987353304,1.6267341327893787,1.326148849516782,-4.899939037376355,-55.924610111871715,116.61120906551751,0.125,0.12249999999999997,506,0,2,11,0.021739130434782608,23.20837386968806,0.5008056031189536,RNG-bc7ebb810656,safe_range,selection,100301,NTSC,10,3,1000000.0,,False,bars,,,,,
11.806524408385899,95.62990579327473,True,1.9846944458660853,0,0,2,0.125,0.12249999999999997,0.6995181147657117,1.8728849350407824,0.9577459782023275,-2.8923584119013426,-55.6492668240577,122.51380663784933,0.125,0.12249999999999997,506,0,2,20,0.039525691699604744,23.572445104481492,0.5014554665267626,RNG-40d80848b1b8,safe_range,selection,100301,NTSC,10,3,1000000.0,,False,bars,,,,,
11.444251251657104,96.17042764840296,True,1.5361249010286995,0,0,2,0.125,0.34749999999999964,0.49954277513514633,1.7751765861009325,1.302037930112182,-4.4208447265902295,-56.40023283314013,127.67492814189985,0.125,0.3474999999999996,506,0,2,16,0.03162055335968379,25.176877246919602,0.5113225291237647,RNG-f8a5855a35ac,safe_range,selection,100301,NTSC,10,3,1000000.0,,True,bars,,,,,
12.166477892725542,95.49452311294964,True,1.7649254742343459,0,0,2,0.125,0.075,0.3215286640692892,1.5478393368282068,2.2152456370137714,-2.50274428033912,-55.747090255659025,113.69153022195549,0.125,0.075,506,0,2,4,0.007905138339920948,24.087038169199175,0.5210334024501241,RNG-49c57570d609,safe_range,selection,100301,NTSC,10,3,1000000.0,,True,bars,,,,,
11.339858878086018,95.92677002380553,True,1.593325044330111,1,0,2,0.94375,0.33374999999999966,1.8755999040307079,3.1049154313865857,2.0677939793031057,-2.2795854700067317,-63.119110900546914,131.45139547864773,0.9199999999999988,0.3337499999999996,506,1,2,194,0.383399209486166,25.496971364134797,0.5055510389969188,RNG-98f7c31f7952,safe_range,selection,100301,NTSC,10,3,1000000.0,,False,bars,,,,,
12.468360453431098,95.42597695972495,True,0.7180123251256145,24,1,0,1.96875,1.5299999999999994,2.6184342903307853,2.927446800131066,1.409145593626038,-3.4168426261709723,-67.79839890312442,129.78401244331923,1.425,1.0375,506,2,2,359,0.7094861660079052,24.888174229686197,0.576810466431895,OVP56,safe_range,selection,100301,NTSC,12,3,1000000.0,,False,bars,,,,,
12.620281648916194,96.34712563332987,True,0.6969385881198313,4,0,0,1.21875,0.9899999999999995,2.2205537741169477,2.043092958066258,1.1810130739870615,-2.7032372350666147,-71.44861404063555,130.2936850564778,1.1237499999999998,0.9899999999999995,506,1,2,303,0.5988142292490118,26.374932144361036,0.5840112696098235,VLP56,safe_range,selection,100301,NTSC,12,3,1000000.0,,False,bars,,,,,
13.292085211359872,95.78270487588081,True,1.333666499080282,0,0,2,0.075,0.08624999999999998,0.056440443968975115,1.2971970945331528,2.1619880384971712,-2.2459372255240613,-51.35442126958963,112.63536780275041,0.075,0.08624999999999998,506,0,2,0,0.0,24.602397969222025,0.5817067398217273,RANGE32,safe_range,selection,100301,NTSC,12,3,1000000.0,,True,bars,,,,,
-6.6052988136843,-82.48588996837253,False,606.3854928394452,506,12,52,2.025,2.025,1000000.0,83.70776325325947,23.19729711776853,-156.31289434007715,-69.85871480376518,78.3007368698812,1000000.0,1000000.0,506,506,2,1181,2.33399209486166,-6.653116552724439,-0.3354423826186532,PLL96-rejected-board,safe_range,selection,100301,NTSC,12,3,1000000.0,,False,bars,,,,,
9.266433569252978,95.69890710651013,True,6.147510137972767,459,11,0,2.025,2.025,3.6094033514130124,15.561352450210517,-1.3411811783069303,-2.0982619129609286,-56.54672580239801,122.87541754977838,1.8349999999999997,1.55,506,51,2,66,0.13043478260869565,12.748165291008657,0.33340649417595125,PLL96-IQ-corrected,safe_range,selection,100301,NTSC,12,3,1000000.0,,False,bars,,,,,
17.023713922566998,96.04696427297696,True,0.0,0,0,2,0.05,0.036249999999999984,0.41104140852922805,1.9383397663164934,1.7972659453839355,-1.3872587811958568,-60.457847381508444,121.81532482448901,0.05,0.036249999999999984,506,0,2,14,0.02766798418972332,27.674084338113115,0.7910119793437728,floating-PLL-IQ40,safe_range,selection,100301,NTSC,12,3,1000000.0,,True,bars,,,,,
4.265850857908494,44.49552543155852,True,94.88751140239698,506,12,0,2.025,2.025,1000000.0,49.135367043807534,27.138546909551774,-25.715128829600328,-8.40859648068082,91.57337226650009,1000000.0,1000000.0,506,506,2,0,0.0,4.499631047971967,0.45699276476355843,HC50,safe_range,selection,100301,NTSC,12,3,1000000.0,,False,bars,,,,,
11.522538099262869,98.82937816557086,True,4.010031098814753,3,0,0,1.0125,0.36749999999999955,1.9065767205262119,2.4893774943019062,-2.090007916158267,-4.621261514745494,-62.40059368346695,112.38693652165131,0.9699999999999989,0.36749999999999955,506,1,2,255,0.5039525691699605,17.735565316807072,0.43640506755403885,PLL96-board-fixed,safe_range,selection,100301,NTSC,12,3,1000000.0,,False,bars,,,,,
12.585992729797379,96.79857928267344,True,1.5910671439366344,0,0,2,0.09375,0.11999999999999991,0.21333392518857294,1.1291087616412188,0.8397768990957327,-0.31966210648635346,-55.5097254661263,122.9050288740508,0.09375,0.11999999999999993,506,0,2,0,0.0,23.029705983298673,0.5557526667370091,RNG-04aa945bc1b0,safe_range,selection,100301,NTSC,12,3,1000000.0,,True,bars,,,,,
12.818583911970054,96.03530218154224,True,1.5617144388214363,0,0,2,0.1,0.11999999999999991,0.24703278654554844,1.2207973798308573,0.9921972451661141,-2.4144534488756952,-54.121159985029614,117.95502634082493,0.1,0.11999999999999993,506,0,2,0,0.0,23.72337568800143,0.5575997984748828,RNG-cf72878d1543,safe_range,selection,100301,NTSC,12,3,1000000.0,,True,bars,,,,,
12.33337360986032,98.8338707576399,True,0.830154711334961,0,0,2,0.075,0.08624999999999998,0.13767281629946446,1.4381249018144198,0.7252891522904484,-0.6090233482331808,-52.97778359513707,131.63922835767116,0.075,0.08624999999999998,506,0,2,2,0.003952569169960474,28.354378488585855,0.564901879713432,RNG-38b94fa247ad,safe_range,selection,100301,NTSC,12,3,1000000.0,,True,bars,,,,,
12.94362881358431,95.50409872182108,True,1.7792255100596988,0,0,2,0.1,0.11999999999999991,0.37647109343178436,1.4036517519142688,1.2187250234194658,-3.146993268672378,-54.118769138046936,116.18927161401413,0.1,0.11999999999999993,506,0,2,2,0.003952569169960474,23.32636254978762,0.5558087483539531,RNG-7b3e4c57c69a,safe_range,selection,100301,NTSC,12,3,1000000.0,,True,bars,,,,,
12.963693353434449,95.17989080372632,True,1.6821357931401977,0,0,2,0.1,0.11999999999999991,0.3301694378762363,1.56684288863318,1.2828569331488757,-4.467518274334824,-53.08149750796103,113.2420656536058,0.1,0.11999999999999993,506,0,2,1,0.001976284584980237,23.654523409590592,0.5576397065628416,RNG-bc7ebb810656,safe_range,selection,100301,NTSC,12,3,1000000.0,,True,bars,,,,,
12.806121987964886,95.92925851511565,True,1.5647249726794052,0,0,2,0.1,0.11999999999999991,0.2502024871678542,1.4298738162423013,0.9404958797126347,-2.5012730083974724,-52.82143105173829,119.1530170585857,0.1,0.11999999999999993,506,0,2,1,0.001976284584980237,23.688215808772984,0.5569156491261089,RNG-40d80848b1b8,safe_range,selection,100301,NTSC,12,3,1000000.0,,True,bars,,,,,
12.600947614476777,96.86588393329536,True,0.8730548188110198,0,0,2,0.1,0.08624999999999998,0.13732696622358592,1.6083691965391815,1.1154907655192088,-3.6501508018817033,-53.00508098181754,126.2666283840332,0.1,0.08624999999999998,506,0,2,2,0.003952569169960474,26.343208324857954,0.5691065691684609,RNG-f8a5855a35ac,safe_range,selection,100301,NTSC,12,3,1000000.0,,True,bars,,,,,
13.292085211359872,95.78270487588081,True,1.333666499080282,0,0,2,0.075,0.08624999999999998,0.056440443968975115,1.2971970945331528,2.1619880384971712,-2.2459372255240613,-51.35442126958963,112.63536780275041,0.075,0.08624999999999998,506,0,2,0,0.0,24.602397969222025,0.5817067398217273,RNG-49c57570d609,safe_range,selection,100301,NTSC,12,3,1000000.0,,True,bars,,,,,
12.459952067475415,96.29042854698415,True,0.9724024361239978,0,0,2,0.625,0.3887499999999997,1.4135836988016615,2.8236378132413518,2.0381624669398337,-1.8684548163136858,-58.710618590575216,124.5983701517763,0.625,0.38874999999999965,506,0,2,94,0.1857707509881423,26.22082686342499,0.5602038355326148,RNG-98f7c31f7952,safe_range,selection,100301,NTSC,12,3,1000000.0,,False,bars,,,,,
13.546036464141157,96.39124222180527,True,0.5411434609699338,3,0,2,0.925,0.8812499999999999,1.9251152143363224,1.715571702136268,1.2431093033433978,-2.5584449154285065,-65.73250595673646,126.51156105653956,0.875,0.88125,506,1,2,249,0.49209486166007904,26.406108551830343,0.6279982901047622,OVP56,safe_range,selection,100301,NTSC,14,3,1000000.0,,False,bars,,,,,
13.707502067528505,96.85237136307634,True,0.5283486920735654,1,0,2,0.725,0.4874999999999998,1.308159371251859,1.3650526593379697,1.2061458270271694,-2.084783086139195,-66.67387389504502,126.43307929528297,0.725,0.4874999999999998,506,1,2,142,0.28063241106719367,27.292441805867966,0.6352643705545251,VLP56,safe_range,selection,100301,NTSC,14,3,1000000.0,,False,bars,,,,,
14.166249107001947,95.81979666250032,True,1.1966872085426907,0,0,2,0.075,0.061249999999999985,0.043966502700167026,1.2843369487893335,2.105231334859326,-2.3155322099035485,-50.954114123352234,111.05132773127991,0.075,0.061249999999999985,506,0,2,0,0.0,24.82834130808787,0.6297203762860847,RANGE32,safe_range,selection,100301,NTSC,14,3,1000000.0,,True,bars,,,,,
-6.603143021271803,-82.3157798748892,False,607.1193104673251,506,12,51,2.025,2.025,1000000.0,83.3403455910458,23.127453061088076,-156.2543287928142,-69.75707711244998,78.2823040875337,1000000.0,1000000.0,506,506,2,1185,2.341897233201581,-6.651860386721857,-0.3392906040113181,PLL96-rejected-board,safe_range,selection,100301,NTSC,14,3,1000000.0,,False,bars,,,,,
9.16929689303428,96.26919600885562,True,6.209226082061132,465,10,0,2.025,2.025,3.6275537682387857,15.891671848174468,-1.3015250800011695,-1.9103911458268839,-55.15433976368608,121.44585801243258,1.7,1.55,506,48,2,63,0.12450592885375494,12.397099387474892,0.33854184992239283,PLL96-IQ-corrected,safe_range,selection,100301,NTSC,14,3,1000000.0,,False,bars,,,,,
18.344012486404882,96.19409552211327,True,0.0,0,0,2,0.025,0.025,0.025440778321054326,1.775616107575757,1.7616357599883081,-1.2801157429017929,-55.99702959388219,120.61713827342598,0.025,0.025,506,0,2,1,0.001976284584980237,28.148351937595045,0.8387823720543048,floating-PLL-IQ40,safe_range,selection,100301,NTSC,14,3,1000000.0,,True,bars,,,,,
4.300201502646493,44.50483848982316,True,94.91159567326073,506,12,0,2.025,2.025,1000000.0,49.06399906725523,27.112371159959803,-25.702568103174098,-3.9374442243355645,89.04722306235072,1000000.0,1000000.0,506,506,2,0,0.0,4.504369301957313,0.4963132721967457,HC50,safe_range,selection,100301,NTSC,14,3,1000000.0,,False,bars,,,,,
11.762001986332734,98.64491897306365,True,3.8715465413481773,6,0,0,1.1875,0.3649999999999999,2.112839026050021,3.6145921805505696,-1.811611928457698,-3.784965232218266,-60.8919292846457,112.31694464955186,1.025,0.3649999999999999,506,1,2,284,0.5612648221343873,17.774669139758924,0.4533450551320541,PLL96-board-fixed,safe_range,selection,100301,NTSC,14,3,1000000.0,,False,bars,,,,,
13.362891939657422,96.70804506030414,True,1.442045717967167,0,0,2,0.075,0.075,0.03785242824589556,1.164489372054305,0.8659899313181241,-0.055565746619200246,-53.9966869367476,117.80222178664843,0.075,0.075,506,0,2,0,0.0,22.713277743421795,0.6009452136006564,RNG-04aa945bc1b0,safe_range,selection,100301,NTSC,14,3,1000000.0,,True,bars,,,,,
13.624609306592667,96.02167804068732,True,1.423982514819353,0,0,2,0.075,0.075,0.037705300997607195,1.229807639143742,0.9969777539624773,-2.174920173736614,-51.21489571524697,114.5310309287998,0.075,0.075,506,0,2,0,0.0,23.589694878655262,0.6036130061801545,RNG-cf72878d1543,safe_range,selection,100301,NTSC,14,3,1000000.0,,True,bars,,,,,
13.294674546519271,99.14910892391438,True,0.5953330704133764,0,0,2,0.075,0.08624999999999998,0.03809637767681938,1.4577095330169032,0.5993212099549106,-0.2698356542149258,-53.15223748422847,128.89199005644957,0.075,0.08624999999999998,506,0,2,0,0.0,28.722781883587942,0.6128064376246988,RNG-38b94fa247ad,safe_range,selection,100301,NTSC,14,3,1000000.0,,True,bars,,,,,
13.696495502189762,95.47989334176465,True,1.6475146537735537,0,0,2,0.075,0.075,0.22790179737995014,1.420539934692598,1.2315131742015917,-2.889283103180151,-52.67390665057742,113.3660559554421,0.075,0.075,506,0,2,1,0.001976284584980237,23.205523653529152,0.6004214582951897,RNG-7b3e4c57c69a,safe_range,selection,100301,NTSC,14,3,1000000.0,,True,bars,,,,,
13.805408575756628,95.24070044471505,True,1.4729036900113497,0,0,2,0.075,0.075,0.16210235628467426,1.5384218942852397,1.271858522912296,-4.208739187385408,-52.58852711643817,111.26509029736835,0.075,0.075,506,0,2,1,0.001976284584980237,23.79279112819478,0.6051555313798413,RNG-bc7ebb810656,safe_range,selection,100301,NTSC,14,3,1000000.0,,True,bars,,,,,
13.612314910239844,95.97977082056732,True,1.423982514819353,0,0,2,0.075,0.075,0.03773804551180921,1.2816567660470224,0.939390829591127,-2.2639428286450842,-52.96177548078873,115.07595152464773,0.075,0.075,506,0,2,0,0.0,23.55740295096899,0.6030023671614138,RNG-40d80848b1b8,safe_range,selection,100301,NTSC,14,3,1000000.0,,True,bars,,,,,
13.548276486571318,97.32261138952633,True,0.678875384972017,0,0,2,0.075,0.08624999999999998,0.03732667454262524,1.5678850385874166,0.9381718100365136,-3.123747305307196,-53.17957463316019,123.29846800585042,0.075,0.08624999999999998,506,0,2,0,0.0,27.113892289425458,0.6168768909418617,RNG-f8a5855a35ac,safe_range,selection,100301,NTSC,14,3,1000000.0,,True,bars,,,,,
14.166249107001947,95.81979666250032,True,1.1966872085426907,0,0,2,0.075,0.061249999999999985,0.043966502700167026,1.2843369487893335,2.105231334859326,-2.3155322099035485,-50.954114123352234,111.05132773127991,0.075,0.061249999999999985,506,0,2,0,0.0,24.82834130808787,0.6297203762860847,RNG-49c57570d609,safe_range,selection,100301,NTSC,14,3,1000000.0,,True,bars,,,,,
13.34974517077577,96.4602042785702,True,0.8151020420451158,0,0,2,0.14375,0.061249999999999985,0.7924942799758661,2.669276857339104,2.0371597970079303,-1.653617434853073,-55.367600813751146,124.3746920291834,0.14375,0.061249999999999985,506,0,2,32,0.06324110671936758,26.61308852313573,0.6039770962587052,RNG-98f7c31f7952,safe_range,selection,100301,NTSC,14,3,1000000.0,,False,bars,,,,,
14.968156630275526,97.25319020511408,True,0.4214747401156647,0,0,2,0.05,0.036249999999999984,0.5061235690952121,0.6042308449861399,1.124171812853885,-1.6885193370834821,-64.54786365235293,124.77147421638652,0.05,0.036249999999999984,506,0,2,14,0.02766798418972332,27.7167769180061,0.6942536007537292,OVP56,safe_range,selection,100301,NTSC,18,3,1000000.0,,False,bars,,,,,
15.1590811418839,97.34411535730044,True,0.3936273019294511,0,0,2,0.05,0.3087499999999996,0.3260150612442664,0.6699477471707777,1.2414731124199216,-1.465351372019023,-63.87553661897361,124.05604170341668,0.05,0.3087499999999996,506,0,2,8,0.015810276679841896,28.087581486716644,0.7022409757802655,VLP56,safe_range,selection,100301,NTSC,18,3,1000000.0,,True,bars,,,,,
15.306232228698489,95.69526755718005,True,1.0356236471413476,0,0,2,0.075,0.061249999999999985,0.04168807091863326,1.3269538680588935,2.014109469639215,-2.7809895183132403,-49.84625600292006,110.5425365207045,0.075,0.061249999999999985,506,0,2,0,0.0,25.04895275395056,0.6916221564558939,RANGE32,safe_range,selection,100301,NTSC,18,3,1000000.0,,True,bars,,,,,
-6.610079351214752,-82.43334584705892,False,608.3333082455512,506,12,50,2.025,2.025,1000000.0,83.71118308030839,22.940665793698777,-156.18607758226253,-67.98023086968823,77.36478452676236,1000000.0,1000000.0,506,506,2,1204,2.3794466403162056,-6.659240120780896,-0.34356674046735663,PLL96-rejected-board,safe_range,selection,100301,NTSC,18,3,1000000.0,,False,bars,,,,,
9.016781921474779,97.35544745226208,True,6.292768396619772,487,10,0,2.025,2.025,3.65174345527693,15.564275240737311,-1.1903956051183417,-1.7182274720036657,-55.15254135414281,118.04491189749804,1.6049999999999998,1.5975,506,155,2,27,0.0533596837944664,11.969368551067078,0.34604822094825355,PLL96-IQ-corrected,safe_range,selection,100301,NTSC,18,3,1000000.0,,False,bars,,,,,
20.23986206663583,96.32229196202385,True,0.0,0,0,2,0.025,0.025,0.019849980834510516,1.6464972927154937,1.7146894197428886,-1.1848732449039037,-51.50268142162613,115.08542978018976,0.025,0.025,506,0,2,0,0.0,28.622112787089918,0.8957377197292716,floating-PLL-IQ40,safe_range,selection,100301,NTSC,18,3,1000000.0,,True,bars,,,,,
4.332344212387321,44.49715328389448,True,94.84987972917237,506,12,0,2.025,2.025,1000000.0,48.98751961333677,27.101340158665888,-25.68921103094409,-1.420064515330644,86.23787210032363,1000000.0,1000000.0,506,506,2,0,0.0,4.506414753833839,0.5480120578747182,HC50,safe_range,selection,100301,NTSC,18,3,1000000.0,,False,bars,,,,,
11.946094581450684,97.9500171618115,True,3.7225251153787102,5,0,0,1.075,0.6049999999999996,1.9924608401674544,4.992057524541117,-1.2156362405924532,-2.991702225101788,-60.127478576786814,111.75278173422977,1.025,0.6049999999999998,506,1,2,260,0.5138339920948617,17.650267195014333,0.46975368683567403,PLL96-board-fixed,safe_range,selection,100301,NTSC,18,3,1000000.0,,False,bars,,,,,
14.386536581249935,96.58937398961208,True,1.3607613038020032,0,0,2,0.075,0.075,0.03330450004609224,1.2004005581506336,0.8441214119380336,0.26972137829810383,-48.69130457241975,117.24943846347945,0.075,0.075,506,0,2,0,0.0,22.250458226546442,0.6625936392315446,RNG-04aa945bc1b0,safe_range,selection,100301,NTSC,18,3,1000000.0,,True,bars,,,,,
14.702602171702512,95.98181744890479,True,1.3216243636484057,0,0,2,0.075,0.075,0.03268682997408805,1.2390193236692746,0.959373750031778,-1.8960545700518479,-48.07056475054539,113.35213275402255,0.075,0.075,506,0,2,0,0.0,23.301060322832654,0.6663432370740382,RNG-cf72878d1543,safe_range,selection,100301,NTSC,18,3,1000000.0,,True,bars,,,,,
14.644711652170805,99.46783151572002,True,0.42072210665117243,0,0,2,0.075,0.061249999999999985,0.03219183482265358,1.5977707927631128,0.42362402072837885,0.08658914830114846,-47.95579326644573,124.78710323652506,0.075,0.061249999999999985,506,0,2,0,0.0,28.97933956474501,0.6784056011767599,RNG-38b94fa247ad,safe_range,selection,100301,NTSC,18,3,1000000.0,,True,bars,,,,,
14.702000615013663,95.42374593783323,True,1.528598566383777,0,0,2,0.075,0.075,0.030537833723719654,1.456296309186604,1.1945020905956858,-2.5861509331732053,-48.07056740107006,112.93992212437324,0.075,0.075,506,0,2,0,0.0,22.933780466651662,0.661601382218669,RNG-7b3e4c57c69a,safe_range,selection,100301,NTSC,18,3,1000000.0,,True,bars,,,,,
14.928591559317155,95.28548237973365,True,1.3065716943585606,0,0,2,0.075,0.075,0.03127716210856121,1.4881267827977052,1.2145607425934672,-3.9029756845226604,-48.25959194255437,110.7227386367456,0.075,0.075,506,0,2,0,0.0,23.775325485239613,0.6693670911222945,RNG-bc7ebb810656,safe_range,selection,100301,NTSC,18,3,1000000.0,,True,bars,,,,,
14.692286918664678,95.93380261369037,True,1.3156032959324677,0,0,2,0.075,0.075,0.03298775075091879,1.320136260955959,0.8992731256185567,-1.9838745241691653,-49.491832229374204,113.62588108263905,0.075,0.075,506,0,2,0,0.0,23.27218209489901,0.6659185382928653,RNG-40d80848b1b8,safe_range,selection,100301,NTSC,18,3,1000000.0,,True,bars,,,,,
14.864741593166288,97.82246404117515,True,0.5245855247511042,0,0,2,0.075,0.075,0.03291277849319763,1.5959108917719402,0.6924016823236668,-2.5397639550710185,-47.24584044944676,120.90787336502864,0.075,0.075,506,0,2,0,0.0,27.987330406668427,0.6815078655933945,RNG-f8a5855a35ac,safe_range,selection,100301,NTSC,18,3,1000000.0,,True,bars,,,,,
15.306232228698489,95.69526755718005,True,1.0356236471413476,0,0,2,0.075,0.061249999999999985,0.04168807091863326,1.3269538680588935,2.014109469639215,-2.7809895183132403,-49.84625600292006,110.5425365207045,0.075,0.061249999999999985,506,0,2,0,0.0,25.04895275395056,0.6916221564558939,RNG-49c57570d609,safe_range,selection,100301,NTSC,18,3,1000000.0,,True,bars,,,,,
14.559747208633151,96.59932634035592,True,0.6909175204038932,0,0,2,0.05,0.05,0.18268352621675593,2.5150180126034907,2.0780398869284014,-1.4315514931569513,-49.5026436160186,120.73153581613904,0.05,0.05,506,0,2,4,0.007905138339920948,26.98631057400536,0.6625393526425493,RNG-98f7c31f7952,safe_range,selection,100301,NTSC,18,3,1000000.0,,True,bars,,,,,
15.663441114636157,97.52599415460838,True,0.36126406295628405,0,0,2,0.05,0.05,0.18618279088184644,0.26676909954205064,1.077587009473423,-1.400596634329581,-60.82897811946752,124.0042787890722,0.05,0.05,506,0,2,1,0.001976284584980237,28.079006153915294,0.7250474186426895,OVP56,safe_range,selection,100301,NTSC,22,3,1000000.0,,True,bars,0.8770920918409807,-48.36019217882295,10.333891686499825,22.303419330079674,11.61935021986659
15.872249227177091,97.5249769080844,True,0.36276932988526855,0,0,2,0.05,0.05,0.02091059454981798,0.41083912241264564,1.2269659373383832,-1.266590166205745,-59.29726099715305,123.5283937424291,0.05,0.05,506,0,2,0,0.0,28.371164821348273,0.7334305199236569,VLP56,safe_range,selection,100301,NTSC,22,3,1000000.0,,True,bars,0.8681797659125206,-48.28179539125105,10.640834571406288,21.868442103072802,11.411434721346092
15.859932586636582,95.66132585001185,True,0.9392865636863384,0,0,2,0.075,0.075,0.04054653794259671,1.318821761530184,1.946300022775549,-2.992109088872228,-49.597146079760975,106.46098520884613,0.075,0.075,506,0,2,0,0.0,25.178170381778514,0.7207362465226255,RANGE32,safe_range,selection,100301,NTSC,22,3,1000000.0,,True,bars,0.8356370156587731,-49.61404419918289,10.537239327316307,21.894836081111087,11.547050359007688
-6.616348876170017,-82.60899610237078,False,609.3772108608019,506,12,51,2.025,2.025,1000000.0,84.25743646355137,22.71368788019812,-156.21553770289762,-67.62935867264933,74.36736281456126,1000000.0,1000000.0,506,506,2,1217,2.4051383399209487,-6.664926776269663,-0.34661641833497087,PLL96-rejected-board,safe_range,selection,100301,NTSC,22,3,1000000.0,contrast;waveform;detail_floor;sync;h_jitter_us;v_jitter_us;h_width_rmse_us;sync_error_ire;black_error_ire;white_error_ire;contrast;stress_waveform;reference_detail;burst_gain;burst_phase_jitter_deg;burst_amplitude_jitter_pct;burst_rmse_ire;h_missing;v_missing;vertical_trains;sync_error_ire;black_error_ire;white_error_ire,False,bars,0.435327805787431,84.82652910169972,36.38330396992912,32.96957795839783,29.442370454890334
8.935125289056787,98.17150197372467,True,6.402652882435642,498,11,0,2.025,2.025,3.687584744788925,14.727235771840933,-1.1592976368188506,-1.6467507884246344,-48.76967537942225,111.44908064001694,1.6324999999999998,0.9,506,88,2,3,0.005928853754940711,11.78466990787092,0.3498579413337227,PLL96-IQ-corrected,safe_range,selection,100301,NTSC,22,3,1000000.0,waveform;detail_floor;sync;h_jitter_us;v_jitter_us;h_width_rmse_us;sync_error_ire;stress_waveform;reference_detail;burst_gain;burst_phase_jitter_deg;burst_rmse_ire;h_missing;v_missing;vertical_trains;sync_error_ire,False,bars,0.4959693785729061,-93.93403248190195,37.95001421943087,27.95487752779077,17.8401597135135
21.24338871481207,96.36948022233464,True,0.0,0,0,2,0.025,0.025,0.01872940238859724,1.6264040649070068,1.7091879162486405,-1.1241883269539261,-50.83877629317115,114.34265430027665,0.025,0.025,506,0,2,0,0.0,28.823931058750794,0.9202729824128303,floating-PLL-IQ40,safe_range,selection,100301,NTSC,22,3,1000000.0,,True,bars,0.5923903929040626,5.180356042001869,7.610017650802995,17.213263280986308,6.342430020233306
4.344613821643792,44.49537937495413,True,94.80020592051588,506,12,0,2.025,2.025,1000000.0,48.95328546020722,27.112290694675107,-25.649999888527955,1.0882857992212962,84.7873750150427,1000000.0,1000000.0,506,506,2,0,0.0,4.506863019327798,0.5729975494902495,HC50,safe_range,selection,100301,NTSC,22,3,1000000.0,contrast;waveform;detail_floor;sync;h_jitter_us;v_jitter_us;h_width_rmse_us;sync_error_ire;black_error_ire;white_error_ire;contrast;stress_waveform;reference_detail;burst_gain;burst_rmse_ire;h_missing;v_missing;vertical_trains;sync_error_ire;black_error_ire;white_error_ire,False,bars,0.43502140717124044,80.58141459065676,9.940366524101636,19.89287023736233,30.852375432902846
11.953962673215672,97.34070872891296,True,3.657798637432376,0,0,2,0.275,0.3287499999999999,0.1036333514921812,5.577562801656058,-0.8061198804812525,-2.777556938072454,-58.30792217654223,111.5735149185991,0.275,0.3287499999999999,506,0,2,0,0.0,17.337669190720007,0.4767885397473415,PLL96-board-fixed,safe_range,selection,100301,NTSC,22,3,1000000.0,waveform;detail_floor;sync_error_ire;stress_waveform;reference_detail;burst_phase_jitter_deg;burst_rmse_ire,True,bars,0.5964327883134517,-89.17012017462925,37.78070442592281,20.388748539522965,16.602343729733395
14.927041448294831,96.53881619224934,True,1.3562455030150495,0,0,2,0.075,0.075,0.033728308795865365,1.2071924319175518,0.78553186407102,0.38893131261728986,-47.28216174960859,115.24872756285947,0.075,0.075,506,0,2,0,0.0,22.046092874245918,0.6960258752049863,RNG-04aa945bc1b0,safe_range,selection,100301,NTSC,22,3,1000000.0,,True,bars,0.7525927826702928,-49.308420093762244,11.394141370294442,24.824278025243352,11.309920650952956
15.283326981278487,95.95724815125922,True,1.3186138297904368,0,0,2,0.075,0.075,0.03306255300286404,1.235376728108454,0.896187362605852,-1.8172885603783335,-47.282161752025,111.75378998293118,0.075,0.075,506,0,2,0,0.0,23.19551105125337,0.700284507494485,RNG-cf72878d1543,safe_range,selection,100301,NTSC,22,3,1000000.0,,True,bars,0.7488612985112155,-49.276180759805065,11.592168057795094,25.10005793400562,11.299809629358883
15.383431640900106,99.58639230376936,True,0.35524299524034597,0,0,2,0.075,0.075,0.02835667100549417,1.7055369516909038,0.32877796972546214,0.20908411143934522,-45.59811187538028,122.34068057814457,0.075,0.075,506,0,2,0,0.0,29.02599370414935,0.7124806118112967,RNG-38b94fa247ad,safe_range,selection,100301,NTSC,22,3,1000000.0,,True,bars,0.8026503219304881,-50.23535606791437,12.83046170911709,24.899040082854427,11.641160043167016
15.247513887629516,95.39540420493675,True,1.5007511281975632,0,0,2,0.075,0.075,0.03242123322201615,1.4683411068829597,1.130547658195311,-2.4871173985757196,-47.278962802485495,109.78964296822085,0.075,0.075,506,0,2,0,0.0,22.837076926607153,0.6949578851089558,RNG-7b3e4c57c69a,safe_range,selection,100301,NTSC,22,3,1000000.0,,True,bars,0.7341989965638402,-49.28508863345451,11.518812273617012,25.297653790663176,11.244672820928518
15.515487609846051,95.27950595640726,True,1.26969265459844,0,0,2,0.075,0.075,0.03203799004813053,1.455292331668411,1.1357681266316906,-3.8302966105777956,-47.27896301645572,109.07605335321279,0.075,0.075,506,0,2,0,0.0,23.70973688606671,0.7034544286235637,RNG-bc7ebb810656,safe_range,selection,100301,NTSC,22,3,1000000.0,,True,bars,0.7406398447748428,-49.29787461254511,11.73274891179621,25.42822231662193,11.277124884057008
15.277005983879341,95.88563599220258,True,1.3095822282165295,0,0,2,0.075,0.075,0.033285951172447294,1.3795012343661295,0.838816881329136,-1.904303357249652,-47.710492441126505,112.07934434857242,0.075,0.075,506,0,2,0,0.0,23.16981187288522,0.7001016564024183,RNG-40d80848b1b8,safe_range,selection,100301,NTSC,22,3,1000000.0,,True,bars,0.7525096873093446,-49.28115008552883,11.560707603062463,24.767206059787704,11.29920417614702
15.57130486330239,98.00035208827664,True,0.4267431743671105,0,0,2,0.075,0.075,0.030497359439897807,1.6372025086924584,0.5815079813336835,-2.3709778571107347,-45.447041921664834,120.15744874787242,0.075,0.075,506,0,2,0,0.0,28.294832296139816,0.7144872458479901,RNG-f8a5855a35ac,safe_range,selection,100301,NTSC,22,3,1000000.0,,True,bars,0.7813355475117043,-49.68489745753845,12.382940791671372,24.98070678041582,11.46698456015255
15.859932586636582,95.66132585001185,True,0.9392865636863384,0,0,2,0.075,0.075,0.04054653794259671,1.318821761530184,1.946300022775549,-2.992109088872228,-49.597146079760975,106.46098520884613,0.075,0.075,506,0,2,0,0.0,25.178170381778514,0.7207362465226255,RNG-49c57570d609,safe_range,selection,100301,NTSC,22,3,1000000.0,,True,bars,0.8356370156587731,-49.61404419918289,10.537239327316307,21.894836081111087,11.547050359007688
15.241501150207908,96.64255181760578,True,0.6562963810372493,0,0,2,0.05,0.05,0.023497329761674065,2.452181349959936,2.1011228369367028,-1.3739378310291452,-49.05374286189126,116.986322800762,0.05,0.05,506,0,2,0,0.0,27.123193795195593,0.695288117119049,RNG-98f7c31f7952,safe_range,selection,100301,NTSC,22,3,1000000.0,,True,bars,0.8680419982052732,-48.3114467287772,10.90563552964267,23.649700499204645,11.722587131779818
16.096692222956133,97.60327530500778,True,0.3522324613823769,0,0,2,0.05,0.036249999999999984,0.021028401648468864,0.11335967146318672,1.0686246788688887,-1.3310037655827411,-56.51645641340885,124.01755322507564,0.05,0.036249999999999984,506,0,2,0,0.0,28.20324466552266,0.743779078541061,OVP56,safe_range,selection,100301,NTSC,30,3,1000000.0,,True,bars,0.8728479449211654,-48.19856857129032,9.376359139899453,20.592381844071532,11.442832384412862
16.320067242779356,97.58398151202886,True,0.37556409878163693,0,0,2,0.05,0.05,0.017677669529663688,0.2605562762945752,1.2340599046667284,-1.2325926214008707,-56.372872689960154,123.54981062399942,0.05,0.05,506,0,2,0,0.0,28.49194593251019,0.7523962269617422,VLP56,safe_range,selection,100301,NTSC,30,3,1000000.0,,True,bars,0.8659618144307379,-48.15937209720168,9.07231061310458,21.73534309799053,11.225332924129825
16.199641830748227,95.7070503649158,True,0.9046654243196947,0,0,2,0.05,0.05,0.04037864265436241,1.2199082019262382,1.8694404639823061,-3.0842435846719494,-43.55447832136193,103.35502204177472,0.05,0.05,506,0,2,0,0.0,25.306147573478203,0.7378860376978884,RANGE32,safe_range,selection,100301,NTSC,30,3,1000000.0,,True,bars,0.8416257662915431,-49.30201486220483,9.150068234871341,20.218915372219865,11.370586558284828
-6.625191803368052,-82.9388359156779,False,610.0553336123095,506,12,51,2.025,2.025,1000000.0,85.08687719083566,22.60962638959881,-156.26100701530967,-67.62250550695407,61.2077710789179,1000000.0,1000000.0,506,506,2,1235,2.440711462450593,-6.673734167560311,-0.34623918238023504,PLL96-rejected-board,safe_range,selection,100301,NTSC,30,3,1000000.0,contrast;waveform;detail_floor;sync;h_jitter_us;v_jitter_us;h_width_rmse_us;sync_error_ire;black_error_ire;white_error_ire;contrast;stress_waveform;reference_detail;burst_gain;burst_phase_jitter_deg;burst_amplitude_jitter_pct;burst_rmse_ire;h_missing;v_missing;vertical_trains;sync_error_ire;black_error_ire;white_error_ire,False,bars,0.4379833639423476,85.6312196606753,38.92348699829805,37.30401671449114,29.45453984562882
8.896335508862318,98.86930521210847,True,6.431252954086348,506,12,0,2.025,2.025,1000000.0,13.891885114488659,-1.1341213515984836,-1.6257410983070395,-47.310971874778275,106.92619010863335,1000000.0,1000000.0,506,506,2,0,0.0,11.685895612343195,0.35231179521653516,PLL96-IQ-corrected,safe_range,selection,100301,NTSC,30,3,1000000.0,waveform;detail_floor;sync;h_jitter_us;v_jitter_us;h_width_rmse_us;sync_error_ire;stress_waveform;reference_detail;burst_gain;burst_phase_jitter_deg;burst_amplitude_jitter_pct;burst_rmse_ire;h_missing;v_missing;vertical_trains;sync_error_ire,False,bars,0.5051611194675547,-93.22606069936852,39.70684518120125,31.333216293636134,17.777812010967804
21.959104440619647,96.38638847710786,True,0.0,0,0,2,0.025,0.025,0.019088673876299818,1.623651122915145,1.705179474041392,-1.0852578680407978,-45.13591330758011,111.94169432498767,0.025,0.025,506,0,2,0,0.0,28.92280155192459,0.9357329812244897,floating-PLL-IQ40,safe_range,selection,100301,NTSC,30,3,1000000.0,burst_gain,True,bars,0.587039181158703,4.9443846795176505,7.243540174501334,18.233020011245557,6.196935045020277
4.352944643513004,44.501478196254055,True,94.78289535083256,506,12,0,2.025,2.025,1000000.0,48.931385641536075,27.115170825463657,-25.612343122823813,2.6339199567201774,84.24215129349797,1000000.0,1000000.0,506,506,2,0,0.0,4.508325299381276,0.5892426529958679,HC50,safe_range,selection,100301,NTSC,30,3,1000000.0,contrast;waveform;detail_floor;sync;h_jitter_us;v_jitter_us;h_width_rmse_us;sync_error_ire;black_error_ire;white_error_ire;contrast;stress_waveform;reference_detail;burst_gain;burst_rmse_ire;h_missing;v_missing;vertical_trains;sync_error_ire;black_error_ire;white_error_ire,False,bars,0.43492020961408256,80.64188435551489,8.337502952062014,19.665448273498622,30.833130058650955
11.881271619664602,96.94029935281965,True,3.590061625628073,0,0,2,0.25,0.075,0.09438928935352799,5.674826309156931,-0.6736442753253439,-2.7332427834212143,-50.50540282397154,111.46815295434938,0.25,0.075,506,0,2,0,0.0,16.937541642192596,0.48048555947187743,PLL96-board-fixed,safe_range,selection,100301,NTSC,30,3,1000000.0,waveform;detail_floor;sync_error_ire;stress_waveform;reference_detail;burst_phase_jitter_deg;burst_rmse_ire,True,bars,0.6056265715648343,-89.70657676973123,35.122617060958945,16.293434334361933,16.672488322076475
15.232038830517297,96.52835809129894,True,1.3728034392338795,0,0,2,0.075,0.075,0.03330450004609224,1.1618151082900052,0.7567142398741875,0.4125560012217848,-45.20867471545806,116.43510520676817,0.075,0.075,506,0,2,0,0.0,21.94289928050327,0.7149574292971141,RNG-04aa945bc1b0,safe_range,selection,100301,NTSC,30,3,1000000.0,,True,bars,0.7554230374655999,-48.55094027517809,9.919322649411217,23.839765993413433,11.04833275163587
15.619822056702365,95.94980309423589,True,1.3268927978998515,0,0,2,0.075,0.075,0.033323038594728585,1.1768783777592577,0.8670262085713152,-1.8125733234345147,-45.20867467924642,111.83522375134935,0.075,0.075,506,0,2,0,0.0,23.146156179080858,0.719773159310949,RNG-cf72878d1543,safe_range,selection,100301,NTSC,30,3,1000000.0,,True,bars,0.751990486971301,-48.524863103106114,10.035256400518072,24.214852363993653,11.035709141404174
15.874380897414078,99.62398725976671,True,0.3462113936664389,0,0,2,0.075,0.061249999999999985,0.027628606931016562,1.7735460218130654,0.2964105468991177,0.2291202268433412,-44.11289598856712,121.38647884101921,0.075,0.061249999999999985,506,0,2,0,0.0,29.056254838369423,0.7343893896501775,RNG-38b94fa247ad,safe_range,selection,100301,NTSC,30,3,1000000.0,,True,bars,0.7999215269888733,-49.66261941761905,11.336011598309952,24.57847024719591,11.37322183396042
15.565803207304342,95.38018891453854,True,1.4984932278040863,0,0,2,0.075,0.075,0.032611165914338144,1.4132301682625041,1.1027725028405495,-2.477813099515446,-45.18353840401404,109.43031274873975,0.075,0.075,506,0,2,0,0.0,22.79612751262818,0.7142665119976017,RNG-7b3e4c57c69a,safe_range,selection,100301,NTSC,30,3,1000000.0,,True,bars,0.7347205121232837,-48.50858110507896,10.050257509641373,24.55392569466529,10.981216900063277
15.851433819255714,95.25592693350107,True,1.2516294514506259,0,0,2,0.075,0.075,0.03213422934585757,1.3528622275527151,1.1039217082083974,-3.8354386762656927,-45.42685297522881,108.5993453418585,0.075,0.075,506,0,2,0,0.0,23.638618773574635,0.7231823206952563,RNG-bc7ebb810656,safe_range,selection,100301,NTSC,30,3,1000000.0,,True,bars,0.740118214771327,-48.52440334638529,10.25375641901573,24.431121324545266,11.00521227168684
15.616307007482321,95.86871483628231,True,1.3178611963259446,0,0,2,0.075,0.075,0.0337099931231621,1.3449083978465852,0.8117156510975038,-1.9006485524796612,-45.86204929093981,112.1608610289177,0.075,0.075,506,0,2,0,0.0,23.12319431851914,0.7197435648182556,RNG-40d80848b1b8,safe_range,selection,100301,NTSC,30,3,1000000.0,,True,bars,0.7538316309887191,-48.519517580723765,9.895619045498153,24.121084535639014,11.032846727690282
16.038760328838283,98.06231399010622,True,0.40566943736132727,0,0,2,0.075,0.075,0.03013064438782046,1.6456690596013104,0.5462570178462046,-2.3432384771736294,-43.680368418041255,120.18172651647002,0.075,0.075,506,0,2,0,0.0,28.409756114580507,0.735778838299203,RNG-f8a5855a35ac,safe_range,selection,100301,NTSC,30,3,1000000.0,,True,bars,0.7806466800356426,-49.24638414124239,11.95974097247006,25.276432447911535,11.221471197947132
16.199641830748227,95.7070503649158,True,0.9046654243196947,0,0,2,0.05,0.05,0.04037864265436241,1.2199082019262382,1.8694404639823061,-3.0842435846719494,-43.55447832136193,103.35502204177472,0.05,0.05,506,0,2,0,0.0,25.306147573478203,0.7378860376978884,RNG-49c57570d609,safe_range,selection,100301,NTSC,30,3,1000000.0,,True,bars,0.8416257662915431,-49.30201486220483,9.150068234871341,20.218915372219865,11.370586558284828
15.670979509406076,96.66091828596554,True,0.6284489428510357,0,0,2,0.05,0.05,0.0218352617599717,2.421036696246534,2.0990067512688695,-1.3721433332355277,-47.97285033105843,112.45955353859553,0.05,0.05,506,0,2,0,0.0,27.221767610646218,0.7156375704662432,RNG-98f7c31f7952,safe_range,selection,100301,NTSC,30,3,1000000.0,,True,bars,0.8729212093686838,-48.173650831167194,9.16255043905454,21.338276697971388,11.541624106311732
11.667364438692193,92.00936959750702,True,0.6411543287327478,106,0,0,2.025,1.4399999999999997,2.2416998581362884,3.1979952148588553,2.3286277331953538,-5.632900402361776,-54.57566487725442,121.05460566403151,1.721249999999999,1.4399999999999997,610,4,2,239,0.3918032786885246,21.187563485470644,0.5258070430120696,OVP56,safe_range,selection_envelope,100351,PAL,30,1.5,1000000.0,stress_waveform;burst_gain;h_missing;vertical_trains,False,bars,0.8304117553168391,-59.89616624962864,18.60163161183668,26.362006032791204,13.622685446733657
11.702891944362126,91.7009444566009,True,0.6348808030112923,243,1,0,2.025,1.8937499999999998,2.926319598001178,3.891153839310119,2.4204004934279615,-5.703674844610318,-54.59224203508677,120.49827793477071,1.8174999999999997,1.3199999999999992,610,6,2,273,0.44754098360655736,21.19432684904279,0.5269058921766449,VLP56,safe_range,selection_envelope,100351,PAL,30,1.5,1000000.0,stress_waveform;burst_gain;h_missing;v_missing;vertical_trains,False,bars,0.8171164416446595,-59.92245323721651,18.721133531231942,26.05168376760432,13.54094245343492
12.82985727577797,90.87273771928673,True,1.324341279799247,0,0,2,0.125,0.075,0.044168084315839955,4.638582323402338,2.0794482519075004,-6.466339145176963,-41.236698611337204,102.76039007354747,0.125,0.075,610,0,2,0,0.0,20.04912976233947,0.5557226965846063,RANGE32,safe_range,selection_envelope,100351,PAL,30,1.5,1000000.0,,True,bars,0.6034416325763039,-67.81591167080549,18.413213894713422,28.736026289285086,12.710178334572836
-6.497072236198242,-78.65706160888249,False,601.8695106649938,610,8,61,2.025,2.025,1000000.0,83.39272972365997,22.3731197803732,-152.18279795727437,-63.09561422728984,65.55625389113084,1000000.0,1000000.0,610,610,2,1409,2.3098360655737706,-6.544093095598152,-0.367754616867242,PLL96-rejected-board,safe_range,selection_envelope,100351,PAL,30,1.5,1000000.0,contrast;stress_waveform;reference_detail;burst_gain;burst_phase_jitter_deg;burst_rmse_ire;h_missing;v_missing;vertical_trains;sync_error_ire;black_error_ire;white_error_ire,False,bars,0.3119612144132159,66.27779930849051,24.199030985354582,30.689987626837425,28.22616292313675
9.39781778811853,94.01161460940271,True,5.923462986198244,610,8,0,2.025,2.025,1000000.0,16.310877557845256,-0.18388908633298495,-5.9302798408541335,-42.203620072845155,102.2467446109416,1000000.0,1000000.0,610,610,2,0,0.0,12.18167214531227,0.3747496479513946,PLL96-IQ-corrected,safe_range,selection_envelope,100351,PAL,30,1.5,1000000.0,stress_waveform;reference_detail;burst_gain;burst_phase_jitter_deg;burst_rmse_ire;h_missing;v_missing;vertical_trains;sync_error_ire,False,bars,0.3564707400287658,-111.58167442550248,23.9577885751008,31.212400687556208,16.338300554302567
16.527813383795404,91.29240573348132,True,0.003136762860727729,0,0,2,0.025,0.025,0.0330176306603946,4.521395977281583,2.3251589250886098,-5.541234826409949,-42.393716135628125,118.99129817722654,0.025,0.025,610,0,2,0,0.0,21.298394890228426,0.8022719386301643,floating-PLL-IQ40,safe_range,selection_envelope,100351,PAL,30,1.5,1000000.0,burst_gain,True,bars,0.39426548969496267,6.140594959881512,10.056533187304717,16.101879623721626,8.648135240208015
4.21516342475476,42.63135701937874,True,89.00752823086574,610,8,0,2.025,2.025,1000000.0,49.47908532550818,26.724842934474424,-27.867704065600567,1.1994326609938923,83.05594302149832,1000000.0,1000000.0,610,610,2,0,0.0,4.464815565228691,0.41815733298026175,HC50,safe_range,selection_envelope,100351,PAL,30,1.5,1000000.0,contrast;stress_waveform;reference_detail;burst_gain;burst_rmse_ire;h_missing;v_missing;vertical_trains;sync_error_ire;black_error_ire;white_error_ire,False,bars,0.38365012184736913,99.06689386945496,16.122419328017905,22.27648036248319,30.43773015918149
12.036662286699315,91.66022687904999,True,3.533249686323714,281,1,0,2.025,1.9462499999999998,2.9892655597363946,9.177662098043479,0.29864635311647464,-6.934585848503907,-53.45309992403885,105.79591560349904,1.85,1.4249999999999992,610,5,2,231,0.37868852459016394,16.584803410556866,0.4856656489540264,PLL96-board-fixed,safe_range,selection_envelope,100351,PAL,30,1.5,1000000.0,reference_detail;burst_gain;h_missing;v_missing;vertical_trains,False,bars,0.4090123984701656,-99.6203833598213,23.167272794169858,30.607625294988235,14.93939229040277
12.096864538216998,90.90146818863582,True,1.4360100376411542,0,0,2,0.22749999999999773,0.075,1.0261778518398053,4.3676990993459235,1.5582545585545735,-6.131871004598049,-43.39996394383243,108.588301888672,0.22749999999999773,0.075,610,0,2,80,0.13114754098360656,18.54018878257703,0.5365503171810952,RNG-04aa945bc1b0,safe_range,selection_envelope,100351,PAL,30,1.5,1000000.0,,False,bars,0.6787008146579488,-69.0476022972006,19.73076212232827,32.8617814918437,13.405097974515927
12.25781827936665,90.30909600948505,True,1.3651191969887075,0,0,2,0.5274999999999977,0.075,1.215319309724882,4.388369683930949,1.7190371227487653,-7.604010583210829,-43.31013520935757,107.98014249687593,0.5274999999999977,0.075,610,0,2,110,0.18032786885245902,18.531831872877266,0.539590699896921,RNG-cf72878d1543,safe_range,selection_envelope,100351,PAL,30,1.5,1000000.0,,False,bars,0.6704128194813657,-69.30778775648622,19.70526721571795,32.73996727080206,13.35655112049376
11.07790547936824,94.18113326410675,True,1.0087829360100378,0,0,2,0.1,0.075,0.04688012267090759,4.0009871704888145,0.9814927627490322,-5.022332649545218,-41.351597528454334,119.17858987534531,0.1,0.075,610,0,2,0,0.0,23.513609358302947,0.48584470109220146,RNG-38b94fa247ad,safe_range,selection_envelope,100351,PAL,30,1.5,1000000.0,stress_waveform;reference_detail,True,bars,0.6563141567910847,-70.43265295642821,18.42131434171078,29.159613874347546,14.17321067498881
12.267066184547835,89.82612952493388,True,1.551442910915935,0,0,2,0.7274999999999977,0.075,1.3715044987764111,4.456933482312138,1.8905123674747717,-8.223467235856228,-43.31013541068049,105.35813179481134,0.7274999999999977,0.075,610,0,2,131,0.21475409836065573,18.323892141105947,0.5353946601031314,RNG-7b3e4c57c69a,safe_range,selection_envelope,100351,PAL,30,1.5,1000000.0,,False,bars,0.6509637290570389,-69.82366536286563,19.775685712897054,31.84406703055176,13.285095416220178
12.589457245332556,89.86333035445354,True,1.3682559598494355,0,0,2,0.65,0.075,1.3044434621330427,4.551599667446158,2.0029359725877116,-8.855646784658186,-43.725536503254894,105.27042328824079,0.65,0.075,610,0,2,109,0.17868852459016393,18.86742513115529,0.5482149191547921,RNG-bc7ebb810656,safe_range,selection_envelope,100351,PAL,30,1.5,1000000.0,,False,bars,0.6565531660178506,-69.69388461352958,19.98752976544026,32.73296181150434,13.377478393287715
12.259457863796184,90.27092859873646,True,1.3657465495608532,0,0,2,0.6774999999999977,0.075,1.313212335970182,4.406220938814186,1.734557913365182,-7.648166216461475,-43.310135211594016,107.9801355900422,0.6774999999999978,0.075,610,0,2,122,0.2,18.513720309018854,0.5396924099172145,RNG-40d80848b1b8,safe_range,selection_envelope,100351,PAL,30,1.5,1000000.0,,False,bars,0.6674439737769443,-69.2990860101832,19.880088510292026,32.82563875740958,13.33078562742603
11.404193827660865,92.97751097749607,True,0.9786700125470513,0,0,2,0.1,0.075,0.045324422541148,3.77333202847875,1.4071272566181012,-6.880712635216084,-40.69911179221724,114.86111474194654,0.1,0.075,610,0,2,0,0.0,21.92873455574243,0.497679895685998,RNG-f8a5855a35ac,safe_range,selection_envelope,100351,PAL,30,1.5,1000000.0,stress_waveform;reference_detail,True,bars,0.6423375502798027,-68.93380713650205,18.315682294088642,27.836522540386973,13.773588543344454
12.82985727577797,90.87273771928673,True,1.324341279799247,0,0,2,0.125,0.075,0.044168084315839955,4.638582323402338,2.0794482519075004,-6.466339145176963,-41.236698611337204,102.76039007354747,0.125,0.075,610,0,2,0,0.0,20.04912976233947,0.5557226965846063,RNG-49c57570d609,safe_range,selection_envelope,100351,PAL,30,1.5,1000000.0,,True,bars,0.6034416325763039,-67.81591167080549,18.413213894713422,28.736026289285086,12.710178334572836
11.993842894022055,91.51391587450297,True,0.6530740276035132,282,1,0,2.025,1.9549999999999998,3.024133115053135,5.384386969727574,2.9057136442091474,-5.4962611185135035,-45.46226067571637,118.80670816910784,1.825,1.449999999999999,610,5,2,238,0.3901639344262295,21.518288490744464,0.5388747341788657,RNG-98f7c31f7952,safe_range,selection_envelope,100351,PAL,30,1.5,1000000.0,burst_gain;h_missing;v_missing;vertical_trains,False,bars,0.7889696410034264,-59.82520995712636,19.194708915771493,27.82961756964772,13.193577208111577
11.74296842328679,91.94275135498215,True,0.7511281975632739,102,6,0,2.025,2.025,2.3027322476691565,3.0480820826852173,2.1520306041739663,-5.977376791290052,-54.151066449061624,119.81511992634417,1.5462499999999992,1.64375,506,3,2,255,0.5039525691699605,20.982614945795675,0.546154328903541,OVP56,safe_range,selection_envelope,100351,NTSC,30,1.5,1000000.0,stress_waveform;burst_gain;h_missing;v_missing;vertical_trains,False,bars,0.8706526167962902,-49.29143275410875,31.993628627402014,40.83677230241244,13.046951401375264
11.783649212128713,91.60464673295596,True,0.7180123251256145,192,6,0,2.025,2.025,2.903255640156738,3.7683892325677806,2.2593297136457164,-6.03404749741223,-52.13470181508151,119.26340140103376,1.8,1.625,506,4,2,258,0.5098814229249012,20.97530423200822,0.5474878538689869,VLP56,safe_range,selection_envelope,100351,NTSC,30,1.5,1000000.0,stress_waveform;burst_gain;h_missing;v_missing;vertical_trains,False,bars,0.8603183318265537,-49.19622881997096,31.898776206454603,39.66329931707411,12.95559296278933
12.85836364534198,90.71474123208388,True,1.4315088494642756,0,0,2,0.125,0.1,0.043015072273422335,4.515933361843056,1.915193738126938,-6.791612546857366,-39.33165243134394,102.30178324007674,0.125,0.1,506,0,2,0,0.0,19.83166272960208,0.5726800628494109,RANGE32,safe_range,selection_envelope,100351,NTSC,30,1.5,1000000.0,,True,bars,0.6078451295229972,-56.43140942939298,31.956937053823335,73.18361988733534,12.711034935685996
-6.398366807245685,-78.23047989185854,False,596.0149563322063,506,12,48,2.025,2.025,1000000.0,83.17693224070547,22.059284022221835,-152.26888708892469,-62.71657729320969,63.98871354297253,1000000.0,1000000.0,506,506,2,1166,2.3043478260869565,-6.448415274808507,-0.35193741759178115,PLL96-rejected-board,safe_range,selection_envelope,100351,NTSC,30,1.5,1000000.0,contrast;stress_waveform;reference_detail;burst_gain;burst_phase_jitter_deg;burst_rmse_ire;h_missing;v_missing;vertical_trains;sync_error_ire;black_error_ire;white_error_ire,False,bars,0.4165766604024741,81.6511488826591,39.51857961515854,35.56187258689281,28.699727975168344
9.362281261995948,93.3650294892811,True,6.177615476552457,506,12,0,2.025,2.025,1000000.0,16.164916047820824,-0.2887818793867637,-6.2428222935501685,-38.66724840858157,101.78311389383244,1000000.0,1000000.0,506,506,2,0,0.0,12.290826946980573,0.3566430550784137,PLL96-IQ-corrected,safe_range,selection_envelope,100351,NTSC,30,1.5,1000000.0,stress_waveform;reference_detail;burst_phase_jitter_deg;burst_rmse_ire;h_missing;v_missing;vertical_trains;sync_error_ire,False,bars,0.4806383650309587,-96.49160465481208,40.001877644729426,31.33179155173202,17.569745000242303
16.51215463237462,91.1110617166353,True,0.0022579003934767752,0,0,2,0.025,0.025,0.034092555954951545,4.420700845251562,2.152854796048589,-5.867681445208718,-44.15293008289332,118.61796358195424,0.025,0.025,506,0,2,0,0.0,21.06423089042096,0.8118846437989429,floating-PLL-IQ40,safe_range,selection_envelope,100351,NTSC,30,1.5,1000000.0,,True,bars,0.47914692326046726,-4.802348676401449,29.440119065923668,39.3469585774873,8.137026058001835
4.195638834062428,42.564441133899464,True,94.73623207603404,506,12,0,2.025,2.025,1000000.0,49.3188633558045,26.507505950085132,-28.14384940222399,2.361512529455233,82.6083686545037,1000000.0,1000000.0,506,506,2,0,0.0,4.4374935553462995,0.43841325452683744,HC50,safe_range,selection_envelope,100351,NTSC,30,1.5,1000000.0,contrast;stress_waveform;reference_detail;burst_gain;burst_rmse_ire;h_missing;v_missing;vertical_trains;sync_error_ire;black_error_ire;white_error_ire,False,bars,0.3950374300909422,79.5723667892506,29.89122754917664,42.82053228187083,30.36173552189619
11.987236589166361,91.23582566682317,True,3.633714366568624,246,9,0,2.025,2.025,2.936118742358825,9.067351693374768,0.13265956379683208,-7.266513287957165,-53.52547650279248,105.44496643895845,1.85,1.625,506,7,2,213,0.4209486166007905,16.59210678812282,0.4870406277264374,PLL96-board-fixed,safe_range,selection_envelope,100351,NTSC,30,1.5,1000000.0,reference_detail;burst_rmse_ire;h_missing;v_missing;vertical_trains,False,bars,0.5761883836042274,-88.52603528687862,36.56732791644529,15.853579644408473,16.08466273003758
12.120539937071511,90.7363167801001,True,1.5037616620555323,0,0,2,0.15,0.4962499999999994,1.0240722929875714,4.249217170309001,1.3867126188340302,-6.457280480307568,-43.398191336512625,108.23384771470371,0.15,0.4962499999999994,506,0,2,75,0.1482213438735178,18.342789085955506,0.5546723060970901,RNG-04aa945bc1b0,safe_range,selection_envelope,100351,NTSC,30,1.5,1000000.0,,False,bars,0.7006657642152676,-57.376973515299014,32.54955838957596,63.81705859480497,13.26810423931583
12.27458574117901,90.1481501736384,True,1.4616141880439657,0,0,2,0.5,0.4962499999999994,1.2658808389492955,4.26884639816402,1.5523790219269777,-7.934376523406165,-43.39819134891196,106.5593063161483,0.5,0.4962499999999994,506,0,2,101,0.19960474308300397,18.33106558020598,0.5573858529651352,RNG-cf72878d1543,safe_range,selection_envelope,100351,NTSC,30,1.5,1000000.0,,False,bars,0.6901340559621154,-57.620007473497466,32.27411977427206,64.92305477409217,13.234768669933644
11.154640733928021,94.01953605264494,True,1.0792763880818985,0,0,2,0.1,0.1,0.04688940819407421,3.8726582457432808,0.8243560872271875,-5.354848959030168,-41.50663727854589,119.51500939580582,0.1,0.1,506,0,2,0,0.0,23.15791497599175,0.5038275564317647,RNG-38b94fa247ad,safe_range,selection_envelope,100351,NTSC,30,1.5,1000000.0,stress_waveform;reference_detail,True,bars,0.7029366788235166,-58.75125015889157,30.965239836763594,55.86836180164423,14.133051965124341
12.283505976016766,89.67332834605789,True,1.6505251876315226,0,0,2,0.65,0.4962499999999994,1.4489829641630652,4.338481467512258,1.7189466588314668,-8.545972907224453,-43.30826998490215,105.00581933337749,0.65,0.4962499999999994,506,0,2,127,0.2509881422924901,18.14120550216485,0.5530636716597865,RNG-7b3e4c57c69a,safe_range,selection_envelope,100351,NTSC,30,1.5,1000000.0,,False,bars,0.6795961607100396,-58.12266622746677,32.697215846859734,58.856019150052035,13.173494143664142
12.598405092467653,89.72195292198805,True,1.4322614829287676,0,0,2,0.5875,0.4962499999999994,1.3873137093185668,4.429322491447427,1.8327257246727624,-9.171891451266053,-43.817267848557435,104.55155389114948,0.5875,0.4962499999999994,506,0,2,118,0.233201581027668,18.683351141435047,0.564996472918323,RNG-bc7ebb810656,safe_range,selection_envelope,100351,NTSC,30,1.5,1000000.0,,False,bars,0.6771507460191807,-58.035122188108105,32.38253262596124,65.75099250083062,13.312597844460743
12.275255619616201,90.11006356055037,True,1.4638720884374428,0,0,2,0.5,0.4962499999999994,1.3738038275247813,4.284758769624088,1.5636750431110664,-7.981712207953868,-43.43533173496986,106.55930631614844,0.5,0.4962499999999994,506,0,2,113,0.22332015810276679,18.31299956957522,0.5574477303507371,RNG-40d80848b1b8,safe_range,selection_envelope,100351,NTSC,30,1.5,1000000.0,,False,bars,0.6855290614808347,-57.58522348093097,32.39245344079747,65.52697395224557,13.214207121019529
11.470732233551145,92.82157106244416,True,1.086802722726821,0,0,2,0.1,0.1,0.04528129036276458,3.6481642008498523,1.2462265999836293,-7.213084182936011,-41.46008239891018,115.32600450948583,0.1,0.1,506,0,2,0,0.0,21.632104456251653,0.5155007758081249,RNG-f8a5855a35ac,safe_range,selection_envelope,100351,NTSC,30,1.5,1000000.0,stress_waveform;reference_detail,True,bars,0.6828431929900178,-57.49435664756257,31.198667843314624,55.84500879966323,13.72774213958579
12.85836364534198,90.71474123208388,True,1.4315088494642756,0,0,2,0.125,0.1,0.043015072273422335,4.515933361843056,1.915193738126938,-6.791612546857366,-39.33165243134394,102.30178324007674,0.125,0.1,506,0,2,0,0.0,19.83166272960208,0.5726800628494109,RNG-49c57570d609,safe_range,selection_envelope,100351,NTSC,30,1.5,1000000.0,,True,bars,0.6078451295229972,-56.43140942939298,31.956937053823335,73.18361988733534,12.711034935685996
12.084937800919594,91.40319044552912,True,0.7466123967763204,241,9,0,2.025,2.025,2.9854797977279146,5.263781139451038,2.7412248390751985,-5.8307323979994505,-45.552024542231514,118.21686496327062,1.8449999999999995,1.65,506,7,2,206,0.40711462450592883,21.341568193735846,0.5595022685869653,RNG-98f7c31f7952,safe_range,selection_envelope,100351,NTSC,30,1.5,1000000.0,burst_gain;h_missing;v_missing;vertical_trains,False,bars,0.8245821603670118,-49.24990441392822,32.347935865687916,44.110501485173685,12.656168478916237
16.661798349670338,97.97861190229878,True,0.2741530740276035,0,0,2,0.05,0.04124999999999999,0.0210386061995483,-0.23828869538370578,1.3201351555660743,-1.263432020860423,-58.19723182608063,120.31510241480191,0.05,0.04124999999999999,610,0,2,0,0.0,28.307162500909456,0.7554153997377043,OVP56,safe_range,selection_envelope,100352,PAL,30,5,1000000.0,,True,bars,0.8361801396359134,-60.13812230459454,8.626300459039284,15.954657071556177,11.817273039161023
17.16257352176523,98.5453373185015,True,0.2628607277289837,0,0,2,0.025,0.04124999999999999,0.014062215388741004,-0.6977550927201972,1.1445145894085562,-0.7766748767213243,-53.07038404250585,117.9518712512102,0.025,0.04124999999999999,610,0,2,0,0.0,28.836702906586137,0.7765802745922398,VLP56,safe_range,selection_envelope,100352,PAL,30,5,1000000.0,,True,bars,0.8339737486557528,-60.249858182812254,7.296179919294148,15.048631870019243,11.549078486104476
16.546479083561287,95.97621395788153,True,1.0,0,0,2,0.075,0.06624999999999999,0.04480147465371582,0.23938353194817333,1.5680961441202972,-3.820261370622965,-45.775921131462,104.05054342572433,0.075,0.06624999999999999,610,0,2,0,0.0,24.930409801185228,0.7445968194109325,RANGE32,safe_range,selection_envelope,100352,PAL,30,5,1000000.0,,True,bars,0.7492685554941221,-60.24732748621818,8.537100939771456,15.718416902710285,11.208340291232663
-6.796525741838448,-83.00753378764931,False,619.1530740276036,610,8,58,2.025,2.025,1000000.0,82.02188420515698,22.045277130416128,-157.65766937714608,-69.29107833298366,61.244895146323415,1000000.0,1000000.0,610,610,2,1587,2.601639344262295,-6.843347589698726,-0.36809771282569875,PLL96-rejected-board,safe_range,selection_envelope,100352,PAL,30,5,1000000.0,contrast;waveform;detail_floor;sync;h_jitter_us;v_jitter_us;h_width_rmse_us;sync_error_ire;black_error_ire;white_error_ire;contrast;stress_waveform;reference_detail;burst_gain;burst_phase_jitter_deg;burst_amplitude_jitter_pct;burst_rmse_ire;h_missing;v_missing;vertical_trains;sync_error_ire;black_error_ire;white_error_ire,False,bars,0.3283159191692343,64.68375168103671,23.584363904549644,34.66139756571541,28.296105080262652
8.94424246670813,98.8201146945099,True,6.328732747804266,228,3,0,2.025,2.025,3.409153830928129,15.773990191924907,-1.5181419012569122,-1.1636922371667728,-43.02378286022909,107.63996451938817,1.75,1.08,610,7,2,198,0.32459016393442625,11.577903999769987,0.3747522419615101,PLL96-IQ-corrected,safe_range,selection_envelope,100352,PAL,30,5,1000000.0,waveform;detail_floor;sync;h_jitter_us;v_jitter_us;h_width_rmse_us;sync_error_ire;stress_waveform;reference_detail;burst_gain;burst_phase_jitter_deg;burst_amplitude_jitter_pct;burst_rmse_ire;h_missing;v_missing;vertical_trains;sync_error_ire,False,bars,0.38163861020837225,-112.61143438154578,22.042644285729928,34.12085575918114,17.238464433914768
23.542593038188663,97.636574423594,True,0.0,0,0,2,0.025,0.025,0.00944136347474744,0.3366229650217494,1.0102182643174586,-0.5445666688594878,-46.55320855460593,109.65360172792194,0.025,0.025,610,0,2,0,0.0,31.446145391103734,0.952655878068248,floating-PLL-IQ40,safe_range,selection_envelope,100352,PAL,30,5,1000000.0,,True,bars,0.524973349139765,17.171458118978297,4.868797492736253,9.685553239001795,6.372657222681356
4.5305140634087095,44.77734392783284,True,88.41969887076537,610,8,0,2.025,2.025,1000000.0,48.3082142648006,26.55407223082353,-26.334229481220277,4.359202075563104,83.79832845157188,1000000.0,1000000.0,610,610,2,0,0.0,4.67874605199577,0.6249793624767437,HC50,safe_range,selection_envelope,100352,PAL,30,5,1000000.0,contrast;waveform;detail_floor;sync;h_jitter_us;v_jitter_us;h_width_rmse_us;sync_error_ire;black_error_ire;white_error_ire;contrast;stress_waveform;reference_detail;burst_gain;burst_rmse_ire;h_missing;v_missing;vertical_trains;sync_error_ire;black_error_ire;white_error_ire,False,bars,0.41981878789695504,98.77551041588711,6.80133346868149,11.874929984839277,30.264926155742707
11.91068441350998,98.72031003234646,True,3.6706398996235885,0,0,2,0.075,0.075,0.05006143766397052,3.619907709903468,-1.3715864043702213,-2.25864398206473,-58.93842530334277,112.02431067507746,0.075,0.075,610,0,2,0,0.0,17.009795205180033,0.48059504027051153,PLL96-board-fixed,safe_range,selection_envelope,100352,PAL,30,5,1000000.0,waveform;detail_floor;stress_waveform;reference_detail;burst_gain;burst_phase_jitter_deg;burst_amplitude_jitter_pct;burst_rmse_ire,True,bars,0.43363586463899834,-99.78848730385903,21.826494404995195,30.27725451407198,15.775079893351908
14.663633354581119,97.89147091735776,True,1.368883312421581,0,0,2,0.075,0.075,0.03878270697947395,-0.12026229756634034,0.05764266381891038,0.8588674054779452,-47.80386757170468,117.13505699540022,0.075,0.075,610,0,2,0,0.0,21.745837398248074,0.6739511353716873,RNG-04aa945bc1b0,safe_range,selection_envelope,100352,PAL,30,5,1000000.0,stress_waveform;reference_detail;burst_phase_jitter_deg,True,bars,0.7275270747399141,-60.40510955422694,13.681986224615887,24.480999932080767,11.603001285057703
15.083603278818607,97.28164859596292,True,1.3387703889585947,0,0,2,0.075,0.075,0.038237287612151914,-0.0866306098540653,0.16783925654961745,-1.412464830206649,-47.78591718730123,112.13549650142193,0.075,0.075,610,0,2,0,0.0,23.141905436015684,0.67935244042563,RNG-cf72878d1543,safe_range,selection_envelope,100352,PAL,30,5,1000000.0,stress_waveform;reference_detail;burst_phase_jitter_deg,True,bars,0.7242969528290399,-60.41089115666129,13.797046245928613,24.954863552834052,11.579569643884659
15.423207931488554,100.8524350980625,True,0.3670012547051443,0,0,2,0.05,0.06624999999999999,0.03831759001970287,0.5998462124072808,-0.41311998200344796,0.7123264329361059,-46.07332970300453,122.34889894961935,0.05,0.06624999999999999,610,0,2,0,0.0,28.164770445149408,0.7060936024635286,RNG-38b94fa247ad,safe_range,selection_envelope,100352,PAL,30,5,1000000.0,stress_waveform;reference_detail;burst_phase_jitter_deg,True,bars,0.7679995231727783,-62.27195055947628,14.438723715007626,22.951999367624815,11.980949672183948
15.085821578568748,96.72297798049826,True,1.5156838143036386,0,0,2,0.075,0.075,0.036058354344489806,0.1474601528574597,0.409782410806427,-2.057013394991719,-47.707762702950205,110.10298288753415,0.075,0.075,610,0,2,0,0.0,22.910794456625805,0.67443942795767,RNG-7b3e4c57c69a,safe_range,selection_envelope,100352,PAL,30,5,1000000.0,stress_waveform;reference_detail;burst_phase_jitter_deg,True,bars,0.7099994145377841,-60.425762274970104,14.063623859016325,25.299461985737945,11.498939763852794
15.398784935261007,96.54173875627355,True,1.2578419071518194,0,0,2,0.075,0.075,0.03597300900743751,0.14437571923462864,0.4121100640759052,-3.432004057335781,-48.14505257213411,109.34609603898221,0.075,0.075,610,0,2,0,0.0,23.916965398207765,0.6853606185821667,RNG-bc7ebb810656,safe_range,selection_envelope,100352,PAL,30,5,1000000.0,stress_waveform;reference_detail;burst_phase_jitter_deg,True,bars,0.712876523762592,-60.40953289391231,13.758684837615613,25.413628179610015,11.505011024823384
15.083886146477084,97.20956726511375,True,1.3350062735257215,0,0,2,0.075,0.06624999999999999,0.038008842802005186,0.047611645434500645,0.11232319126316158,-1.5027454908530675,-48.97581064006275,112.26237205622391,0.075,0.06624999999999999,610,0,2,0,0.0,23.125665393680677,0.6793758651730103,RNG-40d80848b1b8,safe_range,selection_envelope,100352,PAL,30,5,1000000.0,stress_waveform;reference_detail;burst_phase_jitter_deg,True,bars,0.7264826102623966,-60.400990391162786,13.913529391668405,25.01673821355479,11.579674991540953
15.746679041560503,99.22706286998422,True,0.4247176913425345,0,0,2,0.05,0.05,0.03160657225698582,0.48823183845907225,-0.1580232451904237,-1.8880137564492305,-45.091805772781186,119.13667812092788,0.05,0.05,610,0,2,0,0.0,28.13030401196134,0.7127772014031294,RNG-f8a5855a35ac,safe_range,selection_envelope,100352,PAL,30,5,1000000.0,reference_detail;burst_phase_jitter_deg,True,bars,0.7474994549055456,-61.67367449006849,14.527292821794102,22.94258240146719,11.742019654194584
16.546479083561287,95.97621395788153,True,1.0,0,0,2,0.075,0.06624999999999999,0.04480147465371582,0.23938353194817333,1.5680961441202972,-3.820261370622965,-45.775921131462,104.05054342572433,0.075,0.06624999999999999,610,0,2,0,0.0,24.930409801185228,0.7445968194109325,RNG-49c57570d609,safe_range,selection_envelope,100352,PAL,30,5,1000000.0,,True,bars,0.7492685554941221,-60.24732748621818,8.537100939771456,15.718416902710285,11.208340291232663
15.611358207299178,97.87484908527142,True,0.3971141781681305,0,0,2,0.05,0.05,0.021184203827457823,1.2484311737762528,1.4110935563146279,-0.7775247352185835,-49.1877924575256,120.61660942166483,0.05,0.05,610,0,2,0,0.0,29.43738669234299,0.7026824282034687,RNG-98f7c31f7952,safe_range,selection_envelope,100352,PAL,30,5,1000000.0,reference_detail;burst_phase_jitter_deg,True,bars,0.8319515570641693,-59.86529342051218,14.791650357568335,19.00707199575819,11.94987728593933
16.82281437009681,97.87467052267218,True,0.3439534932729621,0,0,2,0.05,0.025,0.021349019471888334,-0.1800864089019147,1.3056950539926218,-1.4849495035041962,-57.279211222323525,120.47955298563973,0.05,0.025,506,0,2,0,0.0,28.19952511197185,0.7743695388708149,OVP56,safe_range,selection_envelope,100352,NTSC,30,5,1000000.0,,True,bars,0.8929775240670863,-48.133303376263626,7.63385972969379,11.757219128296951,11.241432177046178
17.345526142263083,98.45254888328041,True,0.32513765666065564,0,0,2,0.025,0.036249999999999984,0.013150091299522248,-0.643291717498333,1.123017202004239,-0.9770816558031695,-54.56090336165932,117.44056954327293,0.025,0.036249999999999984,506,0,2,0,0.0,28.72234239364103,0.7951629713875596,VLP56,safe_range,selection_envelope,100352,NTSC,30,5,1000000.0,,True,bars,0.8914883661268495,-48.232049338406085,6.027759404272494,11.133357245927058,10.999014592937227
16.658667134240904,95.87571036257685,True,1.0446552487152545,0,0,2,0.075,0.05,0.04589093876648816,0.2504056443370773,1.5470790803668124,-4.007388547150636,-45.67211566694588,103.7943690412347,0.075,0.05,506,0,2,0,0.0,24.804500255157627,0.7624927074562672,RANGE32,safe_range,selection_envelope,100352,NTSC,30,5,1000000.0,,True,bars,0.7961385605847622,-48.45328240217569,7.125460597734607,12.000507039309312,10.747038191911043
-6.676579777409263,-82.48820429190333,False,615.063356685041,506,12,48,2.025,2.025,1000000.0,81.9141687230912,21.864663521125486,-157.59256476581777,-69.13684662080969,68.2578011505454,1000000.0,1000000.0,506,506,2,1316,2.600790513833992,-6.725381377522677,-0.35744829490512103,PLL96-rejected-board,safe_range,selection_envelope,100352,NTSC,30,5,1000000.0,contrast;waveform;detail_floor;sync;h_jitter_us;v_jitter_us;h_width_rmse_us;sync_error_ire;black_error_ire;white_error_ire;contrast;stress_waveform;reference_detail;burst_gain;burst_phase_jitter_deg;burst_amplitude_jitter_pct;burst_rmse_ire;h_missing;v_missing;vertical_trains;sync_error_ire;black_error_ire;white_error_ire,False,bars,0.4392624333357482,84.57976939152312,35.64141015973345,24.236599176096547,28.97997561104062
8.948712526027919,98.1491404766872,True,6.473400428097914,190,5,0,2.025,2.025,3.411016218895715,15.803030752633564,-1.6603504254060204,-1.344010596173579,-42.961599351846544,107.4423246997603,1.8,1.4549999999999996,506,6,2,202,0.39920948616600793,11.71997747925998,0.3627947666106598,PLL96-IQ-corrected,safe_range,selection_envelope,100352,NTSC,30,5,1000000.0,waveform;detail_floor;sync;h_jitter_us;v_jitter_us;h_width_rmse_us;sync_error_ire;stress_waveform;reference_detail;burst_gain;burst_phase_jitter_deg;burst_amplitude_jitter_pct;burst_rmse_ire;h_missing;v_missing;vertical_trains;sync_error_ire,False,bars,0.5047949137513859,-94.79521402809172,35.70814110106732,24.953224593614973,18.16707062144032
23.99070235691578,97.48990632733225,True,0.0,0,0,2,0.025,0.025,0.009495682397264733,0.39898498508055896,0.9921786158842312,-0.7268559001109838,-46.010351739204125,109.50210595093382,0.025,0.025,506,0,2,0,0.0,31.077999182301177,0.9617235744020451,floating-PLL-IQ40,safe_range,selection_envelope,100352,NTSC,30,5,1000000.0,,True,bars,0.622860293600328,8.316270267034175,3.8486872316462555,8.040850410891533,5.550038672882312
4.480342554795272,44.71366750641043,True,94.32454157095678,506,12,0,2.025,2.025,1000000.0,48.302656447793176,26.497382466094148,-26.45770938845409,3.59665480190948,81.30166673816454,1000000.0,1000000.0,506,506,2,0,0.0,4.623151099538303,0.6407643530590292,HC50,safe_range,selection_envelope,100352,NTSC,30,5,1000000.0,contrast;waveform;detail_floor;sync;h_jitter_us;v_jitter_us;h_width_rmse_us;sync_error_ire;black_error_ire;white_error_ire;contrast;stress_waveform;reference_detail;burst_gain;burst_rmse_ire;h_missing;v_missing;vertical_trains;sync_error_ire;black_error_ire;white_error_ire,False,bars,0.4435156868084843,80.70650108619635,4.94402800121467,8.944552068948063,30.361097341081734
11.878376764227284,98.28982390544485,True,3.7308040834881253,0,0,2,0.075,0.075,0.04970267328047151,3.6897393833882766,-1.3691329708133753,-2.4699746097464654,-58.62852159361112,111.81910276468496,0.075,0.075,506,0,2,0,0.0,17.077258264324243,0.4811386295540338,PLL96-board-fixed,safe_range,selection_envelope,100352,NTSC,30,5,1000000.0,waveform;detail_floor;stress_waveform;reference_detail;burst_phase_jitter_deg;burst_rmse_ire,True,bars,0.5976947862613364,-88.17403231428584,32.19852562349174,18.741564583144456,16.842646449220187
14.753647068233466,97.70405158573926,True,1.3991456104911084,0,0,2,0.075,0.05,0.036608304852720555,-0.07709714274313526,0.04867716150733237,0.6564946397507198,-47.38239581501822,114.49928859377927,0.075,0.05,506,0,2,0,0.0,21.76727035400502,0.6908760317470487,RNG-04aa945bc1b0,safe_range,selection_envelope,100352,NTSC,30,5,1000000.0,stress_waveform;reference_detail,True,bars,0.759298573221871,-48.413102315007556,10.136064986642007,20.37778389171288,11.15566410985743
15.166028407781319,97.1075685924596,True,1.374308706162864,0,0,2,0.075,0.05,0.035529590184184875,-0.04188725710336378,0.1650096231913536,-1.6054704967208426,-47.382395814990815,111.94832491600171,0.075,0.05,506,0,2,0,0.0,23.10394995938279,0.6960801719169242,RNG-cf72878d1543,safe_range,selection_envelope,100352,NTSC,30,5,1000000.0,stress_waveform;reference_detail,True,bars,0.7539924582536107,-48.425828086271736,10.241615643973724,20.662904659919306,11.134913179742254
15.578036291769363,100.68154869533849,True,0.3763167322461292,0,0,2,0.05,0.075,0.037901343745407094,0.6347337109049802,-0.42442161083903485,0.5179280843410666,-46.00627142652577,121.9195961160592,0.05,0.075,506,0,2,0,0.0,28.343343487935428,0.7252655260432457,RNG-38b94fa247ad,safe_range,selection_envelope,100352,NTSC,30,5,1000000.0,stress_waveform;reference_detail;burst_phase_jitter_deg;burst_amplitude_jitter_pct,True,bars,0.825667544385426,-50.571143065774,13.367078610126091,22.966103635348354,11.673281197448436
15.163347333903944,96.55066408107005,True,1.5571986380344827,0,0,2,0.075,0.05,0.0334709773402372,0.19351107107727067,0.40257536919961245,-2.2469312997319695,-47.37491167488233,110.17361967060016,0.075,0.05,506,0,2,0,0.0,22.86878835084577,0.6913929701865948,RNG-7b3e4c57c69a,safe_range,selection_envelope,100352,NTSC,30,5,1000000.0,stress_waveform;reference_detail,True,bars,0.7408039218368554,-48.38610186837808,10.40958730350619,20.36420838705765,11.062400812862988
15.472396043367318,96.37262583030686,True,1.305066427429576,0,0,2,0.075,0.05,0.034128766858366376,0.19319592192986645,0.40679391576101415,-3.630292701207677,-46.97854274387744,109.11022414483368,0.075,0.05,506,0,2,0,0.0,23.83578009446056,0.70160832290603,RNG-bc7ebb810656,safe_range,selection_envelope,100352,NTSC,30,5,1000000.0,stress_waveform;reference_detail,True,bars,0.7440753105476757,-48.41764279992951,10.489714102423477,20.829171218546172,11.074875135292642
15.165319400759143,97.03502834752302,True,1.374308706162864,0,0,2,0.075,0.05,0.03537280279912256,0.08929496438713046,0.10884770694793834,-1.6948716266715373,-48.836141102664946,112.09785963007256,0.075,0.05,506,0,2,0,0.0,23.08290339178464,0.6960975855705531,RNG-40d80848b1b8,safe_range,selection_envelope,100352,NTSC,30,5,1000000.0,stress_waveform;reference_detail,True,bars,0.7579975924634678,-48.41073132243716,10.292004803829244,20.40387062024486,11.127459387920396
15.8923511284377,99.07345283589993,True,0.4320116086185563,0,0,2,0.05,0.075,0.03006909040241255,0.523022366136815,-0.16958133474402212,-2.0790155581402967,-45.978635709034904,118.3194549752502,0.05,0.075,506,0,2,0,0.0,28.07418403322313,0.7318575102545092,RNG-f8a5855a35ac,safe_range,selection_envelope,100352,NTSC,30,5,1000000.0,reference_detail;burst_phase_jitter_deg;burst_amplitude_jitter_pct,True,bars,0.8069650205731902,-49.967048742819976,12.448451992006662,23.13269445097034,11.42643123313456
16.658667134240904,95.87571036257685,True,1.0446552487152545,0,0,2,0.075,0.05,0.04589093876648816,0.2504056443370773,1.5470790803668124,-4.007388547150636,-45.67211566694588,103.7943690412347,0.075,0.05,506,0,2,0,0.0,24.804500255157627,0.7624927074562672,RNG-49c57570d609,safe_range,selection_envelope,100352,NTSC,30,5,1000000.0,,True,bars,0.7961385605847622,-48.45328240217569,7.125460597734607,12.000507039309312,10.747038191911043
15.764207941168753,97.75407761629012,True,0.43953794326347895,0,0,2,0.05,0.05,0.019504737440137348,1.2944220948128045,1.393185729644436,-0.9609213678619808,-48.2576280449742,120.39566769578259,0.05,0.05,506,0,2,0,0.0,29.373610271695977,0.723031488828888,RNG-98f7c31f7952,safe_range,selection_envelope,100352,NTSC,30,5,1000000.0,reference_detail,True,bars,0.8797826785003999,-48.0959368227731,11.118873386194068,20.77962450166814,11.406802609951336
15.763682644713917,97.36012188356709,True,0.42910915934755334,0,0,2,0.05,0.04124999999999999,0.018936909921553967,0.46307611953203803,1.0120522536256156,-1.5015359025728852,-52.52840387942974,123.8306739184756,0.05,0.04124999999999999,610,0,2,0,0.0,28.014835622717406,0.7194989047845679,OVP56,safe_range,selection_envelope,100353,PAL,30,3,500000.0,,True,bars,0.8523407560467516,-60.16544531168537,15.873429526948964,20.216410095811668,12.173720787612886
15.986855561986877,97.19328541542822,True,0.38080301129234634,0,0,2,0.05,0.025,0.016816268469726024,0.6400661492212182,1.5305557127243636,-1.2800259898155342,-51.391996042739024,121.1565659960204,0.05,0.025,610,0,2,0,0.0,28.1771421092683,0.7287811137407564,VLP56,safe_range,selection_envelope,100353,PAL,30,3,500000.0,,True,bars,0.8501062663955407,-60.1476823579624,16.93188869653852,19.60152092679742,11.99162722375544
15.857888816970485,96.44975573080991,True,0.7440401505646173,0,0,2,0.075,0.05,0.05532134144859587,1.749067921235535,2.1794467551975956,-0.5569527828547817,-45.9761229177438,109.83808946342982,0.075,0.05,610,0,2,0,0.0,25.370683420257553,0.7137466629028913,RANGE32,safe_range,selection_envelope,100353,PAL,30,3,500000.0,,True,bars,0.75767318454777,-65.46621931623224,14.099061809166653,19.632120409346037,12.460853079882842
-6.359040542262921,-96.62437900760361,False,658.3707653701381,610,8,28,2.025,2.025,1000000.0,136.2554121919494,39.2542188457588,-142.30233316954443,-56.80593566697823,108.60571069599929,1000000.0,1000000.0,610,610,2,1190,1.9508196721311475,-6.395283121466395,-0.377234159913209,PLL96-rejected-board,safe_range,selection_envelope,100353,PAL,30,3,500000.0,contrast;waveform;detail_floor;sync;h_jitter_us;v_jitter_us;h_width_rmse_us;sync_error_ire;black_error_ire;white_error_ire;contrast;stress_waveform;reference_detail;burst_gain;burst_phase_jitter_deg;burst_amplitude_jitter_pct;burst_rmse_ire;h_missing;v_missing;vertical_trains;sync_error_ire;black_error_ire;white_error_ire,False,bars,0.26809563137217146,54.48520627974626,31.942455678437565,51.21670173763455,43.04212496790837
9.474726217985603,102.81330290035761,True,5.847553324968632,0,0,2,0.35,0.09124999999999998,0.10397824488726508,2.1379165283806656,2.1727070090492493,5.588626090235642,-52.86503120195328,114.19811395691458,0.35,0.09124999999999998,610,0,2,0,0.0,12.567004349723153,0.3757260486094035,PLL96-IQ-corrected,safe_range,selection_envelope,100353,PAL,30,3,500000.0,waveform;detail_floor;white_error_ire;stress_waveform;reference_detail;burst_gain;burst_phase_jitter_deg;burst_amplitude_jitter_pct;burst_rmse_ire;white_error_ire,True,bars,0.3181620759641304,-122.39248194506644,32.731240358697065,55.47057149157873,17.667408229980502
21.598379597045557,96.05478456552173,True,0.0,0,0,2,0.025,0.025,0.018360015357684924,2.114974205688911,2.2498176239152223,-0.5377481902727181,-45.18091683733277,111.9530630112723,0.025,0.025,610,0,2,0,0.0,27.68354207992537,0.9316097537120012,floating-PLL-IQ40,safe_range,selection_envelope,100353,PAL,30,3,500000.0,,True,bars,0.5367319135879043,12.988426397398488,6.9288296220186805,10.15147527743139,6.42869072454551
3.530870123005749,44.31301114632432,True,95.50752823086574,610,8,0,2.025,2.025,1000000.0,54.64785299787042,32.50598451557245,-20.87293184610906,9.370666576137836,90.32569744943227,1000000.0,1000000.0,610,610,2,0,0.0,3.643443879700992,0.557580457309342,HC50,safe_range,selection_envelope,100353,PAL,30,3,500000.0,contrast;waveform;detail_floor;sync;h_jitter_us;v_jitter_us;h_width_rmse_us;sync_error_ire;black_error_ire;white_error_ire;contrast;stress_waveform;reference_detail;burst_gain;burst_rmse_ire;h_missing;v_missing;vertical_trains;sync_error_ire;black_error_ire;white_error_ire,False,bars,0.40845933004206614,98.46379667680661,13.307494445788562,18.41314573816286,35.768235028307465
12.317204148378247,102.2994995690477,True,3.961731493099122,0,0,2,0.075,0.06624999999999999,0.06812025288017519,-2.7174691931122004,-2.10754674174846,0.926089989438096,-50.77974350386469,114.92137481118492,0.075,0.06624999999999999,610,0,2,0,0.0,16.677324746253134,0.5242553718524229,PLL96-board-fixed,safe_range,selection_envelope,100353,PAL,30,3,500000.0,waveform;detail_floor;stress_waveform;reference_detail;burst_gain;burst_phase_jitter_deg;burst_amplitude_jitter_pct,True,bars,0.4648293329488944,-96.80013701351646,29.041604432639602,30.703261058812668,15.110846386321327
14.63534092948258,97.29322331179367,True,1.127352572145546,0,0,2,0.075,0.06624999999999999,0.06182835839353447,-1.33826125184432,2.368143049583925,3.4177986826785265,-46.567512955455484,117.27725255322424,0.075,0.06624999999999999,610,0,2,0,0.0,20.776883873913462,0.6827060160017355,RNG-04aa945bc1b0,safe_range,selection_envelope,100353,PAL,30,3,500000.0,stress_waveform;reference_detail,True,bars,0.6714965021899615,-66.23586431654401,15.788802968194135,22.058803497052953,12.348005074924313
15.065198630006243,96.7875196478247,True,1.0646173149309912,0,0,2,0.075,0.06624999999999999,0.06038639245262647,-0.40571148588744227,2.5292515496539623,1.623496726604217,-45.85548497669117,116.96350353936946,0.075,0.06624999999999999,610,0,2,0,0.0,22.14273587218091,0.6874539566344248,RNG-cf72878d1543,safe_range,selection_envelope,100353,PAL,30,3,500000.0,,True,bars,0.6639048116342039,-66.2401298761629,15.757645540040373,22.18305088656984,12.330804364932575
15.227588314723665,98.80940048396245,True,0.3946047678795483,0,0,2,0.075,0.05,0.07294310605747109,2.5428766927109923,1.3716831697264122,1.213326777788211,-43.760501732206635,124.91291801551198,0.075,0.05,610,0,2,0,0.0,26.857562241454346,0.6901444916753606,RNG-38b94fa247ad,safe_range,selection_envelope,100353,PAL,30,3,500000.0,,True,bars,0.7008567833363855,-69.64704723929373,17.035323618381415,23.482278536270783,12.788585228847191
15.057636261893794,96.21106308452057,True,1.3820577164366374,0,0,2,0.075,0.09124999999999998,0.057625486733835704,-0.000770600190593217,2.954859078170256,1.309750522943028,-45.894302318989375,115.92554282135116,0.075,0.09124999999999998,610,0,2,0,0.0,21.85261746234886,0.6837563273558769,RNG-7b3e4c57c69a,safe_range,selection_envelope,100353,PAL,30,3,500000.0,,True,bars,0.6509440007128162,-66.32156132059826,15.15218252502163,21.20622550533116,12.317110768624293
15.426906790337929,96.5915611158033,True,1.0978670012547052,0,0,2,0.08874999999999886,0.06624999999999999,0.06197732266394027,-0.07471682094338591,2.9554633197453435,0.21052739301268544,-45.17265880523171,116.46502793982621,0.08874999999999886,0.06624999999999999,610,0,2,0,0.0,23.074308651071718,0.6947304843947228,RNG-bc7ebb810656,safe_range,selection_envelope,100353,PAL,30,3,500000.0,,True,bars,0.6555087367154295,-66.47016407158517,15.337792056841582,22.036885856450642,12.357980723519372
15.109569424773529,94.9655573930785,True,1.0621079046424091,0,0,2,0.075,0.08249999999999998,0.03324955318324212,4.384712984308866,2.403748556074106,1.4675514244289831,-40.8225114093171,117.36671396542506,0.075,0.08249999999999998,610,0,2,0,0.0,22.075242732767105,0.6917282482392334,RNG-40d80848b1b8,safe_range,selection_envelope,100353,PAL,30,3,500000.0,,True,bars,0.6645053275220751,-66.31210057426443,15.844090584634339,22.171327261431063,12.313168849089228
15.400272730114725,97.53086437636009,True,0.4491844416562108,0,0,2,0.075,0.05,0.07757201836220898,2.5294353059905506,1.8920768524215565,-0.6034843011758483,-44.59249569234109,124.88022594645709,0.075,0.05,610,0,2,0,0.0,26.495407654389357,0.6936705447820967,RNG-f8a5855a35ac,safe_range,selection_envelope,100353,PAL,30,3,500000.0,,True,bars,0.7000249341068376,-68.20904251254207,17.490289074936086,25.763690180590444,12.655313416169053
15.857888816970485,96.44975573080991,True,0.7440401505646173,0,0,2,0.075,0.05,0.05532134144859587,1.749067921235535,2.1794467551975956,-0.5569527828547817,-45.9761229177438,109.83808946342982,0.075,0.05,610,0,2,0,0.0,25.370683420257553,0.7137466629028913,RNG-49c57570d609,safe_range,selection_envelope,100353,PAL,30,3,500000.0,,True,bars,0.75767318454777,-65.46621931623224,14.099061809166653,19.632120409346037,12.460853079882842
15.196366930350685,96.31566336533528,True,0.5878293601003763,0,0,2,0.05,0.05,0.052087568133848995,3.5872147689369727,2.085699168776789,-1.259422218846445,-44.988833960740486,112.40444743780851,0.05,0.05,610,0,2,0,0.0,26.023283937359448,0.6864681282729753,RNG-98f7c31f7952,safe_range,selection_envelope,100353,PAL,30,3,500000.0,,True,bars,0.8437760050080314,-60.68384939625228,15.634211571137838,19.92262139156458,12.454648019639661
15.899116185515572,97.30996387114611,True,0.381585166497575,0,0,2,0.05,0.05,0.018261928258412774,0.3821901068142713,1.011590777618129,-1.6788763986054789,-53.986199452392995,123.52567265969263,0.05,0.05,506,0,2,0,0.0,27.800171906589327,0.7387780306227884,OVP56,safe_range,selection_envelope,100353,NTSC,30,3,500000.0,,True,bars,0.9090377859661147,-48.43348677364542,9.922249450625593,15.566742468663813,11.739718173899927
16.138439193861338,97.09795738674013,True,0.337932425557024,0,0,2,0.05,0.05,0.017000929990837552,0.6927292407285207,1.5237178365474875,-1.4462147466553026,-51.50482224085635,119.77828898078938,0.05,0.05,506,0,2,0,0.0,28.022913374167583,0.7480496037785206,VLP56,safe_range,selection_envelope,100353,NTSC,30,3,500000.0,,True,bars,0.8963497846114299,-48.48345250835963,8.87730871439137,12.937774569847024,11.526483761598442
15.97120560188097,96.34839442340059,True,0.7210228589835835,0,0,2,0.075,0.075,0.05767437899184404,1.7817497007115184,2.1734861472249207,-0.7293156918323238,-42.02271198952285,109.88353857347663,0.075,0.075,506,0,2,0,0.0,25.316554936446934,0.7319123738769027,RANGE32,safe_range,selection_envelope,100353,NTSC,30,3,500000.0,,True,bars,0.830521081902508,-53.248235400121,11.393885970069245,15.62849159844303,12.167573114188484
-6.304245367083111,-96.52085607702618,False,656.9248299801004,506,12,24,2.025,2.025,1000000.0,136.4707937147943,39.21640047744824,-142.18180533491775,-56.71780546040786,108.43095087347724,1000000.0,1000000.0,506,506,2,996,1.9683794466403162,-6.347698267807498,-0.34647431906445775,PLL96-rejected-board,safe_range,selection_envelope,100353,NTSC,30,3,500000.0,contrast;waveform;detail_floor;sync;h_jitter_us;v_jitter_us;h_width_rmse_us;sync_error_ire;black_error_ire;white_error_ire;contrast;stress_waveform;reference_detail;burst_phase_jitter_deg;burst_rmse_ire;h_missing;v_missing;vertical_trains;sync_error_ire;black_error_ire;white_error_ire,False,bars,0.6053538776236776,65.38336944018528,22.768829990720505,22.917147355779985,42.07846710858425
9.406161297844758,102.17522704710139,True,6.19868921355824,0,0,2,0.3,0.13624999999999998,0.097586993722901,2.140825630259483,2.177473103077157,5.387578275774493,-52.78779141673235,114.00458190613371,0.3,0.13624999999999998,506,0,2,0,0.0,12.743048003207422,0.34290507277325055,PLL96-IQ-corrected,safe_range,selection_envelope,100353,NTSC,30,3,500000.0,waveform;detail_floor;white_error_ire;stress_waveform;reference_detail;burst_phase_jitter_deg;burst_rmse_ire,True,bars,0.6970456611814682,-113.46111640560518,25.321653617617613,24.335452424547526,20.466267118725273
21.857847399625907,95.91862280684045,True,0.0,0,0,2,0.025,0.025,0.01863021685963838,2.1740970392180614,2.2446541666194477,-0.698093023052536,-45.764822306587746,112.00328204349348,0.025,0.025,506,0,2,0,0.0,27.502470742414054,0.9408858904932215,floating-PLL-IQ40,safe_range,selection_envelope,100353,NTSC,30,3,500000.0,,True,bars,0.642366518742268,4.546790964590224,7.090179449164573,10.080224197432456,5.666935600770208
3.4743720226531694,44.24914711099123,True,101.64992308085993,506,12,0,2.025,2.025,1000000.0,54.64240195815063,32.453397382103404,-20.98817691867959,9.977274721920281,90.17759612331876,1000000.0,1000000.0,506,506,2,0,0.0,3.580884337212227,0.5727534597792491,HC50,safe_range,selection_envelope,100353,NTSC,30,3,500000.0,contrast;waveform;detail_floor;sync;h_jitter_us;v_jitter_us;h_width_rmse_us;sync_error_ire;black_error_ire;white_error_ire;contrast;stress_waveform;reference_detail;burst_gain;burst_rmse_ire;h_missing;v_missing;vertical_trains;sync_error_ire;black_error_ire;white_error_ire,False,bars,0.44024082536468523,80.26779574493553,12.160376620466511,17.74924605351122,35.84133451160342
12.314952858797614,102.05741474102919,True,3.994225796060415,0,0,2,0.075,0.05,0.06832987876482594,-2.6527068492895096,-2.0956411821116365,0.7586495220791877,-49.31150374488632,114.82777163953212,0.075,0.05,506,0,2,0,0.0,16.79516740701271,0.527968537792868,PLL96-board-fixed,safe_range,selection_envelope,100353,NTSC,30,3,500000.0,waveform;detail_floor;stress_waveform;reference_detail;burst_phase_jitter_deg;burst_amplitude_jitter_pct;burst_rmse_ire,True,bars,0.581947964853452,-81.32494715634525,22.912694866809325,33.03912054263023,15.858126102604844
14.713348178885255,97.17670083932087,True,1.132713364060849,0,0,2,0.075,0.075,0.06174944591772662,-1.327980505680427,2.3648154107783133,3.2316129469782506,-46.495815087761585,117.06102873353713,0.075,0.075,506,0,2,0,0.0,20.827416282023712,0.6982835089376774,RNG-04aa945bc1b0,safe_range,selection_envelope,100353,NTSC,30,3,500000.0,stress_waveform;reference_detail,True,bars,0.7408054612232353,-54.820757810604704,14.558119352276949,20.848681502169107,12.279056266925796
15.14509052767798,96.66638813766438,True,1.0363762806058399,0,0,2,0.075,0.08624999999999998,0.06043526246006218,-0.3687857126537229,2.5256852648513037,1.4413358586495582,-45.63144879151933,115.4164037543273,0.075,0.08624999999999998,506,0,2,0,0.0,22.187255801988854,0.7031142955380143,RNG-cf72878d1543,safe_range,selection_envelope,100353,NTSC,30,3,500000.0,,True,bars,0.7340444942502167,-54.87014838931151,14.433349362245615,20.317942747434092,12.277378291164322
15.350504367686245,98.65435900600947,True,0.35674826216933053,0,0,2,0.075,0.075,0.07429676898373795,2.563743271981523,1.3633740970132,1.0498967725131323,-43.69414843917137,124.99148302226315,0.075,0.075,506,0,2,0,0.0,26.92999939953673,0.7081460800246411,RNG-38b94fa247ad,safe_range,selection_envelope,100353,NTSC,30,3,500000.0,,True,bars,0.7856824934927615,-57.31167477197684,14.905132278373603,21.01955158230064,12.689016803365817
15.134838865395325,96.09780108876296,True,1.3547402360860652,0,0,2,0.075,0.08624999999999998,0.05739529046523707,0.008960130874071463,2.951514973082709,1.1283851938101408,-45.8236742113796,113.2783406835995,0.075,0.08624999999999998,506,0,2,0,0.0,21.896647301342888,0.699535081738452,RNG-7b3e4c57c69a,safe_range,selection_envelope,100353,NTSC,30,3,500000.0,reference_detail,True,bars,0.720684396271601,-54.99740476756469,14.54712508736203,19.759392979008588,12.287494823777855
15.499922363276827,96.48820654898412,True,1.060460551469592,0,0,2,0.09375,0.1,0.06256419627971323,-0.06311139884540308,2.953311050095111,0.03849831901573006,-45.1023448386911,113.45524153225706,0.09375,0.1,506,0,2,0,0.0,23.123739770026397,0.7097963250782959,RNG-bc7ebb810656,safe_range,selection_envelope,100353,NTSC,30,3,500000.0,,True,bars,0.7240449382968213,-55.324149718164676,14.008937614583411,18.43614966058467,12.386595548919612
15.17716267776711,94.77518087037515,True,1.0469131491087313,0,0,2,0.075,0.08624999999999998,0.03470300302527624,4.4583915950801,2.4008345405119575,1.2835506355211397,-40.79395593753392,115.41604193705727,0.075,0.08624999999999998,506,0,2,0,0.0,22.049976455394727,0.7072850503902737,RNG-40d80848b1b8,safe_range,selection_envelope,100353,NTSC,30,3,500000.0,,True,bars,0.7320613618462561,-54.90867821483922,13.97311648364402,20.125921134712037,12.262683511759889
15.5153276330152,97.4190430996234,True,0.40491680389683504,0,0,2,0.1,0.08624999999999998,0.07854752344113199,2.5208178864513076,1.8825968774004647,-0.7618621535856733,-43.82653171334944,124.67674039022539,0.1,0.08624999999999998,506,0,2,0,0.0,26.485666728145773,0.7115292269510131,RNG-f8a5855a35ac,safe_range,selection_envelope,100353,NTSC,30,3,500000.0,,True,bars,0.7797937838296256,-56.324407922208984,14.74795260549332,20.94424015325379,12.566404699894534
15.97120560188097,96.34839442340059,True,0.7210228589835835,0,0,2,0.075,0.075,0.05767437899184404,1.7817497007115184,2.1734861472249207,-0.7293156918323238,-42.02271198952285,109.88353857347663,0.075,0.075,506,0,2,0,0.0,25.316554936446934,0.7319123738769027,RNG-49c57570d609,safe_range,selection_envelope,100353,NTSC,30,3,500000.0,,True,bars,0.830521081902508,-53.248235400121,11.393885970069245,15.62849159844303,12.167573114188484
15.318302320128677,96.20715028663498,True,0.5403908275054415,0,0,2,0.05,0.05,0.05248282233565765,3.6165834424667715,2.0813956258561417,-1.4307708824753194,-44.91992073863579,111.96727583140175,0.05,0.05,506,0,2,0,0.0,25.957465261915726,0.7064376176463523,RNG-98f7c31f7952,safe_range,selection_envelope,100353,NTSC,30,3,500000.0,,True,bars,0.908488743803858,-48.53613225912529,14.98887082139941,20.349243693463904,11.92592678732129
15.978265201747057,97.67960637405422,True,0.36637390213299875,0,0,2,0.05,0.05,0.019017894937896056,0.8378417953304709,0.8681986326122848,-1.1673878731903036,-61.27008636687423,117.8882127133257,0.05,0.05,610,0,2,0,0.0,27.289400145147354,0.7281888048325055,OVP56,safe_range,selection_envelope,100354,PAL,30,3,1500000.0,,True,bars,0.810501825777859,-60.42047389593334,10.342872757214554,22.585665936317604,11.782532610371833
16.09785702278447,97.63639605906653,True,0.37766624843161856,0,0,2,0.05,0.05,0.0193119346434305,1.0363235687074783,0.885379612241304,-1.2790321644453686,-57.216282262920956,117.78912753892253,0.05,0.05,610,0,2,0,0.0,28.05771002231273,0.7314316991010279,VLP56,safe_range,selection_envelope,100354,PAL,30,3,1500000.0,,True,bars,0.805664843778499,-60.330359567328166,10.077993432613402,20.365228848259,11.62149775688428
16.000866516424004,95.3771700805716,True,1.6398996235884566,0,0,2,0.05,0.05,0.020570749565947226,2.4622208367365914,1.890589492539314,-3.077002559786809,-50.44013517649829,102.73967389284583,0.05,0.05,610,0,2,0,0.0,24.4433431347491,0.7123307507097367,RANGE32,safe_range,selection_envelope,100354,PAL,30,3,1500000.0,,True,bars,0.7818682955273828,-60.26713067283388,10.375627086715646,23.511993225798623,11.547874197580354
-7.618913157720394,-73.53527842057736,False,665.483061480552,610,8,61,2.025,2.025,1000000.0,67.01273983903361,-8.603650970863475,-170.44349861922987,-79.52592333813517,50.27186733727558,1000000.0,1000000.0,610,610,2,1880,3.081967213114754,-7.694308360139955,-0.41702802857089155,PLL96-rejected-board,safe_range,selection_envelope,100354,PAL,30,3,1500000.0,contrast;waveform;detail_floor;sync;h_jitter_us;v_jitter_us;h_width_rmse_us;sync_error_ire;black_error_ire;white_error_ire;contrast;stress_waveform;reference_detail;burst_gain;burst_phase_jitter_deg;burst_amplitude_jitter_pct;burst_rmse_ire;h_missing;v_missing;vertical_trains;sync_error_ire;black_error_ire;white_error_ire,False,bars,0.22736108741564093,69.8124848363205,20.5726257183899,41.86344964755564,14.904859384075236
9.01824300150207,91.0235266122869,True,6.734002509410288,610,8,0,2.025,2.025,1000000.0,12.40017247795944,10.615116463474639,-8.167333717181503,-50.873872248260014,107.60772785774596,1000000.0,1000000.0,610,610,2,0,0.0,10.718821193392234,0.44101606097648816,PLL96-IQ-corrected,safe_range,selection_envelope,100354,PAL,30,3,1500000.0,waveform;detail_floor;sync;h_jitter_us;v_jitter_us;h_width_rmse_us;sync_error_ire;black_error_ire;white_error_ire;stress_waveform;reference_detail;burst_gain;burst_phase_jitter_deg;burst_amplitude_jitter_pct;burst_rmse_ire;h_missing;v_missing;vertical_trains;sync_error_ire;black_error_ire;white_error_ire,False,bars,0.20477039749532372,-110.29975176735934,19.224640244486178,39.822011347258126,17.28296950672395
21.72998813325382,96.6748337908207,True,0.0,0,0,2,0.025,0.025,0.020818300587326102,1.253415085522514,1.5183916664983534,-1.6263815042733618,-45.9084547279228,110.49597395437762,0.025,0.025,610,0,2,0,0.0,29.460737493151683,0.9259834612343134,floating-PLL-IQ40,safe_range,selection_envelope,100354,PAL,30,3,1500000.0,burst_gain,True,bars,0.4830786840497098,13.71212341409038,5.983382533784407,12.681677590207544,6.792733876563791
4.968437737682196,44.91071476653688,True,83.10351317440401,610,8,0,2.025,2.025,1000000.0,43.413231471121314,21.917460935241024,-29.967837828793822,-2.847128984820671,79.67364621342342,1000000.0,1000000.0,610,610,2,0,0.0,5.166699844758229,0.5844726645677027,HC50,safe_range,selection_envelope,100354,PAL,30,3,1500000.0,contrast;waveform;detail_floor;sync;h_jitter_us;v_jitter_us;h_width_rmse_us;sync_error_ire;black_error_ire;white_error_ire;contrast;stress_waveform;reference_detail;burst_gain;burst_rmse_ire;h_missing;v_missing;vertical_trains;sync_error_ire;black_error_ire;white_error_ire,False,bars,0.3968303517538646,98.74784007115551,10.021786848151724,24.553014495333137,25.956565357067596
11.971234635178774,93.1499065372116,True,4.107277289836889,0,0,2,0.125,0.1,0.05037767199926545,3.285760901349135,10.183316447569474,-6.518357757212603,-48.74414064895965,101.48727038163277,0.125,0.1,610,0,2,0,0.0,15.187306763287369,0.5430587955044606,PLL96-board-fixed,safe_range,selection_envelope,100354,PAL,30,3,1500000.0,waveform;detail_floor;black_error_ire;white_error_ire;stress_waveform;reference_detail;burst_gain;burst_phase_jitter_deg;burst_amplitude_jitter_pct;burst_rmse_ire;black_error_ire,True,bars,0.36676035669584556,-83.3678069949992,19.473564975825376,54.428485142417095,14.554482211716746
15.07914777734355,98.45351605248634,True,1.6994981179422837,0,0,2,0.05,0.05,0.02674254913852136,-1.0577250904096362,-0.44975328410173254,-2.9500439666226344,-51.321142807722005,108.35147924743644,0.05,0.05,610,0,2,0,0.0,21.620215205844033,0.6980174951722873,RNG-04aa945bc1b0,safe_range,selection_envelope,100354,PAL,30,3,1500000.0,,True,bars,0.7063894810880225,-60.25405769246401,11.394734912702923,31.230803505651654,11.33673577016906
15.326824949765657,96.9095918728256,True,1.6160602258469259,0,0,2,0.05,0.05,0.026278770338275026,-0.9165745414444184,0.0014858459493241644,-5.4863515535256715,-51.32073148062235,104.61231728489007,0.05,0.05,610,0,2,0,0.0,22.050445746440346,0.7008191325269498,RNG-cf72878d1543,safe_range,selection_envelope,100354,PAL,30,3,1500000.0,white_error_ire,True,bars,0.7123083091917641,-60.28332517842708,11.349785758922305,30.140404936728547,11.342523610660281
15.75293752749973,100.04070457629611,True,0.4504391468005019,0,0,2,0.05,0.05,0.026083095461475792,1.1805995555843474,-0.30071342321135164,-0.7880218796913006,-45.654125440033084,120.29822755720095,0.05,0.05,610,0,2,0,0.0,28.488296767549386,0.7211594046629225,RNG-38b94fa247ad,safe_range,selection_envelope,100354,PAL,30,3,1500000.0,,True,bars,0.7933615681996582,-60.397144212523685,10.69975310408418,27.464188667532024,11.738288912196642
15.220056997715844,96.10127207501878,True,1.889585947302384,0,0,2,0.075,0.05,0.02369547234887006,-0.5441291339547891,0.25650311055769787,-6.534087141387625,-51.66086736883251,102.95965573046881,0.075,0.05,610,0,2,0,0.0,21.478011325568566,0.6959289277239535,RNG-7b3e4c57c69a,safe_range,selection_envelope,100354,PAL,30,3,1500000.0,white_error_ire,True,bars,0.7031759839152998,-60.29780898094109,11.340432225743195,30.56806932061975,11.292226354675233
15.238035875967054,95.39239730444254,True,1.602258469259724,0,0,2,0.05,0.05,0.024690709741540105,-1.2645057473886547,0.6308071246173117,-8.066941173537735,-51.869900877808824,100.99341448348964,0.05,0.05,610,0,2,0,0.0,21.14673750619177,0.7006257377127696,RNG-bc7ebb810656,safe_range,selection_envelope,100354,PAL,30,3,1500000.0,white_error_ire,True,bars,0.718276052549003,-60.26752182830668,11.38578148654953,28.940306299189988,11.334988966531956
15.332086433753467,96.84701210529172,True,1.6072772898368883,0,0,2,0.05,0.05,0.02676169883602616,-0.8747298292343516,0.0022009254893288026,-5.511222012209343,-51.311366621621424,104.3617230122775,0.05,0.05,610,0,2,0,0.0,22.047028917831064,0.7010994856359576,RNG-40d80848b1b8,safe_range,selection_envelope,100354,PAL,30,3,1500000.0,white_error_ire,True,bars,0.7159128029663056,-60.27962334733494,11.385660543292381,30.20680513583735,11.355032456593415
15.833135217111465,97.83018306749193,True,0.534504391468005,0,0,2,0.05,0.05,0.02397488439945463,1.2438070652841107,-0.29229722320066953,-4.083855455810656,-47.955423809009105,115.15240900262783,0.05,0.05,610,0,2,0,0.0,26.678503825254978,0.7205200701498294,RNG-f8a5855a35ac,safe_range,selection_envelope,100354,PAL,30,3,1500000.0,,True,bars,0.7802384447585639,-60.403213300348355,10.725016489170446,26.964038625638548,11.643230314339771
16.000866516424004,95.3771700805716,True,1.6398996235884566,0,0,2,0.05,0.05,0.020570749565947226,2.4622208367365914,1.890589492539314,-3.077002559786809,-50.44013517649829,102.73967389284583,0.05,0.05,610,0,2,0,0.0,24.4433431347491,0.7123307507097367,RNG-49c57570d609,safe_range,selection_envelope,100354,PAL,30,3,1500000.0,,True,bars,0.7818682955273828,-60.26713067283388,10.375627086715646,23.511993225798623,11.547874197580354
15.58363589181949,96.57293971168527,True,0.987452948557089,0,0,2,0.05,0.05,0.022222791431689974,2.761705754170119,2.238229765974542,-1.3116864514225028,-52.574464754765884,109.21869496318912,0.05,0.05,610,0,2,0,0.0,26.673102391310696,0.6959313025890562,RNG-98f7c31f7952,safe_range,selection_envelope,100354,PAL,30,3,1500000.0,,True,bars,0.7709451048726088,-60.34139703903935,11.14071865044936,29.230090189428356,11.775992124857039
16.146762895902175,97.79253618133708,True,0.36126406295628405,0,0,2,0.05,0.036249999999999984,0.01872940238859724,0.738927648317383,0.8098016003428394,-1.1692699391054606,-61.34137373150975,119.11470169269087,0.05,0.036249999999999984,506,0,2,0,0.0,27.409917938352685,0.7488308257879982,OVP56,safe_range,selection_envelope,100354,NTSC,30,3,1500000.0,,True,bars,0.8736952912083333,-48.10040634746132,8.399068137050111,15.198286793358864,11.226107448233893
16.27146277516015,97.73807800377412,True,0.3800798995685905,0,0,2,0.05,0.025,0.018958817444484258,0.9627325685242459,0.8491037048855287,-1.2697289595454666,-57.28379587916565,117.37980323003409,0.05,0.025,506,0,2,0,0.0,28.167141758432983,0.7516570577150137,VLP56,safe_range,selection_envelope,100354,NTSC,30,3,1500000.0,,True,bars,0.8676774558166445,-48.17686843136848,7.930812349003208,12.713560215504597,11.07472730821607
16.09450728934732,95.44097965555717,True,1.694930562036566,0,0,2,0.05,0.05,0.019662417754100305,2.389742573765455,1.8704261508364322,-3.0943051342011056,-49.133562640347165,102.79802310914714,0.05,0.05,506,0,2,0,0.0,24.539519547174507,0.7292235924177903,RANGE32,safe_range,selection_envelope,100354,NTSC,30,3,1500000.0,,True,bars,0.8500424733315077,-48.20501166670847,7.649618129950243,15.611441861590711,11.058591064065554
-7.514912091372032,-73.57111222064594,False,662.8119289393588,506,12,48,2.025,2.025,1000000.0,67.04969094410147,-8.48309183318707,-170.51039006679966,-79.60641556569307,50.24568777971824,1000000.0,1000000.0,506,506,2,1546,3.0553359683794468,-7.5931921215913265,-0.39612647735178264,PLL96-rejected-board,safe_range,selection_envelope,100354,NTSC,30,3,1500000.0,contrast;waveform;detail_floor;sync;h_jitter_us;v_jitter_us;h_width_rmse_us;sync_error_ire;black_error_ire;white_error_ire;contrast;stress_waveform;reference_detail;burst_gain;burst_phase_jitter_deg;burst_amplitude_jitter_pct;burst_rmse_ire;h_missing;v_missing;vertical_trains;sync_error_ire;black_error_ire;white_error_ire,False,bars,0.29393984112660204,75.8360659515363,18.393212707149196,39.61282002699376,16.070388098845683
8.96891803627321,90.85679882586622,True,6.8617592957759195,506,12,0,2.025,2.025,1000000.0,12.345220863038685,10.387680638385245,-8.192576284280587,-50.94237167119027,108.3798203522009,1000000.0,1000000.0,506,506,2,0,0.0,10.792235826871018,0.41814247279796735,PLL96-IQ-corrected,safe_range,selection_envelope,100354,NTSC,30,3,1500000.0,waveform;detail_floor;sync;h_jitter_us;v_jitter_us;h_width_rmse_us;sync_error_ire;black_error_ire;white_error_ire;stress_waveform;reference_detail;burst_gain;burst_phase_jitter_deg;burst_amplitude_jitter_pct;burst_rmse_ire;h_missing;v_missing;vertical_trains;sync_error_ire;black_error_ire;white_error_ire,False,bars,0.26626990990565635,-103.94115928517077,18.314681808221213,34.84888206100705,18.04686625141119
22.059018360701444,96.7116522426076,True,0.0,0,0,2,0.025,0.025,0.02055312214821694,1.19663929572352,1.467790018615268,-1.6378027563836661,-46.37761432984875,109.19657304644979,0.025,0.025,506,0,2,0,0.0,29.549847768695678,0.9353461135680929,floating-PLL-IQ40,safe_range,selection_envelope,100354,NTSC,30,3,1500000.0,burst_gain,True,bars,0.5877384843100127,4.863792908326385,4.39710243739134,9.300344523173889,6.0897842223709855
4.948948269722175,44.93506430387416,True,88.70613275852207,506,12,0,2.025,2.025,1000000.0,43.39108441316857,21.879458287726358,-29.975208394890714,-2.893579354468443,79.65971682657967,1000000.0,1000000.0,506,506,2,0,0.0,5.143891191541881,0.6011017445939832,HC50,safe_range,selection_envelope,100354,NTSC,30,3,1500000.0,contrast;waveform;detail_floor;sync;h_jitter_us;v_jitter_us;h_width_rmse_us;sync_error_ire;black_error_ire;white_error_ire;contrast;stress_waveform;reference_detail;burst_gain;burst_rmse_ire;h_missing;v_missing;vertical_trains;sync_error_ire;black_error_ire;white_error_ire,False,bars,0.4290039937785728,80.76540874024131,7.9784560005507466,16.565057213680635,26.12453408244177
11.927824792095535,93.19275548866906,True,4.087552345657455,0,0,2,0.125,0.05,0.05284635421815016,3.2006395054714476,9.996362490317722,-6.506227755726814,-52.065314906280236,101.37393750638039,0.125,0.05,506,0,2,0,0.0,15.244632788714016,0.5424863111843171,PLL96-board-fixed,safe_range,selection_envelope,100354,NTSC,30,3,1500000.0,waveform;detail_floor;black_error_ire;white_error_ire;stress_waveform;reference_detail;burst_gain;burst_phase_jitter_deg;burst_amplitude_jitter_pct;burst_rmse_ire;black_error_ire,True,bars,0.48702220288764053,-74.62286234658848,15.378705929519285,45.77948346872738,16.108526335674373
15.154474044509055,98.46343659967852,True,1.730304334867702,0,0,2,0.05,0.036249999999999984,0.0253678471294706,-1.1336632977241168,-0.4983317463461462,-2.9664940504703137,-51.73175515035475,108.24829679721829,0.05,0.036249999999999984,506,0,2,0,0.0,21.68025263091915,0.7133689053357442,RNG-04aa945bc1b0,safe_range,selection_envelope,100354,NTSC,30,3,1500000.0,,True,bars,0.782185797257748,-48.206651598235744,9.10363749878982,21.442506230383067,10.933456205722068
15.402506028179639,96.96602584712144,True,1.6693410242438291,0,0,2,0.05,0.036249999999999984,0.024851336640235755,-0.9874930265542735,-0.09704487984694184,-5.511286232636024,-51.73175515035475,104.67169832873385,0.05,0.036249999999999984,506,0,2,0,0.0,22.116844782975633,0.7163927289038726,RNG-cf72878d1543,safe_range,selection_envelope,100354,NTSC,30,3,1500000.0,white_error_ire,True,bars,0.7839109187920315,-48.21886165213609,9.123703619109705,21.44281568955105,10.931084105088127
15.933104241813606,100.09922179236065,True,0.45910641334027763,0,0,2,0.05,0.061249999999999985,0.024851336640235755,1.0947153101012246,-0.3503847252381833,-0.7972385643769331,-45.71607367575554,120.27816529254999,0.05,0.061249999999999985,506,0,2,0,0.0,28.57850723405383,0.7421554500733829,RNG-38b94fa247ad,safe_range,selection_envelope,100354,NTSC,30,3,1500000.0,,True,bars,0.8552002281184095,-48.121183377848325,8.743150669456117,19.48046588381328,11.239120697828067
15.295646869012035,96.16394971050416,True,1.9199679679197512,0,0,2,0.05,0.036249999999999984,0.022884829364008003,-0.6216795825451257,0.17480438196939943,-6.552114755410747,-51.73241500465562,103.34233194343265,0.05,0.036249999999999984,506,0,2,0,0.0,21.5569854306015,0.7115728985185974,RNG-7b3e4c57c69a,safe_range,selection_envelope,100354,NTSC,30,3,1500000.0,white_error_ire,True,bars,0.7718589163520201,-48.20028390204238,9.189335209503644,20.860678115331602,10.877800557288936
15.316621985339111,95.49934324331505,True,1.6520304545605071,0,0,2,0.05,0.036249999999999984,0.023312620206007845,-1.3330472931325834,0.5840764689044966,-8.10163014684882,-51.30103616625912,100.98835715059614,0.05,0.036249999999999984,506,0,2,0,0.0,21.231360811426555,0.7163041199121886,RNG-bc7ebb810656,safe_range,selection_envelope,100354,NTSC,30,3,1500000.0,white_error_ire;white_error_ire,True,bars,0.7849412225254017,-48.19303023435409,9.196540268451807,21.238196670488936,10.901474150984109
15.407632479431816,96.90574124442124,True,1.6640725899923834,0,0,2,0.05,0.036249999999999984,0.025465042302078363,-0.9483639392190986,-0.0960532869572441,-5.537470800582498,-51.73175515035475,103.95482474038538,0.05,0.036249999999999984,506,0,2,0,0.0,22.112700530682865,0.7166749529065224,RNG-40d80848b1b8,safe_range,selection_envelope,100354,NTSC,30,3,1500000.0,white_error_ire,True,bars,0.788384818456209,-48.22326518395729,9.129929503715415,21.594517074925598,10.938913194562002
16.00735473822882,97.91303298506038,True,0.52985395900255,0,0,2,0.05,0.061249999999999985,0.02244888792724398,1.158849484714006,-0.3406373090467319,-4.099568902657732,-46.82975140014338,115.0822399603493,0.05,0.061249999999999985,506,0,2,0,0.0,26.738893406000628,0.7414530648340083,RNG-f8a5855a35ac,safe_range,selection_envelope,100354,NTSC,30,3,1500000.0,,True,bars,0.842670404893157,-48.12175514781945,8.809801698703032,19.158024189984133,11.16228981931384
16.09450728934732,95.44097965555717,True,1.694930562036566,0,0,2,0.05,0.05,0.019662417754100305,2.389742573765455,1.8704261508364322,-3.0943051342011056,-49.133562640347165,102.79802310914714,0.05,0.05,506,0,2,0,0.0,24.539519547174507,0.7292235924177903,RNG-49c57570d609,safe_range,selection_envelope,100354,NTSC,30,3,1500000.0,,True,bars,0.8500424733315077,-48.20501166670847,7.649618129950243,15.611441861590711,11.058591064065554
15.689010735959986,96.63753824472008,True,1.0122920097420876,0,0,2,0.05,0.025,0.021550565595138235,2.683261167885196,2.1962578613609076,-1.3181672735496162,-52.63581016958385,109.2171189719672,0.05,0.025,506,0,2,0,0.0,26.779358313385714,0.713645493279279,RNG-98f7c31f7952,safe_range,selection_envelope,100354,NTSC,30,3,1500000.0,,True,bars,0.8509967413351389,-48.22586825997007,9.57646278967306,20.196524315840072,11.299012957030243
