sinad,contrast,polarity_ok,large_errors,h_missing,v_missing,v_trains,h_jitter_us,v_jitter_us,h_width_rmse_us,sync_error_ire,black_error_ire,white_error_ire,raw_min,raw_max,h_jitter_matched_us,v_jitter_matched_us,h_expected,max_h_gap,expected_v_trains,luma_sinad,detail_corr,model,profile,stage,seed,standard,cnr,rms,cfo_hz,quality_failures,usable,burst_gain,burst_phase_deg,burst_phase_jitter_deg,burst_amplitude_jitter_pct,burst_rmse_ire
0.6950346034672756,55.28053953763148,True,219.92409033877038,610,8,0,2.025,2.025,1000000.0,35.61277084283905,14.018324151225281,-29.77980444617755,-94.2574531146949,149.61116681478177,1000000.0,1000000.0,610,610,2,5.508920642644549,0.11638127202723021,OVP56,range,final,40401,PAL,0,3,1000000.0,,False,,,,,
1.1352268747329899,63.12947361838075,True,166.4617314930991,531,8,0,2.025,2.025,3.455493470776971,31.569533004579416,4.748166428885195,-34.9033704044825,-72.97156322022092,133.68428875486194,1.8824999999999996,1000000.0,610,35,2,6.002994322424014,0.11674443747099739,RANGE32,range,final,40401,PAL,0,3,1000000.0,,False,,,,,
-6.779366894141462,-77.50994910313813,False,635.1568381430363,609,8,3,2.025,2.025,3.525,89.68114735668907,19.425287959775762,-148.3193279605895,-77.06279561965626,137.54427029537058,1.525,1000000.0,610,373,2,-6.667348663322256,-0.1008483517640342,PLL96-rejected-board,range,final,40401,PAL,0,3,1000000.0,,False,,,,,
2.589609940616718,84.76265886712302,True,115.46863237139273,391,5,0,2.025,2.025,3.2911809652644024,12.127241221104807,3.444071480154805,-11.784732757050827,-77.77152582577716,138.33759468411452,1.9024999999999999,0.635,610,16,2,5.463099379921754,0.10040716787620226,PLL96-IQ-corrected,range,final,40401,PAL,0,3,1000000.0,,False,,,,,
5.821655318441264,92.24912310170814,True,40.153074027603516,495,7,0,2.025,2.025,3.4431603594473446,4.819438494446401,1.440804097030848,-7.7249497650916945,-80.79389305006657,140.88014053635044,1.89,1.85,610,22,2,13.350874675879025,0.25881478002479674,floating-PLL-IQ40,range,final,40401,PAL,0,3,1000000.0,,False,,,,,
0.8024398840205782,31.819442842647536,True,221.51693851944793,610,8,0,2.025,2.025,1000000.0,52.767574284993344,27.002490859732966,-41.44297066384015,-85.4323362653953,142.36791232870388,1000000.0,1000000.0,610,610,2,2.8002508083483346,0.07469406529215658,HC50,range,final,40401,PAL,0,3,1000000.0,,False,,,,,
0.1229171917766689,69.42115441923782,True,198.66750313676286,429,5,0,2.025,2.025,3.3868515056829644,17.785510580177693,2.4761696099987596,-30.530161917439948,-84.6490902653548,129.1458298579633,1.825,1.17,610,13,2,3.7793237018141053,0.08400722962681449,PLL96-board-fixed,range,final,40401,PAL,0,3,1000000.0,,False,,,,,
4.505758800021085,82.0894002274748,True,73.50878293601004,95,0,0,2.025,1.0624999999999998,2.8863032341081736,5.164554724561778,3.7531419634119154,-24.507767630945008,-72.31920394900807,134.80519741501794,1.75,1.0624999999999998,610,3,2,7.232581005965888,0.11331129112329738,RNG-f96c6225fc10,range,final,40401,PAL,0,3,1000000.0,,False,,,,,
2.6910512855248987,68.77688908733964,True,134.4366373902133,610,8,0,2.025,2.025,1000000.0,26.08376757502373,9.380490730152093,-21.22093531666123,-83.19056533779028,148.48105648506083,1000000.0,1000000.0,610,610,2,8.460297315516375,0.17322609932320282,OVP56,range,final,40401,PAL,2,3,1000000.0,,False,,,,,
3.2182138047059166,77.24747961306645,True,91.5138017565872,341,5,0,2.025,2.025,3.2543379685249194,19.610684913025104,2.9956640753456565,-23.137422062386886,-71.28198751479066,130.87986401356062,1.875,1.7974999999999999,610,11,2,9.292478636328674,0.17055520478604264,RANGE32,range,final,40401,PAL,2,3,1000000.0,,False,,,,,
-6.753230737897735,-81.92779777578048,False,618.745294855709,610,8,8,2.025,2.025,1000000.0,89.76774161991419,20.507783504217265,-153.68142158247704,-75.60328743520418,135.3286596432958,1000000.0,1000000.0,610,610,2,-6.720536881448186,-0.16426758720223086,PLL96-rejected-board,range,final,40401,PAL,2,3,1000000.0,,False,,,,,
5.568199952701617,89.65971263705165,True,47.75156838143036,404,6,0,2.025,2.025,3.339610392368477,10.736980843173496,1.954014064784661,-7.000314656665748,-75.03038096297526,136.17268128948666,1.86875,0.62375,610,9,2,9.697816804936927,0.1666008381494129,PLL96-IQ-corrected,range,final,40401,PAL,2,3,1000000.0,,False,,,,,
8.164735574213042,94.34951861097196,True,11.364491844416563,362,5,0,2.025,2.025,3.3514621267585247,3.9082225357976372,1.499661580617874,-4.336463575587673,-79.97512260041088,138.65567533901663,1.85,1.8125,610,11,2,19.078387103880146,0.3651893577306866,floating-PLL-IQ40,range,final,40401,PAL,2,3,1000000.0,,False,,,,,
2.0903363244316626,38.08835311837576,True,164.79987452948558,610,8,0,2.025,2.025,1000000.0,50.7684544869112,27.253206109080107,-34.50686553233429,-77.51551307006375,133.51207653397103,1000000.0,1000000.0,610,610,2,3.62616777874702,0.11372961419497472,HC50,range,final,40401,PAL,2,3,1000000.0,,False,,,,,
2.7070342686093025,81.4731451565753,True,103.06148055207026,259,3,0,2.025,2.025,3.2103021487143364,9.817950060766568,0.07525123914472459,-21.583163138766874,-83.24661351565541,129.16834846502672,1.8875,1.845,610,10,2,7.015939687571231,0.13444442859577166,PLL96-board-fixed,range,final,40401,PAL,2,3,1000000.0,,False,,,,,
6.687742457221453,87.22506807845996,True,34.61668757841907,29,0,0,1.8912499999999968,1.0975,2.4963200109853956,2.932117501744083,1.5177273244947533,-18.477932540679824,-67.14335525244289,129.26262122667646,1.425,1.0975,610,1,2,10.345141495923567,0.17679915559486836,RNG-f96c6225fc10,range,final,40401,PAL,2,3,1000000.0,,False,,,,,
5.012590814762005,80.77127031200688,True,64.85821831869511,598,8,0,2.025,2.025,3.5446262144265646,16.956582630147683,5.020602658122723,-13.78743465017743,-85.93106988931046,145.21796789594467,1.925,1000000.0,610,127,2,12.408994982172306,0.251021782085644,OVP56,range,final,40401,PAL,4,3,1000000.0,,False,,,,,
5.788458702903146,88.6757691996259,True,39.60664993726475,82,2,0,2.025,2.025,2.821133424237231,8.847256116184974,1.6916526243552847,-12.071748444910432,-69.64022953478131,131.53136976716345,1.7,1.525,610,3,2,13.898758186597016,0.24877118892508276,RANGE32,range,final,40401,PAL,4,3,1000000.0,,False,,,,,
-6.787508173609456,-84.36432356584852,False,611.1411543287327,610,8,41,2.025,2.025,1000000.0,88.65197308925238,21.359261465467792,-156.95580410096855,-74.36405843839212,134.08473510531877,1000000.0,1000000.0,610,610,2,-6.8022280025081,-0.24620642071286775,PLL96-rejected-board,range,final,40401,PAL,4,3,1000000.0,,False,,,,,
7.9863357250500675,93.14565138322874,True,17.19447929736512,411,5,0,2.025,2.025,3.415798905205636,10.747398808931113,0.05352770435002783,-3.7267191226487077,-75.05675408246341,136.05564258240852,1.9,1.385,610,14,2,13.227061721360943,0.2427069379387249,PLL96-IQ-corrected,range,final,40401,PAL,4,3,1000000.0,,False,,,,,
10.086780537231071,96.02964098591035,True,2.3143036386449185,153,1,0,2.025,1.9287499999999997,3.122636524180235,2.511132829198339,1.2081268266747458,-2.419362678453776,-78.15958534755413,134.7015532359254,1.8,1.5699999999999996,610,5,2,23.476582988864898,0.4629364494387263,floating-PLL-IQ40,range,final,40401,PAL,4,3,1000000.0,,False,,,,,
3.2365553506268836,42.67143874977307,True,122.32120451693852,610,8,0,2.025,2.025,1000000.0,49.28862356389452,27.095712216329403,-29.032028115874436,-78.26756664543704,128.1621207316208,1000000.0,1000000.0,610,610,2,4.244749676318296,0.17548113708740415,HC50,range,final,40401,PAL,4,3,1000000.0,,False,,,,,
5.764943541858266,91.07611112063105,True,40.73337515683814,68,2,0,2.025,2.025,2.8073434689041035,3.3229888907264846,-1.7514668568833789,-14.342121319267173,-85.575102347224,127.50725613057273,1.5987499999999983,1.6625,610,4,2,10.92890172390624,0.21476060425331783,PLL96-board-fixed,range,final,40401,PAL,4,3,1000000.0,,False,,,,,
8.550873814257896,91.52852527893312,True,16.134253450439147,6,0,1,1.075,0.9237499999999997,1.777229618224398,0.4995675141309625,-0.7069355995667126,-14.457996151277657,-67.94291409634025,130.47789853619472,1.0,0.9237499999999997,610,1,2,13.010578386615986,0.24744381237591248,RNG-f96c6225fc10,range,final,40401,PAL,4,3,1000000.0,,False,,,,,
7.38602584854687,87.8630043223515,True,22.286700125470517,560,8,0,2.025,2.025,3.4685245422225286,10.946845843641054,2.7704193422951007,-9.354454384385404,-80.66378914174376,138.4698153128349,1.8524999999999998,1000000.0,610,36,2,16.492354998009834,0.3379617571178372,OVP56,range,final,40401,PAL,6,3,1000000.0,,False,,,,,
8.481009179971231,93.77237566731634,True,12.731493099121705,5,0,1,1.1387499999999988,1.0799999999999998,2.0091775485226795,3.539454560219404,1.7139963215675735,-5.649799901896322,-63.448348257140374,127.32865414196714,1.05,1.0799999999999998,610,1,2,19.027484131916705,0.3426275110103545,RANGE32,range,final,40401,PAL,6,3,1000000.0,,False,,,,,
-6.742437750778111,-84.08049033829099,False,606.5075282308658,610,8,52,2.025,2.025,1000000.0,86.93492267229328,22.242883789520278,-157.1507939945844,-73.13166553517365,135.57957568734815,1000000.0,1000000.0,610,610,2,-6.776246666255586,-0.3000236009515294,PLL96-rejected-board,range,final,40401,PAL,6,3,1000000.0,,False,,,,,
9.138959942990105,94.04942212398305,True,8.014429109159348,477,6,0,2.025,2.025,3.5007705918614698,12.335661987846413,-0.6590657247171341,-2.9220759241157994,-74.00459540678945,132.73627145364065,1.9,0.7775,610,22,2,14.196018233962741,0.29516805881861147,PLL96-IQ-corrected,range,final,40401,PAL,6,3,1000000.0,,False,,,,,
11.975594884304083,96.0261919846414,True,0.32936010037641156,33,1,0,2.025,1.8849999999999998,2.688718890493585,2.2658135495688225,1.4172813779058422,-1.9537634004769004,-69.99134385412553,131.7061560079748,1.4049999999999983,1.61,610,2,2,25.691673261648038,0.5563657643454515,floating-PLL-IQ40,range,final,40401,PAL,6,3,1000000.0,,False,,,,,
3.89898826603366,44.31841881781092,True,100.15244667503137,610,8,0,2.025,2.025,1000000.0,49.025411817431355,27.076906476943964,-26.53822518976464,-63.430504061303964,119.31531850097512,1000000.0,1000000.0,610,610,2,4.487552820347006,0.2583244723706415,HC50,range,final,40401,PAL,6,3,1000000.0,,False,,,,,
8.662040567231754,95.77118485336828,True,13.0702634880803,12,0,0,1.55,0.9387499999999999,2.2932249440063024,0.5764561245936578,-2.4473511582487535,-10.117899933845697,-80.88502608334748,119.45251342056817,1.2537499999999995,0.93875,610,1,2,14.704411349776255,0.3090159496625848,PLL96-board-fixed,range,final,40401,PAL,6,3,1000000.0,,False,,,,,
9.862046570729778,93.01344416103643,True,9.141154328732748,0,0,2,0.65,0.7749999999999995,1.1193340928763895,0.09305190670590911,-1.8065964703656956,-12.81449650100927,-61.59810597708029,128.78434359624134,0.65,0.7749999999999995,610,0,2,14.482515060945776,0.31417084503866805,RNG-f96c6225fc10,range,final,40401,PAL,6,3,1000000.0,,False,,,,,
9.42685930236155,91.53125158494133,True,5.512547051442911,396,5,0,2.025,2.025,3.396406240494104,7.4174496901640685,2.0110102708420965,-6.5506210293195295,-73.14587887252262,134.33979489130274,1.9,1.43,610,10,2,19.93732318462866,0.42188007275577744,OVP56,range,final,40401,PAL,8,3,1000000.0,,False,,,,,
10.61511276239898,95.11741597332993,True,3.7245922208281055,0,0,2,0.30249999999999777,0.15624999999999994,1.0966173772702799,2.0236195006053284,2.135529747748832,-3.1179578125066842,-59.66499967199239,124.72814170595463,0.3024999999999977,0.15624999999999994,610,0,2,22.889699381486466,0.4317645844213797,RANGE32,range,final,40401,PAL,8,3,1000000.0,,False,,,,,
-6.687514452192368,-83.24289437835752,False,604.2396486825596,610,8,55,2.025,2.025,1000000.0,85.44604205975627,22.933760745000633,-156.62571856343402,-71.65566672262868,124.69764930698982,1000000.0,1000000.0,610,610,2,-6.7281998997806225,-0.3276338373611325,PLL96-rejected-board,range,final,40401,PAL,8,3,1000000.0,,False,,,,,
9.438715948197187,94.44814859599992,True,6.043287327478042,506,7,0,2.025,2.025,3.54397850640296,14.05560742333667,-0.9937939686440977,-2.5735347906241564,-67.74574232200949,128.61050541205873,1.8,0.1,610,25,2,13.785926939431878,0.325543891044552,PLL96-IQ-corrected,range,final,40401,PAL,8,3,1000000.0,,False,,,,,
13.748685501082822,95.7096636145326,True,0.03638644918444166,3,0,0,0.8887499999999989,1.1112499999999992,2.0478262775275775,2.4265630991528386,1.7866684552882854,-1.7716618367379064,-66.48988568972572,127.95680025600204,0.875,1.1112499999999994,610,1,2,26.30104103757764,0.6416785062153051,floating-PLL-IQ40,range,final,40401,PAL,8,3,1000000.0,,False,,,,,
4.131216949870323,44.48905361261643,True,91.99686323713928,610,8,0,2.025,2.025,1000000.0,49.22712517890917,27.208901334823477,-25.81499025037306,-37.68180631921066,113.29599088412299,1000000.0,1000000.0,610,610,2,4.509383701042639,0.3371330343426784,HC50,range,final,40401,PAL,8,3,1000000.0,,False,,,,,
10.420568592929797,97.7517776412225,True,5.44228356336261,7,0,0,1.3024999999999978,1.3212499999999998,2.1980748304366267,0.5422022384700365,-2.396773703482269,-7.43598200629803,-80.40704477601724,115.96275412317247,1.15,1.3212499999999998,610,1,2,16.879716114826103,0.3792022001254878,PLL96-board-fixed,range,final,40401,PAL,8,3,1000000.0,,False,,,,,
10.572820453144141,93.3400941553452,True,7.264742785445421,0,0,2,0.275,0.15,0.7590424835299265,0.48723252440833403,-2.4330505912754115,-12.310477391209034,-60.74497964257522,118.51664421145104,0.275,0.15,610,0,2,14.976214073838975,0.3579684402079424,RNG-f96c6225fc10,range,final,40401,PAL,8,3,1000000.0,,False,,,,,
11.045140225703937,93.70369819647607,True,1.4222082810539523,160,2,0,2.025,2.025,3.108514740014737,4.992548957960003,1.7009455842129282,-4.758981467549952,-69.53880264085284,131.2629030889554,1.875,1.53125,610,4,2,22.567466396444228,0.4957405674255759,OVP56,range,final,40401,PAL,10,3,1000000.0,,False,,,,,
12.061308537856574,95.41501479406514,True,1.78732747804266,0,0,2,0.11374999999999887,0.12374999999999996,0.4728770505300853,1.641002573672253,2.2700331098788147,-2.501668959058261,-53.512338800409,113.39087037877977,0.11374999999999887,0.12374999999999996,610,0,2,24.004850718609877,0.5042724955365488,RANGE32,range,final,40401,PAL,10,3,1000000.0,,True,,,,,
-6.663710291873843,-82.67685190989224,False,603.9805520702635,610,8,57,2.025,2.025,1000000.0,84.33256330769137,23.225665894772686,-156.30548145149712,-69.4772686707092,82.97810886769258,1000000.0,1000000.0,610,610,2,-6.706792733961137,-0.342688395085839,PLL96-rejected-board,range,final,40401,PAL,10,3,1000000.0,,False,,,,,
9.39643708564127,95.01026727364066,True,5.902760351317441,539,6,0,2.025,2.025,3.5751760520031595,15.149558294167614,-1.1679486039322906,-2.3917671421883346,-68.16195029303279,125.55827028974102,1.775,1.5725,610,41,2,13.161287096624815,0.3399990675624634,PLL96-IQ-corrected,range,final,40401,PAL,10,3,1000000.0,,False,,,,,
15.377696638604528,95.72800919843603,True,0.0012547051442910917,0,0,2,0.075,0.04124999999999999,1.1295636035328995,2.29038272295573,1.8940749212807586,-1.6116340612866031,-62.90095686233025,125.37655860636463,0.075,0.04124999999999999,610,0,2,26.832591419623064,0.7168807172408693,floating-PLL-IQ40,range,final,40401,PAL,10,3,1000000.0,,False,,,,,
4.217342394389413,44.42498369771365,True,89.57277289836888,610,8,0,2.025,2.025,1000000.0,49.255215731949214,27.216945972990576,-25.76862417326387,-16.148309008305418,102.15647091798047,1000000.0,1000000.0,610,610,2,4.50495876966152,0.3947615228390232,HC50,range,final,40401,PAL,10,3,1000000.0,,False,,,,,
11.188557500351145,98.5604803777107,True,4.10978670012547,11,1,1,1.452499999999998,1.7974999999999997,2.150077647392382,1.455378758475536,-2.1848553554213344,-5.7711941468116645,-68.51473412429776,114.65321956266632,1.1850000000000023,1.052499999999999,610,1,2,17.525138961123588,0.4170781049354063,PLL96-board-fixed,range,final,40401,PAL,10,3,1000000.0,,False,,,,,
10.992789587314764,93.73563372249531,True,6.547051442910917,0,0,2,0.18874999999999886,0.14125,0.300987105545932,0.7183932622244813,-3.0134332769506575,-11.882171148185682,-59.6521995931919,116.9737099765311,0.18874999999999886,0.14125,610,0,2,15.247087003262576,0.3899754943785601,RNG-f96c6225fc10,range,final,40401,PAL,10,3,1000000.0,,True,,,,,
12.35496356671824,95.32727528454933,True,0.6787954830614805,31,0,0,2.0024999999999977,0.34874999999999995,2.6300726133779575,3.0528308673856133,1.4210389088149658,-3.3910533277100456,-67.66744461825556,126.99029360029246,1.6,0.34875,610,1,2,24.822837131889315,0.5578441169763412,OVP56,range,final,40401,PAL,12,3,1000000.0,,False,,,,,
13.16015251933907,95.70735695226662,True,1.3111668757841908,0,0,2,0.1,0.12374999999999996,0.2011544549695541,1.377188547162029,2.1940591666372793,-2.261637790421907,-51.167740134481456,111.90554196262391,0.1,0.12374999999999996,610,0,2,24.506076965867848,0.563319571991052,RANGE32,range,final,40401,PAL,12,3,1000000.0,,True,,,,,
-6.66404205831491,-82.49099015629815,False,604.3889585947302,610,8,56,2.025,2.025,1000000.0,83.67173095234718,23.2645543933545,-156.30491110369687,-69.80437299750275,78.25867722651572,1000000.0,1000000.0,610,610,2,-6.7085583649074065,-0.35067522700231296,PLL96-rejected-board,range,final,40401,PAL,12,3,1000000.0,,False,,,,,
9.30264949562915,95.76696241548909,True,5.916562107904642,546,6,0,2.025,2.025,3.6238562311955755,15.667717442673737,-1.3327413209348236,-2.0518450993311625,-54.95088433871221,122.99621781665002,1.7,1.4774999999999998,610,47,2,12.683866157181651,0.3500400529407489,PLL96-IQ-corrected,range,final,40401,PAL,12,3,1000000.0,,False,,,,,
16.86055547924019,96.02509772795833,True,0.0,0,0,2,0.05,0.025,0.45122329174854603,1.9799650390071968,1.832633460893649,-1.374439095245221,-59.13975130266422,124.16764213395771,0.05,0.025,610,0,2,27.61237488277658,0.7792745302101995,floating-PLL-IQ40,range,final,40401,PAL,12,3,1000000.0,,True,,,,,
4.277443669552215,44.48607156030709,True,89.0,610,8,0,2.025,2.025,1000000.0,49.147785452175114,27.17508199220913,-25.703426936341447,-9.255315841841238,91.61585715894142,1000000.0,1000000.0,610,610,2,4.516068229827907,0.44297851436185687,HC50,range,final,40401,PAL,12,3,1000000.0,,False,,,,,
11.554232182059659,98.95332427294944,True,3.9849435382685066,4,0,0,1.025,1.305,1.9659676695937267,2.521351014317868,-2.0702349374972875,-4.517943647824796,-63.83921222367744,112.29053488867254,1.025,1.305,610,1,2,17.633257746296735,0.440253640937151,PLL96-board-fixed,range,final,40401,PAL,12,3,1000000.0,,False,,,,,
11.223464515141476,94.30832754466549,True,6.182559598494354,0,0,2,0.175,0.14125,0.09152622127198232,0.6946956498254864,-3.6129013956273694,-11.378790917633431,-56.732917637446405,113.44855245465081,0.175,0.14125,610,0,2,15.389844121997392,0.40983719678734987,RNG-f96c6225fc10,range,final,40401,PAL,12,3,1000000.0,,True,,,,,
13.407658556659861,96.30758389567754,True,0.5250941028858218,1,0,0,0.8387499999999989,0.45624999999999993,1.8988804929317644,1.7947070740192899,1.2486277788859297,-2.533763769877246,-65.91534091200278,131.41699485262563,0.825,0.45624999999999993,610,1,2,26.351911238058413,0.6079055571268379,OVP56,range,final,40401,PAL,14,3,1000000.0,,False,,,,,
14.024490166503494,95.76593761338971,True,1.198870765370138,0,0,2,0.075,0.12374999999999996,0.153233588964317,1.3219696393542053,2.1261970924920446,-2.3242077847120504,-50.85024316521383,112.16737928631872,0.075,0.12374999999999996,610,0,2,24.745161977060377,0.6105819159157915,RANGE32,range,final,40401,PAL,14,3,1000000.0,,True,,,,,
-6.663891125515258,-82.34759572655996,False,604.9422835633627,610,8,56,2.025,2.025,1000000.0,83.31782615101643,23.144907937377766,-156.25679766926936,-70.00185839875496,78.31198604433109,1000000.0,1000000.0,610,610,2,-6.709262211721688,-0.35530006261067293,PLL96-rejected-board,range,final,40401,PAL,14,3,1000000.0,,False,,,,,
9.19608397326337,96.34770434862463,True,5.99435382685069,559,6,0,2.025,2.025,3.6431930215343877,15.944257585203456,-1.2486478866862305,-1.8763335818202949,-54.97440074249187,123.17963966006678,1.95,1.4774999999999998,610,38,2,12.315552264829371,0.35742893610132,PLL96-IQ-corrected,range,final,40401,PAL,14,3,1000000.0,,False,,,,,
18.1433779449048,96.18489974150675,True,0.0,0,0,2,0.025,0.025,0.045986455596845645,1.806525847276853,1.7946547731360782,-1.2570874608708797,-56.7575225938152,121.58686278012837,0.025,0.025,610,0,2,28.099057450252513,0.8273230903389164,floating-PLL-IQ40,range,final,40401,PAL,14,3,1000000.0,,True,,,,,
4.313126524230933,44.5065150740678,True,88.92095357590966,610,8,0,2.025,2.025,1000000.0,49.072400275034425,27.15036690530973,-25.680740509359055,-4.619762309452781,90.70015327881777,1000000.0,1000000.0,610,610,2,4.521308727529397,0.4827126843207563,HC50,range,final,40401,PAL,14,3,1000000.0,,False,,,,,
11.778642162576883,98.74420533953307,True,3.909661229611041,6,1,0,1.375,1.7799999999999996,2.111562255128834,3.6601457648894526,-1.7742085194084751,-3.7469250333493234,-61.39733646292851,112.13968258145607,1.1600000000000024,0.9499999999999991,610,1,2,17.667170137971194,0.45501799516143276,PLL96-board-fixed,range,final,40401,PAL,14,3,1000000.0,,False,,,,,
11.311969075748676,94.6138866874039,True,6.102258469259724,0,0,2,0.175,0.14125,0.07118723867955318,0.721700057811951,-3.986141584618862,-11.182356809619261,-56.87854296541369,113.70093625027255,0.175,0.14125,610,0,2,15.353697954531526,0.4203282018099462,RNG-f96c6225fc10,range,final,40401,PAL,14,3,1000000.0,,True,,,,,
14.809740869096654,97.18925318726119,True,0.4115432873274781,0,0,2,0.05,0.04124999999999999,0.5564285263338256,0.656403763383932,1.1604249202355876,-1.6502391730708608,-63.225774169140976,127.02510119260943,0.05,0.04124999999999999,610,0,2,27.666710708894207,0.6742959115903558,OVP56,range,final,40401,PAL,18,3,1000000.0,,False,,,,,
15.168511219125127,95.64962134135527,True,1.0388958594730238,0,0,2,0.075,0.06624999999999999,0.04274159873349477,1.3769555010870558,2.0314521182340277,-2.7381347770448605,-50.963709505546525,108.47033383090486,0.075,0.06624999999999999,610,0,2,25.00003241180653,0.6732705567979975,RANGE32,range,final,40401,PAL,18,3,1000000.0,,True,,,,,
-6.669410842518401,-82.38443506450068,False,606.1060225846926,610,8,58,2.025,2.025,1000000.0,83.51721550621615,22.88907259173706,-156.20475559234254,-67.96488307034708,75.75489083135137,1000000.0,1000000.0,610,610,2,-6.715171245827066,-0.3594284080552574,PLL96-rejected-board,range,final,40401,PAL,18,3,1000000.0,,False,,,,,
9.026069915351847,97.45544822387089,True,6.134880803011293,583,6,0,2.025,2.025,3.665088044013454,15.55253080109357,-1.1226475764738943,-1.6805778802344677,-53.46477133196909,119.28957338917819,1.985,1.4774999999999998,610,91,2,11.86528611281343,0.36449913464513184,PLL96-IQ-corrected,range,final,40401,PAL,18,3,1000000.0,,False,,,,,
19.984631678574388,96.33678440105803,True,0.0,0,0,2,0.025,0.025,0.02079367810610542,1.6618489372601133,1.7477863017808133,-1.1445369723180718,-51.77971792205746,115.3488198960187,0.025,0.025,610,0,2,28.623632170238107,0.885376804515928,floating-PLL-IQ40,range,final,40401,PAL,18,3,1000000.0,,True,,,,,
4.346036539580208,44.50265724143898,True,88.87829360100376,610,8,0,2.025,2.025,1000000.0,48.99281326052678,27.139347689861097,-25.662815202924918,-1.2922655742686047,87.39213506032026,1000000.0,1000000.0,610,610,2,4.523630734673372,0.5344415132098946,HC50,range,final,40401,PAL,18,3,1000000.0,,False,,,,,
11.977316448606793,98.0798001447245,True,3.789836888331242,29,1,0,1.9299999999999955,1.7624999999999995,2.4278573226204463,5.025611464894863,-1.208529430926033,-2.953720550234808,-60.50122327177601,111.56731720219553,1.575,0.9149999999999991,610,1,2,17.535135041151282,0.47262740517965235,PLL96-board-fixed,range,final,40401,PAL,18,3,1000000.0,,False,,,,,
11.381078948797281,94.94238713098589,True,5.962986198243413,0,0,2,0.15,0.11624999999999999,0.0710792100290982,0.7416882349891813,-4.372489499631484,-10.979316927558767,-55.76647339710475,113.6343609276917,0.15,0.11624999999999999,610,0,2,15.306575305963188,0.4300147881750669,RNG-f96c6225fc10,range,final,40401,PAL,18,3,1000000.0,,True,,,,,
15.482721801721189,97.4811770003914,True,0.3594730238393978,0,0,2,0.05,0.04124999999999999,0.15151556756028323,0.28664887015337354,1.0922182186248572,-1.3608871017488007,-59.745295061853746,124.52256333809741,0.05,0.04124999999999999,610,0,2,28.04583400177814,0.7052407528352338,OVP56,range,final,40401,PAL,22,3,1000000.0,,True,0.8268542974183818,-60.442679448752976,16.190894627873167,25.87787711731234,12.144744890484713
15.703862219161069,95.63021227784394,True,0.965495608531995,0,0,2,0.05,0.05,0.04122857118512856,1.3451495694151892,1.960530509183063,-2.929221662980619,-49.411869937356904,107.68399630162283,0.05,0.05,610,0,2,25.13459892079232,0.7021610630574583,RANGE32,range,final,40401,PAL,22,3,1000000.0,,True,0.7936524261246298,-61.760606822419845,16.037522904336857,24.6201855799562,12.042934466465628
-6.676935004378239,-82.61614652231358,False,607.1003764115433,610,8,58,2.025,2.025,1000000.0,84.23497714463915,22.720167212536527,-156.20739553199078,-67.77530555499227,70.10850061594236,1000000.0,1000000.0,610,610,2,-6.722395147261374,-0.36052306064221395,PLL96-rejected-board,range,final,40401,PAL,22,3,1000000.0,contrast;waveform;detail_floor;sync;h_jitter_us;v_jitter_us;h_width_rmse_us;sync_error_ire;black_error_ire;white_error_ire,False,0.32283177442562694,64.73895394446039,25.775271727844903,35.20629785894715,28.76133725699533
8.949305742444954,98.23502096265705,True,6.1562107904642405,603,8,0,2.025,2.025,3.689306458246203,14.84726783550199,-1.1193373407269385,-1.6001722971287895,-47.27314050631021,111.48895474078749,1.55,1000000.0,610,244,2,11.685705372627979,0.367882909648894,PLL96-IQ-corrected,range,final,40401,PAL,22,3,1000000.0,waveform;sync;h_jitter_us;v_jitter_us;h_width_rmse_us,False,0.37370658191272277,-112.77288762780452,26.028579416700286,34.40838842759769,16.892532001845673
20.96584327095821,96.39283475659511,True,0.0,0,0,2,0.025,0.025,0.0197058283797243,1.6353626012749678,1.7307207425945736,-1.0836449483582615,-48.811732610771216,113.25918260780905,0.025,0.025,610,0,2,28.834840475997865,0.9109873548784211,floating-PLL-IQ40,range,final,40401,PAL,22,3,1000000.0,,True,0.48829280597628716,13.41835872141212,10.204194372820105,18.53475237965444,7.010875950823213
4.358889202584273,44.503689719795155,True,88.75094102885822,610,8,0,2.025,2.025,1000000.0,48.95574889126412,27.148926049870216,-25.622450436016674,1.0740502770984932,84.64726613606156,1000000.0,1000000.0,610,610,2,4.524520477725181,0.5595732897920666,HC50,range,final,40401,PAL,22,3,1000000.0,contrast;waveform;sync;h_jitter_us;v_jitter_us;h_width_rmse_us;sync_error_ire;black_error_ire;white_error_ire,False,0.4122136294600471,98.58786293659847,14.729413047572445,22.452932303525255,30.72344098517761
11.972895701001091,97.44600775557112,True,3.690715181932246,0,0,2,0.425,0.15624999999999994,0.12657208145273857,5.599455670615821,-0.822170490735264,-2.7270869463808385,-58.193208328345015,111.44140143142839,0.425,0.15624999999999994,610,0,2,17.212704881655956,0.4794499996337364,PLL96-board-fixed,range,final,40401,PAL,22,3,1000000.0,,True,0.4300163955378904,-99.68144944058196,25.20650963509206,34.073186125153605,15.500435024374548
11.367191151170484,95.0170633083928,True,6.030740276035132,0,0,2,0.125,0.10749999999999997,0.07033293191297665,0.7326861758583793,-4.508133312395464,-11.00427713780111,-55.04901979821389,113.67338219889957,0.125,0.10749999999999997,610,0,2,15.189367317845194,0.43321070698277375,RNG-f96c6225fc10,range,final,40401,PAL,22,3,1000000.0,,True,0.24309737315377178,-70.45913066307244,34.75675582040267,64.50600217347557,14.155895053728752
15.916861211206774,97.56563720522114,True,0.3199498117942283,0,0,2,0.05,0.04124999999999999,0.021111530529818897,0.13580284203686604,1.0905559438345545,-1.2776672875588968,-54.826342174917265,124.25970239500863,0.05,0.04124999999999999,610,0,2,28.182462767291515,0.7248089541826029,OVP56,range,final,40401,PAL,30,3,1000000.0,,True,0.8067549953391437,-60.27623164893147,15.753848923678602,27.77766615991259,11.989769801472704
16.039747836649084,95.67999437720599,True,0.9021329987452948,0,0,2,0.05,0.06624999999999999,0.03892773885623228,1.248108157322597,1.8815808761322268,-3.0273845457068176,-45.59530903166552,103.4086557816134,0.05,0.06624999999999999,610,0,2,25.26818259084838,0.7196513439361037,RANGE32,range,final,40401,PAL,30,3,1000000.0,,True,0.7801391342239907,-61.317910140708584,15.075234859437792,26.274970046205937,11.862747028814493
-6.686774033996015,-82.9404409023469,False,607.6317440401506,610,8,60,2.025,2.025,1000000.0,85.03143593996974,22.662573367604978,-156.25638038471166,-67.7043093016323,68.32005063824279,1000000.0,1000000.0,610,610,2,-6.731982948804958,-0.36020479212838163,PLL96-rejected-board,range,final,40401,PAL,30,3,1000000.0,contrast;waveform;detail_floor;sync;h_jitter_us;v_jitter_us;h_width_rmse_us;sync_error_ire;black_error_ire;white_error_ire,False,0.32682324061656337,66.16757703429897,22.79148751253812,32.01727225916107,28.767372788588226
8.911501281945547,98.87797583216565,True,6.200125470514429,609,8,0,2.025,2.025,3.675,14.045488607805089,-1.1044276848615333,-1.5640303724053137,-41.779284776789225,106.98544345590376,0.1,1000000.0,610,460,2,11.614156947255225,0.3685333010486616,PLL96-IQ-corrected,range,final,40401,PAL,30,3,1000000.0,waveform;sync;h_jitter_us;v_jitter_us;h_width_rmse_us,False,0.3724039527051724,-112.11578792689033,24.43855224301664,29.54118803234532,16.92574239504947
21.639346305691515,96.41510874241001,True,0.0,0,0,2,0.025,0.025,0.019861198682726934,1.6315985429344422,1.7274328510764716,-1.0390242721818725,-45.10450469430969,112.06645516229979,0.025,0.025,610,0,2,28.95155175687902,0.9265904000837978,floating-PLL-IQ40,range,final,40401,PAL,30,3,1000000.0,,True,0.48228249639217113,13.221595710791453,7.306482255182938,17.147628554266277,6.8946465599449
4.366639833910693,44.50902269541167,True,88.70890840652447,610,8,0,2.025,2.025,1000000.0,48.93586090615795,27.151150086650436,-25.581202677809266,3.078257649627062,84.2933555480415,1000000.0,1000000.0,610,610,2,4.52581029436195,0.5749949978933668,HC50,range,final,40401,PAL,30,3,1000000.0,contrast;waveform;sync;h_jitter_us;v_jitter_us;h_width_rmse_us;sync_error_ire;black_error_ire;white_error_ire,False,0.4051821532625087,98.75691079509465,14.339222545524093,25.47216999255015,30.716267657781856
11.886602285915785,96.9861221874185,True,3.60288582183187,0,0,2,0.25,0.15624999999999994,0.10458250331675945,5.699917907382674,-0.6655695907283713,-2.674232836968801,-48.32846114349701,111.44125175048516,0.25,0.15624999999999994,610,0,2,16.759121295689553,0.48341185105515,PLL96-board-fixed,range,final,40401,PAL,30,3,1000000.0,,True,0.433981371264056,-100.63090192383866,23.203448987916843,29.59936813691848,15.482999181812803
11.320741541085118,95.0011458573958,True,6.109159347553325,0,0,2,0.125,0.09124999999999998,0.06509765677835713,0.7171919528574987,-4.539251803871077,-11.125682926788492,-43.917994734677976,113.69636187207495,0.125,0.09124999999999998,610,0,2,15.0722563424437,0.42977015299605487,RNG-f96c6225fc10,range,final,40401,PAL,30,3,1000000.0,,True,0.23868111493425923,-69.73086917997908,31.541639844866545,65.9988117160201,14.142492085492153
0.7438654409213775,55.35326053177067,True,221.01232211508068,505,12,0,2.025,2.025,3.7,35.50334232514249,13.785855984396232,-30.0589336028177,-88.60472216843166,151.24395938216674,1.45,1000000.0,506,361,2,5.534199351943689,0.1195413604932767,OVP56,range,final,40401,NTSC,0,3,1000000.0,,False,,,,,
1.1784990036244403,63.10944416477368,True,166.83475480706994,441,9,0,2.025,2.025,3.371709221881845,31.217738404951287,4.816168665596515,-34.93050694468409,-75.31444816823955,136.29822340063637,1.825,1.7449999999999999,506,23,2,6.047211915810589,0.1188950223142659,RANGE32,range,final,40401,NTSC,0,3,1000000.0,,False,,,,,
-6.695000290297025,-77.80337224749877,False,633.2514969879609,505,12,2,2.025,2.025,3.7,90.06835753440417,19.563881204937736,-148.54504148284207,-77.01639337410106,136.77699653256403,0.55,1000000.0,506,257,2,-6.584673867791425,-0.09748952051876096,PLL96-rejected-board,range,final,40401,NTSC,0,3,1000000.0,,False,,,,,
2.659660648015532,84.8799152301383,True,115.69406352828547,323,7,0,2.025,2.025,3.252406633110907,12.081385418316573,3.1998049423562582,-11.64417376667656,-77.45318686023407,136.4413817989274,1.875,1.565,506,9,2,5.576028521835151,0.09358440332849097,PLL96-IQ-corrected,range,final,40401,NTSC,0,3,1000000.0,,False,,,,,
5.867210395521589,92.15448925365945,True,40.4043749078024,381,7,0,2.025,2.025,3.4410071200158834,4.738990593190388,1.3585431301710393,-8.030011471036818,-79.2366561506667,139.6884733260135,1.8699999999999999,1.6149999999999998,506,15,2,13.367627522347368,0.26455152553953565,floating-PLL-IQ40,range,final,40401,NTSC,0,3,1000000.0,,False,,,,,
0.8463278970031834,31.947955445433063,True,224.50529402378925,506,12,0,2.025,2.025,1000000.0,52.57264100996365,26.920176598318573,-41.557726839874476,-83.45153748294905,137.5548380909552,1000000.0,1000000.0,506,506,2,2.811105585664251,0.07610172591940484,HC50,range,final,40401,NTSC,0,3,1000000.0,,False,,,,,
0.2065889996189084,69.53882787709757,True,198.132264794516,340,4,0,2.025,2.025,3.3641850371011737,17.171812780928526,2.608239083591418,-31.043944481078615,-85.32071336425487,130.5722871429729,1.84375,1.9299999999999997,506,14,2,3.863785113242653,0.08163922398708755,PLL96-board-fixed,range,final,40401,NTSC,0,3,1000000.0,,False,,,,,
4.564190025909176,82.30646321332543,True,74.59350266582773,69,3,0,2.025,2.025,2.7548327101422267,4.8385392746947,3.3216133888986596,-24.170754880603287,-71.45976004732529,136.81939474380277,1.7049999999999996,1.7099999999999997,506,3,2,7.343273483734833,0.1091457487478474,RNG-f96c6225fc10,range,final,40401,NTSC,0,3,1000000.0,,False,,,,,
2.750534023693933,68.74100206367314,True,134.99083292440247,506,12,0,2.025,2.025,1000000.0,26.10933754343151,9.234527883980162,-21.498844097752727,-85.31177190462127,148.58291754213553,1000000.0,1000000.0,506,506,2,8.460574034611994,0.17993807970417197,OVP56,range,final,40401,NTSC,2,3,1000000.0,,False,,,,,
3.2617438235098506,76.9306700905879,True,91.725698218065,292,5,0,2.025,2.025,3.2488342625348805,20.065044057803487,2.8530037655887055,-23.054837946410643,-75.7602067639443,131.44068019835197,1.8924999999999996,1.8875,506,9,2,9.280769125462617,0.17540044513779737,RANGE32,range,final,40401,NTSC,2,3,1000000.0,,False,,,,,
-6.653645412936838,-81.66444428803412,False,616.6604448966935,506,12,11,2.025,2.025,1000000.0,89.77098188054792,20.62305980030701,-153.53515343763362,-75.08113256694331,135.76473037685003,1000000.0,1000000.0,506,506,2,-6.62350895783277,-0.16228055528051605,PLL96-rejected-board,range,final,40401,NTSC,2,3,1000000.0,,False,,,,,
5.5727534033775585,89.33724040597146,True,48.96482793293735,346,10,0,2.025,2.025,3.302119939334427,10.962118079015344,1.7076299206586683,-7.303609248663917,-74.2414087142104,135.02601625394055,1.9,1.07375,506,15,2,9.733751434449898,0.1576504069178778,PLL96-IQ-corrected,range,final,40401,NTSC,2,3,1000000.0,,False,,,,,
8.150466114688564,93.98380292397452,True,12.021814328334845,287,6,0,2.025,2.025,3.346718985519479,3.996217159226666,1.5746311304904015,-4.78195682768008,-76.75930431712102,137.82837992118,1.9,1.725,506,9,2,18.52883733987349,0.36743155570209995,floating-PLL-IQ40,range,final,40401,NTSC,2,3,1000000.0,,False,,,,,
2.0969095857249003,37.96341208436263,True,169.38994541902116,506,12,0,2.025,2.025,1000000.0,50.87016553284678,27.158701687098006,-34.6919409089873,-76.35180076582452,134.83827268801468,1000000.0,1000000.0,506,506,2,3.588261541059612,0.11797359972223172,HC50,range,final,40401,NTSC,2,3,1000000.0,,False,,,,,
2.823833078882199,81.59620863356714,True,102.34084060126382,220,2,0,2.025,2.025,3.2088979084279523,9.433198815159884,0.42279160144751493,-21.847271821905846,-82.38653187233646,129.29850256030778,1.84375,1.4737499999999992,506,6,2,7.153009897523114,0.13377785495520284,PLL96-board-fixed,range,final,40401,NTSC,2,3,1000000.0,,False,,,,,
6.763266280116356,87.16676145787662,True,35.65826828071422,21,1,0,1.8,1.7774999999999996,2.530119592951917,2.689194418869166,1.526683169040043,-18.64978549209678,-66.3310887880682,131.18796878105013,1.4949999999999988,1.375,506,2,2,10.564576873166796,0.17157863486594319,RNG-f96c6225fc10,range,final,40401,NTSC,2,3,1000000.0,,False,,,,,
5.087367652390933,80.66930680145646,True,65.01473656323475,497,11,0,2.025,2.025,3.598987126030507,16.84228169781623,5.089846921476096,-13.977510810938513,-87.84788234727397,142.2749956531464,1.775,0.375,506,132,2,12.38224129291636,0.26061329558301943,OVP56,range,final,40401,NTSC,4,3,1000000.0,,False,,,,,
5.848629467333253,88.46677474643744,True,39.56142542757107,83,1,0,2.025,1.5024999999999993,2.8143954080765488,9.151743563879196,1.7095367398381052,-11.970433043137955,-69.26670732489127,129.84089697973508,1.7,0.925,506,4,2,13.881690238030945,0.2569119545457806,RANGE32,range,final,40401,NTSC,4,3,1000000.0,,False,,,,,
-6.674420820898383,-83.7244765025646,False,608.1511709471441,506,12,31,2.025,2.025,1000000.0,88.4655995150723,21.318003570395668,-156.41993834401129,-74.47169494678916,133.35715893959355,1000000.0,1000000.0,506,506,2,-6.691052260659505,-0.23272245042783027,PLL96-rejected-board,range,final,40401,NTSC,4,3,1000000.0,,False,,,,,
7.896553529626611,92.44888577245948,True,18.28297211944594,368,9,0,2.025,2.025,3.4193390485568274,11.031785728784245,0.13294872611567038,-4.270173225891175,-74.47416162818541,135.08672986225196,1.8787500000000001,1.555,506,20,2,13.108890140241842,0.2293646298435325,PLL96-IQ-corrected,range,final,40401,NTSC,4,3,1000000.0,,False,,,,,
10.17584514034952,95.77113164137734,True,2.3933744170853815,120,1,0,2.025,1.7362499999999996,3.1368820738238985,2.614073209452512,1.282832184189104,-2.653352573541448,-74.58777275193444,134.41359877556613,1.81875,1.2625,506,4,2,23.29743966732657,0.475762232259283,floating-PLL-IQ40,range,final,40401,NTSC,4,3,1000000.0,,False,,,,,
3.2144332179380046,42.57930011142765,True,127.35009799287708,506,12,0,2.025,2.025,1000000.0,49.35984626854032,27.07947446230174,-28.9591922207282,-77.08830041446768,130.27757092871104,1000000.0,1000000.0,506,506,2,4.193419229349853,0.1864322093925091,HC50,range,final,40401,NTSC,4,3,1000000.0,,False,,,,,
5.8407762547846644,90.84759578479031,True,40.990676376641865,63,2,0,2.025,2.025,2.881006827239472,3.119078315011523,-2.010078276935025,-14.585435426603473,-81.98755883020435,127.47757869770363,1.6224999999999994,0.33749999999999974,506,4,2,11.046572440730422,0.2130057064196666,PLL96-board-fixed,range,final,40401,NTSC,4,3,1000000.0,,False,,,,,
8.62224534078405,91.3154316642223,True,16.734805082985368,1,0,1,0.975,0.7024999999999995,1.8152465533653963,0.6107594995431312,-0.5657163801677701,-14.410334697474852,-64.93420518052463,130.02623556009263,0.975,0.7024999999999993,506,1,2,13.263686652522912,0.24513439582467103,RNG-f96c6225fc10,range,final,40401,NTSC,4,3,1000000.0,,False,,,,,
7.4675791238241,87.80301759525342,True,22.273434748183895,448,12,0,2.025,2.025,3.538154106700077,10.820726296422647,2.810904911363043,-9.467071376050843,-84.32934716782358,139.27540547579198,1.9,1000000.0,506,29,2,16.45964611108034,0.3522674672882436,OVP56,range,final,40401,NTSC,6,3,1000000.0,,False,,,,,
8.546682900624852,93.70902367717495,True,12.814337366445193,7,1,0,1.1375,1.337499999999999,1.9822139375426602,3.5424729760366303,1.735093344195841,-5.632420687324237,-62.810298629945486,126.29210408134048,1.0274999999999992,0.65,506,1,2,19.04939798867011,0.3557760216385475,RANGE32,range,final,40401,NTSC,6,3,1000000.0,,False,,,,,
-6.640294927193068,-83.69850532163849,False,603.931155111736,506,12,47,2.025,2.025,1000000.0,86.7648372168129,22.123934025910742,-157.16452888514823,-72.85493392174774,132.6729451163262,1000000.0,1000000.0,506,506,2,-6.676872093415961,-0.2887549845492024,PLL96-rejected-board,range,final,40401,NTSC,6,3,1000000.0,,False,,,,,
9.084265834309534,93.50541344115629,True,8.367778858224929,377,10,0,2.025,2.025,3.506798491347161,12.32540550653584,-0.6061425003717474,-3.16675769321512,-71.98768645362567,133.0949522928851,1.9149999999999998,1.4425,506,13,2,14.239653765147096,0.28363313619851827,PLL96-IQ-corrected,range,final,40401,NTSC,6,3,1000000.0,,False,,,,,
12.069226575847527,95.91025664233675,True,0.3153534216222563,24,0,0,1.96875,0.7224999999999996,2.7077461593519945,2.2988468852279187,1.4215448775991772,-2.0664321011797773,-70.65935196380005,131.54366690394545,1.575,0.7224999999999996,506,2,2,25.620483526545357,0.5704680142147034,floating-PLL-IQ40,range,final,40401,NTSC,6,3,1000000.0,,False,,,,,
3.8684873392840435,44.27002804735366,True,105.3084743517568,506,12,0,2.025,2.025,1000000.0,49.03077887348708,27.04899567024308,-26.603868052624833,-66.01323101702636,115.19383083695212,1000000.0,1000000.0,506,506,2,4.436351064381159,0.27502342406973146,HC50,range,final,40401,NTSC,6,3,1000000.0,,False,,,,,
8.690457672129808,95.56588663158533,True,13.25387530970867,8,0,0,1.66875,0.6762499999999995,2.2765482506968757,0.4621656062092212,-2.5230369000464044,-10.310629877358833,-81.09834273238349,124.35605033078517,1.425,0.6762499999999995,506,1,2,14.800704450767686,0.30424810962264814,PLL96-board-fixed,range,final,40401,NTSC,6,3,1000000.0,,False,,,,,
9.853933610992227,92.83206226647029,True,9.672845285654505,0,0,2,0.59375,0.2487499999999998,1.1924871872265985,0.06654554524104582,-1.873742061895879,-12.954146209385783,-64.1616360832409,128.23191599830727,0.59375,0.2487499999999998,506,0,2,14.606630719890132,0.3084242973604494,RNG-f96c6225fc10,range,final,40401,NTSC,6,3,1000000.0,,False,,,,,
9.509969263043764,91.55187012178091,True,5.479924254968133,312,6,0,2.025,2.025,3.365860094427237,7.266315187873824,1.9754603873865737,-6.662700235373477,-79.3266543966336,136.0032833803137,1.8674999999999997,1.2125,506,11,2,19.9117457085351,0.44102399058148417,OVP56,range,final,40401,NTSC,8,3,1000000.0,,False,,,,,
10.668590965627367,95.10628950570468,True,3.8933729118184526,0,0,2,0.225,0.125,0.921906213881692,1.9721164934451585,2.098421722282832,-3.1995656407315756,-61.222660694588704,120.53733013369234,0.225,0.125,506,0,2,22.834542996396515,0.44818050220727845,RANGE32,range,final,40401,NTSC,8,3,1000000.0,,False,,,,,
-6.589725545715613,-82.91002484929261,False,601.9419448650829,506,12,50,2.025,2.025,1000000.0,85.42844887408675,22.889940697217778,-156.5885790461294,-71.26758666790633,125.23685363826743,1000000.0,1000000.0,506,506,2,-6.632631344901863,-0.31829920066654366,PLL96-rejected-board,range,final,40401,NTSC,8,3,1000000.0,,False,,,,,
9.370083325702144,93.93379791098072,True,6.379321245036382,436,10,0,2.025,2.025,3.5662505320213915,14.088157282685831,-0.9367676831147304,-2.70535493729477,-68.4282668852684,129.54144286980977,1.88875,0.8125,506,29,2,13.822654110154298,0.31318000826781667,PLL96-IQ-corrected,range,final,40401,NTSC,8,3,1000000.0,,False,,,,,
13.858612719504375,95.66524222590178,True,0.036126406295628403,3,0,0,0.95,0.7112499999999996,2.001502293631344,2.4042058859108613,1.7522000730346516,-1.8512396282906571,-67.11330199201078,126.50521690195959,0.925,0.7112499999999996,506,1,2,26.28423595716713,0.6570866568032045,floating-PLL-IQ40,range,final,40401,NTSC,8,3,1000000.0,,False,,,,,
4.094523087636337,44.46113374160312,True,97.48861265568223,506,12,0,2.025,2.025,1000000.0,49.210287904090194,27.14735367736151,-25.904977005046465,-57.41604705715463,110.31723260139461,1000000.0,1000000.0,506,506,2,4.461645231152437,0.3544069668323476,HC50,range,final,40401,NTSC,8,3,1000000.0,,False,,,,,
10.413101895608644,97.56648596026005,True,5.60561404353834,5,0,0,1.41875,0.6762499999999995,2.1423775779789023,0.46931952783268127,-2.4970697010989884,-7.559893885174307,-80.17309532542714,116.4229833353481,1.275,0.6762499999999995,506,1,2,16.986534845103172,0.3767403843377809,PLL96-board-fixed,range,final,40401,NTSC,8,3,1000000.0,,False,,,,,
10.63743112543528,93.26552391278803,True,7.233560227235095,0,0,2,0.25,0.1924999999999999,0.6684298160407958,0.431103254349198,-2.5050381017641956,-12.219284696781243,-60.43628097200015,117.57610145623886,0.25,0.1924999999999999,506,0,2,15.326313699493445,0.3561804117395964,RNG-f96c6225fc10,range,final,40401,NTSC,8,3,1000000.0,,False,,,,,
11.128382347923342,93.75056703046288,True,1.4638720884374428,119,1,0,2.025,1.9149999999999998,3.1273125810075597,4.830228752383844,1.6617137887809375,-4.862663238153717,-68.9567776211573,135.1710627582383,1.7099999999999995,1.2375,506,6,2,22.5661686576522,0.5159712289034947,OVP56,range,final,40401,NTSC,10,3,1000000.0,,False,,,,,
12.127328181211709,95.47096215384607,True,1.8627678246183395,0,0,2,0.125,0.125,0.28048341950390004,1.540947075757366,2.232480463440415,-2.5200845885003638,-53.92462109665643,114.8445268169706,0.125,0.125,506,0,2,24.03586041807502,0.5223795230435667,RANGE32,range,final,40401,NTSC,10,3,1000000.0,,True,,,,,
-6.568168243466655,-82.39616330653094,False,601.4963858541034,506,12,50,2.025,2.025,1000000.0,84.41974197130101,23.153552216195134,-156.28236389138598,-69.77909635980104,89.24593925295723,1000000.0,1000000.0,506,506,2,-6.613781318551975,-0.33062991892937016,PLL96-rejected-board,range,final,40401,NTSC,10,3,1000000.0,,False,,,,,
9.341059601345876,94.50897708383819,True,6.157294373011166,433,10,0,2.025,2.025,3.60703626491866,15.132690726298923,-1.161126392530913,-2.4503453954380174,-55.23941324105275,125.13531864294804,1.8699999999999997,0.1,506,34,2,13.226915266696937,0.32626963754256205,PLL96-IQ-corrected,range,final,40401,NTSC,10,3,1000000.0,,False,,,,,
15.505966352582963,95.71012054901432,True,0.0007526334644922584,0,0,2,0.23125,0.05,1.1235311007655069,2.26039987075158,1.8562371418828867,-1.6730121881117967,-61.17610501763921,125.28041446594598,0.23125,0.05,506,0,2,26.820183151259897,0.7318912051992377,floating-PLL-IQ40,range,final,40401,NTSC,10,3,1000000.0,,False,,,,,
4.181043288714604,44.41532738767303,True,95.30447034172569,506,12,0,2.025,2.025,1000000.0,49.22744148143738,27.157531250125796,-25.83071086908928,-24.758487403514536,97.27110877461222,1000000.0,1000000.0,506,506,2,4.459363994051399,0.41380016475125475,HC50,range,final,40401,NTSC,10,3,1000000.0,,False,,,,,
11.134103595024387,98.34716098760671,True,4.342695090120331,10,1,0,1.4125,1.4749999999999992,2.2341886765308585,1.4325070800939093,-2.307074695008802,-5.883554909078583,-67.94634259912209,114.94028853674565,1.18125,1.025,506,2,2,17.548160836887682,0.4157745518881186,PLL96-board-fixed,range,final,40401,NTSC,10,3,1000000.0,,False,,,,,
11.072208139703505,93.69567728718849,True,6.352226440314661,0,0,2,0.175,0.125,0.23258780058342948,0.6471579900925062,-3.0988317016871108,-11.627495981577425,-58.089790979616986,117.51726195929199,0.175,0.125,506,0,2,15.643011749614821,0.3890538597750135,RNG-f96c6225fc10,range,final,40401,NTSC,10,3,1000000.0,,True,,,,,
12.456458460542434,95.34406151799487,True,0.6984438550488158,29,0,0,2.025,0.6787499999999999,2.593856887621042,2.979798270656532,1.403166351839814,-3.5007812740925437,-69.93264243826782,129.238021475396,1.425,0.6787499999999999,506,2,2,24.804702626210542,0.5789705482990124,OVP56,range,final,40401,NTSC,12,3,1000000.0,,False,,,,,
13.245608277151543,95.72949455266506,True,1.378071873485325,0,0,2,0.1,0.11124999999999999,0.04807304636239797,1.3222981387534702,2.1817062738594233,-2.2903137364800275,-51.56743696825143,111.48492478241404,0.1,0.11124999999999999,506,0,2,24.518223890864746,0.5829896935175327,RANGE32,range,final,40401,NTSC,12,3,1000000.0,,True,,,,,
-6.56696143730996,-82.183884751907,False,602.1421453666379,506,12,50,2.025,2.025,1000000.0,83.69724937529128,23.223606641273122,-156.26710639599602,-69.79280118772039,78.18496471320653,1000000.0,1000000.0,506,506,2,-6.613854098739179,-0.3393168533256682,PLL96-rejected-board,range,final,40401,NTSC,12,3,1000000.0,,False,,,,,
9.251161840788411,95.29688855086853,True,6.1053626639612,438,11,0,2.025,2.025,3.6287328650483976,15.626787478627561,-1.273445361695068,-2.1266717476939334,-54.94743292384027,122.91998989872992,1.95,0.1,506,30,2,12.753201891507242,0.33672755685929145,PLL96-IQ-corrected,range,final,40401,NTSC,12,3,1000000.0,,False,,,,,
17.007765331878208,95.97940625437117,True,0.0,0,0,2,0.05,0.05,0.3686601769746178,1.97446738514219,1.8029350117421572,-1.4538397130640237,-59.812856588011805,122.23024813569329,0.05,0.05,506,0,2,27.547973716778955,0.7931622333257717,floating-PLL-IQ40,range,final,40401,NTSC,12,3,1000000.0,,True,,,,,
4.239296222200895,44.468479083199476,True,94.84461129492092,506,12,0,2.025,2.025,1000000.0,49.135741533531444,27.12250938834617,-25.764596497202838,-8.767793420541011,92.65353267453834,1000000.0,1000000.0,506,506,2,4.469328627674404,0.46293299111967406,HC50,range,final,40401,NTSC,12,3,1000000.0,,False,,,,,
11.507158092976848,98.61234364296155,True,4.106368182269762,5,0,1,1.125,1.025,2.01256159945895,2.5773010145277024,-2.123872200586109,-4.664982836536525,-62.05767509879835,112.14303017341781,1.075,1.025,506,1,2,17.683428678365104,0.43948465143577153,PLL96-board-fixed,range,final,40401,NTSC,12,3,1000000.0,,False,,,,,
11.139993140116122,94.08410408306483,True,6.336421137560324,0,0,2,0.175,0.125,0.0707543347741187,0.6479771487610338,-3.6441947468873193,-11.44696253127472,-57.42663666253991,113.73427832529181,0.175,0.125,506,0,2,15.366732228433793,0.40413435150497734,RNG-f96c6225fc10,range,final,40401,NTSC,12,3,1000000.0,,True,,,,,
13.524088672660108,96.29032416870534,True,0.532864492860519,2,0,1,0.875,0.6224999999999999,1.9409863666179692,1.8023999552187289,1.2556164572878448,-2.6385217071532105,-66.13622299647908,128.16316355726835,0.85,0.6224999999999999,506,1,2,26.28390787244659,0.6296940962182659,OVP56,range,final,40401,NTSC,14,3,1000000.0,,False,,,,,
14.120523627844502,95.73618780457366,True,1.2019556427941367,0,0,2,0.075,0.075,0.04671786904962115,1.3111919460826327,2.1208875838836274,-2.423137290686131,-50.70664786965676,109.83997736509954,0.075,0.075,506,0,2,24.72800661016516,0.6310202100971297,RANGE32,range,final,40401,NTSC,14,3,1000000.0,,True,,,,,
-6.5655375064921575,-82.00434857640974,False,602.5470621705347,506,12,50,2.025,2.025,1000000.0,83.26336380457516,23.109187258903642,-156.18907803048685,-69.18822704435668,78.22023747711654,1000000.0,1000000.0,506,506,2,-6.613345225231053,-0.34219136539741013,PLL96-rejected-board,range,final,40401,NTSC,14,3,1000000.0,,False,,,,,
9.145581517238089,95.88932060519322,True,6.228041918673439,446,12,0,2.025,2.025,3.6395254956289746,15.852160318113379,-1.2449321300090423,-1.9935084868878363,-54.943541032676265,123.01557807216733,1.95,1000000.0,506,35,2,12.385109107413161,0.34243014506859704,PLL96-IQ-corrected,range,final,40401,NTSC,14,3,1000000.0,,False,,,,,
18.325242174139632,96.11697783538489,True,0.0,0,0,2,0.025,0.036249999999999984,0.0267887726467815,1.8197355000347935,1.7705256101129752,-1.356091272312387,-55.56111597814278,119.95704946513297,0.025,0.036249999999999984,506,0,2,27.995706011794525,0.8406213177375954,floating-PLL-IQ40,range,final,40401,NTSC,14,3,1000000.0,,True,,,,,
4.272640471442183,44.47314566673024,True,94.91159567326073,506,12,0,2.025,2.025,1000000.0,49.06789781863686,27.09792814281091,-25.75808295851715,-3.6330472142071315,89.09963980742765,1000000.0,1000000.0,506,506,2,4.47348045152308,0.5019865521326745,HC50,range,final,40401,NTSC,14,3,1000000.0,,False,,,,,
11.74260706874815,98.37900127146723,True,3.999494230311861,9,0,0,1.3625,0.9149999999999998,2.206011997610532,3.6998874236361274,-1.7929774289034381,-3.8758803147754133,-59.991079359526644,112.02086032035919,1.075,0.9149999999999998,506,1,2,17.71472459681519,0.4556570467526857,PLL96-board-fixed,range,final,40401,NTSC,14,3,1000000.0,,False,,,,,
11.258880332887298,94.38728316845317,True,6.1738523092299955,0,0,2,0.16874999999999998,0.125,0.06719977884398015,0.6965518925558821,-3.9961645719027716,-11.193869671975728,-57.10760321723411,113.8173657706723,0.16875,0.125,506,0,2,15.41131657812649,0.41551275948692995,RNG-f96c6225fc10,range,final,40401,NTSC,14,3,1000000.0,,True,,,,,
14.959282694017404,97.17565331733229,True,0.41545367239972664,0,0,2,0.05,0.05,0.6204229639126824,0.6482439659436846,1.1310669127790236,-1.768628645036083,-61.18492666512584,125.80790731337898,0.05,0.05,506,0,2,27.612701404602987,0.6964358472838275,OVP56,range,final,40401,NTSC,18,3,1000000.0,,False,,,,,
15.282108261116733,95.62276970642515,True,1.0077762089551339,0,0,2,0.075,0.061249999999999985,0.042436886408680374,1.3974535015799106,2.025754548769413,-2.8361068252954076,-51.037770247060095,108.02431700051879,0.075,0.061249999999999985,506,0,2,24.956366229970367,0.6938935336460373,RANGE32,range,final,40401,NTSC,18,3,1000000.0,,True,,,,,
-6.56857371809186,-82.01611142207513,False,603.9778183865345,506,12,50,2.025,2.025,1000000.0,83.47880066719482,22.856662901082842,-156.12276614625662,-69.69318134565223,78.22321696548634,1000000.0,1000000.0,506,506,2,-6.616574910765073,-0.3470489766075725,PLL96-rejected-board,range,final,40401,NTSC,18,3,1000000.0,,False,,,,,
8.99327791822156,96.91215765870871,True,6.319863201341494,482,12,0,2.025,2.025,3.666813444031934,15.521333145254662,-1.0769049483043742,-1.8001612858123603,-53.42133080986012,117.95127388923866,1.8849999999999998,1000000.0,506,89,2,11.9721563808248,0.3472646027818262,PLL96-IQ-corrected,range,final,40401,NTSC,18,3,1000000.0,,False,,,,,
20.230867480515062,96.25211268677073,True,0.0,0,0,2,0.025,0.025,0.021406797708725434,1.6889819551768828,1.7300217838097722,-1.2554501498355939,-51.74643161252605,116.53227594906808,0.025,0.025,506,0,2,28.48149488122676,0.8972944294974599,floating-PLL-IQ40,range,final,40401,NTSC,18,3,1000000.0,,True,,,,,
4.3033669381756035,44.46255647911753,True,94.89654300397089,506,12,0,2.025,2.025,1000000.0,48.993948639581454,27.09171013169953,-25.738810255324644,-0.7286949679200916,87.50216758639554,1000000.0,1000000.0,506,506,2,4.4753591208838515,0.5516195003689923,HC50,range,final,40401,NTSC,18,3,1000000.0,,False,,,,,
11.94999989280191,97.73299659439508,True,3.8482149039489175,31,1,0,2.025,1.7774999999999996,2.5486242418834104,5.038148131862908,-1.190166301115733,-3.062674430686422,-59.715670517221575,111.65540641692196,1.4399999999999977,1.3,506,1,2,17.622926119976896,0.4743695061739425,PLL96-board-fixed,range,final,40401,NTSC,18,3,1000000.0,,False,,,,,
11.316960535623846,94.65776762712109,True,6.104610030496708,0,0,2,0.125,0.125,0.06614378277661477,0.7408641009771427,-4.364893702778343,-11.056096211700583,-56.716491176623215,113.57691097405389,0.125,0.125,506,0,2,15.332487405627058,0.4247893412157502,RNG-f96c6225fc10,range,final,40401,NTSC,18,3,1000000.0,,True,,,,,
15.636594697150121,97.45454323456988,True,0.3876062342135131,0,0,2,0.05,0.05,0.07703914358473084,0.30855675124032217,1.0760680062396188,-1.492665223613434,-60.00853838595652,123.88736501200692,0.05,0.05,506,0,2,27.955493868635955,0.7265772981284652,OVP56,range,final,40401,NTSC,22,3,1000000.0,,True,0.8857693696857262,-48.423587824010966,10.62952111899921,24.07662726738799,11.66539053823919
15.82550110319336,95.60002861859877,True,0.9460602648667688,0,0,2,0.05,0.061249999999999985,0.040819786142402344,1.3761738102268628,1.9595481744666845,-3.047026777835111,-51.10150884030553,106.69882277822968,0.05,0.061249999999999985,506,0,2,25.083096450446618,0.7222900254447635,RANGE32,range,final,40401,NTSC,22,3,1000000.0,,True,0.8492573650158951,-49.55148433435642,10.816716365545442,22.00539565066655,11.601145755343317
-6.576891841335933,-82.2799761344895,False,604.900547014002,506,12,50,2.025,2.025,1000000.0,84.17841593059917,22.649698092837102,-156.13242568002022,-67.60397867705912,70.01999645799786,1000000.0,1000000.0,506,506,2,-6.624921098757973,-0.34595756815177603,PLL96-rejected-board,range,final,40401,NTSC,22,3,1000000.0,contrast;waveform;detail_floor;sync;h_jitter_us;v_jitter_us;h_width_rmse_us;sync_error_ire;black_error_ire;white_error_ire,False,0.43082921038915256,81.1490742091919,38.723566391919505,33.729784536756306,29.32853635092954
8.923641535734909,97.66789899899364,True,6.422221352512441,500,12,0,2.025,2.025,3.683352186980405,14.850679167238377,-1.0168761245795432,-1.7161997846272694,-48.713438974889044,110.6664299022057,1.5,1000000.0,506,130,2,11.796996092350323,0.35137229315299906,PLL96-IQ-corrected,range,final,40401,NTSC,22,3,1000000.0,waveform;sync;h_jitter_us;v_jitter_us;h_width_rmse_us,False,0.505995002453459,-96.99438016874855,38.68474272837872,30.302482408811535,18.109573788420963
21.231341827669247,96.29865308521678,True,0.0,0,0,2,0.025,0.025,0.020066588753191793,1.668619475539594,1.717443852063172,-1.1986187311722656,-47.932218002878415,114.02589934445153,0.025,0.025,506,0,2,28.674779304060294,0.921533082123569,floating-PLL-IQ40,range,final,40401,NTSC,22,3,1000000.0,,True,0.5979055603947875,4.760371240178093,8.163246421667113,17.581689466600487,6.277427067154753
4.315532763322463,44.4600351393361,True,94.77311111579417,506,12,0,2.025,2.025,1000000.0,48.95831292786058,27.10353468367886,-25.704294389692354,1.0990805798630703,86.96437166293087,1000000.0,1000000.0,506,506,2,4.475640978756189,0.5767442932226954,HC50,range,final,40401,NTSC,22,3,1000000.0,contrast;waveform;sync;h_jitter_us;v_jitter_us;h_width_rmse_us;sync_error_ire;black_error_ire;white_error_ire,False,0.43625579334468256,80.5671251200733,9.838053229214983,22.12428358923507,30.842349126975698
11.9451867373448,97.12384148817532,True,3.777467358286645,0,0,2,0.6375000000000001,0.5874999999999998,0.3882761893414096,5.648066184862299,-0.7978027716031998,-2.8502724775549995,-58.13684958927097,111.44779581713028,0.6375,0.5874999999999998,506,0,2,17.273391790858934,0.48174202401159427,PLL96-board-fixed,range,final,40401,NTSC,22,3,1000000.0,h_jitter_us,False,0.5968134671571941,-85.48127123200872,36.67429531650978,25.450493771354452,16.294493751745595
11.296821684847952,94.71945442455709,True,6.183636544268396,0,0,2,0.125,0.125,0.06653478391304604,0.735307408426777,-4.492555442246645,-11.150548467916012,-53.90275288399728,113.5361813219039,0.125,0.125,506,0,2,15.217262819016648,0.42618221240246434,RNG-f96c6225fc10,range,final,40401,NTSC,22,3,1000000.0,,True,0.2489892096382924,-66.89960190715283,42.549376526697166,112.42865697280533,15.285439319949184
16.0727068834452,97.5438514916951,True,0.3462113936664389,0,0,2,0.05,0.05,0.021087058391832496,0.16199956282367603,1.0807108057190424,-1.3993567779789267,-54.64840624907657,123.93178850264475,0.05,0.05,506,0,2,28.079187400683672,0.7456571700267748,OVP56,range,final,40401,NTSC,30,3,1000000.0,,True,0.8825771595604145,-48.41214968823051,9.663341595279906,21.913568866013307,11.516897155878135
16.166927250045468,95.66012409558635,True,0.8790758865269579,0,0,2,0.05,0.061249999999999985,0.03912014027958068,1.2683202048856066,1.878914042382371,-3.148536058112463,-43.11401197215997,103.12365841161925,0.05,0.061249999999999985,506,0,2,25.223679421589136,0.7393945025692629,RANGE32,range,final,40401,NTSC,30,3,1000000.0,,True,0.8549278194570176,-49.366930886324106,8.828049124042428,19.599491860588394,11.435408151768346
-6.585948899135991,-82.6271872317887,False,605.5101801202408,506,12,50,2.025,2.025,1000000.0,84.94329127348418,22.590675306608613,-156.19253282800645,-67.64557524565504,66.87082104651368,1000000.0,1000000.0,506,506,2,-6.63363719795965,-0.3473676553132978,PLL96-rejected-board,range,final,40401,NTSC,30,3,1000000.0,contrast;waveform;detail_floor;sync;h_jitter_us;v_jitter_us;h_width_rmse_us;sync_error_ire;black_error_ire;white_error_ire,False,0.43331668063115863,82.22535657174244,39.77332947381112,32.8267814709771,29.353959113781325
8.899602190304844,98.4265516753421,True,6.392868647397243,506,12,0,2.025,2.025,1000000.0,13.926792385107179,-1.069294011546205,-1.6800285053478037,-41.74134848297786,106.98384898097599,1000000.0,1000000.0,506,506,2,11.730285214092039,0.35452115261174516,PLL96-IQ-corrected,range,final,40401,NTSC,30,3,1000000.0,waveform;sync;h_jitter_us;v_jitter_us;h_width_rmse_us,False,0.5012938387088206,-96.55776758363825,39.400848391040455,34.54670727734353,18.079041934888625
21.936704463791777,96.32332876737055,True,0.0,0,0,2,0.025,0.025,0.019849980834510516,1.664270630031257,1.7130389823146708,-1.152467222006033,-45.54913454483941,111.78756287616808,0.025,0.025,506,0,2,28.788779421097548,0.9365523361118377,floating-PLL-IQ40,range,final,40401,NTSC,30,3,1000000.0,,True,0.597747563557746,4.6846135045486355,6.752755965386762,16.867110619582725,6.146866832497894
4.323389647934902,44.46941967050869,True,94.71440570556376,506,12,0,2.025,2.025,1000000.0,48.93825159296931,27.107058526145998,-25.65906776612067,3.305479850721852,84.1876294320899,1000000.0,1000000.0,506,506,2,4.477162529216105,0.5919225384594242,HC50,range,final,40401,NTSC,30,3,1000000.0,contrast;waveform;sync;h_jitter_us;v_jitter_us;h_width_rmse_us;sync_error_ire;black_error_ire;white_error_ire,False,0.4399502794784891,80.55400971065548,8.546189556143208,19.10261721871048,30.832453899923078
11.870342182384597,96.72442808187826,True,3.678119740973667,0,0,2,0.25,0.075,0.09269915000185922,5.720157464468536,-0.6266684329155406,-2.7868403292961856,-57.46087250219305,111.3089501273905,0.25,0.075,506,0,2,16.854679943231172,0.4861680212797641,PLL96-board-fixed,range,final,40401,NTSC,30,3,1000000.0,,True,0.6030689171305357,-86.44308173731957,33.546374801247524,17.13027477352013,16.391271917140728
11.275981176581148,94.73295061681452,True,6.251373556072698,0,0,2,0.125,0.125,0.06401812366902647,0.720072806994168,-4.516930889886715,-11.242581975704477,-44.97273371591771,113.56156975337431,0.125,0.125,506,0,2,15.133875957461047,0.4256952765363064,RNG-f96c6225fc10,range,final,40401,NTSC,30,3,1000000.0,,True,0.236576258578741,-66.676858327569,42.19319193341635,120.97823016241445,15.267193047115162
0.7372735062878946,55.21415119253227,True,221.8594730238394,610,8,0,2.025,2.025,1000000.0,35.66926782684368,14.142148263355192,-29.915606330318084,-88.26463598458417,149.64665529761118,1000000.0,1000000.0,610,610,2,5.5156577890397145,0.11748869716186236,OVP56,range,final,40402,PAL,0,3,1000000.0,,False,,,,,
1.1821834041887376,63.284809768059894,True,167.48933500627354,556,8,0,2.025,2.025,3.4495185520215346,31.573208180010408,4.996983348556781,-34.65422679628623,-74.16670622473397,134.5697866865862,1.7924999999999998,1000000.0,610,62,2,6.022744014638638,0.11883656007058288,RANGE32,range,final,40402,PAL,0,3,1000000.0,,False,,,,,
-6.8315619303422395,-77.6491541078152,False,644.2954830614806,609,8,1,2.025,2.025,3.5,90.65291265395827,19.32280980233329,-147.61493501504944,-76.89965109423198,137.64654771661395,0.925,1000000.0,610,604,2,-6.727040762038062,-0.09913388550365958,PLL96-rejected-board,range,final,40402,PAL,0,3,1000000.0,,False,,,,,
2.697849719908948,84.82603654710296,True,114.4930991217064,378,7,0,2.025,2.025,3.2671958872276456,12.059380785340776,3.2011009876162677,-11.724090839724663,-77.48022908692653,137.71723305179336,1.9,0.0,610,12,2,5.600619525150674,0.09678062584481609,PLL96-IQ-corrected,range,final,40402,PAL,0,3,1000000.0,,False,,,,,
5.888773567455069,92.26926345561245,True,40.75533249686324,499,8,0,2.025,2.025,3.4671649958010518,4.925987521233303,1.6024097117389562,-7.6864219302965315,-79.49171147356306,139.77239575716283,1.8375,1000000.0,610,26,2,13.380199571751197,0.2578325973892237,floating-PLL-IQ40,range,final,40402,PAL,0,3,1000000.0,,False,,,,,
0.8324302361970047,31.705248545460826,True,223.58469259723964,610,8,0,2.025,2.025,1000000.0,52.75944317218889,27.148974212412753,-41.43939445276875,-87.65579657594604,137.1171717684191,1000000.0,1000000.0,610,610,2,2.822050632501196,0.07460340719807354,HC50,range,final,40402,PAL,0,3,1000000.0,,False,,,,,
0.19563350166489912,69.39844644396018,True,197.8212045169385,434,7,0,2.025,2.025,3.36523999127308,17.576690185439556,2.7920317115997384,-30.58188800696707,-84.23209299276796,130.14303239078913,1.825,0.675,610,15,2,3.832122542444157,0.08516434491714556,PLL96-board-fixed,range,final,40402,PAL,0,3,1000000.0,,False,,,,,
4.519846014156476,82.15405879697946,True,75.01442910915934,96,1,0,2.025,2.01625,2.8734727799512254,5.212523736013783,3.3318944568940565,-24.799351956120375,-73.57147820311674,135.4952692434893,1.708749999999999,1.549999999999999,610,3,2,7.188999677881981,0.11375601016196854,RNG-f96c6225fc10,range,final,40402,PAL,0,3,1000000.0,,False,,,,,
2.7733168862562705,68.9548214065865,True,135.0125470514429,610,8,0,2.025,2.025,1000000.0,25.855846985318927,9.340720116980957,-21.11406491187534,-86.21830297409173,145.62274969809084,1000000.0,1000000.0,610,610,2,8.525055863965875,0.17595317108042124,OVP56,range,final,40402,PAL,2,3,1000000.0,,False,,,,,
3.3118680569291,77.58596831983589,True,91.23525721455458,362,6,0,2.025,2.025,3.2835400994471526,19.608710372896393,2.9620388632397296,-22.58052783157807,-70.66182367288556,130.0377501847461,1.825,0.47625,610,11,2,9.374736371632784,0.17427470826484961,RANGE32,range,final,40402,PAL,2,3,1000000.0,,False,,,,,
-6.809840107955001,-81.84063913940251,False,628.7020075282309,610,8,12,2.025,2.025,1000000.0,90.18811697416606,20.22952713656076,-152.86486624835447,-75.85337408649394,134.62978684091732,1000000.0,1000000.0,610,610,2,-6.7838645931921295,-0.1623121756150013,PLL96-rejected-board,range,final,40402,PAL,2,3,1000000.0,,False,,,,,
5.604524414900581,89.64721656956053,True,48.106022584692596,402,8,0,2.025,2.025,3.327095475468748,10.752973225674689,1.7861994832556678,-7.257369049382093,-75.15525409777965,137.33816957979806,1.95,1000000.0,610,18,2,9.685453667646849,0.1613408846128189,PLL96-IQ-corrected,range,final,40402,PAL,2,3,1000000.0,,False,,,,,
8.180132055311008,94.22710610739777,True,11.930363864491843,364,6,0,2.025,2.025,3.3660959781542688,3.9058266072049745,1.5482877643484756,-4.63253017980889,-77.13644128438598,137.23210064386694,1.775,0.7849999999999999,610,9,2,18.702463738767797,0.3629710740292058,floating-PLL-IQ40,range,final,40402,PAL,2,3,1000000.0,,False,,,,,
2.1524571280971267,38.13572504449803,True,165.9617314930991,610,8,0,2.025,2.025,1000000.0,50.7790554776918,27.236412660221983,-34.2036608559245,-80.35115509630424,130.43391391197787,1000000.0,1000000.0,610,610,2,3.6844262305284934,0.11534489799696512,HC50,range,final,40402,PAL,2,3,1000000.0,,False,,,,,
2.8267452208350754,81.84751512704615,True,101.75219573400251,253,5,0,2.025,2.025,3.205372328561205,9.208886949613191,0.388423767659592,-21.437537281796203,-82.91346184569278,128.61242719344932,1.8049999999999997,1.055,610,7,2,7.145752189789566,0.13435681205615316,PLL96-board-fixed,range,final,40402,PAL,2,3,1000000.0,,False,,,,,
6.7715261716886435,87.50221741149099,True,34.92158092848181,26,0,0,1.863749999999999,0.9699999999999995,2.5014325946714875,2.6369430125814395,1.6387768336823767,-18.38822669379191,-72.57928325815497,132.39019139527994,1.5925000000000011,0.9699999999999995,610,1,2,10.417264775285505,0.1782505641081365,RNG-f96c6225fc10,range,final,40402,PAL,2,3,1000000.0,,False,,,,,
5.101282998759675,80.79623365725087,True,65.19259723964868,604,8,0,2.025,2.025,3.6170026725637534,16.905627844626984,5.093884564666215,-13.744533660202942,-84.26682788313654,143.92287292920827,1.825,1000000.0,610,201,2,12.448616194858197,0.25121867723925206,OVP56,range,final,40402,PAL,4,3,1000000.0,,False,,,,,
5.917321238249487,88.89126799380361,True,39.06900878293601,84,3,0,2.025,2.025,2.8003057359561465,8.939639355734272,1.7245093328723373,-11.645136847660478,-70.1207655963348,135.270003929446,1.725,1.1199999999999999,610,5,2,14.016943325537351,0.2518092902439195,RANGE32,range,final,40402,PAL,4,3,1000000.0,,False,,,,,
-6.850041630072612,-84.34600515648057,False,621.8688833124216,610,8,52,2.025,2.025,1000000.0,88.67745827883293,21.150368565173384,-156.60321930885405,-74.36041745981566,133.93461084595674,1000000.0,1000000.0,610,610,2,-6.867663139755814,-0.24104147080853094,PLL96-rejected-board,range,final,40402,PAL,4,3,1000000.0,,False,,,,,
7.964508590382754,93.16318970278944,True,17.892722710163113,413,7,0,2.025,2.025,3.36043765656422,10.788101938709897,0.23428949192992443,-3.9985626553409888,-74.2659588156928,134.27132026244982,1.9299999999999997,1.25,610,14,2,13.09859689785534,0.23844761395501024,PLL96-IQ-corrected,range,final,40402,PAL,4,3,1000000.0,,False,,,,,
10.163945168743888,95.99256997579393,True,2.389585947302384,156,5,0,2.025,2.025,3.152309088288413,2.552987925144032,1.2492879962630785,-2.4880055039941245,-76.38532924432523,135.22468231205,1.75,0.31999999999999995,610,4,2,23.43829044294086,0.4657901128287036,floating-PLL-IQ40,range,final,40402,PAL,4,3,1000000.0,,False,,,,,
3.314980364310732,42.728274954103874,True,122.91656210790464,610,8,0,2.025,2.025,1000000.0,49.34761373027263,27.088713388953384,-28.779942637022245,-82.4605995200966,126.04196231096151,1000000.0,1000000.0,610,610,2,4.3247896184767995,0.1791480063501736,HC50,range,final,40402,PAL,4,3,1000000.0,,False,,,,,
5.888730581647739,91.19904723624249,True,40.58845671267252,65,0,0,2.025,1.1975,2.8384384436103485,3.2514115027718313,-1.801558951192951,-14.247209328858549,-81.83884248947865,127.30632250698548,1.7399999999999978,1.1975,610,2,2,11.068192403695074,0.2149615586937828,PLL96-board-fixed,range,final,40402,PAL,4,3,1000000.0,,False,,,,,
8.65967327122836,91.63612151166488,True,16.3801756587202,7,0,1,1.113749999999999,0.44125,1.7955921361497953,0.67745163085338,-0.45612645315949585,-14.401913530980176,-65.15754729368552,129.44276568336053,1.0474999999999994,0.44125,610,1,2,13.17084361182684,0.2503536777511268,RNG-f96c6225fc10,range,final,40402,PAL,4,3,1000000.0,,False,,,,,
7.4955900949271115,87.96669854808212,True,22.51254705144291,561,8,0,2.025,2.025,3.4738656201613174,10.882070932799717,2.815139970121455,-9.135936418214236,-78.4477464961881,139.8490396507139,1.7899999999999998,1000000.0,610,40,2,16.59785780779616,0.3407019488987931,OVP56,range,final,40402,PAL,6,3,1000000.0,,False,,,,,
8.605610638990346,93.88234569564392,True,12.774780426599749,10,0,0,1.363749999999999,0.49249999999999977,1.9429289530671643,3.6765464746139314,1.7414351552302707,-5.307221622202653,-67.98440377912866,128.58967900700657,1.2024999999999977,0.4924999999999997,610,3,2,19.187482169277605,0.3463861785538688,RANGE32,range,final,40402,PAL,6,3,1000000.0,,False,,,,,
-6.815664080603415,-84.30756149682774,False,616.9335006273525,610,8,59,2.025,2.025,1000000.0,86.85047335405507,22.086607712954894,-157.28897016014287,-73.33363881090605,132.38722206455662,1000000.0,1000000.0,610,610,2,-6.852431739306171,-0.3043662471684722,PLL96-rejected-board,range,final,40402,PAL,6,3,1000000.0,,False,,,,,
9.194517361239528,94.42809460797476,True,8.256587202007529,476,8,0,2.025,2.025,3.501903799918067,12.296853318609816,-0.5714171867273259,-2.8726486083930785,-72.7951043991537,132.40007421608567,1.8337499999999998,1000000.0,610,19,2,14.220794903277863,0.2982790769457456,PLL96-IQ-corrected,range,final,40402,PAL,6,3,1000000.0,,False,,,,,
12.044454766273805,96.06082558963402,True,0.31493099121706397,40,2,0,2.025,2.025,2.660929134653744,2.2757385744891923,1.4288404075512304,-1.9242821483480055,-70.13203104724845,134.21341289431035,1.45,0.50625,610,2,2,25.714806959885035,0.5593627103941905,floating-PLL-IQ40,range,final,40402,PAL,6,3,1000000.0,,False,,,,,
3.9803707079196107,44.353898638085106,True,100.29924717691343,610,8,0,2.025,2.025,1000000.0,49.04924379964385,27.055927342124207,-26.381685269181485,-66.23611211228626,116.40185712434739,1000000.0,1000000.0,610,610,2,4.573241864190548,0.26170390559262346,HC50,range,final,40402,PAL,6,3,1000000.0,,False,,,,,
8.768735187081363,95.94657998762071,True,13.08030112923463,15,0,0,1.4774999999999978,0.9862499999999998,2.2963681592220957,0.5160513447188951,-2.4080759769108386,-9.893574812991343,-81.33844259385407,120.24177221780765,1.1399999999999977,0.9862499999999998,610,1,2,14.867499454358711,0.3090171182850917,PLL96-board-fixed,range,final,40402,PAL,6,3,1000000.0,,False,,,,,
9.789336444870878,92.99923551666282,True,10.005018820577165,0,0,2,0.5524999999999977,0.8399999999999994,1.210078916272223,0.13798236952739687,-1.715702879893844,-13.302605634765376,-65.27475655649393,122.7827165638105,0.5524999999999978,0.8399999999999995,610,0,2,14.16201552996911,0.3129312322152916,RNG-f96c6225fc10,range,final,40402,PAL,6,3,1000000.0,,False,,,,,
9.506224360535084,91.59363806173734,True,5.646800501882058,413,6,0,2.025,2.025,3.371946353090723,7.403550574440516,2.060158235551534,-6.508537650571824,-72.67368996022748,132.03536443409985,1.8299999999999996,0.85,610,12,2,20.00737152759327,0.4250586717537981,OVP56,range,final,40402,PAL,8,3,1000000.0,,False,,,,,
10.716290222597294,95.1399446837315,True,3.8751568381430364,0,0,2,0.275,0.15749999999999997,0.9683490047921604,2.0803344773583827,2.1744845020098937,-3.0638953097288453,-62.207512454856975,123.49987249710419,0.275,0.15749999999999997,610,0,2,22.89430945426367,0.43627404221779154,RANGE32,range,final,40402,PAL,8,3,1000000.0,,False,,,,,
-6.762105558137853,-83.49807185768601,False,614.6869510664994,610,8,62,2.025,2.025,1000000.0,85.51080037066193,22.751260141510254,-156.62176508354662,-71.84978146004858,126.83671641916312,1000000.0,1000000.0,610,610,2,-6.80543470603236,-0.3328975256368096,PLL96-rejected-board,range,final,40402,PAL,8,3,1000000.0,,False,,,,,
9.505039409807365,94.87062185875328,True,6.255959849435382,519,8,0,2.025,2.025,3.561687539898487,14.03091390039714,-0.8378626982417987,-2.5844753858846268,-71.14641925808363,129.03111443175914,1.85,1000000.0,610,37,2,13.843206749317707,0.3282960437994895,PLL96-IQ-corrected,range,final,40402,PAL,8,3,1000000.0,,False,,,,,
13.811652823225575,95.73791927547613,True,0.0370138017565872,2,0,1,0.925,0.47249999999999964,1.9901350043467694,2.429591527078692,1.7919389476180512,-1.7512272846762749,-64.81908753292451,130.24860133135502,0.925,0.4724999999999996,610,1,2,26.356314083058173,0.644477922281468,floating-PLL-IQ40,range,final,40402,PAL,8,3,1000000.0,,False,,,,,
4.20944850729856,44.49110907067112,True,92.03764115432874,610,8,0,2.025,2.025,1000000.0,49.243041611171634,27.180688075187476,-25.81604113509996,-56.54422456951214,114.93009693506498,1000000.0,1000000.0,610,610,2,4.593236052659767,0.3388641274808209,HC50,range,final,40402,PAL,8,3,1000000.0,,False,,,,,
10.464857496696727,97.8163166454729,True,5.578419071518193,4,0,0,1.0637499999999989,0.9374999999999998,2.1792336740103377,0.6045016364798615,-2.2051864536464287,-7.4914717013407515,-79.94530883132882,119.44486995097027,1.025,0.9374999999999998,610,1,2,16.946329399058044,0.3795236556778205,PLL96-board-fixed,range,final,40402,PAL,8,3,1000000.0,,False,,,,,
10.667412637158346,93.55372895622537,True,7.426599749058971,0,0,2,0.28874999999999884,0.125,0.6269772004116781,0.5016913771354634,-2.3550107700513925,-12.229152909296891,-60.55691191069747,119.15920476021098,0.28874999999999884,0.125,610,0,2,15.127556085939444,0.3611874325335271,RNG-f96c6225fc10,range,final,40402,PAL,8,3,1000000.0,,False,,,,,
11.125099439714548,93.76469480432684,True,1.433500627352572,165,3,0,2.025,2.025,3.159791719063959,4.979628104665685,1.7049658215495087,-4.709303340494814,-71.6563660300648,132.06585536701596,1.75,0.7949999999999999,610,3,2,22.660609579014086,0.49917861331649827,OVP56,range,final,40402,PAL,10,3,1000000.0,,False,,,,,
12.168708806659431,95.46569024875014,True,1.8776662484316187,0,0,2,0.1,0.10749999999999997,0.30678962995704456,1.6186096532124792,2.3149650872170993,-2.4236397225447996,-54.02501326587228,116.09067568724247,0.1,0.10749999999999997,610,0,2,24.11011224776493,0.5085045024228536,RANGE32,range,final,40402,PAL,10,3,1000000.0,,True,,,,,
-6.740781069391551,-82.98568905132572,False,614.3074027603514,610,8,60,2.025,2.025,1000000.0,84.44460179082598,23.055930045040846,-156.2882319460315,-69.07120857780413,82.1971479955627,1000000.0,1000000.0,610,610,2,-6.786745961092846,-0.3464705304675415,PLL96-rejected-board,range,final,40402,PAL,10,3,1000000.0,,False,,,,,
9.471807728678924,95.55426674003095,True,6.055207026348808,535,7,0,2.025,2.025,3.605201103960776,15.098034500849352,-1.0041388471635302,-2.3257128939106577,-54.72847366063839,123.11396164519438,1.9149999999999998,0.7,610,31,2,13.209087577282354,0.34445418236312886,PLL96-IQ-corrected,range,final,40402,PAL,10,3,1000000.0,,False,,,,,
15.442777329674428,95.75665741845636,True,0.0006273525721455459,0,0,2,0.18874999999999886,0.025,1.145690875396681,2.297593114126727,1.8977595304453811,-1.5853981432140698,-61.21823983446121,123.80729260887357,0.18874999999999886,0.025,610,0,2,26.88430068466552,0.7195181567285276,floating-PLL-IQ40,range,final,40402,PAL,10,3,1000000.0,,False,,,,,
4.298889082353485,44.437630315165386,True,89.64491844416563,610,8,0,2.025,2.025,1000000.0,49.26219556017464,27.186216599386306,-25.752421772092728,-17.90975361758028,96.39545099872812,1000000.0,1000000.0,610,610,2,4.590296187843053,0.3981042414383499,HC50,range,final,40402,PAL,10,3,1000000.0,,False,,,,,
11.229760764394424,98.72813600074667,True,4.3023839397741535,10,0,0,1.3024999999999978,0.5737499999999998,2.162691224685885,1.467307402988464,-2.1232018851083896,-5.800044396013716,-66.80016231490605,112.51220159445789,1.075,0.5737499999999998,610,1,2,17.592828591753886,0.41929738864772576,PLL96-board-fixed,range,final,40402,PAL,10,3,1000000.0,,False,,,,,
11.030545664963277,93.92114438569428,True,6.782936010037641,0,0,2,0.18874999999999886,0.125,0.3071767926898338,0.712417923972002,-2.9502542366725537,-11.89127613116288,-60.206222170217806,116.59242317078126,0.18874999999999886,0.125,610,0,2,15.249460294377254,0.3920048735030911,RNG-f96c6225fc10,range,final,40402,PAL,10,3,1000000.0,,True,,,,,
12.414150398501922,95.34980747056261,True,0.7503136762860728,30,0,0,1.975,1.4112499999999994,2.722082628467934,3.06849003404712,1.4567656377032798,-3.356471445108659,-66.82941901872762,128.55938476138022,1.476249999999999,1.4112499999999994,610,2,2,24.877624385757553,0.559906531273143,OVP56,range,final,40402,PAL,12,3,1000000.0,,False,,,,,
13.23895225540224,95.70860471232548,True,1.4516938519447928,0,0,2,0.1,0.05,0.045796681818378183,1.3707442878646179,2.2524611661723446,-2.215439924377392,-54.85206939252578,111.61495428843483,0.1,0.05,610,0,2,24.5219291235803,0.5659489788881601,RANGE32,range,final,40402,PAL,12,3,1000000.0,,True,,,,,
-6.741295385952952,-82.80022298410722,False,614.8563362609787,610,8,59,2.025,2.025,1000000.0,83.73044097446092,23.054297434868786,-156.2771172624999,-69.79027226911126,82.29060603955372,1000000.0,1000000.0,610,610,2,-6.788542037005607,-0.35462936967229247,PLL96-rejected-board,range,final,40402,PAL,12,3,1000000.0,,False,,,,,
9.355920359055583,96.33418889208373,True,6.187578419071518,539,8,0,2.025,2.025,3.597342279916277,15.610752125369268,-1.1637299338348548,-2.049497058727101,-54.9380254621639,123.20587893795152,1.95,1000000.0,610,36,2,12.702731305947385,0.3529467374871459,PLL96-IQ-corrected,range,final,40402,PAL,12,3,1000000.0,,False,,,,,
16.924347894961784,96.03641516917402,True,0.0,0,0,2,0.05,0.025,0.5559882650017643,1.9961348631669844,1.8420103936850745,-1.3538815050192627,-58.69671981748129,121.08589569123822,0.05,0.025,610,0,2,27.632904964430697,0.7815289040888489,floating-PLL-IQ40,range,final,40402,PAL,12,3,1000000.0,,False,,,,,
4.358984151666819,44.493567178006906,True,89.1706398996236,610,8,0,2.025,2.025,1000000.0,49.16332238680675,27.14653858722462,-25.682540225437798,-8.228603366785755,93.94305630781554,1000000.0,1000000.0,610,610,2,4.600759916023969,0.4471883349342959,HC50,range,final,40402,PAL,12,3,1000000.0,,False,,,,,
11.593644375398265,99.0686986626508,True,4.1499372647427855,2,0,0,0.975,0.15624999999999994,1.9669872538753002,2.5983043557013867,-1.95789088693488,-4.537222578168052,-63.39419302525741,112.69009026422671,0.975,0.15624999999999994,610,1,2,17.7202921585256,0.4413965681304507,PLL96-board-fixed,range,final,40402,PAL,12,3,1000000.0,,False,,,,,
11.243319389009445,94.42620454866773,True,6.553952321204517,0,0,2,0.175,0.125,0.07165348080502028,0.7121249539495124,-3.4902314217161963,-11.512521866406525,-56.71634649835724,113.61051843205428,0.175,0.125,610,0,2,15.355929891253082,0.40956736834956325,RNG-f96c6225fc10,range,final,40402,PAL,12,3,1000000.0,,True,,,,,
13.481072258774088,96.31488595496256,True,0.5928481806775407,0,0,0,0.975,0.6387499999999996,1.9353273116655714,1.8052986475800634,1.2805548670651676,-2.5221917653443167,-66.27217033775939,126.94876523892604,0.975,0.6387499999999997,610,0,2,26.382920261216398,0.6110140820072572,OVP56,range,final,40402,PAL,14,3,1000000.0,,False,,,,,
14.110304106487064,95.73184324289363,True,1.289836888331242,0,0,2,0.075,0.05,0.04429548694770638,1.3439448151605942,2.173332489944881,-2.335002991543908,-50.81495379124796,110.39599649768125,0.075,0.05,610,0,2,24.744582669838238,0.6138890275067156,RANGE32,range,final,40402,PAL,14,3,1000000.0,,True,,,,,
-6.742957402445863,-82.69038286883718,False,615.1718946047679,610,8,60,2.025,2.025,1000000.0,83.39188351269023,23.030275950059284,-156.241843761914,-69.98209179469937,78.31173519467863,1000000.0,1000000.0,610,610,2,-6.790967382160071,-0.3620489485982742,PLL96-rejected-board,range,final,40402,PAL,14,3,1000000.0,,False,,,,,
9.247900832785184,96.9559639277147,True,6.268506900878294,560,8,0,2.025,2.025,3.6345494906521774,15.887347505893423,-1.1732317844783513,-1.866925298102931,-55.10841540265805,122.55813039725426,1.9,1000000.0,610,56,2,12.310160731589256,0.3617541950583763,PLL96-IQ-corrected,range,final,40402,PAL,14,3,1000000.0,,False,,,,,
18.214511477724415,96.18460216324085,True,0.0,0,0,2,0.025,0.025,0.1710472803968176,1.8169794395061516,1.7922158589119122,-1.2603375638568535,-55.702927988892924,120.4279547927331,0.025,0.025,610,0,2,28.11258017792554,0.8294917862422263,floating-PLL-IQ40,range,final,40402,PAL,14,3,1000000.0,,True,,,,,
4.394807400281296,44.501574000456806,True,89.09347553324969,610,8,0,2.025,2.025,1000000.0,49.07933257346671,27.11216843076099,-25.67603222777141,-3.5758708263551213,89.97995086315127,1000000.0,1000000.0,610,610,2,4.606391153711912,0.4862777879097507,HC50,range,final,40402,PAL,14,3,1000000.0,,False,,,,,
11.832349412197548,98.93565767397263,True,4.025094102885822,8,0,0,1.225,1.3524999999999998,2.036701762597421,3.625191471965618,-1.6778902156789641,-3.759794896516934,-62.3343645455747,111.93730144801138,0.975,1.3524999999999998,610,2,2,17.74073996267098,0.4578197466885538,PLL96-board-fixed,range,final,40402,PAL,14,3,1000000.0,,False,,,,,
11.313543956131477,94.72537594441432,True,6.449811794228356,0,0,2,0.175,0.125,0.06781121334807175,0.7317545702006162,-3.85600977562499,-11.312416614003123,-56.8894609078616,114.06287122517044,0.175,0.125,610,0,2,15.265628737447429,0.4215079018701154,RNG-f96c6225fc10,range,final,40402,PAL,14,3,1000000.0,,True,,,,,
14.899585123567455,97.183455505029,True,0.42534504391468003,0,0,2,0.05,0.04124999999999999,0.6003789786732934,0.6647512224205765,1.182452578470436,-1.6539263930181347,-63.56036158576944,124.13451301101458,0.05,0.04124999999999999,610,0,2,27.68709396110324,0.6784628867162826,OVP56,range,final,40402,PAL,18,3,1000000.0,,False,,,,,
15.240618376228259,95.63457850208003,True,1.0796737766624842,0,0,2,0.075,0.05,0.03990254521649087,1.401977327218506,2.0672215718490192,-2.7596395645366476,-50.97174792591409,108.57188777373392,0.075,0.05,610,0,2,24.978092037991637,0.6765008805893987,RANGE32,range,final,40402,PAL,18,3,1000000.0,,True,,,,,
-6.745964789387642,-82.66754980024695,False,616.1649937264742,610,8,60,2.025,2.025,1000000.0,83.49586518779462,22.82379432714617,-156.17509948854172,-70.14409950777004,78.18384912002492,1000000.0,1000000.0,610,610,2,-6.794435163548531,-0.3653254087283138,PLL96-rejected-board,range,final,40402,PAL,18,3,1000000.0,,False,,,,,
9.04840760290737,98.08205927121632,True,6.464868255959849,580,8,0,2.025,2.025,3.657751472330144,15.612248773989233,-0.992254965128791,-1.685976469618985,-53.45200180750391,117.42359350680019,1.9274999999999998,1000000.0,610,54,2,11.802101008378845,0.3687887028777308,PLL96-IQ-corrected,range,final,40402,PAL,18,3,1000000.0,,False,,,,,
20.069779017106562,96.33411779936006,True,0.0,0,0,2,0.025,0.025,0.021591399319871883,1.6736342879023685,1.7515311516460534,-1.1501885949511654,-52.27741027276923,114.86794813452568,0.025,0.025,610,0,2,28.625624926335046,0.8874733620899474,floating-PLL-IQ40,range,final,40402,PAL,18,3,1000000.0,,True,,,,,
4.427331643873814,44.491967264882234,True,89.03952321204517,610,8,0,2.025,2.025,1000000.0,48.998913988197074,27.099922369068675,-25.657846365283742,-1.3957412924369876,86.41178007102465,1000000.0,1000000.0,610,610,2,4.608481022381988,0.5376117947807489,HC50,range,final,40402,PAL,18,3,1000000.0,,False,,,,,
12.028720903417502,98.26466987808391,True,3.951066499372647,23,1,0,1.825,1.8674999999999997,2.4776827560976633,5.008480994931812,-1.0994763437332893,-2.9347330999526764,-61.54425417575055,111.56368799877447,1.425,1.124999999999999,610,1,2,17.61589923264322,0.47521754333090793,PLL96-board-fixed,range,final,40402,PAL,18,3,1000000.0,,False,,,,,
11.32717586644734,94.98881418915809,True,6.479924717691342,0,0,2,0.125,0.125,0.06497950496559489,0.7497097132213684,-4.242168545400191,-11.340017584105343,-56.75021997514672,114.1913858329851,0.125,0.125,610,0,2,15.089285047084125,0.42944095759031736,RNG-f96c6225fc10,range,final,40402,PAL,18,3,1000000.0,,True,,,,,
15.567445099683333,97.47195955761394,True,0.36323713927227097,0,0,2,0.05,0.04124999999999999,0.02330306389480246,0.3179945965481189,1.1117986043882508,-1.3726320140719748,-58.41343617998107,122.41041200856975,0.05,0.04124999999999999,610,0,2,28.0403041791546,0.7092121006451516,OVP56,range,final,40402,PAL,22,3,1000000.0,,True,0.8220163417509405,-60.19201054976664,16.260341162270436,25.871276232979337,12.136246981363529
15.770804364088953,95.62293809315501,True,0.9836888331242158,0,0,2,0.075,0.05,0.038557493796522256,1.3642109364805715,1.99811736664408,-2.953048919498762,-49.11065392480993,106.86312201231854,0.075,0.05,610,0,2,25.10592641042767,0.7049514094888278,RANGE32,range,final,40402,PAL,22,3,1000000.0,,True,0.7831538235564998,-61.47483032990375,16.056805644369547,24.72780828337871,12.041563614633914
-6.755544351700095,-82.92677560150464,False,617.0972396486826,610,8,60,2.025,2.025,1000000.0,84.13879497912376,22.666517856649197,-156.20389153725648,-67.94568424121354,70.11111751980462,1000000.0,1000000.0,610,610,2,-6.803493999329593,-0.370280911451813,PLL96-rejected-board,range,final,40402,PAL,22,3,1000000.0,contrast;waveform;detail_floor;sync;h_jitter_us;v_jitter_us;h_width_rmse_us;sync_error_ire;black_error_ire;white_error_ire,False,0.32404630318650784,65.88688967949413,28.233568030608303,33.83561953297974,28.77633215282097
8.97813338790115,98.87754328964783,True,6.461731493099122,601,8,0,2.025,2.025,3.680589098379648,14.846879767397718,-0.9900811577865493,-1.6059931891540329,-48.541898759558315,110.67064186545673,1.89,1000000.0,610,200,2,11.638179947295486,0.3735225829580021,PLL96-IQ-corrected,range,final,40402,PAL,22,3,1000000.0,waveform;sync;h_jitter_us;v_jitter_us;h_width_rmse_us,False,0.3760307995315337,-112.38473394463978,27.240272976108322,34.09008078565508,16.854537758367247
21.046584950156596,96.39503420804678,True,0.0,0,0,2,0.025,0.025,0.020092001507818077,1.6452898076745754,1.7343796623732515,-1.0840861069998309,-49.46001689363273,114.76429588681657,0.025,0.025,610,0,2,28.84421923434852,0.9126139981694629,floating-PLL-IQ40,range,final,40402,PAL,22,3,1000000.0,,True,0.4892312885733586,13.502572676490557,9.520399608831115,20.500437006306193,6.990427784513331
4.43972268816183,44.49013324331611,True,88.93726474278544,610,8,0,2.025,2.025,1000000.0,48.96247071859813,27.11026366537034,-25.622614994513224,1.2392804756073872,84.48801099526526,1000000.0,1000000.0,610,610,2,4.608839434003814,0.5627965101693102,HC50,range,final,40402,PAL,22,3,1000000.0,contrast;waveform;sync;h_jitter_us;v_jitter_us;h_width_rmse_us;sync_error_ire;black_error_ire;white_error_ire,False,0.41071998175125146,98.87162837112815,15.546825456927587,24.008995433830016,30.73672434144123
12.036198015927152,97.63441282136175,True,3.841279799247177,0,0,2,0.475,0.4649999999999997,0.17215783360663886,5.618957443071097,-0.7360842029030986,-2.7044578923109777,-58.26323088524911,111.42914499186514,0.475,0.4649999999999997,610,0,2,17.343303816764458,0.4811980697062147,PLL96-board-fixed,range,final,40402,PAL,22,3,1000000.0,,True,0.43429016209439375,-100.16660352574152,24.243421015075192,31.385630765860306,15.528824638967615
11.403069756111135,95.1618591442012,True,6.296737766624843,0,0,2,0.125,0.11624999999999999,0.06380201189078191,0.7512003156067747,-4.364044894578268,-11.121293028272039,-55.81918675150147,113.67185280491717,0.125,0.11624999999999999,610,0,2,15.18482196276974,0.4345807126078804,RNG-f96c6225fc10,range,final,40402,PAL,22,3,1000000.0,,True,0.23964463270662875,-68.78708509363123,40.56143546513121,72.30583324261055,14.155603291041364
15.991081280199136,97.55263560549844,True,0.29924717691342534,0,0,2,0.05,0.04124999999999999,0.021424667872399397,0.174936677261857,1.1188299833528146,-1.2796699526677489,-55.396471137777695,124.08175974783765,0.05,0.04124999999999999,610,0,2,28.179265782975005,0.7283790638566071,OVP56,range,final,40402,PAL,30,3,1000000.0,,True,0.8070992984956948,-59.90360185708168,16.071255209478437,28.348232245685345,11.93339737948817
16.10992110684617,95.68985741221718,True,0.9015056461731493,0,0,2,0.05,0.05,0.03912464319221369,1.2715342235498843,1.915288040895651,-3.023928688818976,-45.565923373288015,103.3192436883929,0.05,0.05,610,0,2,25.243597700151724,0.7229511413419465,RANGE32,range,final,40402,PAL,30,3,1000000.0,,True,0.7764585871768289,-60.94653189685272,16.217806883306565,27.687446007350943,11.826302333741832
-6.762883326139011,-83.1997770616627,False,617.6587202007529,610,8,60,2.025,2.025,1000000.0,84.91447971259684,22.587245652538037,-156.22739696942435,-67.9805837715239,66.95752192186924,1000000.0,1000000.0,610,610,2,-6.810445743918749,-0.37027672066375056,PLL96-rejected-board,range,final,40402,PAL,30,3,1000000.0,contrast;waveform;detail_floor;sync;h_jitter_us;v_jitter_us;h_width_rmse_us;sync_error_ire;black_error_ire;white_error_ire,False,0.32392254674597565,66.57824809745836,23.69534658162889,30.35873783622569,28.753092548628054
8.923033732356252,99.54473662253658,True,6.491844416562108,610,8,0,2.025,2.025,1000000.0,13.984345727771721,-1.0422424054726527,-1.5994414915249289,-47.28804186388973,107.1103430899891,1000000.0,1000000.0,610,610,2,11.530241794211065,0.37482528470258575,PLL96-IQ-corrected,range,final,40402,PAL,30,3,1000000.0,waveform;sync;h_jitter_us;v_jitter_us;h_width_rmse_us,False,0.37370001870434677,-111.72081329942095,24.674974023728794,31.30441713165242,16.871559608506644
21.721254239556874,96.41587693723551,True,0.0,0,0,2,0.025,0.025,0.020320182973230676,1.6494953805289723,1.72776641229498,-1.0379006723904503,-45.34636977008735,112.08936181304205,0.025,0.025,610,0,2,28.950511075242677,0.9280683819612034,floating-PLL-IQ40,range,final,40402,PAL,30,3,1000000.0,,True,0.48619268428502216,13.154198884581426,7.142646894553743,16.67208005115908,6.8663407913111225
4.44705483128082,44.49478119794868,True,88.90966122961105,610,8,0,2.025,2.025,1000000.0,48.94649183872426,27.115642105037853,-25.57589976805888,1.6778916892863975,84.29513516412942,1000000.0,1000000.0,610,610,2,4.609747640629376,0.5780028813032847,HC50,range,final,40402,PAL,30,3,1000000.0,contrast;waveform;sync;h_jitter_us;v_jitter_us;h_width_rmse_us;sync_error_ire;black_error_ire;white_error_ire,False,0.4035226155924346,99.13445139141814,15.242036614156207,25.618461398436136,30.73249279693858
11.982571970129843,97.24540578707773,True,3.7653701380175657,0,0,2,0.425,0.075,0.11684022999062564,5.730509061413067,-0.6043468885530292,-2.6526068932596787,-57.49751191536831,111.43969137545344,0.425,0.075,610,0,2,16.97964515876255,0.48580326180465205,PLL96-board-fixed,range,final,40402,PAL,30,3,1000000.0,,True,0.43021665918584256,-100.55682654895844,24.001774726157056,30.00596946215229,15.495218696835583
11.35895074729638,95.15441782390018,True,6.43224592220828,0,0,2,0.125,0.11624999999999999,0.06395438948521227,0.7400454423036177,-4.413552006224801,-11.268388711608683,-49.67343047769255,113.69458914037293,0.125,0.11624999999999999,610,0,2,15.056162041423091,0.4326649907239246,RNG-f96c6225fc10,range,final,40402,PAL,30,3,1000000.0,,True,0.23788014353020548,-68.19171093149234,34.516195378029735,70.77561846897235,14.088299602719236
0.775715732654117,55.286826797232976,True,222.25642523188637,506,12,0,2.025,2.025,1000000.0,35.87326194589071,14.09734145466952,-29.91841829728997,-89.84530292530539,150.33279724075163,1000000.0,1000000.0,506,506,2,5.518481551341782,0.1240961884930127,OVP56,range,final,40402,NTSC,0,3,1000000.0,,False,,,,,
1.1880827486358116,62.88869219487608,True,169.1543711446351,461,12,0,2.025,2.025,3.4592709572329765,31.737254606219096,4.971271510401366,-35.14962965141131,-74.0569337406004,131.48162451652206,1.8199999999999998,1000000.0,506,50,2,5.989330742850198,0.12246673707467962,RANGE32,range,final,40402,NTSC,0,3,1000000.0,,False,,,,,
-6.7487605496030865,-77.74434038063887,False,642.0580611559848,505,12,1,2.025,2.025,3.425,89.84869914324085,18.769540182012896,-148.68492987448778,-76.48569616994556,136.1394634979896,1.65,1000000.0,506,361,2,-6.646235177608583,-0.09975430037906897,PLL96-rejected-board,range,final,40402,NTSC,0,3,1000000.0,,False,,,,,
2.6291331461263368,84.55425638754078,True,117.82251096586958,304,6,0,2.025,2.025,3.2661830525359825,12.847356979346152,3.4487438577937772,-12.463805698419913,-76.80410890187858,137.75614641531246,1.95,1.63125,506,13,2,5.448328638241055,0.0995943434945293,PLL96-IQ-corrected,range,final,40402,NTSC,0,3,1000000.0,,False,,,,,
5.913357356213802,92.16762097868644,True,41.289471862045296,387,9,0,2.025,2.025,3.4299908432638637,4.806770694824911,1.5110945934440667,-7.949162188474701,-79.88401530997547,140.95446984919124,1.8,0.8225,506,25,2,13.271733445366571,0.26707553683130114,floating-PLL-IQ40,range,final,40402,NTSC,0,3,1000000.0,,False,,,,,
0.8673985040687825,31.89607768584031,True,227.02435822944483,506,12,0,2.025,2.025,1000000.0,52.80630894987159,27.008883417860012,-41.49444244651889,-80.69554726677069,139.59669923460774,1000000.0,1000000.0,506,506,2,2.833693236971943,0.07860416491915238,HC50,range,final,40402,NTSC,0,3,1000000.0,,False,,,,,
0.2835091091522342,70.05410745363781,True,197.5625212618954,355,10,0,2.025,2.025,3.3772294574024757,17.279178085422096,2.659174481074164,-30.3100021351077,-85.46996281305145,129.65023154541743,1.9,1.125,506,11,2,3.9359701004782828,0.08226875131509633,PLL96-board-fixed,range,final,40402,NTSC,0,3,1000000.0,,False,,,,,
4.535620025709647,82.08732159221427,True,76.03780628418838,79,1,0,2.025,1.97,2.81643148323651,4.809435369463409,3.998392159922179,-24.964937685725275,-73.7281616647154,133.3856958157076,1.8174999999999997,1.6625,506,3,2,7.204327657463191,0.11117750012492626,RNG-f96c6225fc10,range,final,40402,NTSC,0,3,1000000.0,,False,,,,,
2.8001658806930383,68.72050005782529,True,136.1288147227148,506,12,0,2.025,2.025,1000000.0,26.2367054725149,9.330759223542062,-21.190500032398663,-85.49763705229921,146.6208167292552,1000000.0,1000000.0,506,506,2,8.453415826281441,0.1842458437784116,OVP56,range,final,40402,NTSC,2,3,1000000.0,,False,,,,,
3.3231950101052625,77.12694146709416,True,92.53252129200071,316,7,0,2.025,2.025,3.2654022682793937,19.97601519632688,2.9520149325897624,-22.969363772853587,-70.69550457689496,132.48758298537436,1.825,1.78,506,11,2,9.300219505046776,0.1806360169757672,RANGE32,range,final,40402,NTSC,2,3,1000000.0,,False,,,,,
-6.715224836562484,-81.72863362962433,False,626.3611376205342,506,12,14,2.025,2.025,1000000.0,89.81403761788951,20.26468173297179,-153.56374518291398,-76.09887002564695,134.48089958964297,1000000.0,1000000.0,506,506,2,-6.690932582553853,-0.16198645306467335,PLL96-rejected-board,range,final,40402,NTSC,2,3,1000000.0,,False,,,,,
5.624209245997828,89.42453541653423,True,49.07471241875322,332,9,0,2.025,2.025,3.3345748406380222,11.256497030406187,1.7525029333090985,-7.090186229734993,-74.4190723123799,135.5042892740117,1.875,1.7,506,15,2,9.690151375318903,0.16291520878445323,PLL96-IQ-corrected,range,final,40402,NTSC,2,3,1000000.0,,False,,,,,
8.268418277582207,94.1025706662082,True,11.976656320465308,287,6,0,2.025,2.025,3.3392141332051857,3.9697285803729327,1.4726062863578064,-4.742123030368955,-76.1922073052021,139.56150384306542,1.875,1.55625,506,7,2,18.688281470278582,0.3761304990825808,floating-PLL-IQ40,range,final,40402,NTSC,2,3,1000000.0,,False,,,,,
2.1522867017609824,38.083826686754904,True,170.5934063287443,506,12,0,2.025,2.025,1000000.0,50.87418505522233,27.0554469403888,-34.33263489625823,-78.86835545751394,130.5759161285104,1000000.0,1000000.0,506,506,2,3.654642277134408,0.12267054914730047,HC50,range,final,40402,NTSC,2,3,1000000.0,,False,,,,,
2.8763809750348504,81.70095852010313,True,102.52222526620645,229,7,0,2.025,2.025,3.1848365208060407,9.88101734105621,0.2780673642449859,-21.34981842738028,-82.9111181392268,128.5802418523138,1.85,1.6799999999999997,506,11,2,7.177998660287772,0.1333947944714996,PLL96-board-fixed,range,final,40402,NTSC,2,3,1000000.0,,False,,,,,
6.784443530908735,87.24841125565027,True,35.87577935195248,29,0,0,2.025,1.4612499999999997,2.413585652572968,2.5955846010654113,1.9016591309182804,-18.662267532581573,-67.1188453049392,131.28411129539327,1.4,1.4612499999999997,506,2,2,10.455176384750551,0.17690993341212619,RNG-f96c6225fc10,range,final,40402,NTSC,2,3,1000000.0,,False,,,,,
5.1413240593244725,80.50553197671705,True,65.7402752230053,502,12,0,2.025,2.025,3.5479087150038118,17.18360266596307,5.2078324136920084,-13.951715909557654,-86.73194396901471,142.93744573093247,1.8974999999999997,1000000.0,506,255,2,12.332999325084122,0.26460528340805645,OVP56,range,final,40402,NTSC,4,3,1000000.0,,False,,,,,
5.926768185742281,88.42001073800361,True,39.96634223146791,84,2,0,2.025,2.025,2.8950150712963785,9.314800399971821,1.7805155241468036,-12.062893051242401,-68.34591048412733,132.92643835959723,1.65,1.8912499999999999,506,4,2,13.85583907780383,0.26189585789300496,RANGE32,range,final,40402,NTSC,4,3,1000000.0,,False,,,,,
-6.742349691480553,-83.99603015116593,False,618.7655606968784,506,12,36,2.025,2.025,1000000.0,88.32013971430865,21.13937168539731,-156.75940317873003,-74.44944232670898,135.02618412747017,1000000.0,1000000.0,506,506,2,-6.76238057143507,-0.24221355455414084,PLL96-rejected-board,range,final,40402,NTSC,4,3,1000000.0,,False,,,,,
7.973159586804165,92.62594283364238,True,18.45607781627916,343,9,0,2.025,2.025,3.44122817906167,11.116978352651891,0.22597318269664426,-4.291855656851664,-73.48161687839092,134.34415757010282,1.8725,1.8225000000000002,506,15,2,13.142353815738153,0.23812774823338115,PLL96-IQ-corrected,range,final,40402,NTSC,4,3,1000000.0,,False,,,,,
10.253772566553659,95.70902036670218,True,2.3896112497629205,125,2,0,2.025,2.025,3.1085295618258817,2.6939600334067344,1.2987738141865108,-2.6797533547362926,-76.62766303229344,137.2679199736946,1.75,1.7537499999999997,506,4,2,23.1019690752982,0.47942440251633434,floating-PLL-IQ40,range,final,40402,NTSC,4,3,1000000.0,,False,,,,,
3.2942350331965633,42.63170635186593,True,127.8137202070043,506,12,0,2.025,2.025,1000000.0,49.33005621248557,27.02786280188349,-28.997058010366786,-75.1331638093363,124.3043548239747,1000000.0,1000000.0,506,506,2,4.27725839979123,0.1894769285692475,HC50,range,final,40402,NTSC,4,3,1000000.0,,False,,,,,
5.913559918794662,90.95002309412037,True,41.1336767348954,72,1,0,2.025,1.6949999999999996,2.913422378220681,3.3605021943220623,-1.8689814624774435,-14.506994954191198,-82.37400266007161,125.59605808207104,1.7,1.325,506,3,2,11.098877295269403,0.21528485078344528,PLL96-board-fixed,range,final,40402,NTSC,4,3,1000000.0,,False,,,,,
8.578541648214292,91.21153853613512,True,16.83264743336936,1,0,1,1.09375,0.7674999999999998,1.7769773534998936,0.6181903915247702,-0.2580109727435113,-14.908804653237643,-65.15713887480955,130.72862821184862,1.069999999999999,0.7674999999999998,506,1,2,12.937826052392419,0.25172818119764334,RNG-f96c6225fc10,range,final,40402,NTSC,4,3,1000000.0,,False,,,,,
7.554314333045927,87.80843342984763,True,22.40439297100555,467,12,0,2.025,2.025,3.5244612245103397,10.975483286017537,2.8114619657243494,-9.348426412414366,-82.47926557188046,136.90409376467764,1.675,1000000.0,506,47,2,16.48186894714642,0.3586150930283305,OVP56,range,final,40402,NTSC,6,3,1000000.0,,False,,,,,
8.682192465605606,93.75195181157655,True,12.589299960562007,6,0,0,1.25,1.5849999999999997,2.017920030625594,3.55528946287742,1.7835001629749474,-5.641064217492477,-64.75615825576755,126.40671611644356,1.175,1.5849999999999997,506,1,2,19.198586063321883,0.36286930350867547,RANGE32,range,final,40402,NTSC,6,3,1000000.0,,False,,,,,
-6.711807392936208,-83.93224962496711,False,614.3829760331399,506,12,49,2.025,2.025,1000000.0,86.72159721065182,21.934707316138812,-157.18830680033307,-73.25389414877958,131.90786476071116,1000000.0,1000000.0,506,506,2,-6.751447304671817,-0.2965722654971889,PLL96-rejected-board,range,final,40402,NTSC,6,3,1000000.0,,False,,,,,
9.230975021828378,93.93776891415516,True,8.236820635403276,395,7,0,2.025,2.025,3.4825958851263663,12.424812680753522,-0.5063097961125813,-2.974846670259632,-72.22528010570925,132.71837727916994,1.875,1.59,506,22,2,14.382181044025764,0.2952210230746277,PLL96-IQ-corrected,range,final,40402,NTSC,6,3,1000000.0,,False,,,,,
12.153252215640402,95.90067253787993,True,0.3025586527258879,23,0,0,1.91875,1.0574999999999997,2.6859559698643034,2.3180419678310953,1.405400745941565,-2.06814593747194,-71.11412284517839,131.55327535382523,1.475,1.0574999999999997,506,2,2,25.623971165656762,0.5747645564058255,floating-PLL-IQ40,range,final,40402,NTSC,6,3,1000000.0,,False,,,,,
3.9464353763838607,44.27883569252634,True,105.65769627928121,506,12,0,2.025,2.025,1000000.0,49.02660184330374,26.979264959200876,-26.534294846459403,-71.4037901090525,116.88650770085891,1000000.0,1000000.0,506,506,2,4.521416472997812,0.2751904310810893,HC50,range,final,40402,NTSC,6,3,1000000.0,,False,,,,,
8.8179733548918,95.76020417488961,True,13.11689601917108,13,1,0,1.60625,1.7774999999999996,2.3822942327426784,0.629665236822792,-2.3508069266530773,-10.131713901925192,-81.67510807039014,121.99033710250498,1.35,1.5,506,1,2,14.932248924247615,0.31349756374324356,PLL96-board-fixed,range,final,40402,NTSC,6,3,1000000.0,,False,,,,,
9.843173995287945,92.8120575415517,True,9.889603723428277,0,0,2,0.525,0.3837499999999996,1.1067196168301527,0.1417097097975987,-1.6403970219687398,-13.312499397077802,-64.86503913283133,128.45884127427905,0.525,0.3837499999999996,506,0,2,14.373956185401088,0.31475403418313597,RNG-f96c6225fc10,range,final,40402,NTSC,6,3,1000000.0,,False,,,,,
9.593268520843846,91.4985840866084,True,5.4550873506398885,337,9,0,2.025,2.025,3.3986117945681165,7.477016745182518,2.0262797589150834,-6.647883876140989,-75.79643473687447,131.4290066083409,1.815,1.4899999999999998,506,19,2,19.893025952741464,0.44671584494560124,OVP56,range,final,40402,NTSC,8,3,1000000.0,,False,,,,,
10.80615691181965,95.0883969870824,True,3.6991934779794504,0,0,2,0.25,0.4149999999999996,0.970585170462917,1.9780084504981714,2.142603737877952,-3.233199482367467,-63.6089523336505,120.6894348926437,0.25,0.4149999999999995,506,0,2,22.943067031385702,0.45578944683501693,RANGE32,range,final,40402,NTSC,8,3,1000000.0,,False,,,,,
-6.660490963095515,-83.15439694335402,False,612.3245235077537,506,12,50,2.025,2.025,1000000.0,85.41799475891766,22.592639858965853,-156.60109601820756,-71.31291526935682,112.35621943855242,1000000.0,1000000.0,506,506,2,-6.7065451862824865,-0.3231456105935547,PLL96-rejected-board,range,final,40402,NTSC,8,3,1000000.0,,False,,,,,
9.47557234707999,94.41226500713303,True,6.475658328491392,443,12,0,2.025,2.025,3.5337067412751346,14.161259415450706,-0.8754552525097096,-2.69881758105766,-67.85990730210874,130.53534755498208,1.8399999999999999,1000000.0,506,41,2,13.9038549222462,0.32170601248643954,PLL96-IQ-corrected,range,final,40402,NTSC,8,3,1000000.0,,False,,,,,
13.934449085636402,95.64252085800415,True,0.02483690432824453,0,0,0,0.9,0.2662499999999997,2.0397785762960168,2.4375241303493214,1.7405208998002224,-1.8683143234827786,-68.55294975292803,128.81894604782997,0.9,0.2662499999999997,506,0,2,26.306785099102118,0.6604227153392281,floating-PLL-IQ40,range,final,40402,NTSC,8,3,1000000.0,,False,,,,,
4.173220933991081,44.454626660864214,True,97.65343938440604,506,12,0,2.025,2.025,1000000.0,49.216846099437944,27.09936209049907,-25.900297154671495,-56.84685079603415,102.7729865089542,1000000.0,1000000.0,506,506,2,4.54535007764203,0.35501029120814664,HC50,range,final,40402,NTSC,8,3,1000000.0,,False,,,,,
10.511305600982919,97.68174024923037,True,5.647761517549907,6,0,0,1.2625,0.5449999999999996,2.155697972815301,0.582100524827072,-2.2033285952213326,-7.496619226729295,-80.02537234292406,119.53487755185989,1.175,0.5449999999999996,506,1,2,17.10536667578512,0.3853940240094251,PLL96-board-fixed,range,final,40402,NTSC,8,3,1000000.0,,False,,,,,
10.626050263525746,93.30384374792234,True,7.602350624836302,0,0,2,0.275,0.3837499999999996,0.6532839285520101,0.48232048608774547,-2.3393731620761153,-12.418983010459678,-60.46101009691474,120.95457040950126,0.275,0.3837499999999996,506,0,2,15.130328703844047,0.3607147212235407,RNG-f96c6225fc10,range,final,40402,NTSC,8,3,1000000.0,,False,,,,,
11.19878923319256,93.69189884640063,True,1.4608615545794736,137,5,0,2.025,2.025,3.1806292520544406,5.031698628745645,1.685332772720259,-4.8190671660652695,-69.19436271493656,131.96945467094375,1.775,1.0124999999999988,506,5,2,22.507608986083643,0.5194401597422469,OVP56,range,final,40402,NTSC,10,3,1000000.0,,False,,,,,
12.230444929933828,95.39520164494517,True,1.8251361513937268,0,0,2,0.125,0.34499999999999964,0.2774994213575137,1.6001857841824083,2.261173859477545,-2.5818958086888775,-56.869769234303796,121.02477484942096,0.125,0.3449999999999996,506,0,2,24.03857637739899,0.5271142756476496,RANGE32,range,final,40402,NTSC,10,3,1000000.0,,True,,,,,
-6.638263793475185,-82.60390063139576,False,611.7344588715918,506,12,51,2.025,2.025,1000000.0,84.3373954542715,22.863408511257727,-156.24882325024544,-70.1139523648124,81.89258830181831,1000000.0,1000000.0,506,506,2,-6.686712434469715,-0.33558858235686245,PLL96-rejected-board,range,final,40402,NTSC,10,3,1000000.0,,False,,,,,
9.416753168822197,95.03795071661568,True,6.255889356859652,441,11,0,2.025,2.025,3.5825283830535968,15.202974909311864,-1.099896708821653,-2.496128364100042,-65.22453669399337,125.30949698583808,1.94,0.05,506,31,2,13.249996765523838,0.3348928250108912,PLL96-IQ-corrected,range,final,40402,NTSC,10,3,1000000.0,,False,,,,,
15.569841073289671,95.68172107601806,True,0.0007526334644922584,0,0,1,0.3,0.25499999999999967,1.1163407410811579,2.294687349927965,1.8442721683424506,-1.6970743466949674,-63.303514260711395,125.47329030060212,0.3,0.2549999999999997,506,0,2,26.803000544932978,0.7344753847167289,floating-PLL-IQ40,range,final,40402,NTSC,10,3,1000000.0,,False,,,,,
4.258466551386452,44.398933814430144,True,95.45198650076618,506,12,0,2.025,2.025,1000000.0,49.23998700747779,27.110202091714637,-25.845064818596544,-22.747483721256216,96.30388681260158,1000000.0,1000000.0,506,506,2,4.541204232602728,0.41562479670530905,HC50,range,final,40402,NTSC,10,3,1000000.0,,False,,,,,
11.201879278520918,98.48407707305445,True,4.515048153489058,5,0,0,1.1625,1.4099999999999997,2.198463614770338,1.4869870063448858,-2.1457904680048268,-5.8903047667985815,-79.04279387288746,112.52789848959355,1.025,1.4099999999999997,506,1,2,17.63850419312372,0.4204636822614282,PLL96-board-fixed,range,final,40402,NTSC,10,3,1000000.0,,False,,,,,
11.026557792517899,93.72878595475974,True,6.890359367426626,0,0,2,0.19375,0.125,0.3381243310397918,0.6942548657925833,-2.9426224917432817,-11.866797522277698,-60.4083933653616,113.86911939504307,0.19375,0.125,506,0,2,15.395128246241196,0.3910530743346145,RNG-f96c6225fc10,range,final,40402,NTSC,10,3,1000000.0,,True,,,,,
12.521836099236447,95.28388031314068,True,0.7308070940219829,27,2,0,2.025,2.025,2.6828509455879526,3.098573330586448,1.432955012467551,-3.503768033716613,-65.99057244203495,128.39978006350944,1.425,1.1212499999999994,506,2,2,24.732984836310475,0.581956561940341,OVP56,range,final,40402,NTSC,12,3,1000000.0,,False,,,,,
13.334370813408432,95.6481214463541,True,1.4269930486773221,0,0,2,0.1,0.33124999999999954,0.16344926446862945,1.3834304806991065,2.20799839370305,-2.361079543113368,-53.49107744205519,110.7202014011136,0.1,0.33124999999999954,506,0,2,24.47292824912209,0.5866495005776383,RANGE32,range,final,40402,NTSC,12,3,1000000.0,,True,,,,,
-6.638001509562159,-82.4449587180983,False,612.1762547152487,506,12,51,2.025,2.025,1000000.0,83.70462225765523,22.913006943692224,-156.2060391764346,-68.8838799753408,78.16689101897165,1000000.0,1000000.0,506,506,2,-6.68759030152506,-0.344605166827532,PLL96-rejected-board,range,final,40402,NTSC,12,3,1000000.0,,False,,,,,
9.315130826564506,95.78712036354591,True,6.313089500161063,450,10,0,2.025,2.025,3.6194878041355123,15.653128641659123,-1.1557457822945663,-2.2042726956479353,-54.90465269048133,122.89805649769445,1.8625,1.5225,506,31,2,12.772972567044397,0.3432224542689573,PLL96-IQ-corrected,range,final,40402,NTSC,12,3,1000000.0,,False,,,,,
17.073834024818858,95.94292492676165,True,0.0,0,0,2,0.05,0.05,0.3918544387725763,2.003959157676316,1.800171050468486,-1.4849802197715551,-59.40518898637943,119.15833513189278,0.05,0.05,506,0,2,27.51295379494206,0.7955361307275677,floating-PLL-IQ40,range,final,40402,NTSC,12,3,1000000.0,,True,,,,,
4.315574585820572,44.44255285615782,True,95.06212236615919,506,12,0,2.025,2.025,1000000.0,49.14482656531991,27.077120572171008,-25.787015232406524,-7.439805468138509,91.85333294790485,1000000.0,1000000.0,506,506,2,4.550130092293691,0.4645777586020215,HC50,range,final,40402,NTSC,12,3,1000000.0,,False,,,,,
11.580166031143138,98.79758171865494,True,4.239584305484892,0,0,0,1.2125000000000001,1.4099999999999997,1.9501092626731549,2.5648206659206156,-1.9581752584354604,-4.660224011054893,-60.81159680280003,112.175455188212,1.2125,1.4099999999999997,506,0,2,17.80281201763425,0.44444519737068133,PLL96-board-fixed,range,final,40402,NTSC,12,3,1000000.0,,False,,,,,
11.206337760706033,94.23107973808214,True,6.5388795395087405,0,0,2,0.175,0.125,0.10885339344651657,0.6891092812864468,-3.480254091455654,-11.487200836585988,-60.40530282956122,114.03798137842088,0.175,0.125,506,0,2,15.38178892053624,0.41197079052522334,RNG-f96c6225fc10,range,final,40402,NTSC,12,3,1000000.0,,True,,,,,
13.59336056908742,96.2622602610281,True,0.5742593334075932,0,0,1,0.9,0.38999999999999957,1.8816046390744685,1.7994709585452853,1.291061796322533,-2.6657337010552573,-64.9816322506928,125.5996108104211,0.9,0.3899999999999995,506,0,2,26.217311972704266,0.6329791397154321,OVP56,range,final,40402,NTSC,14,3,1000000.0,,False,,,,,
14.206122099968733,95.69341091996938,True,1.281734790030316,0,0,2,0.075,0.05,0.04307246398977191,1.343731506295655,2.14571104067294,-2.428412340673017,-50.80025097333832,109.97868260784333,0.075,0.05,506,0,2,24.7006647007547,0.6344519177970035,RANGE32,range,final,40402,NTSC,14,3,1000000.0,,True,,,,,
-6.63806802630468,-82.31052001050814,False,612.6895507380324,506,12,49,2.025,2.025,1000000.0,83.36308642104993,22.858175534999553,-156.15979857448593,-67.75892127587115,78.02541974343885,1000000.0,1000000.0,506,506,2,-6.688574293378224,-0.34805105747256504,PLL96-rejected-board,range,final,40402,NTSC,14,3,1000000.0,,False,,,,,
9.207586337548776,96.4046519752617,True,6.374052810784937,466,11,0,2.025,2.025,3.6373045480135424,15.935039249864854,-1.1488504980632799,-2.0353571353066586,-54.9172489464659,123.00467840102004,1.9024999999999999,1.6,506,43,2,12.387575275982032,0.3499092177738446,PLL96-IQ-corrected,range,final,40402,NTSC,14,3,1000000.0,,False,,,,,
18.391124459730072,96.08998570050099,True,0.0,0,0,2,0.025,0.036249999999999984,0.024801584164627445,1.8343697463032542,1.7631393362805354,-1.384379162240057,-56.15051476994013,116.859822810407,0.025,0.036249999999999984,506,0,2,27.971596552474974,0.8426027446877961,floating-PLL-IQ40,range,final,40402,NTSC,14,3,1000000.0,,True,,,,,
4.350586721874816,44.45536616494261,True,95.02072752561212,506,12,0,2.025,2.025,1000000.0,49.06832435284283,27.048605324537817,-25.77298676192869,-3.434462859551502,89.87509134914646,1000000.0,1000000.0,506,506,2,4.5554830739350045,0.5044067320694018,HC50,range,final,40402,NTSC,14,3,1000000.0,,False,,,,,
11.80226369895735,98.60174743131418,True,4.186147329505941,7,0,0,1.325,1.4925,2.067904121304907,3.674887866841575,-1.7011241197460885,-3.892499183668385,-59.88954352094785,111.92476897952096,1.1799999999999984,1.4925,506,1,2,17.818360624070525,0.45984669247029397,PLL96-board-fixed,range,final,40402,NTSC,14,3,1000000.0,,False,,,,,
11.30477482635397,94.52472402617484,True,6.3680317430689986,0,0,2,0.175,0.125,0.06904916046748738,0.7094862216568123,-3.8635255269771007,-11.329758669410245,-56.56625074259623,113.93048174084072,0.175,0.125,506,0,2,15.345381832547378,0.42359531494524894,RNG-f96c6225fc10,range,final,40402,NTSC,14,3,1000000.0,,True,,,,,
15.015847174029531,97.1364694114411,True,0.4342695090120331,0,0,2,0.05,0.036249999999999984,0.6401600127290311,0.6732679915222799,1.160178345330994,-1.7866451265616115,-62.807337192340285,123.70210317138992,0.05,0.036249999999999984,506,0,2,27.53360668441346,0.6991843874631375,OVP56,range,final,40402,NTSC,18,3,1000000.0,,False,,,,,
15.337319736256728,95.59357377616908,True,1.0928237904427591,0,0,2,0.075,0.061249999999999985,0.040970803255093606,1.391209225993858,2.0471268629941304,-2.877129421335015,-50.95540882287577,108.50784292253775,0.075,0.061249999999999985,506,0,2,24.93101987963425,0.6958569216987148,RANGE32,range,final,40402,NTSC,18,3,1000000.0,,True,,,,,
-6.641217248265489,-82.29434074207983,False,614.0984805835619,506,12,49,2.025,2.025,1000000.0,83.47750382695655,22.681884260325013,-156.0842102973643,-67.89220438359906,78.06491688404003,1000000.0,1000000.0,506,506,2,-6.6923169973372145,-0.35223900319351953,PLL96-rejected-board,range,final,40402,NTSC,18,3,1000000.0,,False,,,,,
9.040902887861483,97.44532241450128,True,6.585542814307261,489,10,0,2.025,2.025,3.6795040426666197,15.663455345425211,-1.0206226483759202,-1.8321190771489464,-55.07426471845743,113.48039295935715,1.77,1.6125,506,84,2,11.934623630097434,0.35559316051998646,PLL96-IQ-corrected,range,final,40402,NTSC,18,3,1000000.0,,False,,,,,
20.276946449764893,96.22480678206753,True,0.0,0,0,2,0.025,0.025,0.020851441405707476,1.7058811066190056,1.7196066914667891,-1.285987690314973,-51.538741388802116,114.70190639454657,0.025,0.025,506,0,2,28.448225499993356,0.8983585759087122,floating-PLL-IQ40,range,final,40402,NTSC,18,3,1000000.0,,True,,,,,
4.382340625743213,44.44519178046838,True,95.00416958939329,506,12,0,2.025,2.025,1000000.0,48.98655990600414,27.034400803916007,-25.763478445660027,-0.07274302576470859,85.63918334319925,1000000.0,1000000.0,506,506,2,4.557630817711143,0.5553817897941836,HC50,range,final,40402,NTSC,18,3,1000000.0,,False,,,,,
11.994496016136518,97.91770443956248,True,4.020567967317644,30,0,0,2.025,1.0199999999999998,2.444930765805002,5.037495431360325,-1.1234360585396395,-3.0818530835501305,-59.942549791958,111.68724068685384,1.375,1.02,506,2,2,17.695574838196293,0.47741170300371666,PLL96-board-fixed,range,final,40402,NTSC,18,3,1000000.0,,False,,,,,
11.349973435678713,94.80710756418875,True,6.294273663548757,0,0,2,0.125,0.09749999999999996,0.06625573284167455,0.7240836196459354,-4.230342034574143,-11.213871671322654,-56.701045021671746,114.02766989200452,0.125,0.09749999999999996,506,0,2,15.249201917743815,0.4323011034257802,RNG-f96c6225fc10,range,final,40402,NTSC,18,3,1000000.0,,True,,,,,
15.69369364152583,97.42234183652644,True,0.3913694015359744,0,0,2,0.05,0.036249999999999984,0.14561695786882906,0.287643782016137,1.0997283797222872,-1.5103105825583578,-62.686719483255345,123.74958517896701,0.05,0.036249999999999984,506,0,2,27.8798046498323,0.7290437067605876,OVP56,range,final,40402,NTSC,22,3,1000000.0,,True,0.882528719526947,-48.29820043699124,10.233604747867684,22.850706560040326,11.608297720782534
15.873570101658547,95.56405819825801,True,1.0416447148572856,0,0,2,0.075,0.061249999999999985,0.03954409156708007,1.3728287965815307,1.97714336234124,-3.0983644221804263,-49.23444641540078,106.7838312459883,0.075,0.061249999999999985,506,0,2,25.03551241617619,0.7240147797242183,RANGE32,range,final,40402,NTSC,22,3,1000000.0,,True,0.8465360917089111,-49.43246042448209,11.007797079678022,20.004115111711478,11.544733440272337
-6.65078661610166,-82.57316033242486,False,615.2454939834481,506,12,50,2.025,2.025,1000000.0,84.18478347243928,22.52919723145575,-156.12636211434736,-67.6928012883143,70.00127289204195,1000000.0,1000000.0,506,506,2,-6.701447612125523,-0.3566491105088278,PLL96-rejected-board,range,final,40402,NTSC,22,3,1000000.0,contrast;waveform;detail_floor;sync;h_jitter_us;v_jitter_us;h_width_rmse_us;sync_error_ire;black_error_ire;white_error_ire,False,0.4314121754461314,83.7183159144378,37.132644539027346,32.64744615049175,29.452337232098273
8.954420998991774,98.26182357516261,True,6.663064061149964,502,12,0,2.025,2.025,3.6689789110868434,14.865268855125356,-0.9650553949206915,-1.742284971002049,-53.460885540857234,110.63540962904486,1.4324999999999999,1000000.0,506,216,2,11.735486444356715,0.3602400545571701,PLL96-IQ-corrected,range,final,40402,NTSC,22,3,1000000.0,waveform;sync;h_jitter_us;v_jitter_us;h_width_rmse_us,False,0.49724362825031204,-94.63727491180116,38.10438766948861,30.804490416000124,17.911280497107885
21.280832486532102,96.27299831809523,True,0.0,0,0,2,0.025,0.025,0.020158708237051334,1.682216296869939,1.7092856727236119,-1.225414290908816,-50.03598729348121,113.09513738103874,0.025,0.025,506,0,2,28.632360049770426,0.9225796816569148,floating-PLL-IQ40,range,final,40402,NTSC,22,3,1000000.0,,True,0.5885211087272484,4.990274989692159,7.3646015167093255,16.974523239068198,6.302161462979993
4.394403273311063,44.441143464934804,True,94.83256915948905,506,12,0,2.025,2.025,1000000.0,48.953648885810225,27.049131826389477,-25.729806862685958,0.7298133002984812,84.51673356867443,1000000.0,1000000.0,506,506,2,4.557682395381672,0.5806743327834688,HC50,range,final,40402,NTSC,22,3,1000000.0,contrast;waveform;sync;h_jitter_us;v_jitter_us;h_width_rmse_us;sync_error_ire;black_error_ire;white_error_ire,False,0.43684912393266606,80.64248039520648,9.385978466606284,18.625023641734735,30.834524969788262
11.991508951937707,97.23322068522126,True,3.9279940511850966,7,0,2,1.325,0.7724999999999996,1.6575384210432254,5.607473314534138,-0.706691030838983,-2.8779443168441476,-59.75846128891798,111.25290303487412,1.125,0.7724999999999996,506,1,2,17.34500685003311,0.4837976278186873,PLL96-board-fixed,range,final,40402,NTSC,22,3,1000000.0,sync;h_jitter_us;v_jitter_us;h_width_rmse_us,False,0.5948929597886674,-88.30249205382934,35.791218149330966,23.326363560198054,16.55311519500822
11.348113005738117,94.89168892490932,True,6.328894802915401,0,0,2,0.125,0.09749999999999996,0.06743830440621837,0.7273584259783618,-4.3586596942937765,-11.18312932706086,-54.974696112698204,113.50402770937424,0.125,0.09749999999999996,506,0,2,15.190201856921322,0.43306777376937483,RNG-f96c6225fc10,range,final,40402,NTSC,22,3,1000000.0,,True,0.24924230040037315,-65.00108783221862,41.31263569256524,109.38880348613705,15.222530288896813
16.128477041994678,97.49805747491384,True,0.3386850590215163,0,0,2,0.05,0.036249999999999984,0.020821801815165745,0.15815550611237883,1.1012456220331686,-1.4293558550897139,-54.72374411397062,123.89200353274666,0.05,0.036249999999999984,506,0,2,27.98825710073624,0.7479712967015746,OVP56,range,final,40402,NTSC,30,3,1000000.0,,True,0.8802275341859915,-48.425534083621,9.094882593818665,22.438180041670208,11.524207029436857
16.21952422687732,95.60995412162308,True,0.9340181294348927,0,0,2,0.05,0.05,0.038643628705463104,1.277137633325379,1.9054011490028526,-3.195293945080022,-43.10212849447147,103.2337161469579,0.05,0.05,506,0,2,25.153885715535637,0.7416711431721866,RANGE32,range,final,40402,NTSC,30,3,1000000.0,,True,0.8471535771595834,-49.41246337568699,8.758244279795932,20.55887710605566,11.426312864957845
-6.659891502049467,-82.933853429372,False,615.6233159826232,506,12,50,2.025,2.025,1000000.0,84.94725222929542,22.48931994765171,-156.1752705483676,-67.634810796064,66.84579753892078,1000000.0,1000000.0,506,506,2,-6.710247644522173,-0.3583243908047164,PLL96-rejected-board,range,final,40402,NTSC,30,3,1000000.0,contrast;waveform;detail_floor;sync;h_jitter_us;v_jitter_us;h_width_rmse_us;sync_error_ire;black_error_ire;white_error_ire,False,0.4366067167796208,84.00204632902046,39.04234998351464,35.69823993878075,29.438825242223363
8.901905837124302,99.03665868301161,True,6.752627443424543,506,12,0,2.025,2.025,1000000.0,13.94193205975154,-0.9488518184832802,-1.7173672025127635,-41.72570826016077,106.94549686426765,1000000.0,1000000.0,506,506,2,11.624779922739613,0.3615431089617281,PLL96-IQ-corrected,range,final,40402,NTSC,30,3,1000000.0,waveform;sync;h_jitter_us;v_jitter_us;h_width_rmse_us,False,0.5023086243027144,-94.04400463528917,38.136056175371216,32.89599030698788,17.859356846465875
21.984282724833385,96.29143651110408,True,0.0,0,0,2,0.025,0.025,0.0196938023195718,1.6789507731503936,1.7044774267363023,-1.186556735575997,-45.12283828975652,111.16911661853254,0.025,0.025,506,0,2,28.73921358624105,0.937489614361882,floating-PLL-IQ40,range,final,40402,NTSC,30,3,1000000.0,,True,0.5906784314990938,4.741408607574817,6.5685958382080525,17.343506617681182,6.182205589105803
4.40244439014445,44.446627678807744,True,94.79418485279994,506,12,0,2.025,2.025,1000000.0,48.93099160719964,27.049741005689164,-25.688041445840497,5.292067100423658,84.15972056184256,1000000.0,1000000.0,506,506,2,4.559209558062173,0.5961981749509925,HC50,range,final,40402,NTSC,30,3,1000000.0,contrast;waveform;sync;h_jitter_us;v_jitter_us;h_width_rmse_us;sync_error_ire;black_error_ire;white_error_ire,False,0.4359684752953512,80.45473345246828,8.042634102961156,19.58638279098547,30.816341581210896
11.951032256366915,96.86829026697166,True,3.830904334265595,0,0,2,0.425,0.3287499999999999,0.11279879074562763,5.751212303432336,-0.58987428783363,-2.839509290120712,-48.24556695519057,111.26724584062035,0.425,0.3287499999999999,506,0,2,17.03001943976172,0.4881629647461041,PLL96-board-fixed,range,final,40402,NTSC,30,3,1000000.0,,True,0.6027614429066559,-88.97646893855867,34.744567653312515,18.26011239463974,16.634385003105717
11.301092405447594,94.86957676204288,True,6.485442563529791,0,0,2,0.125,0.11124999999999999,0.06626505347657213,0.7168448802117474,-4.404429898738932,-11.337899927126863,-44.13844732512588,113.51906551848552,0.125,0.11124999999999999,506,0,2,15.069856823392138,0.4304625169737052,RNG-f96c6225fc10,range,final,40402,NTSC,30,3,1000000.0,,True,0.24032563883435965,-65.08846402680369,41.258721754607066,120.92641892195891,15.236112736595167
