sinad,contrast,polarity_ok,large_errors,h_missing,v_missing,v_trains,h_jitter_us,v_jitter_us,h_width_rmse_us,sync_error_ire,black_error_ire,white_error_ire,raw_min,raw_max,h_jitter_matched_us,v_jitter_matched_us,h_expected,max_h_gap,expected_v_trains,luma_sinad,detail_corr,model,profile,stage,seed,standard,cnr,rms,cfo_hz,quality_failures,usable,burst_gain,burst_phase_deg,burst_phase_jitter_deg,burst_amplitude_jitter_pct,burst_rmse_ire
5.001723955352765,80.75169271713405,True,65.58531994981179,603,8,0,2.025,2.025,3.604771143914687,16.882762984892164,5.147092662727264,-13.803297079748656,-82.8819021330414,144.3265456989204,1.9125,1000000.0,610,195,2,12.396254958489328,0.24775342584151516,OVP56,range,selection,40301,PAL,4,3,1000000.0,,False,,,,,
5.775798723597006,88.53245431556661,True,39.97176913425345,74,2,0,2.025,2.025,2.904129683126756,9.027958910952863,1.7175284484092377,-12.036508537143735,-67.37418776569169,130.43246711275512,1.65,1.53125,610,2,2,13.818180017961934,0.2469720832773067,RANGE32,range,selection,40301,PAL,4,3,1000000.0,,False,,,,,
-6.7965475136512845,-84.05041420750713,False,616.6806775407779,610,8,45,2.025,2.025,1000000.0,88.39197848294977,21.30730227997201,-156.69419833979487,-73.63252652623369,135.26277990741954,1000000.0,1000000.0,610,610,2,-6.81038430208357,-0.2382526765792565,PLL96-rejected-board,range,selection,40301,PAL,4,3,1000000.0,,False,,,,,
7.875158698639353,92.86904265198723,True,17.80112923462986,422,6,0,2.025,2.025,3.4377659471591153,10.823614880682017,0.25001141973287827,-4.1062935698526815,-75.41784032370121,133.84916260102574,1.84125,0.7787499999999999,610,13,2,13.014663438172999,0.23435851439354718,PLL96-IQ-corrected,range,selection,40301,PAL,4,3,1000000.0,,False,,,,,
10.051081277055632,95.91933521418578,True,2.444165621079047,141,3,0,2.025,2.025,3.1411270436704104,2.540609011200789,1.181145996250126,-2.5951462743655047,-74.71507062488145,136.45465381597177,1.75,1.6649999999999998,610,4,2,23.152324201607986,0.46110816358037887,floating-PLL-IQ40,range,selection,40301,PAL,4,3,1000000.0,,False,,,,,
3.245598695533816,42.616208756739475,True,122.30489335006274,610,8,0,2.025,2.025,1000000.0,49.34983571415466,27.062539161606104,-29.06310709670655,-75.2853642655323,127.91389883238506,1000000.0,1000000.0,610,610,2,4.258492781176678,0.17755660179513671,HC50,range,selection,40301,PAL,4,3,1000000.0,,False,,,,,
5.7950962390016505,91.06031409766537,True,40.806148055207025,80,1,0,2.025,1.7012499999999995,2.817519943509801,3.176979685853259,-1.837612382733416,-14.28714262305249,-82.17971532368689,127.32653280388163,1.5637499999999989,1.055,610,3,2,11.007471332152054,0.21100536510428852,PLL96-board-fixed,range,selection,40301,PAL,4,3,1000000.0,,False,,,,,
8.486413093637665,91.4001147719694,True,16.458594730238396,3,0,1,0.9887499999999989,0.49749999999999994,1.7773738679739943,0.5341694364562425,-0.4610603437638757,-14.8442998181647,-65.78118146124093,129.00702509403467,0.9674999999999983,0.49749999999999994,610,1,2,12.821711052379863,0.24656240784835437,RNG-f96c6225fc10,range,selection,40301,PAL,4,3,1000000.0,,False,,,,,
8.79947478889531,91.1673951657997,True,14.962358845671268,2,0,2,0.95,0.6962499999999999,1.6126058206811535,0.9632012423298665,-1.0970596698812978,-15.883231986797929,-62.852035873001604,128.49930107239507,0.95,0.6962499999999998,610,1,2,12.493214042827796,0.24839709205174382,RNG-bca24df0d7f5,range,selection,40301,PAL,4,3,1000000.0,,False,,,,,
5.132420489758185,92.86244255453798,True,55.44730238393977,147,1,0,2.025,1.7362499999999994,3.1112583395988738,9.44060949227941,1.797119437458258,-4.390428025596238,-67.11116812561032,138.59830293722845,1.725,1.17,610,3,2,15.432574914271324,0.266130547205789,RNG-4c4eda57d15a,range,selection,40301,PAL,4,3,1000000.0,,False,,,,,
9.029871587179814,87.10328373173232,True,17.6831869510665,4,0,1,1.2,0.50625,1.9356817029448596,2.909076429730504,4.818741006022619,-17.18533064741536,-64.53527642785265,133.81086909442706,1.15,0.5062499999999999,610,1,2,12.78439743881665,0.2520911451808283,RNG-df11a3298989,range,selection,40301,PAL,4,3,1000000.0,,False,,,,,
5.181289635065531,92.61648028414928,True,51.94981179422835,80,2,0,2.025,2.025,2.912578446591125,8.6570457777086,1.889678643277527,-5.060438052127919,-84.18976627417382,137.96977049767565,1.613749999999999,1.09375,610,3,2,15.232875632342386,0.25139983507966357,RNG-ba94866617f0,range,selection,40301,PAL,4,3,1000000.0,,False,,,,,
5.034634259467827,92.51202579142726,True,55.39272271016311,45,2,0,2.025,2.025,2.668073697752213,7.261148599783045,1.9750898531471117,-5.234364811301437,-73.03012991392167,146.44737156990303,1.525,1.11875,610,2,2,15.144932382090158,0.2494663052433398,RNG-6c4309f6be5f,range,selection,40301,PAL,4,3,1000000.0,,False,,,,,
5.34267516279021,90.80166671485196,True,52.92032622333752,138,1,0,2.025,1.7362499999999994,3.080224564645258,8.605987584874907,1.8039446640919043,-7.968413450608504,-67.11072168426784,133.85823929927506,1.75,1.1249999999999998,610,3,2,15.32390402009147,0.2673293027619853,RNG-5b2f878f21fe,range,selection,40301,PAL,4,3,1000000.0,,False,,,,,
5.396205809236649,90.70389562631705,True,49.32873274780426,80,2,0,2.025,2.025,2.9134660111477544,8.274511018845677,1.9153720655860489,-8.16251638355561,-80.5448324286283,133.61023271669157,1.625,1.09375,610,3,2,15.13440677651537,0.25315513631190567,RNG-3287d10ff80a,range,selection,40301,PAL,4,3,1000000.0,,False,,,,,
4.732847070568066,92.25667683831229,True,62.79109159347554,77,1,0,2.025,2.01625,2.7899347534853645,9.04545019477206,1.8019663041977416,-5.101853403922563,-70.19289439456186,147.01367107540256,1.6,1.8799999999999997,610,2,2,14.915385653522417,0.2455731277093962,RNG-7d223b52516b,range,selection,40301,PAL,4,3,1000000.0,,False,,,,,
5.269958242310175,92.70460682045805,True,48.926599749058965,40,1,0,2.025,1.7362499999999994,2.546952082839546,7.6818255583483,0.5637429811802059,-6.240779075903945,-68.08816805791605,137.6244958698901,1.525,1.1925000000000001,610,2,2,14.813999453403046,0.25136783944026697,RNG-c015ee9bc1c2,range,selection,40301,PAL,4,3,1000000.0,,False,,,,,
5.075726183842947,93.54360104403213,True,54.88080301129235,47,0,0,2.025,1.0875,2.6550213828737563,8.484754128011422,2.23988027728687,-3.219586091967196,-68.67762554490119,148.50473721891717,1.5,1.0875,610,2,2,15.635190987779152,0.27239305678514003,RNG-24da94198dd9,range,selection,40301,PAL,4,3,1000000.0,,False,,,,,
6.012805435606867,89.69426504931634,True,35.965495608531995,63,1,0,2.025,1.9637499999999999,2.6607481405191384,10.63228237339606,2.3055995467351735,-8.253604824180737,-65.0596323289189,126.06613448260543,1.55,1.775,610,2,2,14.507463566431944,0.26574096687024207,RNG-0363398c9314,range,selection,40301,PAL,4,3,1000000.0,,False,,,,,
5.674577268768247,93.58431912491305,True,38.61355081555835,42,1,0,2.025,1.9549999999999998,2.672097609332941,6.572009181306706,1.5923331736630355,-4.810001713648475,-74.61692277177436,143.50295713981328,1.5412499999999993,1.427499999999999,610,2,2,15.474098217242574,0.28091385674259106,RNG-5e770ddcc937,range,selection,40301,PAL,4,3,1000000.0,,False,,,,,
10.010048991581538,93.60475668609163,True,9.183814303638645,22,1,0,1.7,1.5437499999999993,2.4654970280327038,2.9206283317102146,2.6287758842333115,-7.2742711976172485,-65.578170377206,129.6704187026311,1.2324999999999988,0.6124999999999999,610,2,2,16.749807049381587,0.3159520305716605,RNG-ddd4958bbd73,range,selection,40301,PAL,4,3,1000000.0,,False,,,,,
8.039848981820795,95.6662049246837,True,17.647427854454204,125,0,0,2.025,1.1424999999999996,2.8669679374975883,1.834914071271514,0.3342805103481869,-6.165504212175981,-76.60287399760567,128.3300925327188,1.65,1.1424999999999996,610,3,2,16.85822320157358,0.316482565359965,RNG-b33ebeace115,range,selection,40301,PAL,4,3,1000000.0,,False,,,,,
7.909218604737439,89.50654490644608,True,26.336260978670012,13,0,0,1.575,0.49874999999999997,2.308712832158546,2.394314615353804,5.72587886502939,-10.23046848484963,-66.74310873558049,121.15324889876501,1.425,0.49874999999999997,610,1,2,12.310945365959608,0.22925414131265645,RNG-acbfd3c988e3,range,selection,40301,PAL,4,3,1000000.0,,False,,,,,
7.368604886650562,87.87548368417346,True,22.786700125470517,553,8,0,2.025,2.025,3.489929120076494,10.984744226284967,2.809216931885461,-9.263722037543973,-79.24750063157902,141.7995481888356,1.9299999999999997,1000000.0,610,40,2,16.49573028651567,0.335298339384766,OVP56,range,selection,40301,PAL,6,3,1000000.0,,False,,,,,
8.485874547321973,93.79646926206918,True,12.629234629861982,4,0,1,1.0137499999999988,0.06624999999999999,2.018434534558163,3.558493209466594,1.7123097473914577,-5.546093758944497,-66.79557606515436,125.83956590484561,0.96875,0.06624999999999999,610,1,2,19.070675708252583,0.3421145210879603,RANGE32,range,selection,40301,PAL,6,3,1000000.0,,False,,,,,
-6.761149665851543,-83.9976467845406,False,612.8067754077791,610,8,57,2.025,2.025,1000000.0,86.76418729199109,22.1673387443361,-157.21843729207492,-72.58730877451994,132.08436183315277,1000000.0,1000000.0,610,610,2,-6.794819410428271,-0.2971410046756116,PLL96-rejected-board,range,selection,40301,PAL,6,3,1000000.0,,False,,,,,
9.11486699189795,94.00685247553994,True,7.923462986198244,505,6,0,2.025,2.025,3.5136942978932617,12.334170037710818,-0.575598642693137,-2.9940308836113387,-72.19326816489883,133.18632951879806,1.7449999999999999,0.5650000000000001,610,25,2,14.158549959254694,0.2929689365787989,PLL96-IQ-corrected,range,selection,40301,PAL,6,3,1000000.0,,False,,,,,
11.941835522876602,96.00458214643069,True,0.34190715181932246,24,0,0,1.863749999999999,1.4587499999999998,2.7279235264595676,2.2520540947461374,1.369178275697145,-2.0281740633645846,-72.58487958995909,129.76256463881748,1.59375,1.4587499999999998,610,1,2,25.438473012477463,0.5547023958021475,floating-PLL-IQ40,range,selection,40301,PAL,6,3,1000000.0,,False,,,,,
3.9178230837425216,44.31700299771693,True,99.73839397741531,610,8,0,2.025,2.025,1000000.0,49.06055115449398,27.035929849355725,-26.523195876478315,-63.67605636942409,124.5318383031898,1000000.0,1000000.0,610,610,2,4.509761791195982,0.2594477639398227,HC50,range,selection,40301,PAL,6,3,1000000.0,,False,,,,,
8.667496323631696,95.79250556536384,True,13.208908406524467,8,0,0,1.275,0.9987499999999997,2.3130325102963227,0.47759325092156535,-2.448893118057323,-10.089318451368344,-80.82068484619131,122.31194621506665,1.175,0.9987499999999997,610,1,2,14.730628644223058,0.3033890953570237,PLL96-board-fixed,range,selection,40301,PAL,6,3,1000000.0,,False,,,,,
9.776281764807822,92.94070073403265,True,9.503764115432872,0,0,2,0.6137499999999989,0.5174999999999998,1.1839972066039268,0.11279336674571254,-1.8178260517014653,-13.11633409265591,-62.93862020435603,122.28053399789528,0.6137499999999989,0.5174999999999997,610,0,2,14.274552810031281,0.3102649202976109,RNG-f96c6225fc10,range,selection,40301,PAL,6,3,1000000.0,,False,,,,,
9.971581417825847,92.54270530584442,True,9.474278544542033,0,0,2,0.475,0.5174999999999998,1.0313090519605352,0.667311897150722,-2.1946440247248193,-14.066171611700105,-60.850236027224014,122.31197771947143,0.475,0.5174999999999997,610,0,2,13.859967127004156,0.30930417791147885,RNG-bca24df0d7f5,range,selection,40301,PAL,6,3,1000000.0,,False,,,,,
7.472061363304188,96.34861163344496,True,20.285445420326223,36,1,0,2.025,1.5087499999999991,2.7963663268867944,4.088671533007123,1.6822958123395986,-1.6154247933563048,-66.18908336447372,135.48627995902115,1.3837500000000005,0.5049999999999999,610,1,2,21.64713214521163,0.3533835535557386,RNG-4c4eda57d15a,range,selection,40301,PAL,6,3,1000000.0,,False,,,,,
10.489985813671431,89.08054080936064,True,10.185069008782936,2,0,1,0.788749999999999,0.5262499999999998,1.2751358448013954,2.2290077819143046,3.4187205994278993,-15.08491291031387,-60.51218820093468,124.66973840824167,0.775,0.5262499999999998,610,1,2,14.500520880781858,0.3264478635484297,RNG-df11a3298989,range,selection,40301,PAL,6,3,1000000.0,,False,,,,,
7.5313737122759115,95.98882753034783,True,18.987452948557088,9,0,0,1.375,1.1724999999999999,2.390816934782042,4.07188140666976,1.6389618815001925,-2.0826790124333168,-79.82058993238675,139.44582898964674,1.225,1.1724999999999999,610,1,2,21.050093127387374,0.3358637276933987,RNG-ba94866617f0,range,selection,40301,PAL,6,3,1000000.0,,False,,,,,
7.574142050433407,95.51476773283859,True,19.137390213299874,1,0,1,1.0,0.4724999999999999,2.0574155496258806,2.540039530576859,1.9274561078481105,-2.7717732601939673,-70.6895531904471,145.85062719629414,0.9900000000000005,0.4725,610,1,2,20.73634850726304,0.3392870652150752,RNG-6c4309f6be5f,range,selection,40301,PAL,6,3,1000000.0,,False,,,,,
7.621626374302516,94.67472911881572,True,19.328105395232118,36,1,0,2.025,1.5087499999999991,2.7544057201291423,3.6406100590514687,1.7927689566481606,-4.388017353091977,-65.90747594627703,131.01294394658194,1.3587500000000006,0.5049999999999999,610,1,2,21.169488598533647,0.3537877020721921,RNG-5b2f878f21fe,range,selection,40301,PAL,6,3,1000000.0,,False,,,,,
7.675138419641261,94.44600719118985,True,17.97176913425345,10,0,0,1.375,1.15625,2.3823115525332392,3.855748751173063,1.7334017573390132,-4.617133080479706,-75.72869532486668,134.16117903095866,1.225,1.15625,610,1,2,20.622346360584935,0.3368303600554317,RNG-3287d10ff80a,range,selection,40301,PAL,6,3,1000000.0,,False,,,,,
7.150903748469538,96.27085190999927,True,23.78607277289837,6,0,1,1.0637499999999989,1.0162499999999997,2.2256170548489327,3.0325098121150087,1.2158964422451746,-2.6874209336272847,-69.7828834080808,145.197516352238,1.0,1.0162499999999999,610,1,2,20.83760249809081,0.3303588815388562,RNG-7d223b52516b,range,selection,40301,PAL,6,3,1000000.0,,False,,,,,
7.9096977095731305,96.47415721639493,True,15.734002509410288,2,0,2,0.8887499999999989,0.4199999999999998,1.7709304023963164,2.158175817968447,0.42483131688180764,-3.0891111332327825,-67.32858589998992,133.9072633463883,0.875,0.4199999999999998,610,1,2,20.530200900902095,0.34491951079059846,RNG-c015ee9bc1c2,range,selection,40301,PAL,6,3,1000000.0,,False,,,,,
7.47321399115294,96.74605010695244,True,19.634253450439147,4,0,1,1.038749999999999,0.33874999999999994,2.056223698759436,3.6104469566582273,1.6413932254109467,-1.4290934496597973,-66.81018839927181,146.5873092174107,1.0,0.33874999999999994,610,1,2,21.705172958681604,0.3604199025516514,RNG-24da94198dd9,range,selection,40301,PAL,6,3,1000000.0,,False,,,,,
8.664863830915785,94.18351796850266,True,10.638644918444166,2,0,2,0.925,0.17249999999999993,1.742677348824292,4.17585467598341,2.2972706917828845,-4.040696493628183,-61.753101546546645,122.3751805029641,0.9162499999999995,0.17249999999999993,610,1,2,19.919954579758407,0.36065775733331656,RNG-0363398c9314,range,selection,40301,PAL,6,3,1000000.0,,False,,,,,
8.263912935131955,96.6078396291643,True,11.569636135508157,2,0,1,1.0137499999999988,0.18874999999999992,1.9009198020300595,2.8263218689951115,1.4035538062594288,-1.939403322695045,-68.4906559194672,141.9506237480336,0.95,0.18874999999999992,610,1,2,21.4207854777789,0.3746849812291548,RNG-5e770ddcc937,range,selection,40301,PAL,6,3,1000000.0,,False,,,,,
11.441580225718857,95.27403444657807,True,5.720200752823087,1,0,1,0.95,0.36499999999999994,1.742401990421073,1.94090756838595,1.7224493078978869,-6.160355777634598,-60.55623853996144,126.68980503817914,0.9400000000000006,0.36499999999999994,610,1,2,18.429531566177435,0.39025652999782834,RNG-ddd4958bbd73,range,selection,40301,PAL,6,3,1000000.0,,False,,,,,
9.99782182320188,97.9534479006008,True,5.970514429109159,48,0,0,2.025,0.6537499999999998,2.548269552759898,-0.34983382584794426,-0.34770052747105545,-4.551043675506435,-74.79754787388677,127.63188001067908,1.55,0.6537499999999998,610,3,2,19.805647245003335,0.40168631349055345,RNG-b33ebeace115,range,selection,40301,PAL,6,3,1000000.0,,False,,,,,
9.719083685273814,91.54759399054302,True,12.857590966122961,1,0,2,1.075,0.6512499999999998,1.6027589359902354,1.5783907916379356,4.27372841555609,-8.237303880057803,-64.5210492991177,120.48750127642481,1.0650000000000006,0.6512499999999998,610,1,2,15.086504920825757,0.290529183601107,RNG-acbfd3c988e3,range,selection,40301,PAL,6,3,1000000.0,,False,,,,,
9.401240919821298,91.51256086250054,True,5.672521957340025,397,6,0,2.025,2.025,3.381543387382627,7.427531480044809,2.014161102026201,-6.5854634764097835,-78.35626122517846,132.85428491294704,1.8,1.43875,610,14,2,19.91991276900093,0.4200200071381226,OVP56,range,selection,40301,PAL,8,3,1000000.0,,False,,,,,
10.592179402258603,95.09953633981301,True,3.769134253450439,1,0,2,0.23874999999999885,0.075,0.8795950189563048,2.0094196040310703,2.1038317037952496,-3.1762835804403813,-62.84089478782357,123.13612014782447,0.21500000000000058,0.075,610,1,2,22.84757521704885,0.430728368875696,RANGE32,range,selection,40301,PAL,8,3,1000000.0,,False,,,,,
-6.706495272663294,-83.15629608316316,False,610.5401505646173,610,8,58,2.025,2.025,1000000.0,85.39982955504999,22.86807516233873,-156.5521186018905,-70.95586213448908,128.34393401035695,1000000.0,1000000.0,610,610,2,-6.746661064561719,-0.3268666080192383,PLL96-rejected-board,range,selection,40301,PAL,8,3,1000000.0,,False,,,,,
9.43402402135661,94.42127413568589,True,6.0213299874529485,531,7,0,2.025,2.025,3.556088779131265,14.05355449029006,-0.9408697826924254,-2.675012977418959,-69.9229286581552,129.63382403454432,1.9,0.05,610,29,2,13.796530052075799,0.32391302583414505,PLL96-IQ-corrected,range,selection,40301,PAL,8,3,1000000.0,,False,,,,,
13.736723722561972,95.6959143120029,True,0.031367628607277286,1,0,0,0.95,1.064999999999999,2.047872258754764,2.4043090942719547,1.7225243079485637,-1.833701951490285,-67.16404457553129,126.36566726101444,0.95,1.064999999999999,610,1,2,26.318242749593388,0.6413946408280427,floating-PLL-IQ40,range,selection,40301,PAL,8,3,1000000.0,,False,,,,,
4.150210770134878,44.46546298078382,True,91.90526976160602,610,8,0,2.025,2.025,1000000.0,49.20069867231133,27.142746338197416,-25.896314477535938,-54.426218718542856,112.87484842591388,1000000.0,1000000.0,610,610,2,4.533592732674936,0.33553336843199394,HC50,range,selection,40301,PAL,8,3,1000000.0,,False,,,,,
10.435067983814521,97.69258183880797,True,5.395859473023839,7,0,0,1.238749999999999,0.4524999999999998,2.085292859556203,0.5583381264708007,-2.3948967412399456,-7.506575096952801,-79.57332149365715,116.42347972582772,1.1724999999999994,0.45249999999999985,610,1,2,16.93147098612248,0.3779800508001478,PLL96-board-fixed,range,selection,40301,PAL,8,3,1000000.0,,False,,,,,
10.650344369870595,93.46866850196224,True,7.047678795483061,0,0,2,0.325,0.225,0.6584600763380781,0.47188211130426344,-2.4402782178763016,-12.087136965667375,-60.80401166359473,119.22266958032279,0.325,0.225,610,0,2,15.230105515678138,0.3590081029130481,RNG-f96c6225fc10,range,selection,40301,PAL,8,3,1000000.0,,False,,,,,
10.744113476124785,92.99867880496537,True,7.458594730238394,0,0,2,0.25,0.225,0.47823852852309423,1.0762443686399328,-2.6435962425608444,-12.935603778298043,-57.26369359587244,118.80191786494834,0.25,0.225,610,0,2,14.792233867965326,0.353317507258025,RNG-bca24df0d7f5,range,selection,40301,PAL,8,3,1000000.0,,True,,,,,
9.232842862442714,96.5229199529212,True,6.084065244667503,3,0,0,0.975,1.03125,2.317868284761339,3.17758622554304,1.953032447867833,-1.4772319267223946,-62.48082461136569,131.32378569680537,0.95,1.03125,610,1,2,25.31467394431298,0.42948591276198655,RNG-4c4eda57d15a,range,selection,40301,PAL,8,3,1000000.0,,False,,,,,
11.452252058850455,89.88160998061832,True,7.445420326223338,0,0,2,0.325,0.25,0.6388955313664355,2.413646938165337,2.818368820314286,-13.77872673608225,-59.889710806038494,124.19654696857768,0.325,0.25,610,0,2,15.671577547698687,0.38298522144083375,RNG-df11a3298989,range,selection,40301,PAL,8,3,1000000.0,,False,,,,,
9.226127343782496,96.27716611588508,True,6.1900878293601,2,0,0,0.9,0.7949999999999995,1.7888362805150286,3.3390851970666597,1.872667343331027,-1.6641071178232498,-68.1352787485143,132.67737593936718,0.8912499999999994,0.7949999999999996,610,1,2,24.720824599116355,0.40836044992857456,RNG-ba94866617f0,range,selection,40301,PAL,8,3,1000000.0,,False,,,,,
9.540197232932822,95.3150478456834,True,5.392722710163111,0,0,2,0.625,0.26999999999999985,1.3751125140254916,2.088487123782682,2.407581906390122,-2.520732277984871,-63.60038861673962,142.7597166849232,0.625,0.26999999999999985,610,0,2,23.708865354869843,0.42173437537009406,RNG-6c4309f6be5f,range,selection,40301,PAL,8,3,1000000.0,,False,,,,,
9.333697459397865,95.13409759343676,True,5.78168130489335,3,0,0,0.95,1.03125,2.2952528726892245,2.937696065869143,2.106182868494128,-3.7184473245947047,-61.73609975857496,127.08618094850848,0.95,1.03125,610,1,2,24.153343947418897,0.42950907300161734,RNG-5b2f878f21fe,range,selection,40301,PAL,8,3,1000000.0,,False,,,,,
9.32994817618576,95.04539068493648,True,5.838143036386449,2,0,0,0.9,0.7337499999999995,1.7893904477061748,3.1897594397093956,1.958297596883786,-3.7770525636929437,-65.53698788189989,128.30318878217574,0.8912499999999994,0.7337499999999995,610,1,2,23.787586712312603,0.4091914139462613,RNG-3287d10ff80a,range,selection,40301,PAL,8,3,1000000.0,,False,,,,,
8.996902106516043,96.91683492251333,True,7.517565872020075,0,0,1,0.75,0.9099999999999998,1.579700570817971,1.789449379777297,1.4347151299227077,-2.044202524637037,-68.02939380539816,143.83092271873022,0.75,0.9099999999999998,610,0,2,25.21140213070392,0.4064911214632212,RNG-7d223b52516b,range,selection,40301,PAL,8,3,1000000.0,,False,,,,,
9.97121815277852,96.836812171301,True,4.141781681304893,0,0,2,0.33874999999999883,0.27874999999999983,0.969319835050821,1.1832455269260362,0.7189315836650523,-2.551790064644769,-62.02217116596665,130.7864524268163,0.3387499999999989,0.2787499999999999,610,0,2,24.96173452554247,0.4310019728578919,RNG-c015ee9bc1c2,range,selection,40301,PAL,8,3,1000000.0,,False,,,,,
9.257069282175902,96.97130234790772,True,5.754077791718946,0,0,2,0.8,0.33874999999999994,1.633561306160135,3.0156400812734168,1.8552742541563814,-1.1686966188983552,-61.80971974183429,140.60237530846715,0.8,0.33874999999999994,610,0,2,25.421248603886465,0.43617027354608234,RNG-24da94198dd9,range,selection,40301,PAL,8,3,1000000.0,,False,,,,,
10.610405145001629,94.9995878583519,True,2.976160602258469,0,0,2,0.2,0.075,0.7622517064162115,2.4863131707984985,2.7490212444932998,-2.7915420255641497,-60.85055872077492,116.94546351254627,0.2,0.075,610,0,2,23.220636134052622,0.4443324019318924,RNG-0363398c9314,range,selection,40301,PAL,8,3,1000000.0,,False,,,,,
10.06368207730581,96.71880016857567,True,3.079673776662484,0,0,1,0.28874999999999884,0.05,1.0624862583489387,2.5240886953354957,1.7237847264996429,-1.458889992547343,-64.88768689659943,137.943777629359,0.28874999999999884,0.05,610,0,2,25.37829506522041,0.44877106902513647,RNG-5e770ddcc937,range,selection,40301,PAL,8,3,1000000.0,,False,,,,,
12.355163994325135,95.81034892189572,True,4.849435382685069,0,0,2,0.45,0.28749999999999987,1.0053881478657147,1.8663512449203792,1.2253647552306908,-5.830107763179297,-56.72924035772018,123.64081684502784,0.45,0.28749999999999987,610,0,2,19.233581219672327,0.44512982281039437,RNG-ddd4958bbd73,range,selection,40301,PAL,8,3,1000000.0,,False,,,,,
11.366965146829784,97.6255694088196,True,2.756587202007528,24,0,2,1.788749999999999,1.1949999999999998,2.4276168105447757,0.3283031122996889,-0.15501450331303224,-4.5414296516019546,-66.43375547012904,119.80994895955934,1.21875,1.1949999999999998,610,2,2,21.08742034680388,0.46729511477320185,RNG-b33ebeace115,range,selection,40301,PAL,8,3,1000000.0,,False,,,,,
10.770983238337095,92.17281373927125,True,8.813048933500628,0,0,2,0.675,0.9199999999999995,1.1194045731372797,1.7031065116780049,3.5522277714792887,-7.355152969982321,-60.16905871814664,117.57189241732573,0.675,0.9199999999999996,610,0,2,16.505051146174022,0.33383426145526307,RNG-acbfd3c988e3,range,selection,40301,PAL,8,3,1000000.0,,False,,,,,
11.018800613096753,93.72476025024827,True,1.4429109159347553,164,3,0,2.025,2.025,3.087157871242268,4.922466245974105,1.6608884735804297,-4.776277044224683,-68.66891557047069,129.74937884992386,1.8,1.97,610,8,2,22.588875950109554,0.4931201488624013,OVP56,range,selection,40301,PAL,10,3,1000000.0,,False,,,,,
12.040322847099894,95.43332214473645,True,1.819322459222083,0,0,2,0.1,0.075,0.34122338964283244,1.5919371048626147,2.246938898318168,-2.4864531355372996,-56.380111757386175,114.62621699507247,0.1,0.075,610,0,2,24.015641105315368,0.5016800084268169,RANGE32,range,selection,40301,PAL,10,3,1000000.0,,True,,,,,
-6.685933857794344,-82.66679496083448,False,610.3488080301129,610,8,62,2.025,2.025,1000000.0,84.34850159756239,23.111523907074986,-156.32120316715273,-69.93321244906676,92.23075004732988,1000000.0,1000000.0,610,610,2,-6.728779114891599,-0.34065578123080287,PLL96-rejected-board,range,selection,40301,PAL,10,3,1000000.0,,False,,,,,
9.425886613365076,95.04538396129928,True,5.79297365119197,538,8,0,2.025,2.025,3.5860212786751715,15.095822130805692,-1.1817196797241583,-2.4284686702868195,-55.22029601757012,125.31217373706386,1.9,1000000.0,610,31,2,13.209680544116434,0.34076110490009487,PLL96-IQ-corrected,range,selection,40301,PAL,10,3,1000000.0,,False,,,,,
15.365319258620742,95.72151363538477,True,0.0025094102885821834,0,0,2,0.42999999999999544,0.025,1.1913030130292035,2.2739073060436343,1.8392861973511614,-1.6713492623618158,-64.4775403784473,123.23470757939236,0.42999999999999544,0.025,610,0,2,26.817471139856487,0.7163937953876593,floating-PLL-IQ40,range,selection,40301,PAL,10,3,1000000.0,,False,,,,,
4.24256446992252,44.42287143114449,True,89.469887076537,610,8,0,2.025,2.025,1000000.0,49.214639232862666,27.149416187778048,-25.827347412153102,-16.970425547926446,98.79907746373993,1000000.0,1000000.0,610,610,2,4.532033235875837,0.39529470464372823,HC50,range,selection,40301,PAL,10,3,1000000.0,,False,,,,,
11.184431724366862,98.49979480319473,True,4.104140526976161,13,0,0,1.325,0.4762499999999998,2.1734847144666327,1.4684637387878647,-2.2616463359462484,-5.859740282913757,-68.3852449528242,115.30887346114815,1.075,0.47624999999999973,610,1,2,17.551358673534494,0.41518566901724036,PLL96-board-fixed,range,selection,40301,PAL,10,3,1000000.0,,False,,,,,
10.990337848206176,93.79401546017502,True,6.474278544542033,0,0,2,0.225,0.18999999999999995,0.37654871454597943,0.6989945865909677,-3.0362567188979166,-11.831429486843978,-58.404063240345636,116.577490062377,0.225,0.18999999999999995,610,0,2,15.284592932613691,0.38809788846651666,RNG-f96c6225fc10,range,selection,40301,PAL,10,3,1000000.0,,True,,,,,
11.003433248543415,93.27260332966104,True,7.017565872020075,0,0,2,0.225,0.18999999999999995,0.25646357553027,1.316423231862078,-3.1249753733023327,-12.643557607099975,-57.21112199468818,118.74497419531696,0.225,0.18999999999999995,610,0,2,14.868207082905055,0.3781703305922693,RNG-bca24df0d7f5,range,selection,40301,PAL,10,3,1000000.0,,True,,,,,
10.61018728367678,96.50610378524792,True,1.7271016311166876,0,0,1,0.8387499999999989,1.0474999999999999,1.7622684710152499,3.106666415555982,2.018963779681642,-1.459478162469688,-56.23440394899965,129.7870264861688,0.8387499999999989,1.0474999999999999,610,0,2,26.237903967052368,0.4957653563931139,RNG-4c4eda57d15a,range,selection,40301,PAL,10,3,1000000.0,,False,,,,,
11.871234766281532,90.36273309119656,True,6.730238393977415,0,0,2,0.25,0.22374999999999995,0.3402220224943764,2.520436847456725,2.2984571783039947,-13.294062859887058,-52.398277393427065,124.13619425325496,0.25,0.22374999999999998,610,0,2,15.992832217601132,0.41691966189544194,RNG-df11a3298989,range,selection,40301,PAL,10,3,1000000.0,,True,,,,,
10.42632999674826,96.34785716621992,True,2.112923462986198,1,0,1,0.675,0.5349999999999998,1.4578981288221027,3.2025120683741344,1.8975613392823194,-1.5854214514964047,-58.991097822667086,131.1053366204354,0.6650000000000006,0.5349999999999998,610,1,2,25.928966413103865,0.4662672584937279,RNG-ba94866617f0,range,selection,40301,PAL,10,3,1000000.0,,False,,,,,
11.029137232416373,94.8989497740423,True,1.5388958594730238,0,0,2,0.18874999999999886,0.8299999999999996,0.8669335444495173,2.3161969803613083,2.644536353159917,-2.5395252362866314,-56.751626148885606,132.0652248114805,0.18874999999999886,0.8299999999999997,610,0,2,23.998874582552524,0.4927987327706857,RNG-6c4309f6be5f,range,selection,40301,PAL,10,3,1000000.0,,False,,,,,
10.68948318125629,95.29248826096091,True,1.6957340025094103,0,0,1,0.8137499999999989,1.0474999999999999,1.7655726907237514,2.9566383892083254,2.1853942781731943,-3.447418345241252,-56.9428724965233,126.75739486533033,0.8137499999999989,1.0474999999999999,610,0,2,24.968963989837324,0.495951755121865,RNG-5b2f878f21fe,range,selection,40301,PAL,10,3,1000000.0,,False,,,,,
10.521337545186887,95.29974204797162,True,2.0633626097867004,1,0,1,0.65,0.5349999999999998,1.452491348196114,3.1158634144250557,1.9547283729600364,-3.4974120478113186,-57.86270401776613,128.69835730256446,0.65,0.5349999999999998,610,1,2,24.88322535975485,0.4676919973276124,RNG-3287d10ff80a,range,selection,40301,PAL,10,3,1000000.0,,False,,,,,
10.323613893784769,96.96524867489157,True,2.3550815558343787,0,0,2,0.35,0.5274999999999999,1.1016120825081164,1.7483634094989444,1.5376438231343548,-1.7968402199234468,-58.27579767287759,134.33808673800573,0.35,0.5274999999999999,610,0,2,26.571638152520187,0.4687720938054197,RNG-7d223b52516b,range,selection,40301,PAL,10,3,1000000.0,,False,,,,,
11.426320351382985,96.74306109037606,True,1.3814303638644918,0,0,2,0.1,0.09124999999999998,0.48578565738197,1.2763371166911757,0.7996788944186486,-2.4952003632739026,-54.99069423220893,128.7209608685979,0.1,0.09124999999999998,610,0,2,26.183129074683148,0.49948805648917277,RNG-c015ee9bc1c2,range,selection,40301,PAL,10,3,1000000.0,,True,,,,,
10.613830892797607,97.0171778411502,True,1.5997490589711416,0,0,2,0.5137499999999989,0.33874999999999994,1.2470814288425331,2.9580751408324533,1.9467292668442635,-1.0663976308862853,-58.64294644564231,130.802081155381,0.5137499999999988,0.33874999999999994,610,0,2,26.330038680410034,0.5000716976846573,RNG-24da94198dd9,range,selection,40301,PAL,10,3,1000000.0,,False,,,,,
11.915738107293766,95.10681022815659,True,1.3444165621079047,0,0,2,0.1,0.28624999999999984,0.2594287545522366,2.14945715064226,2.9401015612764354,-2.4194405348218684,-53.304973201329844,115.42845535140646,0.1,0.2862499999999998,610,0,2,23.870918140959482,0.5085287051229453,RNG-0363398c9314,range,selection,40301,PAL,10,3,1000000.0,,True,,,,,
11.230320749058846,96.64877290203174,True,1.0865746549560853,0,0,2,0.125,0.06624999999999999,0.35429015847669637,2.5680506186722525,1.8582960301061897,-1.3361522418102787,-58.79808219982689,125.18928267304813,0.125,0.06624999999999999,610,0,2,26.426621004526062,0.5015616695384263,RNG-5e770ddcc937,range,selection,40301,PAL,10,3,1000000.0,,True,,,,,
12.83850040642691,96.23693314614087,True,4.671894604767879,0,0,2,0.43874999999999886,0.28749999999999987,0.6864794959506479,1.8954977861231355,0.769333315517025,-5.730560572090748,-54.85447136473765,120.59747148160241,0.43874999999999886,0.28749999999999987,610,0,2,19.479728684451846,0.47856675785211583,RNG-ddd4958bbd73,range,selection,40301,PAL,10,3,1000000.0,,False,,,,,
12.206870177422822,96.90068349905845,True,1.9943538268506902,8,0,2,1.202499999999998,0.6674999999999998,2.1241206408012094,1.037353828601222,0.3931671115222551,-5.2064173411302415,-65.68413143788122,120.0810678295567,1.1,0.6674999999999998,610,1,2,21.27389541316241,0.5131487896955226,RNG-b33ebeace115,range,selection,40301,PAL,10,3,1000000.0,,False,,,,,
11.511937021029265,92.77542912574721,True,6.9880803011292345,0,0,2,0.325,0.35624999999999996,0.7020009457748988,1.7037586685202326,2.955744977795238,-6.776472768081411,-60.03573966174636,115.5371137493224,0.325,0.3562499999999999,610,0,2,17.661716638039714,0.36554716980491675,RNG-acbfd3c988e3,range,selection,40301,PAL,10,3,1000000.0,,False,,,,,
12.325972894232635,95.33699473097174,True,0.7289836888331243,38,0,0,2.025,1.2637499999999997,2.5793304953409524,2.9989934082297895,1.3865512289365847,-3.4279985658412193,-65.84080353671973,129.11226716184967,1.5112499999999982,1.2637499999999995,610,2,2,24.812531404986593,0.554572610092939,OVP56,range,selection,40301,PAL,12,3,1000000.0,,False,,,,,
13.138937979615298,95.72157649882699,True,1.3764115432873276,0,0,2,0.1,0.09124999999999998,0.04669398107735577,1.3225117629589223,2.17279322894566,-2.2507736017613538,-51.70102786666422,111.3444176055246,0.1,0.09124999999999998,610,0,2,24.4879025317447,0.5602948994260796,RANGE32,range,selection,40301,PAL,12,3,1000000.0,,True,,,,,
-6.686938760993834,-82.51131060990424,False,610.7484316185696,610,8,61,2.025,2.025,1000000.0,83.69034989450252,23.175204130830277,-156.3216876390558,-69.7858691877912,78.21177709511264,1000000.0,1000000.0,610,610,2,-6.731425468609378,-0.34851780021154927,PLL96-rejected-board,range,selection,40301,PAL,12,3,1000000.0,,False,,,,,
9.320205227210757,95.77773296333548,True,5.876411543287327,557,8,0,2.025,2.025,3.5881700938837207,15.609097230721678,-1.2998754752140471,-2.109424451561481,-54.969192217085194,122.95766361846756,1.9,1000000.0,610,45,2,12.715101283094747,0.35014652781188077,PLL96-IQ-corrected,range,selection,40301,PAL,12,3,1000000.0,,False,,,,,
16.851723293261493,96.01962732538063,True,0.0,0,0,2,0.05,0.025,0.39867865773219857,1.9550981784632242,1.7892719352360758,-1.4252645756998932,-60.86638740612124,123.89137227523696,0.05,0.025,610,0,2,27.59868678034721,0.7784952301510033,floating-PLL-IQ40,range,selection,40301,PAL,12,3,1000000.0,,True,,,,,
4.302320794892058,44.485428571961975,True,88.91656210790465,610,8,0,2.025,2.025,1000000.0,49.11855977176528,27.119892133593062,-25.75234249141932,-7.713796781873455,92.49203266891067,1000000.0,1000000.0,610,610,2,4.541907340647803,0.44380410812942567,HC50,range,selection,40301,PAL,12,3,1000000.0,,False,,,,,
11.580367830610257,98.83963673124875,True,3.8701380175658717,5,0,0,0.975,0.3999999999999997,1.9530414403613139,2.556269607388758,-2.050690665207518,-4.5882849522886815,-62.498007729996324,112.18856654879409,0.925,0.39999999999999974,610,1,2,17.71384526038337,0.4398305002558012,PLL96-board-fixed,range,selection,40301,PAL,12,3,1000000.0,,False,,,,,
11.192099591654344,94.33631609991791,True,6.208281053952321,0,0,2,0.175,0.18999999999999995,0.1260813879739695,0.6834394405871493,-3.5890937965878558,-11.393241678118537,-58.26514829743112,113.77165932132004,0.175,0.18999999999999995,610,0,2,15.355640512798276,0.4054115823292878,RNG-f96c6225fc10,range,selection,40301,PAL,12,3,1000000.0,,True,,,,,
11.15841909714038,93.78165005395209,True,6.763488080301129,0,0,2,0.175,0.18999999999999995,0.12311280313225739,1.3061816760515967,-3.6004654747866898,-12.192591433413996,-56.4810690214304,111.1563009043675,0.175,0.18999999999999995,610,0,2,14.955214286334984,0.3925524038434446,RNG-bca24df0d7f5,range,selection,40301,PAL,12,3,1000000.0,,True,,,,,
11.751665730731471,96.77646408734829,True,0.5777917189460476,0,0,1,0.6,0.44875,1.3535915340247981,2.8436346122473393,1.9746764464168542,-1.2714521042807858,-55.2247221588115,128.06366064275727,0.6,0.44875,610,0,2,27.050336216415644,0.5523175211128771,RNG-4c4eda57d15a,range,selection,40301,PAL,12,3,1000000.0,,False,,,,,
12.161149648180128,90.97124456767604,True,6.360100376411543,0,0,2,0.2,0.23249999999999998,0.1271737226698382,2.420678612510819,1.8382732151058891,-12.741379566343705,-49.688410583008334,116.29123152043485,0.2,0.23249999999999998,610,0,2,16.29862340374153,0.43790826207667455,RNG-df11a3298989,range,selection,40301,PAL,12,3,1000000.0,,True,,,,,
11.345585498889223,96.65889372729454,True,0.9849435382685069,1,0,2,0.275,0.18124999999999994,1.0723877069831926,2.9457777548786264,1.7941342642525757,-1.3867305828964358,-55.89116617465329,130.294741742804,0.275,0.18124999999999994,610,1,2,26.747075578836395,0.5129209211912176,RNG-ba94866617f0,range,selection,40301,PAL,12,3,1000000.0,,False,,,,,
12.23757669165554,94.85309338282583,True,0.6618569636135507,0,0,2,0.075,0.06624999999999999,0.5310974949859281,2.362330536532826,2.6627061119411852,-2.3076301931408336,-54.78942870555461,126.04322494058906,0.075,0.06624999999999999,610,0,2,24.152869233621395,0.5535822659910407,RNG-6c4309f6be5f,range,selection,40301,PAL,12,3,1000000.0,,False,,,,,
11.823956682903487,95.66827036745102,True,0.5809284818067755,0,0,1,0.6,0.44875,1.3554704736430199,2.767614000458389,2.1335072534280015,-3.112576296414362,-55.36067965544437,124.9352229170033,0.6,0.44875,610,0,2,25.765916930945465,0.5529677005391082,RNG-5b2f878f21fe,range,selection,40301,PAL,12,3,1000000.0,,False,,,,,
11.449134161223245,95.75137928681548,True,0.9542032622333751,1,0,2,0.28874999999999884,0.18124999999999994,1.0645461077074772,2.8923970009966635,1.827597068461748,-3.164630592982213,-57.08510042560887,126.96587554790278,0.275,0.18124999999999994,610,1,2,25.757830936969455,0.5154057774966117,RNG-3287d10ff80a,range,selection,40301,PAL,12,3,1000000.0,,False,,,,,
11.367424809134333,97.10020465213827,True,0.9736511919698871,0,0,2,0.125,0.2212499999999999,0.7188910232286174,1.6598254793052334,1.5429330251809963,-1.5830103861844504,-58.16526487257641,130.24906114440637,0.125,0.22124999999999986,610,0,2,27.253939990539653,0.5204761063164965,RNG-7d223b52516b,range,selection,40301,PAL,12,3,1000000.0,,False,,,,,
12.541569067585055,96.88618558585819,True,0.8575909661229612,0,0,2,0.075,0.08249999999999998,0.3291428883989544,1.2500317456751833,0.7620071910109034,-2.293794824417405,-52.95764960489782,123.77859601842951,0.075,0.08249999999999998,610,0,2,26.783951427584917,0.5541329695615069,RNG-c015ee9bc1c2,range,selection,40301,PAL,12,3,1000000.0,,True,,,,,
11.758277714809488,97.31749859292708,True,0.5,0,0,2,0.175,0.32624999999999976,0.9502792945786613,2.7142271066476615,1.9289127178887164,-0.8419870600794012,-55.289198755392675,128.02404136087202,0.175,0.32624999999999976,610,0,2,27.03588595323477,0.5560514365235927,RNG-24da94198dd9,range,selection,40301,PAL,12,3,1000000.0,,False,,,,,
12.93249539400368,95.3775906037023,True,0.9253450439146801,0,0,2,0.1,0.05,0.03419148105960285,1.8336173869744152,2.9001733507396477,-2.102522886766738,-52.197453015776425,115.07677680506501,0.1,0.05,610,0,2,24.226811895693988,0.5610058543473541,RNG-0363398c9314,range,selection,40301,PAL,12,3,1000000.0,,True,,,,,
12.056729188571625,96.83057726761122,True,0.6141781681304893,0,0,2,0.075,0.05,0.10100417942983886,2.4335479557811506,1.8616252638802,-1.1193586927970527,-57.72586560061786,123.43144300042258,0.075,0.05,610,0,2,26.930794718612532,0.5405708919372636,RNG-5e770ddcc937,range,selection,40301,PAL,12,3,1000000.0,,True,,,,,
13.100688698867451,96.5677401387798,True,4.695106649937265,0,0,2,0.175,0.11624999999999999,0.6386990491693534,1.821166070627557,0.4559792664465947,-5.8114272985935305,-54.55122613511257,116.45350976563293,0.175,0.11624999999999999,610,0,2,19.462551194637417,0.4995433019497704,RNG-ddd4958bbd73,range,selection,40301,PAL,12,3,1000000.0,,False,,,,,
12.74222029524056,96.4206054423485,True,1.7409033877038895,2,0,2,0.875,0.5624999999999996,1.777784024054725,1.1006231644314444,1.2789643648035613,-5.942593926631468,-68.96994399856034,120.31369226977495,0.8662499999999994,0.5624999999999997,610,1,2,21.172082346153704,0.5434815192633774,RNG-b33ebeace115,range,selection,40301,PAL,12,3,1000000.0,,False,,,,,
11.878670018529414,93.30182213374653,True,6.318067754077791,0,0,2,0.275,0.275,0.3977704255917097,1.5354377085138404,2.444197916235582,-6.593098085475459,-58.359268333709025,111.68657471511148,0.275,0.275,610,0,2,17.955724040079872,0.3856782261160457,RNG-acbfd3c988e3,range,selection,40301,PAL,12,3,1000000.0,,True,,,,,
13.40125281386628,96.31065076215786,True,0.5432873274780426,3,0,1,0.9387499999999989,0.3912499999999997,1.871726411931045,1.7734505241634724,1.2279637623970445,-2.5607475656856162,-66.55727911099655,128.43249740685812,0.925,0.3912499999999997,610,1,2,26.32937638883869,0.606318478812154,OVP56,range,selection,40301,PAL,14,3,1000000.0,,False,,,,,
14.02111192330944,95.76242573499239,True,1.2227101631116688,0,0,2,0.075,0.06624999999999999,0.04458368443761447,1.2886761841807535,2.1058395098293827,-2.346483689862218,-51.86502029965038,110.56239339385274,0.075,0.06624999999999999,610,0,2,24.732337618581532,0.6086033663245493,RANGE32,range,selection,40301,PAL,14,3,1000000.0,,True,,,,,
-6.688162961098952,-82.41645879508783,False,611.2728983688834,610,8,61,2.025,2.025,1000000.0,83.36985111752313,23.10138395041348,-156.2850580904407,-69.98727926828658,78.08861822255531,1000000.0,1000000.0,610,610,2,-6.733260091146665,-0.35517552895654436,PLL96-rejected-board,range,selection,40301,PAL,14,3,1000000.0,,False,,,,,
9.225484856681208,96.3628516955572,True,5.951066499372647,557,8,0,2.025,2.025,3.6334498134926556,15.868173776169305,-1.2508921863266012,-1.931733195289143,-55.14269049229773,123.06928442878319,1.85,1000000.0,610,46,2,12.368971004645136,0.3566963313648482,PLL96-IQ-corrected,range,selection,40301,PAL,14,3,1000000.0,,False,,,,,
18.15227835995803,96.18420954230919,True,0.0,0,0,2,0.025,0.025,0.02550715103845117,1.7784316113650451,1.7481170439302787,-1.300722882754757,-59.144905548710994,119.64883831910694,0.025,0.025,610,0,2,28.108686903050035,0.827115390138627,floating-PLL-IQ40,range,selection,40301,PAL,14,3,1000000.0,,True,,,,,
4.338494600758029,44.50656711367791,True,88.87892095357591,610,8,0,2.025,2.025,1000000.0,49.04220694530371,27.09600252456744,-25.72326342261327,-4.9898065710653725,92.33811024860373,1000000.0,1000000.0,610,610,2,4.547732849761514,0.4828043756805869,HC50,range,selection,40301,PAL,14,3,1000000.0,,False,,,,,
11.816724428346683,98.69801207653697,True,3.7534504391468007,10,0,0,1.3524999999999978,0.7374999999999998,2.0524007791689547,3.6022655410376796,-1.8055103827560488,-3.8041610035057873,-62.68971616973688,112.32719592442669,1.051249999999999,0.7374999999999998,610,1,2,17.732603791025888,0.4560035057923704,PLL96-board-fixed,range,selection,40301,PAL,14,3,1000000.0,,False,,,,,
11.294671978215368,94.68337478086453,True,6.074027603513175,0,0,2,0.175,0.18999999999999995,0.07133102238225918,0.6938990022567066,-3.977266571604624,-11.167348349099175,-56.86524794276459,113.88795740967359,0.175,0.18999999999999995,610,0,2,15.342015266010494,0.4169314737120675,RNG-f96c6225fc10,range,selection,40301,PAL,14,3,1000000.0,,True,,,,,
11.232228817496992,94.10501808565185,True,6.6267252195734,0,0,2,0.175,0.18999999999999995,0.07113684572478689,1.316099627992839,-3.936992548816225,-11.960180340173421,-54.09638751378606,111.09958535001076,0.175,0.18999999999999995,610,0,2,14.959606433588025,0.40202942290295535,RNG-bca24df0d7f5,range,selection,40301,PAL,14,3,1000000.0,,True,,,,,
12.706332867957155,96.93080992094298,True,0.24466750313676283,1,0,2,0.12749999999999773,0.05,0.9700211811883402,2.6791706297211806,1.9483732247282937,-1.1601967831991091,-55.405327607914,128.3765970639501,0.1,0.05,610,1,2,27.583347669955742,0.5996704809747725,RNG-4c4eda57d15a,range,selection,40301,PAL,14,3,1000000.0,,False,,,,,
12.336008636776974,91.35700721351931,True,6.168757841907152,0,0,2,0.2,0.23249999999999998,0.07266868448594645,2.3712055335051017,1.5189289642716925,-12.433606359717077,-49.84717407607548,111.40825396035513,0.2,0.23249999999999998,610,0,2,16.46795864082763,0.45218529197907664,RNG-df11a3298989,range,selection,40301,PAL,14,3,1000000.0,,True,,,,,
12.109869548722259,96.85127828616092,True,0.5915934755332497,0,0,2,0.125,0.06624999999999999,0.7730415497920652,2.779427883472226,1.718789111249602,-1.2765535196232025,-56.04107523298855,130.43750825208602,0.125,0.06624999999999999,610,0,2,27.347428468151204,0.5521441342256512,RNG-ba94866617f0,range,selection,40301,PAL,14,3,1000000.0,,False,,,,,
13.245967935304755,94.78046265981834,True,0.38080301129234634,0,0,2,0.075,0.06624999999999999,0.22087753449796935,2.45722096057324,2.633919345263361,-2.1256405294708784,-54.66338734269543,123.63026641037362,0.075,0.06624999999999999,610,0,2,24.151213426592545,0.605730874853739,RNG-6c4309f6be5f,range,selection,40301,PAL,14,3,1000000.0,,True,,,,,
12.775630604939263,95.89068341614941,True,0.24592220828105396,1,0,2,0.12749999999999773,0.05,0.972204531076823,2.663762464858854,2.0977189061821613,-2.903128549925873,-54.42487571108308,125.23877245645829,0.1,0.05,610,1,2,26.29506788611039,0.6008825671224474,RNG-5b2f878f21fe,range,selection,40301,PAL,14,3,1000000.0,,False,,,,,
12.22549996782637,96.06343141159286,True,0.5878293601003763,0,0,2,0.125,0.06624999999999999,0.773871468126541,2.74474598749584,1.7344439899454056,-2.9475282852547737,-57.237502630680446,127.15841411331724,0.125,0.06624999999999999,610,0,2,26.414719436416814,0.5557222385642794,RNG-3287d10ff80a,range,selection,40301,PAL,14,3,1000000.0,,False,,,,,
12.220904207544883,97.0593480997269,True,0.4918444165621079,0,0,2,0.1,0.21249999999999986,0.5648598041644102,1.675758015238584,1.602973715951433,-1.5332477595426008,-58.04630454407611,130.4062080995322,0.1,0.21249999999999986,610,0,2,27.551615445030894,0.5634467494593243,RNG-7d223b52516b,range,selection,40301,PAL,14,3,1000000.0,,False,,,,,
13.44263063861332,96.93136969924454,True,0.6825595984943538,0,0,2,0.075,0.06624999999999999,0.05173228690283005,1.2615475253459185,0.7565424246309932,-2.1853571683554365,-52.881672938472384,124.56728504773918,0.075,0.06624999999999999,610,0,2,27.111007292373813,0.59908750402006,RNG-c015ee9bc1c2,range,selection,40301,PAL,14,3,1000000.0,,True,,,,,
12.75495051648746,97.4981160438038,True,0.1875784190715182,0,0,2,0.075,0.05,0.6576613434154016,2.566989785836597,1.9094689128808755,-0.7321574940211363,-54.919862034744654,128.0052421179908,0.075,0.05,610,0,2,27.519806549155078,0.6045528969212446,RNG-24da94198dd9,range,selection,40301,PAL,14,3,1000000.0,,False,,,,,
13.733817746223389,95.50710190123215,True,0.767879548306148,0,0,2,0.075,0.06624999999999999,0.029993168621111475,1.6438640464167324,2.851733263002973,-1.9604228218867836,-53.16887255304275,114.81065718103687,0.075,0.06624999999999999,610,0,2,24.40276527245537,0.6035973274646215,RNG-0363398c9314,range,selection,40301,PAL,14,3,1000000.0,,True,,,,,
12.646597000051063,96.92052871096445,True,0.45922208281053956,0,0,2,0.075,0.05,0.03720512480123417,2.3664143990841557,1.8716636133607671,-0.9943448059417632,-57.9103302153118,122.03916762044898,0.075,0.05,610,0,2,27.226021765084457,0.569466422641506,RNG-5e770ddcc937,range,selection,40301,PAL,14,3,1000000.0,,True,,,,,
13.269693343044313,96.65108407010563,True,4.646800501882058,0,0,2,0.15,0.1,0.583595764543783,1.7845348966204673,0.33241570658685926,-6.046789635267814,-53.8603152091971,115.19299155531178,0.15,0.1,610,0,2,19.40486014562127,0.5154583602961085,RNG-ddd4958bbd73,range,selection,40301,PAL,14,3,1000000.0,,False,,,,,
13.123763451773709,95.92488966536406,True,1.5583437892095358,0,0,2,0.725,0.05,1.2657479322001093,0.7343588616506327,2.3419860415973557,-6.849233432159993,-69.1730012271194,118.30044416662437,0.725,0.05,610,0,2,20.97083132642876,0.5681938627610778,RNG-b33ebeace115,range,selection,40301,PAL,14,3,1000000.0,,False,,,,,
12.126517230928295,93.61138482693188,True,5.949811794228356,0,0,2,0.275,0.275,0.1896124174532328,1.4516521905692348,2.039913525692739,-6.6081475805011145,-56.35605478439662,112.06359321715357,0.275,0.275,610,0,2,18.14618148294242,0.3997511697561448,RNG-acbfd3c988e3,range,selection,40301,PAL,14,3,1000000.0,,True,,,,,
14.827623458345567,97.1997640092121,True,0.4109159347553325,0,0,2,0.05,0.4562499999999997,0.44241443555436255,0.6077456722726391,1.1091773177558006,-1.6913468013635038,-61.95589215283379,123.85140097392392,0.05,0.45624999999999966,610,0,2,27.669391969482596,0.6742474197962043,OVP56,range,selection,40301,PAL,18,3,1000000.0,,True,,,,,
15.170967841423696,95.64732405478044,True,1.0407779171894607,0,0,2,0.075,0.06624999999999999,0.04151337923775544,1.3624368296239515,1.9990437514374322,-2.782168417751989,-51.0185651528294,108.8937075944425,0.075,0.06624999999999999,610,0,2,24.972052573601577,0.6722479255908306,RANGE32,range,selection,40301,PAL,18,3,1000000.0,,True,,,,,
-6.693546722446793,-82.45075884941659,False,612.3626097867001,610,8,61,2.025,2.025,1000000.0,83.49948584260228,22.87227439362626,-156.20013020564568,-67.99079414499131,78.13384834776878,1000000.0,1000000.0,610,610,2,-6.739177736472316,-0.3605999424034623,PLL96-rejected-board,range,selection,40301,PAL,18,3,1000000.0,,False,,,,,
9.078370266561947,97.39464653779406,True,6.115432873274781,584,8,0,2.025,2.025,3.6674962639590847,15.592890287260634,-1.1162185654537105,-1.7327043615571867,-53.48751701072482,115.2021499962703,1.8875,1000000.0,610,139,2,11.951521404963026,0.3634536625523469,PLL96-IQ-corrected,range,selection,40301,PAL,18,3,1000000.0,,False,,,,,
20.01360709315927,96.3317689415246,True,0.0,0,0,2,0.025,0.025,0.020769026434004877,1.6366660658073564,1.7095912451183053,-1.193369028081112,-51.91229511704431,114.76797464918621,0.025,0.025,610,0,2,28.635949230709606,0.8856764276370441,floating-PLL-IQ40,range,selection,40301,PAL,18,3,1000000.0,,True,,,,,
4.371256391796149,44.4974514403202,True,88.81994981179423,610,8,0,2.025,2.025,1000000.0,48.95954031336648,27.0859798979866,-25.705663337251675,-1.7505892432558383,86.96647528868402,1000000.0,1000000.0,610,610,2,4.550205520448575,0.5337625208209273,HC50,range,selection,40301,PAL,18,3,1000000.0,,False,,,,,
12.018228564145572,98.02632243271928,True,3.640526976160602,0,0,2,0.475,0.075,0.554341102009448,5.03338479297512,-1.1870206835632335,-2.9858577091512686,-60.02702927951076,111.5265493942212,0.475,0.075,610,0,2,17.601208164579422,0.4736881679816277,PLL96-board-fixed,range,selection,40301,PAL,18,3,1000000.0,,False,,,,,
11.3083532552772,94.9551065833482,True,6.101631116687579,0,0,2,0.15,0.18999999999999995,0.06946811982579597,0.7209947056142105,-4.374697140859358,-11.127748959770623,-57.53811542566359,113.57694394613165,0.15,0.18999999999999995,610,0,2,15.150684146403862,0.42549509278757963,RNG-f96c6225fc10,range,selection,40301,PAL,18,3,1000000.0,,True,,,,,
11.219132208686002,94.34980322608844,True,6.668757841907151,0,0,2,0.15,0.18999999999999995,0.06976247758421804,1.3403941356692048,-4.28189740160613,-11.919179838425917,-56.17190770259524,111.07392694533252,0.15,0.18999999999999995,610,0,2,14.79165280088101,0.4084756852476769,RNG-bca24df0d7f5,range,selection,40301,PAL,18,3,1000000.0,,True,,,,,
14.094814592859938,97.06289822399383,True,0.08155583437892094,0,0,2,0.05,0.05,0.30303789732163,2.5201355389198294,1.9626124900279809,-1.0554479113505215,-53.59175241015421,127.51055926879829,0.05,0.05,610,0,2,28.153247733956498,0.6669256123809407,RNG-4c4eda57d15a,range,selection,40301,PAL,18,3,1000000.0,,True,,,,,
12.425646698255079,91.66475401879109,True,6.211417816813049,0,0,2,0.2,0.21625,0.07006291084025724,2.3310483227756733,1.2112080821654934,-12.286807878011041,-49.382645229438396,111.50826064663045,0.2,0.21624999999999997,610,0,2,16.451744962808913,0.4636254473496688,RNG-df11a3298989,range,selection,40301,PAL,18,3,1000000.0,,True,,,,,
13.116550202476823,97.02623123649853,True,0.33877038895859474,0,0,2,0.1,0.10749999999999997,0.29761690085096165,2.6308274468668666,1.661575793268496,-1.1784746533558248,-52.35110952970913,127.65766028217669,0.1,0.10749999999999997,610,0,2,27.992426536762554,0.6032959855294627,RNG-ba94866617f0,range,selection,40301,PAL,18,3,1000000.0,,True,,,,,
14.5493308393004,94.63266923069845,True,0.22396486825595985,0,0,2,0.075,0.06624999999999999,0.02416643112755011,2.7703258295975988,2.552642636483746,-1.818991085662398,-48.722308583401755,123.44833253842927,0.075,0.06624999999999999,610,0,2,23.97694078968742,0.6741603539344165,RNG-6c4309f6be5f,range,selection,40301,PAL,18,3,1000000.0,,True,,,,,
14.153109447392595,96.06395095653949,True,0.08657465495608532,0,0,2,0.05,0.05,0.30377576123639966,2.6460230499450086,2.087990859760678,-2.703083134399145,-53.97019791326667,123.7121900657825,0.05,0.05,610,0,2,26.83548896126366,0.6685510950185787,RNG-5b2f878f21fe,range,selection,40301,PAL,18,3,1000000.0,,True,,,,,
13.261341230611727,96.39650884532846,True,0.3337515683814304,0,0,2,0.1,0.10749999999999997,0.29789562480622056,2.6202046152777005,1.6644304349190353,-2.7004901471621716,-53.366263267414766,124.54429846613826,0.1,0.10749999999999997,610,0,2,27.157894596834637,0.6088897621191602,RNG-3287d10ff80a,range,selection,40301,PAL,18,3,1000000.0,,True,,,,,
13.456299008682532,96.82674278435319,True,0.21455457967377667,0,0,2,0.1,0.22999999999999987,0.3259569769458419,1.8396572870257917,1.8200134459609525,-1.5718801229082802,-53.099235042990784,127.99659415613834,0.1,0.2299999999999999,610,0,2,27.578608897121825,0.6257833797340854,RNG-7d223b52516b,range,selection,40301,PAL,18,3,1000000.0,,True,,,,,
14.566359887767426,96.90588324379306,True,0.5476787954830615,0,0,2,0.075,0.075,0.031280722602864804,1.3518264747420492,0.8220983693937007,-2.054050983602565,-49.3062042066724,122.28482903177601,0.075,0.075,610,0,2,27.4136568704664,0.6549898855604563,RNG-c015ee9bc1c2,range,selection,40301,PAL,18,3,1000000.0,,True,,,,,
14.168564592602719,97.68292119922707,True,0.035759096612296114,0,0,2,0.05,0.05,0.24471880819006783,2.4507174262012033,1.9227458319223822,-0.6617284597190037,-49.3301435615774,127.50156969888548,0.05,0.05,610,0,2,27.95424624281425,0.6725858529367182,RNG-24da94198dd9,range,selection,40301,PAL,18,3,1000000.0,,True,,,,,
14.700413605132287,95.54200275507155,True,0.6637390213299875,0,0,2,0.075,0.075,0.027516760913078798,1.5612259033388498,2.8439771393811544,-1.8813641022908254,-45.548282767930615,113.88678021857424,0.075,0.075,610,0,2,24.464603813805162,0.6556864164935601,RNG-0363398c9314,range,selection,40301,PAL,18,3,1000000.0,,True,,,,,
13.20714990506547,96.97602173886435,True,0.36637390213299875,0,0,2,0.075,0.06624999999999999,0.03431113665212296,2.3146282699329843,1.9084518905695058,-0.8933694324827322,-47.13623401360864,121.91256549102798,0.075,0.06624999999999999,610,0,2,27.504415832075892,0.5971199884502988,RNG-5e770ddcc937,range,selection,40301,PAL,18,3,1000000.0,,True,,,,,
13.351895299880997,96.62425611818878,True,4.6944792973651195,0,0,2,0.15,0.1,0.36013288758639006,1.8035303147912023,0.11940710496707313,-6.778440961057253,-52.32320773215697,114.81241296557971,0.15,0.1,610,0,2,19.027729707491222,0.530213122562295,RNG-ddd4958bbd73,range,selection,40301,PAL,18,3,1000000.0,,True,,,,,
13.524129662628027,95.69572972045701,True,1.377038895859473,0,0,2,0.125,0.06624999999999999,0.6476320360346303,0.3284925368971239,3.065163147096133,-7.406836420032319,-61.774619212243636,122.40778539233193,0.125,0.06624999999999999,610,0,2,20.782958812222112,0.5960447968219651,RNG-b33ebeace115,range,selection,40301,PAL,18,3,1000000.0,,False,,,,,
12.454829896102877,93.97486138210688,True,5.607904642409033,0,0,2,0.275,0.275,0.08124921184989739,1.465080502780003,1.5654081369485362,-6.536599747514794,-55.34145774129943,111.74617228866725,0.275,0.275,610,0,2,18.583640454036235,0.4177952419021938,RNG-acbfd3c988e3,range,selection,40301,PAL,18,3,1000000.0,,True,,,,,
15.496436098225848,97.48423957389055,True,0.36260978670012545,0,0,2,0.05,0.05,0.13064311291001784,0.24609072145464578,1.0487302350584988,-1.4177164194359009,-59.69675660691508,124.19249337512073,0.05,0.05,610,0,2,28.025058085425087,0.7053350759815826,OVP56,range,selection,40301,PAL,22,3,1000000.0,,True,0.8226914160174639,-60.058802768183384,15.399206211730975,28.175525036162057,12.089330997335875
15.705441200529899,95.61482571347383,True,0.9498117942283563,0,0,2,0.075,0.05,0.0393856510444695,1.3343766690461758,1.9295056027570343,-3.024191487667234,-49.30189274681122,106.76786858533728,0.075,0.05,610,0,2,25.075203553384533,0.7013671024947303,RANGE32,range,selection,40301,PAL,22,3,1000000.0,,True,0.7855361694151063,-61.346065436558305,15.562788012257014,25.429029232504796,11.968147319982366
-6.701956308336597,-82.67932175567456,False,613.2321204516938,610,8,61,2.025,2.025,1000000.0,84.1703123842014,22.710164862807453,-156.22902159263268,-67.99260361543891,70.06209361650775,1000000.0,1000000.0,610,610,2,-6.747007080258482,-0.3638749489142603,PLL96-rejected-board,range,selection,40301,PAL,22,3,1000000.0,contrast;waveform;detail_floor;sync;h_jitter_us;v_jitter_us;h_width_rmse_us;sync_error_ire;black_error_ire;white_error_ire,False,0.3222811854342441,65.34705980615422,26.059234117426914,36.674637074638355,28.73987618799911
9.005778901366313,98.18761357658056,True,6.188833124215809,601,8,0,2.025,2.025,3.683352186980405,14.832520838793897,-1.153433630186432,-1.6517105825597433,-48.78274996199498,111.61625688560133,1.53,1000000.0,610,116,2,11.785687461464292,0.3682028691580026,PLL96-IQ-corrected,range,selection,40301,PAL,22,3,1000000.0,sync;h_jitter_us;v_jitter_us;h_width_rmse_us,False,0.37773501682978233,-112.40738824245504,27.09533914074145,35.54896741840897,16.896391044347165
20.989031634898474,96.3853488935067,True,0.0,0,0,2,0.025,0.025,0.019496742056550682,1.6096103335313525,1.6920787870088263,-1.1307158154124004,-49.92927172078279,113.63291434320806,0.025,0.025,610,0,2,28.850774929892896,0.9110747578625493,floating-PLL-IQ40,range,selection,40301,PAL,22,3,1000000.0,,True,0.4875531969731358,13.409788424010792,9.991361309926454,19.91631395918842,6.97492038046545
4.383187647229361,44.49363852706969,True,88.82183186951066,610,8,0,2.025,2.025,1000000.0,48.92341346242345,27.094321976140666,-25.67357742261437,0.4613755286763137,85.04261567147478,1000000.0,1000000.0,610,610,2,4.5506288727838875,0.5578366870924408,HC50,range,selection,40301,PAL,22,3,1000000.0,contrast;waveform;sync;h_jitter_us;v_jitter_us;h_width_rmse_us;sync_error_ire;black_error_ire;white_error_ire,False,0.4098464276819782,98.91838859921619,15.033426098172248,24.15209229998193,30.700821452928302
12.01808472123253,97.4191696759725,True,3.5859473023839397,0,0,2,0.25,0.075,0.10371678808730793,5.590518758797367,-0.8212410777200607,-2.7678966298321814,-58.214136429354504,111.56656874115788,0.25,0.075,610,0,2,17.283406939553846,0.48025984717773085,PLL96-board-fixed,range,selection,40301,PAL,22,3,1000000.0,,True,0.4322781033989338,-99.02538755641946,25.043397325531288,34.969492269671676,15.440620681706333
11.343279882054933,95.07776187521917,True,6.070890840652447,0,0,2,0.125,0.11624999999999999,0.06864466595398674,0.712170280461562,-4.489992663655917,-11.045789641327834,-55.06616470148426,113.61792999775562,0.125,0.11624999999999999,610,0,2,15.154476806935463,0.42911807643040956,RNG-f96c6225fc10,range,selection,40301,PAL,22,3,1000000.0,,True,0.24014082946369636,-69.87230082697229,34.96443316884725,70.93742674119058,14.168375873323216
11.244231014403939,94.46304509931092,True,6.608531994981179,0,0,2,0.125,0.11624999999999999,0.06949761170563262,1.3333447165213872,-4.380869539042847,-11.842266802999927,-52.04106988955556,110.88830531782313,0.125,0.11624999999999999,610,0,2,14.794196842243547,0.4116472088838361,RNG-bca24df0d7f5,range,selection,40301,PAL,22,3,1000000.0,,True,0.21411175285634315,-73.63455912715092,35.11806038132906,68.05241817955604,14.195610320946024
14.812837359299847,97.11743949996614,True,0.04265997490589711,0,0,2,0.05,0.05,0.02369547234887006,2.4505093309522765,1.9655248291185854,-1.0138314540527797,-49.06111229954203,125.0364519204974,0.05,0.05,610,0,2,28.410923446152616,0.700367494597299,RNG-4c4eda57d15a,range,selection,40301,PAL,22,3,1000000.0,,True,0.8789574970479148,-54.22246595368028,17.32985795080261,32.11529136274445,12.07561280228004
12.487548480809803,91.79614668496372,True,6.14930991217064,0,0,2,0.2,0.2,0.0683829621192057,2.298884969599374,1.126934716792034,-12.186611234518631,-49.19671691504403,111.54826859998593,0.2,0.2,610,0,2,16.51960909741608,0.4683119245862768,RNG-df11a3298989,range,selection,40301,PAL,22,3,1000000.0,,True,0.20767123238092228,-46.161347721056956,43.11959716618636,54.46629654959081,11.461648987424978
13.630780179826596,97.08473044558855,True,0.2672521957340025,0,0,2,0.125,0.10749999999999997,0.0466500751145882,2.563647543112444,1.6409818883916218,-1.1448622808536044,-51.89343288398584,126.66314784051622,0.125,0.10749999999999997,610,0,2,28.286536414338954,0.6279357899627982,RNG-ba94866617f0,range,selection,40301,PAL,22,3,1000000.0,,True,0.9002279870880407,-53.3718427720744,20.170584374045607,33.53067612329626,12.6338565694739
15.131312217195113,94.55798386499238,True,0.18444165621079045,0,0,2,0.075,0.06624999999999999,0.021686098894128043,2.967805949983592,2.508525496545559,-1.616455931447576,-46.74184584285224,120.43522216332482,0.075,0.06624999999999999,610,0,2,23.822680259642897,0.7048316182952059,RNG-6c4309f6be5f,range,selection,40301,PAL,22,3,1000000.0,,True,0.7959987336204485,-63.733652379206205,15.582895162082242,28.229515836841223,12.718986671138722
14.857821503824173,96.1234752721025,True,0.045796737766624844,0,0,2,0.05,0.05,0.027348689542135856,2.6508864847371436,2.07638502241499,-2.6416996520052782,-50.85088563656764,123.50466889776212,0.05,0.05,610,0,2,27.06609222807159,0.7019223971719539,RNG-5b2f878f21fe,range,selection,40301,PAL,22,3,1000000.0,,True,0.8701261283927157,-53.877675420002745,16.85076391604555,31.83029223025826,12.019848515165084
13.793355891415704,96.52666816461809,True,0.25721455457967374,0,0,2,0.1,0.10749999999999997,0.045301811203975674,2.574712964000214,1.6305755755721583,-2.604976015155111,-51.851168195903206,124.1144665828264,0.1,0.10749999999999997,610,0,2,27.488371811044274,0.6346409211296377,RNG-3287d10ff80a,range,selection,40301,PAL,22,3,1000000.0,,True,0.8984390010765507,-53.18152210638005,20.04766038880121,33.10088379726215,12.5261164397272
14.160798428002757,96.63146298589962,True,0.12107904642409034,0,0,2,0.1,0.08249999999999998,0.1074289700525765,1.9315596554617136,1.9804593878587495,-1.6414420866450778,-51.194702379900804,126.51654353896427,0.1,0.08249999999999998,610,0,2,27.4211624723289,0.6603292086616296,RNG-7d223b52516b,range,selection,40301,PAL,22,3,1000000.0,,True,0.8708304947550893,-58.25702343718171,20.428796275006068,31.27388253002093,13.169150209525618
15.07176895398387,96.88467007884114,True,0.5037641154328732,0,0,2,0.05,0.06624999999999999,0.029545741142711773,1.3826087729299088,0.8561553022781271,-1.9814850451463895,-49.06728498633751,117.80612366544779,0.05,0.06624999999999999,610,0,2,27.518658750635105,0.6793428559679499,RNG-c015ee9bc1c2,range,selection,40301,PAL,22,3,1000000.0,,True,0.8293064066385195,-60.85370056387884,16.347938344712286,28.42421744395266,12.349593481151269
14.866233314278594,97.75711368134034,True,0.025094102885821833,0,0,2,0.05,0.05,0.027572557038463886,2.4218597531911876,1.9150077420025633,-0.6533393734170839,-48.666644199336645,125.92596902144976,0.05,0.05,610,0,2,28.08765111323364,0.70485164939141,RNG-24da94198dd9,range,selection,40301,PAL,22,3,1000000.0,,True,0.827143001532332,-52.45122946755098,17.015638546058874,30.404893409646107,11.404402654219078
15.105097939938805,95.54049707482763,True,0.5934755332496864,0,0,2,0.075,0.05,0.026914405917679834,1.539814078081841,2.86623201679252,-1.8581914405610716,-45.480925804373086,111.62377786675947,0.075,0.05,610,0,2,24.42932597864544,0.6777813109959406,RNG-0363398c9314,range,selection,40301,PAL,22,3,1000000.0,,True,0.6232655257783462,-74.10564100930681,17.25172476134015,30.955897369034112,13.175590932548207
13.368681048057411,96.99238903278103,True,0.3638644918444166,0,0,2,0.075,0.05,0.034652845079894204,2.282862777509778,1.9191467554109143,-0.8756478148012599,-47.10780891041858,120.1285823250052,0.075,0.05,610,0,2,27.631882312394506,0.6054122718716893,RNG-5e770ddcc937,range,selection,40301,PAL,22,3,1000000.0,,True,0.7464437469533083,-54.99310551649222,15.930237775518316,29.669112595963444,12.227794404255079
13.344939211014559,96.6097184773788,True,4.735257214554579,0,0,2,0.13874999999999887,0.1,0.05947171803388261,1.7134649649900515,0.007666513713820121,-7.100240348747024,-50.2937029647772,114.84188894226435,0.13874999999999887,0.1,610,0,2,18.762914630894162,0.5357191215082626,RNG-ddd4958bbd73,range,selection,40301,PAL,22,3,1000000.0,,True,0.2539476937597336,-69.38152693332633,27.468061918096595,48.310885462063894,12.125075641879578
13.683434240151529,95.72818496139227,True,1.3224592220828104,0,0,2,0.1,0.075,0.43021391933948705,0.17216475487633928,3.1926986277558926,-7.489954034061088,-61.8471388813302,118.26612756535476,0.1,0.075,610,0,2,20.761672614297147,0.6070222147444709,RNG-b33ebeace115,range,selection,40301,PAL,22,3,1000000.0,,True,0.48220949286826253,-57.4096498866279,18.842532046654085,27.729958915224948,11.561513099322113
12.62777154228835,94.18862742356794,True,5.388331242158093,0,0,2,0.225,0.19124999999999998,0.07454094484923299,1.459596690301341,1.3558810863010475,-6.3944843290746185,-55.08115739489196,110.9457237869058,0.225,0.19124999999999998,610,0,2,18.916755846330478,0.427213837006596,RNG-acbfd3c988e3,range,selection,40301,PAL,22,3,1000000.0,,True,0.27324966480226104,-70.90100613005364,43.21642488412091,72.64453410417434,12.973120323897401
15.936566666818962,97.56523023406635,True,0.31493099121706397,0,0,2,0.05,0.04124999999999999,0.02096542821713568,0.11749280255763295,1.0645520340717314,-1.328258530752791,-55.36942312179714,123.45949193403962,0.05,0.04124999999999999,610,0,2,28.169062667319416,0.7254505063932031,OVP56,range,selection,40301,PAL,30,3,1000000.0,,True,0.8032670154468142,-60.14765299329097,15.974171824262225,27.203813563176375,11.975440511061905
16.059969299454494,95.67378513611023,True,0.8776662484316186,0,0,2,0.05,0.05,0.03939865604764528,1.235980045979067,1.8613058274492498,-3.0852314669187666,-44.134444010763715,103.88722923534752,0.05,0.05,610,0,2,25.213007994679366,0.7201580014328683,RANGE32,range,selection,40301,PAL,30,3,1000000.0,,True,0.7788947504567346,-61.169612574397306,15.75866328448391,25.710528907624045,11.84546780820495
-6.710389342272798,-82.96453725186659,False,613.7434127979925,610,8,61,2.025,2.025,1000000.0,84.89357386477397,22.625775277944093,-156.26511058527322,-68.02150018705511,68.27209415858374,1000000.0,1000000.0,610,610,2,-6.755317017743964,-0.3625606415277196,PLL96-rejected-board,range,selection,40301,PAL,30,3,1000000.0,contrast;waveform;detail_floor;sync;h_jitter_us;v_jitter_us;h_width_rmse_us;sync_error_ire;black_error_ire;white_error_ire,False,0.32445013138290935,65.76862283168984,21.623821327623006,31.76366054429954,28.695408301628017
8.968792667674695,98.88787008761204,True,6.265370138017566,610,8,0,2.025,2.025,1000000.0,13.8754840859155,-1.1423369427772303,-1.6451091955077346,-41.808887805956985,107.05158992315185,1000000.0,1000000.0,610,610,2,11.707383521221875,0.3691777146357676,PLL96-IQ-corrected,range,selection,40301,PAL,30,3,1000000.0,waveform;sync;h_jitter_us;v_jitter_us;h_width_rmse_us,False,0.376178230594195,-112.51073404403057,24.158733284952035,32.77041380675941,16.935296860259903
21.674394439414346,96.40354184775771,True,0.0,0,0,2,0.025,0.025,0.01952300030690996,1.610954778490799,1.6965436718492755,-1.0966967790841742,-46.359333482117236,112.39649124503671,0.025,0.025,610,0,2,28.962561557900287,0.9269666802580647,floating-PLL-IQ40,range,selection,40301,PAL,30,3,1000000.0,,True,0.4840286909572518,13.146873688548435,7.155203473083059,16.870680824964417,6.869133745842343
4.391054855946568,44.499229218996426,True,88.7892095357591,610,8,0,2.025,2.025,1000000.0,48.903514606572344,27.09806888794801,-25.629680645942436,2.651344772594541,84.39830217424426,1000000.0,1000000.0,610,610,2,4.551637103354838,0.5740013926252552,HC50,range,selection,40301,PAL,30,3,1000000.0,contrast;waveform;sync;h_jitter_us;v_jitter_us;h_width_rmse_us;sync_error_ire;black_error_ire;white_error_ire,False,0.406373150829718,98.87981322386707,14.38777602683091,24.333496983601723,30.693478474209552
11.947302462690937,96.98221521669709,True,3.5351317440401506,0,0,2,0.25,0.18874999999999992,0.09816972589330793,5.711710540539967,-0.6901807610466336,-2.736149478507737,-57.52962674402475,110.81069604143073,0.25,0.18874999999999992,610,0,2,16.876184622712337,0.48428051830799035,PLL96-board-fixed,range,selection,40301,PAL,30,3,1000000.0,,True,0.432448794237427,-100.31194047802263,23.495324572802026,30.010124995011466,15.471140489674289
11.37027353798664,95.13907406863369,True,6.031367628607278,0,0,2,0.125,0.11624999999999999,0.06508978666326118,0.695983053736608,-4.528866924414773,-10.997965574096519,-48.99184666470848,113.63570751520876,0.125,0.11624999999999999,610,0,2,15.169667395164073,0.431008478060942,RNG-f96c6225fc10,range,selection,40301,PAL,30,3,1000000.0,,True,0.2364305339197852,-69.85076024319049,30.974970058546923,67.84228188658848,14.140189491271304
11.264510109672223,94.52126518896468,True,6.553952321204517,0,0,2,0.125,0.11624999999999999,0.06649910636648423,1.3173472237322006,-4.417885400606773,-11.79739625909731,-48.86761227890048,110.8117897872909,0.125,0.11624999999999999,610,0,2,14.809066723809908,0.4129274996725763,RNG-bca24df0d7f5,range,selection,40301,PAL,30,3,1000000.0,,True,0.2115652084091661,-73.56171922607757,31.355035664620374,61.39451964225707,14.185069222375105
15.27579773484245,97.15164545684031,True,0.018820577164366376,0,0,2,0.05,0.04124999999999999,0.021686098894128043,2.418599488338635,1.9653728811709859,-0.9960673293302792,-47.98575805216401,124.33778449615639,0.05,0.04124999999999999,610,0,2,28.588461092466154,0.7214839889448201,RNG-4c4eda57d15a,range,selection,40301,PAL,30,3,1000000.0,,True,0.852852682410856,-55.14182178579556,18.15613644672196,32.52707906690453,11.899126417210045
12.519736607508896,91.85403216062451,True,6.089084065244667,0,0,2,0.2,0.2,0.06678353826809835,2.276865135020197,1.0901675786965939,-12.146433198424825,-42.345789972884596,111.56548436061345,0.2,0.2,610,0,2,16.557554772203112,0.4698414182606788,RNG-df11a3298989,range,selection,40301,PAL,30,3,1000000.0,,True,0.20854194389312358,-45.710179450235906,41.20149123588429,47.007087294325046,11.370187494289075
14.111763098978345,97.12116982149976,True,0.2245922208281054,0,0,2,0.1,0.09874999999999996,0.0348003674372914,2.5309181711957907,1.618537877887738,-1.1300482119418283,-50.47804498614285,125.2934150830389,0.1,0.09874999999999996,610,0,2,28.52341061831966,0.6506154162307268,RNG-ba94866617f0,range,selection,40301,PAL,30,3,1000000.0,,True,0.8998200638255456,-52.79534460471628,20.81210427822336,32.148718922485784,12.356973910726609
15.530044226942783,94.5211450349653,True,0.1424090338770389,0,0,2,0.05,0.05,0.01863695429982513,3.091930149352783,2.5459989807697165,-1.3331723744468054,-45.494786550560704,119.60126330711051,0.05,0.05,610,0,2,23.64792623201234,0.7260339967837202,RNG-6c4309f6be5f,range,selection,40301,PAL,30,3,1000000.0,,True,0.7921924587863332,-64.20463831441356,14.432446861358374,23.501321994151297,12.582600901608107
15.314976910112836,96.1840205681027,True,0.02383939774153074,0,0,2,0.05,0.05,0.025707210189705627,2.631965803486343,2.0697622299184726,-2.6190246955783527,-48.3041166621493,121.25021646132501,0.05,0.05,610,0,2,27.254164819912212,0.7231593374098272,RNG-5b2f878f21fe,range,selection,40301,PAL,30,3,1000000.0,,True,0.8438109070866465,-54.74663048813918,17.86778368929298,32.30548763866715,11.836877952857355
14.29265383079387,96.61722351275978,True,0.21894604767879547,0,0,2,0.1,0.09874999999999996,0.03499121669650313,2.553449101077871,1.6007325731379631,-2.539218253705293,-50.250890211559046,122.14912040773359,0.1,0.09874999999999996,610,0,2,27.765000751112552,0.6583687658756476,RNG-3287d10ff80a,range,selection,40301,PAL,30,3,1000000.0,,True,0.8932934773874133,-52.540304860299244,20.689820817116377,32.53541016601768,12.23098929118531
14.86493543165153,96.45163769941635,True,0.06649937264742785,0,0,2,0.1,0.08249999999999998,0.03378451483480192,1.9620368052273789,2.138252487235338,-1.71228795736488,-49.488877336077685,126.5378222565607,0.1,0.08249999999999998,610,0,2,27.213433208577207,0.6937919529559048,RNG-7d223b52516b,range,selection,40301,PAL,30,3,1000000.0,,True,0.8528221702502544,-58.777835173152994,18.878631697503216,29.94084263383633,12.879177792731165
15.437200717153987,96.90404965278867,True,0.4905897114178168,0,0,2,0.05,0.05,0.02623975209798931,1.4030230008755662,0.8804481778434141,-1.8458123347959097,-47.491877619498226,116.80639023334908,0.05,0.05,610,0,2,27.627902066053686,0.6964334444480684,RNG-c015ee9bc1c2,range,selection,40301,PAL,30,3,1000000.0,,True,0.837691461466043,-60.9052386101245,15.532285901513037,24.14364883838605,12.212105077766052
15.363938629047587,97.7911399656482,True,0.01631116687578419,0,0,2,0.05,0.05,0.026780834840499246,2.441680620573165,1.9003970738841849,-0.6618442845049798,-48.059622909230775,126.11919998660159,0.05,0.05,610,0,2,28.21272856284334,0.7270951511980666,RNG-24da94198dd9,range,selection,40301,PAL,30,3,1000000.0,,True,0.8123099450842363,-51.76668927814335,16.335666931649676,31.445700090349867,11.04888748468711
15.424103228244244,95.57378383856032,True,0.5501882057716437,0,0,2,0.075,0.05,0.02837829925933651,1.475400045178798,2.909985435282653,-1.833147269522434,-44.57563315021386,109.97673823757728,0.075,0.05,610,0,2,24.39180856594089,0.6952240153761827,RNG-0363398c9314,range,selection,40301,PAL,30,3,1000000.0,,True,0.613377267524298,-75.01540769104771,15.68365783511101,25.04590702793803,13.057533636080354
13.489701811471253,97.0005451367949,True,0.3782936010037641,0,0,2,0.075,0.05,0.035122735619211795,2.2587656999335333,1.9106344109653457,-0.8835789134562629,-42.09244279431836,120.14910109099253,0.075,0.05,610,0,2,27.741909055322314,0.6115876569041374,RNG-5e770ddcc937,range,selection,40301,PAL,30,3,1000000.0,,True,0.7425991889756818,-55.286937953093414,12.361620414556498,25.4164533595582,12.103143253884149
13.360058612282536,96.66772644309921,True,4.753450439146801,0,0,2,0.15,0.1,0.04468698053693264,1.6713925614676903,-0.051940170219516475,-7.022331598168162,-50.10318922838738,114.41209881669118,0.15,0.1,610,0,2,18.655852623660667,0.5399735282944473,RNG-ddd4958bbd73,range,selection,40301,PAL,30,3,1000000.0,,True,0.2545861185127939,-68.25839746040866,23.12883803906819,44.60028066393832,12.08730880512551
13.793357646885003,95.75877665990934,True,1.2710163111668757,0,0,2,0.1,0.04124999999999999,0.04221092625235755,0.09088161655229254,3.226525900460551,-7.566349400710261,-61.45572134271914,116.9977064266352,0.1,0.04124999999999999,610,0,2,20.74183107314813,0.6146978141817513,RNG-b33ebeace115,range,selection,40301,PAL,30,3,1000000.0,,True,0.47799349093617133,-57.34554496803055,14.939258293838506,22.77713949223752,11.464529348154453
12.718165837143694,94.28619798308593,True,5.29422835633626,0,0,2,0.225,0.19124999999999998,0.0732654616367935,1.4626024900253833,1.2880283593221948,-6.331032729733368,-54.307265651842016,106.86648406004193,0.225,0.19124999999999998,610,0,2,19.056788269410628,0.4332426129397634,RNG-acbfd3c988e3,range,selection,40301,PAL,30,3,1000000.0,,True,0.25838516465241257,-68.64643528370969,33.10140912331512,73.98175101417824,12.771502330282063
5.086546814647821,80.64752160508279,True,64.96355748764928,499,11,0,2.025,2.025,3.506359019186223,17.13829450834325,4.992097705608927,-13.882925958292624,-84.54385089790082,144.56601562703148,1.9274999999999998,0.65,506,140,2,12.368004417167143,0.26397747594363885,OVP56,range,selection,40301,NTSC,4,3,1000000.0,,False,,,,,
5.862969562662524,88.50567171870588,True,39.526804288204424,69,3,0,2.025,2.025,2.911946218258853,9.135797290216345,1.6710402645966125,-12.036839704833177,-67.8779011337287,128.0588870076507,1.7549999999999997,1.6149999999999998,506,4,2,13.902200557958277,0.25944143313111945,RANGE32,range,selection,40301,NTSC,4,3,1000000.0,,False,,,,,
-6.696459280769607,-83.92648104425803,False,614.373944431566,506,12,36,2.025,2.025,1000000.0,88.55238543459761,21.2609911418962,-156.8618787351128,-74.12431802499218,133.798643116622,1000000.0,1000000.0,506,506,2,-6.712836163176559,-0.23690990567154993,PLL96-rejected-board,range,selection,40301,NTSC,4,3,1000000.0,,False,,,,,
7.908635275341279,92.50544520179913,True,18.224266709215545,348,9,0,2.025,2.025,3.379672691252808,10.77891059899831,0.18954114170189637,-4.2683374157298895,-74.52827355487014,135.3881419701075,1.82875,1.2449999999999999,506,16,2,13.148269478591864,0.23180811711714377,PLL96-IQ-corrected,range,selection,40301,NTSC,4,3,1000000.0,,False,,,,,
10.173112146058047,95.74546982283964,True,2.2676846285151746,120,5,0,2.025,2.025,3.141855836262212,2.639017201594774,1.2386464942190054,-2.6860039095327912,-76.51856170475466,137.54223698534742,1.79375,1.9100000000000001,506,4,2,23.378538904876287,0.4750494131726235,floating-PLL-IQ40,range,selection,40301,NTSC,4,3,1000000.0,,False,,,,,
3.2462355329329498,42.67792728696949,True,126.94367592205124,506,12,0,2.025,2.025,1000000.0,49.36185904343924,27.011448499797496,-28.899217639050377,-79.95558766263537,125.70223673719963,1000000.0,1000000.0,506,506,2,4.225880285123215,0.18818025066074337,HC50,range,selection,40301,NTSC,4,3,1000000.0,,False,,,,,
5.883121887214504,90.86637887165608,True,40.72123359635364,52,2,0,2.025,2.025,2.896665635893691,3.258503989254476,-2.0285194367413486,-14.418421467515127,-81.9902112616282,127.63423882873988,1.75,1.7562499999999996,506,2,2,11.117626095828792,0.21227581999377687,PLL96-board-fixed,range,selection,40301,NTSC,4,3,1000000.0,,False,,,,,
8.627767401799074,91.28628145923757,True,16.571483621190545,1,0,0,1.075,1.0237499999999995,1.8452873478240737,0.7898375510726163,-0.6860894115053383,-14.690944869469897,-65.35654483010464,129.16883661853666,1.075,1.0237499999999993,506,1,2,13.23023919603606,0.24647642857082622,RNG-f96c6225fc10,range,selection,40301,NTSC,4,3,1000000.0,,False,,,,,
8.939973884290783,91.04047855073577,True,15.005253381582156,0,0,1,1.0062499999999999,0.4024999999999997,1.6853076448255702,1.2172518189704211,-1.308168208430353,-15.710506121517655,-63.44024133130852,128.92384379785332,1.00625,0.4024999999999997,506,0,2,12.883278262888073,0.24614271689559408,RNG-bca24df0d7f5,range,selection,40301,NTSC,4,3,1000000.0,,False,,,,,
5.202388463799339,92.62132647633625,True,54.852679525660285,136,6,0,2.025,2.025,3.117059912802447,9.59002169529288,1.8369737968868325,-4.602757744787223,-66.38074381827559,136.41057461599985,1.8,1.79375,506,5,2,15.363813839641969,0.27788818612652133,RNG-4c4eda57d15a,range,selection,40301,NTSC,4,3,1000000.0,,False,,,,,
9.140367913376998,87.06071822013025,True,17.67258637974272,5,0,0,1.21875,1.17875,2.018311568322975,3.1745239840402353,4.586822598634871,-17.02619436648461,-66.13845628754017,133.61232619334433,1.15,1.1787499999999997,506,1,2,13.13425844231661,0.2495473555477381,RNG-df11a3298989,range,selection,40301,NTSC,4,3,1000000.0,,False,,,,,
5.269483360539814,92.39091228839807,True,51.633666198026894,77,3,0,2.025,2.025,2.8910545458269006,9.031941795804162,1.8594980117149138,-5.190787885973382,-81.68857603880272,137.61181243925296,1.625,1.7099999999999997,506,3,2,15.199198541118973,0.2643451894062785,RNG-ba94866617f0,range,selection,40301,NTSC,4,3,1000000.0,,False,,,,,
5.153725206244282,92.5161818367981,True,54.836121589441454,37,3,0,2.025,2.025,2.7586624567182207,7.445328812027337,1.9213840126087685,-5.035083063303056,-72.18716540786617,146.72073633988418,1.614999999999999,1.7549999999999997,506,2,2,15.273201405869479,0.26416090230066347,RNG-6c4309f6be5f,range,selection,40301,NTSC,4,3,1000000.0,,False,,,,,
5.409746191318348,90.6195402942875,True,52.57746856250019,127,6,0,2.025,2.025,3.1088654723332696,8.75283270862595,1.8631210292980636,-8.126957592945733,-66.90850098806168,133.28394112547988,1.825,1.775,506,5,2,15.265131682854221,0.2791009804641486,RNG-5b2f878f21fe,range,selection,40301,NTSC,4,3,1000000.0,,False,,,,,
5.482544898879356,90.52465123579344,True,49.05514394867642,77,3,0,2.025,2.025,2.897354059790682,8.606098526236117,1.8798182422228242,-8.28780972895397,-76.71998296104232,133.54404685020515,1.625,1.7099999999999997,506,3,2,15.11848960564469,0.26628838236508107,RNG-3287d10ff80a,range,selection,40301,NTSC,4,3,1000000.0,,False,,,,,
4.833432058721278,92.15508370248233,True,61.901091920630286,52,4,0,2.025,2.025,2.879187000933356,9.366701628163316,1.5612343715392303,-5.069043637833513,-70.70209574168,149.5429980772252,1.6337499999999991,1.2199999999999995,506,3,2,14.969616943657018,0.25919030887443284,RNG-7d223b52516b,range,selection,40301,NTSC,4,3,1000000.0,,False,,,,,
5.331636385970686,92.42715553030358,True,48.74806949516358,37,3,0,2.025,2.025,2.617585222819055,8.218096021859527,0.47245399947189054,-6.310670930638012,-68.53958528337608,137.179275225436,1.575,1.765,506,2,2,14.755394585730953,0.26388925797955065,RNG-c015ee9bc1c2,range,selection,40301,NTSC,4,3,1000000.0,,False,,,,,
5.151374393790263,93.31872456929611,True,54.536573470573536,38,2,0,2.025,2.025,2.746121244778832,8.912405249242981,2.063554315284643,-3.3383524379763356,-69.18871702304594,145.95525556309855,1.625,1.7199999999999995,506,2,2,15.501022165896794,0.2857623094457678,RNG-24da94198dd9,range,selection,40301,NTSC,4,3,1000000.0,,False,,,,,
6.0939755937031865,89.60393439218518,True,35.55064169529182,51,2,0,2.025,2.025,2.7388081449683646,10.851094678051341,2.2413040869408154,-8.156547534555418,-64.13485419659753,124.40335544576428,1.675,1.7449999999999997,506,2,2,14.55585054204736,0.27798006680687637,RNG-0363398c9314,range,selection,40301,NTSC,4,3,1000000.0,,False,,,,,
5.753366667243746,93.3745861962081,True,38.46107530248339,31,2,0,2.025,2.025,2.716894269875847,6.72945067857702,1.5739301674080775,-4.958699417453357,-77.00690040358242,143.49637786421397,1.6,1.2124999999999992,506,2,2,15.421414283662621,0.29334297942865883,RNG-5e770ddcc937,range,selection,40301,NTSC,4,3,1000000.0,,False,,,,,
9.978554925955331,93.3363221862731,True,9.492213254176363,17,0,0,1.66875,1.5924999999999998,2.459943928401488,2.837320863632332,2.6250761031515326,-7.478399370635863,-66.62056736133238,127.7632804694951,1.325,1.5924999999999998,506,2,2,16.745396015708717,0.3096506262822395,RNG-ddd4958bbd73,range,selection,40301,NTSC,4,3,1000000.0,,False,,,,,
8.118676039841349,95.53743765231992,True,17.56947559510728,89,1,0,2.025,1.97,2.934961975658484,1.869937671138081,0.227305607091511,-6.315476191290634,-75.67041096606283,127.9992918859678,1.6799999999999997,1.7,506,3,2,17.004030926189465,0.3243136536408608,RNG-b33ebeace115,range,selection,40301,NTSC,4,3,1000000.0,,False,,,,,
8.101589432073787,89.63770446759042,True,25.776190891930867,18,0,0,1.73125,1.2474999999999996,2.277890379258412,2.5016877957301014,5.892160249542295,-9.829838149026626,-66.86213331752714,120.95545804286445,1.3912499999999994,1.2474999999999996,506,1,2,12.845422693723012,0.23460125629565373,RNG-acbfd3c988e3,range,selection,40301,NTSC,4,3,1000000.0,,False,,,,,
7.47607548896665,87.8047838562783,True,22.317840122588937,464,7,0,2.025,2.025,3.5100281507485973,10.918803593213685,2.741507776795048,-9.459270944851106,-79.46607683662536,136.50708264822677,1.95,1.7899999999999998,506,41,2,16.482798412041348,0.3543139359261295,OVP56,range,selection,40301,NTSC,6,3,1000000.0,,False,,,,,
8.554413343880409,93.67307178375893,True,12.562957789304777,2,1,0,1.11875,1.8324999999999998,2.0398078272774187,3.644540603784473,1.6901390641148335,-5.765930321497999,-67.83686340489004,126.40983096049689,1.075,1.3,506,1,2,19.064977853488404,0.35648890260464416,RANGE32,range,selection,40301,NTSC,6,3,1000000.0,,False,,,,,
-6.6611128765605105,-83.80208711216598,False,610.0869442178182,506,12,46,2.025,2.025,1000000.0,86.95069850245797,22.000889963485015,-157.23571804506005,-72.36284580052528,132.17920028150832,1000000.0,1000000.0,506,506,2,-6.69738465944027,-0.2929803102021811,PLL96-rejected-board,range,selection,40301,NTSC,6,3,1000000.0,,False,,,,,
9.10798116969846,93.49996128560674,True,8.197683695249678,397,8,0,2.025,2.025,3.492563364237077,12.286243932588475,-0.6118990925424391,-3.195514476825809,-72.09605448555698,132.6963297948733,1.7149999999999999,1.1875,506,20,2,14.269220886918731,0.28546057463415325,PLL96-IQ-corrected,range,selection,40301,NTSC,6,3,1000000.0,,False,,,,,
12.074598453914023,95.89861185622274,True,0.23256374052810785,22,0,0,1.95,1.0699999999999998,2.676826778340293,2.316425071258445,1.390955152832514,-2.0592780536233586,-74.88279714935489,135.2569505135957,1.5174999999999983,1.0699999999999998,506,1,2,25.73402473717282,0.5710188451543559,floating-PLL-IQ40,range,selection,40301,NTSC,6,3,1000000.0,,False,,,,,
3.8874479775149258,44.27074697438353,True,105.44996944308134,506,12,0,2.025,2.025,1000000.0,48.98126067970541,27.0084687117413,-26.616703209094034,-63.9798966105879,117.53831133041453,1000000.0,1000000.0,506,506,2,4.459825816442095,0.27220397174579697,HC50,range,selection,40301,NTSC,6,3,1000000.0,,False,,,,,
8.777427719014225,95.57326218521305,True,12.886590179036448,9,0,0,1.45,1.3949999999999996,2.2788768457440627,0.5845416120851883,-2.487764348542564,-10.250152055237162,-81.11894132071792,121.73521006839471,1.325,1.3949999999999996,506,1,2,14.950972812735689,0.3074353919456377,PLL96-board-fixed,range,selection,40301,NTSC,6,3,1000000.0,,False,,,,,
9.75298974561826,92.64960016790182,True,9.93777226515578,0,0,2,0.6687500000000001,0.68375,1.2688017790598556,0.19121079602582158,-1.8065631786101863,-13.424133985377829,-62.335879823852075,119.83623324740353,0.66875,0.68375,506,0,2,14.263242202161717,0.3111696697987167,RNG-f96c6225fc10,range,selection,40301,NTSC,6,3,1000000.0,,False,,,,,
9.936331430460996,92.24180595182217,True,9.797029807295727,0,0,2,0.49375,0.18624999999999997,1.1203913065719036,0.7428157821958785,-2.1806277811722996,-14.35676292703329,-59.66577980143107,119.7439129892438,0.49375,0.18624999999999997,506,0,2,13.861957046853355,0.3073791825178666,RNG-bca24df0d7f5,range,selection,40301,NTSC,6,3,1000000.0,,False,,,,,
7.558880079422519,96.1859045647494,True,19.977150048018014,27,1,0,2.025,1.8737499999999998,2.7449502887452573,4.103258199698039,1.7190351684299223,-1.8719800798788346,-66.34760258408397,134.2870356746682,1.5274999999999992,1.575,506,2,2,21.463287395302363,0.36942735486637535,RNG-4c4eda57d15a,range,selection,40301,NTSC,6,3,1000000.0,,False,,,,,
10.434010422656584,88.88280907623644,True,10.545900104465526,0,0,2,0.9,0.8937499999999998,1.3759294379370688,2.285041989625219,3.412744375823354,-15.34812205062682,-60.59907507554206,125.12521178864486,0.9,0.8937499999999996,506,0,2,14.50376772990081,0.3234984294187938,RNG-df11a3298989,range,selection,40301,NTSC,6,3,1000000.0,,False,,,,,
7.637758017486588,95.85736893569616,True,18.85873671978252,10,1,0,1.56875,1.5162499999999994,2.3849829980965644,4.256561004042072,1.6584057307466331,-2.1574958297035347,-80.06104404172274,135.94740834014974,1.38125,0.975,506,1,2,21.040694107246154,0.3525267856736002,RNG-ba94866617f0,range,selection,40301,NTSC,6,3,1000000.0,,False,,,,,
7.71236367110807,95.51872791622755,True,18.80003130955212,1,0,0,1.1375,1.0074999999999998,1.9526242179778635,2.4935583297344435,1.9373040471569707,-2.83902020083878,-69.75989879860283,144.28202233797032,1.0949999999999989,1.0074999999999998,506,1,2,20.987046945677854,0.3582922562120734,RNG-6c4309f6be5f,range,selection,40301,NTSC,6,3,1000000.0,,False,,,,,
7.705565236297636,94.55387155268782,True,19.01528448039691,25,1,0,1.96875,1.8737499999999998,2.7150326014666986,3.669846338634398,1.8378811490349087,-4.610658548677643,-63.49803076434681,129.89990228158726,1.5,1.425,506,2,2,20.986031147015908,0.3701275840172884,RNG-5b2f878f21fe,range,selection,40301,NTSC,6,3,1000000.0,,False,,,,,
7.781855348753419,94.37279932748832,True,17.917192255702705,11,1,0,1.65,1.5162499999999994,2.360222233159198,3.997770216798299,1.7476016742330358,-4.677036745637471,-75.21854713002628,132.16862350038403,1.3,0.975,506,1,2,20.647481716143407,0.3538471150150202,RNG-3287d10ff80a,range,selection,40301,NTSC,6,3,1000000.0,,False,,,,,
7.256687972585283,96.190599345744,True,23.328626865402043,7,0,0,1.2625,1.0174999999999998,2.128609159500122,3.027853398665179,1.239350751732592,-2.8440201552873834,-69.66002664077769,145.81113173338784,1.1,1.0174999999999998,506,1,2,20.78344791899406,0.3474567686180949,RNG-7d223b52516b,range,selection,40301,NTSC,6,3,1000000.0,,False,,,,,
8.03912788608885,96.44278678493616,True,15.486938798857201,4,0,2,1.06875,0.7587499999999996,1.6124160313539835,2.1622616339438783,0.423829428400134,-3.125190731740988,-66.25626477753623,135.06989581402107,0.9987499999999997,0.7587499999999996,506,1,2,20.782777424634894,0.36269332309344254,RNG-c015ee9bc1c2,range,selection,40301,NTSC,6,3,1000000.0,,False,,,,,
7.573130798166597,96.5814640714547,True,19.050658253228043,5,0,1,1.1375,0.8649999999999999,2.085591191667839,3.828486438340162,1.6384760882613854,-1.6052140360256466,-69.31342383282364,143.62437643071758,1.05,0.8649999999999999,506,1,2,21.54251094741481,0.3771666946460513,RNG-24da94198dd9,range,selection,40301,NTSC,6,3,1000000.0,,False,,,,,
8.76669979219201,94.12545740277172,True,10.53084743517568,1,0,2,1.04375,0.6824999999999998,1.6911369864474886,4.228031307474713,2.310338701513704,-4.127372920479833,-63.459646054376954,125.23491756357086,1.025,0.6824999999999998,506,1,2,20.005502238356698,0.37759428735434347,RNG-0363398c9314,range,selection,40301,NTSC,6,3,1000000.0,,False,,,,,
8.374865195455037,96.46890022852757,True,11.257138728410709,2,0,1,0.95,0.7987499999999998,1.878425442453637,2.948129747783918,1.397814005505433,-2.147999196823629,-71.77545286327808,141.39897565595703,0.95,0.7987499999999998,506,1,2,21.436641627623736,0.39120878081311394,RNG-5e770ddcc937,range,selection,40301,NTSC,6,3,1000000.0,,False,,,,,
11.343489150442096,94.95156070879061,True,5.923977999018566,0,0,2,0.95,0.3987499999999998,1.685037179543136,1.9192070870374205,1.7922086900981018,-6.421880622361139,-63.9355837966337,124.10721140826973,0.95,0.3987499999999998,506,0,2,18.278064021572774,0.3811361253093041,RNG-ddd4958bbd73,range,selection,40301,NTSC,6,3,1000000.0,,False,,,,,
10.05629376662843,97.82294027714167,True,5.824630381705588,36,0,1,2.025,1.2824999999999998,2.551488927015136,-0.3495691522823444,-0.4107178832489257,-4.6426064850455075,-68.75163638120681,124.8080976125801,1.575,1.2824999999999998,506,3,2,19.90569187232642,0.4084496770937642,RNG-b33ebeace115,range,selection,40301,NTSC,6,3,1000000.0,,False,,,,,
9.89771386305095,91.52620805952995,True,12.722516083777135,2,0,0,1.15,0.9299999999999997,1.6919697564513474,1.617163053299533,4.292081341274795,-7.864262445336227,-63.65361068102363,118.11637724677601,1.1212499999999992,0.9299999999999997,506,1,2,15.773188435198612,0.2969460404022488,RNG-acbfd3c988e3,range,selection,40301,NTSC,6,3,1000000.0,,False,,,,,
9.47356838913731,91.46018419778527,True,5.766677604939684,337,8,0,2.025,2.025,3.406641616106942,7.36442588135746,1.9830556431427873,-6.75446265370152,-71.79044828841643,136.0151942060495,1.7399999999999998,1.6212499999999999,506,18,2,19.827427278792936,0.43858136759598954,OVP56,range,selection,40301,NTSC,8,3,1000000.0,,False,,,,,
10.642105341711668,95.0115610879607,True,3.912941381895251,0,0,2,0.275,0.7024999999999997,1.008721233873851,2.028900103462226,2.0691881441133195,-3.3591985471272197,-64.68099252672154,118.49258416684641,0.275,0.7024999999999997,506,0,2,22.65530398188217,0.44653014935653984,RANGE32,range,selection,40301,NTSC,8,3,1000000.0,,False,,,,,
-6.6083566022976505,-82.96852694033379,False,608.0766602341592,506,12,47,2.025,2.025,1000000.0,85.57576750374714,22.765665754472607,-156.6296966955762,-71.09266584747735,127.61484552189033,1000000.0,1000000.0,506,506,2,-6.651274264784892,-0.3189244361074117,PLL96-rejected-board,range,selection,40301,NTSC,8,3,1000000.0,,False,,,,,
9.39162804211686,93.93809808109219,True,6.27545782693645,414,9,0,2.025,2.025,3.531062663364769,13.868525436019212,-0.8883493806109458,-2.781016090285815,-69.34702398601316,127.54040910644368,1.8,1.6524999999999999,506,51,2,13.86296925315597,0.31286552307147697,PLL96-IQ-corrected,range,selection,40301,NTSC,8,3,1000000.0,,False,,,,,
13.840014604026006,95.62065775100983,True,0.021826370470275493,0,0,0,0.925,0.9762499999999998,2.0195056115346057,2.4256632214142217,1.720302696983315,-1.9149430906172806,-67.28186963540078,131.1148712034297,0.925,0.97625,506,0,2,26.26606197614851,0.6550971300284291,floating-PLL-IQ40,range,selection,40301,NTSC,8,3,1000000.0,,False,,,,,
4.109114900631851,44.42939906699443,True,97.64892358361908,506,12,0,2.025,2.025,1000000.0,49.18190591753011,27.103614000559016,-25.977167899977804,-55.436347433296305,102.55454292206691,1000000.0,1000000.0,506,506,2,4.481201069492823,0.3502587379999829,HC50,range,selection,40301,NTSC,8,3,1000000.0,,False,,,,,
10.415761692906367,97.44127828505835,True,5.629698314402093,3,0,0,1.1,0.98625,2.0849860906039464,0.5910001247876946,-2.4261855504218017,-7.66913623101486,-79.00740720839094,117.66916447820786,1.0724999999999993,0.9862500000000001,506,1,2,16.986851079268742,0.3757974152741238,PLL96-board-fixed,range,selection,40301,NTSC,8,3,1000000.0,,False,,,,,
10.452168815056545,93.07345997802366,True,7.891361875201329,0,0,2,0.325,0.16124999999999998,0.7023385203968251,0.4805113754627552,-2.5237029325439715,-12.837792105513229,-60.79534058429276,118.39006847371287,0.325,0.16124999999999998,506,0,2,14.763144294327207,0.35475140183528525,RNG-f96c6225fc10,range,selection,40301,NTSC,8,3,1000000.0,,False,,,,,
10.521982343916946,92.5863457548599,True,8.275957575556873,0,0,2,0.25,0.16124999999999998,0.4941218205238325,1.0836817709169615,-2.7207764412755697,-13.694965263363219,-58.99079495544341,118.69224598940117,0.25,0.16124999999999998,506,0,2,14.347372791067505,0.3467908465682146,RNG-bca24df0d7f5,range,selection,40301,NTSC,8,3,1000000.0,,True,,,,,
9.338409734978066,96.48301290642377,True,5.78549344155199,1,1,0,1.075,1.3924999999999992,2.2927001569985093,3.2023281368279024,1.9463658398230956,-1.596566968369438,-64.39369115601787,130.65511387720613,1.069999999999999,0.6875,506,1,2,25.099748106706194,0.4494539831747118,RNG-4c4eda57d15a,range,selection,40301,NTSC,8,3,1000000.0,,False,,,,,
11.230493194157285,89.59471319666534,True,8.12091508187147,0,0,2,0.325,0.22249999999999998,0.7337846893712973,2.4088900625992413,2.7406916045092875,-14.392516987278265,-53.24744447103306,124.1016811789117,0.325,0.22249999999999998,506,0,2,15.28415909432262,0.37509508685608944,RNG-df11a3298989,range,selection,40301,NTSC,8,3,1000000.0,,False,,,,,
9.335367838941744,96.23780950970352,True,6.054183588375727,0,0,0,0.9187500000000001,1.0187499999999998,1.8469459220915039,3.340530807499823,1.8597327034255549,-1.7653346902888467,-68.26546343931851,132.03167706577534,0.91875,1.0187499999999996,506,0,2,24.659638590957123,0.42748585987225796,RNG-ba94866617f0,range,selection,40301,NTSC,8,3,1000000.0,,False,,,,,
9.648519890146808,95.31857023135736,True,5.170591901061815,0,0,2,0.49375,0.29374999999999973,1.352639784773381,2.0222470618508095,2.4193374413204873,-2.647720397318483,-68.34234701835653,139.89640288432616,0.49375,0.29374999999999973,506,0,2,23.60326925481499,0.4423372756642074,RNG-6c4309f6be5f,range,selection,40301,NTSC,8,3,1000000.0,,False,,,,,
9.43847246957617,95.1340007833195,True,5.513040127405793,1,1,0,1.06875,1.3924999999999992,2.262423621597944,2.9486280501558753,2.0964784136586614,-3.8375327817406326,-63.38084660830895,125.78281812204655,1.05,0.6875,506,1,2,24.005463192379686,0.4498406740435616,RNG-5b2f878f21fe,range,selection,40301,NTSC,8,3,1000000.0,,False,,,,,
9.437305438980335,95.03497443640151,True,5.79226714273242,0,0,0,0.9,1.0187499999999998,1.8322063175632206,3.1872308674593977,1.9394557071520828,-3.8773431515348,-66.47230240025829,128.74420555747145,0.9,1.0187499999999996,506,0,2,23.73929598949882,0.4286163141381444,RNG-3287d10ff80a,range,selection,40301,NTSC,8,3,1000000.0,,False,,,,,
9.107327381293967,96.90565537880802,True,7.272697167388693,0,0,2,0.81875,1.0187499999999998,1.5370940448673915,1.7564367254878994,1.4479473058471406,-2.14516663950453,-64.96673705552867,136.85170059059402,0.81875,1.0187499999999996,506,0,2,25.02022826499092,0.4269457170502775,RNG-7d223b52516b,range,selection,40301,NTSC,8,3,1000000.0,,False,,,,,
10.063325214230534,96.79499028613594,True,4.083036544870502,0,0,2,0.4,0.29374999999999973,0.8863771915452808,1.1430634090726604,0.7117194272315115,-2.699632812985608,-63.499177194994495,130.99921700347744,0.4,0.29374999999999973,506,0,2,24.770666294920062,0.44997980567469786,RNG-c015ee9bc1c2,range,selection,40301,NTSC,8,3,1000000.0,,False,,,,,
9.371050116969789,96.93294235891412,True,5.364018701436326,0,0,2,0.7,0.3074999999999998,1.6317403534348436,3.0099311293010738,1.8634413146812427,-1.2922526339134512,-64.67363583462958,136.24981962525072,0.7,0.3074999999999998,506,0,2,25.283038880199385,0.45548563805598935,RNG-24da94198dd9,range,selection,40301,NTSC,8,3,1000000.0,,False,,,,,
10.682538550343473,94.9479586975742,True,2.973654818208913,0,0,2,0.225,0.3349999999999998,0.7813419906315741,2.5235208433817027,2.732697617379582,-2.937347948355634,-57.70667808116555,120.25449921329782,0.225,0.3349999999999998,506,0,2,23.108848374951933,0.46167274706584,RNG-0363398c9314,range,selection,40301,NTSC,8,3,1000000.0,,False,,,,,
10.166089939216965,96.67007005814051,True,2.969139017421959,0,0,2,0.3625,0.2799999999999997,1.0061323827118884,2.509932483682311,1.7096488619673216,-1.5671343884847617,-65.92949992046796,132.82612969494318,0.3625,0.2799999999999997,506,0,2,25.34902552254622,0.4662527955994379,RNG-5e770ddcc937,range,selection,40301,NTSC,8,3,1000000.0,,False,,,,,
12.197692165544826,95.54972881011626,True,5.110381223902435,0,0,2,0.475,0.31249999999999983,1.1163899771261243,1.8661206088924207,1.3006478768738536,-6.026774925819885,-58.31774428314,121.52399481874299,0.475,0.31249999999999983,506,0,2,19.02200390234431,0.43384881552787663,RNG-ddd4958bbd73,range,selection,40301,NTSC,8,3,1000000.0,,False,,,,,
11.392079824036227,97.68864210617257,True,2.75614374697065,17,0,2,1.81875,0.68625,2.4365582707056213,0.15221898401359327,-0.19415315607856531,-4.390008252420652,-70.54077725351692,125.13028302107604,1.45,0.68625,506,1,2,21.172697702435855,0.47414411172868204,RNG-b33ebeace115,range,selection,40301,NTSC,8,3,1000000.0,,False,,,,,
10.911743989801687,92.15048349627337,True,8.62141633575882,0,0,2,0.5625,0.6062499999999995,1.2449339038283058,1.677994645959849,3.5607720949172785,-7.175217555114625,-60.14743120374299,117.24218741653384,0.5625,0.6062499999999995,506,0,2,17.132393949574762,0.34130302780083893,RNG-acbfd3c988e3,range,selection,40301,NTSC,8,3,1000000.0,,False,,,,,
11.104640033730442,93.66804531048955,True,1.4269930486773221,142,4,0,2.025,2.025,3.1613392627280503,4.938612536967468,1.670620421722906,-4.935314683581833,-69.45186043715312,129.02168521146405,1.846249999999999,1.65625,506,3,2,22.505787333042633,0.5136612471869276,OVP56,range,selection,40301,NTSC,10,3,1000000.0,,False,,,,,
12.12910338805947,95.39633112583782,True,1.7589044065184078,0,0,2,0.125,0.12249999999999997,0.4976426643123292,1.572422831530466,2.20194933280082,-2.6328542962044685,-56.08135266068393,111.95859243868078,0.125,0.12249999999999997,506,0,2,24.01385810503175,0.5210549536224942,RANGE32,range,selection,40301,NTSC,10,3,1000000.0,,True,,,,,
-6.585874198133937,-82.42865974336051,False,607.4023006499742,506,12,48,2.025,2.025,1000000.0,84.49720357574522,23.07911424071153,-156.28601029881884,-69.46407628811384,83.21443191829407,1000000.0,1000000.0,506,506,2,-6.631407064778305,-0.33045528245435163,PLL96-rejected-board,range,selection,40301,NTSC,10,3,1000000.0,,False,,,,,
9.372505038881926,94.52539027276234,True,6.0451519868018195,437,9,0,2.025,2.025,3.573914145421037,14.97912203789355,-1.1567528351078216,-2.5275508385591157,-58.75955647757025,126.13898448617958,1.8799999999999997,1.69,506,50,2,13.26483187166213,0.32840244201047397,PLL96-IQ-corrected,range,selection,40301,NTSC,10,3,1000000.0,,False,,,,,
15.480056577699166,95.6513324614862,True,0.0007526334644922584,0,0,2,0.18125000000000002,0.6274999999999997,1.1577842747582427,2.283486233252882,1.8249740540947057,-1.753831016026292,-64.5219418299033,125.57254786448208,0.18125,0.6274999999999997,506,0,2,26.750624778651954,0.7296388607207164,floating-PLL-IQ40,range,selection,40301,NTSC,10,3,1000000.0,,False,,,,,
4.197754737564614,44.38846645592305,True,95.34962834959524,506,12,0,2.025,2.025,1000000.0,49.202624283398514,27.10997632333361,-25.892084620511607,-38.96340824273277,100.18336899347823,1000000.0,1000000.0,506,506,2,4.479643223367872,0.40992037032887146,HC50,range,selection,40301,NTSC,10,3,1000000.0,,False,,,,,
11.159514956103258,98.32101489956185,True,4.283237046425443,7,0,0,1.125,1.065,2.113015539303646,1.3806981626264139,-2.280441031134387,-5.983418329805421,-63.299798570694804,112.06036435326824,1.025,1.065,506,1,2,17.610696606111034,0.4152803817915604,PLL96-board-fixed,range,selection,40301,NTSC,10,3,1000000.0,,False,,,,,
10.83757171691494,93.49028423650557,True,7.097333570161997,0,0,2,0.2,0.18624999999999997,0.25947937385184483,0.6793042225939522,-3.08035683795612,-12.312279301545653,-60.16778130527092,116.82378707023922,0.2,0.18624999999999997,506,0,2,15.009467859016379,0.38373617894905526,RNG-f96c6225fc10,range,selection,40301,NTSC,10,3,1000000.0,,True,,,,,
10.830739259786139,92.95008847157878,True,7.6189085610551315,0,0,2,0.2,0.18624999999999997,0.2146758517949178,1.3004306436265614,-3.1748653502841315,-13.145396459135725,-56.298422043479135,113.75295249827879,0.2,0.18624999999999997,506,0,2,14.595285642552822,0.37144305291394053,RNG-bca24df0d7f5,range,selection,40301,NTSC,10,3,1000000.0,,True,,,,,
10.730007936737247,96.51175934345738,True,1.5737565742533124,0,0,2,0.95,0.3174999999999999,1.7575180830514843,3.0812395264151955,2.0031050196941402,-1.5470928263176338,-54.551542619212995,129.18809704322393,0.95,0.3174999999999999,506,0,2,26.25937268153535,0.5171411196098488,RNG-4c4eda57d15a,range,selection,40301,NTSC,10,3,1000000.0,,False,,,,,
11.68522137506623,90.15145358279051,True,7.217002291016266,0,0,2,0.225,0.2,0.29515605171105685,2.492430440224174,2.250276627283007,-13.699302748470881,-59.82536173690758,124.67797314811439,0.225,0.2,506,0,2,15.75509153018944,0.40819874333724526,RNG-df11a3298989,range,selection,40301,NTSC,10,3,1000000.0,,True,,,,,
10.54830955558284,96.32853225526887,True,2.0373787883805434,0,0,1,0.775,0.7537499999999999,1.353035582148993,3.19227823888803,1.8772047400844838,-1.674674812654738,-60.81582390157547,128.87466052820292,0.775,0.7537499999999999,506,0,2,25.902586600332217,0.4872478548824042,RNG-ba94866617f0,range,selection,40301,NTSC,10,3,1000000.0,,False,,,,,
11.156469199963048,94.93377570767765,True,1.4089298455295076,0,0,2,0.2,0.4924999999999995,0.7854492873533927,2.275526338114518,2.628451559744693,-2.6031479480243522,-56.247292055341504,131.77093904030102,0.2,0.49249999999999955,506,0,2,24.00466548376468,0.5153803056921592,RNG-6c4309f6be5f,range,selection,40301,NTSC,10,3,1000000.0,,False,,,,,
10.806186669117434,95.32515425244863,True,1.5255880325258078,0,0,2,0.925,0.3174999999999999,1.760558211872389,2.920875040417008,2.166198431400363,-3.537693120846436,-54.469732057484265,126.09588780045782,0.925,0.3174999999999999,506,0,2,24.981042191293056,0.5174618502745345,RNG-5b2f878f21fe,range,selection,40301,NTSC,10,3,1000000.0,,False,,,,,
10.641340286921416,95.29950509125685,True,1.9560943742153794,0,0,1,0.775,0.7399999999999999,1.3377186201587266,3.1135405770933215,1.9399583901724418,-3.577592175967478,-60.100034485243505,125.77397757003679,0.775,0.7399999999999999,506,0,2,24.85145339809666,0.48893568026737877,RNG-3287d10ff80a,range,selection,40301,NTSC,10,3,1000000.0,,False,,,,,
10.450021159459034,96.97596396343233,True,2.1668317442732117,0,0,2,0.39375000000000004,0.6574999999999998,1.11368153493933,1.7197520545581773,1.5230339107680553,-1.8708266911576696,-58.56365585839115,135.03358340074396,0.39375,0.6574999999999998,506,0,2,26.5668023223138,0.49033208278427126,RNG-7d223b52516b,range,selection,40301,NTSC,10,3,1000000.0,,False,,,,,
11.537980695619666,96.73743636700812,True,1.325387530970867,0,0,2,0.14375,0.08624999999999998,0.39625376396262213,1.2469554619489254,0.7803887425617003,-2.582713132391641,-54.304883343992444,127.42816168670096,0.14375,0.08624999999999998,506,0,2,26.14255368593526,0.5207220377209796,RNG-c015ee9bc1c2,range,selection,40301,NTSC,10,3,1000000.0,,True,,,,,
10.741054972014016,96.99889545019136,True,1.4578510207215045,0,0,2,0.5,0.13374999999999995,1.2620006937352064,2.9607259233002767,1.9378646273718554,-1.152322805655871,-54.930458074961,129.55797686179312,0.5,0.13374999999999995,506,0,2,26.351489128003436,0.5204191473339858,RNG-24da94198dd9,range,selection,40301,NTSC,10,3,1000000.0,,False,,,,,
11.99698702578123,95.10325830040074,True,1.26969265459844,0,0,2,0.1,0.1,0.31197485519938917,2.1392401370222838,2.9137369713755077,-2.5136446662386605,-53.09830507850763,116.39653289494403,0.1,0.1,506,0,2,23.871430060943784,0.5266063210449566,RNG-0363398c9314,range,selection,40301,NTSC,10,3,1000000.0,,True,,,,,
11.342515152321566,96.62124919475228,True,1.0296025794254096,0,0,2,0.1,0.09749999999999996,0.3190818721060778,2.543239579977771,1.8385798350956883,-1.423424952592567,-60.29188105608371,124.8498702378949,0.1,0.09749999999999996,506,0,2,26.44207481430685,0.5204483896923188,RNG-5e770ddcc937,range,selection,40301,NTSC,10,3,1000000.0,,True,,,,,
12.735265295517262,95.97405307238273,True,4.830401575111314,0,0,2,0.45625,0.15,0.696932685403827,1.8547261915748225,0.908997879777807,-5.865252995936219,-57.13192644326797,117.06001695485018,0.45625,0.15,506,0,2,19.467771836701505,0.47042892685141274,RNG-ddd4958bbd73,range,selection,40301,NTSC,10,3,1000000.0,,False,,,,,
12.226469399880681,96.91304002637807,True,2.0020050155494076,7,0,2,1.3625,0.6737499999999995,2.1512864911801657,0.8689721749894724,0.35670073863181906,-5.15336722099311,-62.948805065821546,120.6362383847971,1.1299999999999983,0.6737499999999994,506,1,2,21.343173310991524,0.5198684570590569,RNG-b33ebeace115,range,selection,40301,NTSC,10,3,1000000.0,,False,,,,,
11.434931043314924,92.56863453095868,True,7.315597274864752,0,0,2,0.325,0.41499999999999987,0.6662448228929216,1.6681292567364303,2.9614836084167857,-7.020194769600217,-60.08617148173399,115.45761237522733,0.325,0.41499999999999987,506,0,2,17.51422411450543,0.3676921846457181,RNG-acbfd3c988e3,range,selection,40301,NTSC,10,3,1000000.0,,False,,,,,
12.439332920371381,95.2841193729197,True,0.7308070940219829,33,2,0,2.025,2.025,2.6314526049008227,3.0353650925955504,1.4132585169669156,-3.550990759882677,-66.94179024319126,130.87480781118393,1.4849999999999994,1.3949999999999996,506,2,2,24.714724585990894,0.5770759258206964,OVP56,range,selection,40301,NTSC,12,3,1000000.0,,False,,,,,
13.242004692865255,95.66403536426054,True,1.3532349691570806,0,0,2,0.1,0.08624999999999998,0.04863502454659832,1.3332086477279874,2.145045163746546,-2.386160134774157,-51.711788684951784,111.51458739553902,0.1,0.08624999999999998,506,0,2,24.458466661073125,0.5811173530240274,RANGE32,range,selection,40301,NTSC,12,3,1000000.0,,True,,,,,
-6.584879475246133,-82.21262773389054,False,608.1579446483245,506,12,49,2.025,2.025,1000000.0,83.74569287601108,23.13241923091174,-156.24827945338512,-69.74509774423883,82.1679420752088,1000000.0,1000000.0,506,506,2,-6.631883393876138,-0.3370501012830121,PLL96-rejected-board,range,selection,40301,NTSC,12,3,1000000.0,,False,,,,,
9.272097457933329,95.20178860973132,True,6.05192568798225,442,11,0,2.025,2.025,3.594490412857572,15.632186981227917,-1.288017106439189,-2.227348602618618,-54.885843515059925,122.83863949667005,1.95,1.7,506,44,2,12.79329887174198,0.33568117788036883,PLL96-IQ-corrected,range,selection,40301,NTSC,12,3,1000000.0,,False,,,,,
16.994210840271414,95.92890439109392,True,0.0,0,0,2,0.05,0.4074999999999994,0.48650895006980466,1.9868713284468456,1.780164447769747,-1.5260699944663998,-61.54426623739394,124.05609428105541,0.05,0.4074999999999994,506,0,2,27.48707688662353,0.7917650585116256,floating-PLL-IQ40,range,selection,40301,NTSC,12,3,1000000.0,,True,,,,,
4.2564255126563975,44.44475187353908,True,94.89804827089988,506,12,0,2.025,2.025,1000000.0,49.11071340842011,27.08061942826912,-25.82224214026429,-7.243665740823353,93.50090422674617,1000000.0,1000000.0,506,506,2,4.489280531695016,0.4593639003531969,HC50,range,selection,40301,NTSC,12,3,1000000.0,,False,,,,,
11.541447001629132,98.58483523526724,True,4.076262843690071,6,0,0,1.025,0.8999999999999997,1.9265646238836631,2.5472486604854314,-2.0689360981636358,-4.680205173692951,-61.00936559920135,112.07066463123687,1.025,0.8999999999999997,506,1,2,17.78200227798379,0.43901657526273885,PLL96-board-fixed,range,selection,40301,NTSC,12,3,1000000.0,,False,,,,,
11.107774613562842,94.04623572614854,True,6.568984878088432,0,0,2,0.175,0.175,0.07151833010845525,0.6806359346998402,-3.6113962500577856,-11.74710186668205,-56.67083499920555,114.0038151468186,0.175,0.175,506,0,2,15.253486668441061,0.4040592875791132,RNG-f96c6225fc10,range,selection,40301,NTSC,12,3,1000000.0,,True,,,,,
11.060221613021712,93.48138628523644,True,7.107117805200397,0,0,2,0.175,0.175,0.06934369063462112,1.303633491380286,-3.626072659714213,-12.552295963807595,-53.90149313777979,112.63103883512537,0.175,0.175,506,0,2,14.851067183030615,0.3892400592895105,RNG-bca24df0d7f5,range,selection,40301,NTSC,12,3,1000000.0,,True,,,,,
11.89347156986085,96.75846640801515,True,0.5321118593960267,1,0,2,0.6,0.061249999999999985,1.3375313450569677,2.841722644889789,1.9561337173812696,-1.3771472815780708,-53.48859161370519,129.41452855820037,0.5899999999999977,0.061249999999999985,506,1,2,27.04098962011884,0.575052187742561,RNG-4c4eda57d15a,range,selection,40301,NTSC,12,3,1000000.0,,False,,,,,
12.044439930380769,90.78795703150435,True,6.612637619028983,0,0,2,0.2,0.2,0.07315754022450184,2.4052022573786282,1.8150399455095168,-12.99199740260757,-49.66189604037798,119.20630985460502,0.2,0.2,506,0,2,16.253413285422873,0.43205723038004745,RNG-df11a3298989,range,selection,40301,NTSC,12,3,1000000.0,,True,,,,,
11.481541700530858,96.62319358578985,True,0.9099338585711404,0,0,2,0.475,0.1424999999999999,1.0219315635370891,2.950110640985808,1.7778054446834466,-1.4889041312979763,-53.805934424236945,128.25580813119242,0.475,0.1424999999999999,506,0,2,26.7310070266625,0.5356519976877017,RNG-ba94866617f0,range,selection,40301,NTSC,12,3,1000000.0,,False,,,,,
12.39144946667965,94.85057934270773,True,0.6284489428510357,0,0,2,0.1,0.08624999999999998,0.41385497307049224,2.3568468168885066,2.6556327078973343,-2.403882707608721,-56.188912295846066,128.58310196818627,0.1,0.08624999999999998,506,0,2,24.1233313254269,0.5778675220021184,RNG-6c4309f6be5f,range,selection,40301,NTSC,12,3,1000000.0,,True,,,,,
11.961699462594545,95.67948424992942,True,0.5268434251445809,1,0,2,0.6,0.061249999999999985,1.3381113852022637,2.7511306086954397,2.115920539657831,-3.215703992486701,-54.54339533838963,126.19691187979117,0.5899999999999977,0.061249999999999985,506,1,2,25.74493076641883,0.575820096478491,RNG-5b2f878f21fe,range,selection,40301,NTSC,12,3,1000000.0,,False,,,,,
11.583838344004619,95.73322164951527,True,0.9046654243196947,0,0,2,0.475,0.1424999999999999,1.0224922325439194,2.898843690699769,1.814095051098127,-3.261012343760969,-53.44896575805559,124.51213808741207,0.475,0.1424999999999999,506,0,2,25.717971366590998,0.5384684081171389,RNG-3287d10ff80a,range,selection,40301,NTSC,12,3,1000000.0,,False,,,,,
11.50416504096465,97.0763598306317,True,0.8993969900682488,0,0,2,0.16874999999999998,0.15874999999999995,0.8410215179624654,1.666642149931891,1.5266694635163642,-1.680605712598599,-55.668738136073635,132.63268423022285,0.16875,0.15874999999999995,506,0,2,27.22310782383651,0.5428305738005554,RNG-7d223b52516b,range,selection,40301,NTSC,12,3,1000000.0,,False,,,,,
12.673228768599834,96.8658703003014,True,0.8286494444059765,0,0,2,0.075,0.08624999999999998,0.2678715881668595,1.2440687633507455,0.7418941674119924,-2.400574533049425,-54.285219201912504,127.61886086904076,0.075,0.08624999999999998,506,0,2,26.722589875688186,0.5775473897505902,RNG-c015ee9bc1c2,range,selection,40301,NTSC,12,3,1000000.0,,True,,,,,
11.901414197949114,97.27884678514572,True,0.468890648378677,0,0,2,0.225,0.08624999999999998,0.841556675655253,2.727785264998002,1.9089846649432145,-0.9509614249874225,-55.18710751383412,128.53875561362398,0.225,0.08624999999999998,506,0,2,27.063658567501587,0.5773409626564376,RNG-24da94198dd9,range,selection,40301,NTSC,12,3,1000000.0,,False,,,,,
13.014174263580003,95.34856215980788,True,0.914449659358094,0,0,2,0.1,0.1,0.04559390691557466,1.829822073568784,2.8919977974393567,-2.2025926609405975,-51.7975407376793,116.57805067019356,0.1,0.1,506,0,2,24.224348516642394,0.5791925281707638,RNG-0363398c9314,range,selection,40301,NTSC,12,3,1000000.0,,True,,,,,
12.189817375486964,96.78833292037515,True,0.6051173054517758,0,0,2,0.075,0.075,0.21970605587498562,2.432957225910705,1.8464268468276253,-1.2191684562135734,-53.08267473204784,123.15209979316111,0.075,0.075,506,0,2,26.93933708785771,0.5616691139494222,RNG-5e770ddcc937,range,selection,40301,NTSC,12,3,1000000.0,,True,,,,,
13.027645011292696,96.36335237778022,True,4.798790969602639,0,0,2,0.2,0.4649999999999995,0.3944087985773858,1.7795688909693816,0.601361699274876,-5.84802274290888,-54.33737835130062,117.25461738638492,0.2,0.4649999999999995,506,0,2,19.596316165028092,0.4934143367721506,RNG-ddd4958bbd73,range,selection,40301,NTSC,12,3,1000000.0,,True,,,,,
12.786500070362957,96.28335145737752,True,1.7370780360481324,1,0,1,0.86875,0.08624999999999998,1.7678915673930362,1.0653032623618783,1.3849853624694553,-6.037943719690652,-63.08663101894233,119.8244315061907,0.85,0.08624999999999998,506,1,2,21.270301156021326,0.5533261112410027,RNG-b33ebeace115,range,selection,40301,NTSC,12,3,1000000.0,,False,,,,,
11.840161852661444,93.12002234367465,True,6.546405874153663,0,0,2,0.275,0.38749999999999984,0.37260930963739824,1.5040189375352555,2.415522904748173,-6.7477353115234004,-57.798043054810044,115.5699374150395,0.275,0.38749999999999984,506,0,2,17.988107782946564,0.3878844048089838,RNG-acbfd3c988e3,range,selection,40301,NTSC,12,3,1000000.0,,True,,,,,
13.522517538171355,96.25744047301663,True,0.5659803652981783,3,0,1,0.94375,0.7712499999999998,1.8703241896935097,1.7875108982708954,1.2402346432637694,-2.6803960642489066,-64.65468163444756,129.35381353811167,0.9224999999999994,0.7712499999999998,506,1,2,26.218593717451665,0.6284311039660674,OVP56,range,selection,40301,NTSC,14,3,1000000.0,,False,,,,,
14.121567234474707,95.69616939243176,True,1.2275451805868733,0,0,2,0.075,0.075,0.04706032206693318,1.321503336507143,2.0933256200330472,-2.4459712447671897,-50.88164125677501,111.59927734309815,0.075,0.075,506,0,2,24.684771806016194,0.6289337125702607,RANGE32,range,selection,40301,NTSC,14,3,1000000.0,,True,,,,,
-6.584401688628906,-82.07985157577922,False,608.7848883242465,506,12,50,2.025,2.025,1000000.0,83.42502629445279,23.07132472482954,-156.18141322430134,-69.9370194738114,77.99138726960678,1000000.0,1000000.0,506,506,2,-6.6322101242470035,-0.3414068833697582,PLL96-rejected-board,range,selection,40301,NTSC,14,3,1000000.0,,False,,,,,
9.172036313530363,95.76227408201673,True,6.18213127733941,464,10,0,2.025,2.025,3.618078367231502,15.900788128420276,-1.2394122543353556,-2.058430773965535,-55.08486674535559,122.94060185168686,1.9474999999999998,1.6774999999999998,506,55,2,12.43049903937321,0.3413468162996935,PLL96-IQ-corrected,range,selection,40301,NTSC,14,3,1000000.0,,False,,,,,
18.299991570405417,96.0621859971833,True,0.0,0,0,2,0.025,0.036249999999999984,0.025098619712295944,1.8307361704285747,1.7513570145981474,-1.4266515745298725,-56.59259176939414,117.66983402313897,0.025,0.036249999999999984,506,0,2,27.92769504027655,0.8389714786749661,floating-PLL-IQ40,range,selection,40301,NTSC,14,3,1000000.0,,True,,,,,
4.290531642341089,44.45336322604886,True,94.89127456971946,506,12,0,2.025,2.025,1000000.0,49.044597527012264,27.061098218857964,-25.80595086130556,-6.7482418255809975,90.32413364866588,1000000.0,1000000.0,506,506,2,4.493167743339944,0.4996088576554085,HC50,range,selection,40301,NTSC,14,3,1000000.0,,False,,,,,
11.778382278007564,98.3906527481921,True,3.9407888200814654,5,0,0,1.175,0.5649999999999998,2.1006100007496635,3.647800772413595,-1.7886548406743763,-3.9085579804978767,-60.34668761187611,111.94931079425572,1.075,0.5649999999999998,506,1,2,17.809376200105028,0.4554020666494885,PLL96-board-fixed,range,selection,40301,NTSC,14,3,1000000.0,,False,,,,,
11.211058153021614,94.35010487614542,True,6.357494874566107,0,0,2,0.175,0.175,0.0691385445314041,0.7249636963454876,-3.9789448108696366,-11.47156361331029,-56.81738621644238,113.5082829504253,0.175,0.175,506,0,2,15.270197073480915,0.4139488038413182,RNG-f96c6225fc10,range,selection,40301,NTSC,14,3,1000000.0,,True,,,,,
11.142443328664736,93.76550331197632,True,6.896380435142564,0,0,2,0.175,0.175,0.06924565310767385,1.3472146851550684,-3.9416284092447946,-12.26358125622347,-54.036738207770696,112.71886977843198,0.175,0.175,506,0,2,14.895290278667323,0.39729509841433774,RNG-bca24df0d7f5,range,selection,40301,NTSC,14,3,1000000.0,,True,,,,,
12.871351730828543,96.8771168728394,True,0.2355742743860769,0,0,2,0.3,0.05,0.9890170090897197,2.695857576595835,1.950865204378828,-1.2909964974482488,-52.335539746314524,129.5259591277074,0.3,0.05,506,0,2,27.516208691151963,0.6229541598742638,RNG-4c4eda57d15a,range,selection,40301,NTSC,14,3,1000000.0,,False,,,,,
12.212861955156221,91.11926055732161,True,6.36878437653349,0,0,2,0.2,0.2,0.07292925263108119,2.3951297475185616,1.5174203960670174,-12.655161142688113,-49.79577081129574,119.30324362821585,0.2,0.2,506,0,2,16.443745703890745,0.44364976628385,RNG-df11a3298989,range,selection,40301,NTSC,14,3,1000000.0,,True,,,,,
12.238917645439738,96.78148431738624,True,0.5494224290793486,0,0,2,0.125,0.075,0.827448008946714,2.8138745645962704,1.7173512615082718,-1.4023775220990926,-52.883935633141135,128.3652801621257,0.125,0.075,506,0,2,27.269342278966636,0.574448666145678,RNG-ba94866617f0,range,selection,40301,NTSC,14,3,1000000.0,,False,,,,,
13.383465985463951,94.73592468392357,True,0.40642207082581955,0,0,2,0.075,0.08624999999999998,0.22039927386665462,2.477569912401624,2.632246907688782,-2.2554296446199267,-51.479765621065496,123.52243167872396,0.075,0.08624999999999998,506,0,2,24.078193770502033,0.6284736641318925,RNG-6c4309f6be5f,range,selection,40301,NTSC,14,3,1000000.0,,True,,,,,
12.93407686501691,95.85993510740349,True,0.2355742743860769,0,0,2,0.3,0.061249999999999985,0.9908561694901035,2.6656140209120305,2.103762335705378,-3.035854250047723,-53.551135321215554,126.31733022898104,0.3,0.061249999999999985,506,0,2,26.20847725476708,0.6240237433836471,RNG-5b2f878f21fe,range,selection,40301,NTSC,14,3,1000000.0,,False,,,,,
12.355062658079225,96.00898739853426,True,0.538885560576457,0,0,2,0.125,0.075,0.8255283372320555,2.7847011586426325,1.7327904730685002,-3.0598473266138604,-54.19314648738381,124.61850534652714,0.125,0.075,506,0,2,26.326161540414947,0.5783036808931667,RNG-3287d10ff80a,range,selection,40301,NTSC,14,3,1000000.0,,False,,,,,
12.373376395184552,97.00279023828739,True,0.46061168026926214,0,0,2,0.1,0.22624999999999984,0.6956172792631636,1.7122002902383173,1.6040191505987433,-1.659798793242069,-55.76819443424132,129.39813827151045,0.1,0.22624999999999984,506,0,2,27.478876541966653,0.5862896536186596,RNG-7d223b52516b,range,selection,40301,NTSC,14,3,1000000.0,,False,,,,,
13.56580182219548,96.86510945017484,True,0.6690911499336177,0,0,2,0.075,0.075,0.1506368234170183,1.2935341919798742,0.7598830648626407,-2.3109902271547424,-52.08800253888932,121.41740735510399,0.075,0.075,506,0,2,27.009082024360282,0.620918648861273,RNG-c015ee9bc1c2,range,selection,40301,NTSC,14,3,1000000.0,,True,,,,,
12.905519461518306,97.43145632664168,True,0.1843951988006033,0,0,2,0.1,0.08624999999999998,0.5931134772014076,2.5987818413407937,1.9043000276947049,-0.864319033853413,-51.49951587626004,126.7596208742024,0.1,0.08624999999999998,506,0,2,27.513108402386017,0.625769261866323,RNG-24da94198dd9,range,selection,40301,NTSC,14,3,1000000.0,,False,,,,,
13.810302782552684,95.43280512758464,True,0.76317033299515,0,0,2,0.075,0.1,0.032516338246555795,1.6664110868178703,2.860180703528529,-2.0837827850098307,-51.76296213104301,111.90754893450784,0.075,0.1,506,0,2,24.377599969976945,0.6205814785952976,RNG-0363398c9314,range,selection,40301,NTSC,14,3,1000000.0,,True,,,,,
12.76932415380206,96.84384933069546,True,0.46211694719824664,0,0,2,0.075,0.061249999999999985,0.04571565321218325,2.3884242819779065,1.8689945923148752,-1.1226738157135918,-53.226484842055356,121.2363804993445,0.075,0.061249999999999985,506,0,2,27.19403006558199,0.5898149632758806,RNG-5e770ddcc937,range,selection,40301,NTSC,14,3,1000000.0,,True,,,,,
13.153796679982301,96.5318229170958,True,4.802554136925101,0,0,2,0.15,0.4649999999999995,0.411121033215973,1.7847626166714972,0.39336186991893696,-6.173644333678934,-54.014341678140966,117.34207715751668,0.15,0.4649999999999995,506,0,2,19.40745567594795,0.5083546601261234,RNG-ddd4958bbd73,range,selection,40301,NTSC,14,3,1000000.0,,True,,,,,
13.160427983364064,95.8725011967406,True,1.5745092077178044,0,0,2,0.525,0.08624999999999998,1.359185010688623,0.7712260663976588,2.3697326598724375,-6.780787310398873,-61.57544759741004,119.07641348040713,0.525,0.08624999999999998,506,0,2,21.081503035309773,0.5772428370041607,RNG-b33ebeace115,range,selection,40301,NTSC,14,3,1000000.0,,False,,,,,
12.160874440974725,93.44848733174432,True,5.9721465407460705,0,0,2,0.275,0.21999999999999992,0.12701926342343672,1.463410892075318,2.054751549886942,-6.5728416861200305,-58.67596203970708,111.51143894913318,0.275,0.21999999999999992,506,0,2,18.5088041545599,0.4019334256521667,RNG-acbfd3c988e3,range,selection,40301,NTSC,14,3,1000000.0,,True,,,,,
14.961782335982472,97.12657925432976,True,0.39889573618089696,0,0,2,0.05,0.061249999999999985,0.46353039264020846,0.6548168818011687,1.1364450433696587,-1.821057370813718,-63.44668707999738,122.66524519391737,0.05,0.061249999999999985,506,0,2,27.504009555136175,0.6954980932741823,OVP56,range,selection,40301,NTSC,18,3,1000000.0,,True,,,,,
15.276660559523563,95.58561529997682,True,1.048418416037716,0,0,2,0.075,0.075,0.04249505900132028,1.3959363302062948,2.008651178482472,-2.874764915477413,-50.97305694101687,108.98342962216358,0.075,0.075,506,0,2,24.91775381603732,0.6920731701263233,RANGE32,range,selection,40301,NTSC,18,3,1000000.0,,True,,,,,
-6.587374864189687,-82.09959108680226,False,609.9710386642864,506,12,50,2.025,2.025,1000000.0,83.568917383639,22.86445836483585,-156.10134713361433,-67.88984800501864,75.60872959910569,1000000.0,1000000.0,506,506,2,-6.635562926591934,-0.34583313642005414,PLL96-rejected-board,range,selection,40301,NTSC,18,3,1000000.0,,False,,,,,
9.031854403176863,96.7995279118228,True,6.234815619853869,490,11,0,2.025,2.025,3.653390976202793,15.615552566065158,-1.16241605826337,-1.8701737199905089,-55.078306242730285,118.99755405611262,1.9625,1.25,506,117,2,12.017842233867837,0.3473637819307586,PLL96-IQ-corrected,range,selection,40301,NTSC,18,3,1000000.0,,False,,,,,
20.202644361636857,96.19849948956191,True,0.0,0,0,2,0.025,0.025,0.020881038924375022,1.6953935887704576,1.7129548496677245,-1.3268128848308076,-52.481331314216646,114.5627719624909,0.025,0.025,506,0,2,28.407433116860222,0.8962063429574874,floating-PLL-IQ40,range,selection,40301,NTSC,18,3,1000000.0,,True,,,,,
4.321768088020182,44.441489853964164,True,94.8664376653912,506,12,0,2.025,2.025,1000000.0,48.97022028506929,27.05203015305535,-25.789821647001837,-0.006184626402593096,86.45956872708615,1000000.0,1000000.0,506,506,2,4.4948539551200515,0.5503531686139609,HC50,range,selection,40301,NTSC,18,3,1000000.0,,False,,,,,
11.974111683863658,97.70864678632384,True,3.773704190964184,18,0,0,1.825,1.1049999999999998,2.4868872299045437,5.02165273686361,-1.1666182676070147,-3.116990927913837,-59.96113123491764,111.38258875644664,1.575,1.1049999999999998,506,1,2,17.660850102235173,0.4738808686552767,PLL96-board-fixed,range,selection,40301,NTSC,18,3,1000000.0,,False,,,,,
11.252292198363747,94.6300671462839,True,6.3371737710248155,0,0,2,0.175,0.175,0.06984949941960902,0.7554008208494358,-4.355628016818797,-11.303041887642506,-56.70285959664233,113.55422219421965,0.175,0.175,506,0,2,15.143727510891402,0.4229826922703428,RNG-f96c6225fc10,range,selection,40301,NTSC,18,3,1000000.0,,True,,,,,
11.153656362199047,94.01917368635874,True,6.886596200104164,0,0,2,0.175,0.175,0.07030776499208191,1.3824078899808236,-4.269906841824905,-12.098000951749258,-53.62146104533369,110.78715507565971,0.175,0.175,506,0,2,14.780762053713874,0.40420594131169824,RNG-bca24df0d7f5,range,selection,40301,NTSC,18,3,1000000.0,,True,,,,,
14.249004164918146,96.99543157817027,True,0.0632212110173497,0,0,2,0.05,0.05,0.3874354466184563,2.5509865398612908,1.9708017627175431,-1.1907328320015182,-52.54114259390846,127.10603432587149,0.05,0.05,506,0,2,28.059921877988067,0.6881848302466773,RNG-4c4eda57d15a,range,selection,40301,NTSC,18,3,1000000.0,,True,,,,,
12.314237218295482,91.42917041301065,True,6.346958006063215,0,0,2,0.2,0.18624999999999997,0.06910280477996894,2.3635007030817783,1.2147954386422672,-12.408355227947345,-49.577285790053665,104.71513863894171,0.2,0.18624999999999997,506,0,2,16.471411409029365,0.45424386309793846,RNG-df11a3298989,range,selection,40301,NTSC,18,3,1000000.0,,True,,,,,
13.247970381600853,96.9473521674499,True,0.32513765666065564,0,0,2,0.1,0.08624999999999998,0.22208253459899327,2.6696751054205956,1.6718451575449813,-1.3143022038352845,-52.3144724675452,125.30941686358798,0.1,0.08624999999999998,506,0,2,27.88394710908831,0.6254627838925588,RNG-ba94866617f0,range,selection,40301,NTSC,18,3,1000000.0,,True,,,,,
14.683154301392914,94.5820450551917,True,0.224284772418693,0,0,2,0.075,0.075,0.02336554336198477,2.7994138912979487,2.556713727722947,-1.9369209309083126,-48.40926138735267,118.56674603454505,0.075,0.075,506,0,2,23.905819853090602,0.6950638586837125,RNG-6c4309f6be5f,range,selection,40301,NTSC,18,3,1000000.0,,True,,,,,
14.299828897630945,96.0136684709435,True,0.07074754566227229,0,0,2,0.05,0.061249999999999985,0.3878210132779308,2.6706234447117865,2.099357075103663,-2.8387679436724986,-52.51183317544013,123.96990520781878,0.05,0.061249999999999985,506,0,2,26.715817542004032,0.6896526012521665,RNG-5b2f878f21fe,range,selection,40301,NTSC,18,3,1000000.0,,True,,,,,
13.393468539748882,96.32757443915604,True,0.32739555705413237,0,0,2,0.1,0.08624999999999998,0.21984936902181124,2.6669043031607704,1.6753238343350854,-2.8266613205402895,-52.619330378074196,122.17214465355178,0.1,0.08624999999999998,506,0,2,27.03818371023153,0.631175019373724,RNG-3287d10ff80a,range,selection,40301,NTSC,18,3,1000000.0,,True,,,,,
13.6042067402629,96.75763995009103,True,0.19643733423247944,0,0,2,0.1,0.22624999999999984,0.41605175310869935,1.875028447103015,1.8234483202434102,-1.6961657887263022,-53.558514838417,126.58473645194223,0.1,0.22624999999999984,506,0,2,27.471613803322196,0.647488963840825,RNG-7d223b52516b,range,selection,40301,NTSC,18,3,1000000.0,,True,,,,,
14.705563231259191,96.82987939812983,True,0.5306065924670422,0,0,2,0.075,0.061249999999999985,0.03289400872919991,1.385208157219208,0.8296498714161242,-2.1854112960037484,-50.469406029280954,117.37433513943242,0.075,0.061249999999999985,506,0,2,27.28396408816389,0.6770365419322593,RNG-c015ee9bc1c2,range,selection,40301,NTSC,18,3,1000000.0,,True,,,,,
14.325397938038373,97.61104756385623,True,0.04741590826301228,0,0,2,0.05,0.05,0.19717934393817554,2.484705693149162,1.9238172629709784,-0.79252284377374,-49.63736809661389,127.13986259496974,0.05,0.05,506,0,2,27.955969917938063,0.6927971840875573,RNG-24da94198dd9,range,selection,40301,NTSC,18,3,1000000.0,,True,,,,,
14.762101879313871,95.45220151396322,True,0.6088804727742371,0,0,2,0.075,0.075,0.02710960770722302,1.5814819458850993,2.84949358730884,-2.0158862720915955,-45.95238245807993,111.36326878865924,0.075,0.075,506,0,2,24.422688189329946,0.6710594617435003,RNG-0363398c9314,range,selection,40301,NTSC,18,3,1000000.0,,True,,,,,
13.330036528229734,96.89309310977366,True,0.36051142949179177,0,0,2,0.075,0.061249999999999985,0.035599051814880926,2.352309797927937,1.9080469674178935,-1.0282348501823968,-51.11932600851706,120.72002794329683,0.075,0.061249999999999985,506,0,2,27.45288289723611,0.6180702788396206,RNG-5e770ddcc937,range,selection,40301,NTSC,18,3,1000000.0,,True,,,,,
13.210028761629689,96.63394859316313,True,4.806317304247562,0,0,2,0.15,0.37499999999999967,0.25938653303089304,1.8079559271592367,0.10770029644762309,-6.9699356904445295,-52.659595792869766,114.97110173614638,0.15,0.37499999999999967,506,0,2,18.914153402073673,0.5257823014721613,RNG-ddd4958bbd73,range,selection,40301,NTSC,18,3,1000000.0,,True,,,,,
13.572199472826016,95.7543968180282,True,1.401403510884585,0,0,2,0.1,0.075,0.6559067660656894,0.3771357068856426,3.080422676113675,-7.184452292567927,-61.70270433138263,122.09447535461544,0.1,0.075,506,0,2,20.93864606387411,0.6057326918139051,RNG-b33ebeace115,range,selection,40301,NTSC,18,3,1000000.0,,False,,,,,
12.434473306147357,93.75507304741433,True,5.637977282511508,0,0,2,0.275,0.275,0.08156388897171177,1.4789502241728352,1.6011470736774507,-6.61499781253286,-55.26284987149296,110.98208160860679,0.275,0.275,506,0,2,18.719809937903932,0.4193459397260572,RNG-acbfd3c988e3,range,selection,40301,NTSC,18,3,1000000.0,,True,,,,,
15.640047593764464,97.40552247984456,True,0.3687903976012066,0,0,2,0.05,0.061249999999999985,0.06832987876482594,0.30815427263194733,1.0746728541129722,-1.5573257706451111,-58.688763153016595,122.66480488807909,0.05,0.061249999999999985,506,0,2,27.851748446649758,0.7258475342797758,OVP56,range,selection,40301,NTSC,22,3,1000000.0,,True,0.8896122682064713,-47.98752336406466,10.30723062425897,21.405005474254164,11.577653034268428
15.812939565924948,95.55530458385898,True,0.9513286991182146,0,0,2,0.05,0.075,0.04054653794259671,1.374000014775611,1.9401260293948244,-3.1113000218516165,-50.407257454571784,107.34773009183527,0.05,0.075,506,0,2,25.038692106620903,0.7203448586454062,RANGE32,range,selection,40301,NTSC,22,3,1000000.0,,True,0.8503242150636359,-49.076234853115444,10.225662428103853,20.37464114828643,11.51460897236782
-6.596344627772409,-82.34743645016785,False,611.0969783271668,506,12,50,2.025,2.025,1000000.0,84.17779445287304,22.628422872176586,-156.1305405885299,-67.60505665077112,69.97303566016774,1000000.0,1000000.0,506,506,2,-6.644233896220464,-0.34818738450690706,PLL96-rejected-board,range,selection,40301,NTSC,22,3,1000000.0,contrast;waveform;detail_floor;sync;h_jitter_us;v_jitter_us;h_width_rmse_us;sync_error_ire;black_error_ire;white_error_ire,False,0.43823079101085605,81.69557083726325,38.269529326016794,31.498615490336245,29.310870565092028
8.96810499441276,97.57282082534313,True,6.346958006063215,501,11,0,2.025,2.025,3.6553898560892244,14.86302265313416,-1.1353530556447151,-1.7878616096660074,-48.708527299154795,111.47271582542032,1.9,1.25,506,164,2,11.869838334750906,0.35162585082998615,PLL96-IQ-corrected,range,selection,40301,NTSC,22,3,1000000.0,waveform;sync;h_jitter_us;v_jitter_us;h_width_rmse_us,False,0.5005039123705158,-96.30739326341511,37.44836253252071,30.479323081858496,18.1050681593812
21.227324049672042,96.25566357852468,True,0.0,0,0,2,0.025,0.025,0.01972513694928337,1.6666653017544841,1.6988732873895274,-1.258896156566945,-49.866091213659274,112.74233357232092,0.025,0.025,506,0,2,28.61604474768807,0.9212603674410392,floating-PLL-IQ40,range,selection,40301,NTSC,22,3,1000000.0,,True,0.5960901581429161,5.1093348502229325,7.492689866173155,17.68770964503795,6.247856978214378
4.3341163612712625,44.441905621236,True,94.76332688075577,506,12,0,2.025,2.025,1000000.0,48.936216267318414,27.063242598077945,-25.75428117535025,0.9052228502898316,84.10778200713719,1000000.0,1000000.0,506,506,2,4.495400090015273,0.5753175416184597,HC50,range,selection,40301,NTSC,22,3,1000000.0,contrast;waveform;sync;h_jitter_us;v_jitter_us;h_width_rmse_us;sync_error_ire;black_error_ire;white_error_ire,False,0.4403807116014661,80.94226582999241,9.311453917043938,19.104552197087223,30.831835568014043
11.993418193271854,97.11652072030597,True,3.702956645301912,0,0,2,0.425,0.475,0.18314271741107116,5.633038922935148,-0.7822884763983673,-2.8935578247605966,-58.1235869277218,111.21834193721469,0.425,0.475,506,0,2,17.391758326153276,0.48173165835486326,PLL96-board-fixed,range,selection,40301,NTSC,22,3,1000000.0,,True,0.5974480170718104,-85.26222757835365,34.18295754319141,22.37226896092568,16.23944383759129
11.252031498470089,94.71639365725231,True,6.318357934412509,0,0,2,0.125,0.125,0.0692902328155734,0.7466250067900826,-4.486929490146263,-11.375809721807155,-53.89648178187303,113.46917774104358,0.125,0.125,506,0,2,15.095137443299398,0.42266057097457105,RNG-f96c6225fc10,range,selection,40301,NTSC,22,3,1000000.0,,True,0.25569166467339316,-66.01577924526845,39.26017818655453,115.89760604916091,15.242559202847392
11.143919609446073,94.0966180131423,True,6.864017196169397,0,0,2,0.125,0.125,0.06954823162194082,1.3744888056519813,-4.386154330680419,-12.179997443459827,-51.96262538230168,110.74330135352932,0.125,0.125,506,0,2,14.733778763801126,0.4031938591216057,RNG-bca24df0d7f5,range,selection,40301,NTSC,22,3,1000000.0,,True,0.2338610458606582,-70.54772255571783,37.510216029149014,98.72890744611446,15.283783305738924
14.980395441663601,97.04610965765306,True,0.03236323897316711,0,0,2,0.05,0.05,0.1343995576879603,2.490622444375417,1.9796706246457139,-1.1447402611895037,-48.485729051075836,124.9391577073709,0.05,0.05,506,0,2,28.31145109098808,0.7207876142006274,RNG-4c4eda57d15a,range,selection,40301,NTSC,22,3,1000000.0,,True,0.9438571682160415,-41.590188079580635,14.156533387233681,25.839791382807164,11.3867565251408
12.332178635575854,91.52351564983613,True,6.289757862761804,0,0,2,0.2,0.175,0.06802188092507425,2.3330146691540268,1.112185369161766,-12.460999366401753,-48.84811506439847,104.75481079047185,0.2,0.175,506,0,2,16.463107366602856,0.45494304857318424,RNG-df11a3298989,range,selection,40301,NTSC,22,3,1000000.0,,True,0.1438807931807459,-35.077671120549425,54.197978804880464,199.17449300092358,13.165095362131632
13.77615473842549,97.01283763415344,True,0.2589059117853369,0,0,2,0.1,0.08624999999999998,0.03640529974883288,2.6099600218928574,1.6481053569296518,-1.2797469205337868,-51.31564547215207,125.08500767981226,0.1,0.08624999999999998,506,0,2,28.167101472416604,0.6510295828233937,RNG-ba94866617f0,range,selection,40301,NTSC,22,3,1000000.0,,True,0.9681221057605944,-42.19890358666681,17.999400583191512,24.02356631884341,12.01872089206121
15.26652592476963,94.4923866472329,True,0.17310569683321944,0,0,2,0.05,0.075,0.02191994958304695,3.006857824990017,2.5155683246546516,-1.7423989669377364,-47.475672035212995,118.21574272317176,0.05,0.075,506,0,2,23.753240097731492,0.7245748631547826,RNG-6c4309f6be5f,range,selection,40301,NTSC,22,3,1000000.0,,True,0.8766961730094626,-51.435844507454796,12.19193461504106,22.18304210200343,12.363649655977634
15.016530366927096,96.06746820030283,True,0.037631673224612916,0,0,2,0.05,0.05,0.1350459225070152,2.6797042046466437,2.0968307640687205,-2.7702725263558023,-49.014553422716816,121.81967120849413,0.05,0.05,506,0,2,26.939435896321857,0.7221486046772383,RNG-5b2f878f21fe,range,selection,40301,NTSC,22,3,1000000.0,,True,0.9354445852724849,-41.35895835470353,14.129887195869228,26.31311914903493,11.361657158539131
13.941321881998999,96.4627320230539,True,0.2498743102114298,0,0,2,0.1,0.08624999999999998,0.03430924811080613,2.618203948508916,1.6408242043604055,-2.7331592452930873,-51.31480332873391,121.84184130449819,0.1,0.08624999999999998,506,0,2,27.366247267323654,0.6578428270499593,RNG-3287d10ff80a,range,selection,40301,NTSC,22,3,1000000.0,,True,0.9591397240563712,-41.99574020685147,17.73798779607553,24.4373857281484,11.90596926715567
14.313470191027537,96.56072244152318,True,0.10913185235137747,0,0,2,0.1,0.075,0.2657582931081008,1.973735558650989,1.9995028425861643,-1.7637304041889026,-50.62899218511531,126.60682586496802,0.1,0.075,506,0,2,27.28866730637477,0.6821343321842792,RNG-7d223b52516b,range,selection,40301,NTSC,22,3,1000000.0,,True,0.9288646491986287,-44.94405970783203,17.062081136750688,26.745656201200894,12.368803350756595
15.20552578714123,96.81681906862129,True,0.48243805073953766,0,0,2,0.05,0.075,0.030355274463378445,1.4249025654062986,0.8693173825765241,-2.0993174128363523,-47.50957734544746,115.325665299212,0.05,0.075,506,0,2,27.391585728719807,0.7004670329719032,RNG-c015ee9bc1c2,range,selection,40301,NTSC,22,3,1000000.0,,True,0.8921216364380636,-49.16706615317491,12.053052400154199,21.040725543341644,11.94085844632421
15.042246184996772,97.68165513265971,True,0.018815836612306458,0,0,2,0.05,0.05,0.1371334496173438,2.464737735718438,1.9161661005460642,-0.7809642778909055,-48.782564390546455,126.14809668714452,0.05,0.05,506,0,2,28.097971158653895,0.7249164303575305,RNG-24da94198dd9,range,selection,40301,NTSC,22,3,1000000.0,,True,0.8838114570591858,-41.68460875622426,14.899208866701125,22.971103792186383,10.91023246846368
15.144944377127256,95.44268581981675,True,0.5569487637242713,0,0,2,0.075,0.08624999999999998,0.0282475645177734,1.5729180644777636,2.8850291400851233,-1.9876764841563597,-45.58105860610051,109.44566554651652,0.075,0.08624999999999998,506,0,2,24.38194305725206,0.6911879223948014,RNG-0363398c9314,range,selection,40301,NTSC,22,3,1000000.0,,True,0.7185775901709035,-61.18825281669677,16.90346901818359,35.8563203844856,13.350578154539471
13.49478038313223,96.91110085874925,True,0.3514798279178847,0,0,2,0.075,0.05,0.035616396055527424,2.3222153908231498,1.9162735222876768,-1.0100501959508064,-46.96341496472179,119.93443838391167,0.075,0.05,506,0,2,27.578876507213707,0.6264280503946568,RNG-5e770ddcc937,range,selection,40301,NTSC,22,3,1000000.0,,True,0.8214421690708344,-44.97252179528138,19.995385268097955,32.70071699277382,11.920130729792257
13.183935629748447,96.66626794611341,True,4.854485845975066,0,0,2,0.125,0.11124999999999999,0.045837076143741044,1.7342082482694121,-0.009416025783871029,-7.340412574407964,-50.5292715351376,115.1357185862521,0.125,0.11124999999999999,506,0,2,18.60809171823936,0.5304749357687291,RNG-ddd4958bbd73,range,selection,40301,NTSC,22,3,1000000.0,,True,0.320144515003966,-59.5447170652191,37.71823798075173,48.721052706279224,12.878813930632509
13.741853143535756,95.89792338726033,True,1.3434507341186814,0,0,2,0.1,0.075,0.4216591546352896,0.22365691877278404,3.2127963960593915,-7.059147049755829,-61.987811376704975,117.54945367603287,0.1,0.075,506,0,2,20.964943096817006,0.6173622763958233,RNG-b33ebeace115,range,selection,40301,NTSC,22,3,1000000.0,,True,0.554699826481355,-49.67704512144536,21.70377906925811,27.866338114121998,11.822262379381144
12.56981934205328,93.92677259483719,True,5.467882119536257,0,0,2,0.275,0.20624999999999993,0.0794388048463408,1.4893131745568688,1.3791747992830516,-6.565056353207466,-54.997806560393975,110.80075205737941,0.275,0.2062499999999999,506,0,2,18.924436592808128,0.4268588424527021,RNG-acbfd3c988e3,range,selection,40301,NTSC,22,3,1000000.0,,True,0.24920627293838366,-58.629023054454734,40.80137386495185,118.08295966132536,13.814131098043244
16.091873454453815,97.50304699453864,True,0.3221271228026866,0,0,2,0.05,0.05,0.020762395697481884,0.14452670140608082,1.0724651477970453,-1.4591039274066575,-56.160490796161426,124.04668434119597,0.05,0.05,506,0,2,28.006393723418608,0.7454851919325493,OVP56,range,selection,40301,NTSC,30,3,1000000.0,,True,0.883520371833177,-48.27763352225993,9.210573253935715,21.81391681074967,11.477190643699442
16.18149407712218,95.61735306750093,True,0.8896127550298494,0,0,2,0.05,0.05,0.039230493503821226,1.2697372078843454,1.8655545824510729,-3.193988947890106,-43.91225276486577,103.21935318820312,0.05,0.05,506,0,2,25.16935917551632,0.739171340198259,RANGE32,range,selection,40301,NTSC,30,3,1000000.0,,True,0.8595286398000259,-49.12602319013266,8.521450530805863,18.794525315501968,11.384012171441665
-6.605745499909762,-82.67305565592945,False,611.6915587641156,506,12,50,2.025,2.025,1000000.0,84.90116778422171,22.56360434355753,-156.18523805739937,-67.64514424420491,66.82203167414085,1000000.0,1000000.0,506,506,2,-6.65320827797542,-0.3491562534439159,PLL96-rejected-board,range,selection,40301,NTSC,30,3,1000000.0,contrast;waveform;detail_floor;sync;h_jitter_us;v_jitter_us;h_width_rmse_us;sync_error_ire;black_error_ire;white_error_ire,False,0.4446496790861371,81.55504151496892,39.63756151193983,32.467527433186746,29.299763595538725
8.93838284644361,98.30061125244823,True,6.347710639527707,506,12,0,2.025,2.025,1000000.0,13.9593504329789,-1.0857465842139502,-1.7556119751294874,-41.739026448479635,106.91787166154677,1000000.0,1000000.0,506,506,2,11.801799653684578,0.35366264973775974,PLL96-IQ-corrected,range,selection,40301,NTSC,30,3,1000000.0,waveform;sync;h_jitter_us;v_jitter_us;h_width_rmse_us,False,0.5063075330420398,-96.57369342033262,37.3053039924213,28.72634203807826,18.084998385447957
21.940753421033378,96.27977151433355,True,0.0,0,0,2,0.025,0.025,0.019662417754100305,1.6671148245368432,1.6984688735915308,-1.2143917641092747,-45.21705609706504,111.27731187434324,0.025,0.025,506,0,2,28.73167521811775,0.936559729237034,floating-PLL-IQ40,range,selection,40301,NTSC,30,3,1000000.0,,True,0.5947204540582844,4.913434257582966,7.017551805367385,17.67634432711343,6.135793045909998
4.341979707760377,44.44921755564421,True,94.7219320402087,506,12,0,2.025,2.025,1000000.0,48.9142317344908,27.065462019027407,-25.711786983862037,2.6266303175034125,84.13050883240112,1000000.0,1000000.0,506,506,2,4.4970442754550515,0.5902875299003584,HC50,range,selection,40301,NTSC,30,3,1000000.0,contrast;waveform;sync;h_jitter_us;v_jitter_us;h_width_rmse_us;sync_error_ire;black_error_ire;white_error_ire,False,0.44064107207784575,80.68144842549113,8.036985974430896,18.799761403448606,30.81318674376088
11.923283968330125,96.66767066552767,True,3.6051142949179176,0,0,2,0.425,0.075,0.10957156955047664,5.760162286866425,-0.6666280925615703,-2.8461652044411014,-50.4461695765979,111.23920500699856,0.425,0.075,506,0,2,16.95400542364733,0.4863265527142626,PLL96-board-fixed,range,selection,40301,NTSC,30,3,1000000.0,,True,0.6031351019218525,-86.08983951942345,33.27725522157812,17.274573187065744,16.31048176197765
11.291957619234129,94.79798689895502,True,6.2257840182799615,0,0,2,0.125,0.11124999999999999,0.06747492580691158,0.7323658651625687,-4.524706653727783,-11.279924662349567,-43.87435481018534,113.49080835277607,0.125,0.11124999999999999,506,0,2,15.147067488922554,0.42530229000944086,RNG-f96c6225fc10,range,selection,40301,NTSC,30,3,1000000.0,,True,0.2516297543572601,-66.54441407544424,37.33919137622426,119.51396137164977,15.264662782989053
11.177544144552185,94.17302049624888,True,6.753380076889035,0,0,2,0.125,0.125,0.06856447299091374,1.361278020705319,-4.418920468842041,-12.08742721828094,-42.433460479821576,110.67057167056228,0.125,0.125,506,0,2,14.780531107340769,0.40533678370593107,RNG-bca24df0d7f5,range,selection,40301,NTSC,30,3,1000000.0,,True,0.23308253790227307,-71.15342450702914,36.739031954805164,98.23629359888734,15.31814009084283
15.461304620295426,97.07672220675516,True,0.01430003582535291,0,0,2,0.05,0.05,0.02277662625494198,2.4558861764278284,1.971288543065661,-1.1203681115634443,-47.83762784613637,123.83330919261368,0.05,0.05,506,0,2,28.50089515213287,0.7410852389542687,RNG-4c4eda57d15a,range,selection,40301,NTSC,30,3,1000000.0,,True,0.9267399608502738,-42.644250023536586,12.925945785764501,24.718961196748527,11.24685095345967
12.372395132167838,91.5919760114087,True,6.224278751350977,0,0,2,0.2,0.175,0.06847433955771762,2.316306796007568,1.0800632530838257,-12.389464553628704,-42.67267359600929,104.76914790220891,0.2,0.175,506,0,2,16.530662670515508,0.4566712141942397,RNG-df11a3298989,range,selection,40301,NTSC,30,3,1000000.0,,True,0.13945316419573123,-33.953913523064216,52.70641345502443,213.2261007246172,13.138116797817768
14.282366676855958,97.05949417953238,True,0.21450053738029365,0,0,2,0.1,0.1,0.034183011290253015,2.56653776037322,1.6187114623139502,-1.2609712690482349,-50.19200407448061,125.11262906145825,0.1,0.1,506,0,2,28.40733245225655,0.6747179877368858,RNG-ba94866617f0,range,selection,40301,NTSC,30,3,1000000.0,,True,0.9770142748776962,-40.54413515482029,16.887898708397827,24.625673181396422,11.39267017670776
15.670847524542978,94.4559344548291,True,0.14300035825352908,0,0,2,0.05,0.075,0.018563798762805228,3.1306845812104274,2.5429455859571846,-1.4663171481606103,-45.65146662714552,119.43621779206845,0.05,0.075,506,0,2,23.592545486339983,0.745342161213895,RNG-6c4309f6be5f,range,selection,40301,NTSC,30,3,1000000.0,,True,0.871778963515623,-52.098888349970096,11.898521787950669,23.719140178052218,12.236047037835489
15.490731893457458,96.12433196721469,True,0.021073737005783234,0,0,2,0.05,0.05,0.026603701189797775,2.66269581238097,2.0746346859418945,-2.738591111998468,-49.00930292151852,120.99826798309707,0.05,0.05,506,0,2,27.135461000911082,0.742588021175937,RNG-5b2f878f21fe,range,selection,40301,NTSC,30,3,1000000.0,,True,0.9229746884322823,-42.36214540598749,13.011003519774142,24.773829627159042,11.214782303071127
14.465484415344507,96.55882760872133,True,0.20321103541290977,0,0,2,0.1,0.11124999999999999,0.03230673763230648,2.5882068415067265,1.6061645114630645,-2.670426962281092,-50.19218441980758,121.8681367436622,0.1,0.11124999999999999,506,0,2,27.637515614841597,0.6824400273645278,RNG-3287d10ff80a,range,selection,40301,NTSC,30,3,1000000.0,,True,0.9673012614376911,-40.296622707880715,16.933480413917824,24.82759836139312,11.258187130134132
15.047194543684288,96.39634723815472,True,0.037631673224612916,0,0,2,0.1,0.1,0.031316628574871254,2.001324719104935,2.1432022516156737,-1.8326802153323671,-49.430108584696754,126.53995573713266,0.1,0.1,506,0,2,27.100739889257074,0.7163186233371949,RNG-7d223b52516b,range,selection,40301,NTSC,30,3,1000000.0,,True,0.9194821831464461,-43.77529940419788,16.234753138752765,26.224451439426883,11.863432095801912
15.568157853405943,96.83034979558269,True,0.465880114520708,0,0,2,0.05,0.061249999999999985,0.026580476653559747,1.4423503065991334,0.8873579852882548,-1.9668709393111974,-47.46175241263656,115.96202707647075,0.05,0.061249999999999985,506,0,2,27.494429379016346,0.7167812866417235,RNG-c015ee9bc1c2,range,selection,40301,NTSC,30,3,1000000.0,,True,0.8993789584342567,-49.150367414456035,11.868820408456378,19.860600637389634,11.757610349893243
15.564413722296091,97.71604025248178,True,0.009784235038399359,0,0,2,0.05,0.05,0.02771787568359212,2.476321425779657,1.8997417602249373,-0.7885838875163904,-48.25296914539145,125.94762911461683,0.05,0.05,506,0,2,28.244859734400862,0.7471980097172778,RNG-24da94198dd9,range,selection,40301,NTSC,30,3,1000000.0,,True,0.8774177671025456,-41.38587242313749,13.543439281008801,24.070737486030204,10.60835007494911
15.450118618385929,95.4855956233164,True,0.5050170546743055,0,0,2,0.075,0.08624999999999998,0.028981389694364222,1.5058285328521452,2.9174786718624057,-1.964246931403533,-43.72768665877297,110.23781977222527,0.075,0.08624999999999998,506,0,2,24.359187638087228,0.7074707298324086,RNG-0363398c9314,range,selection,40301,NTSC,30,3,1000000.0,,True,0.7004403506998869,-62.26561637430447,17.014957431501788,41.42929158984278,13.320370687609836
13.616195318281815,96.92157778893423,True,0.3800798995685905,0,0,2,0.075,0.05,0.03597869373896244,2.2981910388612254,1.911207777416982,-1.0163191982359523,-42.048419376548104,119.9582726810304,0.075,0.05,506,0,2,27.70075705624241,0.6322443703901987,RNG-5e770ddcc937,range,selection,40301,NTSC,30,3,1000000.0,,True,0.8209415687029908,-45.23668601301852,19.411453298955134,35.09005002634869,11.839875829237837
13.209394640736358,96.67976313921032,True,4.852980579046083,0,0,2,0.125,0.11124999999999999,0.044106747084090445,1.692431111494479,-0.04352014698114126,-7.353161972629036,-48.685492837958634,115.1611976852241,0.125,0.11124999999999999,506,0,2,18.52032507814173,0.5363369028967463,RNG-ddd4958bbd73,range,selection,40301,NTSC,30,3,1000000.0,,True,0.3484505705748975,-59.05249359792097,38.422242576039196,39.362757770489935,12.839914039187454
13.857038103297954,95.96914361057338,True,1.3329138656157895,0,0,2,0.1,0.05,0.041835953862355314,0.14480758045558045,3.2061726790628944,-7.0442437700097855,-61.376678971464926,117.57249970196708,0.1,0.05,506,0,2,20.978076800629264,0.6246591213455561,RNG-b33ebeace115,range,selection,40301,NTSC,30,3,1000000.0,,True,0.5540359765798591,-49.21664216621502,21.150416691719748,27.939642530013003,11.694459613150485
12.673421260242417,94.05359131850109,True,5.324129127818236,0,0,2,0.275,0.16124999999999998,0.07812178847154036,1.480269247438347,1.2948672307558156,-6.455542110246723,-53.4676956889371,106.73041029014232,0.275,0.16124999999999998,506,0,2,19.13319268132423,0.43378878330346055,RNG-acbfd3c988e3,range,selection,40301,NTSC,30,3,1000000.0,,True,0.24445027346235162,-57.473698785218666,40.14069579308855,122.78825425313006,13.669314767345586
11.656576124539393,92.27993008422386,True,0.6668757841907152,110,0,0,2.025,0.9312499999999999,2.3021867322178715,3.1011244099105557,2.37840441463897,-5.330161745020891,-54.22804754377152,121.7914291834665,1.675,0.93125,610,4,2,21.53156309265915,0.5232091098609974,OVP56,range,selection_envelope,40351,PAL,30,1.5,1000000.0,h_missing;vertical_trains,False,0.8261224118592327,-59.96195175778294,17.640002235936347,25.002469488167108,13.681402454225537
12.860939403735474,91.17888687853751,True,1.3393977415307403,0,0,2,0.11374999999999887,0.075,0.04147634127121029,4.569101744460166,2.125123161805705,-6.159632375126482,-41.089526180957854,102.98242425831009,0.11374999999999887,0.075,610,0,2,20.407535739833314,0.5540616315959742,RANGE32,range,selection_envelope,40351,PAL,30,1.5,1000000.0,,True,0.5993395590654542,-67.65807833555137,17.883432953356674,29.25833925051299,12.718738332181518
-6.478688061646114,-78.81560534303155,False,601.5188205771643,610,8,65,2.025,2.025,1000000.0,83.6632511155034,22.498423603592297,-152.29189394777023,-63.231667700050544,64.51965353797506,1000000.0,1000000.0,610,610,2,-6.524676347742555,-0.36461523533721785,PLL96-rejected-board,range,selection_envelope,40351,PAL,30,1.5,1000000.0,contrast;stress_waveform;h_missing;v_missing;vertical_trains;sync_error_ire;black_error_ire;white_error_ire,False,0.31267903983589496,66.33570961528062,21.799130329086083,29.389831262939584,28.322624651529413
9.348558256228237,94.06198212919865,True,5.8801756587202005,610,8,0,2.025,2.025,1000000.0,16.187804393572772,-0.033447663244158536,-5.618173441109484,-38.63543718355025,102.58234604596862,1000000.0,1000000.0,610,610,2,12.15028550359073,0.36986280472056293,PLL96-IQ-corrected,range,selection_envelope,40351,PAL,30,1.5,1000000.0,stress_waveform;h_missing;v_missing;vertical_trains;sync_error_ire,False,0.35780305850584193,-112.05644787699896,23.56306912559997,29.464309602699412,16.389163060057946
16.604131134374896,91.5359914173891,True,0.0012547051442910917,0,0,2,0.025,0.025,0.03324955318324212,4.460919423393007,2.383691229512237,-5.235054394772069,-43.161776994673396,119.37366523971363,0.025,0.025,610,0,2,21.638402615661157,0.8002250446047716,floating-PLL-IQ40,range,selection_envelope,40351,PAL,30,1.5,1000000.0,,True,0.3952249125744617,6.4019270522885545,9.192816589813566,16.84361488044152,8.650277024621388
4.185193468039019,42.75209546592534,True,89.03764115432872,610,8,0,2.025,2.025,1000000.0,49.55356856939276,26.869149511860662,-27.61895154695984,2.566927954470721,84.57829714855035,1000000.0,1000000.0,610,610,2,4.4340145383078315,0.41608150811372885,HC50,range,selection_envelope,40351,PAL,30,1.5,1000000.0,contrast;stress_waveform;h_missing;v_missing;vertical_trains;sync_error_ire;black_error_ire;white_error_ire,False,0.3809317029183419,99.03821030281453,15.496220100691275,22.01774373079583,30.53350843054398
12.001435913346356,91.81657159174105,True,3.5031367628607275,289,4,0,2.025,2.025,3.0634457977518124,9.146157054276443,0.3225104984582837,-6.622527536327628,-48.278842977959435,106.1399927324334,1.8,1.0,610,5,2,16.53664347655305,0.4838507084456751,PLL96-board-fixed,range,selection_envelope,40351,PAL,30,1.5,1000000.0,h_missing;v_missing;vertical_trains,False,0.410376171623137,-99.5131660293639,23.922255601431647,29.967082106927066,14.978967458443936
11.31998640868824,90.3577351068129,True,5.4372647427854455,0,0,2,0.125,0.14874999999999997,0.0612706974063111,3.695925484409328,-3.3783485220091833,-14.284644307253407,-44.61814712503528,108.94626992590705,0.125,0.14874999999999997,610,0,2,14.504104406293049,0.4548651136339298,RNG-f96c6225fc10,range,selection_envelope,40351,PAL,30,1.5,1000000.0,,True,0.2264947683986332,-69.29670124187916,29.770597789867313,68.19612359199039,13.52679377402514
11.193360126282641,89.76950441493358,True,6.2484316185696365,0,0,2,0.125,0.16499999999999995,0.06012282510295617,4.289876374235794,-3.281310835011209,-15.046328536674277,-42.37549502917824,106.22638722410983,0.125,0.16499999999999995,610,0,2,14.182403127543608,0.4360264630947114,RNG-bca24df0d7f5,range,selection_envelope,40351,PAL,30,1.5,1000000.0,white_error_ire,True,0.2028852851681185,-73.18783063896709,29.907084419782763,63.36910521993425,13.577642654744826
12.343136099926411,91.89987509650207,True,0.465495608531995,0,0,1,0.6,0.5699999999999996,1.4422080776865251,5.310721281914999,2.9223062223213905,-5.094172836527229,-45.55004540003445,119.20308837443866,0.6,0.5699999999999996,610,0,2,21.94443955221135,0.569575790088432,RNG-4c4eda57d15a,range,selection_envelope,40351,PAL,30,1.5,1000000.0,vertical_trains,False,0.7553617501157068,-52.19723150776855,14.308597116829848,23.735777267449286,11.950183425491792
12.260926536552903,87.23295343481378,True,5.452321204516939,0,0,2,0.2,0.2,0.08095865166051448,5.2031351178742735,1.958480182003201,-15.409205950591703,-39.16969031035301,100.63337110939065,0.2,0.2,610,0,2,15.417717430547736,0.4966577033736353,RNG-df11a3298989,range,selection_envelope,40351,PAL,30,1.5,1000000.0,white_error_ire,True,0.19807479841695097,-45.243500547449734,40.04856188858431,48.10159293482867,11.368710917389429
12.0402947940962,91.43948102124213,True,1.1593475533249686,313,6,0,2.025,2.025,3.0397617530246537,5.510752334949895,2.9995808707535656,-5.377376522722003,-43.487666031612854,115.61429602603866,1.725,0.26375,610,9,2,21.49686740308937,0.5021465752787069,RNG-ba94866617f0,range,selection_envelope,40351,PAL,30,1.5,1000000.0,h_missing;v_missing;vertical_trains,False,0.6255848053420994,-84.96833428313647,20.306186182444204,31.658386568157493,15.054663387916372
11.854989939644264,90.44954423098456,True,0.6254705144291092,0,0,1,0.6,0.5787499999999995,1.4349805076644941,6.5515399884017,3.172694963447146,-6.275056993420915,-40.48614275694208,115.93449583987132,0.6,0.5787499999999997,610,0,2,20.45005650887952,0.5364827193613502,RNG-6c4309f6be5f,range,selection_envelope,40351,PAL,30,1.5,1000000.0,vertical_trains,False,0.7661848401183593,-62.54035062073238,17.900230980014424,27.891149160891743,13.444121439397627
12.386420743919395,91.47563374068496,True,0.46737766624843163,0,0,1,0.6,0.5699999999999996,1.43964149111882,5.0470184694485525,2.865208688048572,-6.661153798933908,-46.718596714068994,117.72532026778549,0.6,0.5699999999999996,610,0,2,21.443441539091847,0.5720744054176681,RNG-5b2f878f21fe,range,selection_envelope,40351,PAL,30,1.5,1000000.0,vertical_trains,False,0.7602638383592392,-51.88347022889111,14.220749923381716,23.628213336158442,11.93935013209358
12.177402968211705,90.8903193797375,True,1.06900878293601,313,6,0,2.025,2.025,3.0392622293888856,5.37679128996332,3.264243242148076,-6.7788686034414924,-43.62423191544909,112.50753926474471,1.725,0.26375,610,9,2,20.921920033292366,0.5148213563866378,RNG-3287d10ff80a,range,selection_envelope,40351,PAL,30,1.5,1000000.0,h_missing;v_missing;vertical_trains,False,0.6387586790565427,-80.70416501381564,19.54105324048873,30.944494572292964,14.698803279945052
11.63903982194833,91.89529963644483,True,0.5627352572145545,236,3,0,2.025,2.025,2.9956937676826416,5.371061717394176,3.1614721135437898,-4.957361921446167,-47.207717274499615,119.58650731870043,1.775,0.985,610,4,2,21.820978682585746,0.5252771599947579,RNG-7d223b52516b,range,selection_envelope,40351,PAL,30,1.5,1000000.0,h_missing;v_missing;vertical_trains,False,0.7743683491659168,-64.75858815239518,19.596590373467212,27.657499677730396,14.218724500458944
11.83257924172631,92.19414692435022,True,0.8048933500627353,0,0,2,0.1,0.06624999999999999,0.39774466642826417,4.117715805531394,1.8907583995180055,-5.83227215553662,-45.140333836824,117.90645360278737,0.1,0.06624999999999999,610,0,2,21.70700927261248,0.5168996703425611,RNG-c015ee9bc1c2,range,selection_envelope,40351,PAL,30,1.5,1000000.0,,True,0.7542268998239712,-65.15936194820318,19.32804803808108,27.21859368932353,13.807306675370972
11.947584631198211,93.33602994264228,True,0.3124215809284818,0,0,2,0.075,0.06624999999999999,0.9664144903782821,5.067352699394514,1.7450163331658775,-4.509611359634169,-44.92838939530524,120.14325323081272,0.075,0.06624999999999999,610,0,2,22.96221452006487,0.5575927384857708,RNG-24da94198dd9,range,selection_envelope,40351,PAL,30,1.5,1000000.0,,False,0.654340571198887,-56.28872444208066,16.934565837760093,33.53438308152401,13.180063186419636
13.094271589080954,90.73056283518406,True,0.5821831869510665,0,0,2,0.075,0.075,0.03715000606755902,4.713445309694245,4.260596417387469,-5.1716040769144405,-40.67910564397851,106.25647269694991,0.075,0.075,610,0,2,20.42239399630452,0.5869393638649792,RNG-0363398c9314,range,selection_envelope,40351,PAL,30,1.5,1000000.0,,True,0.6809480451886147,-68.25655147683786,15.962332085002902,25.600269347041806,13.682924565514655
11.888212798470159,92.36884343338052,True,0.43036386449184444,0,0,2,0.075,0.06624999999999999,0.04371339217834398,4.740364640555247,2.775409191686056,-4.480413410101198,-41.062540263310424,115.04741114278664,0.075,0.06624999999999999,610,0,2,22.244269044589107,0.539193378511628,RNG-5e770ddcc937,range,selection_envelope,40351,PAL,30,1.5,1000000.0,,True,0.6590651734363869,-51.996262907515145,15.945401634640762,33.335995619598506,13.254410756115687
13.21155769531407,91.76747862686935,True,4.720828105395232,0,0,2,0.125,0.125,0.03991538180849624,4.560436333758635,0.8924566054259498,-10.745658139749985,-46.51589401396204,110.35286285070748,0.125,0.125,610,0,2,17.745652744842875,0.5416897153301548,RNG-ddd4958bbd73,range,selection_envelope,40351,PAL,30,1.5,1000000.0,,True,0.2446477262561635,-67.74023053513812,23.840953160626444,44.15242021502082,11.982894087163016
12.603652641242126,91.80145724693871,True,1.2797992471769133,0,0,2,0.1,0.06624999999999999,0.046934729704761445,3.992285681704027,-0.342870851656257,-11.078167821321436,-57.09785187260467,112.14797654385833,0.1,0.06624999999999999,610,0,2,18.742208561061226,0.5595446131183427,RNG-b33ebeace115,range,selection_envelope,40351,PAL,30,1.5,1000000.0,,True,0.46239120707847453,-58.61250556615157,14.92373230393931,26.87399606072966,12.238162833227134
12.390172474895998,89.43686138365166,True,5.129234629861982,0,0,2,0.275,0.20749999999999996,0.08477912478906585,4.436720604045111,2.1806948023654464,-10.059329607745651,-50.6949233622575,102.42036718454739,0.275,0.20749999999999996,610,0,2,17.222275879437255,0.4342657707517451,RNG-acbfd3c988e3,range,selection_envelope,40351,PAL,30,1.5,1000000.0,,True,0.23388218647505232,-67.16659068575346,35.457003179917756,77.2692717074116,12.59318933141888
11.730794125323666,92.20885203740129,True,0.6879069865459242,118,4,0,2.025,2.025,2.3170292090670985,2.9573604550684616,2.197875538937539,-5.7016302517405055,-53.69089883209934,120.20513337109756,1.625,1.2399999999999998,506,5,2,21.295171062379936,0.5446920903825443,OVP56,range,selection_envelope,40351,NTSC,30,1.5,1000000.0,h_missing;v_missing;vertical_trains,False,0.868986103528506,-48.18721744036355,31.91739591293935,36.815927962024595,12.86038374906012
12.899445420928613,91.0387281088838,True,1.3186138297904368,0,0,2,0.125,0.1,0.043910279527934505,4.420821714514436,1.9350915362172714,-6.498313289183661,-39.52602225517386,102.26784236675661,0.125,0.1,506,0,2,20.178708181401998,0.5727176079248366,RANGE32,range,selection_envelope,40351,NTSC,30,1.5,1000000.0,,True,0.605458162146608,-55.35558664249198,31.9523345145222,69.89719151706123,12.532605429033847
-6.3847501474686785,-78.53129164000919,False,594.454747160314,506,12,52,2.025,2.025,1000000.0,83.4590595589011,22.21838768431644,-152.40931908920712,-63.32754137529775,64.19744108405503,1000000.0,1000000.0,506,506,2,-6.433236989479646,-0.3509572871911787,PLL96-rejected-board,range,selection_envelope,40351,NTSC,30,1.5,1000000.0,contrast;stress_waveform;h_missing;v_missing;vertical_trains;sync_error_ire;black_error_ire;white_error_ire,False,0.41508096437546094,83.54053528148417,39.06400375621185,33.25742647717519,28.855195128143087
9.302202804553755,93.61975650955857,True,6.0278414171184975,506,12,0,2.025,2.025,1000000.0,16.035950329348644,-0.2687585157768232,-5.942810197439108,-38.76652957288904,102.2260580099028,1000000.0,1000000.0,506,506,2,12.204772795418148,0.35573713390843426,PLL96-IQ-corrected,range,selection_envelope,40351,NTSC,30,1.5,1000000.0,stress_waveform;h_missing;v_missing;vertical_trains;sync_error_ire,False,0.47072430696691747,-95.50027393879344,39.51951750745975,32.633975818034784,17.469337565236437
16.57841959309045,91.3567106983858,True,0.0045158007869535504,0,0,2,0.025,0.025,0.03255430246059117,4.331618436070152,2.1867914304792047,-5.572008628203083,-42.567672168255,118.9906002675036,0.025,0.025,506,0,2,21.398571497181393,0.8088342064486196,floating-PLL-IQ40,range,selection_envelope,40351,NTSC,30,1.5,1000000.0,,True,0.47767560017923205,-3.6657804816112396,28.680142694433346,39.16706805452063,8.13157560170365
4.158727721928076,42.67265787147807,True,94.84536392838542,506,12,0,2.025,2.025,1000000.0,49.363988234174094,26.629612014459745,-27.920076120169522,2.384259711612323,82.79496343600638,1000000.0,1000000.0,506,506,2,4.402060672254687,0.43164005255954496,HC50,range,selection_envelope,40351,NTSC,30,1.5,1000000.0,contrast;stress_waveform;h_missing;v_missing;vertical_trains;sync_error_ire;black_error_ire;white_error_ire,False,0.39132781749238554,80.63020344739472,30.665962010816248,39.211517087433705,30.482534375004835
11.96733861427984,91.50014199263721,True,3.4937245421730636,265,7,0,2.025,2.025,3.000741609580685,9.016189798864465,0.13244447266520276,-6.983246316468146,-48.395081191856164,105.77803142787621,1.8,1.4599999999999997,506,9,2,16.58726470543079,0.48563699892283363,PLL96-board-fixed,range,selection_envelope,40351,NTSC,30,1.5,1000000.0,h_missing;v_missing;vertical_trains,False,0.5709589963528654,-87.43163512683874,37.33005953703962,14.56590078715182,15.961188287123468
11.156805725999234,89.9977900104515,True,5.630450947866585,0,0,2,0.125,0.125,0.062237591426414184,3.542570767601897,-3.5684129347348716,-14.688088887710505,-44.328874394252864,108.57983353905558,0.125,0.125,506,0,2,14.296355615475097,0.44928997323383424,RNG-f96c6225fc10,range,selection_envelope,40351,NTSC,30,1.5,1000000.0,,True,0.24064765122920723,-65.80731518013341,40.712346049224024,108.86714404360328,14.70556791342609
11.02711167703527,89.40938913453832,True,6.4651214599885,0,0,2,0.15,0.13624999999999998,0.06174944591772662,4.128809850892557,-3.47049163185154,-15.445112936317361,-44.45193980489793,105.86428815031337,0.15,0.13624999999999998,506,0,2,13.990993682514546,0.4284197725345949,RNG-bca24df0d7f5,range,selection_envelope,40351,NTSC,30,1.5,1000000.0,white_error_ire,True,0.21894638309978276,-70.47161348485864,40.89156967948835,94.3828219718531,14.781085563181207
12.441541145105393,91.8052679126083,True,0.44405374405043246,2,0,2,0.61875,0.8949999999999999,1.5406576492081205,5.1739769603398145,2.730435981989958,-5.448759337108449,-45.669989351197714,118.61412610722658,0.575,0.8949999999999999,506,1,2,21.77811339997676,0.5902944168615276,RNG-4c4eda57d15a,range,selection_envelope,40351,NTSC,30,1.5,1000000.0,h_missing,False,0.7995757017365529,-41.49577975165854,31.311159865590987,40.79228237050475,11.297742379487147
12.07149292394082,86.95426368213064,True,5.613140378183263,0,0,2,0.2,0.2,0.08263956932954293,5.029551078536904,1.758705352982552,-15.791347663992328,-39.299930684413845,100.33986073557696,0.2,0.2,506,0,2,15.286838596813602,0.48280782256959426,RNG-df11a3298989,range,selection_envelope,40351,NTSC,30,1.5,1000000.0,white_error_ire,True,0.1304127856668103,-32.3507569999921,49.69904480706962,208.9432349070694,13.07594726540052
12.078762962983749,91.30775066619965,True,1.1921714077557373,256,5,0,2.025,2.025,3.0047366773146695,5.362044562111747,2.808562369624357,-5.722290624063389,-43.61102072322444,115.23722634364685,1.825,1.4099999999999997,506,9,2,21.35561645017407,0.5187368497563589,RNG-ba94866617f0,range,selection_envelope,40351,NTSC,30,1.5,1000000.0,h_missing;v_missing;vertical_trains,False,0.697193827509585,-70.34762981039304,33.264327009716894,51.61332566819857,14.917888120927183
11.945016902837576,90.35725187927379,True,0.5975909708068532,2,0,2,0.6,0.8949999999999999,1.534343126345955,6.412994612626033,2.987671692997956,-6.613392753389226,-40.895820545817934,115.43594905989974,0.55,0.8949999999999999,506,1,2,20.305072499027897,0.5581182890182511,RNG-6c4309f6be5f,range,selection_envelope,40351,NTSC,30,1.5,1000000.0,h_missing,False,0.7578060286415524,-50.290019078695785,31.240521552343385,57.37502150206947,12.859806007941675
12.482881868167224,91.39730489833042,True,0.44555901097941697,2,0,2,0.61875,0.8949999999999999,1.5372434938954238,4.9089503322709325,2.6808483601473974,-7.015193959950231,-46.90257340645455,117.14030732562688,0.575,0.8949999999999999,506,1,2,21.293838730890652,0.5928768148809055,RNG-5b2f878f21fe,range,selection_envelope,40351,NTSC,30,1.5,1000000.0,h_missing,False,0.8031983894616253,-41.24714533319305,31.343183663718897,40.84880627461081,11.295845415866662
12.22465588523999,90.78666345755879,True,1.068739519579007,256,5,0,2.025,2.025,2.9932369602154787,5.220323958799083,3.0668027458808784,-7.130083160657736,-43.64287447518182,112.13525540613153,1.825,1.4099999999999997,506,9,2,20.824087411259967,0.5322184234015528,RNG-3287d10ff80a,range,selection_envelope,40351,NTSC,30,1.5,1000000.0,h_missing;v_missing;vertical_trains,False,0.6999430323808111,-66.94526289244715,32.90009710999338,54.22848582346095,14.516273045020423
11.753574511427964,91.82084156578509,True,0.5908172696264229,202,7,0,2.025,2.025,2.9548928675254253,5.23171737517818,2.9773126355772397,-5.304291630490201,-47.32511510215866,119.20310327365502,1.775,1.4849999999999999,506,7,2,21.717009608693658,0.5487822668097733,RNG-7d223b52516b,range,selection_envelope,40351,NTSC,30,1.5,1000000.0,h_missing;v_missing;vertical_trains,False,0.8300978158756674,-50.32432978371629,32.41386147230818,41.762915620693846,13.222590401725666
11.906373377054198,92.08927768214751,True,0.803812540077732,0,0,2,0.1,0.23499999999999982,0.3870383262777798,3.993678593583345,1.705072573784217,-6.192816102838598,-45.2609925190499,117.52628967470608,0.1,0.2349999999999998,506,0,2,21.44341574896446,0.5380188263695297,RNG-c015ee9bc1c2,range,selection_envelope,40351,NTSC,30,1.5,1000000.0,,True,0.8000082231811645,-53.31443855108569,32.71101919375589,42.451278550775065,13.281130999751786
12.02275941530409,93.19661957839743,True,0.27696911493315113,0,0,2,0.225,0.075,1.1102691693722284,4.921778492217561,1.5462936200937472,-4.853178453089247,-44.9965343315909,119.75896400148326,0.225,0.075,506,0,2,22.680282096637544,0.5747182771732252,RNG-24da94198dd9,range,selection_envelope,40351,NTSC,30,1.5,1000000.0,,False,0.688413405680026,-47.56119760043483,34.33490351599648,66.91026198378135,12.849089687214867
13.140090272607539,90.63517491020187,True,0.5441539948279028,0,0,2,0.075,0.1,0.03580662822028806,4.5684724591107875,4.079589289732537,-5.532666471406385,-40.664829772042395,105.89433089832096,0.075,0.1,506,0,2,20.33645404671241,0.6042843753282419,RNG-0363398c9314,range,selection_envelope,40351,NTSC,30,1.5,1000000.0,,True,0.7322534162514919,-55.120632771583075,31.60032880047333,52.158186437442026,13.233961641009326
11.954935558657311,92.2602695459982,True,0.40491680389683504,0,0,2,0.075,0.075,0.04281359541745087,4.5979874260318265,2.577007914388066,-4.832720775546925,-41.251186930231206,114.05872979437643,0.075,0.075,506,0,2,22.072154737644922,0.5566218917585557,RNG-5e770ddcc937,range,selection_envelope,40351,NTSC,30,1.5,1000000.0,,True,0.7373896775063956,-42.37298326156378,36.00758348620616,50.16350382856548,12.822867402766175
13.068186225779675,91.64276427347907,True,4.823627873930884,0,0,2,0.125,0.11124999999999999,0.040759222628124446,4.410114883594099,0.758036270716529,-11.229023131570289,-44.85664574930769,108.23697888981957,0.125,0.11124999999999999,506,0,2,17.61059529370245,0.5381078441389079,RNG-ddd4958bbd73,range,selection_envelope,40351,NTSC,30,1.5,1000000.0,,True,0.30471648828418374,-56.3398060906052,39.81588314474115,51.91740212293482,12.513628803214136
12.613822008611287,91.79128155795242,True,1.2975400927846534,0,0,2,0.1,0.08624999999999998,0.04768608235735963,3.8293315963179464,-0.5241992745313284,-11.12094740851295,-56.922927015832144,111.77643498851009,0.1,0.08624999999999998,506,0,2,18.722951766259385,0.5686498954579031,RNG-b33ebeace115,range,selection_envelope,40351,NTSC,30,1.5,1000000.0,,True,0.5515719553707863,-48.79799439807632,34.50798069271674,35.22104037237155,12.199897625948212
12.266659337872277,89.18522834145786,True,5.2985395900254995,0,0,2,0.275,0.175,0.08596551151456307,4.253806663202817,2.00009473008359,-10.40007277185475,-49.89410887626922,102.05592566126853,0.275,0.175,506,0,2,17.03589815452072,0.4331953491849107,RNG-acbfd3c988e3,range,selection_envelope,40351,NTSC,30,1.5,1000000.0,,True,0.22439299273046123,-55.18228378698991,38.28593189658899,144.67511816296349,13.53076153112772
16.667951859981407,97.94994172446488,True,0.3205771643663739,0,0,2,0.05,0.05,0.021352812998544704,-0.2614832236723946,1.292398536184674,-1.3238079451612081,-58.206940619246,118.61582908677275,0.05,0.05,610,0,2,28.24546046309157,0.757437231016016,OVP56,range,selection_envelope,40352,PAL,30,5,1000000.0,,True,0.8369254031668245,-59.81547140276891,8.838381691464729,15.285137702021764,11.770368024382856
16.54928144847688,95.91913271153994,True,1.0257214554579674,0,0,2,0.075,0.05,0.044721359549995794,0.21521043042824703,1.5326343312906063,-3.8776724507335363,-45.879990341835565,104.28849174827135,0.075,0.05,610,0,2,24.822349424185997,0.7473770368191716,RANGE32,range,selection_envelope,40352,PAL,30,5,1000000.0,,True,0.7501926804020057,-59.84790375504401,8.268694305710095,15.728810751371537,11.169097662455522
-6.791805201484026,-83.0607223948606,False,614.762860727729,610,8,61,2.025,2.025,1000000.0,82.01383759101373,21.931734611396646,-157.69710737143419,-69.46575940089573,68.34409690411988,1000000.0,1000000.0,610,610,2,-6.838416547669123,-0.3712068368357974,PLL96-rejected-board,range,selection_envelope,40352,PAL,30,5,1000000.0,contrast;waveform;detail_floor;sync;h_jitter_us;v_jitter_us;h_width_rmse_us;sync_error_ire;black_error_ire;white_error_ire,False,0.32727165925985746,65.05642650560476,23.87329521494386,36.41014320530384,28.308013372132173
8.910773940236979,98.93406271285964,True,6.344416562107905,239,3,0,2.025,2.025,3.3961687626133865,15.71605174521229,-1.7488854388892465,-1.2061315673807667,-43.04982132286146,107.58920234170844,1.9,1.7199999999999995,610,5,2,11.532494874457894,0.3760180832500918,PLL96-IQ-corrected,range,selection_envelope,40352,PAL,30,5,1000000.0,waveform;sync;h_jitter_us;v_jitter_us;h_width_rmse_us;sync_error_ire,False,0.39060455205618244,-112.64231829994459,22.352369423383344,33.11936881778041,17.248884048417622
23.541426025237744,97.61348831374549,True,0.0,0,0,2,0.025,0.025,0.009221766837572797,0.3135421974297854,0.9782782169676707,-0.5964889616057548,-46.147064905761454,109.83583041572953,0.025,0.025,610,0,2,31.332310468346208,0.9531079068412823,floating-PLL-IQ40,range,selection_envelope,40352,PAL,30,5,1000000.0,,True,0.5283245331405488,17.407208581173165,5.055476541365797,10.069190141996348,6.3550216644425195
4.524061134551824,44.77237037741064,True,88.37641154328733,610,8,0,2.025,2.025,1000000.0,48.275347032533624,26.515638057131692,-26.379843693996836,3.706565583080007,83.51719007599988,1000000.0,1000000.0,610,610,2,4.671238056195374,0.628165067746839,HC50,range,selection_envelope,40352,PAL,30,5,1000000.0,contrast;waveform;sync;h_jitter_us;v_jitter_us;h_width_rmse_us;sync_error_ire;black_error_ire;white_error_ire,False,0.42218716136527024,99.11855501197499,6.732819592504217,12.091796963173044,30.24213818848318
11.867486360972556,98.61055095169718,True,3.71267252195734,0,0,2,0.075,0.075,0.048985611805247735,3.6234280728218984,-1.4231858844098755,-2.309603152498081,-58.961843040632715,112.05547345670689,0.075,0.075,610,0,2,16.862125285880264,0.48370598763353256,PLL96-board-fixed,range,selection_envelope,40352,PAL,30,5,1000000.0,,True,0.4305301002822498,-99.6518149737295,21.955739299725156,29.32504095868989,15.775585394054302
11.250088475220183,96.31692233844376,True,6.728356336260979,0,0,2,0.125,0.09124999999999998,0.06563841588082595,-0.5043772535860269,-5.192017292042767,-10.420499368382384,-45.20481143505908,111.60958770610344,0.125,0.09124999999999998,610,0,2,15.140329779566926,0.4136057934489158,RNG-f96c6225fc10,range,selection_envelope,40352,PAL,30,5,1000000.0,,True,0.24351119185139491,-78.24376196430562,34.048306753899894,60.68027249416494,14.863829642245902
11.171046266190476,95.71037930822614,True,7.360727728983688,0,0,2,0.125,0.1,0.07407212922462034,0.12058953781997978,-5.081227213241605,-11.198223913164002,-43.746474500814486,109.1017940442915,0.125,0.1,610,0,2,14.824445831068665,0.3956552876760784,RNG-bca24df0d7f5,range,selection_envelope,40352,PAL,30,5,1000000.0,,True,0.21890593817117293,-81.52635735333259,33.52359512267528,54.78131314418959,14.84668000767123
15.114465777421728,98.08822320312967,True,0.08281053952321205,0,0,2,0.05,0.05,0.02360883413428812,1.2045918125575747,1.2956145216222092,-0.6450266755683615,-49.3097482331591,124.46676821979389,0.05,0.05,610,0,2,30.761888609988578,0.7005426461601579,RNG-4c4eda57d15a,range,selection_envelope,40352,PAL,30,5,1000000.0,,True,0.8409884468727719,-56.346535919107275,13.90842100685749,22.956785406595607,11.71247250526092
12.552773185600063,93.02495383678595,True,6.793601003764116,0,0,2,0.175,0.15749999999999997,0.06461582560048883,1.0967640441407447,0.4857294168204667,-11.564928887339482,-43.595963712361,112.27509297878794,0.175,0.15749999999999997,610,0,2,16.86715625360981,0.4586340613529763,RNG-df11a3298989,range,selection_envelope,40352,PAL,30,5,1000000.0,,True,0.2091972813542557,-52.680924891576986,43.82262866225591,43.6977020282324,11.670886665797006
15.829610898634263,98.21066027449017,True,0.12170639899623589,0,0,2,0.05,0.05,0.020395676173085735,1.2924599292948402,1.0662053703391956,-0.7077651449123357,-50.56079874329131,120.98486920502367,0.05,0.05,610,0,2,30.523854943521652,0.7276503701025424,RNG-ba94866617f0,range,selection_envelope,40352,PAL,30,5,1000000.0,,True,0.9037222051895498,-50.27036506420989,14.76003088950823,21.37019573232302,11.03664603292683
17.08452240489037,95.70337213452437,True,0.05144291091593476,0,0,2,0.05,0.05,0.020620497521466035,1.413556043505432,1.2372574521607136,-1.9709881512264043,-43.869214865921876,117.34026633793891,0.05,0.05,610,0,2,25.043829432888998,0.792338546113849,RNG-6c4309f6be5f,range,selection_envelope,40352,PAL,30,5,1000000.0,,True,0.8050527461452484,-60.60351388037704,7.790243033564684,14.78832938825265,11.479105840014366
15.261755662534288,97.24298196542081,True,0.07779171894604768,0,0,2,0.05,0.05,0.02444045960234321,1.5440164577550732,1.4612840564252045,-2.195947738640768,-49.49119535905791,122.25069245121344,0.05,0.05,610,0,2,29.354793831128134,0.7063415134422579,RNG-5b2f878f21fe,range,selection_envelope,40352,PAL,30,5,1000000.0,,True,0.8422036718936452,-56.0858507811737,13.661216922134612,23.254390089887032,11.699885198007461
15.912593592361265,97.51043612077176,True,0.136762860727729,0,0,2,0.05,0.05,0.021256628667196544,1.4049079485967049,1.1379246273238126,-2.300482076837349,-50.46399653453593,118.3119151366441,0.05,0.05,610,0,2,29.407144727471028,0.7306355254536891,RNG-3287d10ff80a,range,selection_envelope,40352,PAL,30,5,1000000.0,,True,0.8990714047702559,-50.29333181653117,14.678283452564015,20.92595120037529,11.002758269704687
15.875598747699932,98.9203031802951,True,0.08531994981179422,0,0,2,0.05,0.05,0.020867458390329455,1.21128255353564,1.528586674160068,0.6166353896337337,-50.49529718175296,121.59618761895817,0.05,0.05,610,0,2,29.16993541536045,0.7333940394104164,RNG-7d223b52516b,range,selection_envelope,40352,PAL,30,5,1000000.0,,True,0.892286926601666,-50.46166265174324,13.773387521492038,21.61810785782053,10.9952450345184
16.789036348663554,97.92040807683104,True,0.4102885821831869,0,0,2,0.05,0.04124999999999999,0.02854030799286982,0.2565579790892577,-0.21849388204178588,-2.320270610437309,-48.20494415179714,112.6029082385302,0.05,0.04124999999999999,610,0,2,27.73430666115012,0.7618042985645052,RNG-c015ee9bc1c2,range,selection_envelope,40352,PAL,30,5,1000000.0,,True,0.8458204418057416,-60.13937027786004,7.902653051695485,14.04293699618255,11.620467291650167
16.2025444351915,98.57314039505944,True,0.005018820577164367,0,0,2,0.05,0.06624999999999999,0.022633936510629633,0.837430034111325,1.7538116349345236,-0.2518500820583611,-50.332601777229755,123.38664530399808,0.05,0.06624999999999999,610,0,2,29.714293682265914,0.7630853495584267,RNG-24da94198dd9,range,selection_envelope,40352,PAL,30,5,1000000.0,,True,0.8956365596097182,-43.33247491529656,15.955326300622238,21.41829926861354,10.300285884502582
16.54169546900411,95.55534508032925,True,0.43036386449184444,0,0,2,0.075,0.05,0.02194441562332386,0.4494285121005758,2.73462111432058,-2.6269253318636205,-45.127742500294275,110.83940045466309,0.075,0.05,610,0,2,24.172857285975745,0.7533279271600672,RNG-0363398c9314,range,selection_envelope,40352,PAL,30,5,1000000.0,,True,0.5724758962216933,-81.28192869046777,11.407069818494413,19.967784632882303,13.234147197805132
15.12357439441798,98.1117854519982,True,0.26097867001254704,0,0,2,0.05,0.06624999999999999,0.03251733459526361,1.106847182171498,1.323163982925768,-0.4356386371410685,-44.04720840586164,116.63716226050053,0.05,0.06624999999999999,610,0,2,29.464362012027927,0.688402127519062,RNG-5e770ddcc937,range,selection_envelope,40352,PAL,30,5,1000000.0,,True,0.7939872238251493,-60.52625951895699,13.082324215800899,21.523070842423888,12.111243348230904
13.030247428790808,96.79391038130969,True,5.014429109159347,25,2,1,1.838749999999999,2.025,2.4958754437610127,5.0517445397530985,-0.7670816497168176,-6.740981546331696,-46.93183750860356,115.77744611340194,0.175,1.06875,610,1,2,17.899458152887604,0.5320737213955721,RNG-ddd4958bbd73,range,selection_envelope,40352,PAL,30,5,1000000.0,sync;h_jitter_us;v_jitter_us;h_width_rmse_us,False,0.33053736708358106,-70.73883117390514,30.547888621950303,36.25959280160611,13.518947223859053
14.533934090583411,96.93478867493059,True,1.611668757841907,0,0,2,0.1,0.05,0.0330176306603946,-1.0407041530829857,3.4009008577929145,-7.167343182560214,-62.64135733146187,118.20450197245503,0.1,0.05,610,0,2,20.745478098929965,0.6557581331276152,RNG-b33ebeace115,range,selection_envelope,40352,PAL,30,5,1000000.0,,True,0.4697924218336187,-62.85063234982952,14.50823874063401,26.257046574730158,11.37638990294046
12.688947873912879,95.3870761958381,True,5.5627352572145545,0,0,2,0.225,0.19124999999999998,0.07234366978096321,0.27974268987935746,0.5703991545631596,-6.024706635794552,-55.701179619524225,106.87553165353819,0.225,0.19124999999999998,610,0,2,18.92927245938904,0.43668799955566834,RNG-acbfd3c988e3,range,selection_envelope,40352,PAL,30,5,1000000.0,,True,0.24564432940248798,-68.87150077400631,37.35176472869669,81.61824140369944,12.818067097490255
16.815294765373167,97.8736189859138,True,0.32062185587370207,0,0,2,0.05,0.05,0.02000494010134742,-0.19967392318115804,1.2929348930991515,-1.4830896518265924,-58.174002126910274,119.80334786745294,0.05,0.05,506,0,2,28.175684140011974,0.7754257607472124,OVP56,range,selection_envelope,40352,NTSC,30,5,1000000.0,,True,0.8953994417324072,-48.19445217654806,7.567250941026532,12.296804136359317,11.2503954270397
16.64494939169935,95.84430438207659,True,0.9791761373044282,0,0,2,0.075,0.05,0.044162720135906164,0.2564944820238896,1.5399350798472908,-4.007380835342914,-46.394664815819354,103.81460473537231,0.075,0.05,506,0,2,24.75590397009947,0.7636385982447661,RANGE32,range,selection_envelope,40352,NTSC,30,5,1000000.0,,True,0.8003040461727633,-48.3245736179336,7.742430406993992,12.828802176610024,10.717188412975872
-6.668848174480936,-82.64245445703939,False,611.903048767638,506,12,51,2.025,2.025,1000000.0,82.07929047219014,22.024873490163777,-157.60265738862415,-69.13886267067215,66.87284582850762,1000000.0,1000000.0,506,506,2,-6.716969283207962,-0.35861104407368893,PLL96-rejected-board,range,selection_envelope,40352,NTSC,30,5,1000000.0,contrast;waveform;detail_floor;sync;h_jitter_us;v_jitter_us;h_width_rmse_us;sync_error_ire;black_error_ire;white_error_ire,False,0.4449473176030846,83.41939524874182,35.13622306909426,29.248555208407303,28.945775514338457
8.8948070198965,98.03857301142736,True,6.467379360381977,175,4,0,2.025,2.025,3.4094501687474783,15.738447286551166,-1.445051020356244,-1.3376640725979025,-48.54638908058941,107.44044660192918,1.75,0.1,506,9,2,11.678941947210921,0.35947168766733867,PLL96-IQ-corrected,range,selection_envelope,40352,NTSC,30,5,1000000.0,waveform;sync;h_jitter_us;v_jitter_us;h_width_rmse_us;sync_error_ire,False,0.5082142559415617,-95.59135789571609,35.53358364508533,26.15813109055874,18.23439382262259
24.002966542332565,97.48688222885866,True,0.0,0,0,2,0.025,0.025,0.009097082883872579,0.3831213628354217,0.9921618950990748,-0.7248838281360809,-46.12574078377704,109.61017237994312,0.025,0.025,506,0,2,31.061557689100677,0.9620282359768921,floating-PLL-IQ40,range,selection_envelope,40352,NTSC,30,5,1000000.0,,True,0.6263848175947468,8.261990813417238,3.9160735501241803,8.055505782130979,5.51855508628257
4.45947823416526,44.72016318691981,True,94.33808897331764,506,12,0,2.025,2.025,1000000.0,48.29510671547997,26.4991535259143,-26.463469567285944,4.065190378046594,80.62475240504614,1000000.0,1000000.0,506,506,2,4.600577960417629,0.642701575951032,HC50,range,selection_envelope,40352,NTSC,30,5,1000000.0,contrast;waveform;sync;h_jitter_us;v_jitter_us;h_width_rmse_us;sync_error_ire;black_error_ire;white_error_ire,False,0.44780068259991673,80.68099506812995,5.583081374328848,8.757889192014174,30.358173223238865
11.851106328689578,98.2503824632768,True,3.7353198842750786,0,0,2,0.075,0.075,0.04798303389222045,3.6592876018377156,-1.3904034961724043,-2.46219703176573,-58.86033528811122,112.01839785592048,0.075,0.075,506,0,2,16.993509610899107,0.4846984568554519,PLL96-board-fixed,range,selection_envelope,40352,NTSC,30,5,1000000.0,,True,0.5972193498928255,-86.85894972361949,32.740639864721494,18.78243919640122,16.72675413275991
11.115808893997274,95.90481974390863,True,7.024328124106248,0,0,2,0.125,0.13374999999999995,0.06803095958790081,-0.46905923118546444,-5.192060099366815,-10.648311791322158,-50.078261794121474,110.85255091681316,0.125,0.13374999999999995,506,0,2,15.033216221721183,0.40326108352353507,RNG-f96c6225fc10,range,selection_envelope,40352,NTSC,30,5,1000000.0,,True,0.25902843052194713,-72.75607349117463,38.016627514146585,105.92029822679531,16.020733265836185
11.032059643863533,95.28950835776159,True,7.655787600815253,0,0,2,0.125,0.13374999999999995,0.0805198647328769,0.16282565558226111,-5.0815629101311,-11.42500442643139,-48.21423016782289,108.44108596005901,0.125,0.13374999999999995,506,0,2,14.71521389002514,0.38367174383984154,RNG-bca24df0d7f5,range,selection_envelope,40352,NTSC,30,5,1000000.0,,True,0.2344678092527276,-77.03060850213238,38.22457312700592,92.38208743726045,16.006933551757307
15.222526287683129,97.9894817893911,True,0.066984378339811,0,0,2,0.05,0.05,0.02375870965740733,1.2688285748709045,1.3022831337994027,-0.7807873620913226,-49.82176405476172,124.29265182401645,0.05,0.05,506,0,2,30.64295221832017,0.7179420421057,RNG-4c4eda57d15a,range,selection_envelope,40352,NTSC,30,5,1000000.0,,True,0.887842868138881,-45.31843285701767,12.39734378713179,20.066597257103307,11.34198899317281
12.355691832660225,92.69571094757674,True,6.961106913088898,0,0,2,0.175,0.18624999999999997,0.06361165528224397,1.11607818597594,0.4792243444454839,-11.765767446870232,-43.90817096521394,111.69527489388568,0.175,0.18624999999999997,506,0,2,16.75033203335311,0.44153937418495703,RNG-df11a3298989,range,selection_envelope,40352,NTSC,30,5,1000000.0,,True,0.14223375742633454,-40.39430634036249,53.135798493154475,197.54043712805557,13.430114119833588
15.96724635738024,98.10370610169474,True,0.12267925471223812,0,0,2,0.05,0.061249999999999985,0.019121000188832796,1.3503068621273973,1.077836002573004,-0.8472635256568716,-50.47190197394294,119.60478762199915,0.05,0.061249999999999985,506,0,2,30.416968207635698,0.7456240890709182,RNG-ba94866617f0,range,selection_envelope,40352,NTSC,30,5,1000000.0,,True,0.9178340783388804,-40.81838934386901,11.474695559888907,13.50230310828029,10.450874823300765
17.248332104668606,95.63408279762288,True,0.05042644212098131,0,0,2,0.05,0.05,0.021203885094081318,1.468497418397536,1.2458061182773636,-2.148050872781917,-44.85522499798724,118.19096209693805,0.05,0.05,506,0,2,24.996574420303578,0.8091428072589067,RNG-6c4309f6be5f,range,selection_envelope,40352,NTSC,30,5,1000000.0,,True,0.8654341501184788,-49.002297816876464,7.727637851019773,12.267059591254615,11.023873617186755
15.363751298465818,97.15732213109469,True,0.05644750983691938,0,0,2,0.05,0.05,0.024900989710000473,1.605177832229297,1.470323947923933,-2.3313054268682913,-49.72581913141299,122.17194466114427,0.05,0.05,506,0,2,29.19117787773584,0.7235798644666019,RNG-5b2f878f21fe,range,selection_envelope,40352,NTSC,30,5,1000000.0,,True,0.8927727396222787,-45.132546544868234,12.543636232492553,19.478827981617826,11.345864605949773
16.04443454372237,97.40139310127664,True,0.14224772478903683,0,0,2,0.05,0.061249999999999985,0.020128048587007848,1.475936647639128,1.1492686761250526,-2.450249865323249,-50.46492039174952,118.15095754938278,0.05,0.061249999999999985,506,0,2,29.24326187444064,0.7484550058594889,RNG-3287d10ff80a,range,selection_envelope,40352,NTSC,30,5,1000000.0,,True,0.9113672367524948,-40.8862970667835,11.48839554095713,13.701875511533654,10.447145435348823
16.019543080953508,98.81860553139579,True,0.07676861337821037,0,0,2,0.05,0.061249999999999985,0.020432574937512774,1.2630491774635078,1.5349735716685373,0.4795480404145139,-50.40649950216915,119.99034042946326,0.05,0.061249999999999985,506,0,2,29.286240974241387,0.750802050945395,RNG-7d223b52516b,range,selection_envelope,40352,NTSC,30,5,1000000.0,,True,0.9046856166310064,-41.253000513041066,10.691585565951085,12.655518318006475,10.433849952679115
16.94145679045113,97.83993416546497,True,0.4086799712192963,0,0,2,0.05,0.05,0.02936246158273568,0.30730715829541816,-0.20685685739211235,-2.4434143546670044,-47.96855510709078,111.04030036461748,0.05,0.05,506,0,2,27.63522042839281,0.7801649923893583,RNG-c015ee9bc1c2,range,selection_envelope,40352,NTSC,30,5,1000000.0,,True,0.8932852556807555,-48.38186333290927,8.6882578425016,13.358145669716595,11.0658695375246
16.366261844188045,98.46678173226645,True,0.007526334644922584,0,0,2,0.06875,0.061249999999999985,0.02211629342323457,0.8865720912732984,1.7613503330395544,-0.3950509148341964,-50.02383904466789,120.25447994254728,0.06875,0.061249999999999985,506,0,2,29.72822362699756,0.7786753784433144,RNG-24da94198dd9,range,selection_envelope,40352,NTSC,30,5,1000000.0,,True,0.9042169912193818,-34.819514104455315,14.05457904503488,13.984222332228999,9.715819271187504
16.51428656379516,95.44736069303858,True,0.41921683972218793,0,0,2,0.075,0.075,0.023233009432114628,0.47088958738518294,2.7449637082675564,-2.787139044967171,-44.98667888626393,107.3878638278888,0.075,0.075,506,0,2,24.114179774576925,0.7614296179838037,RNG-0363398c9314,range,selection_envelope,40352,NTSC,30,5,1000000.0,,True,0.6981665890484248,-67.03218074489972,7.344229142516367,18.378989015307653,13.57138218303699
15.185055344459295,97.9982185957454,True,0.267937513359244,0,0,2,0.075,0.05,0.030497359439897807,1.1568533564084726,1.3312614860627812,-0.5664306500714427,-45.212461279881936,116.49527420460751,0.075,0.05,506,0,2,29.4107144362245,0.703518008060578,RNG-5e770ddcc937,range,selection_envelope,40352,NTSC,30,5,1000000.0,,True,0.8537105768674083,-49.38873117453156,11.238243710139619,15.834544088730112,11.801688061834946
12.936314360915066,96.66344446898448,True,4.955338730217029,16,2,0,1.0187499999999998,2.025,2.461205891179263,5.219785760984288,-0.8355805329367529,-6.6653883059235275,-51.26458539972708,115.52398790596754,0.22999999999999546,0.9424999999999997,506,2,2,17.88636481127394,0.5296134744739515,RNG-ddd4958bbd73,range,selection_envelope,40352,NTSC,30,5,1000000.0,sync;h_jitter_us;v_jitter_us;h_width_rmse_us,False,0.42688056434882027,-60.60196510282271,35.94481423346203,38.88033145814603,13.723466728794397
14.497834612456707,96.80017879643107,True,1.6302040840902317,0,0,2,0.1,0.05,0.03519777548666231,-1.0107667758028,3.3933457386257837,-7.259424104091297,-62.52910494514163,117.23544289369545,0.1,0.05,506,0,2,20.79644536401095,0.6595480457689628,RNG-b33ebeace115,range,selection_envelope,40352,NTSC,30,5,1000000.0,,True,0.5164266904516271,-53.9063558560097,12.342002262950842,23.939996729530534,11.813747126099454
12.595952406388841,95.1220725892165,True,5.747861768327377,0,0,2,0.225,0.24749999999999997,0.07163050225815075,0.3159651059660879,0.5509053682583616,-6.200484685773296,-44.066253481456584,107.25077712451156,0.225,0.24749999999999997,506,0,2,18.88408674864312,0.4337067567314694,RNG-acbfd3c988e3,range,selection_envelope,40352,NTSC,30,5,1000000.0,,True,0.2508136882828014,-55.21372857312773,39.080959603477176,117.22786979930689,13.594364196904227
15.713528399059332,97.17674330304668,True,0.38833124215809284,0,0,2,0.05,0.025,0.01947044839380279,0.5556428630227905,0.9954348632212673,-1.6840278543868747,-52.60299694205362,126.80094575597307,0.05,0.025,610,0,2,27.732210167149496,0.7175826914334315,OVP56,range,selection_envelope,40353,PAL,30,3,500000.0,,True,0.8353785535930491,-60.94202374511974,16.62802618830923,21.30201633889597,12.241179971081339
15.814664374898914,96.2879586270544,True,0.7465495608531995,0,0,2,0.075,0.075,0.05942001098046038,1.782225312183829,2.1596601831783535,-0.7398045282699689,-45.82419850640529,109.63470692063534,0.075,0.075,610,0,2,25.262066672212626,0.711859662208872,RANGE32,range,selection_envelope,40353,PAL,30,3,500000.0,,True,0.7471518400123205,-66.00342903351697,15.407991010199591,19.605297362389276,12.484309327624665
-6.339636964486109,-96.59314597673846,False,646.8400250941029,610,8,32,2.025,2.025,1000000.0,136.06496737095515,39.15869723374878,-142.23435733531213,-56.73238267981097,108.41035881981544,1000000.0,1000000.0,610,610,2,-6.375680008879306,-0.3753945749673213,PLL96-rejected-board,range,selection_envelope,40353,PAL,30,3,500000.0,contrast;waveform;detail_floor;sync;h_jitter_us;v_jitter_us;h_width_rmse_us;sync_error_ire;black_error_ire;white_error_ire,False,0.26678081410547166,54.66199988493484,31.304339701701142,52.15289276540478,42.979976204663515
9.460896441045762,103.13389977976776,True,5.946047678795483,0,0,2,0.3,0.09124999999999998,0.10344476628680228,2.159293194208145,2.1660616925020215,5.361509658219445,-52.755628432999046,114.02615395452115,0.3,0.09124999999999998,610,0,2,12.572095153462667,0.3740882583200524,PLL96-IQ-corrected,range,selection_envelope,40353,PAL,30,3,500000.0,,True,0.31747656459602647,-122.85246090707923,32.90380654963308,56.34034524656109,17.630610742474413
21.49182462327106,95.8894073156125,True,0.0,0,0,2,0.025,0.025,0.017908007184259094,2.157339803545458,2.2330706513762952,-0.719796210050225,-46.10930820475751,112.05647831272348,0.025,0.025,610,0,2,27.498761279613095,0.9305120580653704,floating-PLL-IQ40,range,selection_envelope,40353,PAL,30,3,500000.0,,True,0.5329482152176734,12.791881950113948,7.30752660096927,10.296047661051578,6.4428790967870215
3.5006380028186035,44.2298527068734,True,95.2547051442911,610,8,0,2.025,2.025,1000000.0,54.601045317321805,32.42733926289132,-21.01789468561561,8.948767301153907,90.2184009665071,1000000.0,1000000.0,610,610,2,3.6128785036938202,0.5549740580566453,HC50,range,selection_envelope,40353,PAL,30,3,500000.0,contrast;waveform;sync;h_jitter_us;v_jitter_us;h_width_rmse_us;sync_error_ire;black_error_ire;white_error_ire,False,0.40248330140870126,97.8760159898973,14.175181259411687,18.20654130358812,35.66453050046402
12.320235160092352,102.29223403545001,True,4.0087829360100375,0,0,2,0.075,0.06624999999999999,0.0668525414257526,-2.641240129592353,-2.111002485360366,0.7521247008410059,-50.714487341351564,114.71283664709982,0.075,0.06624999999999999,610,0,2,16.782367897515215,0.5225750066781647,PLL96-board-fixed,range,selection_envelope,40353,PAL,30,3,500000.0,,True,0.45124167622622774,-98.00659837061062,29.60335685651659,32.25915343961336,15.13422832323187
12.213932664352692,95.1730033513674,True,4.52823086574655,0,0,2,0.125,0.11624999999999999,0.07146018035975826,0.5251225625350151,-1.0429336454177904,-5.25640565101099,-46.12175059041612,114.96165530412598,0.125,0.11624999999999999,610,0,2,17.125003899048092,0.4663008276126466,RNG-f96c6225fc10,range,selection_envelope,40353,PAL,30,3,500000.0,,True,0.28679907201462995,-70.41424516931806,59.07443106756866,51.25820396799709,13.070657978475179
12.174641662477248,94.72702513710796,True,5.180677540777917,0,0,2,0.15,0.13249999999999998,0.07007753317389037,1.144652655778324,-0.9708992200676604,-5.810793903473303,-44.896460683652734,112.07809445739876,0.15,0.13249999999999998,610,0,2,16.750004995083977,0.44987125434042163,RNG-bca24df0d7f5,range,selection_envelope,40353,PAL,30,3,500000.0,,True,0.25464705216474853,-73.68276098766877,60.29316197014653,53.32409433183041,12.949710091156232
9.874988496048083,90.50864062384292,True,10.620451693851944,547,7,0,2.025,2.025,3.6865935797457015,20.715904685014994,1.9713377654617388,-1.082363606754187,-52.364741304751746,131.56235489360625,0.025,0.025,610,37,2,15.704106716800847,0.5149055293491598,RNG-4c4eda57d15a,range,selection_envelope,40353,PAL,30,3,500000.0,sync;h_jitter_us;v_jitter_us;h_width_rmse_us;sync_error_ire,False,0.8202209130714547,-61.10916724604993,15.898767027878097,21.4397251391769,12.443235385940545
12.984606692870893,91.44858536238551,True,5.32810539523212,0,0,2,0.15,0.15,0.09432677765940359,4.280349915333859,5.712798946915125,-5.525255210015244,-40.085278944948854,114.9920327245898,0.15,0.15,610,0,2,17.536980303516,0.4961073352834459,RNG-df11a3298989,range,selection_envelope,40353,PAL,30,3,500000.0,,True,0.24731295733497516,-37.728356037831574,56.3965037738724,51.11648300206355,11.929388768914155
13.15729319583192,96.45904550503526,True,0.22396486825595985,0,0,2,0.1,0.1,0.07855639093910215,3.957594574707879,1.7889908795756664,-1.1991635243689978,-53.152166800004494,134.86682970025936,0.1,0.1,610,0,2,26.09368714822341,0.5984376656435971,RNG-ba94866617f0,range,selection_envelope,40353,PAL,30,3,500000.0,,True,0.9172077454312173,-70.59082320768404,27.356252460630493,34.584917418935525,14.888317045372867
13.086786326074813,92.8447611092061,True,3.0376411543287327,10,0,0,1.1024999999999978,0.7899999999999994,1.9126802747279363,6.412500800665573,2.76391966289706,-3.30956403353847,-55.717391778336285,129.0423292019001,1.025,0.7899999999999994,610,1,2,19.89544868815596,0.6149173257503959,RNG-6c4309f6be5f,range,selection_envelope,40353,PAL,30,3,500000.0,sync;h_jitter_us;v_jitter_us;h_width_rmse_us,False,0.7463612553516223,-71.22507343095214,15.670769780425665,19.25016355950556,13.203105433356475
10.762220181989207,90.9080380033303,True,9.014429109159348,507,6,0,2.025,2.025,3.678488866342513,18.35158527227808,2.2027820121024537,-1.77692933557964,-54.55963784469167,129.08199354738275,0.05,0.02375,610,27,2,16.67658783697938,0.551728085046265,RNG-5b2f878f21fe,range,selection_envelope,40353,PAL,30,3,500000.0,sync;h_jitter_us;v_jitter_us;h_width_rmse_us;sync_error_ire,False,0.8098471453687808,-60.62971142895732,16.50161197035349,21.61883409683425,12.39045633550679
13.40231203431527,96.54117361114841,True,0.21141781681304894,0,0,2,0.1,0.09124999999999998,0.08015737594278387,3.315702986110426,2.0295271405916533,-1.6891510882095402,-51.74065958986526,132.1133712261991,0.1,0.09124999999999998,610,0,2,26.104122376349306,0.6097003787135932,RNG-3287d10ff80a,range,selection_envelope,40353,PAL,30,3,500000.0,,True,0.9140508488762051,-70.11030856824927,26.501901625583738,33.016414864605,14.713875069941395
9.050192958436794,89.4415254982941,True,12.79297365119197,610,8,0,2.025,2.025,1000000.0,21.33099166559616,1.7002750443849513,-1.361173572620143,-56.70972820945776,129.09779473221715,1000000.0,1000000.0,610,610,2,15.671370512040967,0.4442122241349687,RNG-7d223b52516b,range,selection_envelope,40353,PAL,30,3,500000.0,sync;h_jitter_us;v_jitter_us;h_width_rmse_us;sync_error_ire,False,0.6465527516721302,-81.17259797053659,21.807250281610404,34.62590592020159,14.69051328819747
9.397385424280348,89.36636556550745,True,13.9366373902133,610,8,0,2.025,2.025,1000000.0,21.693390400461013,0.6647747205393144,-2.6456918388258117,-55.58715966231134,124.40097476917514,1000000.0,1000000.0,610,610,2,15.464352431012964,0.4484620251269102,RNG-c015ee9bc1c2,range,selection_envelope,40353,PAL,30,3,500000.0,sync;h_jitter_us;v_jitter_us;h_width_rmse_us;sync_error_ire,False,0.8109815132932854,-64.87674832606695,18.96355946379968,23.52724217213232,12.732737084357906
8.587077614422036,89.81575772868041,True,15.39460476787955,606,8,0,2.025,2.025,3.7,24.082464349495954,2.115032594658504,-0.22325870491130617,-54.23168755211803,131.99691252959371,0.0,1000000.0,610,181,2,14.533418317583253,0.4523344724071329,RNG-24da94198dd9,range,selection_envelope,40353,PAL,30,3,500000.0,waveform;sync;h_jitter_us;v_jitter_us;h_width_rmse_us;sync_error_ire,False,0.7427466154910352,-66.11559682256419,22.209228594956922,36.399130208847886,12.872515359556742
10.13806691754839,88.81798369921424,True,13.330614805520703,610,8,0,2.025,2.025,1000000.0,21.29014959882327,2.0646728789698643,-1.0642179299524086,-51.03481377481984,118.56185437401338,1000000.0,1000000.0,610,610,2,15.395833488350188,0.48446145596396734,RNG-0363398c9314,range,selection_envelope,40353,PAL,30,3,500000.0,sync;h_jitter_us;v_jitter_us;h_width_rmse_us;sync_error_ire,False,0.5201134113289858,-79.49856487058113,20.81508627034068,28.441221129170117,13.124246159748669
13.559456042423413,97.30828393213686,True,0.3644918444165621,0,0,2,0.075,0.075,0.09139178856108159,1.294301395108725,1.7655817751642262,-1.2840993371454066,-42.53191096442104,126.83043870700429,0.075,0.075,610,0,2,26.628254175472787,0.6114473085644788,RNG-5e770ddcc937,range,selection_envelope,40353,PAL,30,3,500000.0,,True,0.6949265873676849,-60.477324933978174,28.708873714113956,31.319567576056993,12.756217977303372
13.438264783896043,98.02933217976681,True,4.885194479297366,0,0,2,0.125,0.09124999999999998,0.04250120538309936,3.3028887000326153,4.712069811407183,-1.9795801563020115,-44.48563112687829,122.75208546570319,0.125,0.09124999999999998,610,0,2,18.32127407752472,0.5635777091154504,RNG-ddd4958bbd73,range,selection_envelope,40353,PAL,30,3,500000.0,,True,0.45131502759972464,-62.772382594658836,36.90930027533587,34.94952899978043,12.135442408610272
14.041080679056854,94.58965803430222,True,1.3814303638644918,0,0,2,0.1,0.06624999999999999,0.03930753066796634,4.250896583228546,3.8138237214872586,-5.3609276117819835,-53.828673512059495,128.3322249601727,0.1,0.06624999999999999,610,0,2,21.770408477308038,0.6167249162813835,RNG-b33ebeace115,range,selection_envelope,40353,PAL,30,3,500000.0,,True,0.4879942295208085,-70.59356088915902,37.371916045045126,33.831447537304534,12.93262820378373
12.605753738861056,94.27270256964105,True,5.658720200752823,0,0,2,0.125,0.1,0.05802416116316137,2.0516395484401317,1.5329935845249727,-5.64728225893744,-45.89358807087992,109.00092872377947,0.125,0.1,610,0,2,18.697665215230217,0.43228470500185945,RNG-acbfd3c988e3,range,selection_envelope,40353,PAL,30,3,500000.0,,True,0.24689966886573034,-64.65485857290616,60.77587904687095,52.78940261000308,12.574968375715313
15.849398906836665,97.04376836833471,True,0.3898641346069899,0,0,2,0.05,0.036249999999999984,0.01978765734995453,0.6179691848061997,0.9913109751607619,-1.8962572428349567,-52.494667940357786,123.3462021012698,0.05,0.036249999999999984,506,0,2,27.501593542324642,0.7384527764465333,OVP56,range,selection_envelope,40353,NTSC,30,3,500000.0,,True,0.8973989009599256,-48.32137276633419,10.5240733390015,16.328014057073442,11.657814650179542
15.920849846010794,96.1531306416145,True,0.7586545322081965,0,0,2,0.075,0.061249999999999985,0.057201277660624904,1.8192162691436673,2.1432442570551196,-0.962875152489129,-41.94345830276402,109.40377753443767,0.075,0.061249999999999985,506,0,2,25.170515877267693,0.7316408583121861,RANGE32,range,selection_envelope,40353,NTSC,30,3,500000.0,,True,0.8238107201279683,-53.07008050376909,12.398108838977684,15.96333002298799,12.104052480553761
-6.277387301730947,-96.29499771966367,False,646.4459142539747,506,12,24,2.025,2.025,1000000.0,136.03647795216523,39.06472859540426,-142.12402254406447,-56.62658032895412,108.18003414084546,1000000.0,1000000.0,506,506,2,-6.320597123371712,-0.34662982225891303,PLL96-rejected-board,range,selection_envelope,40353,NTSC,30,3,500000.0,contrast;waveform;detail_floor;sync;h_jitter_us;v_jitter_us;h_width_rmse_us;sync_error_ire;black_error_ire;white_error_ire,False,0.6053947592321648,64.24689824372525,24.817229990950644,23.21758157321335,41.95015638406927
9.417904654439436,102.29932257367734,True,6.1873997115908566,0,0,2,0.3,0.18999999999999984,0.09794075405237508,2.203672797097518,2.1514263419025466,5.1187579124921765,-52.663259601217035,113.73710708138626,0.3,0.18999999999999986,506,0,2,12.816786643961208,0.3434886620386781,PLL96-IQ-corrected,range,selection_envelope,40353,NTSC,30,3,500000.0,,True,0.6929046690641523,-114.02533537108954,24.068146694219354,25.010061541353302,20.441015301885457
21.74506746878636,95.72462390248815,True,0.0,0,0,2,0.025,0.025,0.01872940238859724,2.2232539976433032,2.2107100648355322,-0.9312304903671942,-44.712298918408656,111.36807620651535,0.025,0.025,506,0,2,27.286061379964796,0.9405052386346673,floating-PLL-IQ40,range,selection_envelope,40353,NTSC,30,3,500000.0,,True,0.6367969363353584,4.74008111392925,7.244851033443218,10.462125802395404,5.718977769779486
3.440577813661072,44.14711913825612,True,101.47832265095569,506,12,0,2.025,2.025,1000000.0,54.58236194970097,32.34672551390703,-21.17771649854841,9.311682131569327,89.96438168834777,1000000.0,1000000.0,506,506,2,3.5463577545212304,0.5725528127548672,HC50,range,selection_envelope,40353,NTSC,30,3,500000.0,contrast;waveform;sync;h_jitter_us;v_jitter_us;h_width_rmse_us;sync_error_ire;black_error_ire;white_error_ire,False,0.4373839188120139,80.62783747442819,13.070847175664902,17.453723762243513,35.76769766097582
12.291563405378334,101.95495996160699,True,4.04916803896835,0,0,2,0.075,0.061249999999999985,0.06893278790975929,-2.631996418804042,-2.1185865270211397,0.532079343507028,-50.62258498317982,114.57547127019359,0.075,0.061249999999999985,506,0,2,16.82841716570012,0.5285683486858854,PLL96-board-fixed,range,selection_envelope,40353,NTSC,30,3,500000.0,,True,0.5706225765529267,-80.7926492418664,23.69327815151419,34.31576483614908,15.744174908118845
12.020479880265624,94.71702208646334,True,4.9342649932112455,0,0,2,0.125,0.13624999999999998,0.0671262158456362,0.5617803445243402,-1.0642734425306113,-5.456419518499865,-46.039895972888175,114.71791346241807,0.125,0.13624999999999998,506,0,2,16.82017556633586,0.45923219385508496,RNG-f96c6225fc10,range,selection_envelope,40353,NTSC,30,3,500000.0,,True,0.3940420736834702,-65.02592667239533,96.06671461700581,81.9828240570355,14.059787873087332
11.964049492819651,94.24902824020012,True,5.5416401990564985,0,0,2,0.15,0.16124999999999998,0.0679128423068688,1.1678024097292241,-0.9858921054621341,-6.019104384898521,-44.815120059146736,111.84022298437347,0.15,0.16124999999999998,506,0,2,16.445635088989874,0.4408527811242248,RNG-bca24df0d7f5,range,selection_envelope,40353,NTSC,30,3,500000.0,,True,0.35958551443006603,-69.45809034745834,91.0436940724395,81.30971747446165,14.043570481769102
9.7726927958364,90.1111116591059,True,11.288749333919384,446,11,0,2.025,2.025,3.687166651599391,20.79327654777476,1.9569479503308558,-1.299625208434406,-52.267839154187264,124.75117999363599,0.025,0.025,506,24,2,15.466920637483746,0.5262663473797344,RNG-4c4eda57d15a,range,selection_envelope,40353,NTSC,30,3,500000.0,sync;h_jitter_us;v_jitter_us;h_width_rmse_us;sync_error_ire,False,0.886604804730525,-48.3499057453092,15.640669961524642,20.583719469729406,11.841524118086104
12.690925939017186,91.0155114547499,True,5.707219561244796,0,0,2,0.15,0.175,0.0948657257857323,4.292519038695053,5.679256923175639,-5.737670859007829,-40.013378740508074,114.74822904039357,0.15,0.175,506,0,2,17.234655023789827,0.47657734643495414,RNG-df11a3298989,range,selection_envelope,40353,NTSC,30,3,500000.0,,True,0.22585724474142485,-14.084347861784961,139.44856922510058,74.07246858735569,13.6776070972518
13.33873423920492,96.2939766963294,True,0.2047163023418943,0,0,2,0.1,0.1,0.07546790800293804,3.983201018337652,1.7705018249179214,-1.4185388483941532,-53.37352596908879,134.50852860278607,0.1,0.1,506,0,2,25.963350049172792,0.6235694949684302,RNG-ba94866617f0,range,selection_envelope,40353,NTSC,30,3,500000.0,,True,0.8332298768679163,-51.43450066524466,17.492601378392663,26.03797235160942,12.811811533842622
12.971364562181822,92.63955612084138,True,3.3567452516354725,8,0,0,1.125,0.061249999999999985,1.9726782779646086,6.643054592649096,2.7572374717481885,-3.534494641022183,-55.71890247659155,120.6883895262846,1.075,0.061249999999999985,506,1,2,19.63759954131595,0.6255478015379253,RNG-6c4309f6be5f,range,selection_envelope,40353,NTSC,30,3,500000.0,sync;h_jitter_us;h_width_rmse_us,False,0.840929091350092,-58.45633356271108,10.946533526542861,15.948842873687877,13.094464378963313
10.683895879492606,90.55167092773948,True,9.575755568735003,423,11,0,2.025,2.025,3.6732886762130716,18.41932946731271,2.1869826624366766,-1.9916044150381615,-54.455955429455166,122.27624288510339,0.05,0.025,506,20,2,16.441223441767917,0.5644316256700682,RNG-5b2f878f21fe,range,selection_envelope,40353,NTSC,30,3,500000.0,sync;h_jitter_us;v_jitter_us;h_width_rmse_us;sync_error_ire,False,0.8797800682028569,-47.781805772831156,17.074266619382254,22.24534527409662,11.768515675730711
13.591660746235611,96.38264973710321,True,0.18740573265857235,0,0,2,0.1,0.1,0.07676609666277129,3.3393917054574196,2.008859537456354,-1.8997599949573205,-51.527872723081465,131.54934825044646,0.1,0.1,506,0,2,25.9860727683197,0.6350106360637661,RNG-3287d10ff80a,range,selection_envelope,40353,NTSC,30,3,500000.0,,True,0.8281276051939742,-51.296526959686055,16.3350521362161,24.30134877581169,12.696202196607596
8.943527410950097,89.02394981351658,True,13.556433962434559,506,12,0,2.025,2.025,1000000.0,21.3639253237953,1.6914898877663522,-1.5757932012651703,-56.60398072758141,125.31186346090848,1000000.0,1000000.0,506,506,2,15.435991367210455,0.4520421408250067,RNG-7d223b52516b,range,selection_envelope,40353,NTSC,30,3,500000.0,waveform;sync;h_jitter_us;v_jitter_us;h_width_rmse_us;sync_error_ire,False,0.6783560865502192,-67.10193319058709,15.148452361220045,38.20633455140505,14.440403464136658
9.27826329682831,88.97174714556623,True,14.741079035545372,506,12,0,2.025,2.025,1000000.0,21.7425936210424,0.6556748230742298,-2.8742623299327996,-55.482149841744096,119.54369477201953,1000000.0,1000000.0,506,506,2,15.230864945831042,0.46082816937991505,RNG-c015ee9bc1c2,range,selection_envelope,40353,NTSC,30,3,500000.0,sync;h_jitter_us;v_jitter_us;h_width_rmse_us;sync_error_ire,False,0.8671352181686578,-52.8588467664039,14.474436131429863,16.46546215863674,12.376757123461582
8.440406037559574,89.3227023556617,True,16.451814900336277,506,12,0,2.025,2.025,1000000.0,24.259431283949567,2.095792192259993,-0.4364955319077907,-54.10419845875377,124.99717590818685,1000000.0,1000000.0,506,506,2,14.281189693005562,0.46146458814894964,RNG-24da94198dd9,range,selection_envelope,40353,NTSC,30,3,500000.0,waveform;sync;h_jitter_us;v_jitter_us;h_width_rmse_us;sync_error_ire,False,0.815601827493785,-52.439537320207954,16.91332372890213,31.66001428744787,12.372573267708036
9.981446498365175,88.38941428895158,True,14.169830235995748,506,12,0,2.025,2.025,1000000.0,21.36899127061349,2.052103819177564,-1.2701814102764957,-51.405485439039026,116.85832293725048,1000000.0,1000000.0,506,506,2,15.171775530959486,0.489659372644237,RNG-0363398c9314,range,selection_envelope,40353,NTSC,30,3,500000.0,sync;h_jitter_us;v_jitter_us;h_width_rmse_us;sync_error_ire,False,0.6627602860543935,-66.67977841261184,13.113535600729639,21.25434567689851,13.615067294989048
13.675333332593784,97.17662046616871,True,0.3394376924860085,0,0,2,0.075,0.075,0.09018672987230045,1.3060428482668809,1.7503580227713322,-1.4950772184197865,-42.45502650632936,119.19478731666479,0.075,0.075,506,0,2,26.601973948106878,0.6319450866874049,RNG-5e770ddcc937,range,selection_envelope,40353,NTSC,30,3,500000.0,,True,0.8048888199423561,-48.90192733867467,28.363777035441935,31.708480660577273,12.283505679732844
13.430494049762862,97.75829108451498,True,4.892870152664171,0,0,2,0.125,0.11124999999999999,0.042276499045468534,3.3250445902875723,4.73833367941495,-2.120754505463506,-44.404769325848726,122.49067645615506,0.125,0.11124999999999999,506,0,2,18.504379657795166,0.5675413960315769,RNG-ddd4958bbd73,range,selection_envelope,40353,NTSC,30,3,500000.0,,True,0.47057023434575185,-49.24087233952262,20.304090604081853,52.64311374414889,12.14492534501172
14.023230056594372,94.32029147917224,True,1.4284983156063065,0,0,2,0.1,0.05,0.03930912756449096,4.391257128545421,3.7989272259850746,-5.640951332338481,-53.92085603531431,128.12743647718048,0.1,0.05,506,0,2,21.72575261888055,0.6261738885125213,RNG-b33ebeace115,range,selection_envelope,40353,NTSC,30,3,500000.0,,True,0.5964122915881573,-61.08503775515005,19.03507604489554,25.12993511524678,13.227269953495266
12.526219420305578,93.96030289519545,True,5.589056107319511,0,0,2,0.125,0.11124999999999999,0.055469163174155664,2.094452501261033,1.5296665647211565,-5.881780562683863,-45.685269873829775,108.6792700102431,0.125,0.11124999999999999,506,0,2,18.984702731984626,0.4209510672252422,RNG-acbfd3c988e3,range,selection_envelope,40353,NTSC,30,3,500000.0,,True,0.3611040881086906,-76.95313850136522,106.61836746668281,76.01083961276943,14.27165588832794
15.96203334711954,97.63393020886946,True,0.3902132998745295,0,0,2,0.05,0.05,0.019496742056550682,0.862156441838974,0.8887030954797781,-1.1808370123999241,-61.24129329320714,118.61486014214887,0.05,0.05,610,0,2,27.261648891774186,0.7278691013648362,OVP56,range,selection_envelope,40354,PAL,30,3,1500000.0,,True,0.8053357196349196,-60.319430921184335,10.65242573735164,22.497204551963932,11.752364664580153
15.971198370661202,95.35530685687478,True,1.6775407779171894,0,0,2,0.05,0.05,0.01954922328757695,2.4693926317185806,1.8900871705960898,-3.0872419138438945,-50.10181482152592,102.63510076612133,0.05,0.05,610,0,2,24.43290851907888,0.7107831790068976,RANGE32,range,selection_envelope,40354,PAL,30,3,1500000.0,,True,0.7853337822410629,-60.3655189345391,10.333109187166578,24.346705774166043,11.57329534487311
-7.638816437577819,-73.62897235443423,False,668.5476787954831,610,8,62,2.025,2.025,1000000.0,67.02201517551195,-8.389798053267345,-170.43559194707947,-79.4964163781979,50.27463218137845,1000000.0,1000000.0,610,610,2,-7.714981989931237,-0.41653001081821683,PLL96-rejected-board,range,selection_envelope,40354,PAL,30,3,1500000.0,contrast;waveform;detail_floor;sync;h_jitter_us;v_jitter_us;h_width_rmse_us;sync_error_ire;white_error_ire,False,0.23352425322155648,70.00615421046395,19.347379283966916,41.61030760724333,14.876231680051305
8.955615918070416,91.13724915511841,True,6.7101631116687575,610,8,0,2.025,2.025,1000000.0,12.427708891888308,10.559535327305111,-8.18088141692273,-50.850242912902004,107.60024896306143,1000000.0,1000000.0,610,610,2,10.619693358923945,0.44179369590797535,PLL96-IQ-corrected,range,selection_envelope,40354,PAL,30,3,1500000.0,waveform;sync;h_jitter_us;v_jitter_us;h_width_rmse_us,False,0.20048009582057746,-109.6719134238245,19.939024186591286,42.25137007551469,17.079478420907776
21.71867735291063,96.6322527050323,True,0.0,0,0,2,0.025,0.016249999999999987,0.021543893433228246,1.2735785841885885,1.5381991522319882,-1.6387561868419613,-46.110716703072285,109.63335415432465,0.025,0.016249999999999987,610,0,2,29.35939128292363,0.926306339904209,floating-PLL-IQ40,range,selection_envelope,40354,PAL,30,3,1500000.0,,True,0.4867865436985773,13.702830035661856,6.074654653661735,12.270834330866684,6.767206022377765
4.969789141400581,44.899274676058475,True,83.0483061480552,610,8,0,2.025,2.025,1000000.0,43.42500159137711,21.94418139357911,-29.968943095609216,-2.8325636516629515,78.94980807259535,1000000.0,1000000.0,610,610,2,5.168070760065701,0.585577589086971,HC50,range,selection_envelope,40354,PAL,30,3,1500000.0,contrast;waveform;sync;h_jitter_us;v_jitter_us;h_width_rmse_us;sync_error_ire;black_error_ire;white_error_ire,False,0.40039857512225896,98.70834208367349,10.207506604293384,24.033027014364222,25.969389084013564
11.94006803182024,93.13976382407783,True,4.101003764115433,0,0,2,0.125,0.1,0.0505705156111773,3.2943090054865567,10.099175906384213,-6.519977812342294,-51.97249769416223,101.2220756387791,0.125,0.1,610,0,2,15.19241223077687,0.5380990918447655,PLL96-board-fixed,range,selection_envelope,40354,PAL,30,3,1500000.0,,True,0.37021576351214674,-83.89522971907631,18.57915528528143,54.02704040267852,14.476873066078078
12.028572534259439,92.7905431563272,True,4.318067754077791,0,0,2,0.15,0.15,0.06463960619097699,-2.264370792489273,-0.05719365551583523,-13.578151303411374,-51.57802337277902,103.91925875492691,0.15,0.15,610,0,2,15.577264364253178,0.4901796860047073,RNG-f96c6225fc10,range,selection_envelope,40354,PAL,30,3,1500000.0,,True,0.3042646957052265,-67.19656968074909,138.05003213324102,113.82086510472644,14.666767689932655
11.88544016203323,92.04198442528093,True,4.951066499372647,0,0,2,0.15,0.175,0.06360095885451032,-1.8271429236567664,0.0035101975399279297,-14.740201579379933,-50.82568069726787,101.59986120501654,0.15,0.175,610,0,2,15.168343109315128,0.4746314420273747,RNG-bca24df0d7f5,range,selection_envelope,40354,PAL,30,3,1500000.0,,True,0.26035795622815594,-71.99762086450268,138.56621320498937,102.5622060891271,14.407606104517356
15.387862871566815,97.0676628182133,True,0.012547051442910916,0,0,2,0.05,0.05,0.022176638128637186,2.762470481636954,2.0901834202386276,-0.9268982737926306,-53.891519369491256,115.30994156424296,0.05,0.05,610,0,2,27.97761852043792,0.7279151746120002,RNG-4c4eda57d15a,range,selection_envelope,40354,PAL,30,3,1500000.0,,True,1.0221306826676597,-43.32778177704254,13.46340495966009,32.42523959661795,11.091430062686994
11.857446167474631,88.18005032781626,True,5.848808030112923,0,0,2,0.6,0.5,0.29297967534273506,-1.3084852579429378,5.56921141059675,-16.94821158631322,-52.430628645222455,101.55697095563895,0.6,0.5,610,0,2,14.645037430463386,0.47882733046482756,RNG-df11a3298989,range,selection_envelope,40354,PAL,30,3,1500000.0,white_error_ire,False,0.2526887581233691,-68.05606925318907,145.08948775700566,119.7262125076221,13.88979244964488
14.618005699576415,97.10936072602159,True,0.38895859473023836,0,0,2,0.075,0.05,0.03134616351665886,2.8467505956227743,1.6120052583838127,-1.0633871025859032,-57.42590241254442,116.58569866742974,0.075,0.05,610,0,2,27.925740558587396,0.6717257563122915,RNG-ba94866617f0,range,selection_envelope,40354,PAL,30,3,1500000.0,,True,0.859746673581699,-45.73817164009821,17.464499325650642,31.056689444958764,11.111537729584493
15.681954414107436,94.83179999718863,True,0.3030112923462986,0,0,2,0.05,0.05,0.023082176787424136,1.0855604912490122,2.442001549134166,-2.9326066808766518,-49.89649410813065,112.18848168304615,0.05,0.05,610,0,2,23.76036310157321,0.7291918929531637,RNG-6c4309f6be5f,range,selection_envelope,40354,PAL,30,3,1500000.0,,True,0.8553176019506472,-59.340121700688925,10.995752283083144,23.99338186135971,12.287520315775229
15.389367788813095,95.48092231594826,True,0.010664993726474278,0,0,2,0.05,0.05,0.022611291245819613,3.017462723625644,2.1182255585162606,-3.5558359962281076,-54.17835815001354,112.47345874364672,0.05,0.05,610,0,2,26.09251211604009,0.728552539009597,RNG-5b2f878f21fe,range,selection_envelope,40354,PAL,30,3,1500000.0,,True,1.0192751677719432,-43.369309358803164,13.290578771231663,32.816760419979616,11.084582108732185
14.7669634489063,96.04395965662765,True,0.3569636135508155,0,0,2,0.075,0.05,0.02997608336274924,2.652994308062824,1.528640231810617,-3.4967134589879434,-57.422557891355424,113.84612800537903,0.075,0.05,610,0,2,26.56759123373403,0.6782119806114978,RNG-3287d10ff80a,range,selection_envelope,40354,PAL,30,3,1500000.0,,True,0.8584920200789867,-45.81564029694595,16.938848114503077,31.468014340903586,11.076947025927351
15.220312765652647,96.95624627376692,True,0.10978670012547052,0,0,2,0.075,0.05,0.028967901965145752,0.8906524135615475,1.9663363103905576,-2.2077809656730887,-57.09873286789855,113.6063652045402,0.075,0.05,610,0,2,27.55374364169963,0.7099157542276429,RNG-7d223b52516b,range,selection_envelope,40354,PAL,30,3,1500000.0,,True,0.9510910622794565,-44.95234155795354,16.364412039609526,32.60886089336145,11.333180312524247
15.665461276480375,96.96447692570257,True,0.6806775407779172,0,0,2,0.05,0.05,0.02242930606353668,0.8526526921267185,1.258841939453458,-1.7952092872582754,-53.552763804910214,112.97289341949332,0.05,0.05,610,0,2,27.43634974606892,0.7043258448494774,RNG-c015ee9bc1c2,range,selection_envelope,40354,PAL,30,3,1500000.0,,True,0.8071539161577691,-60.5218700065517,12.447440998022696,25.94918643200286,12.007139922022501
15.556093620661166,97.49239562553963,True,0.030740276035131745,0,0,2,0.05,0.05,0.02069489522864492,2.6046088995983983,1.821755775603176,-1.327240123867296,-53.15022843873359,115.33261862961874,0.05,0.05,610,0,2,27.517003958622336,0.7360817031113964,RNG-24da94198dd9,range,selection_envelope,40354,PAL,30,3,1500000.0,,True,0.8741103897454419,-43.992363590986805,15.214436331421789,25.024010489673227,10.175883140828121
15.44976933406982,94.49205976136808,True,1.035759096612296,0,0,2,0.05,0.06624999999999999,0.023148664232255495,1.2014844628727628,3.931786283978239,-4.244190418991577,-48.4235897127765,101.56761042126749,0.05,0.06624999999999999,610,0,2,22.675181885561102,0.7033503119608524,RNG-0363398c9314,range,selection_envelope,40354,PAL,30,3,1500000.0,,True,0.8023497240488545,-56.673683746812436,12.797208019208782,21.151042386509925,12.084232207913729
14.395958177023864,97.17078168192354,True,0.49309912170639897,0,0,2,0.05,0.05,0.027572557038463886,1.7983509235098718,2.1811042064570856,-0.9053534475839727,-47.59704029751101,111.20400807859207,0.05,0.05,610,0,2,27.25195826288431,0.6528208198195031,RNG-5e770ddcc937,range,selection_envelope,40354,PAL,30,3,1500000.0,,True,0.7801993323134166,-52.58489535493608,16.3775359988664,49.970250598562636,12.192755673449447
12.518001212800517,89.96965053374194,True,4.761606022584693,0,0,2,0.15,0.11624999999999999,0.06877886875258452,4.085507998344872,6.682229774588083,-10.7452696062002,-56.55121312409533,105.17329857431096,0.15,0.11624999999999999,610,0,2,15.976010950047145,0.5273212907043943,RNG-ddd4958bbd73,range,selection_envelope,40354,PAL,30,3,1500000.0,,True,0.21582128680375856,-101.25804063588753,27.26026404502369,47.78683615468719,14.83378846008063
13.565597107645438,94.29261498690651,True,1.1731493099121706,0,0,2,0.075,0.06624999999999999,0.041352641797188214,-3.4373622495370175,1.469744849457983,-11.671594719094378,-66.83773958457095,107.37505143029645,0.075,0.06624999999999999,610,0,2,17.71597645599747,0.6514478898532979,RNG-b33ebeace115,range,selection_envelope,40354,PAL,30,3,1500000.0,,True,0.4426423050620916,-57.7328050382104,13.763378898714045,40.120232517871635,11.688345662924517
12.710593349815266,92.17538544751633,True,5.555834378920953,0,0,2,0.25,0.19874999999999995,0.10871831552754825,2.3083308457443246,2.7888252639913835,-8.411916450628492,-52.11958120170478,101.02343305660057,0.25,0.19874999999999995,610,0,2,18.064690846767068,0.44395310670677995,RNG-acbfd3c988e3,range,selection_envelope,40354,PAL,30,3,1500000.0,,True,0.35268480153224346,-67.24832248657098,137.35753614113608,119.83059890838247,14.199274343266266
16.111341020081536,97.74910107480476,True,0.36502723027874534,0,0,2,0.05,0.05,0.02025040867200954,0.7681965560685297,0.8132643218982607,-1.2050501699970517,-61.32273607276662,118.04165888242754,0.05,0.05,506,0,2,27.352367168648904,0.7479324688288622,OVP56,range,selection_envelope,40354,NTSC,30,3,1500000.0,,True,0.8728834279422175,-48.365301877744656,8.378088523685564,14.860864509508254,11.271265986920126
16.06365472119785,95.43325401936848,True,1.6843936935336743,0,0,2,0.05,0.05,0.019409514394024847,2.394011918631027,1.803051316726307,-3.109702469398198,-49.13128601634824,102.69614672419884,0.05,0.05,506,0,2,24.527288200720673,0.728600020140109,RANGE32,range,selection_envelope,40354,NTSC,30,3,1500000.0,,True,0.8514360166839818,-48.359119514293994,8.075684170142859,14.808986701626552,11.091041852551308
-7.521855930636273,-73.52676763662068,False,663.9815213431798,506,12,55,2.025,2.025,1000000.0,67.03722898985681,-8.660618812537484,-170.49211624318528,-79.58498350454654,50.23833906634836,1000000.0,1000000.0,506,506,2,-7.600826976056219,-0.3972986894341449,PLL96-rejected-board,range,selection_envelope,40354,NTSC,30,3,1500000.0,contrast;waveform;detail_floor;sync;h_jitter_us;v_jitter_us;h_width_rmse_us;sync_error_ire;white_error_ire,False,0.2956018938813576,76.171016755675,18.09198560701023,39.81167180392332,16.039392715509777
8.9170897574294,90.81477604760352,True,6.965622713875852,506,12,0,2.025,2.025,1000000.0,12.31438058806184,10.63459088175186,-8.190890092869893,-50.92725711270759,107.58711068697356,1000000.0,1000000.0,506,506,2,10.714906858837915,0.41936384795458237,PLL96-IQ-corrected,range,selection_envelope,40354,NTSC,30,3,1500000.0,waveform;sync;h_jitter_us;v_jitter_us;h_width_rmse_us,False,0.2702044212311209,-103.83060880434861,18.303970489053,33.546559698401154,18.082676012719407
22.0328985959886,96.66782241376038,True,0.0,0,0,2,0.025,0.025,0.01991210925195169,1.2010073876641507,1.4824965855032257,-1.6544289302251618,-45.66805711756261,111.21074047088426,0.025,0.025,506,0,2,29.452633600565825,0.9354994054912391,floating-PLL-IQ40,range,selection_envelope,40354,NTSC,30,3,1500000.0,,True,0.5883933801742272,4.766817989566451,4.463492564606597,9.58902257628127,6.073358481526695
4.947392185404406,44.921196989326305,True,88.75505393371407,506,12,0,2.025,2.025,1000000.0,43.38884465983207,21.8897578830785,-29.988377652889625,-2.8903937492929117,79.64587392734039,1000000.0,1000000.0,506,506,2,5.143859878900459,0.599829157313393,HC50,range,selection_envelope,40354,NTSC,30,3,1500000.0,contrast;waveform;sync;h_jitter_us;v_jitter_us;h_width_rmse_us;sync_error_ire;black_error_ire;white_error_ire,False,0.4305979778513695,80.6178527606275,7.683381477711403,16.18900853362586,26.114692375439848
11.865677795114173,93.04696743005223,True,4.138731421242929,0,0,2,0.125,0.08624999999999998,0.051664488457633384,3.195801818181372,10.27348884281373,-6.540801092275231,-48.77646105995241,101.29749240938067,0.125,0.08624999999999998,506,0,2,15.171340891552562,0.540325991120899,PLL96-board-fixed,range,selection_envelope,40354,NTSC,30,3,1500000.0,,True,0.49203992699849597,-74.41379093856,16.062896712829172,42.421606586971464,16.13513065674124
11.975650608483694,92.744627028319,True,4.261410675955167,0,0,2,0.15,0.15,0.06278098891519598,-2.4411025512073237,-0.11776933605830951,-13.596056859178928,-51.64696879616604,103.906345991154,0.15,0.15,506,0,2,15.695523510666812,0.48694914126697203,RNG-f96c6225fc10,range,selection_envelope,40354,NTSC,30,3,1500000.0,,True,0.4338724815325723,-55.29253889633994,115.1336568655751,99.94319128888324,15.868921781625518
11.83312655820076,91.97920114716408,True,4.9289965589598,0,0,2,0.15,0.175,0.06374743271587972,-2.0126686129800295,-0.047752079093007264,-14.762963669515896,-50.894772859773326,101.58613860790057,0.15,0.175,506,0,2,15.281610267654626,0.4692905448893669,RNG-bca24df0d7f5,range,selection_envelope,40354,NTSC,30,3,1500000.0,,True,0.36756624991838394,-60.71212431748562,115.82033543192298,99.93452178346648,15.661856738151238
15.591036031821805,97.17232228707427,True,0.022579003934767753,0,0,2,0.05,0.05,0.021377928110008226,2.6800971958897652,2.034824029826608,-0.9429418357031252,-53.96655566330441,114.24535279975841,0.05,0.05,506,0,2,28.110389536951086,0.7498150994447531,RNG-4c4eda57d15a,range,selection_envelope,40354,NTSC,30,3,1500000.0,,True,1.0146869890586676,-32.48861622573747,10.400376972830117,21.956758176589993,9.89468102525597
11.774885963858932,88.19302507482215,True,5.860756788001217,0,0,2,0.625,0.6337499999999999,0.28484662331547705,-1.516433545114559,5.517015960459563,-16.975829111862264,-52.52494169019713,101.49803704276336,0.625,0.6337499999999999,506,0,2,14.734131257666341,0.4681027355473628,RNG-df11a3298989,range,selection_envelope,40354,NTSC,30,3,1500000.0,h_jitter_us;v_jitter_us;white_error_ire,False,0.346456949452831,-57.01802427687429,120.62280570256746,99.93489251128354,15.303410935744841
14.73080180198714,97.18421615165016,True,0.3401903259505008,0,0,2,0.075,0.05,0.029446474520052123,2.7627957423165155,1.5584538507815267,-1.0772480066896637,-57.503520948778046,116.16882640810401,0.075,0.05,506,0,2,28.0315885578911,0.6913734489293489,RNG-ba94866617f0,range,selection_envelope,40354,NTSC,30,3,1500000.0,,True,0.9219329916903253,-38.935029466511814,12.988218920643023,23.787073496648695,11.007989207157573
15.827947837153182,94.97734496765443,True,0.270948047217213,0,0,2,0.05,0.05,0.02129108444114207,0.9842336611958812,2.3920821800671495,-2.942670537482612,-49.610370297089645,112.13243397617119,0.05,0.05,506,0,2,23.863369151397954,0.7486925147169553,RNG-6c4309f6be5f,range,selection_envelope,40354,NTSC,30,3,1500000.0,,True,0.9108786331052714,-47.14989464530177,8.240249943022182,16.688141376945794,11.691901513465414
15.591087151872392,95.6022062452689,True,0.015805302754337426,0,0,2,0.05,0.05,0.021377928110008226,2.9384058615476105,2.0657321656655854,-3.573940592769833,-54.256608182557464,110.56661066337135,0.05,0.05,506,0,2,26.19789898134229,0.750516012458783,RNG-5b2f878f21fe,range,selection_envelope,40354,NTSC,30,3,1500000.0,,True,1.0097484631761762,-32.4096992710993,10.134394313569196,22.1253085109957,9.88005900489803
14.878518096576778,96.13639512926518,True,0.32814819051862465,0,0,2,0.05,0.05,0.028400196236030822,2.564969233189767,1.4854871896384263,-3.515794665156054,-57.503149677928654,113.03148341349127,0.05,0.05,506,0,2,26.66436791466911,0.6976115927431566,RNG-3287d10ff80a,range,selection_envelope,40354,NTSC,30,3,1500000.0,,True,0.9221324481485798,-38.90344929191376,12.938887394504386,22.727892520873517,10.952779753295772
15.415554609271208,97.0746592792291,True,0.10612131849340845,0,0,2,0.05,0.05,0.029883667727338033,0.7867138940963233,1.9197363272691486,-2.222617118514721,-57.180165978840385,113.57662893857066,0.05,0.05,506,0,2,27.644515044685882,0.7322612063234099,RNG-7d223b52516b,range,selection_envelope,40354,NTSC,30,3,1500000.0,,True,0.9671946358787709,-35.0593106347261,11.376249015406087,20.231425049940817,10.273613780479097
15.780030947964773,97.07187662277263,True,0.6419963452118964,0,0,2,0.05,0.05,0.02169338071390485,0.7588709061011008,1.1721793556811353,-1.8159756411411756,-52.212523734356076,113.8047537346555,0.05,0.05,506,0,2,27.53483208981518,0.723250031277644,RNG-c015ee9bc1c2,range,selection_envelope,40354,NTSC,30,3,1500000.0,,True,0.8678478418261154,-48.54253528148507,8.585005868821481,17.697027813215264,11.511726069233287
15.729624259027553,97.59816311670888,True,0.019568470076798718,0,0,2,0.05,0.05,0.020097342163961283,2.5212752643122895,1.7748154398703737,-1.3485499359353355,-53.246079094930046,113.35533812565573,0.05,0.05,506,0,2,27.675111315292966,0.756029038254922,RNG-24da94198dd9,range,selection_envelope,40354,NTSC,30,3,1500000.0,,True,0.9171141830880923,-34.391580588993186,11.15396188516083,17.13650042127069,9.574624799437137
15.529091511825095,94.61386977331425,True,0.9731550695884901,0,0,2,0.05,0.05,0.022613350843332273,1.1177060821369402,3.891250798064019,-4.2661641000558195,-48.45271875636208,101.67519721653501,0.05,0.05,506,0,2,22.787290289555973,0.7195763512205333,RNG-0363398c9314,range,selection_envelope,40354,NTSC,30,3,1500000.0,,True,0.848589320253395,-45.2554310271883,8.421141423991806,17.584958936975095,11.509965037685676
14.474836681152503,97.2516637828239,True,0.4643748475917235,0,0,2,0.05,0.05,0.027873408070602984,1.7134559224536825,2.1261232467963627,-0.9218351302580593,-48.28932137506568,111.19221929718675,0.05,0.05,506,0,2,27.379154803673217,0.6702923107839757,RNG-5e770ddcc937,range,selection_envelope,40354,NTSC,30,3,1500000.0,,True,0.8942127855488147,-41.645625322534606,14.435531817393635,43.43154566352569,12.100736490632713
12.43795891020752,89.86646877205138,True,4.862764814084482,0,0,2,0.15,0.11124999999999999,0.06830275835146757,3.872611701080699,6.618256596950341,-10.701867085274374,-62.02869257254346,105.15908790951697,0.15,0.11124999999999999,506,0,2,16.10415911083268,0.5171171124740297,RNG-ddd4958bbd73,range,selection_envelope,40354,NTSC,30,3,1500000.0,,True,0.2883938192164688,-95.56325078483036,23.947188656552502,45.31960414024665,16.278654216267107
13.56876965659589,94.37244285723676,True,1.2132451447615207,0,0,2,0.075,0.08624999999999998,0.04106114692213632,-3.5068934668986116,1.4071674914120331,-11.68724627662684,-66.81063113576727,107.64991038108572,0.075,0.08624999999999998,506,0,2,17.7674663214394,0.6581619077376369,RNG-b33ebeace115,range,selection_envelope,40354,NTSC,30,3,1500000.0,,True,0.5010786781887854,-49.532800194775405,12.90130230137776,31.88405825914706,12.015018147272698
12.627561331856867,92.05174560918344,True,5.528092796695638,0,0,2,0.275,0.275,0.10606601717798211,2.154194060354471,2.7588768922890985,-8.459761145842426,-52.506775488244344,100.98747345628182,0.275,0.275,506,0,2,18.15226073749466,0.4394509329622208,RNG-acbfd3c988e3,range,selection_envelope,40354,NTSC,30,3,1500000.0,,True,0.4272970252511541,-67.51746973726452,95.65421211370767,99.95155153826568,15.123207253020853
