sinad,contrast,polarity_ok,large_errors,h_missing,v_missing,v_trains,h_jitter_us,v_jitter_us,h_width_rmse_us,sync_error_ire,black_error_ire,white_error_ire,raw_min,raw_max,h_jitter_matched_us,v_jitter_matched_us,h_expected,max_h_gap,expected_v_trains,detail_corr,model,seed,standard,cnr,stage,rms,cfo_hz,quality_failures,usable
5.060463221143225,80.92680063624235,True,64.44228356336261,606,8,0,2.025,2.025,3.5774030385183044,16.847005271671712,5.117573977884118,-13.675853239871094,-85.43765909020951,145.10100111156396,0.7212499999999998,1000000.0,610,159,2,0.25154388463835703,OVP56,19301,PAL,4,selection,3,1000000.0,,False
4.760103340606275,85.04297410339282,True,62.2741530740276,595,8,0,2.025,2.025,3.5894637482498686,11.08932205368176,2.9066158323785265,-12.785709337194758,-91.2708886173594,150.4882863943643,1.5349999999999995,1000000.0,610,109,2,0.24770664424327457,VLP56,19301,PAL,4,selection,3,1000000.0,,False
-6.807777677518386,-84.46960503749551,False,613.9391468005019,610,8,51,2.025,2.025,1000000.0,88.70066457764773,21.35199263214546,-157.059410691823,-75.30278129894373,134.70584539572832,1000000.0,1000000.0,610,610,2,-0.24312075928340668,PLL96-rejected-board,19301,PAL,4,selection,3,1000000.0,,False
7.954702894872225,93.24159094432875,True,17.653074027603516,422,3,0,2.025,2.025,3.449553817894887,10.864507234319836,0.09168598116550225,-3.7450968214413183,-74.00941463534855,135.41036116609376,1.9162500000000002,1.505,610,15,2,0.2402368098726495,PLL96-IQ-corrected,19301,PAL,4,selection,3,1000000.0,,False
10.120333222796045,96.05408246595229,True,2.296737766624843,156,3,0,2.025,2.025,3.1536276834907597,2.4645554389138695,1.240847572399879,-2.3639223747001363,-74.34345030722103,134.3393600153094,1.775,0.8349999999999997,610,4,2,0.46453932106315377,floating-PLL-IQ40,19301,PAL,4,selection,3,1000000.0,,False
3.262918989794437,42.72935123994674,True,122.24968632371393,610,8,0,2.025,2.025,1000000.0,49.37055733452362,27.067451180137038,-28.801612818437548,-75.1767324492779,124.99141467483382,1000000.0,1000000.0,610,610,2,0.1780279904952248,HC50,19301,PAL,4,selection,3,1000000.0,,False
5.885899323895385,91.42797531698898,True,39.965495608531995,71,0,0,2.025,1.18,2.878000974702686,3.007466341815142,-1.875301411967862,-14.11272402864176,-82.70717579483485,126.49617176256673,1.677499999999999,1.18,610,4,2,0.21756525111007144,PLL96-board-fixed,19301,PAL,4,selection,3,1000000.0,,False
6.174027392945929,91.27473978425823,True,34.96110414052698,410,7,0,2.025,2.025,3.379830801978111,7.158184743778526,1.6346212785915257,-7.720602408306746,-77.28001143691391,138.48252136039707,1.9012499999999997,1.7,610,15,2,0.2847590130715084,OVL-d80ed68ab008,19301,PAL,4,selection,3,1000000.0,,False
6.273138599830297,89.1351396177033,True,35.238393977415306,422,8,0,2.025,2.025,3.3725035092958415,8.212317954259738,1.6124348524783054,-10.399124874608486,-75.389753854247,135.43107738676872,1.8662500000000002,1000000.0,610,13,2,0.28419238679084496,OVL-3454b08ad686,19301,PAL,4,selection,3,1000000.0,,False
6.18999433514184,91.0297121059118,True,34.70451693851945,413,8,0,2.025,2.025,3.377889813760749,7.338093043315355,1.7310913785565096,-7.882366508378891,-77.21878113562194,137.27761575758836,1.9049999999999998,1000000.0,610,15,2,0.28483573741694285,OVL-f879be9a31e6,19301,PAL,4,selection,3,1000000.0,,False
6.286433155746174,88.92297528143318,True,35.02572145545797,427,8,0,2.025,2.025,3.3716148779547614,8.448411034859395,1.7150594657986107,-10.482570230656938,-75.11506738608868,135.4320083194479,1.8725,1000000.0,610,13,2,0.2842573945903276,OVL-901673511b32,19301,PAL,4,selection,3,1000000.0,,False
6.1986649646466425,90.91121156588396,True,34.57214554579674,423,8,0,2.025,2.025,3.366732297590107,7.3268439119565585,1.7558296181618092,-8.017891598160768,-78.22242505671397,137.58190466128275,1.8924999999999996,1000000.0,610,15,2,0.284871182763105,OVL-94f78fdeecb0,19301,PAL,4,selection,3,1000000.0,,False
6.163307064889805,91.4662711113114,True,34.85508155583438,428,7,0,2.025,2.025,3.374639785416909,7.593699371411151,1.7765437653180687,-6.9620565427525225,-76.72197690578938,139.34525678781625,1.8987499999999997,2.0,610,15,2,0.28490937659970705,OVL-450d1e7dbd88,19301,PAL,4,selection,3,1000000.0,,False
6.298156195099368,88.78136787860804,True,34.83626097867001,429,8,0,2.025,2.025,3.381701960429285,8.490909037717687,1.757460185700861,-10.609130505467128,-75.11312716796226,136.91548781924507,1.875,1000000.0,610,20,2,0.2844602265728648,OVL-d69eb4540b28,19301,PAL,4,selection,3,1000000.0,,False
6.276948124470661,89.26410943120564,True,35.04077791718946,425,8,0,2.025,2.025,3.371930035181952,8.509183931441084,1.7280565042685292,-9.824763149561353,-73.18623381101573,135.98683515669575,1.875,1000000.0,610,16,2,0.284534922121653,OVL-c5eeb1dacb09,19301,PAL,4,selection,3,1000000.0,,False
5.84140445336468,88.80654123053742,True,39.12170639899624,93,2,0,2.025,2.025,2.8556573274397183,9.14766517063308,1.7190888356957603,-11.583916665977904,-69.89072987241671,131.21961510047623,1.6799999999999997,1.5375,610,3,2,0.25091987518210473,OVL-49c57570d609,19301,PAL,4,selection,3,1000000.0,,False
5.677286491798998,89.45651141807166,True,50.71706398996236,281,6,0,2.025,2.025,3.2246656950736465,9.242311631104542,1.1177885233541498,-10.173083993462944,-72.28652297405829,133.50139553551224,1.8799999999999983,1.5612499999999998,610,7,2,0.27492991012427687,OVL-60b97e1a89e8,19301,PAL,4,selection,3,1000000.0,,False
5.735705575643998,90.92084342964606,True,47.652446675031364,264,4,0,2.025,2.025,3.2739753173493407,7.552752852467203,0.2777741698985853,-10.677147406368196,-72.42480633934538,131.6146048171027,1.8,1.9412499999999997,610,9,2,0.2733450529264768,OVL-54c4235a356c,19301,PAL,4,selection,3,1000000.0,,False
5.27562273979711,88.73327869961174,True,56.575909661229616,439,8,0,2.025,2.025,3.4168485189088487,9.487878934351123,2.9880357366019545,-9.25201421015841,-74.68163881917656,133.63877557921893,1.8375,1000000.0,610,17,2,0.25260551398107006,OVL-7befffa7c209,19301,PAL,4,selection,3,1000000.0,,False
5.2280583223774535,90.35906880624164,True,58.32998745294856,294,4,0,2.025,2.025,3.280772041741611,7.281654164945059,1.4296622899119031,-9.539023450359776,-76.26892344695786,135.85167734168124,1.825,1.5899999999999999,610,8,2,0.253949127837541,OVL-441f35b7f94f,19301,PAL,4,selection,3,1000000.0,,False
5.122124902235026,90.93335832122102,True,65.27415307402761,395,7,0,2.025,2.025,3.294223714886548,8.855586035282979,0.33042233436008106,-10.277833297391071,-74.83873469069549,137.3818088477688,1.8574999999999995,1.925,610,15,2,0.26536749163777523,OVL-4e657c956f99,19301,PAL,4,selection,3,1000000.0,,False
6.2622511095925315,90.59402512585329,True,35.28607277289837,399,7,0,2.025,2.025,3.38274212921946,8.615853756292903,0.4328562138920599,-10.985496514725348,-75.22008959391033,131.7152389544558,1.875,1.875,610,15,2,0.28933922755983904,OVL-841a2c0e7f1f,19301,PAL,4,selection,3,1000000.0,,False
5.644506017835526,87.61110948767038,True,44.1624843161857,126,3,0,2.025,2.025,2.896929480195046,9.979589726564765,2.8750807900610784,-12.130640433136906,-72.74546586241236,128.73104705308685,1.8,1.935,610,5,2,0.2492836885728159,OVL-a5c537fdf0be,19301,PAL,4,selection,3,1000000.0,,False
7.418280134579932,87.95155643545517,True,22.23525721455458,564,7,0,2.025,2.025,3.479261150326878,10.945115868977933,2.7516534984200507,-9.160584397469309,-79.17949982649728,137.83887474646116,1.86875,1.6,610,53,2,0.3382423024562888,OVP56,19301,PAL,6,selection,3,1000000.0,,False
7.39669272489296,91.27984171893358,True,20.24215809284818,490,6,0,2.025,2.025,3.430432886920639,6.935183338445022,1.490238997345498,-7.622202519776694,-87.17969462771933,148.96142779329108,1.825,1.5725,610,23,2,0.34140188277125016,VLP56,19301,PAL,6,selection,3,1000000.0,,False
-6.7650583581220305,-84.21479354254338,False,609.4880803011292,610,8,66,2.025,2.025,1000000.0,86.86283159239002,22.285929004550564,-157.31292957332147,-73.82609704391729,133.41697234311377,1000000.0,1000000.0,610,610,2,-0.3014655610912965,PLL96-rejected-board,19301,PAL,6,selection,3,1000000.0,,False
9.151752081778934,94.27806576691835,True,8.136135508155583,480,4,0,2.025,2.025,3.4908857978808405,12.345780271389465,-0.7102276661802107,-2.8396259373706716,-73.30644806706898,132.93081658689334,1.85,1.22375,610,20,2,0.2976189718324379,PLL96-IQ-corrected,19301,PAL,6,selection,3,1000000.0,,False
11.995502235328871,96.07844614019506,True,0.28544542032622333,36,0,0,2.025,1.5437499999999995,2.7492862155697706,2.227568861020621,1.418573063606933,-1.8653660412609587,-70.29074518656832,133.40612361657298,1.5675000000000012,1.5437499999999997,610,1,2,0.5570653468775231,floating-PLL-IQ40,19301,PAL,6,selection,3,1000000.0,,False
3.9174937875799283,44.318526282215636,True,100.01129234629862,610,8,0,2.025,2.025,1000000.0,49.07520730529262,27.077807948387157,-26.468114546260296,-60.972143720736376,121.57862435387167,1000000.0,1000000.0,610,610,2,0.25803910391672075,HC50,19301,PAL,6,selection,3,1000000.0,,False
8.732321269239602,95.94102407998116,True,12.828105395232122,9,1,0,1.3137499999999989,1.6749999999999994,2.380226755861257,0.6454722357987553,-2.463736820078277,-9.951199674546494,-81.35806901287037,122.18917892544758,1.15,0.9724999999999998,610,1,2,0.31181389350191824,PLL96-board-fixed,19301,PAL,6,selection,3,1000000.0,,False
8.623307393210167,95.17290695099278,True,9.589084065244666,183,0,0,2.025,1.615,3.1761389463556813,2.7244241043911264,1.249090066375102,-4.2334236501111935,-74.84452930169809,135.92316062824693,1.8174999999999997,1.6149999999999998,610,5,2,0.37686672762123763,OVL-d80ed68ab008,19301,PAL,6,selection,3,1000000.0,,False
8.680504772439338,93.54730132648058,True,9.78983688833124,202,1,0,2.025,1.99,3.182947296555043,3.7128944505264787,1.0947325884179098,-6.4667616577216736,-72.28169137800627,132.61910256557567,1.825,1.8124999999999996,610,5,2,0.37651124264135566,OVL-3454b08ad686,19301,PAL,6,selection,3,1000000.0,,False
8.638632018472602,94.92154394345577,True,9.485570890840652,185,0,0,2.025,1.4399999999999997,3.191164041721527,2.9206526590625908,1.3399265411657255,-4.407509002175618,-74.84656321000166,137.32990030058838,1.8,1.4399999999999997,610,5,2,0.3769375182568969,OVL-f879be9a31e6,19301,PAL,6,selection,3,1000000.0,,False
8.69264977445599,93.32807464249649,True,9.713927227101632,211,1,0,2.025,1.99,3.1859671851357643,3.9710564659523935,1.196029286099007,-6.553274870672391,-72.28372525892645,132.34425615523915,1.825,1.8124999999999996,610,5,2,0.3765911758124503,OVL-901673511b32,19301,PAL,6,selection,3,1000000.0,,False
8.648102282910935,94.80879427721709,True,9.4435382685069,192,0,0,2.025,1.615,3.1857935905258215,2.9000050634959886,1.37553815645899,-4.528750084458281,-74.64451912439817,135.2180563337498,1.8037499999999995,1.6149999999999998,610,5,2,0.3769378924995844,OVL-94f78fdeecb0,19301,PAL,6,selection,3,1000000.0,,False
8.612962498853696,95.28741493736167,True,9.57340025094103,201,1,0,2.025,1.8587499999999997,3.201533719021905,3.0049159195028454,1.340927792738302,-3.6581726506816623,-74.14926121685268,137.0560579532906,1.8,1.4674999999999998,610,6,2,0.3766917564854927,OVL-450d1e7dbd88,19301,PAL,6,selection,3,1000000.0,,False
8.704806735650523,93.17229370671593,True,9.651819322459222,209,1,0,2.025,1.99,3.2048324056227457,4.0331014267926175,1.246131137799142,-6.6971268962178225,-71.99448710319506,132.61825897697085,1.825,1.8124999999999996,610,5,2,0.3768043271705146,OVL-d69eb4540b28,19301,PAL,6,selection,3,1000000.0,,False
8.681026054647688,93.59379871938559,True,9.703262233375156,216,3,0,2.025,2.025,3.179830900509894,3.9099315328887005,1.1911906128677907,-6.024916924478132,-71.4091786269202,133.88003754893046,1.85,1.4949999999999999,610,6,2,0.37647678802745776,OVL-c5eeb1dacb09,19301,PAL,6,selection,3,1000000.0,,False
8.499898198219373,93.81847021905192,True,12.53387703889586,9,0,0,1.213749999999999,1.00625,2.1111802260241563,3.7122438514145513,1.6843304376691455,-5.4220388553282675,-66.28408832812174,123.64157088928545,1.1,1.00625,610,2,2,0.3446468327673736,OVL-49c57570d609,19301,PAL,6,selection,3,1000000.0,,False
7.853254075852725,94.45712538500509,True,17.62421580928482,82,1,0,2.025,2.01625,2.888502957783013,4.550473303116302,0.09835115541691883,-6.073897113118929,-70.84266228161121,129.13168339609757,1.75,1.9774999999999998,610,3,2,0.3632741368539156,OVL-60b97e1a89e8,19301,PAL,6,selection,3,1000000.0,,False
7.959067142273849,96.00701581847707,True,16.466750313676286,63,1,0,2.025,1.9812499999999997,2.8989677369144577,3.0000146750464265,-0.47806351856386725,-6.026591434877501,-70.05938697759741,127.5357504215313,1.675,1.8850000000000002,610,3,2,0.36032726719381014,OVL-54c4235a356c,19301,PAL,6,selection,3,1000000.0,,False
7.5280171827414595,93.11380431527382,True,21.195106649937266,233,3,0,2.025,2.025,3.2663466174709925,5.091661208787288,2.431339019174972,-5.262236018443623,-79.18329558816575,131.7042766749929,1.825,1.6149999999999998,610,7,2,0.3366743149129107,OVL-7befffa7c209,19301,PAL,6,selection,3,1000000.0,,False
7.411624072308049,94.44693220017507,True,22.405269761606025,92,0,0,2.025,1.63125,3.0112802726263928,3.174231623115887,1.0439217201665654,-5.736399619847823,-70.52468469048631,133.12622481266723,1.6574999999999989,1.63125,610,2,2,0.33797017269397195,OVL-441f35b7f94f,19301,PAL,6,selection,3,1000000.0,,False
7.195609556740312,97.90975495913358,True,24.94667503136763,132,1,0,2.025,1.8499999999999996,3.0578272138684484,3.2682293742259514,-1.212461391624799,-4.589247729224183,-74.93085887841187,139.28873748126304,1.7037499999999994,1.4499999999999997,610,4,2,0.35126048083590933,OVL-4e657c956f99,19301,PAL,6,selection,3,1000000.0,,False
8.42072847106641,95.54731707225696,True,11.21706398996236,169,2,0,2.025,2.025,3.1240472470521405,3.3599323454059102,0.017066378390816782,-6.164944291016089,-70.60544844496195,131.1223487890662,1.8,1.70625,610,6,2,0.37346216600871923,OVL-841a2c0e7f1f,19301,PAL,6,selection,3,1000000.0,,False
8.019814129100645,92.47250468635008,True,16.161229611041403,18,1,0,1.6,1.6924999999999994,2.237801957580552,4.3667724133958705,2.823971360502936,-6.689255210710971,-67.45746623980855,126.3538418828106,1.3362499999999984,1.0524999999999998,610,1,2,0.3321093093829533,OVL-a5c537fdf0be,19301,PAL,6,selection,3,1000000.0,,False
9.456244200830376,91.62269964065351,True,5.451066499372647,409,7,0,2.025,2.025,3.3562830920573212,7.406149903456412,1.9962819915047383,-6.438464406581153,-71.77829760367112,133.6784098842508,1.9,1.6,610,20,2,0.42270756010392413,OVP56,19301,PAL,8,selection,3,1000000.0,,False
9.55599304907489,94.01173551975036,True,4.64240903387704,269,4,0,2.025,2.025,3.2441612338841836,4.697654446656806,1.2445151112162645,-5.050907244358154,-73.95975729468266,138.98312800533546,1.875,1.595,610,7,2,0.4289603942773172,VLP56,19301,PAL,8,selection,3,1000000.0,,False
-6.713506011265929,-83.45275580658492,False,607.4247176913425,610,8,68,2.025,2.025,1000000.0,85.55574225132752,22.94966882318409,-156.7406657948772,-72.33154090107735,126.5646096541686,1000000.0,1000000.0,610,610,2,-0.3315038783305394,PLL96-rejected-board,19301,PAL,8,selection,3,1000000.0,,False
9.453941573029931,94.74914154151328,True,6.16060225846926,513,5,0,2.025,2.025,3.582217320017736,13.960968855212537,-0.9442596504470647,-2.516985154979331,-70.66239607274233,128.14630006472663,1.9,1.225,610,39,2,0.32656406424625417,PLL96-IQ-corrected,19301,PAL,8,selection,3,1000000.0,,False
13.766279679334119,95.76966523795308,True,0.018820577164366376,2,0,0,0.913749999999999,0.94875,2.0523519282764346,2.364268494125797,1.768590302782154,-1.712707824516972,-63.98506610358711,126.72103279038495,0.9,0.9487499999999999,610,1,2,0.642155233165329,floating-PLL-IQ40,19301,PAL,8,selection,3,1000000.0,,False
4.15451154649818,44.5064152985196,True,91.90464240903387,610,8,0,2.025,2.025,1000000.0,49.20824068614575,27.205076933733018,-25.816230730038193,-52.101736783917886,103.97645131527347,1000000.0,1000000.0,610,610,2,0.33736498444397883,HC50,19301,PAL,8,selection,3,1000000.0,,False
10.44833238234627,97.93159266931366,True,5.425972396486825,3,0,0,1.075,0.8224999999999995,2.21402156142721,0.5347305412482075,-2.4060939156663492,-7.293668023097529,-80.34454598326123,116.87321948971564,1.05,0.8224999999999995,610,1,2,0.37984648480251554,PLL96-board-fixed,19301,PAL,8,selection,3,1000000.0,,False
10.467707994535143,96.20089693696998,True,2.36198243412798,32,0,0,2.025,0.7274999999999995,2.757682529321668,1.0426894758111513,1.6872240446658748,-2.8577885539196672,-70.34018900157683,133.6178952022574,1.6,0.7274999999999995,610,1,2,0.454609012185745,OVL-d80ed68ab008,19301,PAL,8,selection,3,1000000.0,,False
10.526012046123874,95.01195267630774,True,2.389585947302384,38,0,0,2.025,1.3912499999999997,2.7668916615551136,1.914315461352528,1.377112327043413,-4.706156384051492,-67.50006134865713,126.4972175356894,1.65,1.3912499999999999,610,2,2,0.45538898872423894,OVL-3454b08ad686,19301,PAL,8,selection,3,1000000.0,,False
10.480646466577664,95.95578270017221,True,2.3475533249686324,34,0,0,2.025,0.7274999999999995,2.773707782213388,1.2486815018590012,1.7751205066246265,-3.0374283590094526,-70.34274214295598,133.3132492568479,1.625,0.7274999999999995,610,1,2,0.45462245639557597,OVL-f879be9a31e6,19301,PAL,8,selection,3,1000000.0,,False
10.53512989576707,94.80054535568253,True,2.372647427854454,40,0,0,2.025,1.3912499999999997,2.792802465989152,2.1791001196169835,1.477032459175304,-4.785357231046795,-67.52075639246245,126.49727363467008,1.65,1.3912499999999999,610,2,2,0.45542583323287344,OVL-901673511b32,19301,PAL,8,selection,3,1000000.0,,False
10.488898395459776,95.85980261828078,True,2.3362609786700124,41,0,0,2.025,0.7274999999999995,2.7612240987876797,1.2090640434559763,1.8185476189342347,-3.1248048367357883,-70.31468098898307,132.14618912465843,1.6,0.7274999999999995,610,2,2,0.45466302258442964,OVL-94f78fdeecb0,19301,PAL,8,selection,3,1000000.0,,False
10.455084419544106,96.27521205219067,True,2.3607277289836888,35,0,0,2.025,0.7274999999999995,2.78783030797912,1.1928814147320623,1.771970662664504,-2.3971154892572244,-68.82809407998822,132.4251134976788,1.65,0.7274999999999995,610,3,2,0.45423706523562907,OVL-450d1e7dbd88,19301,PAL,8,selection,3,1000000.0,,False
10.54561653095034,94.63629301244347,True,2.3626097867001254,40,0,0,2.025,1.3749999999999998,2.8113027666215595,2.2533339175922444,1.5339258044881077,-4.948418856955031,-68.84161928948541,127.76975598052118,1.6887499999999989,1.3749999999999996,610,2,2,0.45559283099516495,OVL-d69eb4540b28,19301,PAL,8,selection,3,1000000.0,,False
10.520218175015334,94.99993364441964,True,2.3695106649937263,51,0,0,2.025,1.3662499999999997,2.80401178865431,2.0217656857401614,1.483861974547468,-4.3600031398559596,-66.34913818001426,127.12462145411536,1.65,1.3662499999999997,610,2,2,0.45494344121037006,OVL-c5eeb1dacb09,19301,PAL,8,selection,3,1000000.0,,False
10.636395283827135,95.157347059619,True,3.7314930991217063,0,0,2,0.3774999999999977,0.06624999999999999,1.0930771349501458,1.9916899784236908,2.1018834801054282,-3.0956557971582415,-60.29052400078467,120.38490736919636,0.3774999999999977,0.06624999999999999,610,0,2,0.43293592843633333,OVL-49c57570d609,19301,PAL,8,selection,3,1000000.0,,False
9.566656289036386,96.06714021103187,True,4.946675031367628,11,0,0,1.325,1.1475,2.267585010085239,3.0763502509059633,0.0252200412738361,-4.453449715621046,-65.00286264830157,128.68520539673617,1.125,1.1475,610,2,2,0.43956471642187,OVL-60b97e1a89e8,19301,PAL,8,selection,3,1000000.0,,False
9.7068654351035,97.85652301199883,True,4.676913425345044,9,0,0,1.375,0.28624999999999984,2.3593553823660183,1.357055401793503,-0.5535145691928357,-4.041949189139669,-64.03316303783002,122.22384379088498,1.125,0.2862499999999998,610,1,2,0.43582122417681984,OVL-54c4235a356c,19301,PAL,8,selection,3,1000000.0,,False
9.354164005693985,94.3171199303911,True,6.382057716436638,87,0,0,2.025,1.3424999999999998,2.986466046267175,3.693369901724367,2.5478719482095595,-3.983235198001569,-64.68131846349611,130.00760638711978,1.6,1.3424999999999998,610,2,2,0.4139614964429454,OVL-7befffa7c209,19301,PAL,8,selection,3,1000000.0,,False
9.167437920754573,95.41240580879469,True,6.891468005018821,24,0,0,1.788749999999999,1.1475,2.5034085125858647,2.163790832259527,1.3448277738642629,-4.543400319105683,-69.54168912898959,127.73081959083271,1.275,1.1475,610,3,2,0.4144787658591037,OVL-441f35b7f94f,19301,PAL,8,selection,3,1000000.0,,False
8.900843444322103,100.9897469026252,True,7.687578419071518,19,0,0,1.713749999999999,1.0074999999999998,2.5117465155496155,0.5365769850147531,-1.460858324386847,-1.5767304826806525,-67.64575684521907,134.1514574557071,1.4,1.0074999999999998,610,1,2,0.42941671272127013,OVL-4e657c956f99,19301,PAL,8,selection,3,1000000.0,,False
10.068747247559045,97.3512383439445,True,3.193224592220828,42,0,0,2.025,1.5849999999999995,2.6314631617179964,1.223010118464455,0.14242995780172515,-4.060090280593143,-67.03522885658109,126.48675714011179,1.4074999999999989,1.5849999999999995,610,2,2,0.4444017455607482,OVL-841a2c0e7f1f,19301,PAL,8,selection,3,1000000.0,,False
9.734626505786055,93.84940650267467,True,5.525094102885822,0,0,1,0.8,0.2562499999999999,1.370670904888623,2.478111934337115,3.1800525941240685,-4.566063681545205,-62.008003119991706,120.91039322471983,0.8,0.2562499999999999,610,0,2,0.39994984409825496,OVL-a5c537fdf0be,19301,PAL,8,selection,3,1000000.0,,False
11.064666638685983,93.80885438308393,True,1.4498117942283564,177,5,0,2.025,2.025,3.114893124994591,4.903910837085343,1.670446796469149,-4.65634200265807,-71.411734000589,130.8920431576473,1.7349999999999994,0.0,610,6,2,0.49552117786031663,OVP56,19301,PAL,10,selection,3,1000000.0,,False
11.193517570813166,95.38301000346992,True,1.2233375156838144,77,1,0,2.025,1.8674999999999997,2.855405533343715,3.193139706762367,1.2324674037182102,-3.6243958805897973,-70.56380283244143,134.45583526451483,1.6599999999999995,1.4699999999999998,610,2,2,0.5020830537864072,VLP56,19301,PAL,10,selection,3,1000000.0,,False
-6.688823288023331,-82.84772231509258,False,607.0037641154329,610,8,70,2.025,2.025,1000000.0,84.37529055344638,23.274099153402766,-156.36212335178234,-69.23237595835714,83.66125622370507,1000000.0,1000000.0,610,610,2,-0.3439491188070034,PLL96-rejected-board,19301,PAL,10,selection,3,1000000.0,,False
9.427391745920051,95.29245479533863,True,5.894604767879549,543,6,0,2.025,2.025,3.6058306845126737,15.078357774492837,-1.1856039049656473,-2.3209726912782065,-56.71124144028572,125.36490611977354,1.85,1.64125,610,41,2,0.341136078824008,PLL96-IQ-corrected,19301,PAL,10,selection,3,1000000.0,,False
15.39104701417741,95.77808513859831,True,0.003136762860727729,0,0,2,0.375,0.6512499999999994,1.187289670760713,2.240885070630357,1.8721350925150042,-1.5746935468671446,-62.781716624506416,124.709199796152,0.375,0.6512499999999994,610,0,2,0.7169131061713953,floating-PLL-IQ40,19301,PAL,10,selection,3,1000000.0,,False
4.242409516413695,44.4459727067617,True,89.52007528230865,610,8,0,2.025,2.025,1000000.0,49.235193568654125,27.21269152792753,-25.76822569412965,-29.016487561218163,97.19398124285243,1000000.0,1000000.0,610,610,2,0.39612893573932995,HC50,19301,PAL,10,selection,3,1000000.0,,False
11.196854637717877,98.70502937924032,True,4.090966122961104,8,0,0,1.3887499999999988,0.8662499999999995,2.1687871895956397,1.4924690849658269,-2.2515935380006393,-5.702172311389945,-79.51604498568723,112.20015927554525,1.1712499999999948,0.8662499999999994,610,1,2,0.4177654561582241,PLL96-board-fixed,19301,PAL,10,selection,3,1000000.0,,False
11.806712667446266,96.5863036591302,True,1.0376411543287327,2,0,0,1.088749999999999,0.8587499999999997,2.0819608691940545,0.1803497257284082,2.0306690829457006,-2.2063797056776964,-65.62730640503156,127.03056554579064,1.075,0.8587499999999997,610,1,2,0.5176096358432778,OVL-d80ed68ab008,19301,PAL,10,selection,3,1000000.0,,False
11.885089987393478,95.70974194536433,True,1.0326223337515685,3,1,0,1.075,1.6749999999999994,2.1213494663737866,0.9423647128595124,1.5763559338508217,-3.780634457990308,-63.37629776453776,125.91098784620436,1.05,0.7324999999999993,610,1,2,0.5197861914959702,OVL-3454b08ad686,19301,PAL,10,selection,3,1000000.0,,False
11.81940610303119,96.35169735080926,True,1.0282308657465495,3,0,0,1.1387499999999988,0.8587499999999997,2.1246249305587783,0.3800113307680013,2.1115151830334264,-2.391117240392595,-65.62736422965449,127.0020246031159,1.0924999999999983,0.8587499999999997,610,1,2,0.517737233328907,OVL-f879be9a31e6,19301,PAL,10,selection,3,1000000.0,,False
11.892493355923994,95.51151625972906,True,1.0282308657465495,4,1,0,1.1387499999999988,1.6749999999999994,2.138619961162765,1.1989797282364194,1.675861901002994,-3.8461698002472366,-63.376297764039684,125.91096761200009,1.075,0.7324999999999993,610,1,2,0.5198338596728348,OVL-901673511b32,19301,PAL,10,selection,3,1000000.0,,False
11.823781387254426,96.27088325778634,True,1.0338770388958596,3,0,0,1.075,0.8587499999999997,2.128177922198652,0.3316120892262371,2.158219158568608,-2.4380643217286173,-65.4401283101153,127.00288094651896,1.0674999999999983,0.8587499999999997,610,1,2,0.5175890605243038,OVL-94f78fdeecb0,19301,PAL,10,selection,3,1000000.0,,False
11.790516240820828,96.65388299069903,True,1.0489335006273526,2,0,0,1.113749999999999,0.8587499999999997,2.133855628609864,0.21519002443455906,2.108445481957387,-1.811583437453288,-65.062286083816,129.19942271981105,1.0912499999999994,0.8587499999999997,610,1,2,0.5170680768774975,OVL-450d1e7dbd88,19301,PAL,10,selection,3,1000000.0,,False
11.90180800243711,95.33101290965563,True,1.0257214554579674,4,1,0,1.15,1.6749999999999994,2.145126970477959,1.2919034190733252,1.7369107965774244,-4.042591389066319,-64.92331277301733,127.23381097674778,1.09375,0.7324999999999993,610,1,2,0.520014854933597,OVL-d69eb4540b28,19301,PAL,10,selection,3,1000000.0,,False
11.872597543293539,95.66624621858017,True,1.0294855708908406,6,1,0,1.238749999999999,1.6749999999999994,2.183149410676637,0.9771160179937899,1.6936192774649534,-3.489165040757685,-63.376297783047164,126.58925733681042,1.0962500000000006,0.7324999999999993,610,1,2,0.5190642949748286,OVL-c5eeb1dacb09,19301,PAL,10,selection,3,1000000.0,,False
12.076223647748197,95.4671157933712,True,1.784818067754078,0,0,2,0.1,0.06624999999999999,0.2557975313586516,1.6030467972692704,2.2451592540445344,-2.4391430093576743,-55.32816868355122,112.85535769435364,0.1,0.06624999999999999,610,0,2,0.5036730689263612,OVL-49c57570d609,19301,PAL,10,selection,3,1000000.0,,False
10.88692710792759,96.59308585105438,True,1.4134253450439147,0,0,2,0.8137499999999989,1.00625,1.6506776427661063,2.7041257108338317,0.12745993024213204,-3.720577270230155,-59.10177067043965,122.49225185459647,0.8137499999999989,1.00625,610,0,2,0.5022425938881402,OVL-60b97e1a89e8,19301,PAL,10,selection,3,1000000.0,,False
10.996289133387261,98.75712062960284,True,1.6160602258469259,0,0,2,0.7637499999999989,0.3999999999999997,1.55210294941211,0.5760724464914907,-0.7229332904855732,-3.1548861767218397,-63.96028060392059,121.9223778625537,0.7637499999999988,0.39999999999999974,610,0,2,0.4970797105974484,OVL-54c4235a356c,19301,PAL,10,selection,3,1000000.0,,False
10.769636324403757,94.83092220861734,True,1.9868255959849435,15,0,0,1.4,1.00625,2.4529696031442336,3.0581535250062135,2.5000781192966897,-3.6028098320621247,-63.081635818504566,125.7706516367939,1.25,1.00625,610,1,2,0.48189113930553273,OVL-7befffa7c209,19301,PAL,10,selection,3,1000000.0,,False
10.5241312825116,95.699372305076,True,2.117942283563363,1,0,1,0.9887499999999989,0.8837499999999998,1.9606991439292583,2.070851544794386,1.514472438398662,-4.049903177345052,-65.5939371507754,124.17053479318403,0.9650000000000005,0.8837499999999997,610,1,2,0.4793495584729239,OVL-441f35b7f94f,19301,PAL,10,selection,3,1000000.0,,False
10.216065728425592,102.46738709905476,True,2.3381430363864495,1,0,1,0.825,1.0337499999999993,1.6395975015714306,-0.9224104956665521,-1.455640935234286,0.1488922155298562,-64.4908883890705,131.60441550558699,0.825,1.033749999999999,610,1,2,0.49370679721280186,OVL-4e657c956f99,19301,PAL,10,selection,3,1000000.0,,False
11.278096454192516,98.24220370082,True,1.2534504391468004,3,0,1,0.9887499999999989,0.6762499999999996,2.012039544876857,-0.08127870593927616,0.18004798389762156,-3.1165194234461366,-65.24501759290357,124.91776113431447,0.9674999999999983,0.6762499999999995,610,1,2,0.5006335170906989,OVL-841a2c0e7f1f,19301,PAL,10,selection,3,1000000.0,,False
10.71383526100769,94.21581671088023,True,2.6643663739021326,0,0,2,0.225,0.7437499999999996,0.7039190643677211,2.079179808442807,3.3117567823245118,-3.7409308042443516,-55.35726882968409,116.03549049725825,0.225,0.7437499999999996,610,0,2,0.44447801321623087,OVL-a5c537fdf0be,19301,PAL,10,selection,3,1000000.0,,False
13.434004493668452,96.35864716498601,True,0.5125470514429109,2,0,0,0.9637499999999989,0.8737499999999999,1.9745825258306602,1.7641413156120067,1.2582611841509808,-2.4803674424338347,-65.25272022689282,128.26396272905214,0.925,0.8737499999999999,610,1,2,0.608939193333054,OVP56,19301,PAL,14,selection,3,1000000.0,,False
13.589468512934214,96.82823133489286,True,0.47741530740276034,0,0,1,0.7387499999999989,0.5937499999999996,1.3981285061367326,1.3684379983021822,1.238401916718429,-2.0065661495529765,-63.5513049788469,127.3707367483975,0.7387499999999989,0.5937499999999996,610,0,2,0.6160307690903799,VLP56,19301,PAL,14,selection,3,1000000.0,,False
-6.688504474198634,-82.51896656599196,False,607.7145545796739,610,8,70,2.025,2.025,1000000.0,83.37626251124743,23.173134753347664,-156.31037786463284,-68.77595925651138,78.32165196850953,1000000.0,1000000.0,610,610,2,-0.3568812640502667,PLL96-rejected-board,19301,PAL,14,selection,3,1000000.0,,False
9.217006099498407,96.66400294676454,True,6.08030112923463,548,7,0,2.025,2.025,3.640471710395996,15.832189177239808,-1.2389743293793962,-1.8393285585149044,-55.15440914507256,123.24616572690793,1.7974999999999999,1.0,610,57,2,0.35723866614009026,PLL96-IQ-corrected,19301,PAL,14,selection,3,1000000.0,,False
18.16331687528021,96.20009171835966,True,0.0,0,0,2,0.025,0.025,0.0252649890585994,1.7824697119875776,1.79101257839596,-1.2387086258238136,-55.64753559737147,119.01440711351556,0.025,0.025,610,0,2,0.8275133059688647,floating-PLL-IQ40,19301,PAL,14,selection,3,1000000.0,,True
4.337065967656389,44.51689526699349,True,88.99811794228356,610,8,0,2.025,2.025,1000000.0,49.065813632972315,27.155303114248937,-25.674532048232606,-4.837612529694098,89.50948371824755,1000000.0,1000000.0,610,610,2,0.48333716390268744,HC50,19301,PAL,14,selection,3,1000000.0,,False
11.815301141678063,98.91051658257837,True,3.8205771643663735,8,0,0,1.1524999999999979,0.15624999999999994,2.159001236037002,3.5886218216774637,-1.8346790907838348,-3.670650981288067,-60.50237580632145,112.4338714810287,1.025,0.15624999999999994,610,1,2,0.45763426361000087,PLL96-board-fixed,19301,PAL,14,selection,3,1000000.0,,False
13.730037751448627,97.08339759194473,True,0.650564617314931,0,0,2,0.075,0.04124999999999999,0.7482965628022351,-0.5748911044466563,2.29316616653901,-1.2592185705098742,-62.85373102614777,121.46530279886126,0.075,0.04124999999999999,610,0,2,0.6142246822589417,OVL-d80ed68ab008,19301,PAL,14,selection,3,1000000.0,,False
13.871870501905958,96.61696731149645,True,0.6486825595984943,0,0,2,0.075,0.6674999999999995,0.8231157070625701,-0.004880039087814916,1.6302472193618336,-2.5382110028210767,-60.972101390857325,118.73062724207556,0.075,0.6674999999999995,610,0,2,0.6195993838359971,OVL-3454b08ad686,19301,PAL,14,selection,3,1000000.0,,False
13.746750520528447,96.87900325823408,True,0.6499372647427855,0,0,2,0.075,0.04124999999999999,0.7559233307467188,-0.4106135165390683,2.3713768992311786,-1.4461317181218825,-62.39618506360495,121.46530279872356,0.075,0.04124999999999999,610,0,2,0.6147148887496855,OVL-f879be9a31e6,19301,PAL,14,selection,3,1000000.0,,False
13.879650755095659,96.44443064996828,True,0.6461731493099122,0,0,2,0.075,0.6674999999999995,0.8261709276168849,0.22944109884658984,1.7266287528295956,-2.5822235830793234,-60.97210138275217,118.73062724207564,0.075,0.6674999999999995,610,0,2,0.6197555715986193,OVL-901673511b32,19301,PAL,14,selection,3,1000000.0,,False
13.742065274345574,96.80957519827544,True,0.6568381430363864,0,0,2,0.075,0.04124999999999999,0.7949056547792324,-0.4633472005355091,2.434723881500998,-1.4349975213657193,-62.853431113068176,120.56938597986998,0.075,0.04124999999999999,610,0,2,0.6142704783391545,OVL-94f78fdeecb0,19301,PAL,14,selection,3,1000000.0,,False
13.706852744128247,97.17260147700858,True,0.6524466750313676,0,0,2,0.075,0.04124999999999999,0.8034556513004046,-0.6796138700036137,2.345763914603979,-0.9301737335433262,-64.43596426333366,122.49998932085829,0.075,0.04124999999999999,610,0,2,0.6136523067651076,OVL-450d1e7dbd88,19301,PAL,14,selection,3,1000000.0,,False
13.890502560174909,96.25413756303983,True,0.6511919698870765,0,0,2,0.075,0.6674999999999995,0.7950139188388723,0.30671458562047543,1.8039402289209072,-2.831939550747303,-60.972096489935915,119.37852406999828,0.075,0.6674999999999995,610,0,2,0.6200640600035708,OVL-d69eb4540b28,19301,PAL,14,selection,3,1000000.0,,False
13.848031280287952,96.57029498474886,True,0.6562107904642409,0,0,2,0.075,0.04124999999999999,0.8222819108940719,-0.0817349573195496,1.7408307276519384,-2.2799529396073264,-61.15958909538733,119.92986362249151,0.075,0.04124999999999999,610,0,2,0.6185971399793301,OVL-c5eeb1dacb09,19301,PAL,14,selection,3,1000000.0,,False
14.062967979858252,95.77219206830353,True,1.1624843161856964,0,0,2,0.075,0.05,0.043478372237918665,1.3271183250621923,2.1233208051774337,-2.281908795226794,-51.33564149005525,111.4888768562359,0.075,0.05,610,0,2,0.6114406024231668,OVL-49c57570d609,19301,PAL,14,selection,3,1000000.0,,True
12.875000996572293,97.04389435778296,True,0.31618569636135513,0,0,2,0.1,0.025,0.8287396613107811,2.1002107111763912,0.7799967483123742,-2.7444388073623167,-56.061502452301916,123.27962639199872,0.1,0.025,610,0,2,0.5999247742482411,OVL-60b97e1a89e8,19301,PAL,14,selection,3,1000000.0,,False
12.920217646397933,99.9148211634182,True,0.5062735257214555,0,0,2,0.075,0.04124999999999999,0.3683759216780206,-0.23593535293408086,-1.2886059703571968,-2.3376825663697582,-57.10301972920396,120.5196146418407,0.075,0.04124999999999999,610,0,2,0.5941434816671949,OVL-54c4235a356c,19301,PAL,14,selection,3,1000000.0,,False
12.922389316656872,95.77340194273175,True,0.43789209535759094,0,0,1,0.663749999999999,0.6187499999999996,1.3490293262011837,2.2222199618964127,1.9997157604534397,-3.2023050938451667,-57.41916075285716,118.8547343947789,0.6637499999999988,0.6187499999999996,610,0,2,0.591397117333918,OVL-7befffa7c209,19301,PAL,14,selection,3,1000000.0,,False
12.504531715796734,95.91846824663178,True,0.4429109159347553,0,0,2,0.4,0.3824999999999997,1.258600738785788,2.344924576239218,1.6457401948323611,-3.342786610779553,-59.48584806741789,124.02772732188744,0.4,0.38249999999999973,610,0,2,0.5810337535821412,OVL-441f35b7f94f,19301,PAL,14,selection,3,1000000.0,,False
12.152653276741379,103.57691931968755,True,0.44102885821831866,0,0,2,0.05,0.04124999999999999,0.37951111778785895,-1.7857240336439013,-0.9261364739855313,2.2917005057763875,-61.622717338478594,129.50673293825253,0.05,0.04124999999999999,610,0,2,0.5925577844972757,OVL-4e657c956f99,19301,PAL,14,selection,3,1000000.0,,False
12.894671024099502,99.21597136189496,True,0.6223337515683814,0,0,2,0.075,0.04124999999999999,0.7871365932247354,-1.5747877650778017,0.05546036733707977,-2.232880306478391,-62.075037714996334,120.00359763876484,0.075,0.04124999999999999,610,0,2,0.5799454646176256,OVL-841a2c0e7f1f,19301,PAL,14,selection,3,1000000.0,,False
11.854486026051006,94.86864868585282,True,1.2779171894604768,0,0,2,0.15,0.09124999999999998,0.21988493637787387,1.5011573081138865,3.2416061560030873,-2.801545895375774,-54.17748449500573,111.28998938499929,0.15,0.09124999999999998,610,0,2,0.5020934271802447,OVL-a5c537fdf0be,19301,PAL,14,selection,3,1000000.0,,True
14.850895826938055,97.24272698429662,True,0.3820577164366374,0,0,2,0.05,0.025,0.6232804213245892,0.6141240492551274,1.1398541036557654,-1.6115877782019983,-64.5702185300623,123.88281214214769,0.05,0.025,610,0,2,0.6764593810307433,OVP56,19301,PAL,18,selection,3,1000000.0,,False
15.035584575563929,97.32281676890807,True,0.35508155583437895,0,0,2,0.05,0.025,0.31475172365053633,0.6719821571301647,1.2663881793040672,-1.401396758079382,-63.57477827775475,123.88592674438684,0.05,0.025,610,0,2,0.6844199539559724,VLP56,19301,PAL,18,selection,3,1000000.0,,False
-6.694202880077926,-82.59545807587664,False,608.8544542032622,610,8,70,2.025,2.025,1000000.0,83.69626531366495,22.923489485353496,-156.20342451064062,-68.30120395579443,75.76120193209661,1000000.0,1000000.0,610,610,2,-0.36233018835003244,PLL96-rejected-board,19301,PAL,18,selection,3,1000000.0,,False
9.048662217552526,97.80340659221032,True,6.2484316185696365,580,8,0,2.025,2.025,3.670132831383627,15.450073304808436,-1.142022999149434,-1.662626011760436,-55.15540283888092,117.42018177612508,1.6824999999999997,1000000.0,610,85,2,0.36547947531938985,PLL96-IQ-corrected,19301,PAL,18,selection,3,1000000.0,,False
20.010272709195572,96.34833595146306,True,0.0,0,0,2,0.025,0.04124999999999999,0.02101424185298479,1.644703400075327,1.7451961817057375,-1.133153715073202,-53.00840280937757,116.11430496198395,0.025,0.04124999999999999,610,0,2,0.8858021853485061,floating-PLL-IQ40,19301,PAL,18,selection,3,1000000.0,,True
4.369560420302363,44.5094756234353,True,88.94730238393977,610,8,0,2.025,2.025,1000000.0,48.985953339478826,27.14627671850373,-25.653925536205374,-1.249164247842529,85.78807933457679,1000000.0,1000000.0,610,610,2,0.5345638259117323,HC50,19301,PAL,18,selection,3,1000000.0,,False
11.990867745589586,98.1707098602245,True,3.728356336260979,20,0,0,1.725,1.3649999999999995,2.4437769028386076,4.994915606853758,-1.2329444847881388,-2.916068194034334,-59.79230262577321,112.06202516506843,1.325,1.3649999999999998,610,1,2,0.4723019358007646,PLL96-board-fixed,19301,PAL,18,selection,3,1000000.0,,False
14.853732910212464,96.88161576121223,True,0.5664993726474278,0,0,2,0.05,0.05,0.2555230091336616,0.022705265898883213,2.405452927919507,-0.8254205315897472,-59.42161317684539,120.33427841768491,0.05,0.05,610,0,2,0.6711713876522971,OVL-d80ed68ab008,19301,PAL,18,selection,3,1000000.0,,False
15.053176998980769,96.66043975863256,True,0.5633626097867002,0,0,2,0.05,0.04124999999999999,0.29172852583675335,0.36091820015315723,1.6593706300555633,-1.9864769545415175,-58.59420031057565,118.4035555865218,0.05,0.04124999999999999,610,0,2,0.6790082125305253,OVL-3454b08ad686,19301,PAL,18,selection,3,1000000.0,,False
14.871588460805036,96.71615530641745,True,0.5646173149309912,0,0,2,0.05,0.05,0.2555991835334198,0.12573724505369233,2.480797081710199,-1.00634056431268,-60.36647087883562,120.30566480547623,0.05,0.05,610,0,2,0.6718967134620673,OVL-f879be9a31e6,19301,PAL,18,selection,3,1000000.0,,False
15.062666400045803,96.51511782360257,True,0.5633626097867002,0,0,2,0.05,0.04124999999999999,0.2932767813718012,0.5551821838195188,1.7458018164909708,-2.02406571372213,-58.711204160697605,118.10102161902748,0.05,0.04124999999999999,610,0,2,0.6793748149544283,OVL-901673511b32,19301,PAL,18,selection,3,1000000.0,,False
14.856893914242297,96.63626184108827,True,0.5777917189460476,0,0,2,0.05,0.05,0.279596459791373,0.10033511719070672,2.5583810542220475,-0.9580748375450309,-59.28964781311696,120.35412552595244,0.05,0.05,610,0,2,0.6711763200379132,OVL-94f78fdeecb0,19301,PAL,18,selection,3,1000000.0,,False
14.835035205166815,96.96018839944335,True,0.5734002509410289,0,0,2,0.05,0.05,0.26595597749855726,-0.09090916229323302,2.444060395116365,-0.5500375360227172,-60.560071398843625,120.80815581341668,0.05,0.05,610,0,2,0.6709404459732883,OVL-450d1e7dbd88,19301,PAL,18,selection,3,1000000.0,,False
15.076051772049388,96.35228947206508,True,0.5646173149309912,0,0,2,0.05,0.04124999999999999,0.304240858531526,0.5610256831154955,1.823201466035423,-2.2997061108394483,-58.851547697135935,119.07063700557285,0.05,0.04124999999999999,610,0,2,0.6799719585925238,OVL-d69eb4540b28,19301,PAL,18,selection,3,1000000.0,,False
15.022187890201604,96.6387609174733,True,0.5652446675031367,0,0,2,0.05,0.04124999999999999,0.3233549159040948,0.20665770814868872,1.754414175770513,-1.7282717737837197,-59.018810760276544,118.95108357977867,0.05,0.04124999999999999,610,0,2,0.6780250201778963,OVL-c5eeb1dacb09,19301,PAL,18,selection,3,1000000.0,,False
15.20397948594108,95.6590428491781,True,1.0018820577164367,0,0,2,0.075,0.05,0.040145738601610664,1.3749020284800493,2.0236585347380425,-2.729403199856491,-50.0632929863787,108.17724290076856,0.075,0.05,610,0,2,0.6745420593642562,OVL-49c57570d609,19301,PAL,18,selection,3,1000000.0,,True
14.094784597388326,97.10722764713725,True,0.178168130489335,0,0,2,0.05,0.04124999999999999,0.3345200868775897,1.6126561611690051,1.486778277197666,-2.254107644645431,-52.69938610998228,120.03939935987418,0.05,0.04124999999999999,610,0,2,0.6598895894159879,OVL-60b97e1a89e8,19301,PAL,18,selection,3,1000000.0,,False
14.157155359243559,100.2958347065648,True,0.3569636135508155,0,0,2,0.05,0.04124999999999999,0.07623975340988454,-0.40930637863009794,-1.5945940396888454,-2.1408411769659423,-56.76424739895532,116.0129134202858,0.05,0.04124999999999999,610,0,2,0.6557755359335556,OVL-54c4235a356c,19301,PAL,18,selection,3,1000000.0,,True
14.320267546743926,96.27384330000612,True,0.25156838143036386,0,0,2,0.075,0.6187499999999996,0.5171604374203298,2.0697223570845766,1.502652934000009,-3.05479752428914,-53.38860279104903,117.07482825729508,0.075,0.6187499999999996,610,0,2,0.6609934639181128,OVL-7befffa7c209,19301,PAL,18,selection,3,1000000.0,,False
13.65686750922232,95.75484606174943,True,0.23400250941028858,0,0,1,0.075,0.6587499999999995,0.8299540773391039,2.7020408614002855,1.7008446880938597,-3.084447373827165,-56.932643941308974,121.44895694324552,0.075,0.6587499999999995,610,0,2,0.6395478695757725,OVL-441f35b7f94f,19301,PAL,18,selection,3,1000000.0,,False
13.346752646192536,103.44249265877252,True,0.2233375156838143,0,0,2,0.05,0.04124999999999999,0.14161683469436978,-0.9738681605574216,-0.23341127554030972,3.319013410245577,-60.19633510836906,129.76740029425594,0.05,0.04124999999999999,610,0,2,0.6528197035190647,OVL-4e657c956f99,19301,PAL,18,selection,3,1000000.0,,True
13.776267556401274,99.37998563863208,True,0.5163111668757843,0,0,2,0.05,0.025,0.20093786251018977,-1.9947715951586944,0.08428402378047031,-2.0563063467406657,-57.247055795203316,119.70962313204191,0.05,0.025,610,0,2,0.624214033183203,OVL-841a2c0e7f1f,19301,PAL,18,selection,3,1000000.0,,True
12.354214868700703,95.1320119467606,True,1.0313676286072775,0,0,2,0.15,0.09124999999999998,0.0866321126997355,1.3018008180397673,3.1922870852943297,-2.4132785496836595,-51.6565937981236,111.91707537299607,0.15,0.09124999999999998,610,0,2,0.5275967080641568,OVL-a5c537fdf0be,19301,PAL,18,selection,3,1000000.0,,True
15.519968263488675,97.50566872612488,True,0.3111668757841907,0,0,2,0.05,0.025,0.05597496513006038,0.2716079475313119,1.0799687716173572,-1.3549973309184296,-62.544877154586295,123.59926343718898,0.05,0.025,610,0,2,0.7072310511282639,OVP56,19301,PAL,22,selection,3,1000000.0,,True
15.719387766750746,97.50016836292318,True,0.3030112923462986,0,0,2,0.05,0.025,0.020989849225085046,0.4208238839269037,1.2364010316902705,-1.2196954432588543,-59.98448388837349,123.1504710870502,0.05,0.025,610,0,2,0.715448730662446,VLP56,19301,PAL,22,selection,3,1000000.0,,True
-6.701958293493112,-82.81600916029033,False,609.7540777917189,610,8,70,2.025,2.025,1000000.0,84.28070645867056,22.771209144342073,-156.21994969922557,-68.05505351933802,70.11091122701113,1000000.0,1000000.0,610,610,2,-0.3636052997090429,PLL96-rejected-board,19301,PAL,22,selection,3,1000000.0,contrast;strong_detail;sync;h_jitter_us;v_jitter_us;h_width_rmse_us;sync_error_ire;black_error_ire;white_error_ire;fine_detail,False
8.963221371347743,98.59977482763587,True,6.3626097867001254,605,8,0,2.025,2.025,3.665054569852951,14.720776803954701,-1.1614504314615095,-1.5988866720046804,-55.20942083157444,110.80675453920144,1.61,1000000.0,610,380,2,0.36820775148890894,PLL96-IQ-corrected,19301,PAL,22,selection,3,1000000.0,strong_detail;sync;h_jitter_us;v_jitter_us;h_width_rmse_us;sync_error_ire;fine_detail,False
20.982105200447165,96.39582885564974,True,0.0,0,0,2,0.025,0.04124999999999999,0.020370542859566666,1.6228902254518185,1.7307763288229117,-1.0788840596438574,-49.158584252538525,114.02583180704075,0.025,0.04124999999999999,610,0,2,0.9111774129226482,floating-PLL-IQ40,19301,PAL,22,selection,3,1000000.0,,True
4.381602202143882,44.506009690064964,True,88.85759096612296,610,8,0,2.025,2.025,1000000.0,48.95143679274592,27.15625285097742,-25.618348254684427,0.9679919744543923,84.3794432202178,1000000.0,1000000.0,610,610,2,0.559269849332142,HC50,19301,PAL,22,selection,3,1000000.0,contrast;strong_detail;sync;h_jitter_us;v_jitter_us;h_width_rmse_us;sync_error_ire;black_error_ire;white_error_ire;fine_detail,False
11.979015694794699,97.51209854041069,True,3.652446675031368,0,0,2,0.425,0.3962499999999999,0.11883140005631618,5.5643086466452285,-0.8190887171137563,-2.698217363688726,-58.20179308240261,111.62884974377549,0.425,0.3962499999999999,610,0,2,0.47950360101192335,PLL96-board-fixed,19301,PAL,22,selection,3,1000000.0,strong_detail;h_jitter_us;v_jitter_us;sync_error_ire;fine_detail,False
15.374221470232332,96.6014427893461,True,0.5250941028858218,0,0,2,0.05,0.04124999999999999,0.02566732310565003,0.6855696066468607,2.427996721433249,-0.677118964716283,-58.18761477986731,120.37000764128085,0.05,0.04124999999999999,610,0,2,0.696273912611336,OVL-d80ed68ab008,19301,PAL,22,selection,3,1000000.0,,True
15.595996574241674,96.49065855422087,True,0.5087829360100377,0,0,2,0.05,0.04124999999999999,0.024482345596401486,0.8520940353760804,1.6699986337634274,-1.8242586768523954,-57.26036368151193,117.4564665348612,0.05,0.04124999999999999,610,0,2,0.704936386399847,OVL-3454b08ad686,19301,PAL,22,selection,3,1000000.0,,True
15.392082850365105,96.45864068049663,True,0.526348808030113,0,0,2,0.05,0.04124999999999999,0.025527227508335,0.7471093465405945,2.5001622049251693,-0.854958670077097,-58.771194994232,120.3413794448902,0.05,0.04124999999999999,610,0,2,0.6970882822051049,OVL-f879be9a31e6,19301,PAL,22,selection,3,1000000.0,,True
15.605181261089617,96.35720333466656,True,0.5081555834378921,0,0,2,0.05,0.04124999999999999,0.024545040566139684,1.0283353000941062,1.7465710479531942,-1.8650818431279006,-57.13464464621897,117.45646741249443,0.05,0.04124999999999999,610,0,2,0.7053792988321179,OVL-901673511b32,19301,PAL,22,selection,3,1000000.0,,True
15.369505404094577,96.3734640676862,True,0.533249686323714,0,0,2,0.05,0.04124999999999999,0.02639547899689282,0.7349158410356449,2.5800665416956385,-0.7925683378802023,-58.18788481342129,120.38986486549523,0.05,0.04124999999999999,610,0,2,0.6961632717253168,OVL-94f78fdeecb0,19301,PAL,22,selection,3,1000000.0,,True
15.369020199050585,96.66293193606832,True,0.5288582183186952,0,0,2,0.05,0.04124999999999999,0.025647356301301345,0.5905363447483689,2.466605995705176,-0.4340505365259422,-59.54946338510842,120.518088345288,0.05,0.04124999999999999,610,0,2,0.6967323784439416,OVL-450d1e7dbd88,19301,PAL,22,selection,3,1000000.0,,True
15.61883977825663,96.22583664749028,True,0.5112923462986199,0,0,2,0.05,0.04124999999999999,0.0252649890585994,0.9626171840732028,1.8197366954474534,-2.149488844756948,-57.13464967789332,118.97921751625306,0.05,0.04124999999999999,610,0,2,0.7060483908059624,OVL-d69eb4540b28,19301,PAL,22,selection,3,1000000.0,,True
15.567384475647145,96.4946320096442,True,0.5112923462986199,0,0,2,0.05,0.04124999999999999,0.024897330161692596,0.6474229573935892,1.7542286655665529,-1.5552562759381614,-57.93016399216263,117.9332715453235,0.05,0.04124999999999999,610,0,2,0.7041983517210713,OVL-c5eeb1dacb09,19301,PAL,22,selection,3,1000000.0,,True
15.73172410148419,95.63056957156215,True,0.917189460476788,0,0,2,0.05,0.04124999999999999,0.03939865604764528,1.3503016659886808,1.957013461673808,-2.9391688504508604,-49.112310764927045,107.58350887189137,0.05,0.04124999999999999,610,0,2,0.7031662643063447,OVL-49c57570d609,19301,PAL,22,selection,3,1000000.0,,True
14.63796724826446,97.14582570277275,True,0.13864491844416563,0,0,2,0.05,0.04124999999999999,0.027572557038463886,1.3306527547257267,1.725064247784041,-2.0772163042906118,-52.659904210191584,118.31092253594137,0.05,0.04124999999999999,610,0,2,0.6858709522058174,OVL-60b97e1a89e8,19301,PAL,22,selection,3,1000000.0,,True
14.826423027509598,100.42011351863839,True,0.28983688833124216,0,0,2,0.05,0.04124999999999999,0.035268292544669545,-0.463010110264273,-1.6767261905223203,-2.065218260725516,-56.78958638487968,116.56992408116155,0.05,0.04124999999999999,610,0,2,0.6874731136510825,OVL-54c4235a356c,19301,PAL,22,selection,3,1000000.0,,True
15.071251259031708,96.52198220293674,True,0.16624843161856964,0,0,2,0.075,0.04124999999999999,0.030551622532105593,2.1144395229635076,1.2151821891080932,-2.9139723184327675,-53.44130792065326,115.09729895573277,0.075,0.04124999999999999,610,0,2,0.6966690403982999,OVL-7befffa7c209,19301,PAL,22,selection,3,1000000.0,,True
14.218107643440554,95.49013289549903,True,0.18506900878293603,0,0,2,0.075,0.04124999999999999,0.44655443190694877,2.971829812359859,1.7587257421118228,-3.0481341734714085,-53.582378204660905,121.4850072438952,0.075,0.04124999999999999,610,0,2,0.6679414300754403,OVL-441f35b7f94f,19301,PAL,22,selection,3,1000000.0,strong_detail;h_width_rmse_us;fine_detail,False
13.893361474164323,103.2612576853618,True,0.19698870765370138,0,0,2,0.05,0.04124999999999999,0.027904991033687217,-0.390827503158126,0.05590360620215428,3.6425895628083875,-58.79884821121368,127.09276053868278,0.05,0.04124999999999999,610,0,2,0.6792087794518885,OVL-4e657c956f99,19301,PAL,22,selection,3,1000000.0,strong_detail,True
14.139078101412348,99.39320774544025,True,0.4742785445420326,0,0,2,0.05,0.04124999999999999,0.03326495719295578,-2.0761825054943164,0.10873372748854689,-2.0280513877140947,-55.30659860527885,117.74716911451848,0.05,0.04124999999999999,610,0,2,0.6413100365965385,OVL-841a2c0e7f1f,19301,PAL,22,selection,3,1000000.0,strong_detail;fine_detail,True
12.530757453722003,95.24889452283213,True,0.9454203262233375,0,0,2,0.1,0.09124999999999998,0.08280433187369596,1.2711753746219687,3.1696767194519158,-2.2168371687740556,-50.485210608013595,110.03650257829743,0.1,0.09124999999999998,610,0,2,0.5365331216263417,OVL-a5c537fdf0be,19301,PAL,22,selection,3,1000000.0,strong_detail;fine_detail,True
15.949485406057493,97.58796278438578,True,0.30238393977415307,0,0,2,0.05,0.025,0.01980954398230523,0.1369479731956153,1.073660685918401,-1.2648917636726633,-58.042853728279454,124.28340015817938,0.05,0.025,610,0,2,0.7263625376478242,OVP56,19301,PAL,30,selection,3,1000000.0,,True
16.16539140094535,97.56903787765043,True,0.3186951066499373,0,0,2,0.05,0.025,0.018773891881904578,0.2799880600424082,1.2416722056417469,-1.164506548780278,-56.47959645180427,123.62434430042114,0.05,0.025,610,0,2,0.7351466726712921,VLP56,19301,PAL,30,selection,3,1000000.0,,True
-6.71112064534676,-83.10628797270869,False,610.3983688833124,610,8,70,2.025,2.025,1000000.0,85.03168227206751,22.73357271421549,-156.24455166246258,-67.48375112730447,66.9550991387363,1000000.0,1000000.0,610,610,2,-0.3618095795341291,PLL96-rejected-board,19301,PAL,30,selection,3,1000000.0,contrast;strong_detail;sync;h_jitter_us;v_jitter_us;h_width_rmse_us;sync_error_ire;black_error_ire;white_error_ire;fine_detail,False
8.921734742402258,99.25300414958363,True,6.367001254705144,610,8,0,2.025,2.025,1000000.0,13.876585445845206,-1.169613634793008,-1.5970332622628314,-45.62954984263585,106.98670848579968,1000000.0,1000000.0,610,610,2,0.3689244869669077,PLL96-IQ-corrected,19301,PAL,30,selection,3,1000000.0,strong_detail;sync;h_jitter_us;v_jitter_us;h_width_rmse_us;sync_error_ire;fine_detail,False
21.668343474751794,96.42450138020502,True,0.0,0,0,2,0.025,0.025,0.01896394335419149,1.6209778998969775,1.7277290735391604,-1.0333450276196525,-46.74748445172088,111.90265689762055,0.025,0.025,610,0,2,0.9269810502797693,floating-PLL-IQ40,19301,PAL,30,selection,3,1000000.0,,True
4.389744018785477,44.51335533880655,True,88.79861982434129,610,8,0,2.025,2.025,1000000.0,48.93344982672494,27.160100263756846,-25.57832431437285,1.6622812646394038,84.29697292193228,1000000.0,1000000.0,610,610,2,0.5754493934082906,HC50,19301,PAL,30,selection,3,1000000.0,contrast;strong_detail;sync;h_jitter_us;v_jitter_us;h_width_rmse_us;sync_error_ire;black_error_ire;white_error_ire;fine_detail,False
11.904893167464456,97.06101031092983,True,3.566499372647428,0,0,2,0.2637499999999989,0.075,0.10751000715907455,5.698370225061547,-0.6605051625965365,-2.645380804481911,-57.31032982838518,111.44740990548243,0.2637499999999989,0.075,610,0,2,0.4829666303631508,PLL96-board-fixed,19301,PAL,30,selection,3,1000000.0,strong_detail;sync_error_ire;fine_detail,True
15.754605947258247,96.3643729037536,True,0.5006273525721455,0,0,2,0.05,0.04124999999999999,0.02616154103848236,1.2588051127023452,2.416136364047663,-0.6233448162165364,-57.8833248070085,119.41448056150799,0.05,0.04124999999999999,610,0,2,0.7142335217501281,OVL-d80ed68ab008,19301,PAL,30,selection,3,1000000.0,,True
15.987340219777336,96.31557043186352,True,0.47992471769134254,0,0,2,0.05,0.025,0.02399624287531587,1.294295217264259,1.6506364841590933,-1.7891027622287152,-56.064503915016445,117.43393069992331,0.05,0.025,610,0,2,0.7232462064681191,OVL-3454b08ad686,19301,PAL,30,selection,3,1000000.0,,True
15.770751884912249,96.2378337148568,True,0.501254705144291,0,0,2,0.05,0.04124999999999999,0.025984705463652787,1.2852595534757378,2.491731656318247,-0.7983589218079602,-58.808674592591565,119.38576873368146,0.05,0.04124999999999999,610,0,2,0.7150692380756474,OVL-f879be9a31e6,19301,PAL,30,selection,3,1000000.0,,True
15.998433378045632,96.18830311348871,True,0.48117942283563364,0,0,2,0.05,0.025,0.024565903332818377,1.445750225376542,1.7292040021669104,-1.8345052478934858,-57.08476127233992,117.43393076327078,0.05,0.025,610,0,2,0.7238615158151414,OVL-901673511b32,19301,PAL,30,selection,3,1000000.0,,True
15.73639607265634,96.14845445180933,True,0.5144291091593475,0,0,2,0.05,0.04124999999999999,0.026990435464389544,1.3075910750849844,2.553401903473417,-0.7309728172199196,-57.20840002857308,119.56228592753837,0.05,0.04124999999999999,610,0,2,0.7136146001938299,OVL-94f78fdeecb0,19301,PAL,30,selection,3,1000000.0,,True
15.76530111590841,96.40494388107265,True,0.5125470514429109,0,0,2,0.05,0.04124999999999999,0.026492343465520034,1.198073099082857,2.4608092083433513,-0.39602920892248566,-59.5872161260005,120.4455313790379,0.05,0.04124999999999999,610,0,2,0.7154379888254987,OVL-450d1e7dbd88,19301,PAL,30,selection,3,1000000.0,,True
16.01375449311495,96.08633868681798,True,0.486198243412798,0,0,2,0.05,0.025,0.025325746635054037,1.3002194226410735,1.8044355446192295,-2.1232984100110284,-56.06450490337349,118.47084504577157,0.05,0.025,610,0,2,0.7246551082597757,OVL-d69eb4540b28,19301,PAL,30,selection,3,1000000.0,,True
15.969740601208724,96.33433659851053,True,0.4855708908406524,0,0,2,0.05,0.025,0.024586748396673186,1.0376552539065689,1.7399194903642377,-1.5142326744813468,-57.08461717396512,117.80451917361643,0.05,0.025,610,0,2,0.723085729998467,OVL-c5eeb1dacb09,19301,PAL,30,selection,3,1000000.0,,True
16.06675240545393,95.68662769802262,True,0.8870765370138018,0,0,2,0.05,0.05,0.0394116567594486,1.2442918018142872,1.8806308630639792,-3.019108628784243,-44.28595379189041,103.41414001786382,0.05,0.05,610,0,2,0.7206425361723025,OVL-49c57570d609,19301,PAL,30,selection,3,1000000.0,,True
15.042090437045976,97.27485941983468,True,0.13174404015056462,0,0,2,0.05,0.025,0.027141855645273272,1.0263228580317996,1.6912093619408415,-2.0628467218832203,-49.01680693508345,116.71966720977557,0.05,0.025,610,0,2,0.7043512297328307,OVL-60b97e1a89e8,19301,PAL,30,selection,3,1000000.0,,True
15.301998459327402,100.52944013516976,True,0.26097867001254704,0,0,2,0.05,0.025,0.03552879229536536,-0.6020510993112674,-1.710237424178794,-2.008054561371105,-50.000611976756424,116.90135240884737,0.05,0.025,610,0,2,0.7091768347065307,OVL-54c4235a356c,19301,PAL,30,selection,3,1000000.0,,True
15.579989596976503,96.67276354275126,True,0.13864491844416563,0,0,2,0.075,0.04124999999999999,0.030129501908360546,2.1945373916866755,1.114875358040844,-2.712730470018956,-52.559512652994286,114.39490126016605,0.075,0.04124999999999999,610,0,2,0.7198704435154535,OVL-7befffa7c209,19301,PAL,30,selection,3,1000000.0,,True
14.741157917357675,95.03148178851562,True,0.15558343789209536,0,0,2,0.075,0.025,0.027720797660796482,3.1007118592807394,2.1950788757628055,-3.1988653250250376,-53.62353925165925,120.1882773530358,0.075,0.025,610,0,2,0.694327832438033,OVL-441f35b7f94f,19301,PAL,30,selection,3,1000000.0,strong_detail;fine_detail,True
14.226242029304018,103.23769723951888,True,0.1806775407779172,0,0,2,0.05,0.025,0.02770231096473515,-0.16306468401152607,0.02149060944485583,3.7272288897344628,-55.81493769854053,126.3768179710521,0.05,0.025,610,0,2,0.6951108453421583,OVL-4e657c956f99,19301,PAL,30,selection,3,1000000.0,strong_detail;fine_detail,True
14.324009479765312,99.49769064200815,True,0.46424090338770385,0,0,2,0.05,0.025,0.03447498499149687,-2.1552591384283954,0.03541895711675426,-1.977377295502411,-53.451605013046375,116.85829389123862,0.05,0.025,610,0,2,0.6501302833957641,OVL-841a2c0e7f1f,19301,PAL,30,selection,3,1000000.0,strong_detail;fine_detail,True
12.639001677516056,95.34752426841119,True,0.9435382685069009,0,0,2,0.1,0.09124999999999998,0.06711257974966942,1.194324206307009,3.1485414316195306,-2.0897767255332282,-45.91717635422361,109.56665621799789,0.1,0.09124999999999998,610,0,2,0.5416416876367053,OVL-a5c537fdf0be,19301,PAL,30,selection,3,1000000.0,strong_detail;fine_detail,True
5.118970504413633,80.75762909682146,True,64.83937296600806,499,12,0,2.025,2.025,3.5796548117700637,16.864061506487275,4.942986456112495,-13.981515832930913,-83.01707540675478,142.36656895496026,1.6324999999999998,1000000.0,506,187,2,0.26379735501671964,OVP56,19301,NTSC,4,selection,3,1000000.0,,False
4.856593836342889,84.95728850606326,True,62.10053978872073,484,12,0,2.025,2.025,3.517436275832933,10.950473535929737,2.775232626499506,-13.131497906535966,-89.11328617490717,150.69103003778687,1.8475000000000001,1000000.0,506,139,2,0.2617910534501293,VLP56,19301,NTSC,4,selection,3,1000000.0,,False
-6.707965182942505,-84.11551374325784,False,612.7369666462954,506,12,36,2.025,2.025,1000000.0,88.6686402023078,21.493202254150557,-156.76171356115904,-74.8154488861589,132.97619863253638,1000000.0,1000000.0,506,506,2,-0.24050549711000324,PLL96-rejected-board,19301,NTSC,4,selection,3,1000000.0,,False
7.974972671646267,92.68671400301872,True,17.782470865558587,339,8,0,2.025,2.025,3.443916575244747,10.747101249834184,0.004675148572399684,-4.078606968735688,-74.14538622531161,135.52964953209005,1.9,1.6449999999999996,506,18,2,0.23650661681329374,PLL96-IQ-corrected,19301,NTSC,4,selection,3,1000000.0,,False
10.210234050192689,95.81624117554117,True,2.263168827728221,111,4,0,2.025,2.025,3.1424359151799193,2.6261562296890637,1.260238558207559,-2.594600133183225,-74.83544553813351,136.2610250082629,1.7649999999999977,1.0649999999999997,506,5,2,0.4784199215866366,floating-PLL-IQ40,19301,NTSC,4,selection,3,1000000.0,,False
3.2577887430561443,42.69423201251798,True,127.1641975271475,506,12,0,2.025,2.025,1000000.0,49.26306099256547,27.02608648739121,-29.058222343613025,-77.40086646140503,123.88046852684056,1000000.0,1000000.0,506,506,2,0.18899244396800416,HC50,19301,NTSC,4,selection,3,1000000.0,,False
5.924324996960767,91.16826451518823,True,40.18761647002863,61,2,0,2.025,2.025,2.840019237551556,2.9907574216822823,-2.076085319738576,-14.42920449791092,-81.96227501190234,125.85044270863813,1.7,1.553749999999999,506,2,2,0.21824324544023851,PLL96-board-fixed,19301,NTSC,4,selection,3,1000000.0,,False
6.265429617539474,91.1861463323974,True,34.78145029458074,346,8,0,2.025,2.025,3.3769039768329216,6.941201926274867,1.5648459425985242,-7.9849290861332,-80.23434652732783,137.5838858801282,1.825,0.6099999999999998,506,15,2,0.2981179676534958,OVL-d80ed68ab008,19301,NTSC,4,selection,3,1000000.0,,False
6.363622392909635,89.05565652004228,True,35.1156195528153,353,9,0,2.025,2.025,3.3982406059145185,7.986930759565638,1.5278243300470522,-10.699366438288028,-79.58224734043408,133.25308695853514,1.81,0.095,506,15,2,0.2979871318857311,OVL-3454b08ad686,19301,NTSC,4,selection,3,1000000.0,,False
6.281595845470318,90.94127500646451,True,34.475881107996884,350,8,0,2.025,2.025,3.392324953441753,7.119455213890526,1.6609937956990821,-8.144651281020728,-80.1223479447777,137.48863768517737,1.825,0.6099999999999998,506,15,2,0.29820898721558314,OVL-f879be9a31e6,19301,NTSC,4,selection,3,1000000.0,,False
6.376571193977699,88.84204761004693,True,34.9018716488995,361,9,0,2.025,2.025,3.407369042693123,8.224915257402197,1.6345012397572838,-10.779242140557102,-79.46447384137795,133.88576273556188,1.8199999999999996,0.095,506,15,2,0.298070841021581,OVL-901673511b32,19301,NTSC,4,selection,3,1000000.0,,False
6.288551016847902,90.82655027781082,True,34.390833526509255,348,8,0,2.025,2.025,3.396331439485175,7.108379695204938,1.6758823700425813,-8.274224716656375,-80.2567706064423,137.81719838152546,1.825,0.6099999999999998,506,15,2,0.2981663368955099,OVL-94f78fdeecb0,19301,NTSC,4,selection,3,1000000.0,,False
6.256336786368913,91.3708201623515,True,34.68511321112573,351,8,0,2.025,2.025,3.4038859434665305,7.361639184491146,1.6992258171667147,-7.226692391807153,-79.15236086260647,138.33842142658852,1.825,0.6099999999999998,506,15,2,0.29826871716036324,OVL-450d1e7dbd88,19301,NTSC,4,selection,3,1000000.0,,False
6.388304996708544,88.7005912492582,True,34.67608160955182,366,9,0,2.025,2.025,3.3988279229758014,8.26760533842479,1.6825489357990622,-10.902722235402573,-79.46457042891826,133.88669014084795,1.825,0.095,506,15,2,0.29816962146764103,OVL-d69eb4540b28,19301,NTSC,4,selection,3,1000000.0,,False
6.367433922259302,89.16932756872649,True,34.8431662386691,369,8,0,2.025,2.025,3.416518749394404,8.287602888839546,1.645776847564238,-10.121658985883217,-79.24914309837246,133.51979612258197,1.8049999999999997,0.6099999999999998,506,15,2,0.29828057361956084,OVL-c5eeb1dacb09,19301,NTSC,4,selection,3,1000000.0,,False
5.905983186817366,88.62301780167445,True,39.165540225248144,71,0,0,2.025,1.0287499999999998,2.877480688891331,8.97476026184929,1.6908460181818337,-11.958432793052726,-69.51860082943676,129.44342269974698,1.707499999999999,1.0287499999999998,506,3,2,0.25914088554324693,OVL-49c57570d609,19301,NTSC,4,selection,3,1000000.0,,False
5.790058438174553,89.47222019722929,True,49.76261940529914,237,3,0,2.025,2.025,3.2588569620167065,8.987796230411071,1.0029492810606622,-10.29386594765934,-72.63433530432656,127.862836534211,1.725,0.9999999999999998,506,6,2,0.289925925418906,OVL-60b97e1a89e8,19301,NTSC,4,selection,3,1000000.0,,False
5.828835655565314,90.83674197260609,True,47.41515562954779,238,4,0,2.025,2.025,3.2803363155755205,7.299573133887986,0.17657343903217507,-10.980791683406384,-72.24818682275566,131.49732742010758,1.882499999999999,1.4012499999999997,506,8,2,0.2864486877668267,OVL-54c4235a356c,19301,NTSC,4,selection,3,1000000.0,,False
5.384131007064516,88.72363991782834,True,56.39858866172738,354,8,0,2.025,2.025,3.4101766961088997,9.207931860086509,2.843023108816143,-9.351122476082939,-74.2676567443217,133.18717817177256,1.8612499999999996,1.5287499999999996,506,18,2,0.26584814617840113,OVL-7befffa7c209,19301,NTSC,4,selection,3,1000000.0,,False
5.3512596693955,90.44115176501381,True,57.62613384231425,240,3,0,2.025,2.025,3.2720051019547705,7.020296966577755,1.3588387446254697,-9.551795722169226,-74.11416740179448,139.38367869724482,1.7,1.3299999999999998,506,10,2,0.26784735352987743,OVL-441f35b7f94f,19301,NTSC,4,selection,3,1000000.0,,False
5.229447924147159,90.91050412303761,True,64.16275548142953,330,7,0,2.025,2.025,3.3808046673630288,8.638773144347125,0.17440724131894988,-10.566588781866816,-75.6201195338467,138.94411266135964,1.875,1.8850000000000002,506,12,2,0.2808237530974107,OVL-4e657c956f99,19301,NTSC,4,selection,3,1000000.0,,False
6.335720629779178,90.42358136803755,True,35.34592539294993,333,7,0,2.025,2.025,3.3961173002066642,8.589756412762817,0.4505506537554895,-11.273426303129487,-77.4098624824781,132.76468074531857,1.95,1.895,506,14,2,0.30217796822329024,OVL-841a2c0e7f1f,19301,NTSC,4,selection,3,1000000.0,,False
5.716496444365111,87.47388845059676,True,43.964331194850786,90,1,0,2.025,1.7362499999999996,2.970605189571258,9.771798893636904,2.8091755234283875,-12.480338960976827,-74.1155087064578,132.9321948479683,1.65,1.3125,506,5,2,0.2576972914105434,OVL-a5c537fdf0be,19301,NTSC,4,selection,3,1000000.0,,False
7.511188956390985,87.94540572560547,True,22.00850776868262,463,11,0,2.025,2.025,3.5657364939358667,10.789022540029151,2.7243288091587887,-9.30729373101821,-78.32873194709117,137.88831380798763,1.72,1.95,506,44,2,0.35519164960861066,OVP56,19301,NTSC,6,selection,3,1000000.0,,False
7.49890967126801,91.26002267745822,True,20.015534354707118,397,10,0,2.025,2.025,3.4681760931135024,6.748493156022887,1.4822615840860922,-7.78243844387658,-85.03098201160849,145.12811800896125,1.9149999999999998,1.6637499999999998,506,21,2,0.3585802124913784,VLP56,19301,NTSC,6,selection,3,1000000.0,,False
-6.670082567045242,-83.9406094369827,False,608.5432929821445,506,12,53,2.025,2.025,1000000.0,86.78099142299317,22.316120158650723,-157.34527903878114,-72.94934266291726,132.1764417607396,1000000.0,1000000.0,506,506,2,-0.29674811226543735,PLL96-rejected-board,19301,NTSC,6,selection,3,1000000.0,,False
9.149506257026719,93.71757585726301,True,8.17811522517288,400,7,0,2.025,2.025,3.4744077817611254,12.346756913430948,-0.6497964097237681,-3.014817936115993,-74.27342989877172,132.38013139342266,1.85,1.1300000000000001,506,15,2,0.2912521841654042,PLL96-IQ-corrected,19301,NTSC,6,selection,3,1000000.0,,False
12.096881524432037,95.95937311083388,True,0.2596585452498291,17,1,0,1.775,1.7499999999999996,2.7680311452850193,2.2933777495841396,1.3995934991491719,-2.007082372345708,-73.46409410485794,131.68339019675977,1.489999999999999,1.2625,506,1,2,0.5727238847826395,floating-PLL-IQ40,19301,NTSC,6,selection,3,1000000.0,,False
3.9033454339852307,44.341829612343844,True,105.24148997341698,506,12,0,2.025,2.025,1000000.0,49.02726730850992,27.051766985945978,-26.455826728782633,-65.39062962133106,117.91848515901825,1000000.0,1000000.0,506,506,2,0.27565899865966764,HC50,19301,NTSC,6,selection,3,1000000.0,,False
8.860393552006903,95.91970619947317,True,12.468878606243246,10,0,0,1.41875,0.73125,2.3330438268459233,0.4475507079372024,-2.6097114109533095,-9.905203080934395,-81.26670734959012,122.6240930671955,1.18125,0.73125,506,1,2,0.3122764308466016,PLL96-board-fixed,19301,NTSC,6,selection,3,1000000.0,,False
8.744784490832574,95.21348598581561,True,9.279970617189546,148,4,0,2.025,2.025,3.146744460283361,2.4801618690950495,1.2751648003298544,-4.3546742618194925,-74.32658326019722,132.79810269246212,1.8,1.48,506,5,2,0.3941991973389096,OVL-d80ed68ab008,19301,NTSC,6,selection,3,1000000.0,,False
8.793687941613516,93.58228795612473,True,9.453828947487258,147,4,0,2.025,2.025,3.1661081704634175,3.4770694025752995,1.1061795894074007,-6.620369259877397,-73.68191373438195,130.3981935679987,1.8,1.48,506,4,2,0.3934866728904551,OVL-3454b08ad686,19301,NTSC,6,selection,3,1000000.0,,False
8.76075465045927,94.96379618504497,True,9.205459904204812,155,4,0,2.025,2.025,3.1512840506833353,2.6804099445170095,1.369083780533844,-4.521619125830061,-74.25764442096116,132.58725603377042,1.8125,1.48,506,5,2,0.3942306002064196,OVL-f879be9a31e6,19301,NTSC,6,selection,3,1000000.0,,False
8.80546665597588,93.36342160971331,True,9.392113003398892,153,5,0,2.025,2.025,3.162969892533991,3.737770144825279,1.2120125502363757,-6.700717155631907,-72.12692292492886,130.2037965127916,1.8099999999999994,1.3024999999999995,506,4,2,0.3935158388718572,OVL-901673511b32,19301,NTSC,6,selection,3,1000000.0,,False
8.768731993883993,94.84573810868254,True,9.120412322717188,156,4,0,2.025,2.025,3.1508822460656045,2.6550724771461476,1.4004296087160213,-4.653532952821124,-74.35782051481971,132.79809038825633,1.8137500000000002,1.48,506,7,2,0.39429928519360075,OVL-94f78fdeecb0,19301,NTSC,6,selection,3,1000000.0,,False
8.73566652048,95.33032880668061,True,9.281475884118532,152,4,0,2.025,2.025,3.187497922897296,2.7381305664884485,1.3711722550780034,-3.766700566399647,-75.42834571283865,132.5745304858488,1.8087499999999992,1.48,506,5,2,0.3939496830686095,OVL-450d1e7dbd88,19301,NTSC,6,selection,3,1000000.0,,False
8.817877053487171,93.2071906918271,True,9.304807521517791,158,5,0,2.025,2.025,3.1631487567724763,3.8026497267069708,1.264219894289652,-6.8404202729113655,-72.18550591935266,131.62990058501694,1.8,1.3024999999999995,506,4,2,0.3936568214754661,OVL-d69eb4540b28,19301,NTSC,6,selection,3,1000000.0,,False
8.79565604309551,93.62993913738036,True,9.35749186403225,163,5,0,2.025,2.025,3.1850075289053357,3.65409454870826,1.2084179243065607,-6.164436441579593,-74.04687004599279,131.0699864937556,1.75,1.3024999999999995,506,4,2,0.3934504580040716,OVL-c5eeb1dacb09,19301,NTSC,6,selection,3,1000000.0,,False
8.635186648082701,93.86346720491146,True,12.237067499179629,6,0,0,1.1875,0.8012499999999998,2.0732896565603176,3.508918420193145,1.6945883176314258,-5.3529564722298595,-65.67250431581753,123.93654453594849,1.125,0.8012499999999999,506,1,2,0.35941163712343777,OVL-49c57570d609,19301,NTSC,6,selection,3,1000000.0,,False
7.9754160542467245,94.50396799438414,True,17.107358647909034,49,0,0,2.025,1.42875,2.834966492031417,4.2494573261943644,0.09715169003927704,-6.134070184387025,-67.18363121876102,129.60906395023068,1.65,1.4287499999999997,506,2,2,0.3803903337813453,OVL-60b97e1a89e8,19301,NTSC,6,selection,3,1000000.0,,False
8.09439398378847,96.06509436222102,True,15.78648691772512,56,1,0,2.025,1.97,2.8610771572958322,2.7398319306423966,-0.4620400294320434,-6.111854037919782,-68.76695394801912,125.90956533930199,1.7,1.7375,506,2,2,0.3786693092910037,OVL-54c4235a356c,19301,NTSC,6,selection,3,1000000.0,,False
7.64523582624992,93.128471579672,True,20.74182564794215,190,4,0,2.025,2.025,3.224256611407121,4.889205040065462,2.3993012735836303,-5.319053481873616,-72.2562837754942,134.965107018165,1.85625,1.2537499999999997,506,6,2,0.35297648128610193,OVL-7befffa7c209,19301,NTSC,6,selection,3,1000000.0,,False
7.5347568378438,94.52793665837143,True,22.026570971830434,67,1,0,2.025,1.7774999999999996,2.9940830031267933,2.9720322262653434,1.0572480604006174,-5.775052958503072,-75.40350421706061,128.6525273514783,1.7274999999999991,1.5375,506,2,2,0.35509775337351274,OVL-441f35b7f94f,19301,NTSC,6,selection,3,1000000.0,,False
7.3205814993073295,97.91712221260615,True,24.196413249961616,97,2,0,2.025,2.025,3.050996871039114,3.037181972717298,-1.20715630650052,-4.7913942071420195,-77.44113551997151,135.41569053563464,1.775,1.4062499999999996,506,4,2,0.3680731854433397,OVL-4e657c956f99,19301,NTSC,6,selection,3,1000000.0,,False
8.5178357390718,95.50965766437149,True,11.103601501654289,144,1,0,2.025,1.7774999999999996,3.140294891051226,3.308653500058694,0.03596085306208315,-6.299600787255257,-73.01465859966349,132.49439005218485,1.7737499999999997,1.325,506,5,2,0.38931244092715944,OVL-841a2c0e7f1f,19301,NTSC,6,selection,3,1000000.0,,False
8.169679008418653,92.58089524926403,True,15.565212679164397,12,0,0,1.575,0.7449999999999999,2.21150721681854,4.020568353459066,2.806556428239764,-6.746223833342332,-66.07459603533046,125.64115803083806,1.35,0.7449999999999999,506,1,2,0.34651822228885626,OVL-a5c537fdf0be,19301,NTSC,6,selection,3,1000000.0,,False
9.527759292570046,91.5585166381589,True,5.469387386465241,334,8,0,2.025,2.025,3.3414400573669942,7.342738685755855,1.9701138809833005,-6.670207094977394,-71.3956872666499,134.13484232915997,1.8699999999999988,1.2074999999999996,506,11,2,0.4419960839914208,OVP56,19301,NTSC,8,selection,3,1000000.0,,False
9.639328547170878,93.9519826072143,True,4.697185451896185,212,7,0,2.025,2.025,3.23441843072816,4.649517846482858,1.2302646484179498,-5.267226209270801,-73.42748924756845,137.25797542496372,1.7337499999999992,1.27,506,7,2,0.4482901050430266,VLP56,19301,NTSC,8,selection,3,1000000.0,,False
-6.620286642216344,-83.15654253458743,False,606.6233250142247,506,12,60,2.025,2.025,1000000.0,85.43851953006623,22.96287007433919,-156.7002190980686,-71.30093848223547,129.59455843263268,1000000.0,1000000.0,506,506,2,-0.32118958333757136,PLL96-rejected-board,19301,NTSC,8,selection,3,1000000.0,,False
9.414526949018374,94.19182434445828,True,6.305563165516141,429,11,0,2.025,2.025,3.5838472399030956,13.931357972419692,-1.0032301812288702,-2.6598857662979243,-68.46266420541824,127.45185044925478,1.9100000000000001,0.1,506,24,2,0.3163534161019452,PLL96-IQ-corrected,19301,NTSC,8,selection,3,1000000.0,,False
13.873705694750731,95.69632444146325,True,0.02860007165070582,0,0,0,0.99375,1.0437499999999993,2.0204057212986024,2.393393943701559,1.7409799465752256,-1.832404355364026,-66.86871882331245,128.0872490566505,0.99375,1.0437499999999993,506,0,2,0.6576529807114283,floating-PLL-IQ40,19301,NTSC,8,selection,3,1000000.0,,False
4.1197037164797425,44.484118805609114,True,97.48334422143078,506,12,0,2.025,2.025,1000000.0,49.20904132080945,27.159786046991456,-25.862425879327812,-58.2764185664544,113.06675036284912,1000000.0,1000000.0,506,506,2,0.3540671268550161,HC50,19301,NTSC,8,selection,3,1000000.0,,False
10.459347798008409,97.73269334531454,True,5.422724111666722,3,0,0,1.04375,0.73125,2.1212201794490335,0.46351502680990875,-2.433378190803677,-7.505906270303917,-79.18363259176587,116.12258022303936,1.025,0.73125,506,1,2,0.3805324159065433,PLL96-board-fixed,19301,NTSC,8,selection,3,1000000.0,,False
10.541889786964951,96.18522868731779,True,2.3602585446477224,33,1,0,2.025,1.8462499999999997,2.7067402752291487,0.9976261347600776,1.6728827966834914,-3.047961229972814,-66.9788111060217,130.09633304446874,1.6,1.6125,506,1,2,0.47236307823309737,OVL-d80ed68ab008,19301,NTSC,8,selection,3,1000000.0,,False
10.594562306850541,94.99801052312526,True,2.3896112497629205,35,2,0,2.025,2.025,2.730839202419142,1.8598323448140959,1.3487877080756792,-4.910599352464502,-65.10279658977889,128.5161650836828,1.5375,1.2999999999999994,506,1,2,0.47301889391156504,OVL-3454b08ad686,19301,NTSC,8,selection,3,1000000.0,,False
10.555369631589937,95.94247702676691,True,2.3452058753578773,36,2,0,2.025,2.025,2.725494050470288,1.20022216387021,1.7605441484256978,-3.2215971443279936,-66.94769357742263,130.98799039891284,1.5887499999999988,1.2999999999999994,506,1,2,0.47242856542483946,OVL-f879be9a31e6,19301,NTSC,8,selection,3,1000000.0,,False
10.603162943728853,94.78553701211028,True,2.376816480866552,36,2,0,2.025,2.025,2.767579689986457,2.126629566998343,1.4514534618837067,-4.985618121583542,-65.14672111175513,128.51611339550868,1.5637499999999989,1.2999999999999994,506,1,2,0.4729902772018177,OVL-901673511b32,19301,NTSC,8,selection,3,1000000.0,,False
10.561627444357942,95.84136528981065,True,2.3346690068549854,36,2,0,2.025,2.025,2.7124846798273117,1.164426556044277,1.799539036315019,-3.31707331035692,-66.93521287773322,129.27841868908135,1.6,1.2999999999999994,506,2,2,0.47236468661716285,OVL-94f78fdeecb0,19301,NTSC,8,selection,3,1000000.0,,False
10.529339363531328,96.26314009052237,True,2.371548046615106,37,2,0,2.025,2.025,2.755181201692147,1.1344026468681814,1.7546099511960898,-2.573085341082696,-67.28327569599664,132.63234951597371,1.55,1.2999999999999994,506,2,2,0.4718348863665947,OVL-450d1e7dbd88,19301,NTSC,8,selection,3,1000000.0,,False
10.614668357390219,94.6187243481136,True,2.354990110396277,37,2,0,2.025,2.025,2.7535124883417827,2.2044286936563524,1.5041832934943502,-5.148982930656507,-65.14672111431796,130.06194016706166,1.6,1.2999999999999994,506,1,2,0.47310394634720665,OVL-d69eb4540b28,19301,NTSC,8,selection,3,1000000.0,,False
10.589462328244517,94.98793158186487,True,2.3707954131506144,42,2,0,2.025,2.025,2.75227864060259,1.9600099846791261,1.4560003221097493,-4.548147372114217,-65.40069113120062,129.88924442875697,1.5674999999999983,1.2999999999999994,506,1,2,0.4725820869456438,OVL-c5eeb1dacb09,19301,NTSC,8,selection,3,1000000.0,,False
10.708171056573082,95.10911880741916,True,3.8015516291503975,0,0,2,0.4,0.11124999999999999,1.068304014959902,2.0367334579733853,2.0735018409632233,-3.13110220878258,-65.32763719612389,120.30300167220352,0.4,0.11124999999999999,506,0,2,0.44944059406532333,OVL-49c57570d609,19301,NTSC,8,selection,3,1000000.0,,False
9.660171236849386,96.01828044339865,True,4.93577026014023,7,0,1,1.20625,0.8462499999999997,2.2588949650052017,2.9904767225790145,0.006972978127071522,-4.635800561136369,-66.66171218587615,123.94546790183927,1.05,0.8462499999999998,506,1,2,0.457852846949406,OVL-60b97e1a89e8,19301,NTSC,8,selection,3,1000000.0,,False
9.795121326156579,97.84984500600224,True,4.560958794823086,9,0,0,1.1,1.0962499999999995,2.3110839783377792,1.3004895592031205,-0.5758398712497509,-4.178357034322146,-63.704501881687676,126.015649021688,1.05,1.0962499999999995,506,1,2,0.455106117100887,OVL-54c4235a356c,19301,NTSC,8,selection,3,1000000.0,,False
9.438049735549269,94.31139351857776,True,6.265673591898052,65,0,0,2.025,0.8824999999999997,2.9348509911298826,3.6301956105798467,2.4902877996136716,-4.136553773723267,-65.28673309607086,135.38153441379407,1.7,0.8824999999999997,506,3,2,0.4331268840987046,OVL-7befffa7c209,19301,NTSC,8,selection,3,1000000.0,,False
9.266360725614344,95.43967579240018,True,6.857243494988967,15,0,0,1.475,0.9949999999999996,2.431235552891908,2.134808936384704,1.3115122377385025,-4.685173039711192,-74.21072077980452,129.20327362563208,1.275,0.9949999999999996,506,2,2,0.4330874375250972,OVL-441f35b7f94f,19301,NTSC,8,selection,3,1000000.0,,False
8.985879006702874,100.90247594707319,True,7.7054614094717415,14,0,0,1.5,1.1899999999999995,2.426484123840919,0.5211524597672195,-1.510859403854232,-1.844804532245804,-68.75743805771337,137.66721891594412,1.2587499999999991,1.1899999999999995,506,1,2,0.44638812113872933,OVL-4e657c956f99,19301,NTSC,8,selection,3,1000000.0,,False
10.14040771471024,97.30897195900388,True,3.195681690234129,26,0,0,2.01875,1.2999999999999996,2.6624342225834114,1.1369699946039296,0.1397333334624834,-4.262723897311915,-66.3727700061462,126.78072225946764,1.475,1.2999999999999996,506,2,2,0.46101973817566044,OVL-841a2c0e7f1f,19301,NTSC,8,selection,3,1000000.0,,False
9.787819027252727,93.8028159985077,True,5.719261696676672,3,0,2,0.85,0.24249999999999988,1.415930645351434,2.488394859314805,3.158469144121657,-4.741629387194991,-59.961191429896054,118.53148168234861,0.8,0.24249999999999988,506,1,2,0.4141168935109796,OVL-a5c537fdf0be,19301,NTSC,8,selection,3,1000000.0,,False
11.128506318099795,93.7091264349363,True,1.4284983156063065,154,2,0,2.025,2.025,3.1704683681272483,4.972805696469577,1.63950648028904,-4.888578629446166,-68.66042578180468,133.83842471568045,1.8224999999999993,1.4462499999999998,506,5,2,0.5157983473663533,OVP56,19301,NTSC,10,selection,3,1000000.0,,False
11.274382972749333,95.3061152927605,True,1.2486189175926568,48,1,0,2.025,1.7912499999999998,2.9101876468258867,3.2365316340075045,1.2080667786705233,-3.8176943129664354,-70.14926249064955,134.72814604043984,1.475,1.4,506,3,2,0.5230399080378652,VLP56,19301,NTSC,10,selection,3,1000000.0,,False
-6.597727607362308,-82.59142697573141,False,605.9610075654715,506,12,60,2.025,2.025,1000000.0,84.39052168386638,23.20811488512781,-156.33312891470797,-69.51118505581744,83.85960280290271,1000000.0,1000000.0,506,506,2,-0.33353845217244227,PLL96-rejected-board,19301,NTSC,10,selection,3,1000000.0,,False
9.381939820854472,94.74546758876471,True,6.130199568289444,434,11,0,2.025,2.025,3.583626441500596,15.05985823185924,-1.2447227408822552,-2.4266660438962298,-56.69944013096216,124.96056745421208,1.98625,0.1,506,26,2,0.32975959609632727,PLL96-IQ-corrected,19301,NTSC,10,selection,3,1000000.0,,False
15.51269694211111,95.73188114222869,True,0.0,0,0,2,0.41875,0.05,1.1328579323382346,2.249288639884343,1.843755671801159,-1.669872347686747,-60.79972289920427,122.30563404904933,0.41875,0.05,506,0,2,0.7321374749897835,floating-PLL-IQ40,19301,NTSC,10,selection,3,1000000.0,,False
4.205804001037951,44.43339680353623,True,95.14114887993087,506,12,0,2.025,2.025,1000000.0,49.22430290788793,27.16094137553173,-25.810937983779297,-23.44537673871482,97.56141531028427,1000000.0,1000000.0,506,506,2,0.4139891700365113,HC50,19301,NTSC,10,selection,3,1000000.0,,False
11.15723988358495,98.43477368084345,True,4.239584305484892,2,0,1,1.175,0.7124999999999995,2.1415682300891055,1.439808016353984,-2.2619338267753015,-5.900564071641486,-70.42101006800647,113.03967031562217,1.146249999999999,0.7124999999999995,506,1,2,0.41585387802375756,PLL96-board-fixed,19301,NTSC,10,selection,3,1000000.0,,False
11.873339863450326,96.60565547656378,True,1.060460551469592,5,0,0,1.06875,0.7887499999999996,2.0490885101807805,0.13450118922431717,1.997988876333207,-2.345229836842929,-64.14554554018736,127.54718725259266,1.025,0.7887499999999996,506,1,2,0.5362041317031603,OVL-d80ed68ab008,19301,NTSC,10,selection,3,1000000.0,,False
11.949294920572804,95.72181725034977,True,1.062718451863069,4,0,1,1.05,0.9537499999999999,2.073677457371603,0.8995093153037145,1.5388608952109686,-3.9366965814287345,-62.93842101022422,123.44488191095644,1.0487499999999996,0.9537499999999998,506,1,2,0.5385084254743038,OVL-3454b08ad686,19301,NTSC,10,selection,3,1000000.0,,False
11.886386303447651,96.37278916091343,True,1.0612131849340845,5,0,0,1.05,0.8574999999999997,2.0806136939166224,0.33577631399151486,2.0785456004768084,-2.5256558933812916,-65.60137463385502,127.41803693598993,1.025,0.8574999999999997,506,1,2,0.5363541834294872,OVL-f879be9a31e6,19301,NTSC,10,selection,3,1000000.0,,False
11.955415726923118,95.52188597319618,True,1.0529342168246696,4,0,1,1.1,0.9537499999999999,2.101539110620151,1.1607594298850674,1.6382283260201556,-4.003657788813189,-63.16881850991513,123.32774557729354,1.05,0.9537499999999998,506,1,2,0.5384313445978962,OVL-901673511b32,19301,NTSC,10,selection,3,1000000.0,,False
11.889842190799753,96.29116297992285,True,1.0506763164311927,6,0,0,1.05,0.8574999999999997,2.074242934181047,0.27999486688395564,2.1221837051730743,-2.5854907167632044,-65.04718757076104,126.03267307226764,1.025,0.8574999999999997,506,1,2,0.5362643798842094,OVL-94f78fdeecb0,19301,NTSC,10,selection,3,1000000.0,,False
11.857112131491993,96.67693605239548,True,1.0679868861145145,5,0,0,1.06875,0.8574999999999997,2.1170050376277607,0.1679691237835967,2.0713109736587825,-1.9362002570035095,-65.60137462635512,127.54719702460994,1.05,0.8574999999999997,506,1,2,0.5355697840517517,OVL-450d1e7dbd88,19301,NTSC,10,selection,3,1000000.0,,False
11.96421484990265,95.34257639305153,True,1.0506763164311927,4,0,1,1.09375,0.9537499999999999,2.1041983384202068,1.254269874854366,1.7003825716330971,-4.189553735079253,-62.649385380577534,123.18724132536971,1.05,0.9537499999999998,506,1,2,0.5385016368539317,OVL-d69eb4540b28,19301,NTSC,10,selection,3,1000000.0,,False
11.937250309248524,95.68174221486821,True,1.0619658183985765,2,0,0,1.06875,0.9537499999999999,2.096451556078539,0.9323049089823024,1.6532248228402402,-3.6337279699004887,-63.19650026180796,125.00008591264734,1.05,0.9537499999999998,506,1,2,0.5378031016346436,OVL-c5eeb1dacb09,19301,NTSC,10,selection,3,1000000.0,,False
12.136265975236935,95.42572337819652,True,1.8913678962690454,0,0,2,0.125,0.061249999999999985,0.4528701835648438,1.5902402887902711,2.2009534616472153,-2.5791991670443704,-53.94574738540606,113.17076254932263,0.125,0.061249999999999985,506,0,2,0.5212895641567318,OVL-49c57570d609,19301,NTSC,10,selection,3,1000000.0,,False
10.967497323627992,96.56378735076358,True,1.4917195266236563,1,0,2,0.86875,0.3624999999999995,1.6390708397814238,2.694974974520938,0.08720120615603881,-3.8919765431771594,-60.71342121529443,125.12266065580107,0.8449999999999989,0.3624999999999995,506,1,2,0.5213643688791818,OVL-60b97e1a89e8,19301,NTSC,10,selection,3,1000000.0,,False
11.086403797610316,98.74850375467607,True,1.5978408451170645,1,0,2,0.65,0.17624999999999982,1.5586114980905914,0.5828236919716272,-0.7555381335494065,-3.3001430853400273,-63.163062125174214,119.85196703605209,0.6449999999999989,0.17624999999999985,506,1,2,0.5180126339438103,OVL-54c4235a356c,19301,NTSC,10,selection,3,1000000.0,,False
10.85957071412895,94.83808371819751,True,1.8612625576893551,15,0,0,1.525,0.8762499999999999,2.5377458545731604,3.0358441511293837,2.459950384873388,-3.725814467960387,-63.67601738084459,121.40444715269726,1.2125,0.87625,506,1,2,0.5028637092588889,OVL-7befffa7c209,19301,NTSC,10,selection,3,1000000.0,,False
10.623970165020271,95.71202887441066,True,2.111889501365277,2,0,0,1.0,0.9812499999999995,1.9929737691310554,2.0808798583753134,1.4929406467681978,-4.174535443256545,-62.09590296557269,123.77222496181975,1.0,0.9812499999999996,506,1,2,0.4999031382897843,OVL-441f35b7f94f,19301,NTSC,10,selection,3,1000000.0,,False
10.291939465976478,102.42358545722388,True,2.4182113214136263,0,0,2,0.84375,0.4074999999999994,1.6110364639393773,-0.9035545571483062,-1.4978827864300535,-0.08025620899234802,-67.00965284891643,132.26956919107184,0.84375,0.4074999999999994,506,0,2,0.5115486587581064,OVL-4e657c956f99,19301,NTSC,10,selection,3,1000000.0,,False
11.341247597347854,98.21793836625415,True,1.2772189892433625,2,0,1,1.025,0.8787499999999999,1.9644408308161836,-0.09155329266159573,0.13600280702972004,-3.2717876142259987,-64.65003495159543,125.25789668462761,1.0,0.8787499999999998,506,1,2,0.5177469892013129,OVL-841a2c0e7f1f,19301,NTSC,10,selection,3,1000000.0,,False
10.774559861187392,94.19889262970867,True,2.7629174481510805,0,0,2,0.25,0.12249999999999997,0.7877160284658274,2.0630613743990738,3.2680188288398195,-3.9155174938098383,-59.50489276568554,116.2105085014588,0.25,0.12249999999999997,506,0,2,0.46043843625175207,OVL-a5c537fdf0be,19301,NTSC,10,selection,3,1000000.0,,False
13.526200957293401,96.30561097781228,True,0.5456592617568873,2,0,1,0.975,0.375,1.9545147040057291,1.7765051945898047,1.265764625728485,-2.6349856295815774,-66.41961106352423,127.30825036767163,0.95,0.375,506,1,2,0.6291691099555125,OVP56,19301,NTSC,14,selection,3,1000000.0,,False
13.684605609830438,96.76687879949645,True,0.5366276601829802,0,0,2,0.6,0.061249999999999985,1.384074886165425,1.3824192874687433,1.2184583174957293,-2.191047620332838,-67.03151145884307,127.62987819273437,0.6,0.061249999999999985,506,0,2,0.6364536898806731,VLP56,19301,NTSC,14,selection,3,1000000.0,,False
-6.596343677048574,-82.23337434882423,False,606.9130888980543,506,12,61,2.025,2.025,1000000.0,83.30332624785251,23.108620917494555,-156.22441949666282,-69.55313584660742,78.05997601206295,1000000.0,1000000.0,506,506,2,-0.34402178488192503,PLL96-rejected-board,19301,NTSC,14,selection,3,1000000.0,,False
9.158529577998914,96.155672102728,True,6.2709420261494975,461,10,0,2.025,2.025,3.6334269865605755,15.895994260210792,-1.3921262400071612,-1.9774865327581932,-54.970731206652836,121.38176570616321,1.94,1.6199999999999999,506,44,2,0.34335183955888304,PLL96-IQ-corrected,19301,NTSC,14,selection,3,1000000.0,,False
18.336968644867962,96.13921688951724,True,0.0,0,0,2,0.025,0.036249999999999984,0.1457780339346968,1.8061399151693664,1.7639105659095642,-1.3418384796040588,-53.88553187058971,118.49120010961332,0.025,0.036249999999999984,506,0,2,0.8407011601389107,floating-PLL-IQ40,19301,NTSC,14,selection,3,1000000.0,,True
4.297423445597467,44.48924090130834,True,94.84611656184991,506,12,0,2.025,2.025,1000000.0,49.06048251985804,27.102894157608944,-25.743025217586588,-6.291643841391185,91.6328488552617,1000000.0,1000000.0,506,506,2,0.5026536202269667,HC50,19301,NTSC,14,selection,3,1000000.0,,False
11.75642004330276,98.5443239667631,True,3.990462628737954,4,0,0,1.1125,1.0425,2.14643425938939,3.56643296501298,-1.780311308688604,-3.8474697981750574,-61.38986326944865,112.24806241604438,1.025,1.0425,506,1,2,0.4555067441928828,PLL96-board-fixed,19301,NTSC,14,selection,3,1000000.0,,False
13.801182064139539,97.08379842688042,True,0.7029596558357694,0,0,2,0.075,0.036249999999999984,0.7880844339909362,-0.570713881196613,2.2746292789516636,-1.3693277915806128,-62.30682415268977,122.85815322782332,0.075,0.036249999999999984,506,0,2,0.6325379838065696,OVL-d80ed68ab008,19301,NTSC,14,selection,3,1000000.0,,False
13.947663320596588,96.6189394218784,True,0.687154353081432,0,0,2,0.075,0.036249999999999984,0.8529093142995757,-0.0051239659755998165,1.603715578378902,-2.6450713967621238,-61.80760509948988,118.9446270846149,0.075,0.036249999999999984,506,0,2,0.6382745583959198,OVL-3454b08ad686,19301,NTSC,14,selection,3,1000000.0,,False
13.817510748451664,96.88376416106165,True,0.6954333211908468,0,0,2,0.075,0.036249999999999984,0.7890391352252408,-0.4095839986656408,2.352243550185791,-1.5512838416386785,-62.93581957628829,122.75668552421195,0.075,0.036249999999999984,506,0,2,0.6330183410239372,OVL-f879be9a31e6,19301,NTSC,14,selection,3,1000000.0,,False
13.95462435666679,96.44489975407541,True,0.6856490861524475,0,0,2,0.075,0.036249999999999984,0.8980738061344524,0.22728567151159418,1.701643392181016,-2.6903389570376066,-61.51887525167177,118.94462707187765,0.075,0.036249999999999984,506,0,2,0.6383356940936359,OVL-901673511b32,19301,NTSC,14,selection,3,1000000.0,,False
13.811020658918029,96.81680219380362,True,0.7029596558357694,0,0,2,0.075,0.036249999999999984,0.8093985348036481,-0.4707553561688119,2.413859393646082,-1.542265507189643,-62.310171676359104,121.78689354783398,0.075,0.036249999999999984,506,0,2,0.6325497434215944,OVL-94f78fdeecb0,19301,NTSC,14,selection,3,1000000.0,,False
13.777152731870165,97.17395290790195,True,0.7014543889067848,0,0,2,0.075,0.036249999999999984,0.8591664542144501,-0.6794357653018669,2.3249306545643966,-1.0346690179834561,-62.935817200077935,124.05785069405243,0.075,0.036249999999999984,506,0,2,0.6318530499923202,OVL-450d1e7dbd88,19301,NTSC,14,selection,3,1000000.0,,False
13.964742770326817,96.25274829496132,True,0.69317542079737,0,0,2,0.075,0.036249999999999984,0.8596213489882413,0.3104484841229096,1.780912829720372,-2.9366376006235613,-60.885250685568565,118.94542809166205,0.075,0.036249999999999984,506,0,2,0.6385179651751456,OVL-d69eb4540b28,19301,NTSC,14,selection,3,1000000.0,,False
13.92135421758911,96.5721707841922,True,0.6886596200104165,0,0,2,0.075,0.036249999999999984,0.8720078711070947,-0.0844550773944768,1.718151885698984,-2.385530260857082,-62.43883603580786,120.26723825318052,0.075,0.036249999999999984,506,0,2,0.6371668765223781,OVL-c5eeb1dacb09,19301,NTSC,14,selection,3,1000000.0,,False
14.120712044618957,95.75985809661879,True,1.2486189175926568,0,0,2,0.075,0.07249999999999997,0.04242233079638162,1.299900495643352,2.0981098369218936,-2.377997458278577,-50.9097382970037,110.73302999311096,0.075,0.07249999999999997,506,0,2,0.6292455122523767,OVL-49c57570d609,19301,NTSC,14,selection,3,1000000.0,,True
12.980633723086846,97.02190661323735,True,0.32438502319616336,0,0,2,0.075,0.025,0.7508550790947421,2.1470324130638407,0.7556676844942456,-2.826603838500278,-54.1512879359274,121.23428108699423,0.075,0.025,506,0,2,0.6201438785567184,OVL-60b97e1a89e8,19301,NTSC,14,selection,3,1000000.0,,False
13.009220749023786,99.91726257152156,True,0.5878067357684539,0,0,2,0.075,0.061249999999999985,0.38148865885887706,-0.23387034298396583,-1.301037211212874,-2.4352629255798552,-57.96851458679745,121.35026333908658,0.075,0.061249999999999985,506,0,2,0.6146568966817516,OVL-54c4235a356c,19301,NTSC,14,selection,3,1000000.0,,False
13.0294762911966,95.75893197127925,True,0.465880114520708,0,0,2,0.65625,0.05,1.3480580015318595,2.2266095654308544,1.9779253457928496,-3.334346473784155,-57.362430566118185,122.20223949064987,0.65625,0.05,506,0,2,0.6121009749360362,OVL-7befffa7c209,19301,NTSC,14,selection,3,1000000.0,,False
12.604089234279893,95.92868201154802,True,0.47867488341707637,0,0,1,0.4,0.3987499999999994,1.1796398383495463,2.32872080378631,1.6400233202130154,-3.461665766570498,-57.918460827617665,122.81716601978081,0.4,0.39874999999999944,506,0,2,0.6007653029742929,OVL-441f35b7f94f,19301,NTSC,14,selection,3,1000000.0,,False
12.265065337070366,103.55469923772687,True,0.43953794326347895,0,0,2,0.05,0.025,0.4098270988943292,-1.783311181632506,-0.9720218244715221,2.1899165186635403,-63.866967707496535,129.3800856884655,0.05,0.025,506,0,2,0.612835484434242,OVL-4e657c956f99,19301,NTSC,14,selection,3,1000000.0,,False
12.96325922324976,99.20466702626288,True,0.6540384806437726,0,0,2,0.075,0.4662499999999993,0.6414081362386991,-1.5632082330070085,0.01995479038697499,-2.3530027523244548,-62.54264153117169,121.98993733187407,0.075,0.46624999999999933,506,0,2,0.5977904648525579,OVL-841a2c0e7f1f,19301,NTSC,14,selection,3,1000000.0,,False
11.912098806975703,94.82600765275976,True,1.4390351841091982,0,0,2,0.15,0.08624999999999998,0.17005651815672615,1.477155824210099,3.215148351721556,-2.9349662695407552,-53.424242256304446,112.56076449024678,0.15,0.08624999999999998,506,0,2,0.5166782111564405,OVL-a5c537fdf0be,19301,NTSC,14,selection,3,1000000.0,,True
14.968776897235966,97.17262604117886,True,0.4402905767279712,0,0,2,0.05,0.036249999999999984,0.5751020273805625,0.6387022757348985,1.1335440474736405,-1.769259792996992,-63.049227666518775,124.21184044713175,0.05,0.036249999999999984,506,0,2,0.6965208541750154,OVP56,19301,NTSC,18,selection,3,1000000.0,,False
15.151482602727606,97.26469249997575,True,0.4237326405091415,0,0,2,0.05,0.036249999999999984,0.33566419908214007,0.6859029796393534,1.2368243705657185,-1.5518125150647344,-61.29410057998607,123.57171052291054,0.05,0.036249999999999984,506,0,2,0.7040843652150118,VLP56,19301,NTSC,18,selection,3,1000000.0,,False
-6.599663279870802,-82.24495989217203,False,608.6652196033923,506,12,61,2.025,2.025,1000000.0,83.47629256170356,22.826891156937123,-156.1377565268363,-67.78308464035395,78.09172094633084,1000000.0,1000000.0,506,506,2,-0.34941073542318807,PLL96-rejected-board,19301,NTSC,18,selection,3,1000000.0,,False
9.001660063782968,97.17155016762659,True,6.330400069844385,491,11,0,2.025,2.025,3.6486698489540905,15.647145589573393,-1.2158849596680161,-1.8189869020199807,-53.44688377204737,113.52392982010548,1.8,1.05,506,221,2,0.35028642125007575,PLL96-IQ-corrected,19301,NTSC,18,selection,3,1000000.0,,False
20.231100901208702,96.26259114451658,True,0.0,0,0,2,0.025,0.025,0.020219888068873836,1.6691185939763264,1.7197559541307694,-1.2522958159815332,-52.36902514520055,115.45471982678242,0.025,0.025,506,0,2,0.8970158199367534,floating-PLL-IQ40,19301,NTSC,18,selection,3,1000000.0,,True
4.329507091949,44.47472708655609,True,94.80396908783835,506,12,0,2.025,2.025,1000000.0,48.97938464195464,27.091831180702354,-25.73919323611551,-0.42874621224734,87.71437793145537,1000000.0,1000000.0,506,506,2,0.5540445037343822,HC50,19301,NTSC,18,selection,3,1000000.0,,False
11.938832574236892,97.8291822148349,True,3.8595044059163013,21,0,0,1.725,1.3124999999999996,2.5216950403029825,5.039839770764561,-1.2027656821075698,-3.0712053449762893,-59.77116560906907,111.67436238569803,1.325,1.3124999999999996,506,1,2,0.47142583964533247,PLL96-board-fixed,19301,NTSC,18,selection,3,1000000.0,,False
14.935025782129564,96.83887987120373,True,0.5802804011235313,0,0,2,0.05,0.036249999999999984,0.20651744846801473,0.042356676063241006,2.385196752795296,-0.9636930462382955,-62.219206828162456,122.48726078197316,0.05,0.036249999999999984,506,0,2,0.6883506392804002,OVL-d80ed68ab008,19301,NTSC,18,selection,3,1000000.0,,True
15.136380924034043,96.6180890283332,True,0.5735066999431009,0,0,2,0.05,0.036249999999999984,0.20541399919964967,0.3704795293501028,1.625722647298777,-2.126077086185511,-61.75463624432889,118.962255948505,0.05,0.036249999999999984,506,0,2,0.6962872021787371,OVL-3454b08ad686,19301,NTSC,18,selection,3,1000000.0,,True
14.95424423583854,96.67273576428974,True,0.5787751341945467,0,0,2,0.05,0.036249999999999984,0.2065383808564365,0.1471591209012759,2.462440339915698,-1.1415721763277842,-62.84907456008341,121.85895402291914,0.05,0.036249999999999984,506,0,2,0.6891444696184112,OVL-f879be9a31e6,19301,NTSC,18,selection,3,1000000.0,,True
15.147049009278795,96.4656988240992,True,0.5720014330141163,0,0,2,0.05,0.036249999999999984,0.2056934189727412,0.5723775898001917,1.716033973782776,-2.1629890329769785,-61.527880018046005,119.00832900850747,0.05,0.036249999999999984,506,0,2,0.6966464221865775,OVL-901673511b32,19301,NTSC,18,selection,3,1000000.0,,True
14.93607195172916,96.59957442122031,True,0.5915699030909151,0,0,2,0.05,0.036249999999999984,0.20010496257572133,0.10438333235228649,2.5306048391637797,-1.0960531062024448,-62.22255891224776,122.4862599617172,0.05,0.036249999999999984,506,0,2,0.6881847748537145,OVL-94f78fdeecb0,19301,NTSC,18,selection,3,1000000.0,,True
14.916363950883152,96.91303790296374,True,0.5878067357684539,0,0,2,0.05,0.036249999999999984,0.2544927334589324,-0.07277485633883889,2.423127463510808,-0.6911626180398572,-62.84907217086758,122.48726081734998,0.05,0.036249999999999984,506,0,2,0.6881252683435797,OVL-450d1e7dbd88,19301,NTSC,18,selection,3,1000000.0,,False
15.160011631669493,96.304212467178,True,0.5765172338010699,0,0,2,0.05,0.036249999999999984,0.20717729322983133,0.5825478678217274,1.7951303235081275,-2.438186071540706,-60.83335069569768,119.00149511900912,0.05,0.036249999999999984,506,0,2,0.6971053306232087,OVL-d69eb4540b28,19301,NTSC,18,selection,3,1000000.0,,True
15.106601319481445,96.59465008474417,True,0.5742593334075932,0,0,2,0.05,0.036249999999999984,0.24707778295516478,0.2188083056543925,1.7270399909187721,-1.8657421560919805,-62.449116612381516,119.96470156886423,0.05,0.036249999999999984,506,0,2,0.6953876986491625,OVL-c5eeb1dacb09,19301,NTSC,18,selection,3,1000000.0,,True
15.282319246757869,95.61169029613826,True,1.0566973841471308,0,0,2,0.075,0.061249999999999985,0.041196290941682825,1.3760643384609679,1.9969779417834195,-2.8496681011465586,-50.92777713793476,109.43508892869102,0.075,0.061249999999999985,506,0,2,0.6925132689179726,OVL-49c57570d609,19301,NTSC,18,selection,3,1000000.0,,True
14.217781348932002,97.0737284525001,True,0.18891099958755686,0,0,2,0.05,0.036249999999999984,0.3861501095618445,1.672844430802079,1.4640218018998552,-2.3639926965313416,-52.47491406492945,119.88552197418662,0.05,0.036249999999999984,506,0,2,0.6786027216990883,OVL-60b97e1a89e8,19301,NTSC,18,selection,3,1000000.0,,False
14.249978125278886,100.23525377926873,True,0.41169050507726535,0,0,2,0.05,0.061249999999999985,0.036388331535490315,-0.38878774996184123,-1.5920692364013738,-2.2859309507388943,-55.56823206848449,117.64354340219569,0.05,0.061249999999999985,506,0,2,0.6751098845129819,OVL-54c4235a356c,19301,NTSC,18,selection,3,1000000.0,,True
14.451054607406416,96.2326647368268,True,0.2596585452498291,0,0,2,0.075,0.05,0.5517657158054856,2.0872747010953705,1.477562270687649,-3.167172063045851,-54.211133172317204,115.25885073705044,0.075,0.05,506,0,2,0.6811125771483334,OVL-7befffa7c209,19301,NTSC,18,selection,3,1000000.0,,False
13.77539978320341,95.71631213132287,True,0.2694427802882285,0,0,2,0.075,0.036249999999999984,0.8492331172015012,2.733652950939909,1.6797108542663877,-3.203091551664014,-56.398576138930984,119.87897908158456,0.075,0.036249999999999984,506,0,2,0.6593254300748546,OVL-441f35b7f94f,19301,NTSC,18,selection,3,1000000.0,,False
13.488495287962373,103.36339500723733,True,0.2551427444628756,0,0,2,0.05,0.025,0.03452458023374369,-0.9330177155201029,-0.29493590885300114,3.189478785208235,-61.56981785735451,129.48705273692295,0.05,0.025,506,0,2,0.672220444209157,OVL-4e657c956f99,19301,NTSC,18,selection,3,1000000.0,,True
13.848614214644392,99.35664711633956,True,0.52985395900255,0,0,2,0.05,0.025,0.1489754204200413,-1.9800856228437043,0.05926092886388483,-2.1664244924549223,-59.71035903398617,122.06886279536866,0.05,0.025,506,0,2,0.6409285706832992,OVL-841a2c0e7f1f,19301,NTSC,18,selection,3,1000000.0,,True
12.410568276666678,95.07069230915897,True,1.1628187026405392,0,0,2,0.125,0.1,0.07144921356164163,1.2701159876805912,3.1655206046286586,-2.5584352695356447,-52.09861224958311,111.11368671429895,0.125,0.1,506,0,2,0.542118196503006,OVL-a5c537fdf0be,19301,NTSC,18,selection,3,1000000.0,,True
15.640466185238429,97.45454475946715,True,0.3838430668910518,0,0,2,0.05,0.025,0.02244888792724398,0.29059026541516736,1.0636934535058604,-1.4862692343116561,-62.505987352536955,123.79062401067375,0.05,0.025,506,0,2,0.7266372976643126,OVP56,19301,NTSC,22,selection,3,1000000.0,,True
15.840355429250035,97.44908596298687,True,0.3928746684649589,0,0,2,0.05,0.025,0.020189321327181205,0.41731804025565145,1.2115876196900752,-1.361916751719266,-60.99352773624098,123.17759961829222,0.05,0.025,506,0,2,0.7344551237202516,VLP56,19301,NTSC,22,selection,3,1000000.0,,True
-6.607327372591827,-82.52212798668221,False,609.5405323225967,506,12,61,2.025,2.025,1000000.0,84.15184951426865,22.723505026120705,-156.17831355185265,-67.78209268054378,70.01993887399337,1000000.0,1000000.0,506,506,2,-0.3506747477946479,PLL96-rejected-board,19301,NTSC,22,selection,3,1000000.0,contrast;strong_detail;sync;h_jitter_us;v_jitter_us;h_width_rmse_us;sync_error_ire;black_error_ire;white_error_ire;fine_detail,False
8.926358646827888,97.9564069889949,True,6.4237266194414255,501,12,0,2.025,2.025,3.650136983730884,14.8712684209523,-1.1050891657231288,-1.7213011453885605,-53.50283583086889,110.64680386548594,1.47,1000000.0,506,178,2,0.35345871743574225,PLL96-IQ-corrected,19301,NTSC,22,selection,3,1000000.0,strong_detail;sync;h_jitter_us;v_jitter_us;h_width_rmse_us;sync_error_ire;fine_detail,False
21.246503605414112,96.30886448451113,True,0.0,0,0,2,0.025,0.036249999999999984,0.01953637531565946,1.6508306719110306,1.7060844985540058,-1.195296009269729,-51.679152555407924,113.60726026098516,0.025,0.036249999999999984,506,0,2,0.9216280700508048,floating-PLL-IQ40,19301,NTSC,22,selection,3,1000000.0,,True
4.342229098082523,44.47672535124098,True,94.70386883706088,506,12,0,2.025,2.025,1000000.0,48.9437479131351,27.103007739097894,-25.70242275969097,0.5919324995207305,84.3290929894435,1000000.0,1000000.0,506,506,2,0.5794498952901788,HC50,19301,NTSC,22,selection,3,1000000.0,contrast;strong_detail;sync;h_jitter_us;v_jitter_us;h_width_rmse_us;sync_error_ire;black_error_ire;white_error_ire;fine_detail,False
11.93432945733149,97.20472226335399,True,3.7300514500236326,0,0,2,0.275,0.25499999999999967,0.11844471367531968,5.595763446133745,-0.8051210206011165,-2.864441139378579,-58.16430813076184,111.29282873672256,0.275,0.2549999999999997,506,0,2,0.4784145396496153,PLL96-board-fixed,19301,NTSC,22,selection,3,1000000.0,strong_detail;v_jitter_us;sync_error_ire;fine_detail,True
15.462192312965682,96.57989518416382,True,0.5546908633307945,0,0,2,0.05,0.025,0.026323654431113768,0.6593360877644588,2.4114522417738504,-0.7867420498727481,-59.58249222313602,119.88183383402315,0.05,0.025,506,0,2,0.7136987211245065,OVL-d80ed68ab008,19301,NTSC,22,selection,3,1000000.0,,True
15.686297050186367,96.45988059671885,True,0.5351223932539957,0,0,2,0.05,0.025,0.024975284225297364,0.8288581222592024,1.6391064940298736,-1.9474560721769132,-57.29255019690125,118.50651039783023,0.05,0.025,506,0,2,0.7223007486390889,OVL-3454b08ad686,19301,NTSC,22,selection,3,1000000.0,,True
15.481533408778727,96.43776190923748,True,0.5554434967952867,0,0,2,0.05,0.025,0.026440701048511532,0.7213987060234884,2.483618837482018,-0.9626038151685603,-59.58077673199127,119.88183387010244,0.05,0.025,506,0,2,0.7145950793270521,OVL-f879be9a31e6,19301,NTSC,22,selection,3,1000000.0,,True
15.696389489829102,96.31852000257697,True,0.5351223932539957,0,0,2,0.05,0.025,0.02524582695528365,1.0127109704901132,1.7172976149623302,-1.9885565070888036,-57.29255019690125,118.50330991700625,0.05,0.025,506,0,2,0.7227282687032386,OVL-901673511b32,19301,NTSC,22,selection,3,1000000.0,,True
15.45347215323276,96.349771331683,True,0.5659803652981783,0,0,2,0.05,0.025,0.026857845660398498,0.7063591241000997,2.5605681785077437,-0.9050064233069469,-59.55464551361732,119.90167194063841,0.05,0.025,506,0,2,0.7132684353672367,OVL-94f78fdeecb0,19301,NTSC,22,selection,3,1000000.0,,True
15.455778327854171,96.634885637952,True,0.5629698314402093,0,0,2,0.05,0.025,0.026417333212706128,0.5645378723584272,2.448717982764485,-0.5486535750158116,-60.56910508486855,120.43090433289538,0.05,0.025,506,0,2,0.7141102635168781,OVL-450d1e7dbd88,19301,NTSC,22,selection,3,1000000.0,,True
15.710222338546844,96.19335740646537,True,0.5381329271119648,0,0,2,0.05,0.025,0.025850168767271958,0.9465524344596389,1.7906386616177028,-2.2680423730544383,-57.33975640391937,117.24482730688337,0.05,0.025,506,0,2,0.7232728139518959,OVL-d69eb4540b28,19301,NTSC,22,selection,3,1000000.0,,True
15.658118123224618,96.45763059522697,True,0.538885560576457,0,0,2,0.05,0.025,0.025343490093485094,0.6329574760274552,1.7236225011188853,-1.6760668040529303,-58.235276324907744,118.44611283661376,0.05,0.025,506,0,2,0.7216253347982619,OVL-c5eeb1dacb09,19301,NTSC,22,selection,3,1000000.0,,True
15.812247923989052,95.58925766293581,True,0.9882077388783354,0,0,2,0.075,0.036249999999999984,0.03885083463426051,1.3404460679928305,1.9356170479464971,-3.0526088765608272,-50.11027110135842,107.41378236335532,0.075,0.036249999999999984,506,0,2,0.7205478038172545,OVL-49c57570d609,19301,NTSC,22,selection,3,1000000.0,,True
14.788473110708878,97.1258139408325,True,0.14074245786005232,0,0,2,0.05,0.025,0.02883183489751064,1.3604457959555893,1.6976760647339337,-2.1864294427968582,-52.526945049034666,117.82296723016225,0.05,0.025,506,0,2,0.7056415469189293,OVL-60b97e1a89e8,19301,NTSC,22,selection,3,1000000.0,,True
14.924370050516245,100.35867145507194,True,0.32890082398311693,0,0,2,0.05,0.05,0.03358150370820741,-0.44973640667145,-1.6869784644621675,-2.2205951999569367,-55.012030288165434,117.65673291797549,0.05,0.05,506,0,2,0.7068261491520339,OVL-54c4235a356c,19301,NTSC,22,selection,3,1000000.0,,True
15.216222578537446,96.4721484566449,True,0.1956847007679872,0,0,2,0.075,0.036249999999999984,0.02996621945291723,2.130411994071119,1.2017892391678684,-3.029007844773435,-52.49112641503531,114.94345622090515,0.075,0.036249999999999984,506,0,2,0.7163178853793758,OVL-7befffa7c209,19301,NTSC,22,selection,3,1000000.0,,True
14.360431144670077,95.43228485998114,True,0.2423479755665072,0,0,2,0.075,0.036249999999999984,0.37654490727358925,2.9838163160775815,1.7680609662468463,-3.1687231189994014,-53.10134648889655,119.9826735647207,0.075,0.036249999999999984,506,0,2,0.6882014399613022,OVL-441f35b7f94f,19301,NTSC,22,selection,3,1000000.0,strong_detail;h_width_rmse_us;fine_detail,False
14.046817917852778,103.1795519455556,True,0.20396366887740203,0,0,2,0.05,0.025,0.030598444766595366,-0.39541423075824983,0.021932765354536712,3.5179246403462003,-59.98698257892893,129.52950035421466,0.05,0.025,506,0,2,0.6987143194680584,OVL-4e657c956f99,19301,NTSC,22,selection,3,1000000.0,strong_detail,True
14.22860142554612,99.37553825782432,True,0.4816854172750454,0,0,2,0.05,0.025,0.035021873458645235,-2.067989502891771,0.07447210333665555,-2.1303311806475347,-55.63076325398865,121.74420259430883,0.05,0.025,506,0,2,0.6589146484613178,OVL-841a2c0e7f1f,19301,NTSC,22,selection,3,1000000.0,strong_detail;fine_detail,True
12.582961638400707,95.18215828350849,True,1.101102758552174,0,0,2,0.15,0.08624999999999998,0.08293796195709682,1.2309157463112659,3.143779102357201,-2.3601356503999473,-49.89558671770976,110.31865906000996,0.15,0.08624999999999998,506,0,2,0.5506690201194874,OVL-a5c537fdf0be,19301,NTSC,22,selection,3,1000000.0,strong_detail;fine_detail,True
16.073940659956172,97.53536741236519,True,0.3364271586280395,0,0,2,0.05,0.025,0.02052305172662957,0.1503775359682835,1.0729368112400457,-1.396093603860058,-57.69750403691172,123.9317918562104,0.05,0.025,506,0,2,0.7456132977843962,OVP56,19301,NTSC,30,selection,3,1000000.0,,True
16.297470615061908,97.5169991239587,True,0.35825352909831504,0,0,2,0.05,0.036249999999999984,0.017747404196986817,0.2812065033885449,1.2291945232255843,-1.299512610874405,-56.177640788078136,123.46437060048558,0.05,0.036249999999999984,506,0,2,0.754139701350926,VLP56,19301,NTSC,30,selection,3,1000000.0,,True
-6.61410008792378,-82.81920216747237,False,610.1268337914363,506,12,60,2.025,2.025,1000000.0,84.9258267297563,22.674846453541974,-156.21984784906397,-67.3902578316354,66.89334942870758,1000000.0,1000000.0,506,506,2,-0.3515522838007673,PLL96-rejected-board,19301,NTSC,30,selection,3,1000000.0,contrast;strong_detail;sync;h_jitter_us;v_jitter_us;h_width_rmse_us;sync_error_ire;black_error_ire;white_error_ire;fine_detail,False
8.891393747803708,98.69374645184234,True,6.467379360381977,506,12,0,2.025,2.025,1000000.0,13.894842246022026,-1.0938012037093872,-1.7026436126705966,-45.59681041374896,106.98417308487066,1000000.0,1000000.0,506,506,2,0.35535742635270195,PLL96-IQ-corrected,19301,NTSC,30,selection,3,1000000.0,strong_detail;sync;h_jitter_us;v_jitter_us;h_width_rmse_us;sync_error_ire;fine_detail,False
21.958712366312,96.32292766427513,True,0.0,0,0,2,0.025,0.025,0.0196938023195718,1.6523213012299243,1.7097701441307247,-1.157950336856861,-45.122543040849266,110.88273843054498,0.025,0.025,506,0,2,0.9368145140627683,floating-PLL-IQ40,19301,NTSC,30,selection,3,1000000.0,,True
4.349594603533047,44.479424074573956,True,94.74074787682099,506,12,0,2.025,2.025,1000000.0,48.92504730576795,27.106630299042465,-25.664066574385817,1.8625872064912556,84.18369923629172,1000000.0,1000000.0,506,506,2,0.5946466786666679,HC50,19301,NTSC,30,selection,3,1000000.0,contrast;strong_detail;sync;h_jitter_us;v_jitter_us;h_width_rmse_us;sync_error_ire;black_error_ire;white_error_ire;fine_detail,False
11.861016877168504,96.76859833122342,True,3.6517775697164376,0,0,2,0.25,0.075,0.10092213176425624,5.726689252157622,-0.6577271764860362,-2.8185642386471197,-57.47941959346198,111.30798541864692,0.25,0.075,506,0,2,0.48308564624830624,PLL96-board-fixed,19301,NTSC,30,selection,3,1000000.0,strong_detail;sync_error_ire;fine_detail,True
15.855316681518712,96.32083024579828,True,0.5148012897127048,0,0,2,0.05,0.025,0.02596934952255266,1.2841035093526894,2.402302547281215,-0.7304331285107853,-58.04453396344637,119.14874636891145,0.05,0.025,506,0,2,0.7317977542995769,OVL-d80ed68ab008,19301,NTSC,30,selection,3,1000000.0,,True
16.088298936678168,96.26975092395617,True,0.5095328554612589,0,0,2,0.05,0.025,0.024425210522959862,1.3137426494250568,1.6268051259164926,-1.9030956415175055,-56.12845404180824,117.30154681372144,0.05,0.025,506,0,2,0.7406197561805805,OVL-3454b08ad686,19301,NTSC,30,selection,3,1000000.0,,True
15.871914623622928,96.19547385949296,True,0.5140486562482125,0,0,2,0.05,0.025,0.02596934952255266,1.306916253044319,2.4758435495993307,-0.9098000534266211,-58.01318373083349,119.14874640500531,0.05,0.025,506,0,2,0.732671258124938,OVL-f879be9a31e6,19301,NTSC,30,selection,3,1000000.0,,True
16.099933321557614,96.1395292090444,True,0.5080275885322745,0,0,2,0.05,0.025,0.02447572807542473,1.463701421946122,1.7041480780397322,-1.9490734508196943,-56.470016853068046,117.30154686921256,0.05,0.025,506,0,2,0.7412232432162876,OVL-901673511b32,19301,NTSC,30,selection,3,1000000.0,,True
15.832207163837266,96.10466941934577,True,0.5351223932539957,0,0,2,0.05,0.025,0.026417333212706128,1.3265369915910603,2.5355272660001753,-0.8445472063232912,-57.39617437385168,119.29638975374908,0.05,0.025,506,0,2,0.7309078657581859,OVL-94f78fdeecb0,19301,NTSC,30,selection,3,1000000.0,,True
15.865915222508475,96.35581186666589,True,0.5253381582155964,0,0,2,0.05,0.025,0.026206085042993977,1.2247433710921651,2.444833031856227,-0.507926800296452,-58.44998155178179,120.29171875547087,0.05,0.025,506,0,2,0.7329937516887323,OVL-450d1e7dbd88,19301,NTSC,30,selection,3,1000000.0,,True
16.114710413069922,96.04160936725354,True,0.5095328554612589,0,0,2,0.05,0.025,0.025319109625991282,1.3220060184653621,1.7801229154040832,-2.2368046040127108,-56.09943217009111,117.76554163196786,0.05,0.025,506,0,2,0.7418471318981691,OVL-d69eb4540b28,19301,NTSC,30,selection,3,1000000.0,,True
16.071939730122317,96.28406281662902,True,0.5163065566416892,0,0,2,0.05,0.025,0.024425210522959862,1.0579757984682887,1.7180634528850833,-1.6285801070154138,-57.02652235482082,117.41138283256316,0.05,0.025,506,0,2,0.74055325383616,OVL-c5eeb1dacb09,19301,NTSC,30,selection,3,1000000.0,,True
16.161740999315047,95.64088237011637,True,0.9332654959704004,0,0,2,0.05,0.036249999999999984,0.03827428573620415,1.2420956669362773,1.8565655183607186,-3.141668341802392,-44.094525905281714,103.19944150264041,0.05,0.036249999999999984,506,0,2,0.7383503942868672,OVL-49c57570d609,19301,NTSC,30,selection,3,1000000.0,,True
15.197440351754123,97.28062269840775,True,0.12192662124774586,0,0,2,0.05,0.036249999999999984,0.028788962256845713,1.0320449605314737,1.6546915027395963,-2.1537474110118344,-48.85354395422465,117.00981695007334,0.05,0.036249999999999984,506,0,2,0.7239277491741124,OVL-60b97e1a89e8,19301,NTSC,30,selection,3,1000000.0,,True
15.404898432969494,100.46915641314932,True,0.28299018264908915,0,0,2,0.05,0.05,0.03125741018861935,-0.5697049174347407,-1.7209760931393967,-2.1502586490679647,-50.03011435973557,116.75463917937302,0.05,0.05,506,0,2,0.7281538069682075,OVL-54c4235a356c,19301,NTSC,30,selection,3,1000000.0,,True
15.730572988200453,96.61464172932621,True,0.14450562518251361,0,0,2,0.075,0.036249999999999984,0.02891738949178786,2.2067081196098153,1.099096731380942,-2.839720448116181,-52.518872123909034,114.95992101930361,0.075,0.036249999999999984,506,0,2,0.7388359868632303,OVL-7befffa7c209,19301,NTSC,30,selection,3,1000000.0,,True
14.908314623437931,94.9774373165565,True,0.18063203147814202,0,0,2,0.075,0.025,0.02846535929585111,3.1112214440189914,2.181180875367037,-3.323685146855474,-53.42960606852646,118.70987253031433,0.075,0.025,506,0,2,0.7156320165096305,OVL-441f35b7f94f,19301,NTSC,30,selection,3,1000000.0,strong_detail,True
14.390466256140746,103.15235224129674,True,0.17611623069118845,0,0,2,0.05,0.036249999999999984,0.029320364841972944,-0.1512470241902305,-0.008707058123279437,3.612219491148243,-58.40679573552589,126.31421416320131,0.05,0.036249999999999984,506,0,2,0.7147787347449525,OVL-4e657c956f99,19301,NTSC,30,selection,3,1000000.0,strong_detail;fine_detail,True
14.39456903444893,99.45501681285984,True,0.5125433893192279,0,0,2,0.05,0.025,0.034001859981675105,-2.1219804347714804,0.012021665620072479,-2.1129289043357877,-53.38037716950486,116.89305635880686,0.05,0.025,506,0,2,0.6664701954602065,OVL-841a2c0e7f1f,19301,NTSC,30,selection,3,1000000.0,strong_detail;fine_detail,True
12.69475156667035,95.26636170906478,True,1.045407882179747,0,0,2,0.1,0.08624999999999998,0.0735700306314645,1.1670278681719521,3.133450892485629,-2.226643976874078,-45.884126481468414,109.4293709748857,0.1,0.08624999999999998,506,0,2,0.5560499516050077,OVL-a5c537fdf0be,19301,NTSC,30,selection,3,1000000.0,strong_detail;fine_detail,True
11.649203076558576,92.23562543852472,True,0.6894604767879549,122,4,0,2.025,2.025,2.3590824986964187,3.095293578380599,2.366182203989199,-5.349621606350442,-54.176676166913815,120.84461796467161,1.6,0.7849999999999999,610,4,2,0.5216794154641184,OVP56,19351,PAL,30,selection_envelope,1.5,1000000.0,,False
11.686617632083731,91.91094013162619,True,0.6693851944792973,239,3,0,2.025,2.025,2.9852563358672533,3.8267863637129955,2.4636803155032174,-5.419642434832068,-52.15364976322686,121.45147176852382,1.775,0.78,610,5,2,0.5229200500223163,VLP56,19351,PAL,30,selection_envelope,1.5,1000000.0,h_missing;h_width_rmse_us,False
-6.494139824839439,-78.84669759565136,False,603.2082810539523,610,8,70,2.025,2.025,1000000.0,83.62857133121378,22.51608338623468,-152.28644588053135,-63.487369873019816,64.47119951314508,1000000.0,1000000.0,610,610,2,-0.36543355158833557,PLL96-rejected-board,19351,PAL,30,selection_envelope,1.5,1000000.0,polarity;strong_sinad;h_missing;v_missing;vertical_trains;h_width_rmse_us;sync_error_ire;black_error_ire;white_error_ire;fine_detail,False
9.330884213379191,94.04018365353292,True,5.795483061480552,610,8,0,2.025,2.025,1000000.0,16.24360741818574,-0.11829106843703212,-5.648013244170308,-38.62626512023842,102.42814613899307,1000000.0,1000000.0,610,610,2,0.3690379925792201,PLL96-IQ-corrected,19351,PAL,30,selection_envelope,1.5,1000000.0,strong_sinad;h_missing;v_missing;h_width_rmse_us;sync_error_ire;fine_detail,False
16.575417990767637,91.49312609330921,True,0.0006273525721455459,0,0,2,0.025,0.0,0.035078950766595715,4.469751707718902,2.38152490155635,-5.261124869889381,-42.27404748955534,120.01646675483576,0.025,0.0,610,0,2,0.7995751531786183,floating-PLL-IQ40,19351,PAL,30,selection_envelope,1.5,1000000.0,,True
4.197446754353186,42.72655867195908,True,88.98870765370138,610,8,0,2.025,2.025,1000000.0,49.55172856813258,26.86012454664308,-27.64646505514624,2.5778813282078943,83.48061541643139,1000000.0,1000000.0,610,610,2,0.41522570527074104,HC50,19351,PAL,30,selection_envelope,1.5,1000000.0,strong_sinad;h_missing;v_missing;h_width_rmse_us;sync_error_ire;black_error_ire;white_error_ire;fine_detail,False
11.987855274136232,91.71879184417266,True,3.4654956085319952,311,4,0,2.025,2.025,3.0189465814317518,9.16708450844342,0.3228732965873958,-6.642616120574784,-48.85978362423944,106.1056999109068,1.9,0.9125,610,10,2,0.48239845226343003,PLL96-board-fixed,19351,PAL,30,selection_envelope,1.5,1000000.0,h_missing;h_width_rmse_us;sync_error_ire;fine_detail,False
12.77911326279516,92.95095460986397,True,0.5984943538268507,0,0,2,0.21374999999999889,0.47249999999999964,0.8644012662995861,0.6512694168028799,2.713843247100196,-5.6614956597449195,-54.96459047151692,116.23866249171891,0.21374999999999886,0.4724999999999996,610,0,2,0.5712404559642531,OVL-d80ed68ab008,19351,PAL,30,selection_envelope,1.5,1000000.0,,False
12.991326710235608,92.45560873523834,True,0.6129234629861983,0,0,2,0.225,0.47249999999999964,0.9655389007453087,1.5356412241550275,1.8323853993487471,-6.774887695957177,-53.67792142384195,114.74532522615897,0.225,0.4724999999999996,610,0,2,0.5858113519926058,OVL-3454b08ad686,19351,PAL,30,selection_envelope,1.5,1000000.0,,False
12.776248888771171,92.88081503463998,True,0.5959849435382685,0,0,2,0.21374999999999889,0.47249999999999964,0.8644012662995861,0.7669707048702233,2.714421747765747,-5.701821713761561,-53.35274707598803,116.23866249171891,0.21374999999999886,0.4724999999999996,610,0,2,0.5711484349880367,OVL-f879be9a31e6,19351,PAL,30,selection_envelope,1.5,1000000.0,,False
13.005040823277758,92.3650299735155,True,0.6104140526976161,0,0,2,0.30249999999999777,0.47249999999999964,1.093852981100429,1.6369118329472918,1.8955703391009064,-6.793342275989344,-52.31329664889229,114.74532522615809,0.3024999999999977,0.4724999999999996,610,0,2,0.5865658522051975,OVL-901673511b32,19351,PAL,30,selection_envelope,1.5,1000000.0,,False
12.773211828773592,92.91439055075209,True,0.6035131744040151,0,0,2,0.225,0.47249999999999964,0.8644421587946989,0.7191963950093617,2.714010830845679,-5.660268290149114,-54.67406158890415,116.32421127258692,0.225,0.4724999999999996,610,0,2,0.570836646243735,OVL-94f78fdeecb0,19351,PAL,30,selection_envelope,1.5,1000000.0,,False
12.772931194975856,92.53325182963847,True,0.6122961104140527,0,0,2,0.425,0.47249999999999964,0.948739997031438,0.920608868567872,2.906740216483075,-5.513516288730438,-54.802317454754075,117.87043296248794,0.425,0.4724999999999996,610,0,2,0.5723123027148347,OVL-450d1e7dbd88,19351,PAL,30,selection_envelope,1.5,1000000.0,,False
13.022651491043698,92.33273959517345,True,0.6104140526976161,0,0,2,0.5,0.47249999999999964,1.2137046153997368,1.6598201762398237,1.9961109364600313,-6.703040977867711,-52.31329664665015,116.22698349967786,0.5,0.4724999999999996,610,0,2,0.5872185248259835,OVL-d69eb4540b28,19351,PAL,30,selection_envelope,1.5,1000000.0,,False
12.99314124664286,92.20788541454122,True,0.617314930991217,0,0,2,0.46374999999999883,0.47249999999999964,1.1641762548939985,1.723981584685362,2.094426773819182,-6.454698552003055,-53.31939431651166,115.67302719629953,0.4637499999999989,0.4724999999999996,610,0,2,0.5860822096330894,OVL-c5eeb1dacb09,19351,PAL,30,selection_envelope,1.5,1000000.0,,False
12.844520774260973,91.12061452580163,True,1.3914680050188206,0,0,2,0.1,0.10749999999999997,0.04177172547525811,4.5714544953922225,2.129431123799823,-6.1900061274741836,-39.486594028441964,102.59033641046989,0.1,0.10749999999999997,610,0,2,0.552762009224747,OVL-49c57570d609,19351,PAL,30,selection_envelope,1.5,1000000.0,,True
12.623095221867578,94.64509999379548,True,0.35633626097867,0,0,2,0.15499999999999547,0.05,1.0630685556907236,4.97371436741827,-1.6569346247655743,-7.192828192380901,-46.816452928060436,113.73194555236279,0.15499999999999545,0.05,610,0,2,0.5895933908247258,OVL-60b97e1a89e8,19351,PAL,30,selection_envelope,1.5,1000000.0,,False
12.430324470614618,94.50799595808292,True,0.4542032622333752,0,0,2,0.075,0.05,0.03821048264032473,2.515624209100413,0.8667927460212191,-5.495905532736259,-46.941019987866774,110.13507879292297,0.075,0.05,610,0,2,0.559459319829765,OVL-54c4235a356c,19351,PAL,30,selection_envelope,1.5,1000000.0,,True
11.5686980425159,92.35892972303182,True,0.7396486825595985,120,1,0,2.025,1.6224999999999994,2.2212738232733,4.656070777190682,1.892680783743906,-5.911893509265914,-51.25671495124625,110.60649489897114,1.475,0.8299999999999998,610,3,2,0.5144780547733989,OVL-7befffa7c209,19351,PAL,30,selection_envelope,1.5,1000000.0,,False
11.867761241777622,92.86464984848915,True,0.6687578419071518,1,1,1,0.95,1.5612499999999991,1.8077493514228642,5.583804498392021,-0.44730465277802905,-8.94326166380981,-45.891892921348045,113.5231734311563,0.9300000000000012,0.5349999999999996,610,1,2,0.5388454278372387,OVL-441f35b7f94f,19351,PAL,30,selection_envelope,1.5,1000000.0,sync_error_ire;white_error_ire,False
12.103635580740004,101.83723622411601,True,0.4096612296110414,0,0,2,0.05,0.04124999999999999,0.40250750934854274,1.5746639826460294,-3.7150007772490903,-1.1751865647717405,-55.63418564370836,122.17558046956145,0.05,0.04124999999999999,610,0,2,0.5850114266306132,OVL-4e657c956f99,19351,PAL,30,selection_envelope,1.5,1000000.0,,False
12.235897613392087,93.48232306337593,True,0.5119196988707654,0,0,2,0.075,0.05,0.043701671198865734,1.0701361660227449,1.5144006879026,-7.701040440561556,-50.36645940577111,112.30209340138694,0.075,0.05,610,0,2,0.5509835171867756,OVL-841a2c0e7f1f,19351,PAL,30,selection_envelope,1.5,1000000.0,white_error_ire,True
12.496529193646033,90.38670319619332,True,0.9799247176913426,0,0,2,0.125,0.3524999999999998,0.06757661104743073,4.132754103916034,3.9470716131988666,-6.108882998541677,-42.54224083564741,104.86985001608122,0.125,0.3524999999999998,610,0,2,0.5408505872923379,OVL-a5c537fdf0be,19351,PAL,30,selection_envelope,1.5,1000000.0,,False
11.742110482252006,92.21464527145123,True,0.7315597274864751,85,5,0,2.025,2.025,2.3210493086342736,2.965316367441876,2.199605335647962,-5.662551204789824,-59.08417714214516,121.46884336427732,1.525,1.2824999999999989,506,4,2,0.5454972941363004,OVP56,19351,NTSC,30,selection_envelope,1.5,1000000.0,,False
11.78160468022822,91.88431194304468,True,0.7195175920545991,183,5,0,2.025,2.025,2.945874614538447,3.6857356685658154,2.287802047304466,-5.7338454763465325,-54.766928560725376,121.16974343029972,1.7,1.6575,506,7,2,0.5465406758903333,VLP56,19351,NTSC,30,selection_envelope,1.5,1000000.0,h_missing;h_width_rmse_us,False
-6.396698743424876,-78.58455845949894,False,595.6732607393269,506,12,56,2.025,2.025,1000000.0,83.43641102896264,22.305235016691203,-152.38313070449328,-63.36613652509125,65.50917338066304,1000000.0,1000000.0,506,506,2,-0.3535507132335777,PLL96-rejected-board,19351,NTSC,30,selection_envelope,1.5,1000000.0,polarity;strong_sinad;h_missing;v_missing;vertical_trains;h_width_rmse_us;sync_error_ire;black_error_ire;white_error_ire;fine_detail,False
9.322684908378635,93.68096658339907,True,6.104610030496708,506,12,0,2.025,2.025,1000000.0,16.136846751435478,-0.2741821605296227,-5.90732430401411,-38.74910839256009,102.24384292415871,1000000.0,1000000.0,506,506,2,0.3591059089721497,PLL96-IQ-corrected,19351,NTSC,30,selection_envelope,1.5,1000000.0,strong_sinad;h_missing;v_missing;h_width_rmse_us;sync_error_ire;fine_detail,False
16.57506249252919,91.35147149750676,True,0.005268434251445808,0,0,2,0.025,0.025,0.03336008478581846,4.353920377634165,2.204674794339172,-5.556799295106096,-42.461512929440914,118.87238530932433,0.025,0.025,506,0,2,0.8091587347598321,floating-PLL-IQ40,19351,NTSC,30,selection_envelope,1.5,1000000.0,,True
4.169535700160699,42.67306342403767,True,94.92439044215712,506,12,0,2.025,2.025,1000000.0,49.38427423344819,26.648887850833834,-27.899533950639103,1.0813491139385718,84.26912066538085,1000000.0,1000000.0,506,506,2,0.4332528093462399,HC50,19351,NTSC,30,selection_envelope,1.5,1000000.0,strong_sinad;h_missing;v_missing;h_width_rmse_us;sync_error_ire;black_error_ire;white_error_ire;fine_detail,False
11.96732251476046,91.50915155163918,True,3.594577426415026,249,5,0,2.025,2.025,3.035429571712199,8.999701404606693,0.15649063567032462,-6.969104791238098,-48.71002452694001,105.7958252621365,1.9,1.8699999999999999,506,8,2,0.4857230950566698,PLL96-board-fixed,19351,NTSC,30,selection_envelope,1.5,1000000.0,h_missing;h_width_rmse_us;sync_error_ire;fine_detail,False
12.8582546650061,92.95526186754809,True,0.62318050859959,0,0,2,0.075,0.1537499999999999,0.5033349747811537,0.49856705598185386,2.536434564531677,-5.9667961317315985,-54.852751240297515,115.91571001257145,0.075,0.1537499999999999,506,0,2,0.5927293710561814,OVL-d80ed68ab008,19351,NTSC,30,selection_envelope,1.5,1000000.0,,False
13.059643069489494,92.43481400464924,True,0.6276963093865435,0,0,2,0.225,0.05,1.0799780181850211,1.3923898730127588,1.6617613942545126,-7.081401914861314,-53.20600760963152,114.51614974793674,0.225,0.05,506,0,2,0.6069192436244499,OVL-3454b08ad686,19351,NTSC,30,selection_envelope,1.5,1000000.0,,False
12.855733467377862,92.88297463352502,True,0.6201699747416209,0,0,2,0.075,0.1537499999999999,0.5033447906364678,0.618270462008551,2.5374600822576916,-6.007011936355241,-53.683856462837475,115.91571001257137,0.075,0.1537499999999999,506,0,2,0.5926661592461775,OVL-f879be9a31e6,19351,NTSC,30,selection_envelope,1.5,1000000.0,,False
13.074158157674376,92.34386835017283,True,0.6239331420640822,0,0,2,0.275,0.05,1.1579064222158437,1.49378002544339,1.7237691491165343,-7.099038365885638,-52.23730939089211,114.51614974793665,0.275,0.05,506,0,2,0.607630389977004,OVL-901673511b32,19351,NTSC,30,selection_envelope,1.5,1000000.0,,False
12.851650916189834,92.91504330792978,True,0.6269436759220512,0,0,2,0.075,0.1537499999999999,0.6789428832642537,0.574014658125563,2.5370297111116114,-5.966227392335374,-53.97657443871773,116.00722934080068,0.075,0.1537499999999999,506,0,2,0.5922788859563396,OVL-94f78fdeecb0,19351,NTSC,30,selection_envelope,1.5,1000000.0,,False
12.84902687486622,92.53366795777914,True,0.6352226440314661,0,0,2,0.075,0.1537499999999999,0.9656635935403841,0.7713105773924639,2.7283160095523145,-5.814816704352899,-54.906245719609515,117.70217649967313,0.075,0.1537499999999999,506,0,2,0.5935654102926649,OVL-450d1e7dbd88,19351,NTSC,30,selection_envelope,1.5,1000000.0,,False
13.092469676797329,92.3111031181562,True,0.6239331420640822,0,0,2,0.3625,0.13999999999999985,1.243338971648107,1.516463215964791,1.8214649311138742,-7.0053121495041735,-52.237566950863034,115.98646679500297,0.3625,0.13999999999999985,506,0,2,0.6081758508342957,OVL-d69eb4540b28,19351,NTSC,30,selection_envelope,1.5,1000000.0,,False
13.061193890476158,92.18121768480833,True,0.6269436759220512,0,0,2,0.2625,0.13999999999999985,1.0816665245609347,1.583179683873527,1.9206290065931382,-6.760209787301952,-53.42486806516239,115.35078640306605,0.2625,0.13999999999999985,506,0,2,0.6068265642967648,OVL-c5eeb1dacb09,19351,NTSC,30,selection_envelope,1.5,1000000.0,,False
12.888755288182871,90.99495631854457,True,1.3758139730918484,0,0,2,0.1,0.13374999999999995,0.042320301335627794,4.43016877573075,1.9525467093061801,-6.50695972106484,-39.55969601249048,102.2850045242512,0.1,0.13374999999999995,506,0,2,0.5721173963497256,OVL-49c57570d609,19351,NTSC,30,selection_envelope,1.5,1000000.0,,True
12.698604473957257,94.52804763955714,True,0.3830904334265596,1,0,2,0.25,0.061249999999999985,1.1104749897995438,4.830981892645271,-1.804155200603469,-7.495848027685134,-46.8997685276464,113.55094972435495,0.25,0.061249999999999985,506,1,2,0.6111393150041949,OVL-60b97e1a89e8,19351,NTSC,30,selection_envelope,1.5,1000000.0,,False
12.497859899877623,94.42707537806646,True,0.4696432818431692,0,0,2,0.05,0.05,0.0363373793543222,2.3614864638722652,0.6993033240078467,-5.8152786437967725,-51.272875869441904,109.8408314962011,0.05,0.05,506,0,2,0.5786649035892191,OVL-54c4235a356c,19351,NTSC,30,selection_envelope,1.5,1000000.0,,True
11.648234461697822,92.2426991032793,True,0.7563966318147197,107,1,0,2.025,1.2824999999999989,2.2148649092926727,4.5083582915441145,1.7161528177940877,-6.228078964598541,-50.82884343562275,110.72180444764226,1.575,0.475,506,3,2,0.533395851399246,OVL-7befffa7c209,19351,NTSC,30,selection_envelope,1.5,1000000.0,h_missing,False
11.953596777576898,92.77053142674146,True,0.7074754566227228,3,0,1,0.8375,0.9249999999999989,1.8008750910152997,5.448419268215437,-0.6134822896453067,-9.243218225636607,-46.00514109133568,113.07790084451634,0.8,0.9249999999999989,506,1,2,0.5615342600181974,OVL-441f35b7f94f,19351,NTSC,30,selection_envelope,1.5,1000000.0,sync_error_ire;white_error_ire,False
12.199260097515168,101.68385272067628,True,0.3951325688584356,0,0,2,0.05,0.036249999999999984,0.5136044447740884,1.4379104894174437,-3.8637008345756705,-1.4616862924050096,-55.73636573119828,121.22769877195478,0.05,0.036249999999999984,506,0,2,0.6056438258513008,OVL-4e657c956f99,19351,NTSC,30,selection_envelope,1.5,1000000.0,,False
12.310995161358624,93.45193435242138,True,0.5441539948279028,0,0,2,0.075,0.061249999999999985,0.039497210588455164,0.937325528807169,1.349816609379823,-8.009055813023812,-52.52770543477056,111.57492415262689,0.075,0.061249999999999985,506,0,2,0.5708352448881661,OVL-841a2c0e7f1f,19351,NTSC,30,selection_envelope,1.5,1000000.0,white_error_ire,True
12.541529126120901,90.31067735234197,True,0.9739077030529824,0,0,2,0.125,0.2599999999999998,0.07338511766067522,3.9941457981350483,3.7738000860341896,-6.418914557539213,-43.54131766118981,105.43273742606922,0.125,0.2599999999999998,506,0,2,0.5577585072608626,OVL-a5c537fdf0be,19351,NTSC,30,selection_envelope,1.5,1000000.0,,True
16.606848931228107,97.87602674822037,True,0.3230865746549561,0,0,2,0.05,0.05,0.019964107136821615,-0.19491251489446687,1.322424986397412,-1.3313316190851212,-58.29745181808292,121.17125927802833,0.05,0.05,610,0,2,0.7563522604308222,OVP56,19352,PAL,30,selection_envelope,5,1000000.0,,True
17.106093055124415,98.4451305827482,True,0.30363864491844417,0,0,2,0.025,0.025,0.012803687993289598,-0.6545992464216531,1.144247664659698,-0.8435228471527726,-53.130442820446056,118.50749034984206,0.025,0.025,610,0,2,0.7775786891576617,VLP56,19352,PAL,30,selection_envelope,5,1000000.0,,True
-6.767458748671205,-83.04138892599632,False,614.0357590966123,610,8,60,2.025,2.025,1000000.0,82.10900906096566,22.03849264522323,-157.6565983330482,-69.19110339330332,68.34991115498956,1000000.0,1000000.0,610,610,2,-0.37280935633291773,PLL96-rejected-board,19352,PAL,30,selection_envelope,5,1000000.0,contrast;strong_detail;sync;h_jitter_us;v_jitter_us;h_width_rmse_us;sync_error_ire;black_error_ire;white_error_ire;fine_detail,False
8.8841795262529,98.73983056526019,True,6.4579673776662485,200,2,0,2.025,2.025,3.399048467998784,15.716320734767931,-1.6290750309237712,-1.230521911560469,-46.87259852046337,107.57872503009982,1.85,0.775,610,8,2,0.37616453280136714,PLL96-IQ-corrected,19352,PAL,30,selection_envelope,5,1000000.0,strong_detail;sync;h_jitter_us;v_jitter_us;h_width_rmse_us;sync_error_ire;fine_detail,False
23.460716118903665,97.54971040593806,True,0.0,0,0,2,0.025,0.025,0.00944136347474744,0.36601308425380724,1.0124405526711122,-0.6010942356583493,-46.70184602546584,109.77659003637216,0.025,0.025,610,0,2,0.9528349461409418,floating-PLL-IQ40,19352,PAL,30,selection_envelope,5,1000000.0,,True
4.486305694867675,44.747941549436156,True,88.3858218318695,610,8,0,2.025,2.025,1000000.0,48.30746928291158,26.55206531352923,-26.373701285024744,4.023986595620798,81.50474522963303,1000000.0,1000000.0,610,610,2,0.6270719233324775,HC50,19352,PAL,30,selection_envelope,5,1000000.0,contrast;strong_detail;sync;h_jitter_us;v_jitter_us;h_width_rmse_us;sync_error_ire;black_error_ire;white_error_ire;fine_detail,False
11.839167437367644,98.50084818113696,True,3.6511919698870767,0,0,2,0.075,0.075,0.050752533652332545,3.6821607395357385,-1.3950569739091387,-2.308132573134372,-58.89548327618,112.0397926716232,0.075,0.075,610,0,2,0.4841760631822753,PLL96-board-fixed,19352,PAL,30,selection_envelope,5,1000000.0,strong_detail;fine_detail,True
16.63602004917159,97.50712187469837,True,0.8400250941028858,0,0,2,0.05,0.025,0.01947044839380279,-1.7899072799854074,1.6959382721061256,-1.9513567197128572,-59.217443362641866,118.2954480960576,0.05,0.025,610,0,2,0.754027270892486,OVL-d80ed68ab008,19352,PAL,30,selection_envelope,5,1000000.0,,True
16.639999783899082,97.35202415876705,True,0.8312421580928482,0,0,2,0.05,0.05,0.021352812998544704,-0.9886273726463564,0.8025005928188558,-2.669510246412909,-58.04192587386984,115.35436132961384,0.05,0.05,610,0,2,0.7523610355369013,OVL-3454b08ad686,19352,PAL,30,selection_envelope,5,1000000.0,,True
16.59303229224666,97.0978768687852,True,0.8368883312421581,0,0,2,0.05,0.025,0.019205531989934396,-1.5705382381404573,1.8605958787296437,-2.359113493760493,-58.57892795547128,117.68272437771044,0.05,0.025,610,0,2,0.752558225443277,OVL-f879be9a31e6,19352,PAL,30,selection_envelope,5,1000000.0,,True
16.610668511877318,97.09179198068229,True,0.8262233375156839,0,0,2,0.05,0.05,0.020719635100274438,-0.7417499062457527,0.8185045884538701,-2.805794163842855,-58.04192587383624,115.35436132961378,0.05,0.05,610,0,2,0.7513110670105321,OVL-901673511b32,19352,PAL,30,selection_envelope,5,1000000.0,,True
16.644814018954875,97.26691647872018,True,0.8362609786700126,0,0,2,0.05,0.025,0.019417754255522675,-1.7076587050677663,1.8372040503481346,-2.0040676864017053,-58.281412959237294,117.38072769766553,0.05,0.025,610,0,2,0.7547090384414857,OVL-94f78fdeecb0,19352,PAL,30,selection_envelope,5,1000000.0,,True
16.60672906246928,97.33326069000607,True,0.8362609786700126,0,0,2,0.05,0.04124999999999999,0.019205531989934396,-1.6718348634466966,1.7702673632971888,-1.856290726001423,-60.79184264784565,118.41277598823093,0.05,0.04124999999999999,610,0,2,0.7533115254752185,OVL-450d1e7dbd88,19352,PAL,30,selection_envelope,5,1000000.0,,True
16.564463807644906,96.77504443798615,True,0.8293601003764115,0,0,2,0.05,0.05,0.02069489522864492,-0.7402016538750474,0.9058045191595772,-3.2684052103590377,-58.041848416106255,114.12002126225532,0.05,0.05,610,0,2,0.7506919138238145,OVL-d69eb4540b28,19352,PAL,30,selection_envelope,5,1000000.0,,True
16.641487735718897,97.10870899918787,True,0.8174404015056461,0,0,2,0.05,0.04124999999999999,0.020445850114026706,-0.9140130309508567,0.9808371187883047,-2.495568866431596,-58.042550349898576,115.48951738619958,0.05,0.04124999999999999,610,0,2,0.7533728457669562,OVL-c5eeb1dacb09,19352,PAL,30,selection_envelope,5,1000000.0,,True
16.481573648391635,95.86385036347164,True,1.0301129234629862,0,0,2,0.075,0.05,0.043253920508368515,0.27222583007913287,1.5564426960967146,-3.8889169366141254,-45.70087840414254,104.3071608724248,0.075,0.05,610,0,2,0.746220830230853,OVL-49c57570d609,19352,PAL,30,selection_envelope,5,1000000.0,,True
15.793918971246697,99.15449354737386,True,0.136762860727729,0,0,2,0.05,0.04124999999999999,0.045075073988646616,0.46797024033763157,0.2047359446118615,-1.572348042413848,-49.67526210267246,119.09624048954679,0.05,0.04124999999999999,610,0,2,0.7394176779874415,OVL-60b97e1a89e8,19352,PAL,30,selection_envelope,5,1000000.0,,True
14.669218860995045,101.7494690959512,True,0.42973651191969886,0,0,2,0.05,0.025,0.040991802459180285,-1.7462506111339944,-2.1915433833089843,-1.1686777991700519,-51.98620409778801,117.1336515900506,0.05,0.025,610,0,2,0.6868927916659572,OVL-54c4235a356c,19352,PAL,30,selection_envelope,5,1000000.0,strong_detail;fine_detail,True
15.544080087401639,97.45536575599887,True,0.13927227101631115,0,0,2,0.06374999999999886,0.05,0.026043784066924498,1.297159917412162,0.5199973343493847,-2.771668743703906,-52.01683958250189,114.75199941185402,0.06374999999999886,0.05,610,0,2,0.7198088677380136,OVL-7befffa7c209,19352,PAL,30,selection_envelope,5,1000000.0,strong_detail;fine_detail,True
15.779319013403141,99.43542003247293,True,0.24654956085319948,0,0,2,0.05,0.025,0.025806658182674042,0.519198842458046,-0.3593687505568403,-1.4572372287000777,-51.72127879456032,116.55339399063273,0.05,0.025,610,0,2,0.7354739446044395,OVL-441f35b7f94f,19352,PAL,30,selection_envelope,5,1000000.0,,True
13.236545332295819,106.4841263944692,True,0.4498117942283564,0,0,2,0.05,0.04124999999999999,0.05281036286780756,-0.3135071984501797,-3.892924261813043,4.722931590980922,-60.95145432377885,126.32642543450187,0.05,0.04124999999999999,610,0,2,0.6720797548726499,OVL-4e657c956f99,19352,PAL,30,selection_envelope,5,1000000.0,strong_detail;fine_detail,True
14.884786059441602,100.54990462186348,True,0.5087829360100377,0,0,2,0.05,0.05749999999999997,0.03147663718576986,-3.332116355071905,-0.9115345452427215,-1.5130688570835555,-54.92540018518516,117.60466485768784,0.05,0.057499999999999975,610,0,2,0.6839564427787495,OVL-841a2c0e7f1f,19352,PAL,30,selection_envelope,5,1000000.0,strong_detail;fine_detail,True
12.537891041665448,96.19738758122678,True,1.0100376411543288,0,0,2,0.1,0.1,0.04746655423023461,0.12332188930780985,2.4279309318666846,-1.9457712262054891,-47.1634365424146,110.01758044727735,0.1,0.1,610,0,2,0.5402872579827145,OVL-a5c537fdf0be,19352,PAL,30,selection_envelope,5,1000000.0,strong_detail;fine_detail,True
16.75329123441862,97.87942231799812,True,0.30105338579690333,0,0,2,0.05,0.025,0.02052305172662957,-0.19028759827689934,1.3227244101560052,-1.4133603654060318,-58.191788999080444,120.1696473001555,0.05,0.025,506,0,2,0.774225453245629,OVP56,19352,NTSC,30,selection_envelope,5,1000000.0,,True
17.257296231764645,98.44577660707016,True,0.28600071650705816,0,0,2,0.025,0.025,0.013008434478788475,-0.6506713662397934,1.142231331640074,-0.9204131875783711,-55.250461531280344,117.516564827879,0.025,0.025,506,0,2,0.7942351305059245,VLP56,19352,NTSC,30,selection_envelope,5,1000000.0,,True
-6.653089173696662,-82.54508277329666,False,611.0999888610247,506,12,49,2.025,2.025,1000000.0,81.96792784216497,21.955264466665188,-157.6089118619067,-68.72186454081483,68.29064234116737,1000000.0,1000000.0,506,506,2,-0.3529035688930495,PLL96-rejected-board,19352,NTSC,30,selection_envelope,5,1000000.0,contrast;strong_detail;sync;h_jitter_us;v_jitter_us;h_width_rmse_us;sync_error_ire;black_error_ire;white_error_ire;fine_detail,False
8.839668675229232,98.06695358483702,True,6.539632172973233,171,4,0,2.025,2.025,3.3968752102527775,15.751600243282333,-1.6386164534374956,-1.2871916086670891,-48.54484714508248,107.48948331927488,1.9,1.042499999999999,506,6,2,0.3567165064415689,PLL96-IQ-corrected,19352,NTSC,30,selection_envelope,5,1000000.0,strong_detail;sync;h_jitter_us;v_jitter_us;h_width_rmse_us;sync_error_ire;fine_detail,False
23.937777502693436,97.48803174560173,True,0.0,0,0,2,0.025,0.025,0.009815491506684041,0.3893046713929507,1.0094160571310526,-0.6854775404464918,-46.16187079645026,109.82077824452313,0.025,0.025,506,0,2,0.9616051382165332,floating-PLL-IQ40,19352,NTSC,30,selection_envelope,5,1000000.0,,True
4.429243926142295,44.724851323394795,True,94.3418521406401,506,12,0,2.025,2.025,1000000.0,48.31482556601786,26.524150254869905,-26.42864240454982,3.5954569944710215,81.19038810767955,1000000.0,1000000.0,506,506,2,0.640211763400172,HC50,19352,NTSC,30,selection_envelope,5,1000000.0,contrast;strong_detail;sync;h_jitter_us;v_jitter_us;h_width_rmse_us;sync_error_ire;black_error_ire;white_error_ire;fine_detail,False
11.813781418861142,98.25029692290336,True,3.7985410952924283,0,0,2,0.075,0.075,0.05134072034182411,3.7028278260912026,-1.3738980615075624,-2.4053198511516656,-58.86237974898035,111.86786094218346,0.075,0.075,506,0,2,0.4851452055025791,PLL96-board-fixed,19352,NTSC,30,selection_envelope,5,1000000.0,strong_detail;fine_detail,True
16.715767914804882,97.52080782080672,True,0.8444547471603139,0,0,2,0.05,0.036249999999999984,0.018194165767745157,-1.7896167865652532,1.680952097597035,-2.0169710611081424,-56.55062712690173,118.50930844473748,0.05,0.036249999999999984,506,0,2,0.7682988032706465,OVL-d80ed68ab008,19352,NTSC,30,selection_envelope,5,1000000.0,,True
16.722210995877486,97.35848505361095,True,0.8625179503081282,0,0,2,0.05,0.05,0.020097342163961283,-0.9952062444132368,0.7908971177364708,-2.7356256302918456,-55.13130321214884,117.13394376770802,0.05,0.05,506,0,2,0.7667839760385639,OVL-3454b08ad686,19352,NTSC,30,selection_envelope,5,1000000.0,,True
16.673522382412852,97.11797037590225,True,0.8414442133023449,0,0,2,0.05,0.036249999999999984,0.01876234771289576,-1.5676073034822977,1.8484659217459438,-2.4160776568351636,-55.33523165185672,118.39079762468188,0.05,0.036249999999999984,506,0,2,0.7669740602392651,OVL-f879be9a31e6,19352,NTSC,30,selection_envelope,5,1000000.0,,True
16.694610247094218,97.09793928784123,True,0.8625179503081282,0,0,2,0.05,0.05,0.01975642188083654,-0.7458810924916468,0.8085331188779288,-2.8685808753888558,-53.79125052667766,117.13394376770802,0.05,0.05,506,0,2,0.7658695932729089,OVL-901673511b32,19352,NTSC,30,selection_envelope,5,1000000.0,,True
16.72477964524971,97.28277544503571,True,0.8391863129088681,0,0,2,0.05,0.05,0.01846372364689991,-1.70853637253488,1.8231701073501545,-2.071109501647977,-56.55018391957704,118.06209076655605,0.05,0.05,506,0,2,0.7690239602079145,OVL-94f78fdeecb0,19352,NTSC,30,selection_envelope,5,1000000.0,,True
16.684537547337037,97.34061776973248,True,0.8444547471603139,0,0,2,0.05,0.036249999999999984,0.018194165767745157,-1.6642033875938984,1.7581625811556152,-1.9191227027649174,-57.461623438114714,118.56490901935774,0.05,0.036249999999999984,506,0,2,0.7675067130199871,OVL-450d1e7dbd88,19352,NTSC,30,selection_envelope,5,1000000.0,,True
16.64867480742562,96.78260736437244,True,0.8662811176305893,0,0,2,0.05,0.05,0.01972513694928337,-0.7510313876450326,0.8955470995859757,-3.3401944524931344,-53.79125051932784,115.9005507134967,0.05,0.05,506,0,2,0.765254585300141,OVL-d69eb4540b28,19352,NTSC,30,selection_envelope,5,1000000.0,,True
16.72431770788195,97.11599002697292,True,0.8602600499146513,0,0,2,0.05,0.036249999999999984,0.019217652869645184,-0.9217565723044604,0.9711939109442539,-2.552273466682829,-56.58557923055938,117.0339726291514,0.05,0.036249999999999984,506,0,2,0.7677514687197724,OVL-c5eeb1dacb09,19352,NTSC,30,selection_envelope,5,1000000.0,,True
16.602742528792003,95.88673903094322,True,1.0296025794254096,0,0,2,0.075,0.07249999999999997,0.04572916057049608,0.24847600577589174,1.5555786430528158,-3.9434957056302915,-45.402256499523716,104.01471929807241,0.075,0.07249999999999997,506,0,2,0.7627226509926115,OVL-49c57570d609,19352,NTSC,30,selection_envelope,5,1000000.0,,True
15.91902880341938,99.13747877271982,True,0.1467635255759904,0,0,2,0.05,0.07249999999999997,0.031039309515159413,0.47369669973090195,0.20823103812679764,-1.6706653343682978,-49.75996673242027,116.88749473982418,0.05,0.07249999999999997,506,0,2,0.7565154675217978,OVL-60b97e1a89e8,19352,NTSC,30,selection_envelope,5,1000000.0,,True
14.771228470822415,101.70163682898497,True,0.4297537082250796,0,0,2,0.05,0.036249999999999984,0.04146525761324541,-1.7385033486762023,-2.1923345988271654,-1.2723623207941286,-51.95301634686051,117.03210308537936,0.05,0.036249999999999984,506,0,2,0.7054771596957989,OVL-54c4235a356c,19352,NTSC,30,selection_envelope,5,1000000.0,strong_detail;fine_detail,True
15.681182028402546,97.4118872369033,True,0.12568978857020716,0,0,2,0.075,0.061249999999999985,0.026087985816321067,1.2952380222159032,0.5204438382657437,-2.8646640509388166,-52.35422863379667,114.17056673211002,0.075,0.061249999999999985,506,0,2,0.73684056904731,OVL-7befffa7c209,19352,NTSC,30,selection_envelope,5,1000000.0,strong_detail;fine_detail,True
15.95417815859376,99.40377296469191,True,0.2528848440693988,0,0,2,0.05,0.05,0.024925779153381785,0.5298535655732345,-0.34487416645003893,-1.5539350877644809,-51.97393259087943,116.85254721988494,0.05,0.05,506,0,2,0.7555337707058077,OVL-441f35b7f94f,19352,NTSC,30,selection_envelope,5,1000000.0,,True
13.338069109828627,106.34773052834728,True,0.44631164444390925,0,0,2,0.05,0.036249999999999984,0.05044270416187117,-0.29443977452707154,-3.9120132695971632,4.6447303986867725,-60.17542458467822,125.20807534086589,0.05,0.036249999999999984,506,0,2,0.6905882737133313,OVL-4e657c956f99,19352,NTSC,30,selection_envelope,5,1000000.0,strong_detail;fine_detail,True
14.937544983293948,100.54490202709374,True,0.5200697239641505,0,0,2,0.05,0.036249999999999984,0.032364036059174164,-3.327436959168214,-0.9236328764162655,-1.6141192609860673,-54.87773119755781,117.50773347803161,0.05,0.036249999999999984,506,0,2,0.698377146314917,OVL-841a2c0e7f1f,19352,NTSC,30,selection_envelope,5,1000000.0,strong_detail;fine_detail,True
12.586618978313426,96.16789877605491,True,1.0010025077747038,0,0,2,0.1,0.08624999999999998,0.04688940819407421,0.11720958063255874,2.4259946767547693,-2.0149007260515166,-47.13395659947212,108.96182450536594,0.1,0.08624999999999998,506,0,2,0.5532661839385399,OVL-a5c537fdf0be,19352,NTSC,30,selection_envelope,5,1000000.0,strong_detail;fine_detail,True
15.759041118427623,97.11506135564484,True,0.37327478042659973,0,0,2,0.05,0.025,0.018050475676035453,0.633800206429876,1.0009343244139783,-1.7279299576325564,-52.53841037024989,123.44260506290904,0.05,0.025,610,0,2,0.7190886516214802,OVP56,19353,PAL,30,selection_envelope,3,500000.0,,True
15.991971571173071,96.98711153436787,True,0.32496863237139273,0,0,2,0.05,0.025,0.017028183003287303,0.721496063725146,1.5173366809242228,-1.4986173228894775,-51.516847063104336,120.87251640648434,0.05,0.025,610,0,2,0.7285586554218504,VLP56,19353,PAL,30,selection_envelope,3,500000.0,,True
-6.316682746689394,-96.34690423460171,False,647.1116687578419,610,8,34,2.025,2.025,1000000.0,136.0196336991061,39.26812780852776,-142.18083173517343,-56.62021873472605,108.3585055296487,1000000.0,1000000.0,610,610,2,-0.3745104190201293,PLL96-rejected-board,19353,PAL,30,selection_envelope,3,500000.0,contrast;strong_detail;sync;h_jitter_us;v_jitter_us;h_width_rmse_us;sync_error_ire;black_error_ire;white_error_ire;fine_detail,False
9.519265116351463,102.32387942832729,True,5.736511919698871,0,0,2,0.35,0.26249999999999984,0.1120459873386304,2.23805850132921,2.12159254522905,5.330024763957719,-52.706595536620625,113.97114698511005,0.35,0.26249999999999984,610,0,2,0.37269674042866174,PLL96-IQ-corrected,19353,PAL,30,selection_envelope,3,500000.0,strong_detail;v_jitter_us;white_error_ire;fine_detail,True
21.516079875364028,95.84606852598813,True,0.0,0,0,2,0.025,0.025,0.01807883464980755,2.1996527750511805,2.2533587666009294,-0.7641057393118208,-45.82125759428478,112.78571147783809,0.025,0.025,610,0,2,0.93112247927944,floating-PLL-IQ40,19353,PAL,30,selection_envelope,3,500000.0,,True
3.4687556765534096,44.21222651592515,True,95.400878293601,610,8,0,2.025,2.025,1000000.0,54.61267895176956,32.45399520736466,-21.05202043081482,9.349579316316884,90.11773173695089,1000000.0,1000000.0,610,610,2,0.5556145774733157,HC50,19353,PAL,30,selection_envelope,3,500000.0,contrast;strong_detail;sync;h_jitter_us;v_jitter_us;h_width_rmse_us;sync_error_ire;black_error_ire;white_error_ire;fine_detail,False
12.338464301294927,102.04213235587524,True,3.883939774153074,0,0,2,0.075,0.06624999999999999,0.06727268951140843,-2.6085386576569642,-2.122357304726574,0.7069992185259051,-50.66372032471642,114.75091868961921,0.075,0.06624999999999999,610,0,2,0.5239741524951758,PLL96-board-fixed,19353,PAL,30,selection_envelope,3,500000.0,strong_detail;fine_detail,True
15.563288743793153,96.76835475508874,True,0.39272271016311167,0,0,2,0.05,0.04124999999999999,0.022406453988256796,-2.8067635640977273,2.818081110657878,-2.9562365391345273,-52.06531727878068,119.75574688020193,0.05,0.04124999999999999,610,0,2,0.7135746758599121,OVL-d80ed68ab008,19353,PAL,30,selection_envelope,3,500000.0,,True
15.992212273586151,96.64450697853516,True,0.4015056461731493,0,0,2,0.05,0.04124999999999999,0.021967748341901468,-1.4899709319141283,1.980453486114062,-3.413643352194141,-50.971432546858736,120.14331429196973,0.05,0.04124999999999999,610,0,2,0.7284653838815924,OVL-3454b08ad686,19353,PAL,30,selection_envelope,3,500000.0,,True
15.56939453297886,96.58809419048318,True,0.38958594730238394,0,0,2,0.05,0.04124999999999999,0.0223377574934474,-2.480710022241669,2.8856276763976094,-2.9753197447071633,-52.099927021752464,119.75574688020193,0.05,0.04124999999999999,610,0,2,0.7133770931739426,OVL-f879be9a31e6,19353,PAL,30,selection_envelope,3,500000.0,,True
15.998209169945131,96.4045507905884,True,0.3946047678795483,0,0,2,0.05,0.04124999999999999,0.021638800912204742,-1.1682439803191784,2.1874908750576987,-3.4106374734687566,-50.977642971253616,120.14332393227072,0.05,0.04124999999999999,610,0,2,0.7287585229405422,OVL-901673511b32,19353,PAL,30,selection_envelope,3,500000.0,,True
15.471358510462178,96.33652187152254,True,0.3989962358845671,0,0,2,0.05,0.04124999999999999,0.021376791459776046,-2.5698055236013886,3.214109691404329,-3.0327538880216727,-52.07084007255517,119.75780975661753,0.05,0.04124999999999999,610,0,2,0.7100658430695782,OVL-94f78fdeecb0,19353,PAL,30,selection_envelope,3,500000.0,,True
15.542870669893393,96.80623903984969,True,0.3946047678795483,0,0,2,0.05,0.04124999999999999,0.02238357858261128,-3.0973641214512955,2.821454025348239,-2.840799443085551,-52.579678465940844,119.80208271585626,0.05,0.04124999999999999,610,0,2,0.7135417205160964,OVL-450d1e7dbd88,19353,PAL,30,selection_envelope,3,500000.0,,True
15.973181583550772,96.27867398826326,True,0.4015056461731493,0,0,2,0.05,0.04124999999999999,0.021615113109907578,-1.0662802549672936,2.3854301684810415,-3.441212631556042,-50.9759237110946,120.14370920681124,0.05,0.04124999999999999,610,0,2,0.7277663228122434,OVL-d69eb4540b28,19353,PAL,30,selection_envelope,3,500000.0,,True
15.916554057112629,96.4535294827046,True,0.3902132998745295,0,0,2,0.05,0.04124999999999999,0.022926289584194837,-1.6902498771960428,2.2145347701148927,-3.3537301436429092,-51.70233056625983,120.09494750968524,0.05,0.04124999999999999,610,0,2,0.7263908325296674,OVL-c5eeb1dacb09,19353,PAL,30,selection_envelope,3,500000.0,,True
15.857283356334639,96.26076911661592,True,0.6907151819322459,0,0,2,0.075,0.075,0.06042879565457428,1.821615433543748,2.16555103784328,-0.7879068501217613,-43.14039643431829,109.58715216858052,0.075,0.075,610,0,2,0.7133835076689653,OVL-49c57570d609,19353,PAL,30,selection_envelope,3,500000.0,,True
15.102746160858935,97.20408113387141,True,0.05081555834378921,0,0,2,0.35,0.05,0.9150405348004365,1.5837957222202783,2.4468638808137726,-1.6380650328938215,-45.733161105662184,124.7039817201716,0.35,0.05,610,0,2,0.7066308272383546,OVL-60b97e1a89e8,19353,PAL,30,selection_envelope,3,500000.0,h_width_rmse_us,False
14.787658777030394,100.98510478563416,True,0.2685069008782936,0,0,2,0.05,0.05,0.03979970343410392,1.7448678634548713,-3.2282205652872245,-0.3355536332353068,-45.38527844941416,123.19623828380664,0.05,0.05,610,0,2,0.6967276471617194,OVL-54c4235a356c,19353,PAL,30,selection_envelope,3,500000.0,,True
15.313614487756958,96.37988399239325,True,0.1191969887076537,0,0,2,0.05,0.05,0.02917934931127677,1.903024624484915,2.4967020581777053,-2.077638993135188,-45.74665169188752,121.89662768606784,0.05,0.05,610,0,2,0.7087823466916469,OVL-7befffa7c209,19353,PAL,30,selection_envelope,3,500000.0,,True
14.64273363931821,95.99926203518781,True,0.11104140526976161,0,0,2,0.05,0.04124999999999999,0.05244044240850758,0.779802904947895,3.0773531275846864,-1.855848053365871,-45.43406906305998,119.7011421617617,0.05,0.04124999999999999,610,0,2,0.6920203539798707,OVL-441f35b7f94f,19353,PAL,30,selection_envelope,3,500000.0,strong_detail,True
14.612297230594937,102.5998077747301,True,0.06524466750313676,0,0,2,0.05,0.04124999999999999,0.04514321472896645,-0.9070903087787455,0.7684028810278984,4.110337123677662,-51.61740159811277,131.9294511546509,0.05,0.04124999999999999,610,0,2,0.7055168630510417,OVL-4e657c956f99,19353,PAL,30,selection_envelope,3,500000.0,strong_detail,True
14.737180536966111,98.62628854762694,True,0.3833124215809285,0,0,2,0.05,0.05,0.03522468862210978,1.404548026943747,0.14624967340617323,-1.319378127866539,-48.60966901838532,120.66619193196446,0.05,0.05,610,0,2,0.6684658981044195,OVL-841a2c0e7f1f,19353,PAL,30,selection_envelope,3,500000.0,strong_detail;fine_detail,True
12.852179616301056,93.80805704361374,True,0.8005018820577164,0,0,2,0.1,0.1,0.07652814761281748,2.4107489317703426,4.395889125750668,-3.334848486236353,-44.26885667006201,114.59746734967395,0.1,0.1,610,0,2,0.5593180643746375,OVL-a5c537fdf0be,19353,PAL,30,selection_envelope,3,500000.0,strong_detail;fine_detail,True
15.897548588051363,97.11804510318872,True,0.4034115369678505,0,0,2,0.05,0.05,0.019185489411338175,0.566385768998475,0.9826911875450965,-1.8623876234029,-52.442135832708544,123.12287937647258,0.05,0.05,506,0,2,0.7383648454768289,OVP56,19353,NTSC,30,selection_envelope,3,500000.0,,True
16.128495870154637,96.96295032035106,True,0.3748114653171447,0,0,2,0.05,0.036249999999999984,0.017037218036374726,0.7295077917647943,1.5011310206966273,-1.6429243715235682,-51.43185695840464,120.71737882640411,0.05,0.036249999999999984,506,0,2,0.7471308962634634,VLP56,19353,NTSC,30,selection_envelope,3,500000.0,,True
-6.266935976213657,-96.30873208471081,False,647.8548440995041,506,12,28,2.025,2.025,1000000.0,136.24313377676296,39.24971493430517,-142.1136175883719,-56.63549249311896,108.21438132714925,1000000.0,1000000.0,506,506,2,-0.3439637114602762,PLL96-rejected-board,19353,NTSC,30,selection_envelope,3,500000.0,contrast;strong_detail;sync;h_jitter_us;v_jitter_us;h_width_rmse_us;sync_error_ire;black_error_ire;white_error_ire;fine_detail,False
9.447056708893246,101.69321324590271,True,5.931504333663489,0,0,2,0.35,0.13624999999999998,0.10414459581728024,2.2080744890643116,2.1079784448794365,5.16336049124459,-52.66572344717217,113.78976178203433,0.35,0.13624999999999998,506,0,2,0.3407619759428209,PLL96-IQ-corrected,19353,NTSC,30,selection_envelope,3,500000.0,strong_detail;white_error_ire;fine_detail,True
21.786996750553726,95.75700674858795,True,0.0,0,0,2,0.025,0.025,0.018530500442252396,2.2243633845037265,2.23262612930959,-0.8903416959649916,-45.28862613454682,111.63481063942103,0.025,0.025,506,0,2,0.940533972944883,floating-PLL-IQ40,19353,NTSC,30,selection_envelope,3,500000.0,,True
3.4085001811702744,44.175161557788506,True,101.34811706159853,506,12,0,2.025,2.025,1000000.0,54.594220209304964,32.40275454390817,-21.14945752476249,9.319692357045284,89.99651307724923,1000000.0,1000000.0,506,506,2,0.573104962009094,HC50,19353,NTSC,30,selection_envelope,3,500000.0,contrast;strong_detail;sync;h_jitter_us;v_jitter_us;h_width_rmse_us;sync_error_ire;black_error_ire;white_error_ire;fine_detail,False
12.32223508282803,101.84429568980701,True,3.9121887484307587,0,0,2,0.075,0.075,0.06463258885037777,-2.619738969867138,-2.133114756349469,0.5595665910733107,-50.629758297712364,114.60247816327515,0.075,0.075,506,0,2,0.52523653335556,PLL96-board-fixed,19353,NTSC,30,selection_envelope,3,500000.0,strong_detail;fine_detail,True
15.671899236481297,96.83417052196326,True,0.448569544837386,0,0,2,0.05,0.05,0.02129108444114207,-2.866085634488913,2.7902583160145364,-3.083598358267037,-51.639885522475794,119.19082832915865,0.05,0.05,506,0,2,0.7321703302083693,OVL-d80ed68ab008,19353,NTSC,30,selection_envelope,3,500000.0,,True
16.107166916080406,96.68074213456008,True,0.45007481176637054,0,0,2,0.05,0.05,0.02114555242484288,-1.5439228051794898,1.9532130732081112,-3.543584525946691,-50.73135262241602,118.19501742589321,0.05,0.05,506,0,2,0.7466866011910182,OVL-3454b08ad686,19353,NTSC,30,selection_envelope,3,500000.0,,True
15.678041636559046,96.65128351872907,True,0.44631164444390925,0,0,2,0.05,0.05,0.021320071635561044,-2.5432515420577464,2.8602136504125357,-3.1019673050851266,-52.06825011120529,119.19082832892158,0.05,0.05,506,0,2,0.7319773124028811,OVL-f879be9a31e6,19353,NTSC,30,selection_envelope,3,500000.0,,True
16.114002488580923,96.44177794819015,True,0.44932217830187826,0,0,2,0.05,0.05,0.02091059454981798,-1.228966881275248,2.158936861531744,-3.5410583583737463,-50.7375562010773,118.1950270552503,0.05,0.05,506,0,2,0.7469371669064094,OVL-901673511b32,19353,NTSC,30,selection_envelope,3,500000.0,,True
15.578802467368709,96.40092776193136,True,0.4576011464112931,0,0,2,0.05,0.05,0.020341695725288912,-2.627841634555615,3.18618613998706,-3.1594877414132,-51.892555654569094,119.15726068519893,0.05,0.05,506,0,2,0.7286811124398754,OVL-94f78fdeecb0,19353,NTSC,30,selection_envelope,3,500000.0,,True
15.649467622919467,96.8651497201631,True,0.4508274452308628,0,0,2,0.05,0.05,0.021057750443837557,-3.135297997615239,2.795435359009835,-2.9692769467577014,-52.6625471651489,120.43661419522067,0.05,0.05,506,0,2,0.732043807826619,OVL-450d1e7dbd88,19353,NTSC,30,selection_envelope,3,500000.0,,True
16.088559677219813,96.31333652084962,True,0.4545906125533241,0,0,2,0.05,0.05,0.02055312214821694,-1.1181888326450609,2.360784612584965,-3.5696376717542666,-50.735838836053865,118.19541190544399,0.05,0.05,506,0,2,0.7459197877304309,OVL-d69eb4540b28,19353,NTSC,30,selection_envelope,3,500000.0,,True
16.027544268865014,96.49538027132886,True,0.44254847712144796,0,0,2,0.05,0.05,0.021349019471888334,-1.7413483743555358,2.1873940612721756,-3.489692107994469,-51.59923819493813,117.9471960529813,0.05,0.05,506,0,2,0.7445794522246894,OVL-c5eeb1dacb09,19353,NTSC,30,selection_envelope,3,500000.0,,True
15.969362772642594,96.21320655991518,True,0.7511281975632739,0,0,2,0.075,0.075,0.054514566353076964,1.8186371044499758,2.143773595871229,-0.9300573754292798,-45.73942239187104,109.43952892655903,0.075,0.075,506,0,2,0.7315430940771335,OVL-49c57570d609,19353,NTSC,30,selection_envelope,3,500000.0,,True
15.260719875508286,97.21373270613263,True,0.06623174487531874,0,0,2,0.35,0.05,0.8763675084583082,1.5501132839246474,2.4136511316538196,-1.760460799058061,-45.76027070457722,122.21715891659562,0.35,0.05,506,0,2,0.7266166800391946,OVL-60b97e1a89e8,19353,NTSC,30,selection_envelope,3,500000.0,h_width_rmse_us,False
14.89002651396997,100.85691832883846,True,0.3221271228026866,0,0,2,0.05,0.036249999999999984,0.03808016300161081,1.7450382185416118,-3.239687344743999,-0.4593482934971637,-45.54376257272702,121.81100102445095,0.05,0.036249999999999984,506,0,2,0.7151424689291901,OVL-54c4235a356c,19353,NTSC,30,selection_envelope,3,500000.0,strong_detail,True
15.488071226928398,96.33500742061696,True,0.15052669289845166,0,0,2,0.05,0.07249999999999997,0.02863840258755363,1.9306981244417623,2.477586351182933,-2.2150004445526115,-45.699777663003566,121.72840418140396,0.05,0.07249999999999997,506,0,2,0.7293656477222953,OVL-7befffa7c209,19353,NTSC,30,selection_envelope,3,500000.0,,True
14.772730515604485,95.9395749710581,True,0.09934761731297811,0,0,2,0.05,0.05,0.05425337642723207,0.795246997903566,3.043487594373106,-1.983552674531598,-45.358062079178524,123.2792386776957,0.05,0.05,506,0,2,0.7100165219512973,OVL-441f35b7f94f,19353,NTSC,30,selection_envelope,3,500000.0,strong_detail,True
14.774132759383122,102.52596188140491,True,0.07375807952024133,0,0,2,0.05,0.05,0.045254004255819956,-0.8786079288364746,0.7452110001237213,3.982149080708519,-51.65811607169732,130.93477304490648,0.05,0.05,506,0,2,0.724283969793388,OVL-4e657c956f99,19353,NTSC,30,selection_envelope,3,500000.0,strong_detail,True
14.840401168139659,98.57122726925917,True,0.41545367239972664,0,0,2,0.05,0.05,0.035737570049507825,1.3819203132445805,0.11862173112498342,-1.4514210957484501,-48.54095255633625,121.40031174542446,0.05,0.05,506,0,2,0.6866995541101384,OVL-841a2c0e7f1f,19353,NTSC,30,selection_envelope,3,500000.0,strong_detail;fine_detail,True
12.892522471666126,93.77497311371887,True,0.9076759581776637,0,0,2,0.1,0.2687499999999997,0.08745410993128636,2.3887575627529047,4.359926655509371,-3.4654980156054114,-43.6566833472808,114.4492434977634,0.1,0.2687499999999997,506,0,2,0.5717222832639042,OVL-a5c537fdf0be,19353,NTSC,30,selection_envelope,3,500000.0,strong_detail;v_jitter_us;fine_detail,True
16.024300713374092,97.66270077085908,True,0.38833124215809284,0,0,2,0.05,0.04124999999999999,0.019391353489736977,0.8280442461343306,0.8646362309359665,-1.1902802918390734,-59.25720085000997,117.65810502067718,0.05,0.04124999999999999,610,0,2,0.7270240127566922,OVP56,19354,PAL,30,selection_envelope,3,1500000.0,,True
16.142803259854624,97.6217157092855,True,0.39585947302383945,0,0,2,0.05,0.04124999999999999,0.01965376533398317,1.0270634517556454,0.8783968285784332,-1.2921772575375947,-59.90638265857314,118.10524439136624,0.05,0.04124999999999999,610,0,2,0.730066236311827,VLP56,19354,PAL,30,selection_envelope,3,1500000.0,,True
-7.639802332582095,-73.6149096927542,False,665.3839397741531,610,8,53,2.025,2.025,1000000.0,67.00102960803245,-8.53931104586493,-170.45677120141852,-79.52123676181478,50.26110854565623,1000000.0,1000000.0,610,610,2,-0.4152701265686403,PLL96-rejected-board,19354,PAL,30,selection_envelope,3,1500000.0,contrast;strong_detail;sync;h_jitter_us;v_jitter_us;h_width_rmse_us;sync_error_ire;black_error_ire;white_error_ire;fine_detail,False
8.966235417474378,91.23122830021484,True,6.673776662484316,610,8,0,2.025,2.025,1000000.0,12.421655807459885,10.615604392152264,-8.19244326522425,-50.8725812387359,107.65424324327772,1000000.0,1000000.0,610,610,2,0.4380642777799346,PLL96-IQ-corrected,19354,PAL,30,selection_envelope,3,1500000.0,strong_detail;sync;h_jitter_us;v_jitter_us;h_width_rmse_us;sync_error_ire;black_error_ire;white_error_ire;fine_detail,False
21.753183437170733,96.65651565064262,True,0.0,0,0,2,0.025,0.025,0.02074434546695699,1.254375369041311,1.5164489371385026,-1.6478587968545677,-46.18615511956429,110.44218325810733,0.025,0.025,610,0,2,0.9252835132550227,floating-PLL-IQ40,19354,PAL,30,selection_envelope,3,1500000.0,,True
4.974615484093414,44.90903732673271,True,82.97365119196989,610,8,0,2.025,2.025,1000000.0,43.40874358066124,21.929265922080695,-29.982614250535097,-4.733626723585161,79.6685161764858,1000000.0,1000000.0,610,610,2,0.5837244023056202,HC50,19354,PAL,30,selection_envelope,3,1500000.0,contrast;strong_detail;sync;h_jitter_us;v_jitter_us;h_width_rmse_us;sync_error_ire;black_error_ire;white_error_ire;fine_detail,False
11.931721240916858,93.07867019197114,True,4.006273525721455,0,0,2,0.125,0.08249999999999998,0.051583530857607106,3.280684906679057,10.527805237385591,-6.52655642593067,-51.99666219164651,101.34871640522842,0.125,0.08249999999999998,610,0,2,0.5368514724906779,PLL96-board-fixed,19354,PAL,30,selection_envelope,3,1500000.0,strong_detail;black_error_ire;white_error_ire;fine_detail,True
16.006653744711603,95.9709401839128,True,0.5909661229611042,0,0,2,0.05,0.04124999999999999,0.026511673890175558,2.444975822952267,2.1459203630335013,-1.5548224683558265,-56.20322283391197,115.06530665723703,0.05,0.04124999999999999,610,0,2,0.7206468025026967,OVL-d80ed68ab008,19354,PAL,30,selection_envelope,3,1500000.0,,True
16.157314380362823,95.60510838836929,True,0.5834378920953576,0,0,2,0.05,0.04124999999999999,0.020066487844818022,2.002591543846251,1.5483663010526696,-3.2753624653973072,-56.03904336426846,111.96354677447626,0.05,0.04124999999999999,610,0,2,0.7283076030605496,OVL-3454b08ad686,19354,PAL,30,selection_envelope,3,1500000.0,,True
16.0211723166792,95.81820200468817,True,0.5915934755332497,0,0,2,0.05,0.04124999999999999,0.026472998925908403,2.446327076653549,2.1583291869663515,-1.8647407758950405,-57.75753067435535,115.06530665723703,0.05,0.04124999999999999,610,0,2,0.7213389593993533,OVL-f879be9a31e6,19354,PAL,30,selection_envelope,3,1500000.0,,True
16.144493833369815,95.51170953846608,True,0.5834378920953576,0,0,2,0.05,0.04124999999999999,0.020719635100274438,2.1763634830916905,1.5666634582148038,-3.2853682001395232,-57.752767393475324,111.96354677447631,0.05,0.04124999999999999,610,0,2,0.7279042092132437,OVL-901673511b32,19354,PAL,30,selection_envelope,3,1500000.0,,True
15.981490242947858,95.60945148169509,True,0.596612296110414,0,0,2,0.05,0.04124999999999999,0.028414381027577002,2.9436003416457,2.146850217674453,-1.851836243850488,-56.20322283408997,113.51498422151268,0.05,0.04124999999999999,610,0,2,0.7200101892424545,OVL-94f78fdeecb0,19354,PAL,30,selection_envelope,3,1500000.0,,True
15.97277161687492,96.34954353229274,True,0.5941028858218319,0,0,2,0.05,0.04124999999999999,0.026278770338275026,2.4666495021029164,2.140861600778319,-0.6459415337198309,-56.83637741558465,115.7221419437469,0.05,0.04124999999999999,610,0,2,0.7199155726924379,OVL-450d1e7dbd88,19354,PAL,30,selection_envelope,3,1500000.0,,True
16.120356171009078,95.43780806738398,True,0.582810539523212,0,0,2,0.05,0.04124999999999999,0.021543893433228246,2.1187648724271204,1.5767252715152296,-3.391233615379286,-56.03904336426848,112.93301538853835,0.05,0.04124999999999999,610,0,2,0.7268499243331485,OVL-d69eb4540b28,19354,PAL,30,selection_envelope,3,1500000.0,,True
16.130206408174704,95.86060316091775,True,0.5840652446675031,0,0,2,0.05,0.04124999999999999,0.02079367810610542,1.9388331056889079,1.5527315160333994,-2.536284443544223,-57.75303887077652,113.54252436903484,0.05,0.04124999999999999,610,0,2,0.7265904241491109,OVL-c5eeb1dacb09,19354,PAL,30,selection_envelope,3,1500000.0,,True
16.053683726586748,95.36545025729065,True,1.6838143036386448,0,0,2,0.05,0.04124999999999999,0.01988697571976917,2.4539524720385844,1.8777257399459482,-3.1054508390893005,-49.08032944452502,102.62763719759162,0.05,0.04124999999999999,610,0,2,0.7116227445998573,OVL-49c57570d609,19354,PAL,30,selection_envelope,3,1500000.0,,True
15.144215679101494,95.97947990378503,True,0.25407779171894607,0,0,2,0.05,0.05,0.02144856600350143,0.6207529231924587,1.5385198127186424,-5.673985312553511,-57.46942694899965,114.29330612863292,0.05,0.05,610,0,2,0.708727791347203,OVL-60b97e1a89e8,19354,PAL,30,selection_envelope,3,1500000.0,white_error_ire,True
15.527794214633827,99.45598656978015,True,0.5407779171894604,0,0,2,0.05,0.04124999999999999,0.026550292517915602,-3.046771889630038,-0.19010515575779535,-4.272480299483311,-57.13092163451195,107.21372694620506,0.05,0.04124999999999999,610,0,2,0.7134032260268016,OVL-54c4235a356c,19354,PAL,30,selection_envelope,3,1500000.0,,True
15.72372981592383,96.53797759700664,True,0.6744040150564617,0,0,2,0.7524999999999977,0.8899999999999999,1.527176289114255,1.909235824977478,0.5554310479227007,-3.405921713553509,-54.27929703887156,110.02959274322733,0.7524999999999977,0.8899999999999999,610,0,2,0.7158960144235001,OVL-7befffa7c209,19354,PAL,30,selection_envelope,3,1500000.0,h_jitter_us;v_jitter_us;h_width_rmse_us,False
14.78556849021708,93.75770238290765,True,0.2509410288582183,0,0,2,0.05,0.04124999999999999,0.028719245846073556,4.061725635434016,1.597786878193417,-6.370425594951162,-59.33899153065477,110.53386195690446,0.05,0.04124999999999999,610,0,2,0.6952820550285014,OVL-441f35b7f94f,19354,PAL,30,selection_envelope,3,1500000.0,strong_detail;white_error_ire;fine_detail,True
14.462148700167424,102.69730578111911,True,0.28858218318695106,0,0,2,0.05,0.04124999999999999,0.022769335145120504,-0.7440031944305523,0.5663354931573131,0.9031666001219989,-60.9138081286852,117.90582644043216,0.05,0.04124999999999999,610,0,2,0.7010830320883782,OVL-4e657c956f99,19354,PAL,30,selection_envelope,3,1500000.0,strong_detail,True
14.811120761130642,97.28346275584435,True,0.5897114178168131,0,0,2,0.05,0.04124999999999999,0.028967901965145752,-1.4159548361770986,1.0208006520570914,-4.917924262192798,-59.17260372185686,111.65490073482734,0.05,0.04124999999999999,610,0,2,0.6686193096049675,OVL-841a2c0e7f1f,19354,PAL,30,selection_envelope,3,1500000.0,strong_detail;fine_detail,True
13.491269005008084,94.57196362402134,True,1.6405269761606023,0,0,2,0.075,0.05,0.6746075058026303,1.7846712501963395,1.967124642332099,-4.607809653399368,-52.96594590682341,102.93328638449846,0.075,0.05,610,0,2,0.5734831234652252,OVL-a5c537fdf0be,19354,PAL,30,selection_envelope,3,1500000.0,strong_detail;h_width_rmse_us;fine_detail,False
16.204591324935585,97.72788964917585,True,0.35524299524034597,0,0,2,0.05,0.05,0.01978765734995453,0.7874473294557303,0.7481428834167955,-1.2382164130405302,-61.297489836490556,117.84301241789876,0.05,0.05,506,0,2,0.7479021101011278,OVP56,19354,NTSC,30,selection_envelope,3,1500000.0,,True
16.328963079291064,97.67348662840413,True,0.36577986374323757,0,0,2,0.05,0.05,0.020613131391682124,0.9783848258770753,0.8433974177054682,-1.3346529997275125,-57.24418011882278,116.72797437747508,0.05,0.05,506,0,2,0.7511809026881832,VLP56,19354,NTSC,30,selection_envelope,3,1500000.0,,True
-7.534461593826441,-73.68569873042989,False,660.7406816450762,506,12,44,2.025,2.025,1000000.0,67.032870357738,-8.427883807331652,-170.49229271275613,-79.55133091371857,50.219155608039785,1000000.0,1000000.0,506,506,2,-0.3950021049556605,PLL96-rejected-board,19354,NTSC,30,selection_envelope,3,1500000.0,contrast;strong_detail;sync;h_jitter_us;v_jitter_us;h_width_rmse_us;sync_error_ire;black_error_ire;white_error_ire;fine_detail,False
8.940838137275918,91.15591366331434,True,6.720264204451375,506,12,0,2.025,2.025,1000000.0,12.329723059827714,10.488805253255606,-8.221756234773716,-50.90531156858586,107.8149909717468,1000000.0,1000000.0,506,506,2,0.4179179649228518,PLL96-IQ-corrected,19354,NTSC,30,selection_envelope,3,1500000.0,strong_detail;sync;h_jitter_us;v_jitter_us;h_width_rmse_us;sync_error_ire;black_error_ire;white_error_ire;fine_detail,False
22.07405128312964,96.64729423896672,True,0.0,0,0,2,0.025,0.025,0.021320071635561044,1.221193003194382,1.4808173247199587,-1.6935179629409223,-45.654919115344185,109.62304626493821,0.025,0.025,506,0,2,0.9348489148807659,floating-PLL-IQ40,19354,NTSC,30,selection_envelope,3,1500000.0,,True
4.954675707472436,44.90383614445052,True,88.6263536112859,506,12,0,2.025,2.025,1000000.0,43.39059292635768,21.892769487234766,-30.01255364250074,-2.8871353574364065,78.83293322692029,1000000.0,1000000.0,506,506,2,0.599600551437498,HC50,19354,NTSC,30,selection_envelope,3,1500000.0,contrast;strong_detail;sync;h_jitter_us;v_jitter_us;h_width_rmse_us;sync_error_ire;black_error_ire;white_error_ire;fine_detail,False
11.922226675781118,93.26169715777318,True,3.9648730909452174,0,0,2,0.125,0.07249999999999997,0.04980197942000095,3.2008318018103026,10.117223669078795,-6.564772032910647,-48.7755994728805,101.1769325274891,0.125,0.07249999999999997,506,0,2,0.5381398674952687,PLL96-board-fixed,19354,NTSC,30,selection_envelope,3,1500000.0,strong_detail;black_error_ire;white_error_ire;fine_detail,True
16.127012376660264,95.98941523400227,True,0.5584540306532557,0,0,2,0.05,0.05,0.02704117779318585,2.3951780866417156,2.0985093193159106,-1.5929292803856414,-54.410251257319544,113.68674794474191,0.05,0.05,506,0,2,0.7384419829741712,OVL-d80ed68ab008,19354,NTSC,30,selection_envelope,3,1500000.0,,True
16.284531728732468,95.63796509888587,True,0.562217197975717,0,0,2,0.05,0.05,0.019630983013368082,1.9501920598860498,1.511976737177256,-3.3234979926626194,-54.013683504585245,111.33809404298026,0.05,0.05,506,0,2,0.7463136372550955,OVL-3454b08ad686,19354,NTSC,30,selection_envelope,3,1500000.0,,True
16.141830522800163,95.83959970149823,True,0.562217197975717,0,0,2,0.05,0.05,0.02704117779318585,2.3964282718935754,2.1080410825034273,-1.9046589214868106,-54.4101629051022,113.05884558748713,0.05,0.05,506,0,2,0.7391270549647854,OVL-f879be9a31e6,19354,NTSC,30,selection_envelope,3,1500000.0,,True
16.271249768094588,95.5444682538782,True,0.5614645645112247,0,0,2,0.05,0.05,0.020189321327181205,2.1238807308033647,1.5280131079109196,-3.3316767432237557,-53.38189227947042,111.33809404298026,0.05,0.05,506,0,2,0.745890131008258,OVL-901673511b32,19354,NTSC,30,selection_envelope,3,1500000.0,,True
16.09720297246667,95.62118540472085,True,0.5667329987626706,0,0,2,0.05,0.05,0.02863840258755363,2.893076022610648,2.0987792736759405,-1.8908630191035591,-53.78511290243449,113.0585515537413,0.05,0.05,506,0,2,0.7376709312995628,OVL-94f78fdeecb0,19354,NTSC,30,selection_envelope,3,1500000.0,,True
16.093077399791323,96.35732084647448,True,0.559206664117748,0,0,2,0.05,0.05,0.02690379581488478,2.416587199294462,2.091912639572552,-0.6880787264032693,-54.41025125731794,114.32284448731235,0.05,0.05,506,0,2,0.7377102937966633,OVL-450d1e7dbd88,19354,NTSC,30,selection_envelope,3,1500000.0,,True
16.244627657279583,95.47393997271462,True,0.5629698314402093,0,0,2,0.05,0.05,0.02046277831680458,2.064027613084737,1.5381086292323844,-3.431065966740987,-52.97403994999351,112.88825559796857,0.05,0.05,506,0,2,0.7447010482026835,OVL-d69eb4540b28,19354,NTSC,30,selection_envelope,3,1500000.0,,True
16.253515543488184,95.8883118250016,True,0.5644750983691939,0,0,2,0.05,0.05,0.02037203384166269,1.884837248178654,1.5156555579968125,-2.5830481783241015,-54.0130195527285,111.9679053345586,0.05,0.05,506,0,2,0.74442366685787,OVL-c5eeb1dacb09,19354,NTSC,30,selection_envelope,3,1500000.0,,True
16.159547678148563,95.39989575305987,True,1.6271935502322625,0,0,2,0.05,0.05,0.01991210925195169,2.3959958532745285,1.827600746618573,-3.157675330288929,-50.48356550489629,102.57937013713462,0.05,0.05,506,0,2,0.7298044447566508,OVL-49c57570d609,19354,NTSC,30,selection_envelope,3,1500000.0,,True
15.317730680139094,96.0669532085218,True,0.2167584377737704,0,0,2,0.05,0.05,0.02189175671017992,0.5742551833562193,1.502892824639679,-5.6953891033219834,-56.34962613273058,110.29546193563269,0.05,0.05,506,0,2,0.7300270037714945,OVL-60b97e1a89e8,19354,NTSC,30,selection_envelope,3,1500000.0,white_error_ire,True
15.643321413807836,99.57500673051362,True,0.5539382298663023,0,0,2,0.05,0.05,0.025221352080935584,-3.089972284313207,-0.21559378344407978,-4.339315550998584,-57.16283597378338,106.66688218913862,0.05,0.05,506,0,2,0.7330244881011982,OVL-54c4235a356c,19354,NTSC,30,selection_envelope,3,1500000.0,,True
15.911088676323724,96.60131113974974,True,0.6841438192234629,0,0,2,0.675,0.3087499999999996,1.5888503406986891,1.868920979952282,0.4965817127005951,-3.4684708131798043,-53.780968496887894,107.46069216766915,0.675,0.3087499999999996,506,0,2,0.7376916584869133,OVL-7befffa7c209,19354,NTSC,30,selection_envelope,3,1500000.0,h_jitter_us;v_jitter_us;h_width_rmse_us,False
14.947244642897354,93.79986631914599,True,0.2581532783208446,0,0,2,0.05,0.05,0.027583864218368524,4.008514062819192,1.569814243719898,-6.401729259254245,-58.042970111561836,110.480141563905,0.05,0.05,506,0,2,0.7161404431202655,OVL-441f35b7f94f,19354,NTSC,30,selection_envelope,3,1500000.0,strong_detail;white_error_ire;fine_detail,True
14.648571811205418,102.72602395528942,True,0.2611638121788136,0,0,2,0.05,0.05,0.024145474784505065,-0.7816469190613214,0.5487403612154206,0.8849969933175703,-56.31132952216298,117.85379214768986,0.05,0.05,506,0,2,0.7223623998187284,OVL-4e657c956f99,19354,NTSC,30,selection_envelope,3,1500000.0,strong_detail,True
14.885126593638095,97.37945221777532,True,0.5607119310467326,0,0,2,0.05,0.05,0.029759410774480542,-1.4622671306197574,1.0146286975948218,-4.956685127828096,-59.204560699209,111.44768964942637,0.05,0.05,506,0,2,0.6857900673989307,OVL-841a2c0e7f1f,19354,NTSC,30,selection_envelope,3,1500000.0,strong_detail;fine_detail,True
13.547249748116432,94.6147478779564,True,1.5948303112590956,0,0,2,0.075,0.075,0.5369177147487939,1.7056338452889794,1.876466047262971,-4.6641019233776,-52.99846919990227,102.8813588804733,0.075,0.075,506,0,2,0.5885412148782276,OVL-a5c537fdf0be,19354,NTSC,30,selection_envelope,3,1500000.0,strong_detail;h_width_rmse_us;fine_detail,False
12.047262144781648,93.49575364635899,True,2.2271016311166876,231,2,1,2.025,2.025,1.7991335682227898,6.441687998485904,1.1569329894404123,-3.3332233214114684,-71.38145999967986,124.42689210221447,1.2774999999999992,0.5,610,3,2,0.5562700822381692,OVP56,19355,PAL,30,selection_channel,3,1000000.0,,False
12.49799176952183,95.50742956931278,True,2.1217063989962357,119,0,2,2.025,0.8287499999999997,2.000714612658053,2.754906840131324,1.0405488476962872,-2.8662004682511304,-71.3625190654432,127.13949956407679,1.2,0.8287499999999997,610,3,2,0.566618875307231,VLP56,19355,PAL,30,selection_channel,3,1000000.0,h_width_rmse_us,False
-6.713238261904779,-82.23871271200198,False,611.6323713927228,610,8,54,2.025,2.025,1000000.0,84.54417738806123,21.601423302640338,-155.97564848883061,-69.29004705775189,86.1144393871051,1000000.0,1000000.0,610,610,2,-0.3460347807289238,PLL96-rejected-board,19355,PAL,30,selection_channel,3,1000000.0,polarity;strong_sinad;h_missing;v_missing;vertical_trains;h_width_rmse_us;sync_error_ire;black_error_ire;white_error_ire;fine_detail,False
9.529947660743806,94.95169722688715,True,6.09159347553325,283,5,0,2.025,2.025,3.485430575939534,13.347457244727869,-0.8704299812563882,-2.9737343012311803,-56.950886652991144,118.44461741039758,0.8699999999999989,0.1,610,9,2,0.3441759131846565,PLL96-IQ-corrected,19355,PAL,30,selection_channel,3,1000000.0,strong_sinad;h_missing;v_missing;vertical_trains;h_width_rmse_us;sync_error_ire;fine_detail,False
17.139947616832817,95.35908205464139,True,0.8764115432873275,0,0,2,0.05,0.025,0.03954142878253054,1.249418599389249,1.5007298717714146,-2.8069319517373996,-65.71726269507631,126.26847959586267,0.05,0.025,610,0,2,0.7920585548403928,floating-PLL-IQ40,19355,PAL,30,selection_channel,3,1000000.0,,True
4.392486968589243,44.49010284395098,True,87.73525721455458,610,8,0,2.025,2.025,1000000.0,48.42017880038826,26.698893720613924,-26.395098304281902,-20.15973315070012,101.07176600984788,1000000.0,1000000.0,610,610,2,0.44449251007967155,HC50,19355,PAL,30,selection_channel,3,1000000.0,strong_sinad;h_missing;v_missing;vertical_trains;h_width_rmse_us;sync_error_ire;black_error_ire;white_error_ire;fine_detail,False
11.42897148748187,97.2727372150512,True,4.080928481806775,0,0,2,0.075,0.075,0.07454781719930052,1.4202641973255479,-0.5865399378201825,-4.211014734194649,-65.56196736069519,111.47989040006006,0.075,0.075,610,0,2,0.4439580790533571,PLL96-board-fixed,19355,PAL,30,selection_channel,3,1000000.0,strong_sinad;fine_detail,True
13.626230743386298,97.11298670582926,True,1.3814303638644918,0,0,2,0.05,0.05,0.37065101123718464,-1.8348609893676577,2.0591668209879437,-2.176357733720126,-65.2625640576599,121.86660291620196,0.05,0.05,610,0,2,0.6120390947776183,OVL-d80ed68ab008,19355,PAL,30,selection_channel,3,1000000.0,,False
14.001745819232834,96.36644253079984,True,1.378293601003764,0,0,2,0.05,0.05,0.4297123036805279,-0.9613719086086725,1.2703578491961809,-3.4794453442681945,-62.30238967214917,119.31200256487638,0.05,0.05,610,0,2,0.6297789102827279,OVL-3454b08ad686,19355,PAL,30,selection_channel,3,1000000.0,,False
13.645728676705712,96.95651488267032,True,1.3751568381430364,0,0,2,0.05,0.05,0.3701918532284595,-1.655271091790162,2.1043767286868,-2.3094581534744294,-65.26256405768123,121.86660291618126,0.05,0.05,610,0,2,0.6124387093568264,OVL-f879be9a31e6,19355,PAL,30,selection_channel,3,1000000.0,,False
14.026782390682202,96.19793615496458,True,1.3720200752823086,0,0,2,0.05,0.05,0.42853280954024864,-0.7383827190051607,1.341672480004434,-3.560278169055335,-61.07158043881742,119.31200256487632,0.05,0.05,610,0,2,0.630435170472497,OVL-901673511b32,19355,PAL,30,selection_channel,3,1000000.0,,False
13.624643240195349,97.00072083877673,True,1.3902132998745294,0,0,2,0.05,0.05,0.3704311842907964,-1.7853116979079937,2.123052360596843,-2.2415364009006997,-65.26256405765994,121.86986696952239,0.05,0.05,610,0,2,0.6114464364363232,OVL-94f78fdeecb0,19355,PAL,30,selection_channel,3,1000000.0,,False
13.60121689325153,96.9589212080231,True,1.3858218318695108,0,0,2,0.05,0.05,0.5330712513505051,-1.7223071452528582,2.1607879604820455,-1.955790858221265,-65.21130593230008,123.41115628862703,0.05,0.05,610,0,2,0.6113125685045105,OVL-450d1e7dbd88,19355,PAL,30,selection_channel,3,1000000.0,,False
14.026786319077441,96.04593938783074,True,1.3707653701380176,0,0,2,0.05,0.05,0.47480906429951775,-0.6530103601335128,1.4291257110608124,-3.703382959029403,-60.87545016053491,120.82289052259459,0.05,0.05,610,0,2,0.6302463079220167,OVL-d69eb4540b28,19355,PAL,30,selection_channel,3,1000000.0,,False
13.993281625847914,96.2559358985146,True,1.377038895859473,0,0,2,0.05,0.05,0.4182712274017078,-0.8160069356745601,1.4370951315090152,-3.173835654474496,-63.494857766718084,120.17019945262574,0.05,0.05,610,0,2,0.6289711206388783,OVL-c5eeb1dacb09,19355,PAL,30,selection_channel,3,1000000.0,,False
14.2189113722237,94.55202748606507,True,1.7365119196988708,0,0,2,0.075,0.09124999999999998,0.19608096771905054,1.4159100400910847,1.7254882332645094,-3.9800414310319443,-50.27885307705177,109.4811392364807,0.075,0.09124999999999998,610,0,2,0.6196833295775701,OVL-49c57570d609,19355,PAL,30,selection_channel,3,1000000.0,,True
13.743858407436518,98.20868069889684,True,1.0,15,0,2,0.65,0.06624999999999999,1.2555749628735664,1.5983061615021315,-0.843110347468769,-3.7589304823558503,-56.193412976630256,118.75864989955987,0.075,0.06624999999999999,610,1,2,0.6449480084067336,OVL-60b97e1a89e8,19355,PAL,30,selection_channel,3,1000000.0,,False
13.073266942369589,98.58918612148855,True,1.1825595984943538,0,0,2,0.075,0.04124999999999999,0.7063942439380806,-0.1797520973185641,-0.971756602885146,-3.5801904690962845,-57.65197488517276,117.53681506792559,0.075,0.04124999999999999,610,0,2,0.5988235563295469,OVL-54c4235a356c,19355,PAL,30,selection_channel,3,1000000.0,,False
12.946894053653239,95.50296214793028,True,1.284818067754078,52,0,2,2.025,0.7162499999999994,1.630591771440542,2.0233540802431067,1.1027200830344872,-4.125636864891588,-58.00609800490472,119.6506726727773,0.875,0.7162499999999994,610,1,2,0.5891259198012798,OVL-7befffa7c209,19355,PAL,30,selection_channel,3,1000000.0,,False
12.84905945879763,96.47710688067774,True,1.3444165621079047,21,0,2,1.1324999999999932,0.7324999999999995,1.5573982074506374,1.4750572141587008,0.19864894006802827,-5.004778074253835,-59.68749021520638,119.59028999127143,0.7300000000000011,0.7324999999999994,610,1,2,0.589988478726889,OVL-441f35b7f94f,19355,PAL,30,selection_channel,3,1000000.0,,False
12.548813339812268,105.02586749876917,True,1.096612296110414,1,0,2,0.06374999999999886,0.05,0.8462797704765832,-1.40314879837119,-3.4788318315201066,2.188848846271542,-61.076176492565324,127.09907928182666,0.05,0.05,610,1,2,0.6242194361480782,OVL-4e657c956f99,19355,PAL,30,selection_channel,3,1000000.0,black_error_ire,False
12.970685170164966,98.31484068688833,True,1.3739021329987453,10,0,2,0.75,0.04124999999999999,1.221482620288421,-1.2692950538666852,-0.0605264874534557,-3.591056445105408,-64.38882125848879,125.16987292980762,0.675,0.04124999999999999,610,1,2,0.5826702504270355,OVL-841a2c0e7f1f,19355,PAL,30,selection_channel,3,1000000.0,,False
12.33348163651563,94.37478634353607,True,1.5388958594730238,0,0,2,0.1,0.09124999999999998,0.04033669768743928,1.0795537702807578,2.9026743174231684,-3.305052976028772,-54.80365837349309,112.08392534264219,0.1,0.09124999999999998,610,0,2,0.5265695332626616,OVL-a5c537fdf0be,19355,PAL,30,selection_channel,3,1000000.0,,True
12.075894989680702,94.02837415770998,True,2.434769257632456,195,5,2,2.025,2.025,1.8239144681531159,5.686676079949289,0.5450919637579423,-3.310011868648466,-71.47946218757119,123.97205582400966,1.2625,0.05,506,4,2,0.5740240681083438,OVP56,19355,NTSC,30,selection_channel,3,1000000.0,,False
12.525094232813547,96.1283389388906,True,2.2940267997724035,66,2,2,2.025,2.025,1.9957344427325723,1.9206455829774876,0.42279804063398296,-2.861620918060668,-71.84252722261114,127.82501068980014,1.551249999999999,1.3637499999999994,506,2,2,0.5837325425666263,VLP56,19355,NTSC,30,selection_channel,3,1000000.0,h_width_rmse_us,False
-6.672134913974627,-82.40982968281371,False,614.8578877492346,506,12,46,2.025,2.025,1000000.0,84.18571916294658,21.06263230047315,-156.9494198393221,-70.36966241071353,86.12452195494396,1000000.0,1000000.0,506,506,2,-0.33880587638628484,PLL96-rejected-board,19355,NTSC,30,selection_channel,3,1000000.0,polarity;strong_sinad;h_missing;v_missing;vertical_trains;h_width_rmse_us;sync_error_ire;black_error_ire;white_error_ire;fine_detail,False
9.496074770827967,94.83062280130456,True,6.26868412575602,145,1,0,2.025,0.9662499999999985,3.317020970139244,12.574206843060091,-1.4137368056517083,-2.9954865541765985,-63.39982749539764,118.56262602564539,1.35,0.1,506,3,2,0.33266416536927684,PLL96-IQ-corrected,19355,NTSC,30,selection_channel,3,1000000.0,strong_sinad;vertical_trains;h_width_rmse_us;sync_error_ire;fine_detail,False
17.128093426560618,95.94228572006006,True,0.8602600499146513,0,0,2,0.05,0.025,0.03824200037766559,0.3975686951691036,0.883581642698994,-2.80488011858411,-65.61426168542859,126.73127484233945,0.05,0.025,506,0,2,0.7952309309917412,floating-PLL-IQ40,19355,NTSC,30,selection_channel,3,1000000.0,,True
4.435739531435907,44.78738482852142,True,93.21591247775967,506,12,0,2.025,2.025,1000000.0,47.88386679506049,26.24901041153281,-26.507055941844094,-23.96400641020378,101.3563546703262,1000000.0,1000000.0,506,506,2,0.4595015009070523,HC50,19355,NTSC,30,selection_channel,3,1000000.0,strong_sinad;h_missing;v_missing;vertical_trains;h_width_rmse_us;sync_error_ire;black_error_ire;white_error_ire;fine_detail,False
11.369817215035551,97.71692982056632,True,4.1003471145538235,0,0,2,0.1,0.075,0.12187800872945746,0.5085170938740617,-1.2259432297845416,-4.225137143787433,-69.87813092179505,111.32872018410549,0.1,0.075,506,0,2,0.44609490425032117,PLL96-board-fixed,19355,NTSC,30,selection_channel,3,1000000.0,strong_sinad;fine_detail,True
13.624306089265552,97.82120852490482,True,1.4051666782070464,0,0,2,0.05,0.05,0.4153445757449957,-2.703566203549746,1.4540306589694185,-2.1538712460724767,-65.75750036591317,124.1369151199467,0.05,0.05,506,0,2,0.6261839633792955,OVL-d80ed68ab008,19355,NTSC,30,selection_channel,3,1000000.0,,False
13.99673735710799,97.07021918100976,True,1.3938771762396627,0,0,2,0.05,0.05,0.33004783160361023,-1.8370623927919016,0.6530128719012853,-3.455548514587406,-62.17818295059188,120.93905588916914,0.05,0.05,506,0,2,0.6438728700251519,OVL-3454b08ad686,19355,NTSC,30,selection_channel,3,1000000.0,,False
13.647521952723562,97.66215034238851,True,1.4021561443490775,0,0,2,0.05,0.05,0.41599237270675726,-2.525360008225269,1.499233716658643,-2.2892406151965434,-65.75750036591316,123.21526602448981,0.05,0.05,506,0,2,0.6266398359345217,OVL-f879be9a31e6,19355,NTSC,30,selection_channel,3,1000000.0,,False
14.026683365498888,96.89789193880803,True,1.383340307736771,0,0,2,0.05,0.05,0.33008525368994796,-1.6140689769532326,0.7259983714285311,-3.5376958185406315,-61.048480281509946,120.94077443306563,0.05,0.05,506,0,2,0.6444547970863853,OVL-901673511b32,19355,NTSC,30,selection_channel,3,1000000.0,,False
13.623210281146562,97.70735184416854,True,1.4081772120650156,0,0,2,0.05,0.05,0.41579487189486974,-2.657064505684218,1.516900634903686,-2.222290868001926,-65.75750036591356,123.21355183540902,0.05,0.05,506,0,2,0.6255396452520066,OVL-94f78fdeecb0,19355,NTSC,30,selection_channel,3,1000000.0,,False
13.597936177842056,97.66679660463117,True,1.4134456463164613,0,0,2,0.05,0.05,0.41609479860114196,-2.5899885125680613,1.5578376498557114,-1.9445053944366855,-65.6526972814017,124.96092470123509,0.05,0.05,506,0,2,0.6252702563255803,OVL-450d1e7dbd88,19355,NTSC,30,selection_channel,3,1000000.0,,False
14.030326407316078,96.7389276079129,True,1.380329773878802,0,0,2,0.05,0.05,0.3300908666369825,-1.5227837395611228,0.8148896767862733,-3.68637320666927,-60.97790305728199,120.56055627662715,0.05,0.05,506,0,2,0.6441996441363367,OVL-d69eb4540b28,19355,NTSC,30,selection_channel,3,1000000.0,,False
13.986689877728388,96.95271669367334,True,1.3968877100976316,0,0,2,0.05,0.05,0.32895322961285434,-1.6895171860261047,0.8221309255583155,-3.1568303578935675,-62.818848629374166,120.97236288159468,0.05,0.05,506,0,2,0.6427018706908949,OVL-c5eeb1dacb09,19355,NTSC,30,selection_channel,3,1000000.0,,False
14.252054741584118,95.16032276218687,True,1.8153519163553273,0,0,2,0.075,0.1424999999999999,0.03085971701729217,0.5448648975936108,1.109458636228606,-4.013100526788509,-51.71874751415299,109.71381996434329,0.075,0.1424999999999999,506,0,2,0.6320348764817232,OVL-49c57570d609,19355,NTSC,30,selection_channel,3,1000000.0,,True
13.729992889033289,98.80798907898239,True,0.987455105413843,14,0,2,0.85,1.2249999999999996,1.2945668006014646,0.7410292643084885,-1.4538081376127998,-3.747987896556782,-59.32583316673933,119.64625988716875,0.075,1.2249999999999996,506,1,2,0.6595589674952391,OVL-60b97e1a89e8,19355,NTSC,30,selection_channel,3,1000000.0,,False
13.075071201634037,99.25901443887632,True,1.2478662841281645,0,0,2,0.05,0.061249999999999985,0.5911025071111131,-1.047848651848286,-1.5999162227101975,-3.5786512281682032,-59.104743196780554,117.4000330556174,0.05,0.061249999999999985,506,0,2,0.6145288420630857,OVL-54c4235a356c,19355,NTSC,30,selection_channel,3,1000000.0,,False
12.970415940545655,96.12178749686937,True,1.4616141880439657,33,1,2,2.025,1.3924999999999992,1.5520020487770092,1.1697089128520959,0.4897446336069843,-4.127266512817794,-59.13984056999172,119.69426998024429,0.925,0.475,506,1,2,0.6013501569993359,OVL-7befffa7c209,19355,NTSC,30,selection_channel,3,1000000.0,,False
12.889859325552974,97.12669762086071,True,1.5353722675642072,12,1,2,1.4,1.4474999999999991,1.5272023156594103,0.5530374292646393,-0.40493931467204713,-5.0244507971090675,-60.165929910107906,119.84885586320439,1.0,0.9375,506,1,2,0.6060113036344399,OVL-441f35b7f94f,19355,NTSC,30,selection_channel,3,1000000.0,,False
12.469233137270404,105.66709995032372,True,1.1169080613065114,1,0,2,0.05,0.47999999999999937,0.8248799792685114,-2.295471365787757,-4.11492120468899,2.2699792600206044,-62.503459761665624,127.89209232513653,0.05,0.47999999999999937,506,1,2,0.6383549338099398,OVL-4e657c956f99,19355,NTSC,30,selection_channel,3,1000000.0,black_error_ire,False
12.946490832134167,98.9663957427355,True,1.4322614829287676,3,1,2,0.525,1.7362499999999996,1.1565699613714338,-2.127801701354784,-0.6790521847313189,-3.619626201196809,-65.46318989630502,120.44345138653136,0.4149999999999977,0.775,506,1,2,0.5971328533296899,OVL-841a2c0e7f1f,19355,NTSC,30,selection_channel,3,1000000.0,,False
12.39442517261262,94.98284898317947,True,1.6174093151938633,0,0,2,0.1,0.08624999999999998,0.04291445208351679,0.23421394040402366,2.295554895825392,-3.316260227561626,-55.726979744303804,114.78609101308055,0.1,0.08624999999999998,506,0,2,0.5385450791356091,OVL-a5c537fdf0be,19355,NTSC,30,selection_channel,3,1000000.0,fine_detail,True
