sinad,contrast,polarity_ok,large_errors,h_missing,v_missing,v_trains,h_jitter_us,v_jitter_us,h_width_rmse_us,sync_error_ire,black_error_ire,white_error_ire,raw_min,raw_max,h_jitter_matched_us,v_jitter_matched_us,h_expected,max_h_gap,expected_v_trains,luma_sinad,detail_corr,model,profile,stage,seed,standard,cnr,rms,cfo_hz,quality_failures,usable,burst_gain,burst_phase_deg,burst_phase_jitter_deg,burst_amplitude_jitter_pct,burst_rmse_ire
0.7361103538496739,55.355961919230744,True,220.12296110414053,610,8,0,2.025,2.025,1000000.0,35.479824977006295,14.027512903856627,-29.804301870850402,-89.01982163494331,148.77691082545283,1000000.0,1000000.0,610,610,2,5.534558195068822,0.11581670109114145,OVP56,extreme,final,50401,PAL,0,3,1000000.0,,False,,,,,
1.1691128587439323,63.171296718914746,True,166.37515683814303,536,8,0,2.025,2.025,3.4271767594538423,31.585106824844463,5.085719419807393,-34.74509660122776,-75.13403146837702,133.80911633464785,1.85,1000000.0,610,45,2,6.00145931992591,0.11564284806324227,RANGE32,extreme,final,50401,PAL,0,3,1000000.0,,False,,,,,
-6.794287273734138,-76.93820947177412,False,640.4077791718946,608,8,1,2.025,2.025,3.437704539369258,90.02656985673553,18.68208226130848,-146.88848803456693,-77.26248578210249,137.91172996397484,0.875,1000000.0,610,392,2,-6.685830749042648,-0.09321241191021641,PLL96-rejected-board,extreme,final,50401,PAL,0,3,1000000.0,,False,,,,,
2.6763284047204077,84.8850241501088,True,114.99686323713927,382,5,0,2.025,2.025,3.3148175441307766,12.471206966814842,3.672183638279703,-11.532181045079659,-76.80762007140213,138.20093744793178,1.85,1.8199999999999998,610,10,2,5.572210167645042,0.09916136259773875,PLL96-IQ-corrected,extreme,final,50401,PAL,0,3,1000000.0,,False,,,,,
5.818872060383286,92.08626751833302,True,41.32810539523212,481,5,0,2.025,2.025,3.500049141404741,4.970575050319062,1.5157304119247699,-7.784419233368063,-79.4181402671924,139.26249627016955,1.875,1.8275,610,22,2,13.14191152791169,0.2536372692832113,floating-PLL-IQ40,extreme,final,50401,PAL,0,3,1000000.0,,False,,,,,
0.8481048025626715,31.908480341333167,True,221.75031367628605,610,8,0,2.025,2.025,1000000.0,52.723738408643314,26.947168764360335,-41.33447571645965,-80.77297825637122,137.14291291684242,1000000.0,1000000.0,610,610,2,2.8425277356984298,0.07291285013375151,HC50,extreme,final,50401,PAL,0,3,1000000.0,,False,,,,,
0.1947974392809143,69.82320701573144,True,196.21894604767877,432,6,0,2.025,2.025,3.406228288251595,16.8004324030718,3.4090197795684376,-30.589078832494458,-84.16962792964502,130.81647089090268,1.8075000000000003,1.27,610,16,2,3.834040049779161,0.08343163586916229,PLL96-board-fixed,extreme,final,50401,PAL,0,3,1000000.0,,False,,,,,
4.463148221157392,75.50100904243162,True,86.15181932245922,186,0,0,2.025,1.7837499999999997,3.0984806361115913,10.29189792649044,11.512177924847153,-22.574396004584454,-85.23014440874122,123.59912306882144,1.825,1.78375,610,4,2,7.7787482731145765,0.11742218956887027,RNG-1bb4e5330dad,extreme,final,50401,PAL,0,3,1000000.0,,False,,,,,
2.7344729276668955,68.70221896451272,True,134.5056461731493,610,8,0,2.025,2.025,1000000.0,26.162216653665723,9.390356403301032,-21.23309113129581,-86.5254334679881,146.07883955101198,1000000.0,1000000.0,610,610,2,8.460466422038715,0.17365414696798356,OVP56,extreme,final,50401,PAL,2,3,1000000.0,,False,,,,,
3.2685439005658017,77.25031447057837,True,90.93036386449184,359,6,0,2.025,2.025,3.280791919267341,19.92216069936564,2.9079486092789484,-22.80582915927716,-72.14788173843465,133.3790368380612,1.825,0.69,610,10,2,9.299126796916447,0.17179448730467664,RANGE32,extreme,final,50401,PAL,2,3,1000000.0,,False,,,,,
-6.780005504774057,-81.62627589778435,False,624.7164366373902,609,8,17,2.025,2.025,3.625,89.82711171519843,20.217964357292313,-153.0540642528947,-74.48348779507093,136.06042736837293,0.9,1000000.0,610,392,2,-6.751270463632164,-0.16226928890012743,PLL96-rejected-board,extreme,final,50401,PAL,2,3,1000000.0,,False,,,,,
5.492303288654277,89.40787311237767,True,49.30928481806775,387,4,0,2.025,2.025,3.320117204425331,11.035957437740906,1.8889450779550236,-7.4985456932478565,-74.17439353708234,135.78665719652784,1.9,1.7974999999999999,610,8,2,9.487571282850686,0.15940030700193586,PLL96-IQ-corrected,extreme,final,50401,PAL,2,3,1000000.0,,False,,,,,
8.149792996089628,94.09779907560534,True,11.826223337515684,355,4,0,2.025,2.025,3.406656905899067,3.993953694344409,1.636814032258998,-4.607513367153221,-78.32771156710841,138.6002560398939,1.825,1.6299999999999997,610,10,2,18.47342129023926,0.3602471429674584,floating-PLL-IQ40,extreme,final,50401,PAL,2,3,1000000.0,,False,,,,,
2.136436558530999,38.1384406441724,True,165.0370138017566,610,8,0,2.025,2.025,1000000.0,50.82753585759915,27.15883881596699,-34.19841126671393,-78.77171184051926,133.82057541963442,1000000.0,1000000.0,610,610,2,3.667996861311098,0.11442536759451495,HC50,extreme,final,50401,PAL,2,3,1000000.0,,False,,,,,
2.777913626249282,81.53302301072068,True,101.78042659974906,274,2,0,2.025,2.025,3.2243799007014693,9.420672508710352,0.3784413640359476,-22.03203582915243,-82.2925569204323,127.66956096072616,1.9,1.28125,610,7,2,7.043411277684072,0.13726371509836294,PLL96-board-fixed,extreme,final,50401,PAL,2,3,1000000.0,,False,,,,,
6.649560485260863,83.05152725036416,True,45.279171894604765,76,0,0,2.025,0.6912499999999997,2.7851589277470303,5.95967991776775,7.927580007729138,-16.098423764743963,-73.58104905819721,121.92960048954112,1.775,0.6912499999999997,610,3,2,10.857995857447964,0.17989281553781492,RNG-1bb4e5330dad,extreme,final,50401,PAL,2,3,1000000.0,,False,,,,,
5.0573381235685675,80.71028356730065,True,65.3676286072773,603,6,0,2.025,2.025,3.572489128244979,16.98386545822142,5.181829353668643,-13.774904591552557,-84.44471120075309,146.94800833463788,1.3674999999999997,1.81875,610,166,2,12.405324608142095,0.24998754321990685,OVP56,extreme,final,50401,PAL,4,3,1000000.0,,False,,,,,
5.808264898198273,88.54578110182351,True,39.83249686323714,85,0,0,2.025,1.27375,2.91865082170643,9.21472797567211,1.7523412980260293,-11.972405689502217,-68.82405178476307,131.47462910469918,1.7,1.27375,610,3,2,13.803914283016155,0.2487456956945068,RANGE32,extreme,final,50401,PAL,4,3,1000000.0,,False,,,,,
-6.825897352274363,-84.29264184952862,False,617.4391468005019,610,8,39,2.025,2.025,1000000.0,88.56741378114214,21.224045720529126,-156.88363415704276,-74.3556790308337,133.1028224161133,1000000.0,1000000.0,610,610,2,-6.842675862344498,-0.24506806747800403,PLL96-rejected-board,extreme,final,50401,PAL,4,3,1000000.0,,False,,,,,
7.980507615347788,93.21778809090641,True,17.685069008782936,417,3,0,2.025,2.025,3.393122520690125,10.695818048758136,0.29322063600549303,-3.8046824679225253,-73.97857408353006,134.34657027240556,1.9,1.385,610,13,2,13.154242293992468,0.23871394331263465,PLL96-IQ-corrected,extreme,final,50401,PAL,4,3,1000000.0,,False,,,,,
10.146361612833543,95.98029554348989,True,2.3450439146800504,132,1,0,2.025,1.8237499999999995,3.130847875656384,2.546471105787786,1.2660547656742969,-2.3814414861562923,-74.62293515597386,135.50790852065617,1.775,1.3824999999999998,610,4,2,23.46636200474379,0.464056629853906,floating-PLL-IQ40,extreme,final,50401,PAL,4,3,1000000.0,,False,,,,,
3.280695900838142,42.65322377700623,True,122.797365119197,610,8,0,2.025,2.025,1000000.0,49.364499945479565,27.127313759948148,-28.90076837184893,-76.70994594026591,126.75776519429101,1000000.0,1000000.0,610,610,2,4.287800991216274,0.17855997327141904,HC50,extreme,final,50401,PAL,4,3,1000000.0,,False,,,,,
5.811751708255906,90.97120853175673,True,40.903387703889585,77,1,0,2.025,1.9987499999999998,2.881097417036438,3.3825207852642087,-1.673455564988245,-14.41733956179555,-83.21348229783334,126.62569783561213,1.6599999999999995,1.7924999999999998,610,2,2,10.965804835748028,0.21444956012729052,PLL96-board-fixed,extreme,final,50401,PAL,4,3,1000000.0,,False,,,,,
8.626123375575151,88.74570323871214,True,24.088456712672524,11,0,0,1.525,1.1687499999999997,2.213538269253342,2.818067279417984,4.892661551281869,-12.125860750806677,-75.28489197930764,122.43943923065507,1.4025000000000005,1.1687499999999997,610,1,2,13.699676931700964,0.25096414202078077,RNG-1bb4e5330dad,extreme,final,50401,PAL,4,3,1000000.0,,False,,,,,
7.4493390172542355,87.94301778988279,True,22.47616060225847,545,8,0,2.025,2.025,3.4969107245373907,10.861743151318654,2.8118681981902736,-9.208582580140645,-82.44167231923578,140.50890522624618,1.95,1000000.0,610,58,2,16.556892882625522,0.3383747652758273,OVP56,extreme,final,50401,PAL,6,3,1000000.0,,False,,,,,
8.570552457338634,93.89501903555298,True,12.666875784190715,9,0,1,1.1774999999999978,1.015,2.074529846702276,3.427292472537276,1.7248343223367006,-5.489199273928838,-65.19642703427031,124.48912882707009,1.05,1.015,610,1,2,19.19021502252251,0.34584549264861325,RANGE32,extreme,final,50401,PAL,6,3,1000000.0,,False,,,,,
-6.793128040297409,-84.26668686724726,False,613.1624843161857,610,8,54,2.025,2.025,1000000.0,86.85175342485931,22.139019411199182,-157.35533727796417,-73.77987064453669,132.22432806741327,1000000.0,1000000.0,610,610,2,-6.828601527637412,-0.3022406450036966,PLL96-rejected-board,extreme,final,50401,PAL,6,3,1000000.0,,False,,,,,
9.1613250416107,94.24285651782938,True,8.189460476787955,482,5,0,2.025,2.025,3.4850146554121553,12.317572921355294,-0.5307458530634784,-2.8669639665939575,-72.5446232126598,132.2218632780163,1.9,1.0375,610,25,2,14.205513091400839,0.2959933079764335,PLL96-IQ-corrected,extreme,final,50401,PAL,6,3,1000000.0,,False,,,,,
12.048018025075447,96.08668446800557,True,0.24968632371392724,24,0,0,1.8,0.9824999999999999,2.665311911451309,2.257646556864686,1.424745167539938,-1.8328733210795027,-70.97489718029516,133.75259319604055,1.5,0.9824999999999999,610,2,2,25.964569857651373,0.5592208333810699,floating-PLL-IQ40,extreme,final,50401,PAL,6,3,1000000.0,,False,,,,,
3.9571334150871085,44.37534153147006,True,100.17565872020074,610,8,0,2.025,2.025,1000000.0,49.03828245362694,27.075623080747473,-26.37936173492795,-63.68804732857764,120.44692092595292,1000000.0,1000000.0,610,610,2,4.544448887200686,0.2622969936079558,HC50,extreme,final,50401,PAL,6,3,1000000.0,,False,,,,,
8.742554529928704,95.81351837524262,True,12.89021329987453,13,0,1,1.613749999999999,1.19875,2.348889799768666,0.7908800715663252,-2.426780978586502,-9.956403840447697,-81.31527803520353,121.50747368011994,1.325,1.19875,610,1,2,14.806754812458287,0.30890529996721344,PLL96-board-fixed,extreme,final,50401,PAL,6,3,1000000.0,,False,,,,,
10.29132744527793,91.36816698897881,True,13.547678795483062,0,0,1,1.038749999999999,0.9237499999999994,1.5895386741823274,1.8238457338383343,3.159331553175935,-10.19334759635318,-68.06931308287933,119.872774733878,1.038749999999999,0.9237499999999994,610,0,2,15.980610852918408,0.32898014276597504,RNG-1bb4e5330dad,extreme,final,50401,PAL,6,3,1000000.0,,False,,,,,
9.472868586136158,91.63763664009791,True,5.754077791718946,389,6,0,2.025,2.025,3.370550527692547,7.352651146118497,2.0189595487233523,-6.4675975810524715,-72.408554859828,130.98137955160712,1.9,0.5475,610,14,2,20.032859244371657,0.4225274041106352,OVP56,extreme,final,50401,PAL,8,3,1000000.0,,False,,,,,
10.6767213922962,95.18361142097328,True,3.817440401505646,0,0,2,0.5637499999999989,0.7612499999999995,1.0447169002363004,2.0016443901040075,2.1400353396428455,-3.0641418015369837,-60.89235795937204,122.96720185998093,0.5637499999999989,0.7612499999999995,610,0,2,22.902518037148827,0.4348130764402157,RANGE32,extreme,final,50401,PAL,8,3,1000000.0,,False,,,,,
-6.740240735372359,-83.43394374023329,False,611.1286072772898,610,8,57,2.025,2.025,1000000.0,85.47257613008514,22.848395347038714,-156.55678114293386,-73.15763055134072,130.886425521612,1000000.0,1000000.0,610,610,2,-6.782369754057454,-0.32950353482269407,PLL96-rejected-board,extreme,final,50401,PAL,8,3,1000000.0,,False,,,,,
9.467694882307203,94.75203125363414,True,6.20702634880803,513,6,0,2.025,2.025,3.569891274442431,13.952311141241411,-0.8398140923794336,-2.521209845879349,-69.52119813937426,128.48202024499727,1.9299999999999997,1.075,610,22,2,13.813110986527873,0.32624791147590015,PLL96-IQ-corrected,extreme,final,50401,PAL,8,3,1000000.0,,False,,,,,
13.794695627957305,95.78628884520016,True,0.016938519447929738,2,0,0,0.925,0.7112499999999995,2.0384808040515963,2.3828526291846095,1.7722639224423935,-1.6971492610470165,-70.13088631902565,128.52375962503135,0.9,0.7112499999999995,610,1,2,26.472795982736137,0.6429205526425746,floating-PLL-IQ40,extreme,final,50401,PAL,8,3,1000000.0,,False,,,,,
4.184197549877875,44.52384432737689,True,91.94792973651192,610,8,0,2.025,2.025,1000000.0,49.23751546772538,27.190586725559562,-25.763809394886632,-53.46473625194952,114.00220023729243,1000000.0,1000000.0,610,610,2,4.565788610560024,0.33841034910971646,HC50,extreme,final,50401,PAL,8,3,1000000.0,,False,,,,,
10.468869093529957,97.91703657927847,True,5.4366373902133,5,0,1,1.225,0.8187499999999995,2.1243705922515357,0.5590923652107017,-2.4076452223808325,-7.333923954430458,-79.58998838453488,119.69365431850893,1.125,0.8187499999999996,610,1,2,16.947249531282797,0.3794632941665328,PLL96-board-fixed,extreme,final,50401,PAL,8,3,1000000.0,,False,,,,,
11.40344651713469,92.37084391579143,True,8.883312421580928,0,0,1,0.325,0.2575,0.9256936920360912,1.8395999187981686,2.433858104638741,-9.467373570587958,-57.70283950160069,119.48001790448485,0.325,0.25749999999999995,610,0,2,17.233350454096104,0.3938512179170311,RNG-1bb4e5330dad,extreme,final,50401,PAL,8,3,1000000.0,,False,,,,,
11.091627363235183,93.80848508005516,True,1.4604767879548306,161,1,0,2.025,1.8149999999999997,3.1146854274234514,4.8865230946262725,1.6930174634333266,-4.679735977620386,-68.36872461960026,130.76554025805797,1.7,1.38,610,5,2,22.705983182574947,0.49598951701252253,OVP56,extreme,final,50401,PAL,10,3,1000000.0,,False,,,,,
12.127382673088388,95.4848725798422,True,1.7823086574654956,0,0,2,0.125,0.04124999999999999,0.3053115849987128,1.5890436439395965,2.2857627098924436,-2.4066340871655196,-55.48264242852869,115.71803323124479,0.125,0.04124999999999999,610,0,2,24.090249392364225,0.506475618036475,RANGE32,extreme,final,50401,PAL,10,3,1000000.0,,True,,,,,
-6.718991391528672,-82.95253908324483,False,610.750313676286,610,8,58,2.025,2.025,1000000.0,84.41308135471225,23.12958486772846,-156.33259590468472,-69.50584558917559,85.91606407993237,1000000.0,1000000.0,610,610,2,-6.763601465921781,-0.3439882455635639,PLL96-rejected-board,extreme,final,50401,PAL,10,3,1000000.0,,False,,,,,
9.44854598317686,95.38466958848278,True,6.030740276035132,533,8,0,2.025,2.025,3.5934690036953816,15.016504281479813,-1.1038934031424394,-2.3022567482612337,-59.03482464936803,123.02107575962793,1.9400000000000002,1000000.0,610,28,2,13.199281956582949,0.3432119123085037,PLL96-IQ-corrected,extreme,final,50401,PAL,10,3,1000000.0,,False,,,,,
15.426770022713555,95.7904737684678,True,0.0,0,0,2,0.21374999999999889,0.6349999999999996,1.1474941515619383,2.2642520632810985,1.8802819023572976,-1.5482721369292778,-61.74390109661833,123.7382020233265,0.21374999999999886,0.6349999999999996,610,0,2,26.938482723423935,0.7179435294560708,floating-PLL-IQ40,extreme,final,50401,PAL,10,3,1000000.0,,False,,,,,
4.272355253373872,44.459976195620754,True,89.52509410288583,610,8,0,2.025,2.025,1000000.0,49.257959205987255,27.200842836970356,-25.722167813185465,-11.510306289486437,103.40342690505392,1000000.0,1000000.0,610,610,2,4.562282311657798,0.3967070999208268,HC50,extreme,final,50401,PAL,10,3,1000000.0,,False,,,,,
11.215682712359818,98.72201784576646,True,4.174404015056462,5,0,0,1.1887499999999989,1.0024999999999997,2.2160911347134107,1.486783651735601,-2.2287151000240675,-5.700724953369238,-66.46601308762291,112.60892066966346,1.1199999999999988,1.0025,610,1,2,17.558152385880287,0.4189347166575073,PLL96-board-fixed,extreme,final,50401,PAL,10,3,1000000.0,,False,,,,,
12.117198420725956,93.02926279146328,True,6.574027603513174,0,0,2,0.275,0.26625,0.3709521974417799,1.7061116411555657,1.9990318421621742,-8.963752037335443,-56.19210068173989,119.54428581118682,0.275,0.26625,610,0,2,17.936598853946418,0.4417766189852135,RNG-1bb4e5330dad,extreme,final,50401,PAL,10,3,1000000.0,,True,,,,,
12.398452450647461,95.41545097475985,True,0.71831869510665,29,0,0,1.95,1.1962499999999998,2.6435751687776206,2.9818557849896115,1.4119551477553633,-3.3456931102357528,-65.96215173940531,129.486088938798,1.5,1.1962499999999998,610,2,2,24.955503611903517,0.5579931451045412,OVP56,extreme,final,50401,PAL,12,3,1000000.0,,False,,,,,
13.218367229400723,95.7565753212968,True,1.3776662484316187,0,0,2,0.1,0.04124999999999999,0.20548573002985301,1.3474634762898623,2.2082107639322945,-2.19688113055459,-53.58763954445434,112.57303485905358,0.1,0.04124999999999999,610,0,2,24.557061592520274,0.5649872774789904,RANGE32,extreme,final,50401,PAL,12,3,1000000.0,,True,,,,,
-6.720581007521593,-82.77940034050735,False,611.1210790464241,610,8,57,2.025,2.025,1000000.0,83.73155499530905,23.150496871642382,-156.31817578085335,-69.82691848714185,82.26901381377552,1000000.0,1000000.0,610,610,2,-6.766703456702662,-0.3520913273568536,PLL96-rejected-board,extreme,final,50401,PAL,12,3,1000000.0,,False,,,,,
9.33169973919788,96.21901132364013,True,6.16060225846926,543,7,0,2.025,2.025,3.618131681637865,15.605393497576301,-1.267034922885715,-2.008516332495001,-54.9999224598758,123.1005602907148,1.9349999999999998,1.45,610,41,2,12.669893001761341,0.35261436072195745,PLL96-IQ-corrected,extreme,final,50401,PAL,12,3,1000000.0,,False,,,,,
16.902637313332402,96.08192526115516,True,0.0,0,0,2,0.05,0.04124999999999999,0.39771117702155273,1.9529037807233154,1.8252948184487976,-1.3117050555083558,-60.91857246356608,121.52785363664934,0.05,0.04124999999999999,610,0,2,27.712638446554188,0.7797788910188337,floating-PLL-IQ40,extreme,final,50401,PAL,12,3,1000000.0,,True,,,,,
4.332120633597064,44.51804311215553,True,89.0865746549561,610,8,0,2.025,2.025,1000000.0,49.15138276287895,27.1628485293898,-25.65773760413505,-8.048502575736528,93.86043811418021,1000000.0,1000000.0,610,610,2,4.572870969451392,0.4450720804066131,HC50,extreme,final,50401,PAL,12,3,1000000.0,,False,,,,,
11.567458403727063,99.06358714394719,True,4.038268506900878,1,0,0,1.0524999999999978,0.9374999999999998,2.041539321118159,2.5619716665927283,-1.9908753334772757,-4.509729190811086,-61.24281947747962,112.30624066828692,1.025,0.9374999999999998,610,1,2,17.663917129648688,0.4408709383666847,PLL96-board-fixed,extreme,final,50401,PAL,12,3,1000000.0,,False,,,,,
12.59675829064218,93.63772488274857,True,5.45357590966123,0,0,2,0.23874999999999885,0.2575,0.1508853652367351,1.4301357382414555,1.6694057990398876,-8.541355348347883,-55.65484432565357,119.75937592765855,0.23874999999999885,0.25749999999999995,610,0,2,18.384545829047177,0.4798424115485298,RNG-1bb4e5330dad,extreme,final,50401,PAL,12,3,1000000.0,,True,,,,,
13.454243904946047,96.37552361435402,True,0.5451693851944792,2,0,1,1.038749999999999,0.18874999999999992,1.9074594416085442,1.7668334553043967,1.2611320326665527,-2.477264285714815,-64.2054597070713,127.93717640821775,1.025,0.18874999999999992,610,1,2,26.44932073176795,0.608945826010757,OVP56,extreme,final,50401,PAL,14,3,1000000.0,,False,,,,,
14.09312916463751,95.81493727904329,True,1.2208281053952321,0,0,2,0.075,0.08249999999999998,0.045549918572564026,1.3097057373212468,2.1441940749505775,-2.24682510661623,-50.862994694333516,110.00008052349453,0.075,0.08249999999999998,610,0,2,24.81725525636756,0.6129357522041399,RANGE32,extreme,final,50401,PAL,14,3,1000000.0,,True,,,,,
-6.721846074745187,-82.6775490724247,False,611.3801756587202,610,8,58,2.025,2.025,1000000.0,83.45198400015244,23.026626499575972,-156.28769061640693,-70.01915625078718,82.17319287318738,1000000.0,1000000.0,610,610,2,-6.768538537028865,-0.3583136108776579,PLL96-rejected-board,extreme,final,50401,PAL,14,3,1000000.0,,False,,,,,
9.232722910402543,96.83000395015775,True,6.217691342534504,550,7,0,2.025,2.025,3.64735492057829,15.792075736629863,-1.238380101597087,-1.845216109479802,-55.15551405920121,123.21667049284899,1.9525,1.45,610,50,2,12.314175441755895,0.36028219569115105,PLL96-IQ-corrected,extreme,final,50401,PAL,14,3,1000000.0,,False,,,,,
18.191506006485973,96.23921853483772,True,0.0,0,0,2,0.025,0.025,0.039709498388862605,1.7727385220972394,1.7860467791579406,-1.2017484469036706,-57.01996692396595,118.0960626373173,0.025,0.025,610,0,2,28.204423424604983,0.8280172769797965,floating-PLL-IQ40,extreme,final,50401,PAL,14,3,1000000.0,,True,,,,,
4.368380667373853,44.536334980282916,True,89.0483061480552,610,8,0,2.025,2.025,1000000.0,49.07317806327395,27.134690578064294,-25.639195796261458,-5.48905881369096,90.13476981078564,1000000.0,1000000.0,610,610,2,4.578414016939206,0.4852481275635573,HC50,extreme,final,50401,PAL,14,3,1000000.0,,False,,,,,
11.80513666413502,98.93033634809107,True,3.942910915934755,10,0,0,1.3524999999999978,0.9374999999999998,2.14332733928659,3.624877319236949,-1.709327758652083,-3.673392530970319,-61.40956303048031,112.2087610528785,1.0774999999999977,0.9374999999999998,610,2,2,17.69751351008628,0.4571752944266991,PLL96-board-fixed,extreme,final,50401,PAL,14,3,1000000.0,,False,,,,,
12.915678533920891,93.9447052648572,True,4.813048933500627,0,0,2,0.225,0.2575,0.08689191514768671,1.3468873955303502,1.4724010038453779,-8.248403719545701,-56.0923566480764,119.72619219513642,0.225,0.25749999999999995,610,0,2,18.74075829935646,0.5032982642960234,RNG-1bb4e5330dad,extreme,final,50401,PAL,14,3,1000000.0,,True,,,,,
14.865328433641809,97.2239371019147,True,0.43099121706398996,0,0,2,0.05,0.04124999999999999,0.5749545598581156,0.6437930265229198,1.1602548132098065,-1.6191905297853342,-62.95485635957931,125.39195305379202,0.05,0.04124999999999999,610,0,2,27.734732248168076,0.6757926412737104,OVP56,extreme,final,50401,PAL,18,3,1000000.0,,False,,,,,
15.22669969055899,95.6863404698912,True,1.0633626097867002,0,0,2,0.075,0.05,0.040476161776175704,1.3733914963119938,2.037950641597988,-2.6857169908274257,-51.01009628315123,108.29472296763343,0.075,0.05,610,0,2,25.03933656108114,0.6750503029431052,RANGE32,extreme,final,50401,PAL,18,3,1000000.0,,True,,,,,
-6.7267152467131455,-82.7115071096118,False,612.2484316185697,610,8,59,2.025,2.025,1000000.0,83.61544539223982,22.824150190889274,-156.21061489546366,-67.99940639741749,78.21380806604922,1000000.0,1000000.0,610,610,2,-6.773535767796882,-0.364484478717814,PLL96-rejected-board,extreme,final,50401,PAL,18,3,1000000.0,,False,,,,,
9.05711703553142,97.87276283024447,True,6.419071518193225,578,8,0,2.025,2.025,3.6665586513446096,15.618865811255587,-1.075473303442724,-1.6507859935805005,-55.16372628329749,119.32194915564158,1.7725000000000002,1000000.0,610,93,2,11.864212009725643,0.36631305642819373,PLL96-IQ-corrected,extreme,final,50401,PAL,18,3,1000000.0,,False,,,,,
20.051243371406283,96.37316914178011,True,0.0,0,0,2,0.025,0.025,0.020495901229590142,1.6455086314278995,1.7420123715980464,-1.1139119353639129,-52.069494362267655,115.31240684625776,0.025,0.025,610,0,2,28.701503403227726,0.8864746414806258,floating-PLL-IQ40,extreme,final,50401,PAL,18,3,1000000.0,,True,,,,,
4.401077655599671,44.520946080784995,True,88.93726474278544,610,8,0,2.025,2.025,1000000.0,48.995217833670495,27.123761736199455,-25.63327381939261,-0.31501739777520044,88.07390207645834,1000000.0,1000000.0,610,610,2,4.57994025674806,0.537940711842756,HC50,extreme,final,50401,PAL,18,3,1000000.0,,False,,,,,
11.99485421230857,98.24233841126615,True,3.8525721455457966,26,0,0,1.825,0.9374999999999998,2.452046513866404,5.024121875337042,-1.129258604083479,-2.894925581401482,-60.15029779810834,111.72363474781328,1.475,0.9374999999999998,610,2,2,17.573898375916528,0.47314612431780967,PLL96-board-fixed,extreme,final,50401,PAL,18,3,1000000.0,,False,,,,,
13.187442871332873,94.12904798637838,True,4.3626097867001254,0,0,2,0.225,0.18999999999999995,0.08421527839266517,1.4358507393471496,1.3125507479263059,-8.013127436451697,-55.74839500367318,115.8419680204474,0.225,0.18999999999999995,610,0,2,18.93756974119592,0.5272423297635356,RNG-1bb4e5330dad,extreme,final,50401,PAL,18,3,1000000.0,,True,,,,,
15.532780483563052,97.52650446598614,True,0.3745294855708909,0,0,2,0.05,0.04124999999999999,0.022611291245819613,0.26914599406548534,1.098952336170897,-1.3222035828434868,-62.71413854434856,123.39587720688819,0.05,0.04124999999999999,610,0,2,28.092695904847634,0.7069870728633129,OVP56,extreme,final,50401,PAL,22,3,1000000.0,,True,0.8224208908965975,-60.7282451438114,16.674623455313913,26.955645598678448,12.127811844394992
15.756512876574648,95.66779584469893,True,0.993099121706399,0,0,2,0.05,0.05,0.038570778032505214,1.3434774080987208,1.9681702797311427,-2.9023427885025694,-48.89940081788369,107.43470352683308,0.05,0.05,610,0,2,25.17145178259659,0.704021828709529,RANGE32,extreme,final,50401,PAL,22,3,1000000.0,,True,0.7860797391098313,-61.91074208748014,16.218669936744757,24.425531264998444,12.025219587026074
-6.735223543720985,-82.95718135408298,False,613.0721455457967,610,8,60,2.025,2.025,1000000.0,84.23763076077427,22.663740289662098,-156.23521069169843,-67.81013599146978,70.13729724432746,1000000.0,1000000.0,610,610,2,-6.781839176292893,-0.3670220262354547,PLL96-rejected-board,extreme,final,50401,PAL,22,3,1000000.0,contrast;waveform;detail_floor;sync;h_jitter_us;v_jitter_us;h_width_rmse_us;sync_error_ire;black_error_ire;white_error_ire,False,0.32178215260166776,65.0757170489027,23.88576451476321,35.44014598425587,28.758386651280162
8.968469751916615,98.72312696599866,True,6.403387703889586,602,8,0,2.025,2.025,3.671969413679803,14.789300791750373,-1.1016879881950585,-1.5728015890522584,-48.787282490618466,117.02078515969312,1.7474999999999998,1000000.0,610,158,2,11.667384506473251,0.3711586901670999,PLL96-IQ-corrected,extreme,final,50401,PAL,22,3,1000000.0,sync;h_jitter_us;v_jitter_us;h_width_rmse_us,False,0.3732642897036026,-112.35054531016937,25.785113340983322,35.86125637207633,16.892467341874625
21.024573687543253,96.4399768545711,True,0.0,0,0,2,0.025,0.025,0.01896394335419149,1.6106785425421195,1.7208248467915848,-1.0429831652583585,-49.49981895044461,113.95264808219521,0.025,0.025,610,0,2,28.92552638232528,0.91166170930501,floating-PLL-IQ40,extreme,final,50401,PAL,22,3,1000000.0,,True,0.48832379934574627,13.585257206921582,10.759595722618055,19.162480286183907,7.004748323248261
4.413487067715956,44.522163002693816,True,88.88644918444166,610,8,0,2.025,2.025,1000000.0,48.95535279789174,27.131400972618714,-25.591374562208056,-0.28888495766293687,85.01371004635347,1000000.0,1000000.0,610,610,2,4.580959306432667,0.5619797512791069,HC50,extreme,final,50401,PAL,22,3,1000000.0,contrast;waveform;sync;h_jitter_us;v_jitter_us;h_width_rmse_us;sync_error_ire;black_error_ire;white_error_ire,False,0.40752569172453784,98.35542297281269,15.19050202132642,24.109200527555664,30.71368714505802
11.99196364073976,97.60308937542382,True,3.772271016311167,0,0,2,0.275,0.2049999999999999,0.10808504544653866,5.619064544203996,-0.777380043003992,-2.6819043744110873,-58.74297975103041,111.67082806773404,0.275,0.2049999999999999,610,0,2,17.237427492465955,0.48006362514874146,PLL96-board-fixed,extreme,final,50401,PAL,22,3,1000000.0,,True,0.4159725278125904,-99.54589236393531,26.221098098457567,36.020897500424354,15.461852897095548
13.267838216217902,94.08938680301802,True,4.21957340025094,0,0,2,0.225,0.16499999999999995,0.08498432835278379,1.5923971096359424,1.2668301811767937,-7.922562772368092,-54.375690701911196,114.28718560911857,0.225,0.16499999999999995,610,0,2,18.937694549135536,0.5357943366375222,RNG-1bb4e5330dad,extreme,final,50401,PAL,22,3,1000000.0,,True,0.1874099895963608,-34.74350052622681,54.117398790870865,81.46427767484879,11.707217505598782
15.972550533162654,97.59989631835496,True,0.32434127979924715,0,0,2,0.05,0.025,0.019861198682726934,0.13455936663301765,1.109396348680853,-1.2386361175027178,-56.591908173809685,124.31704094374936,0.05,0.025,610,0,2,28.212880755725532,0.7268545978250304,OVP56,extreme,final,50401,PAL,30,3,1000000.0,,True,0.8027972919627244,-60.56882946977651,15.40284986130739,28.47030136686552,11.983650153454958
16.106323788472444,95.72229114815724,True,0.8939774153074027,0,0,2,0.05,0.05,0.03821048264032473,1.2396805225308554,1.8975780130883262,-2.9876345911835136,-46.81194317835788,103.44845246522121,0.05,0.05,610,0,2,25.293985593102462,0.7225034491981043,RANGE32,extreme,final,50401,PAL,30,3,1000000.0,,True,0.7723607308959148,-61.43496376240626,16.266705145284355,28.107714333252765,11.862169274928865
-6.744197032047285,-83.26136624714088,False,613.5771643663738,610,8,59,2.025,2.025,1000000.0,85.03782983466527,22.602853912858503,-156.27990532418715,-67.77091206105288,61.283828204965104,1000000.0,1000000.0,610,610,2,-6.79050584679581,-0.36756799015476993,PLL96-rejected-board,extreme,final,50401,PAL,30,3,1000000.0,contrast;waveform;detail_floor;sync;h_jitter_us;v_jitter_us;h_width_rmse_us;sync_error_ire;black_error_ire;white_error_ire,False,0.324206174193569,65.5488201822659,22.384718894689055,31.2194737210788,28.710591218055438
8.912843981321796,99.38123191344701,True,6.402760351317441,610,8,0,2.025,2.025,1000000.0,13.923289610146142,-1.0995099190112132,-1.551022116797025,-41.79730597090875,107.02666466408465,1000000.0,1000000.0,610,610,2,11.550376211130946,0.3730258181838262,PLL96-IQ-corrected,extreme,final,50401,PAL,30,3,1000000.0,sync;h_jitter_us;v_jitter_us;h_width_rmse_us,False,0.37682914503228304,-112.15679180155594,22.44236677088324,32.00730485977058,16.93147751108701
21.70602852267368,96.45875893510639,True,0.0,0,0,2,0.025,0.025,0.018909837842062918,1.6179080193681137,1.7205727862914206,-0.9995620089172635,-45.193259255918925,111.68865194088053,0.025,0.025,610,0,2,29.029685523729796,0.9273551991099455,floating-PLL-IQ40,extreme,final,50401,PAL,30,3,1000000.0,,True,0.4829154373796548,13.14207933183146,7.81897507951609,16.479984241702823,6.8987099967029835
4.421203129424702,44.52522265307184,True,88.81994981179423,610,8,0,2.025,2.025,1000000.0,48.9382524172743,27.133695540345755,-25.55123209406534,2.61917536298661,84.32555187267317,1000000.0,1000000.0,610,610,2,4.581863582028155,0.5780702675260789,HC50,extreme,final,50401,PAL,30,3,1000000.0,contrast;waveform;sync;h_jitter_us;v_jitter_us;h_width_rmse_us;sync_error_ire;black_error_ire;white_error_ire,False,0.40254161878233197,98.54060992038266,14.549529645658055,25.791889653508736,30.710477446119075
11.92096418818548,97.14581826909173,True,3.7051442910915937,0,0,2,0.25,0.075,0.09610231910679845,5.733679992746328,-0.6275750479034435,-2.6294880433024987,-51.9680398828501,111.48420390356185,0.25,0.075,610,0,2,16.827849066817308,0.4839342386910873,PLL96-board-fixed,extreme,final,50401,PAL,30,3,1000000.0,,True,0.42539992152933104,-100.18335550275114,24.66458439186925,30.36650767543734,15.46333968971299
13.27897312427433,94.07463295357036,True,4.208281053952321,0,0,2,0.225,0.16499999999999995,0.08402039174812384,1.6613354903410178,1.241314709253008,-7.938871261260781,-45.87038995247929,114.3045950516782,0.225,0.16499999999999995,610,0,2,18.888015316950366,0.5371505725551953,RNG-1bb4e5330dad,extreme,final,50401,PAL,30,3,1000000.0,,True,0.18039686284203635,-30.333156590866242,51.22765299505001,67.73031100922213,11.499594327323269
0.7790688519029597,55.31600058274503,True,221.3502545406377,505,12,0,2.025,2.025,3.6,35.47862826240733,13.800060424274932,-30.095799261875058,-90.0321623912092,152.9894810892652,1.025,1000000.0,506,496,2,5.539569607199276,0.1218827845933492,OVP56,extreme,final,50401,NTSC,0,3,1000000.0,,False,,,,,
1.2143447802036618,63.12670528075504,True,166.9258234562735,444,10,0,2.025,2.025,3.4493644225211755,31.037042863356774,4.9134810966056,-34.95053175176343,-75.168327877022,133.00732850981933,1.925,1.3337499999999998,506,74,2,6.041389532693074,0.12050645417155498,RANGE32,extreme,final,50401,NTSC,0,3,1000000.0,,False,,,,,
-6.721912980302274,-77.42791302702149,False,639.9860612282376,506,12,2,2.025,2.025,1000000.0,89.8595857118776,18.784989889221848,-147.7494465838105,-77.77084001207885,136.98928747063837,1000000.0,1000000.0,506,506,2,-6.6170061949794,-0.09548380286378552,PLL96-rejected-board,extreme,final,50401,NTSC,0,3,1000000.0,,False,,,,,
2.7065361816369298,84.33870431978472,True,115.13335159723874,307,8,0,2.025,2.025,3.327493680832452,12.159092008449985,3.8124752474072556,-12.22909764523374,-77.0045131111503,137.5344207851723,1.8775,1.4174999999999998,506,13,2,5.607223266987127,0.09509015474483108,PLL96-IQ-corrected,extreme,final,50401,NTSC,0,3,1000000.0,,False,,,,,
5.94304618489839,92.13582571296712,True,40.35771163300388,401,7,0,2.025,2.025,3.447872014528879,4.901355166265387,1.503228989093922,-7.7226416987016195,-79.09953047326077,138.86179599897372,1.92,1.625,506,21,2,13.503271440695963,0.26705392329819805,floating-PLL-IQ40,extreme,final,50401,NTSC,0,3,1000000.0,,False,,,,,
0.8602274499212287,31.761908029411252,True,225.77874984571014,506,12,0,2.025,2.025,1000000.0,52.72970717511031,26.82952186930075,-41.69617269453595,-82.53012096505631,137.55082084984122,1000000.0,1000000.0,506,506,2,2.813460546767801,0.07498122850459008,HC50,extreme,final,50401,NTSC,0,3,1000000.0,,False,,,,,
0.2818959453448454,69.77407560844046,True,196.18520202187455,347,4,0,2.025,2.025,3.340140847404963,16.91139771903287,2.5342474180187713,-30.729169161555767,-84.26287980679126,130.24471111554868,1.875,1.8224999999999998,506,17,2,3.9422000247496722,0.08108281664580981,PLL96-board-fixed,extreme,final,50401,NTSC,0,3,1000000.0,,False,,,,,
4.569524257874818,75.94317256244545,True,86.0199839237492,158,3,0,2.025,2.025,3.0254862105692744,9.614234821089402,11.146417465996556,-22.340241501896926,-82.02003893741892,122.52484034613043,1.825,1.41,506,7,2,8.040746391470833,0.11222084954969751,RNG-1bb4e5330dad,extreme,final,50401,NTSC,0,3,1000000.0,,False,,,,,
2.7630560923002734,68.68377522536737,True,135.88947728100626,502,12,0,2.025,2.025,3.643937602374662,26.038056646480683,9.308902140946484,-21.42951376265086,-86.2358166168315,147.320970204265,1.21625,1000000.0,506,226,2,8.447277053521477,0.1820044502572085,OVP56,extreme,final,50401,NTSC,2,3,1000000.0,,False,,,,,
3.3139944237226397,77.27199018757767,True,91.18380212363058,293,5,0,2.025,2.025,3.3291133792676364,19.537724643045234,2.8576603601016797,-22.908030734340407,-70.03126571148579,131.17633320409197,1.8849999999999993,1.8299999999999996,506,11,2,9.344684531837865,0.1792757781393076,RANGE32,extreme,final,50401,NTSC,2,3,1000000.0,,False,,,,,
-6.690655609925253,-81.27525614598609,False,623.8473418491302,506,12,15,2.025,2.025,1000000.0,89.27372208322026,20.228277118648144,-152.897982331736,-75.10479502757242,135.55584163779653,1000000.0,1000000.0,506,506,2,-6.663441345866286,-0.15887448552595107,PLL96-rejected-board,extreme,final,50401,NTSC,2,3,1000000.0,,False,,,,,
5.612297781701314,89.12891060702758,True,48.63065867470279,352,8,0,2.025,2.025,3.3475822347153503,11.014996743513326,1.6264077322401205,-7.475993770623259,-74.8426074655368,137.20839536416912,1.925,1.1737499999999998,506,13,2,9.730315620696889,0.15825798740219815,PLL96-IQ-corrected,extreme,final,50401,NTSC,2,3,1000000.0,,False,,,,,
8.208664073454733,94.06809555260968,True,12.042135431876135,306,5,0,2.025,2.025,3.364790576692701,4.006732681274754,1.5172393095559407,-4.662169234095122,-76.35370909269056,135.89810180992086,1.8262499999999995,1.5924999999999998,506,12,2,18.52000296127202,0.37099551295303157,floating-PLL-IQ40,extreme,final,50401,NTSC,2,3,1000000.0,,False,,,,,
2.1364629438210687,38.00595233708422,True,169.83625706346507,506,12,0,2.025,2.025,1000000.0,50.83807034646002,27.097378886087927,-34.490638663264924,-74.16079556785536,134.8133303154327,1000000.0,1000000.0,506,506,2,3.6299726746449377,0.1187712455050799,HC50,extreme,final,50401,NTSC,2,3,1000000.0,,False,,,,,
2.827146419182399,81.50450678929798,True,102.33858270087035,229,2,0,2.025,2.025,3.213433909538942,9.538461276035692,0.34032086084165825,-21.676433810507874,-81.62308973903413,129.03975641807253,1.8,1.7025,506,8,2,7.111875362980613,0.1325645252737575,PLL96-board-fixed,extreme,final,50401,NTSC,2,3,1000000.0,,False,,,,,
6.712853987555584,83.06577005550004,True,45.85043065686838,42,2,0,2.025,2.025,2.748900642325821,5.933279296640201,7.620237703323496,-16.090765444260953,-78.32431351500064,122.88671911960665,1.75,1.7449999999999997,506,2,2,11.09994546276881,0.17067743871311788,RNG-1bb4e5330dad,extreme,final,50401,NTSC,2,3,1000000.0,,False,,,,,
5.116314095506977,80.67520904840633,True,65.09903151125789,499,12,0,2.025,2.025,3.5180910002037025,16.89396337237901,5.141346110573102,-13.94567321813173,-82.06286087865827,144.72154381243809,1.5074999999999998,1000000.0,506,131,2,12.364036801502046,0.26347498600418934,OVP56,extreme,final,50401,NTSC,4,3,1000000.0,,False,,,,,
5.933175545596956,88.63988960596757,True,39.13392961973947,79,0,0,2.025,1.6962499999999998,2.829495293911439,8.922057856023848,1.7303511514278866,-12.018220960865726,-67.55316363121824,130.32958033961637,1.7,1.6962499999999998,506,2,2,13.991572264295652,0.2607654338154484,RANGE32,extreme,final,50401,NTSC,4,3,1000000.0,,False,,,,,
-6.723734904708229,-83.82738746964147,False,616.861398031713,506,12,39,2.025,2.025,1000000.0,88.39689450075782,21.234665553578484,-156.3919209243377,-74.40227442766545,133.03019363871377,1000000.0,1000000.0,506,506,2,-6.741986539782187,-0.23429210201644846,PLL96-rejected-board,extreme,final,50401,NTSC,4,3,1000000.0,,False,,,,,
7.9149976587042215,92.52471677796562,True,18.540372764302294,359,8,0,2.025,2.025,3.40663243656006,11.045246721088509,0.21727445813692242,-4.24953492896883,-73.65922749688642,134.9546832073959,1.95,1.4112499999999997,506,12,2,13.068835341083368,0.2310110821601562,PLL96-IQ-corrected,extreme,final,50401,NTSC,4,3,1000000.0,,False,,,,,
10.20062558491043,95.78147264122337,True,2.464121962747654,123,1,0,2.025,1.8324999999999998,3.1239891315423582,2.6062316154944627,1.2551018806484449,-2.6141356509133384,-77.90553107622338,137.58328946676505,1.8474999999999995,1.625,506,3,2,23.07357327325301,0.4748685378733817,floating-PLL-IQ40,extreme,final,50401,NTSC,4,3,1000000.0,,False,,,,,
3.273818923039755,42.65297104946892,True,127.92812049360714,506,12,0,2.025,2.025,1000000.0,49.364263729014034,27.014387354451546,-28.91317965027405,-69.5540132447252,128.88639610342375,1000000.0,1000000.0,506,506,2,4.254462480995337,0.1866285449435468,HC50,extreme,final,50401,NTSC,4,3,1000000.0,,False,,,,,
5.914163406593839,91.00698917719066,True,40.776175839261576,73,1,0,2.025,1.5849999999999995,2.8078509818469106,3.0311331158599804,-1.6859435124535962,-14.473610696949825,-82.62649324908806,126.46982415574229,1.675,1.1375,506,3,2,11.118807125371502,0.21611154976478697,PLL96-board-fixed,extreme,final,50401,NTSC,4,3,1000000.0,,False,,,,,
8.663004708661983,88.64182817219098,True,24.212218552715953,10,1,1,1.45,1.5987499999999994,2.156725637115283,2.757128066036839,4.7400348402837995,-12.187613087370252,-70.63676668446107,120.37941996374238,1.30625,1.225,506,1,2,13.86818114081687,0.2454030497863771,RNG-1bb4e5330dad,extreme,final,50401,NTSC,4,3,1000000.0,,False,,,,,
7.517529636968275,87.8804899240934,True,22.379556066677303,464,10,0,2.025,2.025,3.452134432906277,10.830349534538275,2.8292224770072063,-9.354179042806845,-79.8912554855586,137.36272221577673,1.7649999999999992,1.7725000000000002,506,50,2,16.50149445338635,0.35509684145965403,OVP56,extreme,final,50401,NTSC,6,3,1000000.0,,False,,,,,
8.612387841337842,93.75802077814201,True,12.721763450312643,3,0,0,1.175,1.1937499999999996,1.974579692045517,3.43992708089653,1.732014965388626,-5.774168727584167,-64.30750395308691,127.91117779173238,1.1724999999999994,1.1937499999999996,506,1,2,19.133806169799104,0.3580089233183656,RANGE32,extreme,final,50401,NTSC,6,3,1000000.0,,False,,,,,
-6.692668908511209,-83.88732028784256,False,612.5367661447403,506,12,46,2.025,2.025,1000000.0,86.7402367882587,22.083950038320353,-157.14543431040366,-73.16447128220838,132.52547585608517,1000000.0,1000000.0,506,506,2,-6.730643513833096,-0.2941067937084108,PLL96-rejected-board,extreme,final,50401,NTSC,6,3,1000000.0,,False,,,,,
9.17108462743466,93.76066105574554,True,8.208220563752569,408,10,0,2.025,2.025,3.5111239043116336,12.391669049959734,-0.5626270288541586,-3.0043196849128653,-71.77778712028517,133.2764909825633,1.9287499999999997,0.43374999999999997,506,21,2,14.280212265115903,0.28983639026821323,PLL96-IQ-corrected,extreme,final,50401,NTSC,6,3,1000000.0,,False,,,,,
12.109859758226982,95.9472986009456,True,0.28675334997155044,29,0,0,2.025,1.6199999999999999,2.724566493704338,2.2992796917788847,1.4082442583608992,-2.0077524754184024,-69.98627562006853,129.550697726963,1.4799999999999998,1.6199999999999999,506,2,2,25.727647773078758,0.5709958751045778,floating-PLL-IQ40,extreme,final,50401,NTSC,6,3,1000000.0,,False,,,,,
3.921430983571837,44.2956380476783,True,105.55910129543273,506,12,0,2.025,2.025,1000000.0,49.03420057878273,27.016547441994707,-26.51288087319148,-63.07566249603257,123.3523491869095,1000000.0,1000000.0,506,506,2,4.494351692243072,0.2739506698949274,HC50,extreme,final,50401,NTSC,6,3,1000000.0,,False,,,,,
8.758368984900383,95.65358144459617,True,13.140227656570339,8,0,0,1.34375,1.4024999999999996,2.3387016916250003,0.5284851351301995,-2.3293662446318324,-10.227329536462443,-82.04616541602374,120.357774869343,1.1537499999999994,1.4024999999999996,506,1,2,14.86871555539093,0.3102042136703568,PLL96-board-fixed,extreme,final,50401,NTSC,6,3,1000000.0,,False,,,,,
10.218901142952346,91.09668341023459,True,14.09005108875957,0,0,2,0.95,0.28374999999999995,1.6233763551665503,1.8595135983022617,3.0451339479973893,-10.3916261387864,-63.13863100457681,124.13948674834133,0.95,0.28374999999999995,506,0,2,16.05772813813532,0.3182135278064915,RNG-1bb4e5330dad,extreme,final,50401,NTSC,6,3,1000000.0,,False,,,,,
9.554658560228862,91.57499743483488,True,5.59884034235791,350,5,0,2.025,2.025,3.3649214424860743,7.330039889243172,2.0161733193120144,-6.622553478387478,-72.26130708278832,133.12524623695015,1.85,1.8974999999999997,506,15,2,19.934619842081645,0.44246733953755746,OVP56,extreme,final,50401,NTSC,8,3,1000000.0,,False,,,,,
10.732661439987774,95.09926393058703,True,3.8421938362329793,0,0,2,0.29375,0.5024999999999993,1.007931122756582,1.9838009814330446,2.129633598985634,-3.274671813660793,-61.857936792900844,119.89889814811934,0.29375,0.5024999999999993,506,0,2,22.851049144413732,0.45053476994956326,RANGE32,extreme,final,50401,NTSC,8,3,1000000.0,,False,,,,,
-6.641397166017531,-83.09833686458616,False,610.545297997694,506,12,48,2.025,2.025,1000000.0,85.30613952672181,22.78953445754353,-156.5854201283084,-71.41060423902445,121.02004069660674,1000000.0,1000000.0,506,506,2,-6.6859040474081475,-0.32110676079129485,PLL96-rejected-board,extreme,final,50401,NTSC,8,3,1000000.0,,False,,,,,
9.42123552430766,94.16532268859795,True,6.447058256840685,446,11,0,2.025,2.025,3.5555971134724103,14.159538381379578,-0.8939612186439787,-2.7020964021218443,-67.28241580693054,131.06358407279416,1.7525,0.95,506,24,2,13.8248171033811,0.3175578353168752,PLL96-IQ-corrected,extreme,final,50401,NTSC,8,3,1000000.0,,False,,,,,
13.888832975567869,95.67417904180225,True,0.02784743818621356,0,0,1,0.96875,1.1349999999999998,2.018363080739365,2.4168132145800625,1.7503541287540336,-1.8283686682874885,-66.40336363250438,126.00693960274364,0.96875,1.1349999999999998,506,0,2,26.360877174238514,0.656783349142875,floating-PLL-IQ40,extreme,final,50401,NTSC,8,3,1000000.0,,False,,,,,
4.145685425791466,44.461152193613614,True,97.60301294228506,506,12,0,2.025,2.025,1000000.0,49.211320903274796,27.127888741751395,-25.90242961472101,-51.446226342129734,115.7624578422068,1000000.0,1000000.0,506,506,2,4.517772994741964,0.3522664222550818,HC50,extreme,final,50401,NTSC,8,3,1000000.0,,False,,,,,
10.467833247975369,97.59652000636487,True,5.585292939997049,6,2,0,1.24375,2.025,2.1546896528270607,0.6188910395035654,-2.287184741712273,-7.49806448766818,-79.87156517706808,116.25902924224422,1.101249999999999,1.0162499999999999,506,1,2,17.06019251130921,0.37869967026673784,PLL96-board-fixed,extreme,final,50401,NTSC,8,3,1000000.0,,False,,,,,
11.290788158844459,92.1087638745601,True,9.264165314435209,0,0,2,0.325,0.22249999999999998,0.9422852183953243,1.8155135038344374,2.4013527653501345,-9.606410257904056,-65.54564221955532,121.48314583519044,0.325,0.22249999999999998,506,0,2,17.292342776954055,0.38174831587496066,RNG-1bb4e5330dad,extreme,final,50401,NTSC,8,3,1000000.0,,False,,,,,
11.186844554233105,93.7597206794972,True,1.3735560726983715,144,2,0,2.025,2.025,3.1303153689991468,4.851512686582441,1.6840950468350826,-4.855358976906899,-72.58030518408282,129.59534326052784,1.8237499999999998,1.93875,506,4,2,22.64079658567445,0.5171608254423345,OVP56,extreme,final,50401,NTSC,10,3,1000000.0,,False,,,,,
12.188644416584795,95.42932436240959,True,1.8394361872190794,0,0,2,0.1,0.075,0.34737333119469094,1.5715487093202472,2.2554993708527813,-2.5794014527089484,-55.29862631202646,112.32780238752495,0.1,0.075,506,0,2,24.07549705847618,0.5233242594577707,RANGE32,extreme,final,50401,NTSC,10,3,1000000.0,,True,,,,,
-6.61786606014029,-82.53814376137294,False,610.1305969587587,506,12,48,2.025,2.025,1000000.0,84.22929959809058,23.056008553237422,-156.25978074731316,-69.43741810525307,87.29225820838055,1000000.0,1000000.0,506,506,2,-6.665044582999659,-0.3321657830510221,PLL96-rejected-board,extreme,final,50401,NTSC,10,3,1000000.0,,False,,,,,
9.38747803449492,94.74294954206226,True,6.20546291473867,453,10,0,2.025,2.025,3.597591568583018,15.290535976958424,-1.1260862183632367,-2.479247873498221,-67.3232115517828,123.10339264405955,1.8699999999999999,0.945,506,36,2,13.230476786038786,0.3308052704216475,PLL96-IQ-corrected,extreme,final,50401,NTSC,10,3,1000000.0,,False,,,,,
15.535780902657434,95.68757038477403,True,0.0022579003934767752,0,0,2,0.05,1.0,1.1065561003230047,2.291693119915561,1.8527057348768816,-1.6847797675214808,-62.460532850995726,124.1885226673047,0.05,1.0,506,0,2,26.80848037032666,0.7317166801899581,floating-PLL-IQ40,extreme,final,50401,NTSC,10,3,1000000.0,,False,,,,,
4.233315499367813,44.40567660084458,True,95.32253354487351,506,12,0,2.025,2.025,1000000.0,49.24026623246927,27.135803857251467,-25.83054882084129,-12.57817383516742,96.24259451699562,1000000.0,1000000.0,506,506,2,4.514658419942144,0.4134334568199742,HC50,extreme,final,50401,NTSC,10,3,1000000.0,,False,,,,,
11.179029330259487,98.35311266792527,True,4.372047795235529,7,1,0,1.275,1.5299999999999994,2.141847338173307,1.5179861456955448,-2.1764338430078043,-5.856287618055995,-66.83734261607302,114.44032806459488,1.0799999999999983,1.0875,506,1,2,17.644060806077167,0.41589750955731114,PLL96-board-fixed,extreme,final,50401,NTSC,10,3,1000000.0,,False,,,,,
12.01841271733973,92.80130645931033,True,6.805311785939,0,0,2,0.275,0.15,0.4787995529004883,1.6619089242309102,1.9453595464354754,-9.062040202060317,-55.58904372396305,119.37397855099842,0.275,0.15,506,0,2,18.077511810834395,0.4310794719356811,RNG-1bb4e5330dad,extreme,final,50401,NTSC,10,3,1000000.0,,True,,,,,
12.51057667802309,95.34168176944162,True,0.7037122893002616,21,1,0,1.875,1.8737499999999998,2.6070987548471907,3.018068647758095,1.4292655905512919,-3.5014110597982175,-69.69585074472771,129.49886985926776,1.55,1.475,506,1,2,24.81199595103159,0.5808047962412802,OVP56,extreme,final,50401,NTSC,12,3,1000000.0,,False,,,,,
13.307468889430517,95.70285111753624,True,1.348719168370127,0,0,2,0.075,0.061249999999999985,0.04489777585448796,1.3418320956509715,2.2022759050529666,-2.3290363351140884,-51.65373703284537,111.65149171332695,0.075,0.061249999999999985,506,0,2,24.534001978169464,0.5842111736482465,RANGE32,extreme,final,50401,NTSC,12,3,1000000.0,,True,,,,,
-6.6197393731379695,-82.40407495411625,False,610.6642140850838,506,12,49,2.025,2.025,1000000.0,83.63688108515908,23.091459445134173,-156.2677155627461,-68.55107601069618,81.94787564965668,1000000.0,1000000.0,506,506,2,-6.668106847475544,-0.341205165840641,PLL96-rejected-board,extreme,final,50401,NTSC,12,3,1000000.0,,False,,,,,
9.295063137366235,95.55867574064979,True,6.199441847022732,452,10,0,2.025,2.025,3.6262593597872232,15.771702337097306,-1.3409809928624088,-2.1629172842089335,-54.98258602588063,123.09126093065188,1.9,0.945,506,55,2,12.746064825933916,0.3419725673088691,PLL96-IQ-corrected,extreme,final,50401,NTSC,12,3,1000000.0,,False,,,,,
17.05399235312209,95.97623017583281,True,0.0,0,0,2,0.05,0.025,0.3946248280844877,1.9942441092697498,1.8078948867613929,-1.4477091482665057,-59.48591278594266,122.61554484782872,0.05,0.025,506,0,2,27.559783325570024,0.7937957146713895,floating-PLL-IQ40,extreme,final,50401,NTSC,12,3,1000000.0,,True,,,,,
4.290271833091301,44.46088456497275,True,94.98761165317445,506,12,0,2.025,2.025,1000000.0,49.146405562028626,27.107394777016005,-25.76051365433919,-8.603969876339413,93.26478237147876,1000000.0,1000000.0,506,506,2,4.523731078883333,0.46203592441991553,HC50,extreme,final,50401,NTSC,12,3,1000000.0,,False,,,,,
11.556420830334865,98.67302342121154,True,4.162063058642189,5,1,1,1.2625,1.4749999999999992,2.0256972506515885,2.645500501256267,-2.0400358147866733,-4.627381615207073,-60.865072089037774,112.40143119244382,1.025,1.025,506,1,2,17.786290343510792,0.44026725373640974,PLL96-board-fixed,extreme,final,50401,NTSC,12,3,1000000.0,,False,,,,,
12.479990147336045,93.38766653489773,True,5.628193047473108,0,0,2,0.225,0.17249999999999996,0.2159980054072744,1.4511819662030856,1.5654674275128884,-8.637138799449266,-55.85871773179551,119.608552514335,0.225,0.17249999999999996,506,0,2,18.556624910677286,0.46608616906887795,RNG-1bb4e5330dad,extreme,final,50401,NTSC,12,3,1000000.0,,True,,,,,
13.586249903453336,96.31276710396071,True,0.5569487637242713,2,0,0,0.925,0.7774999999999994,1.8739735947259657,1.7917604711772193,1.2725937314193982,-2.632077209073752,-66.59856138441677,127.8119934206406,0.9,0.7774999999999993,506,1,2,26.29750656266308,0.6317052470343465,OVP56,extreme,final,50401,NTSC,14,3,1000000.0,,False,,,,,
14.185833349264689,95.74199658312018,True,1.2185135790129664,0,0,2,0.075,0.061249999999999985,0.044204653413404446,1.329656082582516,2.142645884428061,-2.4043047913229674,-51.409453287161824,111.55406704542877,0.075,0.061249999999999985,506,0,2,24.75400448627419,0.6322675564022809,RANGE32,extreme,final,50401,NTSC,14,3,1000000.0,,True,,,,,
-6.620167991282076,-82.26305949890141,False,611.2332049842398,506,12,49,2.025,2.025,1000000.0,83.25974829533993,23.00749326603877,-156.2038044805029,-68.72447732259427,78.07007719091725,1000000.0,1000000.0,506,506,2,-6.669290575191669,-0.34539194086266384,PLL96-rejected-board,extreme,final,50401,NTSC,14,3,1000000.0,,False,,,,,
9.195121734699661,96.2028476488601,True,6.293521030084265,463,9,0,2.025,2.025,3.640298511909972,15.90694869907512,-1.2651986600542977,-1.974691015511443,-55.08095018527718,123.0506604846846,1.9,1.22,506,67,2,12.401948929588539,0.34683524452852016,PLL96-IQ-corrected,extreme,final,50401,NTSC,14,3,1000000.0,,False,,,,,
18.376039203933214,96.12597487164317,True,0.0,0,0,2,0.025,0.025,0.21747120567202152,1.8345756365867028,1.7786684033317455,-1.3308505512907938,-59.39653596839824,119.15077249192437,0.025,0.025,506,0,2,28.02086931546528,0.841332148634822,floating-PLL-IQ40,extreme,final,50401,NTSC,14,3,1000000.0,,True,,,,,
4.32500059569502,44.47908124822652,True,94.99739588821286,506,12,0,2.025,2.025,1000000.0,49.07928847073106,27.088509729591525,-25.734791565067972,-3.7965778277469866,88.97951906027204,1000000.0,1000000.0,506,506,2,4.528079343716012,0.502971223291304,HC50,extreme,final,50401,NTSC,14,3,1000000.0,,False,,,,,
11.780205021873659,98.53820497146374,True,4.116905050772653,9,0,1,1.2625,1.025,2.125723926872838,3.7103174759160624,-1.717827623855848,-3.8311975676719072,-60.53694496165855,112.25715537032254,1.025,1.025,506,1,2,17.796884001926795,0.456466482862014,PLL96-board-fixed,extreme,final,50401,NTSC,14,3,1000000.0,,False,,,,,
12.778422092340518,93.70302212887397,True,4.9267386585663235,0,0,2,0.225,0.17249999999999996,0.10762666037611412,1.3823859417952338,1.3723527901227799,-8.364885518561348,-56.01609615680653,119.70844324507938,0.225,0.17249999999999996,506,0,2,18.863428923453654,0.48861470171632115,RNG-1bb4e5330dad,extreme,final,50401,NTSC,14,3,1000000.0,,True,,,,,
14.998923549898695,97.17066498497361,True,0.40491680389683504,0,0,2,0.05,0.05,0.5256219259990103,0.6662162127758728,1.168525109866465,-1.7581357292182587,-62.5078178174699,123.75460380338627,0.05,0.05,506,0,2,27.60621111139557,0.6971651641129211,OVP56,extreme,final,50401,NTSC,18,3,1000000.0,,False,,,,,
15.317447531536295,95.61799147288832,True,1.0296025794254096,0,0,2,0.075,0.075,0.040363344816096235,1.388077121475314,2.0383423695665965,-2.8377062225671446,-50.92120687121887,108.22357116005604,0.075,0.075,506,0,2,24.961990751763473,0.6937000153189973,RANGE32,extreme,final,50401,NTSC,18,3,1000000.0,,True,,,,,
-6.624542759298272,-82.29566358356514,False,612.4916081368709,506,12,49,2.025,2.025,1000000.0,83.44892575968336,22.80217514612824,-156.13013280028957,-67.8801931938377,78.10467072340087,1000000.0,1000000.0,506,506,2,-6.6738648047853015,-0.3508415161720044,PLL96-rejected-board,extreme,final,50401,NTSC,18,3,1000000.0,,False,,,,,
9.03654421975305,97.26077859078451,True,6.4553372249501,486,12,0,2.025,2.025,3.6788457768707836,15.593147321381462,-1.10207014891869,-1.776667930020126,-53.4207937523562,117.29742769829015,1.9024999999999999,1000000.0,506,72,2,11.969812527687832,0.35417511618675757,PLL96-IQ-corrected,extreme,final,50401,NTSC,18,3,1000000.0,,False,,,,,
20.263503279062572,96.25766042254443,True,0.0,0,0,2,0.025,0.025,0.021349019471888334,1.7002497839461543,1.7380843745601227,-1.2432455895142067,-52.9845224486618,115.65700265198608,0.025,0.025,506,0,2,28.4948675170004,0.8974787427143439,floating-PLL-IQ40,extreme,final,50401,NTSC,18,3,1000000.0,,True,,,,,
4.356983317779115,44.46627787250657,True,94.93041150987304,506,12,0,2.025,2.025,1000000.0,49.000258505198666,27.075447276977165,-25.72719020306607,-0.47961411410674515,85.91677953507603,1000000.0,1000000.0,506,506,2,4.530377250635531,0.5541843369988956,HC50,extreme,final,50401,NTSC,18,3,1000000.0,,False,,,,,
11.97967901480337,97.91329470393563,True,3.946057254332911,26,0,0,2.0125,1.0924999999999998,2.4691007134852425,5.044422889708545,-1.1258181351559506,-3.0618347613986363,-60.26837835143133,111.35682684943559,1.525,1.0924999999999998,506,2,2,17.72412260512612,0.4722772077291135,PLL96-board-fixed,extreme,final,50401,NTSC,18,3,1000000.0,,False,,,,,
13.020910617227944,93.88753005772293,True,4.503006018057182,0,0,2,0.225,0.21125,0.08114636899813218,1.4359968403698744,1.2080520791200962,-8.189320459853892,-56.1670842296016,119.79805677640302,0.225,0.21125,506,0,2,19.018516466248652,0.5101914744415541,RNG-1bb4e5330dad,extreme,final,50401,NTSC,18,3,1000000.0,,True,,,,,
15.685798639451267,97.45151006326773,True,0.3311587243765937,0,0,2,0.05,0.05,0.11901169936178643,0.3286280683288519,1.107958838963016,-1.4682484657898685,-61.74983150366827,123.93395503150572,0.05,0.05,506,0,2,27.96000454277675,0.7279258708115401,OVP56,extreme,final,50401,NTSC,22,3,1000000.0,,True,0.8781089513312997,-48.191401644361925,11.331970670929147,23.273389118796068,11.59528018640121
15.863576922501185,95.58872217539121,True,0.920470727074032,0,0,2,0.05,0.061249999999999985,0.03885083463426051,1.3770894765106467,1.9774764620074021,-3.059964179580783,-48.914239309139404,107.43067241654566,0.05,0.061249999999999985,506,0,2,25.085941639653395,0.7226715028442288,RANGE32,extreme,final,50401,NTSC,22,3,1000000.0,,True,0.8412926387188513,-49.40669165477181,11.303283274234843,20.871336149627073,11.52798435492661
-6.6324159430510345,-82.55407696543926,False,613.4602474056724,506,12,49,2.025,2.025,1000000.0,84.12170837485546,22.6164116341112,-156.14897730797566,-67.62064417105832,74.32906700983563,1000000.0,1000000.0,506,506,2,-6.681395422864113,-0.35215934841084906,PLL96-rejected-board,extreme,final,50401,NTSC,22,3,1000000.0,contrast;waveform;detail_floor;sync;h_jitter_us;v_jitter_us;h_width_rmse_us;sync_error_ire;black_error_ire;white_error_ire,False,0.4405441246507513,83.5604606663137,39.66752936625616,30.668071672837197,29.478121560999327
8.94400844804214,98.11706271816249,True,6.573500678875385,500,12,0,2.025,2.025,3.6792634000118376,14.77297732866863,-1.0109254606020086,-1.6937799513258447,-51.76754136161346,111.33421409745208,1.8,1000000.0,506,145,2,11.766414594391318,0.3580465087242863,PLL96-IQ-corrected,extreme,final,50401,NTSC,22,3,1000000.0,sync;h_jitter_us;v_jitter_us;h_width_rmse_us,False,0.4972259633189933,-93.76098433478865,40.03543414210184,29.38287881708767,17.832244099012264
21.273190179928815,96.31095541466595,True,0.0,0,0,2,0.025,0.025,0.020035788138331633,1.6750477489540054,1.7249018326418428,-1.1768837741638458,-47.89400972328909,113.37436894774464,0.025,0.025,506,0,2,28.69194616827434,0.9218902801223726,floating-PLL-IQ40,extreme,final,50401,NTSC,22,3,1000000.0,,True,0.5898505802157357,5.136402494629805,8.372310676368617,16.98135717998283,6.363401426723715
4.369125494826652,44.46613800870876,True,94.8084848886253,506,12,0,2.025,2.025,1000000.0,48.965503553149844,27.08738043139983,-25.684802661766085,1.1482423987022514,85.05476195618189,1000000.0,1000000.0,506,506,2,4.530942556928216,0.5787794705075964,HC50,extreme,final,50401,NTSC,22,3,1000000.0,contrast;waveform;sync;h_jitter_us;v_jitter_us;h_width_rmse_us;sync_error_ire;black_error_ire;white_error_ire,False,0.43346563510345326,80.78921471466728,10.310021746312234,19.84729354765299,30.854002353297776
12.001291676956704,97.34879678018117,True,3.7985410952924283,9,0,1,1.075,1.0924999999999998,1.971139542645187,5.624396687145494,-0.7372630423710015,-2.820062161302449,-58.37052139486937,111.30747583626763,0.975,1.0924999999999998,506,1,2,17.447571568980035,0.48084963814911835,PLL96-board-fixed,extreme,final,50401,NTSC,22,3,1000000.0,sync;h_jitter_us;v_jitter_us;h_width_rmse_us,False,0.5997461188592518,-87.93097487555023,35.56598487873284,19.548641551248675,16.510452632666397
13.023599555880075,93.8923708563511,True,4.588806233009299,0,0,2,0.2,0.2,0.0796174152200642,1.5694965691452027,1.1821527058637165,-8.254427693722926,-55.872511334390566,114.12288377261282,0.2,0.2,506,0,2,18.83470241795255,0.5135755230881264,RNG-1bb4e5330dad,extreme,final,50401,NTSC,22,3,1000000.0,,True,0.16757706447245635,-38.46963703223717,49.26263835946757,162.0090990704947,13.615259993635394
16.127360604409162,97.54102489711713,True,0.28750598343604267,0,0,2,0.05,0.05,0.02186352748282159,0.17180977080433618,1.1033960269058543,-1.3779274164062758,-56.22687288569923,123.35899573277855,0.05,0.05,506,0,2,28.083461171981416,0.7473167709488809,OVP56,extreme,final,50401,NTSC,30,3,1000000.0,,True,0.8757299254388874,-48.20988630018029,9.809783985330931,21.656967260280844,11.449603020227158
16.220016307825922,95.65076494307226,True,0.8452073806248063,0,0,2,0.05,0.05,0.038499525175450904,1.2743410882649204,1.9019077002226388,-3.129478862514749,-43.35245870775144,103.66818473654799,0.05,0.05,506,0,2,25.222776203363754,0.740955651177699,RANGE32,extreme,final,50401,NTSC,30,3,1000000.0,,True,0.8402218269966424,-49.237299049611465,9.291929753115326,20.394121860175602,11.365800831841776
-6.641315155714569,-82.90619051951228,False,613.6438899710085,506,12,49,2.025,2.025,1000000.0,84.94422392616003,22.534861662379466,-156.18039727797705,-67.17709082822809,61.70123587490342,1000000.0,1000000.0,506,506,2,-6.689999768332405,-0.35321993463099377,PLL96-rejected-board,extreme,final,50401,NTSC,30,3,1000000.0,contrast;waveform;detail_floor;sync;h_jitter_us;v_jitter_us;h_width_rmse_us;sync_error_ire;black_error_ire;white_error_ire,False,0.43979502408491267,83.81128447849387,39.56045373752127,33.12063255619813,29.441750460053548
8.901856057612775,98.85161679015026,True,6.620163953673905,506,12,0,2.025,2.025,1000000.0,13.97201990332728,-1.0526008950833674,-1.6837567693441684,-41.73360899449251,106.87081303118354,1000000.0,1000000.0,506,506,2,11.66770375348806,0.359465029178595,PLL96-IQ-corrected,extreme,final,50401,NTSC,30,3,1000000.0,sync;h_jitter_us;v_jitter_us;h_width_rmse_us,False,0.5019997517638188,-93.23047765184049,39.78495211320566,31.002715809504846,17.794948220492486
21.9715885104863,96.32823091767644,True,0.0,0,0,2,0.025,0.025,0.02000494010134742,1.6754545179730598,1.7157072690795871,-1.1386166143457417,-45.168046309445984,112.23520963066737,0.025,0.025,506,0,2,28.78824793963664,0.9367695378287029,floating-PLL-IQ40,extreme,final,50401,NTSC,30,3,1000000.0,,True,0.5872027974455474,4.793838389597187,7.043147700561953,17.046822189623157,6.2231243127263784
4.3770971763802615,44.47076235305303,True,94.75429527918186,506,12,0,2.025,2.025,1000000.0,48.94505720952513,27.087419435803593,-25.644084558850818,2.2997643012216855,84.19560259372484,1000000.0,1000000.0,506,506,2,4.532285916961897,0.594518509216044,HC50,extreme,final,50401,NTSC,30,3,1000000.0,contrast;waveform;sync;h_jitter_us;v_jitter_us;h_width_rmse_us;sync_error_ire;black_error_ire;white_error_ire,False,0.43448125120271774,80.63504086406616,8.66764417204692,19.59831371987823,30.84144043005585
11.932958270136124,96.92913282227391,True,3.733814617346094,0,0,2,0.275,0.075,0.10631609778496079,5.733120746820018,-0.6000569778343736,-2.777691404374961,-57.455007865301006,111.32176961608256,0.275,0.075,506,0,2,17.05245614857662,0.48480763264288823,PLL96-board-fixed,extreme,final,50401,NTSC,30,3,1000000.0,,True,0.6027327673613478,-88.79338345987674,35.43320931299351,17.054538186290397,16.58315032822671
13.065155941680029,93.82985606474034,True,4.491716516089798,0,0,2,0.2,0.125,0.07956309798684828,1.638764740845113,1.1482017216051121,-8.220332574042404,-46.36312198429373,118.34176997162494,0.2,0.125,506,0,2,18.850492913867203,0.5173594356467466,RNG-1bb4e5330dad,extreme,final,50401,NTSC,30,3,1000000.0,,True,0.16562180965889034,-36.114355055362196,50.254462108630904,153.40594736723222,13.526988731465194
0.733652337935119,55.50744427587263,True,220.57904642409034,610,8,0,2.025,2.025,1000000.0,35.150070914768804,13.996454775436261,-29.68647753249353,-89.20255867595812,152.00287354600002,1000000.0,1000000.0,610,610,2,5.554924826615515,0.11475894443894284,OVP56,extreme,final,50402,PAL,0,3,1000000.0,,False,,,,,
1.1593854292995815,63.105445805677675,True,167.24905897114178,536,7,0,2.025,2.025,3.452371394164197,31.635562917246293,4.9013923146380005,-34.43814624387474,-77.29016651572971,134.25159706530255,1.9012499999999997,0.075,610,46,2,6.0183931825298265,0.11420174384092514,RANGE32,extreme,final,50402,PAL,0,3,1000000.0,,False,,,,,
-6.795188396160326,-77.76870569869874,False,635.866373902133,607,8,3,2.025,2.025,3.6506848672543617,90.56520925426557,19.70825927314261,-148.17083964795947,-77.15281383219947,137.67926187942209,1.8875,1000000.0,610,282,2,-6.68632932929822,-0.09521148854338096,PLL96-rejected-board,extreme,final,50402,PAL,0,3,1000000.0,,False,,,,,
2.7464275812696544,85.71532293088951,True,113.75156838143037,371,5,0,2.025,2.025,3.2783036931624423,11.3057595609832,3.138591670119658,-11.142469427517952,-76.56938988694272,138.7254852256622,1.875,1.7075,610,14,2,5.714362407032065,0.10157387165193983,PLL96-IQ-corrected,extreme,final,50402,PAL,0,3,1000000.0,,False,,,,,
5.838351731736957,92.19560679052792,True,41.000627352572145,471,6,0,2.025,2.025,3.457639987126413,4.9866656652460275,1.437171769505491,-7.542732190005496,-78.75978292764472,140.22563536998274,1.95,0.9087500000000001,610,23,2,13.292707815161686,0.2571015481429238,floating-PLL-IQ40,extreme,final,50402,PAL,0,3,1000000.0,,False,,,,,
0.8320345281292296,31.85950453454024,True,222.0069008782936,610,8,0,2.025,2.025,1000000.0,52.634744384811995,26.981689162071717,-41.1667792011865,-82.94379446659491,141.3257340801529,1000000.0,1000000.0,610,610,2,2.8296133000370642,0.07113734813723058,HC50,extreme,final,50402,PAL,0,3,1000000.0,,False,,,,,
0.16488588936557427,69.49500581536994,True,197.7038895859473,416,6,0,2.025,2.025,3.34339921322134,17.314435475646796,2.960027918649976,-30.77996030809663,-84.11794746870845,130.2932861908735,1.9,1.1724999999999999,610,14,2,3.7899107949193827,0.08543144976403395,PLL96-board-fixed,extreme,final,50402,PAL,0,3,1000000.0,,False,,,,,
4.373258983658865,75.22447995696338,True,87.31618569636136,204,3,0,2.025,2.025,3.058865969958064,10.438891178178123,10.941199715774646,-23.21642508683475,-85.33610574652401,124.12991436855117,1.84375,1.4499999999999997,610,7,2,7.646542912147999,0.1130370181276639,RNG-1bb4e5330dad,extreme,final,50402,PAL,0,3,1000000.0,,False,,,,,
2.7109023553795764,68.72730073109011,True,135.17189460476789,609,8,0,2.025,2.025,3.6,25.684000181167477,9.294149688417297,-21.381018378859256,-84.48321755931194,145.93864138874883,0.325,1000000.0,610,583,2,8.455347169931116,0.1699452039857996,OVP56,extreme,final,50402,PAL,2,3,1000000.0,,False,,,,,
3.2454825537224252,77.11934375155855,True,91.67816813048933,345,4,0,2.025,2.025,3.265856456770018,19.782868348272267,2.9039809235233647,-22.92116414384041,-69.78312381529861,133.5647838359801,1.825,1.2387499999999998,610,9,2,9.277189281111715,0.16744122182497154,RANGE32,extreme,final,50402,PAL,2,3,1000000.0,,False,,,,,
-6.761114804204098,-81.76694803786503,False,619.4366373902133,610,8,17,2.025,2.025,1000000.0,90.0947981031383,20.505272322893344,-153.21089149450086,-75.2881611104354,134.9455036729804,1000000.0,1000000.0,610,610,2,-6.730575625929182,-0.16021928756631973,PLL96-rejected-board,extreme,final,50402,PAL,2,3,1000000.0,,False,,,,,
5.5963265738507895,89.7036257745534,True,48.47427854454203,390,6,0,2.025,2.025,3.3177154482346047,10.567116114837956,1.5234870696805989,-7.059139536808717,-74.97709948905346,138.76249214564612,1.8524999999999991,1.855,610,14,2,9.74293769666711,0.16219646722281258,PLL96-IQ-corrected,extreme,final,50402,PAL,2,3,1000000.0,,False,,,,,
8.126964258500552,94.09839447166377,True,12.096612296110413,371,5,0,2.025,2.025,3.335262342814653,4.091723724834518,1.5394802171308817,-4.522103636675256,-77.2893644815658,137.74818906322415,1.9,1.04,610,9,2,18.412375578158446,0.36040362507256246,floating-PLL-IQ40,extreme,final,50402,PAL,2,3,1000000.0,,False,,,,,
2.09994889807016,37.93853400276664,True,166.11104140526976,610,8,0,2.025,2.025,1000000.0,50.67951073650029,27.18868967794116,-34.43323931796733,-79.75489724529882,139.55012912666544,1000000.0,1000000.0,610,610,2,3.63643220207815,0.1111568763013905,HC50,extreme,final,50402,PAL,2,3,1000000.0,,False,,,,,
2.7240215792075393,81.39612401977251,True,102.9077791718946,252,3,0,2.025,2.025,3.181085532895613,9.323918030378097,0.2376919752162235,-22.09212595112476,-82.16269424486265,127.86210685634535,1.875,1.1400000000000001,610,7,2,6.962226368834557,0.1335993492246007,PLL96-board-fixed,extreme,final,50402,PAL,2,3,1000000.0,,False,,,,,
6.635033736850412,82.96452943458884,True,45.76913425345044,59,0,0,2.025,1.5737499999999995,2.708784107863287,6.294672989306758,7.582935912120271,-16.096536335798344,-76.49168452217167,121.62016281269095,1.7,1.5737499999999998,610,2,2,10.872645760234118,0.17317273603601724,RNG-1bb4e5330dad,extreme,final,50402,PAL,2,3,1000000.0,,False,,,,,
5.039348959656049,80.64749395796126,True,65.48933500627352,600,8,0,2.025,2.025,3.5290225275563203,16.714780948125913,5.022674233671996,-13.926345169207655,-85.02579208423322,144.60117213661812,1.5824999999999991,1000000.0,610,151,2,12.370160679395536,0.24614932733410425,OVP56,extreme,final,50402,PAL,4,3,1000000.0,,False,,,,,
5.825302343572451,88.5116505181221,True,39.5922208281054,88,0,0,2.025,0.99125,2.858071726575957,9.067399392294284,1.7529868341685897,-11.924292763063313,-69.20243934609071,128.89411431160295,1.725,0.99125,610,3,2,13.832804670040273,0.24574291320463,RANGE32,extreme,final,50402,PAL,4,3,1000000.0,,False,,,,,
-6.79282346258785,-84.07254156180765,False,611.9454203262234,610,8,44,2.025,2.025,1000000.0,88.72010826207962,21.401280016785662,-156.5723562925486,-74.27484328815022,135.36450376715882,1000000.0,1000000.0,610,610,2,-6.808285224473247,-0.2403971194621088,PLL96-rejected-board,extreme,final,50402,PAL,4,3,1000000.0,,False,,,,,
7.943626364228846,93.02481887984102,True,17.97365119196989,412,8,0,2.025,2.025,3.4205456546810735,10.716728407410374,0.04196805313693738,-3.960405474386404,-74.65271834112023,135.4965970502319,1.9,1000000.0,610,14,2,13.110945957340077,0.23935594030839033,PLL96-IQ-corrected,extreme,final,50402,PAL,4,3,1000000.0,,False,,,,,
10.141116526303888,95.85900053566758,True,2.335006273525721,169,3,0,2.025,2.025,3.102917214186553,2.628703839909854,1.2518686712556477,-2.471477995441357,-74.86386029932578,137.13032367110867,1.8,1.0050000000000001,610,4,2,23.42423715725815,0.46361007586464925,floating-PLL-IQ40,extreme,final,50402,PAL,4,3,1000000.0,,False,,,,,
3.2386916453905776,42.46426065740062,True,123.20138017565873,610,8,0,2.025,2.025,1000000.0,49.39069396516519,27.059978908298405,-29.192315150858178,-74.68302842224693,131.41179582303403,1000000.0,1000000.0,610,610,2,4.250159793166538,0.17540786996942706,HC50,extreme,final,50402,PAL,4,3,1000000.0,,False,,,,,
5.787888514931866,90.86833235392179,True,41.37452948557089,92,1,0,2.025,1.7799999999999996,2.8454327778125763,3.1763924444846157,-1.8710542220907609,-14.625817560515852,-82.98112822289733,128.08982462713718,1.6537499999999994,1.2875,610,3,2,10.916191323562048,0.21024361762936025,PLL96-board-fixed,extreme,final,50402,PAL,4,3,1000000.0,,False,,,,,
8.661319718810098,88.66478152366635,True,23.97490589711418,5,0,1,1.413749999999999,1.1737499999999998,2.2604052331787363,3.0578173463756477,4.530213284620715,-11.881096206320908,-70.52033605145907,121.2123819510015,1.35,1.1737499999999998,610,1,2,13.845103784407222,0.2514248959773501,RNG-1bb4e5330dad,extreme,final,50402,PAL,4,3,1000000.0,,False,,,,,
7.420826392455027,87.78319332623074,True,22.75784190715182,550,8,0,2.025,2.025,3.517739271653505,10.872917938302903,2.7445335125080508,-9.32218899743051,-79.45342527202423,141.06674755108943,1.8512499999999998,1000000.0,610,47,2,16.47196716960592,0.33514620625986524,OVP56,extreme,final,50402,PAL,6,3,1000000.0,,False,,,,,
8.532418621180259,93.70610263044674,True,12.727101631116687,5,0,0,1.163749999999999,0.12374999999999996,2.012985222035232,3.586921965586925,1.748327083195685,-5.584664489117444,-66.74973790960208,127.89527225140472,1.1199999999999988,0.12374999999999996,610,1,2,19.026710351208244,0.3421253814780434,RANGE32,extreme,final,50402,PAL,6,3,1000000.0,,False,,,,,
-6.760928000310459,-84.03230904800193,False,607.6223337515684,610,8,57,2.025,2.025,1000000.0,86.9299694991012,22.18538865228792,-157.09952319546974,-72.99476149491859,129.86944907188885,1000000.0,1000000.0,610,610,2,-6.796194392501552,-0.30022801276415734,PLL96-rejected-board,extreme,final,50402,PAL,6,3,1000000.0,,False,,,,,
9.1703671565055,94.15700435667182,True,8.089711417816813,480,6,0,2.025,2.025,3.482012155901549,12.268393209483035,-0.6159520856463344,-2.8977595205566193,-73.08911407588187,132.74900304574697,1.9,1.09625,610,20,2,14.219846479391204,0.2966760970143119,PLL96-IQ-corrected,extreme,final,50402,PAL,6,3,1000000.0,,False,,,,,
12.011790426564096,95.94990537973294,True,0.27728983688833125,33,0,0,2.025,0.6274999999999995,2.7086310550487216,2.31836888016512,1.4077332148285089,-1.9682574594552948,-72.10196403133365,131.6345869812231,1.55,0.6274999999999995,610,1,2,25.69352831403385,0.5561306999636442,floating-PLL-IQ40,extreme,final,50402,PAL,6,3,1000000.0,,False,,,,,
3.9186183589166648,44.22603094014489,True,100.54705144291091,610,8,0,2.025,2.025,1000000.0,49.040431975324935,27.053022871407336,-26.643726862649302,-65.29006160757119,118.6690001910103,1000000.0,1000000.0,610,610,2,4.513131785969938,0.25727216756169546,HC50,extreme,final,50402,PAL,6,3,1000000.0,,False,,,,,
8.69932203130878,95.7751464853652,True,13.225846925972396,14,0,0,1.55,0.7287499999999998,2.3191189511820096,0.5342866427114731,-2.5385440631211207,-10.066609919960992,-81.06508360689374,125.15341247973964,1.28125,0.7287499999999999,610,1,2,14.75111814156946,0.3068673580349793,PLL96-board-fixed,extreme,final,50402,PAL,6,3,1000000.0,,False,,,,,
10.299283141885418,91.24315999603792,True,13.646800501882057,1,0,1,1.025,0.6824999999999997,1.6319184540664082,1.9811193350627587,2.9559611467864353,-10.12056177895678,-70.13566096376525,119.9055908102734,1.0150000000000006,0.6824999999999998,610,1,2,16.032674155156283,0.3327486678957322,RNG-1bb4e5330dad,extreme,final,50402,PAL,6,3,1000000.0,,False,,,,,
9.476874828273079,91.49201954679326,True,5.516311166875784,384,5,0,2.025,2.025,3.400712851481302,7.3847922316827415,1.9825449212866444,-6.6023424447522325,-80.82711025381093,135.60997716218048,1.9,1.515,610,12,2,19.92312412686408,0.42266459465224177,OVP56,extreme,final,50402,PAL,8,3,1000000.0,,False,,,,,
10.672026821999733,95.07527662590007,True,3.7321204516938518,0,0,2,0.375,0.06624999999999999,1.0309652488140884,2.0086971292370794,2.11994730026544,-3.1509221181338054,-62.44529171500184,124.80733839980871,0.375,0.06624999999999999,610,0,2,22.847869171004564,0.4336756312611149,RANGE32,extreme,final,50402,PAL,8,3,1000000.0,,False,,,,,
-6.707770986883389,-83.22338053167438,False,605.4222082810539,610,8,58,2.025,2.025,1000000.0,85.44082798227113,22.906390359436955,-156.6454208396774,-71.6382121156395,127.43399210175843,1000000.0,1000000.0,610,610,2,-6.74977807930837,-0.32885144932469346,PLL96-rejected-board,extreme,final,50402,PAL,8,3,1000000.0,,False,,,,,
9.472715015766477,94.58091704299193,True,6.165621079046424,523,6,0,2.025,2.025,3.517005077142153,13.962337944872827,-0.9506417960527056,-2.610931920771997,-69.38136778771633,128.77035001956622,1.95,1.04875,610,41,2,13.805605301289688,0.326928737766298,PLL96-IQ-corrected,extreme,final,50402,PAL,8,3,1000000.0,,False,,,,,
13.781027176310827,95.6568481826533,True,0.020075282308657467,1,0,0,0.95,0.6024999999999996,2.018306255148874,2.438282034259296,1.7659992056413696,-1.8098522637169865,-67.21676050173697,128.82265839088217,0.95,0.6024999999999995,610,1,2,26.317429401011335,0.6418242031215422,floating-PLL-IQ40,extreme,final,50402,PAL,8,3,1000000.0,,False,,,,,
4.162613315058254,44.44852659914333,True,92.1060225846926,610,8,0,2.025,2.025,1000000.0,49.21703594422427,27.16485854872316,-25.885133795203846,-54.556872922386844,116.34176082212306,1000000.0,1000000.0,610,610,2,4.544868401318681,0.335505674413227,HC50,extreme,final,50402,PAL,8,3,1000000.0,,False,,,,,
10.494136749468296,97.79459278355633,True,5.286700125470515,5,0,0,1.113749999999999,1.0875,2.2093583826101906,0.5407986862063406,-2.476743581776821,-7.43299143382687,-80.26103303949256,116.65790890292556,1.069999999999999,1.0875,610,1,2,16.987664387514783,0.3820620561299405,PLL96-board-fixed,extreme,final,50402,PAL,8,3,1000000.0,,False,,,,,
11.450694019066741,92.28630607841423,True,8.736511919698872,0,0,2,0.325,0.6299999999999997,1.0392403436180095,1.837902804078077,2.2890507413855388,-9.408900629360044,-58.41969620694082,118.27409841440786,0.325,0.6299999999999997,610,0,2,17.35509633004373,0.3995780585855421,RNG-1bb4e5330dad,extreme,final,50402,PAL,8,3,1000000.0,,False,,,,,
11.095054383513181,93.7008622038189,True,1.4015056461731492,176,2,0,2.025,2.025,3.0703851981432164,4.904938213932487,1.6678342632764014,-4.790061746157228,-70.94005259216244,131.61236905645274,1.7587499999999991,1.03125,610,5,2,22.631388618929282,0.49578523529350915,OVP56,extreme,final,50402,PAL,10,3,1000000.0,,False,,,,,
12.121788065889303,95.38684408759724,True,1.823086574654956,0,0,2,0.1,0.075,0.3439583943577774,1.6111379941320285,2.2578496432727624,-2.5110599144591292,-53.37529782075191,118.59760792963706,0.1,0.075,610,0,2,24.022838408229944,0.5050644626537282,RANGE32,extreme,final,50402,PAL,10,3,1000000.0,,True,,,,,
-6.684312227870244,-82.66774792033809,False,604.814303638645,610,8,59,2.025,2.025,1000000.0,84.39455817309818,23.160123727326965,-156.31209217354854,-69.58401003838124,82.2490731146778,1000000.0,1000000.0,610,610,2,-6.729205523137541,-0.34088391892905,PLL96-rejected-board,extreme,final,50402,PAL,10,3,1000000.0,,False,,,,,
9.432328191185782,95.1217446033096,True,5.992471769134254,544,6,0,2.025,2.025,3.5760752780023233,15.139717694162826,-1.0470150670252008,-2.3888307072348183,-57.20886134802633,124.03964909651694,1.91875,1.9525,610,28,2,13.190845843150608,0.34085301300887416,PLL96-IQ-corrected,extreme,final,50402,PAL,10,3,1000000.0,,False,,,,,
15.404886768347023,95.68300822647852,True,0.0012547051442910917,0,0,2,0.425,0.04124999999999999,1.0978359861377365,2.2970541894602867,1.8735945944979462,-1.6548642670180786,-61.924694818904406,124.31599326765922,0.425,0.04124999999999999,610,0,2,26.80654049320591,0.7169674601335604,floating-PLL-IQ40,extreme,final,50402,PAL,10,3,1000000.0,,False,,,,,
4.252330662216471,44.400168076898005,True,89.51442910915934,610,8,0,2.025,2.025,1000000.0,49.23857342049327,27.179140843010508,-25.812335321867323,-13.306496702325738,97.76581598084726,1000000.0,1000000.0,610,610,2,4.542337832780244,0.3944921889698951,HC50,extreme,final,50402,PAL,10,3,1000000.0,,False,,,,,
11.20886773466918,98.5480179553515,True,4.146173149309912,6,0,0,1.325,0.7024999999999998,2.207542524696721,1.511272592839867,-2.2706710248666546,-5.817362328318146,-67.20224272762422,113.60519382520164,1.2675000000000012,0.7024999999999999,610,1,2,17.52125454406559,0.41798936496828876,PLL96-board-fixed,extreme,final,50402,PAL,10,3,1000000.0,,False,,,,,
12.221975841951396,93.05168623425038,True,6.260351317440401,0,0,2,0.275,0.15,0.5865037769084431,1.6742412707292047,1.8161405197834035,-8.906440882093328,-58.394923664192994,119.41499057449269,0.275,0.15,610,0,2,18.155282365711273,0.4523861296829953,RNG-1bb4e5330dad,extreme,final,50402,PAL,10,3,1000000.0,,False,,,,,
12.40158756258426,95.30690844224664,True,0.6869510664993727,38,0,0,2.025,0.8549999999999993,2.6437915878128915,3.04711321375907,1.41228180784754,-3.433138104520404,-68.70662493929856,126.70556560970445,1.4112499999999983,0.8549999999999993,610,2,2,24.837564819379597,0.5579866893171657,OVP56,extreme,final,50402,PAL,12,3,1000000.0,,False,,,,,
13.208676944077279,95.673459632173,True,1.4033877038895861,0,0,2,0.08874999999999886,0.09124999999999998,0.1514276324481515,1.379858398174378,2.1972346496073976,-2.2490246101035942,-51.47545801780541,112.47953997707396,0.08874999999999886,0.09124999999999998,610,0,2,24.480749782060556,0.5640229326920142,RANGE32,extreme,final,50402,PAL,12,3,1000000.0,,True,,,,,
-6.686302380068362,-82.49915058740294,False,605.404642409034,610,8,59,2.025,2.025,1000000.0,83.74401883480739,23.170701500274326,-156.3171722755183,-69.77276695468588,82.14203952521322,1000000.0,1000000.0,610,610,2,-6.732454309502368,-0.3489554080219672,PLL96-rejected-board,extreme,final,50402,PAL,12,3,1000000.0,,False,,,,,
9.328025313192372,95.93919015478839,True,6.069636135508156,541,8,0,2.025,2.025,3.592375682397132,15.582739439878745,-1.207789269952297,-2.070063006933135,-56.95067995055137,122.82226111666711,1.8299999999999996,1000000.0,610,37,2,12.691335105966157,0.35149344728352355,PLL96-IQ-corrected,extreme,final,50402,PAL,12,3,1000000.0,,False,,,,,
16.8854859857935,95.99474299615143,True,0.0006273525721455459,0,0,2,0.05,0.025,0.4304924743730177,1.9836423091642406,1.8163968070993155,-1.4021517731945585,-58.76843541888182,122.65900737234523,0.05,0.025,610,0,2,27.608049734048087,0.7793967178059953,floating-PLL-IQ40,extreme,final,50402,PAL,12,3,1000000.0,,True,,,,,
4.311809792343239,44.46740791676563,True,88.9805520702635,610,8,0,2.025,2.025,1000000.0,49.13585478745995,27.14557321605645,-25.73453285180985,-7.97904815139929,92.75660264184583,1000000.0,1000000.0,610,610,2,4.553273987271221,0.44232713700487664,HC50,extreme,final,50402,PAL,12,3,1000000.0,,False,,,,,
11.576856715823588,98.91900605643283,True,3.976160602258469,4,0,0,1.325,0.7674999999999998,2.027207929258576,2.5638242469030796,-2.0492086247550585,-4.572642778757336,-61.003195995945454,112.20250591924179,1.2125,0.7674999999999997,610,1,2,17.65184315479774,0.4402282125962216,PLL96-board-fixed,extreme,final,50402,PAL,12,3,1000000.0,,False,,,,,
12.674814987167522,93.6676164183065,True,5.129234629861982,0,0,2,0.275,0.15,0.27506705590801245,1.416758484843613,1.485307775593232,-8.507694988423276,-55.52689495763052,119.64814429241275,0.275,0.15,610,0,2,18.606457343698118,0.4868521974529412,RNG-1bb4e5330dad,extreme,final,50402,PAL,12,3,1000000.0,,True,,,,,
13.452025434791892,96.27688218650282,True,0.5238393977415307,2,0,0,0.913749999999999,0.06624999999999999,1.978010020978687,1.816552128854952,1.2764101062854587,-2.557921005750037,-64.42638124472208,124.5647849127914,0.9,0.06624999999999999,610,1,2,26.328961180849475,0.6093245696464282,OVP56,extreme,final,50402,PAL,14,3,1000000.0,,False,,,,,
14.075739085318649,95.72716721611178,True,1.2202007528230865,0,0,2,0.075,0.08249999999999998,0.044629623331241826,1.343925160676172,2.1345077029727575,-2.2988774699038226,-51.30425004774491,110.05714141015409,0.075,0.08249999999999998,610,0,2,24.72104852403475,0.61213557689735,RANGE32,extreme,final,50402,PAL,14,3,1000000.0,,True,,,,,
-6.686876242079003,-82.38751968848837,False,605.6223337515684,610,8,59,2.025,2.025,1000000.0,83.45883079363624,23.09017147866222,-156.2626448769738,-68.57282803084676,78.28239859926202,1000000.0,1000000.0,610,610,2,-6.733659771334862,-0.354835642693808,PLL96-rejected-board,extreme,final,50402,PAL,14,3,1000000.0,,False,,,,,
9.229831833372552,96.5110617806129,True,6.126097867001255,551,8,0,2.025,2.025,3.6372790281766343,15.857064501811326,-1.2045092088849128,-1.9018900822781697,-55.11410411290291,121.5211641952003,1.8549999999999998,1000000.0,610,42,2,12.344199379114604,0.3573824838928453,PLL96-IQ-corrected,extreme,final,50402,PAL,14,3,1000000.0,,False,,,,,
18.167144032896122,96.15188071160169,True,0.0,0,0,2,0.025,0.025,0.02592549223334021,1.8115505505699159,1.7821455285182524,-1.2842351538568506,-55.818653589129205,118.97328083552966,0.025,0.025,610,0,2,28.0844305271819,0.827675795854628,floating-PLL-IQ40,extreme,final,50402,PAL,14,3,1000000.0,,True,,,,,
4.345914429567909,44.48150406439014,True,89.06022584692596,610,8,0,2.025,2.025,1000000.0,49.06483714249904,27.123422215897694,-25.709248433270982,-6.693010818736994,89.19518849724957,1000000.0,1000000.0,610,610,2,4.5576119767096595,0.4808854737401303,HC50,extreme,final,50402,PAL,14,3,1000000.0,,False,,,,,
11.815449970718026,98.76073243524095,True,3.91405269761606,6,0,0,1.3024999999999978,0.8374999999999999,2.1509755891453852,3.6472571885831027,-1.756293474238916,-3.7751952535084112,-60.865194792830586,111.95954732225596,1.175,0.8374999999999998,610,1,2,17.68860910082037,0.45725552232489036,PLL96-board-fixed,extreme,final,50402,PAL,14,3,1000000.0,,False,,,,,
12.973761034424964,93.96952578473832,True,4.520075282308658,0,0,2,0.23874999999999885,0.16624999999999998,0.11175756841646409,1.3596891288253128,1.2942162516577462,-8.239908459360093,-55.77537115116981,115.89692693085459,0.23874999999999885,0.16624999999999998,610,0,2,18.886211531946707,0.510679365132304,RNG-1bb4e5330dad,extreme,final,50402,PAL,14,3,1000000.0,,True,,,,,
14.843494783968206,97.15489204920236,True,0.4015056461731493,0,0,2,0.05,0.04124999999999999,0.5836852958488536,0.6441699716170738,1.1659179404850863,-1.6919218109085687,-64.27828124725504,124.23982101511243,0.05,0.04124999999999999,610,0,2,27.646867518862027,0.6755381386029066,OVP56,extreme,final,50402,PAL,18,3,1000000.0,,False,,,,,
15.188983475743767,95.6109018357422,True,1.0464240903387703,0,0,2,0.075,0.05,0.04010743768152049,1.381995871663982,2.0241791287870594,-2.742055159219219,-50.35138761757241,108.19506606798615,0.075,0.05,610,0,2,24.962375668146215,0.6735822811147701,RANGE32,extreme,final,50402,PAL,18,3,1000000.0,,True,,,,,
-6.692450077799517,-82.43623295553668,False,606.5984943538268,610,8,59,2.025,2.025,1000000.0,83.70142637738282,22.867627659560153,-156.1893981242103,-67.97308976411252,75.73039467174996,1000000.0,1000000.0,610,610,2,-6.739510563614713,-0.35989590707958036,PLL96-rejected-board,extreme,final,50402,PAL,18,3,1000000.0,,False,,,,,
9.063252450755378,97.59329400696753,True,6.294855708908406,577,8,0,2.025,2.025,3.6705704081534956,15.521280499671187,-1.0781688053142138,-1.7358130568728076,-55.13019639154178,118.04892619829997,1.92,1000000.0,610,103,2,11.900289168381967,0.3650985155502428,PLL96-IQ-corrected,extreme,final,50402,PAL,18,3,1000000.0,,False,,,,,
20.002542504674206,96.30780001411854,True,0.0,0,0,2,0.025,0.04124999999999999,0.02084289398111972,1.6598768061667073,1.7341747807111396,-1.1773824284721575,-51.98244896676602,115.09620339456819,0.025,0.04124999999999999,610,0,2,28.60796554377227,0.8858121735033238,floating-PLL-IQ40,extreme,final,50402,PAL,18,3,1000000.0,,True,,,,,
4.37922629267078,44.478701965943436,True,88.97678795483061,610,8,0,2.025,2.025,1000000.0,48.98192567959526,27.11022953750166,-25.690895595501495,-1.2028477473133492,85.84777617997105,1000000.0,1000000.0,610,610,2,4.559987349826675,0.5332765798537632,HC50,extreme,final,50402,PAL,18,3,1000000.0,,False,,,,,
11.991770439727922,98.05618649775668,True,3.8092848180677543,35,0,0,2.025,0.8899999999999999,2.542303816551471,5.095391371292837,-1.1989639690437104,-2.9611840799637537,-61.049695350609646,111.54205132535787,1.525,0.8899999999999999,610,2,2,17.527147061572816,0.473500487071236,PLL96-board-fixed,extreme,final,50402,PAL,18,3,1000000.0,,False,,,,,
13.195030610241886,94.10944256782507,True,4.163111668757843,0,0,2,0.225,0.14874999999999997,0.08358023532932243,1.427771915036689,1.1318112883492182,-8.067046053316671,-55.85496430735202,115.47555563946673,0.225,0.14874999999999997,610,0,2,18.973495844762265,0.5307291515016663,RNG-1bb4e5330dad,extreme,final,50402,PAL,18,3,1000000.0,,True,,,,,
15.509438398085623,97.45746622426658,True,0.3262233375156838,0,0,2,0.05,0.05,0.052166190922951584,0.2884208827075284,1.0780811474842864,-1.4007705429491863,-59.97007336744818,124.2897176217482,0.05,0.05,610,0,2,28.04221753516152,0.7064057300956249,OVP56,extreme,final,50402,PAL,22,3,1000000.0,,True,0.8227393886585419,-60.57423380674882,16.093644287913857,23.900536472597913,12.109861009751063
15.715401959611663,95.58254661809966,True,0.965495608531995,0,0,2,0.05,0.06624999999999999,0.039463616777740074,1.3544174680381045,1.9541359747485232,-2.974659486448389,-49.01649610766202,107.64188710927377,0.05,0.06624999999999999,610,0,2,25.079605680350085,0.7022053918337047,RANGE32,extreme,final,50402,PAL,22,3,1000000.0,,True,0.7871616610069392,-61.697738393536866,16.14637601587302,23.13138903234678,11.99795563813833
-6.701378227763194,-82.6687046949628,False,607.5043914680051,610,8,59,2.025,2.025,1000000.0,84.27204777266047,22.699113956245853,-156.21507782154953,-68.0149142482899,74.37776539070398,1000000.0,1000000.0,610,610,2,-6.748130575826339,-0.3627767660174791,PLL96-rejected-board,extreme,final,50402,PAL,22,3,1000000.0,contrast;waveform;detail_floor;sync;h_jitter_us;v_jitter_us;h_width_rmse_us;sync_error_ire;black_error_ire;white_error_ire,False,0.322745074304863,64.54509603494324,27.231451019054123,35.47771783052335,28.7320590300263
8.98888827530109,98.38299038655863,True,6.385194479297365,602,8,0,2.025,2.025,3.6937658629101007,14.657659900894231,-1.0122579777341463,-1.6512703383640277,-48.75691713629048,111.05657471316934,1.64,1000000.0,610,206,2,11.736464419866195,0.36777686158477896,PLL96-IQ-corrected,extreme,final,50402,PAL,22,3,1000000.0,sync;h_jitter_us;v_jitter_us;h_width_rmse_us,False,0.37357374200393667,-112.66569097780176,26.108653385080355,34.819999598437825,16.892097684700396
20.968483160253413,96.3709954667206,True,0.0,0,0,2,0.025,0.025,0.019861198682726934,1.631651487323911,1.7201399994767104,-1.1132160811263963,-49.89813350574443,112.87616202342767,0.025,0.025,610,0,2,28.830032700599702,0.9110721628457127,floating-PLL-IQ40,extreme,final,50402,PAL,22,3,1000000.0,,True,0.4905792822639954,13.50451420133857,9.549231495132329,19.064889415971273,6.996618732511177
4.3917930263138025,44.4790980731259,True,88.8870765370138,610,8,0,2.025,2.025,1000000.0,48.94561835588866,27.119811403993683,-25.650953504968047,0.7514704798740865,84.41166795868779,1000000.0,1000000.0,610,610,2,4.560729262297959,0.5580309725432084,HC50,extreme,final,50402,PAL,22,3,1000000.0,contrast;waveform;sync;h_jitter_us;v_jitter_us;h_width_rmse_us;sync_error_ire;black_error_ire;white_error_ire,False,0.4106148768108509,98.58331332778295,15.1105930985756,21.195059759149476,30.701820010191188
11.977394809279653,97.40599788069512,True,3.7202007528230867,0,0,2,0.425,0.075,0.1237478266078396,5.6321861317028326,-0.793521928516335,-2.7384542236377225,-59.8286637839392,111.38811608487586,0.425,0.075,610,0,2,17.167469597739707,0.48051575116908174,PLL96-board-fixed,extreme,final,50402,PAL,22,3,1000000.0,,True,0.4290932118373674,-99.82373245805755,25.358806249388984,34.3602891321341,15.475366561539046
13.255214878181803,94.09735275445375,True,4.0897114178168135,0,0,2,0.225,0.21374999999999994,0.08225809043870974,1.5775787076090966,1.077817171804552,-8.031645376033927,-55.829859521473594,114.20080902034408,0.225,0.21374999999999994,610,0,2,18.942771167131777,0.5370568619155999,RNG-1bb4e5330dad,extreme,final,50402,PAL,22,3,1000000.0,,True,0.18384838973817894,-35.36869278375482,55.67308244035272,82.44259089379577,11.731092350561198
15.935805195493087,97.53699077062076,True,0.2961104140526976,0,0,2,0.05,0.04124999999999999,0.020940978729847716,0.15158777647544217,1.0821426552162563,-1.316428100951703,-58.286369329708585,124.04072457231308,0.05,0.04124999999999999,610,0,2,28.174600647522215,0.725493409253153,OVP56,extreme,final,50402,PAL,30,3,1000000.0,,True,0.8127311021773196,-60.56136254968886,16.81541973215093,25.793200879956796,12.018782304059151
16.05728350159209,95.62108061328028,True,0.9008782936010038,0,0,2,0.05,0.06624999999999999,0.039268412200155374,1.2563042789569863,1.8825867453416223,-3.071738396829495,-43.8395397076888,103.95965564006903,0.05,0.06624999999999999,610,0,2,25.21108053896951,0.7202537331194172,RANGE32,extreme,final,50402,PAL,30,3,1000000.0,,True,0.7855826557073332,-61.41379654945714,15.937807880853649,25.110439776842668,11.883537538321415
-6.709007966351823,-82.93506604112491,False,607.9127979924717,610,8,59,2.025,2.025,1000000.0,84.98106726044374,22.645962767271662,-156.24609783775134,-67.99826784999262,66.92826802879466,1000000.0,1000000.0,610,610,2,-6.75569533625492,-0.360759580291875,PLL96-rejected-board,extreme,final,50402,PAL,30,3,1000000.0,contrast;waveform;detail_floor;sync;h_jitter_us;v_jitter_us;h_width_rmse_us;sync_error_ire;black_error_ire;white_error_ire,False,0.3238496017318634,65.05720783006437,24.288806663549458,30.726067114352663,28.689869092025145
8.948231694745898,98.98117248096334,True,6.477415307402761,610,8,0,2.025,2.025,1000000.0,13.908378213575812,-1.0118511563533326,-1.6330361985610882,-41.77047026224403,107.07495868531427,1000000.0,1000000.0,610,610,2,11.667394503486122,0.36675368689941634,PLL96-IQ-corrected,extreme,final,50402,PAL,30,3,1000000.0,sync;h_jitter_us;v_jitter_us;h_width_rmse_us,False,0.3736604268373598,-112.23104495983725,24.3449734242805,31.155906088595877,16.89043592132213
21.650125766969413,96.38749247675132,True,0.0,0,0,2,0.025,0.025,0.019496742056550682,1.6387226661532648,1.7216464286318536,-1.0723163389345818,-44.96691182358383,112.20757743595195,0.025,0.025,610,0,2,28.929743736765076,0.9269980078307549,floating-PLL-IQ40,extreme,final,50402,PAL,30,3,1000000.0,,True,0.4858867370854988,12.913242827921678,7.079452858408825,16.03183028947539,6.860407100371937
4.399661675730106,44.48456862509006,True,88.84190715181931,610,8,0,2.025,2.025,1000000.0,48.92996873379092,27.124539129671387,-25.6075309748223,2.651628201111123,84.26230567924313,1000000.0,1000000.0,610,610,2,4.561515918649995,0.5746345471539098,HC50,extreme,final,50402,PAL,30,3,1000000.0,contrast;waveform;sync;h_jitter_us;v_jitter_us;h_width_rmse_us;sync_error_ire;black_error_ire;white_error_ire,False,0.40702032137173394,98.4957591587953,15.13926624332115,24.41470705689908,30.694426345573415
11.901087429484447,96.96317527522463,True,3.685069008782936,0,0,2,0.25,0.3024999999999998,0.10387965925318285,5.754537573977857,-0.6239840313481747,-2.693301069360133,-57.50515811829601,111.40663462788933,0.25,0.3024999999999998,610,0,2,16.761384890054526,0.4837262624377522,PLL96-board-fixed,extreme,final,50402,PAL,30,3,1000000.0,,True,0.4303433893765982,-100.44824910827909,25.241340438483824,31.32101342849458,15.46074675156758
13.284079589284898,94.11585204785605,True,4.049560853199498,0,0,2,0.225,0.21374999999999994,0.08109142785850518,1.635091584306901,1.070944756213122,-8.02648857049164,-46.36913083924716,114.22015345157902,0.225,0.21374999999999994,610,0,2,18.89607979179592,0.5403411801624304,RNG-1bb4e5330dad,extreme,final,50402,PAL,30,3,1000000.0,,True,0.18360541208142475,-32.643560241985455,50.86364353560971,55.3691702933305,11.574811138308377
0.7652031356208047,55.475344692212865,True,221.5045444008586,506,12,0,2.025,2.025,1000000.0,35.367427142138894,13.961517990529645,-29.75126502629369,-89.23580516914404,150.0535073999276,1000000.0,1000000.0,506,506,2,5.545786791463222,0.12434861683300744,OVP56,extreme,final,50402,NTSC,0,3,1000000.0,,False,,,,,
1.2032982809783157,63.145105777574,True,168.0434841510445,446,10,0,2.025,2.025,3.4344804920104,31.580695949030382,4.713083853430803,-34.62761541656207,-75.43601576911446,136.01456530901018,1.7124999999999992,0.4325,506,33,2,6.043473846293877,0.12284171233837723,RANGE32,extreme,final,50402,NTSC,0,3,1000000.0,,False,,,,,
-6.717724448602263,-77.90224873234322,False,636.0467776750851,505,12,1,2.025,2.025,3.675,90.25795528664221,19.465683525519736,-148.73368570469955,-76.45174093320881,138.06562378193325,0.05,1000000.0,506,481,2,-6.611224975460875,-0.09800115215508787,PLL96-rejected-board,extreme,final,50402,NTSC,0,3,1000000.0,,False,,,,,
2.7242032399892753,84.81052187944368,True,115.98081687825702,327,7,0,2.025,2.025,3.3403330254138424,12.172436813658884,3.0457793804820814,-11.915860530005036,-77.31523041676955,137.11839906840424,1.85,0.945,506,13,2,5.65809072694041,0.09753586800769924,PLL96-IQ-corrected,extreme,final,50402,NTSC,0,3,1000000.0,,False,,,,,
6.026784268615456,92.60825503261837,True,39.81882607242743,390,10,0,2.025,2.025,3.460286545091017,4.715007710022656,1.374358143949443,-6.89004006414457,-80.038414628268,139.34604253297636,1.975,1.7574999999999998,506,23,2,13.844417446220827,0.27334163429239366,floating-PLL-IQ40,extreme,final,50402,NTSC,0,3,1000000.0,,False,,,,,
0.857043933239716,31.929633409044634,True,225.4829648941647,506,12,0,2.025,2.025,1000000.0,52.77902100834065,26.81159339959987,-41.394910729378005,-83.31317495800029,135.1967634537745,1000000.0,1000000.0,506,506,2,2.8198041604389115,0.0785891713511763,HC50,extreme,final,50402,NTSC,0,3,1000000.0,,False,,,,,
0.24456358442465764,69.77657238378355,True,198.2587072165507,353,8,0,2.025,2.025,3.3067975642181295,17.2987473895158,2.586011167630517,-30.13428613539124,-84.34816622840609,130.22334221589662,1.925,1.4124999999999996,506,24,2,3.8998263433722835,0.0824840818080958,PLL96-board-fixed,extreme,final,50402,NTSC,0,3,1000000.0,,False,,,,,
4.62184995304693,76.24881519584103,True,85.20262398131061,147,4,0,2.025,2.025,3.0575509297511765,9.959372863627928,10.96274972650973,-21.37643030400086,-85.21464568005139,123.8392066501338,1.8,1.8299999999999996,506,6,2,8.1573760976963,0.11821693013595475,RNG-1bb4e5330dad,extreme,final,50402,NTSC,0,3,1000000.0,,False,,,,,
2.7817799052016623,68.79142801640783,True,135.02620669723362,506,12,0,2.025,2.025,1000000.0,25.965721561111714,9.33520162737278,-21.22824977973296,-85.3103399101179,146.55388183474008,1000000.0,1000000.0,506,506,2,8.48270826241089,0.18452944577111088,OVP56,extreme,final,50402,NTSC,2,3,1000000.0,,False,,,,,
3.316121566308803,77.18831882892361,True,91.95299352434168,285,6,0,2.025,2.025,3.2587703625782067,19.84816132194815,2.803621091548103,-22.744777885148487,-72.12647321399486,131.8732609193172,1.9,1.1,506,10,2,9.35274355687381,0.17998699380020367,RANGE32,extreme,final,50402,NTSC,2,3,1000000.0,,False,,,,,
-6.671631300021595,-81.63968908162538,False,618.4517125421851,506,12,10,2.025,2.025,1000000.0,89.92251469620967,20.58660168405642,-153.4516666063021,-74.13309388448964,135.3688515388966,1000000.0,1000000.0,506,506,2,-6.64331663810954,-0.15778074011710075,PLL96-rejected-board,extreme,final,50402,NTSC,2,3,1000000.0,,False,,,,,
5.647730828435947,89.57869433506545,True,48.77215376602733,333,9,0,2.025,2.025,3.3801320432873334,10.607152473864865,1.619400545210294,-6.981706719735232,-75.3424697150973,136.44955136243567,1.85,0.5275,506,12,2,9.808842841366111,0.16195287339814574,PLL96-IQ-corrected,extreme,final,50402,NTSC,2,3,1000000.0,,False,,,,,
8.226490824380473,94.09474921879725,True,11.918703543699404,304,9,0,2.025,2.025,3.3650495045863487,3.9019626215450813,1.5507369408465057,-4.504872456307418,-76.84546320641836,136.3270519610437,1.8737499999999998,1.42,506,11,2,18.514998564279516,0.3733876473398856,floating-PLL-IQ40,extreme,final,50402,NTSC,2,3,1000000.0,,False,,,,,
2.1298342597275206,38.1034490414802,True,169.81066752567233,506,12,0,2.025,2.025,1000000.0,50.75507285005038,27.091079488358826,-34.231701171620436,-78.59938788335214,135.30690146794177,1000000.0,1000000.0,506,506,2,3.6308647792959494,0.12162439223658832,HC50,extreme,final,50402,NTSC,2,3,1000000.0,,False,,,,,
2.8083283859473185,81.30616802722979,True,103.18153218110169,215,3,0,2.025,2.025,3.1996063304886575,9.719715640952078,0.35441974072741567,-21.966870717334995,-82.03550908666196,129.50276957880374,1.9,1.6149999999999998,506,10,2,7.131993606360657,0.13346444805482532,PLL96-board-fixed,extreme,final,50402,NTSC,2,3,1000000.0,,False,,,,,
6.711643762294398,83.10326750608623,True,45.963325676542226,64,1,0,2.025,1.9425,2.736683099874787,6.118609324637192,7.558833240705869,-15.901770646983856,-77.9092117023968,119.88533914953858,1.7,1.5125,506,3,2,11.046830846256977,0.1755237413608017,RNG-1bb4e5330dad,extreme,final,50402,NTSC,2,3,1000000.0,,False,,,,,
5.121802158265356,80.60800891773714,True,65.40083753051928,500,12,0,2.025,2.025,3.588189538843603,16.864733432575672,5.138261123419178,-14.041176987467406,-86.04420276377235,148.86261766608723,1.34375,1000000.0,506,154,2,12.360451215396182,0.2646866571290408,OVP56,extreme,final,50402,NTSC,4,3,1000000.0,,False,,,,,
5.898337789473933,88.43475204319056,True,39.733025857475305,61,1,0,2.025,1.5712499999999994,2.83299281937084,9.083221784033709,1.744055699250753,-12.150717271060874,-68.38721825389061,128.55542168111631,1.725,1.0,506,2,2,13.870627320677205,0.2593089400813318,RANGE32,extreme,final,50402,NTSC,4,3,1000000.0,,False,,,,,
-6.700623360905439,-83.94104628767745,False,610.9103252279727,506,12,32,2.025,2.025,1000000.0,88.54208805386754,21.257137131587736,-156.67603475509108,-73.65339553241313,133.89152667446422,1000000.0,1000000.0,506,506,2,-6.719010295987021,-0.23575230087623386,PLL96-rejected-board,extreme,final,50402,NTSC,4,3,1000000.0,,False,,,,,
7.928642550078714,92.62727830037281,True,18.34243016314083,352,9,0,2.025,2.025,3.4159023403342927,10.895666020296119,0.08018530188050209,-4.05025691004349,-74.64846381835292,136.3087047583367,1.8337499999999998,0.62,506,19,2,13.081531136926996,0.23448598685841426,PLL96-IQ-corrected,extreme,final,50402,NTSC,4,3,1000000.0,,False,,,,,
10.26055467629555,95.78633778381446,True,2.1939265489949333,128,3,0,2.025,2.025,3.0701937424863135,2.6485306260532475,1.2404520685588083,-2.5439713318929775,-75.84183016939865,134.94991763625526,1.725,1.6649999999999998,506,3,2,23.516390950911386,0.4792377261649266,floating-PLL-IQ40,extreme,final,50402,NTSC,4,3,1000000.0,,False,,,,,
3.2537203128557834,42.583831823121336,True,128.0086522743078,506,12,0,2.025,2.025,1000000.0,49.324695275168445,27.058430098425188,-29.005172930106546,-81.430124432548,124.98737468918438,1000000.0,1000000.0,506,506,2,4.233048061589553,0.186015507139269,HC50,extreme,final,50402,NTSC,4,3,1000000.0,,False,,,,,
5.849632727047501,90.75400608666148,True,41.540098805721215,61,1,0,2.025,1.6262499999999995,2.844176486725191,3.068332268217849,-1.6994980465455911,-14.84892099020617,-83.52612748054815,127.98749539094342,1.75,1.25,506,3,2,11.029143492041072,0.21017075976838967,PLL96-board-fixed,extreme,final,50402,NTSC,4,3,1000000.0,,False,,,,,
8.659445012903578,88.56113617005373,True,24.425966456631755,14,0,0,1.70625,0.7612499999999996,2.2041607112588024,2.9209559271199126,4.509937195118421,-12.14444363802196,-78.55439363727163,124.86307296633589,1.375,0.7612499999999996,506,1,2,13.937545968500418,0.24602965861635176,RNG-1bb4e5330dad,extreme,final,50402,NTSC,4,3,1000000.0,,False,,,,,
7.51925052227667,87.86584181322877,True,22.415682472972932,450,9,0,2.025,2.025,3.538928913830124,10.821353245179338,2.7780940387113353,-9.3992453242447,-77.63475498841159,136.89099500663244,1.93125,1.6474999999999997,506,32,2,16.50790109685037,0.3559605930321498,OVP56,extreme,final,50402,NTSC,6,3,1000000.0,,False,,,,,
8.625747417246231,93.71768980016157,True,12.616394765283728,3,0,1,1.11875,0.9162499999999997,1.9776054234188343,3.4809553935435393,1.7237409950957834,-5.672122697166384,-63.46497346814001,126.27925956762999,1.1,0.9162499999999998,506,1,2,19.116054789383693,0.35789684413915607,RANGE32,extreme,final,50402,NTSC,6,3,1000000.0,,False,,,,,
-6.664191654019296,-83.76373747116715,False,606.2921662898482,506,12,44,2.025,2.025,1000000.0,86.8251207853719,22.13188855925881,-157.12650533527022,-73.02229998921749,130.70688947619638,1000000.0,1000000.0,506,506,2,-6.702087106448343,-0.29027803948203224,PLL96-rejected-board,extreme,final,50402,NTSC,6,3,1000000.0,,False,,,,,
9.113764759829161,93.67334874768602,True,8.458847507428493,385,10,0,2.025,2.025,3.531869368998438,12.432388119193899,-0.6867240975418264,-3.0622780581543374,-72.09463464169646,133.1919468189191,1.8,1.4525000000000001,506,29,2,14.209124234152089,0.28708473285883973,PLL96-IQ-corrected,extreme,final,50402,NTSC,6,3,1000000.0,,False,,,,,
12.147519552895982,95.93924101442126,True,0.21901633816724722,31,0,0,2.025,1.3387499999999997,2.6546451343774153,2.3065297421564765,1.3999306075849451,-1.9904414861540503,-70.41429281056072,138.19948827730985,1.525,1.3387499999999997,506,1,2,25.85746977509082,0.5736552522725542,floating-PLL-IQ40,extreme,final,50402,NTSC,6,3,1000000.0,,False,,,,,
3.908599415979648,44.28964344715208,True,105.43115360646904,506,12,0,2.025,2.025,1000000.0,49.02524463154967,27.01876963031205,-26.550404949834064,-73.8577158157095,119.31599474324165,1000000.0,1000000.0,506,506,2,4.477236682557313,0.27560298857062915,HC50,extreme,final,50402,NTSC,6,3,1000000.0,,False,,,,,
8.734843291210796,95.60589694013964,True,13.344943958912234,10,0,0,1.4625000000000001,0.8287499999999994,2.304300251090864,0.4195977467154244,-2.5026154816295363,-10.277589710593173,-81.56401790535227,123.03346664760858,1.3,0.8287499999999994,506,2,2,14.831216663996072,0.30770808963210566,PLL96-board-fixed,extreme,final,50402,NTSC,6,3,1000000.0,,False,,,,,
10.221527366004464,91.07842795439964,True,14.011777208452374,1,0,2,0.96875,0.23625,1.410353336810838,1.8870086864470563,2.9715971714583076,-10.39171806973162,-71.54738789122035,121.88812115406179,0.9449999999999988,0.23625,506,1,2,15.957102489565447,0.3212508953230313,RNG-1bb4e5330dad,extreme,final,50402,NTSC,6,3,1000000.0,,False,,,,,
9.56258965224318,91.53462936997603,True,5.5032558923673935,331,8,0,2.025,2.025,3.3478905938771994,7.279531662170148,2.0093333117063867,-6.675034587533375,-73.2729921197824,132.59001335899026,1.975,1.7137499999999999,506,10,2,19.92486303687292,0.44275449601256683,OVP56,extreme,final,50402,NTSC,8,3,1000000.0,,False,,,,,
10.75545506713635,95.08351317270805,True,3.7789726252156295,0,0,2,0.26875000000000004,0.5724999999999992,0.951450551617851,1.953106872025711,2.0946680763222476,-3.2249700445052816,-61.71246186644225,120.56561141017212,0.26875,0.5724999999999992,506,0,2,22.954782554962915,0.4508747380789804,RANGE32,extreme,final,50402,NTSC,8,3,1000000.0,,False,,,,,
-6.612636591492386,-82.94400538331253,False,603.922123510162,506,12,46,2.025,2.025,1000000.0,85.36968070962432,22.813789121602888,-156.6154015404471,-70.32409465742657,123.37841493073955,1000000.0,1000000.0,506,506,2,-6.65742648864446,-0.31751055458656824,PLL96-rejected-board,extreme,final,50402,NTSC,8,3,1000000.0,,False,,,,,
9.423848653450909,94.12987507850087,True,6.352226440314661,417,11,0,2.025,2.025,3.540142985749384,14.003522922248552,-0.9007813301396537,-2.7013746118461004,-68.95666106943855,129.4278084546278,1.75,0.1,506,23,2,13.84864221861065,0.31547634482310666,PLL96-IQ-corrected,extreme,final,50402,NTSC,8,3,1000000.0,,False,,,,,
13.90971437590059,95.64603404705635,True,0.023331637399260013,3,0,0,0.96875,1.3249999999999997,1.9820356851622176,2.4110958940831084,1.7331779762836395,-1.8658650486235457,-65.54270702544912,126.1402318295583,0.925,1.3249999999999997,506,1,2,26.328080772690427,0.6577742492972565,floating-PLL-IQ40,extreme,final,50402,NTSC,8,3,1000000.0,,False,,,,,
4.128869888580551,44.43758441731831,True,97.63989198204517,506,12,0,2.025,2.025,1000000.0,49.20210720243373,27.122128440451633,-25.92979677798199,-55.168677178980175,107.67717509256013,1000000.0,1000000.0,506,506,2,4.49977707634159,0.3524892421005631,HC50,extreme,final,50402,NTSC,8,3,1000000.0,,False,,,,,
10.464902980703862,97.55148063374601,True,5.6771142226651055,5,0,1,1.15,0.7462499999999997,2.173847975356161,0.4965785192627221,-2.348923276367798,-7.549637722822329,-79.5354493144087,116.47423333134887,1.05,0.7462499999999997,506,1,2,17.04997482408363,0.3810054388833346,PLL96-board-fixed,extreme,final,50402,NTSC,8,3,1000000.0,,False,,,,,
11.339057569852475,92.12842329644143,True,9.01805417154624,0,0,2,0.375,0.24749999999999997,0.8396251280965961,1.7951189865638462,2.3482710643357976,-9.511375436544652,-56.18324122880297,119.40491763314932,0.375,0.24749999999999997,506,0,2,17.338139961619582,0.38765312752174974,RNG-1bb4e5330dad,extreme,final,50402,NTSC,8,3,1000000.0,,False,,,,,
11.178443830807902,93.73311177014365,True,1.4473141522186128,120,5,0,2.025,2.025,3.1127779127648814,4.856905921642277,1.666035982337255,-4.8501349900408535,-69.32698021092442,131.51807928405452,1.8,1.0124999999999997,506,5,2,22.599182520005265,0.5161180791461871,OVP56,extreme,final,50402,NTSC,10,3,1000000.0,,False,,,,,
12.192929057527822,95.39748194211624,True,1.8251361513937268,0,0,2,0.125,0.075,0.29447523165002515,1.5733948664102841,2.236233415463043,-2.5731986859312883,-61.27598196252556,115.25261081443776,0.125,0.075,506,0,2,24.073619297016933,0.5225650484265875,RANGE32,extreme,final,50402,NTSC,10,3,1000000.0,,True,,,,,
-6.58917141891838,-82.37308226404924,False,603.2327112566871,506,12,47,2.025,2.025,1000000.0,84.31045755855376,23.100011635738035,-156.26087503520498,-69.98992276720593,83.96341049461779,1000000.0,1000000.0,506,506,2,-6.6364836738891615,-0.3300858107538585,PLL96-rejected-board,extreme,final,50402,NTSC,10,3,1000000.0,,False,,,,,
9.383940645068378,94.65139571651224,True,6.086546827348894,432,11,0,2.025,2.025,3.58919173314791,15.131936238094749,-1.125372373594882,-2.490481904479271,-56.91222559132409,124.4794696726122,1.6674999999999998,0.1,506,30,2,13.23208762632105,0.3279419934428689,PLL96-IQ-corrected,extreme,final,50402,NTSC,10,3,1000000.0,,False,,,,,
15.550343981416805,95.68259316824948,True,0.0007526334644922584,0,0,2,0.05,0.05,1.1056465522123118,2.2760563635518762,1.8352409783414705,-1.6981924688900525,-63.30346193283255,123.89821054473109,0.05,0.05,506,0,2,26.8280164789511,0.7323912538646407,floating-PLL-IQ40,extreme,final,50402,NTSC,10,3,1000000.0,,False,,,,,
4.217554389252336,44.39755333542525,True,95.45273913423068,506,12,0,2.025,2.025,1000000.0,49.21924804045676,27.135173896871574,-25.85272055214899,-19.227729595534164,108.01157801626837,1000000.0,1000000.0,506,506,2,4.498479462092449,0.41265182549126617,HC50,extreme,final,50402,NTSC,10,3,1000000.0,,False,,,,,
11.183414623765923,98.30661656685386,True,4.331405588152947,8,0,1,1.36875,0.61125,2.1363164305800453,1.5265590906519109,-2.2097534669567938,-5.8690011911503515,-63.48486162388982,112.39914031021445,1.082499999999999,0.61125,506,1,2,17.649262656560282,0.4164679738607141,PLL96-board-fixed,extreme,final,50402,NTSC,10,3,1000000.0,,False,,,,,
12.088803743944759,92.8785905254911,True,6.5870480812362455,0,0,2,0.275,0.20624999999999993,0.363594673993613,1.6800170206015337,1.884155762918152,-8.911172003334693,-55.751569990458705,119.35474978996243,0.275,0.2062499999999999,506,0,2,18.206119098365644,0.43744086738850957,RNG-1bb4e5330dad,extreme,final,50402,NTSC,10,3,1000000.0,,True,,,,,
12.481117260975747,95.32819968868496,True,0.7089807235517074,25,0,0,2.0,0.8524999999999997,2.6223776625401625,2.998328631806844,1.4141563077238626,-3.4965440385165496,-66.61636136821589,130.40815163784865,1.5,0.8524999999999997,506,2,2,24.810515212176085,0.5779358756020859,OVP56,extreme,final,50402,NTSC,12,3,1000000.0,,False,,,,,
13.273468502617414,95.65411259647878,True,1.442045717967167,0,0,2,0.1,0.061249999999999985,0.04751741931481466,1.3358345329907944,2.1725809113691157,-2.3701735220085434,-51.369898666721625,112.11007197830622,0.1,0.061249999999999985,506,0,2,24.492362719941625,0.5814548179340243,RANGE32,extreme,final,50402,NTSC,12,3,1000000.0,,True,,,,,
-6.5885897852875654,-82.18266248842534,False,603.6564438971963,506,12,47,2.025,2.025,1000000.0,83.6474619604393,23.125302476689754,-156.2363431579814,-69.26835558161739,82.07725176475515,1000000.0,1000000.0,506,506,2,-6.637189628250413,-0.3370582780335764,PLL96-rejected-board,extreme,final,50402,NTSC,12,3,1000000.0,,False,,,,,
9.279007984076909,95.38420743231316,True,6.167831241514057,443,11,0,2.025,2.025,3.621359693781609,15.697094325298778,-1.2478150141712543,-2.1854282012112445,-54.94694904068996,122.89382268298934,1.8,1.75,506,39,2,12.756166962191342,0.336194562712322,PLL96-IQ-corrected,extreme,final,50402,NTSC,12,3,1000000.0,,False,,,,,
17.047048515914415,95.96254372927865,True,0.0,0,0,2,0.05,0.036249999999999984,0.2496192753148195,1.976426734895793,1.7838687613705793,-1.47739319090358,-58.51709555845426,122.02135940352085,0.05,0.036249999999999984,506,0,2,27.566818443281548,0.7935782338972324,floating-PLL-IQ40,extreme,final,50402,NTSC,12,3,1000000.0,,True,,,,,
4.275489584078867,44.45494937937402,True,94.95750631459477,506,12,0,2.025,2.025,1000000.0,49.124497985684364,27.098709103737097,-25.783190137585862,-7.235835025945363,94.62986407543556,1000000.0,1000000.0,506,506,2,4.5084669671296345,0.46186494445573006,HC50,extreme,final,50402,NTSC,12,3,1000000.0,,False,,,,,
11.544282592405903,98.62318036730885,True,4.127441919275546,4,0,1,0.975,0.3224999999999996,2.022321589548454,2.6528581232095796,-2.0470401823463162,-4.619348228779314,-61.76299449992641,112.25641370062024,0.9724999999999995,0.3224999999999996,506,1,2,17.765323330290634,0.4395395361926795,PLL96-board-fixed,extreme,final,50402,NTSC,12,3,1000000.0,,False,,,,,
12.522224336600559,93.46183694479504,True,5.509276960083332,0,0,2,0.275,0.20624999999999993,0.2847143357199052,1.4168442830471848,1.552982974110946,-8.542149161664359,-55.39599490390161,119.88436030036249,0.275,0.2062499999999999,506,0,2,18.652164086326795,0.47002509665421033,RNG-1bb4e5330dad,extreme,final,50402,NTSC,12,3,1000000.0,,True,,,,,
13.538758915212053,96.28667228469843,True,0.5637224649047016,1,0,1,0.86875,0.5399999999999998,1.912223900991919,1.7981339271318681,1.2528354931799028,-2.6266108577995424,-66.0294673810071,124.87501563026605,0.85,0.5399999999999998,506,1,2,26.301968991662463,0.6282461564974784,OVP56,extreme,final,50402,NTSC,14,3,1000000.0,,False,,,,,
14.138377622224345,95.69351308770841,True,1.2629189534180096,0,0,2,0.075,0.061249999999999985,0.04433021525088417,1.3250995556783116,2.1147749656581913,-2.435947973769623,-50.845004410563405,111.02470782211292,0.075,0.061249999999999985,506,0,2,24.71421820248046,0.6292187356411736,RANGE32,extreme,final,50402,NTSC,14,3,1000000.0,,True,,,,,
-6.589239334193567,-82.06500176977232,False,604.165224119193,506,12,47,2.025,2.025,1000000.0,83.41553525193648,23.034284387462577,-156.17165805752063,-69.44262075239905,82.12899740176111,1000000.0,1000000.0,506,506,2,-6.6385099758404875,-0.3403494399322628,PLL96-rejected-board,extreme,final,50402,NTSC,14,3,1000000.0,,False,,,,,
9.18169766616831,95.93577650342151,True,6.245352488356761,449,12,0,2.025,2.025,3.6395382997143635,15.952664148015211,-1.2513207238921555,-2.0089381474489865,-54.96187197988989,123.01014274676011,1.6599999999999997,1000000.0,506,53,2,12.411652226619719,0.34179252082346706,PLL96-IQ-corrected,extreme,final,50402,NTSC,14,3,1000000.0,,False,,,,,
18.35204127160161,96.1090095964178,True,0.0,0,0,2,0.025,0.036249999999999984,0.15331482244913144,1.8156463171771213,1.7564123280331954,-1.3661332838570108,-55.91710149002763,119.25449814101027,0.025,0.036249999999999984,506,0,2,28.028607930861686,0.8405878526074422,floating-PLL-IQ40,extreme,final,50402,NTSC,14,3,1000000.0,,True,,,,,
4.3088435819816935,44.46527227779323,True,94.94696944609188,506,12,0,2.025,2.025,1000000.0,49.055525471367176,27.07731755290187,-25.766181876551094,-6.287528923673271,88.59012411574697,1000000.0,1000000.0,506,506,2,4.512514722163025,0.5010838100123197,HC50,extreme,final,50402,NTSC,14,3,1000000.0,,False,,,,,
11.772942514034854,98.46543392973861,True,4.046910138574874,10,0,0,1.475,0.13124999999999992,2.1566829859801206,3.719568522150858,-1.8001219336841376,-3.835199297811227,-61.04624791097136,112.3512155916941,1.0375,0.13124999999999992,506,1,2,17.776406630222603,0.45627721014592765,PLL96-board-fixed,extreme,final,50402,NTSC,14,3,1000000.0,,False,,,,,
12.786479046902722,93.75688622325634,True,4.904159654631555,0,0,2,0.225,0.23374999999999996,0.08536714477546162,1.3336460984968355,1.3790913304843446,-8.345819349932464,-55.46886846344657,119.99221208674773,0.225,0.23374999999999996,506,0,2,18.91771733113392,0.49003965037153424,RNG-1bb4e5330dad,extreme,final,50402,NTSC,14,3,1000000.0,,True,,,,,
14.971098805647049,97.16459621162076,True,0.4365274094055099,0,0,2,0.05,0.05,0.5533751541809788,0.6668689853094578,1.128345075731405,-1.7605679379091062,-60.523561894186884,124.66523017720976,0.05,0.05,506,0,2,27.587839939996837,0.6954321850702512,OVP56,extreme,final,50402,NTSC,18,3,1000000.0,,False,,,,,
15.284175690530935,95.58242607289567,True,1.0995974916231896,0,0,2,0.075,0.075,0.040561766689778775,1.3776688528451355,2.020122692070991,-2.8582438507273142,-50.365644577899026,108.09589036078174,0.075,0.075,506,0,2,24.945042769637183,0.6919499614528732,RANGE32,extreme,final,50402,NTSC,18,3,1000000.0,,True,,,,,
-6.596010164114587,-82.15651697262993,False,605.5222222556727,506,12,47,2.025,2.025,1000000.0,83.64024955509169,22.844902039980262,-156.13050038259362,-67.90864293820535,78.08621436550632,1000000.0,1000000.0,506,506,2,-6.645600584299508,-0.34541315251281424,PLL96-rejected-board,extreme,final,50402,NTSC,18,3,1000000.0,,False,,,,,
9.032039715156921,96.98732046067252,True,6.4749056950269,482,12,0,2.025,2.025,3.658637041303769,15.666042706617732,-1.062440877218088,-1.8231887535896456,-53.441532913942396,123.1207320316631,1.9,1000000.0,506,66,2,11.9970490684132,0.3494149004965356,PLL96-IQ-corrected,extreme,final,50402,NTSC,18,3,1000000.0,,False,,,,,
20.2504921705316,96.25968793153868,True,0.0,0,0,2,0.025,0.036249999999999984,0.020821801815165745,1.6773437969598872,1.718165043798966,-1.256748176454158,-52.76732535122638,116.0428513150544,0.025,0.036249999999999984,506,0,2,28.53786376616862,0.8972133023637717,floating-PLL-IQ40,extreme,final,50402,NTSC,18,3,1000000.0,,True,,,,,
4.340595985734704,44.45940416737796,True,94.85815869728178,506,12,0,2.025,2.025,1000000.0,48.979355649719466,27.070672057374328,-25.746323712291225,-0.5337754006521465,85.70939430659982,1000000.0,1000000.0,506,506,2,4.514594184176169,0.5522782604341671,HC50,extreme,final,50402,NTSC,18,3,1000000.0,,False,,,,,
11.969144406100137,97.78467303532126,True,3.867030740561224,25,0,0,1.9125,1.0474999999999999,2.4497716703820047,5.084711860866809,-1.1879215636842984,-3.0563951057250627,-60.644708697835654,111.53655577751991,1.575,1.0474999999999999,506,2,2,17.634529736438715,0.4749144104370675,PLL96-board-fixed,extreme,final,50402,NTSC,18,3,1000000.0,,False,,,,,
12.97613715099998,93.86035458761373,True,4.575258830648439,0,0,2,0.225,0.23374999999999996,0.08405484751817915,1.4356038421221853,1.2172176444231504,-8.205430789870382,-54.30122168032202,119.78176610732362,0.225,0.23374999999999996,506,0,2,18.939485120225314,0.5084709437699584,RNG-1bb4e5330dad,extreme,final,50402,NTSC,18,3,1000000.0,,True,,,,,
15.647529211343025,97.44779190774233,True,0.36051142949179177,0,0,2,0.05,0.05,0.05091795694959637,0.2971351210645959,1.0650087659617322,-1.4925008083472546,-58.981877362614846,124.32357480784668,0.05,0.05,506,0,2,27.92748313239315,0.7259243004439819,OVP56,extreme,final,50402,NTSC,22,3,1000000.0,,True,0.8777765516629752,-48.52248641178397,11.311331090818772,22.561933896074706,11.650772425271839
15.824208162524611,95.55293444936865,True,1.0010025077747038,0,0,2,0.05,0.075,0.039261966026736164,1.345319684728795,1.949836732687333,-3.081328668239876,-50.44261266354798,106.64196971424084,0.05,0.075,506,0,2,25.063249299435114,0.7205654101229783,RANGE32,extreme,final,50402,NTSC,22,3,1000000.0,,True,0.8430009191789981,-49.693015255740335,10.98096027137914,20.462634056797903,11.57314795849331
-6.603938936283447,-82.41207593039269,False,606.5412879665952,506,12,47,2.025,2.025,1000000.0,84.2778863321688,22.6731505055027,-156.16286472359468,-67.66226414713626,75.67457436096402,1000000.0,1000000.0,506,506,2,-6.653120089125485,-0.34856129534415264,PLL96-rejected-board,extreme,final,50402,NTSC,22,3,1000000.0,contrast;waveform;detail_floor;sync;h_jitter_us;v_jitter_us;h_width_rmse_us;sync_error_ire;black_error_ire;white_error_ire,False,0.4388033999832516,81.9466238862016,41.06896602580249,32.17570990103921,29.378676644157476
8.981129643734448,97.87065623127796,True,6.567479611159447,495,11,0,2.025,2.025,3.668307139911716,14.65261752542557,-1.032878500886889,-1.7265343911463966,-51.79177689406497,110.6704248971673,1.65,1.0,506,89,2,11.87250314878008,0.35371653554113086,PLL96-IQ-corrected,extreme,final,50402,NTSC,22,3,1000000.0,sync;h_jitter_us;v_jitter_us;h_width_rmse_us,False,0.504388757189051,-95.66482010854689,40.94645798085694,28.453426126945086,18.03394218515031
21.24288572025393,96.31001775517468,True,0.0,0,0,2,0.025,0.025,0.019567962038493456,1.6561985993811874,1.7036587816672708,-1.1987156982947453,-49.56343449695924,114.3388689010753,0.025,0.025,506,0,2,28.736927776775882,0.9213467711204575,floating-PLL-IQ40,extreme,final,50402,NTSC,22,3,1000000.0,,True,0.594670314644209,5.040528371347027,8.450376087357611,18.512092876860187,6.311962797476999
4.352186582531951,44.45692792631003,True,94.79493748626444,506,12,0,2.025,2.025,1000000.0,48.94569633259043,27.08166884427141,-25.710139774605146,-0.3357770409388863,85.2298806088564,1000000.0,1000000.0,506,506,2,4.514974662691093,0.5760049492370553,HC50,extreme,final,50402,NTSC,22,3,1000000.0,contrast;waveform;sync;h_jitter_us;v_jitter_us;h_width_rmse_us;sync_error_ire;black_error_ire;white_error_ire,False,0.43511525513926297,80.43154498395907,10.078529880347117,19.294443778260185,30.826338422882536
11.971009971488016,97.16860675551501,True,3.7767147248221526,0,0,2,0.29375,0.1424999999999999,0.11544509158019874,5.6108336321954315,-0.8007199104371653,-2.8385345125653796,-58.45020154811958,111.47494324875845,0.29375,0.1424999999999999,506,0,2,17.306523906894867,0.4826720913097,PLL96-board-fixed,extreme,final,50402,NTSC,22,3,1000000.0,,True,0.5997290397180077,-86.87411847624801,36.48470644340284,19.88034400939062,16.400160863410832
13.015349545085988,93.83260813889021,True,4.53913242435281,0,0,2,0.225,0.17249999999999996,0.08269186576702464,1.5728716231926636,1.1629302023241372,-8.21101380179914,-54.266406037288625,119.82225098707508,0.225,0.17249999999999996,506,0,2,18.853787694513425,0.5132482083738673,RNG-1bb4e5330dad,extreme,final,50402,NTSC,22,3,1000000.0,,True,0.16632343062273103,-39.97806964187372,50.65506065989819,169.15355284602686,13.598503845751448
16.093373812611496,97.54238303451174,True,0.31384815469327176,0,0,2,0.05,0.036249999999999984,0.020851441405707476,0.12863162129948685,1.0630753780008158,-1.3989842260627579,-56.191611629073016,124.10866650275878,0.05,0.036249999999999984,506,0,2,28.07220543986468,0.7453636523018253,OVP56,extreme,final,50402,NTSC,30,3,1000000.0,,True,0.8763483767624025,-48.693618599748305,10.207153073964603,21.7753410888238,11.533254225614336
16.178666391552774,95.6200123218424,True,0.9295023286479391,0,0,2,0.05,0.05,0.03957531469990906,1.2401039405809287,1.868819141405844,-3.1543589556057494,-43.527707759183656,103.02710768393783,0.05,0.05,506,0,2,25.207575429033984,0.7386061011153138,RANGE32,extreme,final,50402,NTSC,30,3,1000000.0,,True,0.8502228450366183,-49.706476106423366,9.268456709544408,19.299845009328575,11.442559125305682
-6.6118489766489175,-82.72384247865844,False,607.0733998259911,506,12,47,2.025,2.025,1000000.0,85.0453069530733,22.56959858954198,-156.21248077441663,-67.20929483340488,67.01255442760024,1000000.0,1000000.0,506,506,2,-6.660840120636603,-0.3492084593152793,PLL96-rejected-board,extreme,final,50402,NTSC,30,3,1000000.0,contrast;waveform;detail_floor;sync;h_jitter_us;v_jitter_us;h_width_rmse_us;sync_error_ire;black_error_ire;white_error_ire,False,0.44020824590837804,82.12711720330556,39.59463062889276,32.1254930374381,29.373981709928614
8.948045696242767,98.55706707626251,True,6.575758579268862,506,12,0,2.025,2.025,1000000.0,13.830184015872426,-1.0182047608698408,-1.6912435450209389,-41.761065365320974,106.85900920740983,1000000.0,1000000.0,506,506,2,11.791711103845628,0.35443187479850385,PLL96-IQ-corrected,extreme,final,50402,NTSC,30,3,1000000.0,sync;h_jitter_us;v_jitter_us;h_width_rmse_us,False,0.5061296181629648,-95.55574155094138,39.98594038008051,30.981073402014744,17.981382035476763
21.952343062024475,96.3333173600634,True,0.0,0,0,2,0.025,0.025,0.01892621412294778,1.6483789775029882,1.6988112466890055,-1.1551291966962949,-45.06545900635007,111.7088976728111,0.025,0.025,506,0,2,28.84718870217879,0.9365247827042587,floating-PLL-IQ40,extreme,final,50402,NTSC,30,3,1000000.0,,True,0.5906557853872143,4.766625204359234,7.340723230808767,16.865421108403645,6.1882407936084896
4.360573758254395,44.465996184466164,True,94.82353755791515,506,12,0,2.025,2.025,1000000.0,48.92547829349592,27.085009836483845,-25.66223765536944,2.6314836657507072,84.18902113559531,1000000.0,1000000.0,506,506,2,4.516397966872196,0.5924561431026174,HC50,extreme,final,50402,NTSC,30,3,1000000.0,contrast;waveform;sync;h_jitter_us;v_jitter_us;h_width_rmse_us;sync_error_ire;black_error_ire;white_error_ire,False,0.4355953610595545,80.28897646010338,8.906325913851326,18.979484228628824,30.81056117244612
11.888224491724912,96.71587858580098,True,3.7006987449084345,0,0,2,0.25,0.075,0.09850036616372222,5.716410808879414,-0.6487521558455549,-2.795884895612867,-51.917864868912154,111.40280108229524,0.25,0.075,506,0,2,16.85625781247832,0.48657861056370627,PLL96-board-fixed,extreme,final,50402,NTSC,30,3,1000000.0,,True,0.6080695594285354,-87.63720952573736,35.11775704888053,15.174398659678776,16.444060938212697
13.02954599590467,93.79854092291215,True,4.522574488133981,0,0,2,0.2,0.1924999999999999,0.07800311638651308,1.636049475810778,1.157824865451162,-8.20222113921028,-47.06076282371633,114.12696831545992,0.2,0.1924999999999999,506,0,2,18.776962997236115,0.516637752402863,RNG-1bb4e5330dad,extreme,final,50402,NTSC,30,3,1000000.0,,True,0.16591356269440788,-37.71477352004548,50.2126216799738,149.7663524465666,13.52319022382532
