sinad,contrast,polarity_ok,large_errors,h_missing,v_missing,v_trains,h_jitter_us,v_jitter_us,h_width_rmse_us,sync_error_ire,black_error_ire,white_error_ire,raw_min,raw_max,h_jitter_matched_us,v_jitter_matched_us,h_expected,max_h_gap,expected_v_trains,luma_sinad,detail_corr,model,profile,stage,seed,standard,cnr,rms,cfo_hz,quality_failures,usable,burst_gain,burst_phase_deg,burst_phase_jitter_deg,burst_amplitude_jitter_pct,burst_rmse_ire
5.048652093235475,80.70132419560655,True,65.57340025094103,601,8,0,2.025,2.025,3.570879521288216,17.066278004540138,5.13554265857857,-13.787668602246233,-85.79693908724201,146.11312874966046,1.2799999999999998,1000000.0,610,194,2,12.390862325674913,0.24970899691576995,OVP56,extreme,selection,50301,PAL,4,3,1000000.0,,False,,,,,
5.85060829674092,88.68717945391347,True,39.66248431618569,79,1,0,2.025,2.01625,2.8435875013070118,9.173554785310339,1.7431879986512906,-11.780392356732717,-69.02308568300619,129.98651956877964,1.675,1.9174999999999998,610,3,2,13.908589328248011,0.24988409080969678,RANGE32,extreme,selection,50301,PAL,4,3,1000000.0,,False,,,,,
-6.8120386365607235,-84.30874677848065,False,613.1398996235885,610,8,49,2.025,2.025,1000000.0,88.6016876230604,21.335705614827813,-156.64158868321772,-75.7232629363616,134.17551250026935,1000000.0,1000000.0,610,610,2,-6.826984685921438,-0.2471954389035426,PLL96-rejected-board,extreme,selection,50301,PAL,4,3,1000000.0,,False,,,,,
7.977293583793963,93.08413263505105,True,17.571518193224595,409,4,0,2.025,2.025,3.4173157980616296,10.750718009846214,0.37899228699272913,-3.968347301942494,-74.26593615381282,134.33185128376456,1.85,1.725,610,13,2,13.1321187912501,0.23921047529980474,PLL96-IQ-corrected,extreme,selection,50301,PAL,4,3,1000000.0,,False,,,,,
10.15425975031822,95.9989938291407,True,2.3557089084065246,146,1,0,2.025,1.9987499999999998,3.0931521540080804,2.5693549801473186,1.272215506921588,-2.401636373639559,-74.22873748119883,136.02393178929404,1.7462499999999992,1.8599999999999999,610,4,2,23.59349312211757,0.4666073662724884,floating-PLL-IQ40,extreme,selection,50301,PAL,4,3,1000000.0,,False,,,,,
3.278547079713654,42.66312369341491,True,122.92722710163112,610,8,0,2.025,2.025,1000000.0,49.315665814770306,27.128972249860134,-28.96154200751416,-79.03509690622322,128.5208166801273,1000000.0,1000000.0,610,610,2,4.283412990583815,0.17787522848810847,HC50,extreme,selection,50301,PAL,4,3,1000000.0,,False,,,,,
5.886573055177422,91.1935358800408,True,40.01944792973651,61,1,0,2.025,2.01625,2.8253191463423253,3.141670818429849,-1.7234826706814412,-14.295571817824799,-82.11061251342505,127.05331653229464,1.6150000000000007,1.9774999999999998,610,3,2,11.083540396456408,0.2165862713825062,PLL96-board-fixed,extreme,selection,50301,PAL,4,3,1000000.0,,False,,,,,
9.556276688569664,95.29909569308519,True,9.993099121706399,12,0,0,1.5524999999999978,1.4812499999999997,2.352375516060706,2.0738894818785463,-0.1943497858533833,-6.016632703620864,-65.2498262984545,130.08485133153638,1.3037499999999995,1.4812499999999997,610,1,2,16.172939921262554,0.29931897602079827,RNG-7c05594dfa32,extreme,selection,50301,PAL,4,3,1000000.0,,False,,,,,
9.561439808109538,97.04770384740736,True,9.968632371392722,11,0,0,1.525,1.4899999999999998,2.36873812056258,2.093632625204921,-0.2032808422557946,-1.9671403745085336,-65.24987126153,127.88231444013053,1.3025000000000007,1.4899999999999998,610,1,2,16.031556714644477,0.30055779263482557,RNG-223df1ec6f88,extreme,selection,50301,PAL,4,3,1000000.0,,False,,,,,
9.333639222789019,97.59241402285491,True,10.621079046424091,7,0,0,1.3137499999999989,1.4812499999999997,2.2849501302750816,1.3559051619710263,-2.2127383225515556,-4.793164593101914,-71.29989466315097,133.45864339482537,1.125,1.4812499999999997,610,1,2,15.380591058412875,0.28790169298291124,RNG-cbbc82c7748e,extreme,selection,50301,PAL,4,3,1000000.0,,False,,,,,
9.44105921477302,93.04553619376996,True,11.124843161856964,15,0,0,1.7,1.4899999999999998,2.3971179298791077,2.836433048562735,1.3301372105677576,-7.636980128884642,-65.5811733635933,126.4321234285583,1.3899999999999977,1.4899999999999998,610,1,2,16.423595062620663,0.3017145265962317,RNG-337bea1b3eb8,extreme,selection,50301,PAL,4,3,1000000.0,,False,,,,,
9.870230922395308,94.40067925734293,True,9.907779171894605,11,0,0,1.5137499999999988,1.3924999999999998,2.3463447934641577,2.711509666187768,1.0639841825546672,-5.123471754178956,-62.60831796279237,126.5303525814162,1.3025000000000007,1.3924999999999996,610,1,2,16.420273606247036,0.3050162699438904,RNG-f3b45412e8c5,extreme,selection,50301,PAL,4,3,1000000.0,,False,,,,,
9.802153949426103,93.04854326781454,True,10.047678795483062,10,0,0,1.5137499999999988,1.3837499999999998,2.3729014851723895,2.8966464448105635,0.9750633163253903,-8.374591501906837,-62.06363553789607,128.09120691147788,1.3262499999999988,1.3837499999999996,610,1,2,16.262637857429652,0.30372409825980456,RNG-9d91a9b83f52,extreme,selection,50301,PAL,4,3,1000000.0,,False,,,,,
9.662990189022512,95.37079159770708,True,9.989335006273524,11,0,0,1.475,1.4812499999999997,2.3354670415508507,2.1069991136625204,-0.46486981348352985,-6.478594156221033,-63.96565375488625,129.80268131356448,1.230000000000001,1.4812499999999997,610,1,2,16.02229680047275,0.297514827957694,RNG-704620aeb523,extreme,selection,50301,PAL,4,3,1000000.0,,False,,,,,
8.445026798316729,91.41230571305387,True,18.283563362609787,31,0,0,1.9912499999999964,1.075,2.6435709154099465,3.159752312624825,3.5645098624960587,-9.325918896589505,-68.6482823726396,126.33729221187994,1.425,1.075,610,2,2,14.715409059688096,0.24090278484789032,RNG-b57735466dee,extreme,selection,50301,PAL,4,3,1000000.0,,False,,,,,
8.679205488319505,88.75556975589139,True,23.962986198243414,10,0,0,1.4,1.5024999999999993,2.3072316113327966,2.962270002241641,4.724738485662707,-11.921565984789064,-70.93064270546937,119.56329273101443,1.3,1.5024999999999993,610,2,2,13.811566588187691,0.2530785830350055,RNG-1bb4e5330dad,extreme,selection,50301,PAL,4,3,1000000.0,,False,,,,,
5.495434191286918,92.13781265493927,True,43.16436637390213,66,2,0,2.025,2.025,2.8961293975118503,7.4428338591294425,1.8252946185606558,-6.9502170060448245,-66.81772749522672,135.84386496791797,1.75,1.29375,610,2,2,14.719954354446703,0.2768661923543795,RNG-fd5a795e2bba,extreme,selection,50301,PAL,4,3,1000000.0,,False,,,,,
5.09222003168973,93.9856078084086,True,58.03513174404015,38,2,0,2.025,2.025,2.630824789572003,8.32848449557135,1.1029480989781433,-3.577783826195642,-66.13588838780423,136.74681220953084,1.475,1.33125,610,2,2,15.527346502092726,0.26759899862822484,RNG-7d202f1df34a,extreme,selection,50301,PAL,4,3,1000000.0,,False,,,,,
7.792744302265454,94.80371949560282,True,22.22710163111669,62,2,0,2.025,2.025,2.856545419484284,3.119546085678422,1.8320989046847005,-3.73925018174958,-72.01781407310348,129.73019697843176,1.575,1.8,610,2,2,15.596696768842778,0.26781331203821074,RNG-cd5662dc4ba4,extreme,selection,50301,PAL,4,3,1000000.0,,False,,,,,
7.899201413429103,89.18760792514821,True,22.444792973651193,107,1,0,2.025,2.01625,3.011461703302444,4.632438901086658,3.4330706501950243,-10.862877817290292,-68.45567310533222,123.98788118140664,1.8,1.8874999999999997,610,3,2,13.575452449302563,0.23428861753482572,RNG-cc2a068a5ca6,extreme,selection,50301,PAL,4,3,1000000.0,,False,,,,,
7.87959461026972,91.4408993510986,True,20.791718946047677,135,3,0,2.025,2.025,2.9609191318344306,4.6254812715627445,3.3781513242893504,-8.007550530420966,-75.61714041465521,132.9757542502489,1.757499999999999,1.2049999999999998,610,4,2,15.586296052595339,0.23261976954548694,RNG-d8bdc149125e,extreme,selection,50301,PAL,4,3,1000000.0,,False,,,,,
4.9177477470968975,93.11835873134521,True,57.972396486825595,84,2,0,2.025,2.025,2.908038183061647,8.771934561550415,1.6542334012737343,-4.460962582150788,-76.18998073699957,143.17903377906885,1.65,1.80625,610,4,2,14.846719245085387,0.24185379721412875,RNG-781a9bc90fe8,extreme,selection,50301,PAL,4,3,1000000.0,,False,,,,,
7.8638593659673734,95.94905785916795,True,19.668130489335006,34,0,0,2.025,1.8774999999999997,2.6415436436259303,0.48497564676586746,2.250611880876999,-4.016163701389009,-71.1786952360352,129.41430957266516,1.55625,1.8775,610,3,2,15.717775598582087,0.25997335567387597,RNG-7702b78c2bb8,extreme,selection,50301,PAL,4,3,1000000.0,,False,,,,,
7.447252522886694,87.90616723139001,True,22.678168130489336,550,8,0,2.025,2.025,3.4466514546730713,10.862139289314388,2.818164160387964,-9.302080071233128,-85.46690460719846,141.0261758103499,1.92625,1000000.0,610,50,2,16.542815049457072,0.33901946828973645,OVP56,extreme,selection,50301,PAL,6,3,1000000.0,,False,,,,,
8.573584870214457,93.84029758067517,True,12.610414052697616,5,0,1,1.1,1.0487499999999998,2.0094824279150023,3.5498868980152607,1.761133352694857,-5.469808461892383,-64.76597002857132,125.66654114730845,1.069999999999999,1.0487499999999998,610,1,2,19.174684153782017,0.3460153278747196,RANGE32,extreme,selection,50301,PAL,6,3,1000000.0,,False,,,,,
-6.778099728314489,-84.249796395985,False,608.7779171894605,610,8,61,2.025,2.025,1000000.0,86.81659122608053,22.167800795417623,-157.290961580077,-73.16233194897548,133.23150298523376,1000000.0,1000000.0,610,610,2,-6.812684463884505,-0.3064658942949709,PLL96-rejected-board,extreme,selection,50301,PAL,6,3,1000000.0,,False,,,,,
9.195814098546535,94.25987218167649,True,8.037641154328732,470,6,0,2.025,2.025,3.527833207913484,12.33533133651102,-0.5297742279087946,-2.9128964147518475,-72.015407867247,132.57660388115835,1.9262499999999996,1.705,610,18,2,14.20682307318348,0.29995961913142744,PLL96-IQ-corrected,extreme,selection,50301,PAL,6,3,1000000.0,,False,,,,,
12.01447613445123,96.02793981850546,True,0.31367628607277287,34,0,0,2.025,1.7749999999999997,2.6611099331648984,2.278573266776511,1.4201502420431764,-1.9521949504386242,-69.43664404745093,130.90964973447086,1.45625,1.7749999999999997,610,2,2,25.656390748870535,0.5573684525685999,floating-PLL-IQ40,extreme,selection,50301,PAL,6,3,1000000.0,,False,,,,,
3.9511965409487235,44.35396793275579,True,100.34880803011292,610,8,0,2.025,2.025,1000000.0,49.02896420241355,27.060763542279844,-26.43646569256091,-62.154237464138575,119.14716362201655,1000000.0,1000000.0,610,610,2,4.536424898143282,0.26053828035963683,HC50,extreme,selection,50301,PAL,6,3,1000000.0,,False,,,,,
8.773298212200109,95.94568498204674,True,12.898996235884567,15,0,0,1.463749999999999,1.0812499999999998,2.347533794424776,0.6576959184461628,-2.354468044488852,-9.989607098376817,-81.71338861833317,122.13310530880229,1.1824999999999988,1.08125,610,1,2,14.839710226087826,0.31389491343831377,PLL96-board-fixed,extreme,selection,50301,PAL,6,3,1000000.0,,False,,,,,
10.944492848672496,96.3404079107293,True,6.040777917189461,0,0,1,0.75,0.40249999999999986,1.7357154121005203,1.4405556635302026,-1.345219477503995,-5.8166061704404095,-62.97085337699006,125.09287580417798,0.75,0.40249999999999986,610,0,2,17.738468776512775,0.36867918965844315,RNG-7c05594dfa32,extreme,selection,50301,PAL,6,3,1000000.0,,False,,,,,
10.899633453318213,98.37672233539003,True,6.233375156838143,0,0,1,0.7387499999999989,0.40249999999999986,1.7597043576207647,1.4475516399907107,-1.3585879498424354,-0.9066897730637994,-62.97085337699013,127.26163514873132,0.7387499999999989,0.40249999999999986,610,0,2,17.392644027437466,0.3690184693861675,RNG-223df1ec6f88,extreme,selection,50301,PAL,6,3,1000000.0,,False,,,,,
10.680683608318887,98.11577724060555,True,6.624215809284818,0,0,1,0.7,0.3937499999999998,1.6386754322107682,1.0265747050900464,-3.238045101066103,-5.017470409826881,-71.78534811849146,131.23603508965442,0.7,0.3937499999999998,610,0,2,16.70875722901208,0.3546201333615587,RNG-cbbc82c7748e,extreme,selection,50301,PAL,6,3,1000000.0,,False,,,,,
10.909070645883475,94.62128174253279,True,5.970514429109159,0,0,1,0.9274999999999977,0.6224999999999999,1.8130582803288076,1.8953442494426946,-0.05745330236129471,-7.138877570975179,-61.013828777442356,121.10754416053466,0.9274999999999978,0.6224999999999999,610,0,2,18.218034920743897,0.3742966441563515,RNG-337bea1b3eb8,extreme,selection,50301,PAL,6,3,1000000.0,,False,,,,,
11.234090837761855,96.00627678801527,True,6.158092848180678,0,0,2,0.725,0.40249999999999986,1.7091194046479792,1.7588124470348308,-0.1161709183655492,-3.923479247079219,-62.57622436281672,125.24367837538621,0.725,0.40249999999999986,610,0,2,18.060149680870072,0.37421429812789175,RNG-f3b45412e8c5,extreme,selection,50301,PAL,6,3,1000000.0,,False,,,,,
11.180047954951648,94.4163449029897,True,6.0326223337515685,0,0,1,0.775,0.40249999999999986,1.7111702088356253,1.9698178102072923,-0.2411119906660174,-7.90072784470224,-60.36021713848019,122.0339514215138,0.775,0.40249999999999986,610,0,2,17.923905938626227,0.373588761696845,RNG-9d91a9b83f52,extreme,selection,50301,PAL,6,3,1000000.0,,False,,,,,
10.997359870574519,96.3291937009947,True,6.253450439146801,0,0,1,0.725,0.40249999999999986,1.6991994257663197,1.4860323500247354,-1.5554844571794524,-6.315072965563379,-62.31395933452685,124.83221599028504,0.725,0.40249999999999986,610,0,2,17.51231026779406,0.364647204759217,RNG-704620aeb523,extreme,selection,50301,PAL,6,3,1000000.0,,False,,,,,
9.831201146653143,93.16722398719811,True,10.16624843161857,4,0,0,1.15,0.8424999999999998,2.052036791032065,2.3965493355215814,2.475856080536612,-7.550905871120004,-66.08143035686001,126.16045179209242,1.125,0.8424999999999997,610,1,2,17.201542566785864,0.30167831162970254,RNG-b57735466dee,extreme,selection,50301,PAL,6,3,1000000.0,,False,,,,,
10.244411348251809,91.16748615801528,True,13.880175658720201,0,0,2,1.0,0.8587499999999997,1.6178493364370603,1.937615545293392,3.1017294319415014,-10.301368220040665,-63.372080594319954,121.21434178853501,1.0,0.8587499999999997,610,0,2,15.848321434050188,0.32592039607328754,RNG-1bb4e5330dad,extreme,selection,50301,PAL,6,3,1000000.0,,False,,,,,
8.047825085688798,95.81112257949142,True,13.958594730238394,16,1,0,1.538749999999999,1.6749999999999994,2.5484746956583217,3.6317771441491735,1.7363463742703906,-2.7719846641855397,-63.20845843139346,134.42480082393195,1.325,0.7699999999999994,610,2,2,20.392434875215166,0.36712013356617024,RNG-fd5a795e2bba,extreme,selection,50301,PAL,6,3,1000000.0,,False,,,,,
7.459590377674229,97.17393608204688,True,21.382685069008783,2,0,1,1.025,1.4924999999999993,1.8607722249180085,3.3288251529838413,0.7115062347529273,-1.5926582441748294,-65.10459144463307,134.5948187447657,1.0,1.4924999999999993,610,1,2,21.690014693925093,0.3555993039371306,RNG-7d202f1df34a,extreme,selection,50301,PAL,6,3,1000000.0,,False,,,,,
10.027076401187518,96.12944770759435,True,8.54642409033877,7,0,0,1.275,1.1075,2.30149745758358,1.8573356931911842,1.8381924581081746,-1.670069032288574,-68.3449313723277,127.22935422337825,1.1974999999999993,1.1075,610,1,2,19.36390514277132,0.35337751343192303,RNG-cd5662dc4ba4,extreme,selection,50301,PAL,6,3,1000000.0,,False,,,,,
9.559819639658386,91.51929978403815,True,11.090966122961104,16,0,0,1.6024999999999978,1.2524999999999997,2.5714904493917787,3.190512583775701,2.743181088187462,-8.218748404618147,-64.22449053857294,119.54095766685718,1.2837500000000006,1.2525,610,1,2,16.576507070193173,0.2955097910138295,RNG-cc2a068a5ca6,extreme,selection,50301,PAL,6,3,1000000.0,,False,,,,,
8.991447612302638,92.861709882892,True,11.67063989962359,45,1,0,2.025,1.8149999999999997,2.571057425104667,3.386064199160736,2.9418602782344103,-6.519569721772933,-69.905730250553,129.7746816349814,1.569999999999999,1.1549999999999994,610,2,2,17.73190728799908,0.28005942623716623,RNG-d8bdc149125e,extreme,selection,50301,PAL,6,3,1000000.0,,False,,,,,
7.237266066320405,96.69664377841781,True,22.717691342534504,6,0,0,1.2,1.2462499999999999,2.2020032458427456,3.224351076662778,1.3698503863763292,-1.8163208982317622,-73.70849487113485,138.9174824743019,1.1462500000000007,1.2462499999999999,610,1,2,20.738993434832352,0.31971535848394456,RNG-781a9bc90fe8,extreme,selection,50301,PAL,6,3,1000000.0,,False,,,,,
9.649722323396169,97.90107338223065,True,7.785445420326224,2,0,0,1.05,1.11625,2.023915655503486,-1.0871552981908894,1.459782778313318,-2.675362440021929,-69.40897606887275,127.49821725283782,1.05,1.11625,610,1,2,19.314914723526677,0.3293600367789412,RNG-7702b78c2bb8,extreme,selection,50301,PAL,6,3,1000000.0,,False,,,,,
9.495523714678283,91.5930037371204,True,5.6198243412797995,403,6,0,2.025,2.025,3.347935859138913,7.305266094557058,1.9926139747532798,-6.610991733233701,-76.38210290677539,134.70274819684585,1.8174999999999997,1.66875,610,14,2,20.009370049283596,0.42382071974228397,OVP56,extreme,selection,50301,PAL,8,3,1000000.0,,False,,,,,
10.69919176214609,95.15107139912705,True,3.7835633626097867,0,0,2,0.175,0.17374999999999996,1.0462702100600096,1.9594662662079472,2.1245978287094243,-3.110135066126809,-60.37712745436876,120.99486045896553,0.175,0.17374999999999996,610,0,2,22.958437481911915,0.43569989791011576,RANGE32,extreme,selection,50301,PAL,8,3,1000000.0,,False,,,,,
-6.725941451716523,-83.40925965021894,False,606.4560853199498,610,8,62,2.025,2.025,1000000.0,85.45923206857786,22.809224054977328,-156.68544560557336,-70.90850486065791,125.1951948646343,1000000.0,1000000.0,610,610,2,-6.7674834230156,-0.3324557570739179,PLL96-rejected-board,extreme,selection,50301,PAL,8,3,1000000.0,,False,,,,,
9.475878384300566,94.67604672361894,True,6.1863237139272265,518,6,0,2.025,2.025,3.5512828744480247,14.057455397412005,-0.8713366770168608,-2.6145774532316772,-68.83734987438187,130.80309911194303,1.8725,1.66875,610,29,2,13.756366436518112,0.327622636134488,PLL96-IQ-corrected,extreme,selection,50301,PAL,8,3,1000000.0,,False,,,,,
13.783960598393925,95.72785235498456,True,0.0451693851944793,3,0,0,0.95,1.0162499999999999,1.990762749851021,2.3958323416670253,1.754465477238539,-1.797570640090566,-66.62216855791111,129.33640595394564,0.9424999999999983,1.0162499999999999,610,1,2,26.308128400049803,0.6425634299272761,floating-PLL-IQ40,extreme,selection,50301,PAL,8,3,1000000.0,,False,,,,,
4.178411570887443,44.494732402638256,True,91.99623588456713,610,8,0,2.025,2.025,1000000.0,49.198912049251405,27.163394749465873,-25.85847177901444,-48.18353739394951,115.39186681846233,1000000.0,1000000.0,610,610,2,4.558734540225949,0.3379296987596833,HC50,extreme,selection,50301,PAL,8,3,1000000.0,,False,,,,,
10.488759890863031,97.87377246628888,True,5.451066499372647,8,1,0,1.225,1.6749999999999994,2.1354049543205798,0.49007051110300787,-2.303165401843341,-7.53117770827625,-79.82601221741685,115.53775117494051,1.075,0.9349999999999998,610,1,2,16.94683412209022,0.3838530159852443,PLL96-board-fixed,extreme,selection,50301,PAL,8,3,1000000.0,,False,,,,,
11.727483230483868,96.55064383172157,True,5.144291091593476,0,0,2,0.575,0.3937499999999998,1.1555776179675432,1.6630229722606629,-2.2473371846734125,-6.29671072125855,-59.328745792007076,122.05545162448878,0.575,0.3937499999999998,610,0,2,17.915682389205475,0.41747155639240924,RNG-7c05594dfa32,extreme,selection,50301,PAL,8,3,1000000.0,,False,,,,,
11.642492468946948,98.86686384992736,True,5.41969887076537,0,0,2,0.575,0.3937499999999998,1.155668052487817,1.6697331367809425,-2.256550635980848,-0.5944294233480746,-59.32874579207946,124.40522282751603,0.575,0.3937499999999998,610,0,2,17.486789347533303,0.4172739636018198,RNG-223df1ec6f88,extreme,selection,50301,PAL,8,3,1000000.0,,False,,,,,
11.377361771886045,98.05955849270576,True,5.725846925972396,0,0,2,0.5137499999999989,0.3937499999999998,1.094149868357269,1.4000107242252737,-4.164542125168521,-5.806613524708995,-60.64910426385656,126.11251325163703,0.5137499999999988,0.3937499999999998,610,0,2,16.733341308761112,0.4009421721545605,RNG-cbbc82c7748e,extreme,selection,50301,PAL,8,3,1000000.0,,False,,,,,
11.797599982650627,95.0952878001949,True,4.686323713927227,0,0,2,0.7024999999999977,0.3937499999999998,1.2401550835067126,1.9603911352757533,-1.072352100615034,-7.470175155694391,-57.482219573940675,118.90693931065708,0.7024999999999977,0.3937499999999998,610,0,2,18.554196825353447,0.42679172144667127,RNG-337bea1b3eb8,extreme,selection,50301,PAL,8,3,1000000.0,,False,,,,,
12.002620088629287,96.6115640347592,True,5.354454203262233,0,0,2,0.575,0.40249999999999986,1.1487024932648082,1.8088919847237035,-0.9673637191352485,-3.515137937301806,-56.205444624150324,120.31531755483125,0.575,0.40249999999999986,610,0,2,18.36704913139762,0.422284632248852,RNG-f3b45412e8c5,extreme,selection,50301,PAL,8,3,1000000.0,,False,,,,,
11.947482900865955,94.75826335233397,True,5.16624843161857,0,0,2,0.625,0.40249999999999986,1.1651479185627667,2.0460816541942446,-1.1199811401628021,-8.226365713879817,-56.3632044242786,120.22285973549687,0.625,0.40249999999999986,610,0,2,18.201514934065738,0.4220914634489042,RNG-9d91a9b83f52,extreme,selection,50301,PAL,8,3,1000000.0,,False,,,,,
11.718178501407483,96.47809103792811,True,5.437892095357592,0,0,2,0.625,0.3937499999999998,1.1643043022323336,1.7143038630019611,-2.42504238068194,-6.8389957281185065,-57.787648280602816,121.71928506610304,0.625,0.3937499999999998,610,0,2,17.650443775163556,0.41099311212944106,RNG-704620aeb523,extreme,selection,50301,PAL,8,3,1000000.0,,False,,,,,
10.683226980418377,93.81492373986167,True,7.274153074027604,0,0,1,0.725,0.6949999999999996,1.4776220096082384,2.433021446345415,2.0238099523068187,-6.689121145073569,-63.56708915266287,117.75347659066396,0.725,0.6949999999999996,610,0,2,18.556242674618375,0.35029014065517206,RNG-b57735466dee,extreme,selection,50301,PAL,8,3,1000000.0,,False,,,,,
11.355203445065348,92.18082124307111,True,9.173776662484315,0,0,2,0.3,0.19874999999999995,1.0325590921049141,1.8342892767119336,2.3541157666425145,-9.585975447432343,-62.775837564375145,119.5306323343015,0.3,0.19874999999999995,610,0,2,17.090273238823727,0.39179655885601666,RNG-1bb4e5330dad,extreme,selection,50301,PAL,8,3,1000000.0,,False,,,,,
9.821711987473961,96.25197908540444,True,4.144291091593476,4,0,0,0.95,0.7599999999999996,2.195916740232426,3.1348938962580886,2.015952241591125,-1.6931396908896106,-62.448724204356665,133.38773605085208,0.94375,0.7599999999999996,610,1,2,24.46231807757984,0.43856080563265004,RNG-fd5a795e2bba,extreme,selection,50301,PAL,8,3,1000000.0,,False,,,,,
9.230762419887338,97.46140914909195,True,6.6104140526976165,0,0,1,0.48874999999999885,0.17374999999999996,1.0669600219898543,2.47168281641919,0.8445084447070613,-1.356006058218212,-64.46590711801996,132.41832753737253,0.48874999999999885,0.17374999999999996,610,0,2,26.04974307340764,0.43053324320325853,RNG-7d202f1df34a,extreme,selection,50301,PAL,8,3,1000000.0,,False,,,,,
11.421466741657015,96.30605590013604,True,5.1706398996235885,0,0,0,0.825,0.7424999999999995,1.794529197584594,1.9506490605411482,2.1266876292427916,-0.5016774011006905,-64.26632817280448,126.71115221254932,0.825,0.7424999999999995,610,0,2,21.07792781968351,0.4135641352435901,RNG-cd5662dc4ba4,extreme,selection,50301,PAL,8,3,1000000.0,,False,,,,,
10.47923450720691,92.23440361269965,True,7.424090338770389,2,0,0,1.0137499999999988,0.4762499999999998,2.0116347948117643,2.832820162261302,2.546049539451674,-7.100834541825202,-62.151948097763224,117.78182559950453,1.0,0.47624999999999973,610,1,2,18.043334717357297,0.33891728032502305,RNG-cc2a068a5ca6,extreme,selection,50301,PAL,8,3,1000000.0,,False,,,,,
9.668745381825929,93.2654923630045,True,8.156210790464241,12,0,0,1.5524999999999978,1.34625,2.191413007604834,3.310398819075197,2.8200208279903682,-5.706722133941382,-67.08621642238369,129.56506844919653,1.2612499999999982,1.34625,610,1,2,18.995460158343267,0.31615268848017847,RNG-d8bdc149125e,extreme,selection,50301,PAL,8,3,1000000.0,,False,,,,,
8.836824214230749,97.01471792190445,True,8.249058971141782,0,0,1,0.725,0.8174999999999998,1.3901906786303884,2.213603991443248,1.6116057100430725,-1.4075576217902392,-71.76485369216829,135.97305658356703,0.725,0.8174999999999997,610,0,2,24.811590026420895,0.38174388164987316,RNG-781a9bc90fe8,extreme,selection,50301,PAL,8,3,1000000.0,,False,,,,,
10.671038327183576,98.59463459720678,True,4.922208281053953,0,0,1,0.575,1.0825,1.4113550778375032,-0.9915714067889908,0.8003667880101214,-2.1068890104984153,-66.5425002902773,124.91512621875235,0.575,1.0825,610,0,2,20.735490031170908,0.37483961689536993,RNG-7702b78c2bb8,extreme,selection,50301,PAL,8,3,1000000.0,,False,,,,,
11.105403400081759,93.75805376082934,True,1.418444165621079,165,5,0,2.025,2.025,3.1341336186138973,4.920254862011562,1.6678491764555738,-4.7762472295139515,-69.02170062942274,131.20527391597267,1.675,0.9774999999999998,610,5,2,22.635874848840167,0.4973092756941305,OVP56,extreme,selection,50301,PAL,10,3,1000000.0,,False,,,,,
12.138928710232417,95.44600956054207,True,1.8061480552070264,0,0,2,0.1,0.11624999999999999,0.363487208605299,1.599821255113438,2.257864827711992,-2.4479714151244654,-56.536986576023146,112.2459884618593,0.1,0.11624999999999999,610,0,2,24.06618687533616,0.5066584327319485,RANGE32,extreme,selection,50301,PAL,10,3,1000000.0,,True,,,,,
-6.703359052330773,-82.86366178649796,False,605.9115432873274,610,8,63,2.025,2.025,1000000.0,84.3851192753908,23.052545615568174,-156.34892505138316,-69.46211608261883,82.40026311972579,1000000.0,1000000.0,610,610,2,-6.747478634650763,-0.3466059769953273,PLL96-rejected-board,extreme,selection,50301,PAL,10,3,1000000.0,,False,,,,,
9.444403978243333,95.30359478386008,True,5.962986198243413,535,6,0,2.025,2.025,3.5827724367217817,15.093972874129115,-1.0301785487813115,-2.38331396243164,-68.71122490055463,123.20772275280245,1.95,1.6675,610,34,2,13.158995277349986,0.3432451767498052,PLL96-IQ-corrected,extreme,selection,50301,PAL,10,3,1000000.0,,False,,,,,
15.425592840813017,95.75017941121322,True,0.00439146800501882,0,0,1,0.538749999999999,0.6587499999999995,1.0439329990748338,2.270513841012901,1.8616368971602557,-1.619350707598783,-63.21451824983028,126.63301976406893,0.5387499999999988,0.6587499999999995,610,0,2,26.864497790348203,0.7183815297072443,floating-PLL-IQ40,extreme,selection,50301,PAL,10,3,1000000.0,,False,,,,,
4.267095374998523,44.43914026525577,True,89.53136762860728,610,8,0,2.025,2.025,1000000.0,49.225998972085286,27.174146409756602,-25.79026612457818,-13.92539397382913,99.64360170670707,1000000.0,1000000.0,610,610,2,4.554704827589479,0.3979473480353123,HC50,extreme,selection,50301,PAL,10,3,1000000.0,,False,,,,,
11.22011765989788,98.71101222754534,True,4.309284818067754,11,0,0,1.325,0.9024999999999997,2.194854498316757,1.479262845088236,-2.179996601554356,-5.780766454526705,-65.38987548886718,114.61022631001046,1.1300000000000012,0.9024999999999999,610,1,2,17.542713154340635,0.41994537013633576,PLL96-board-fixed,extreme,selection,50301,PAL,10,3,1000000.0,,False,,,,,
12.162673328862645,96.76759526383722,True,4.86762860727729,1,0,2,0.725,0.3937499999999998,0.6621457444276985,1.798621301198963,-3.1491335824102875,-6.6644411543940345,-58.50705592103072,121.21265967527958,0.7150000000000005,0.3937499999999998,610,1,2,17.689295134398034,0.4557621378473998,RNG-7c05594dfa32,extreme,selection,50301,PAL,10,3,1000000.0,,False,,,,,
12.065214208954625,99.27291862578292,True,5.127979924717692,1,0,2,0.725,0.3937499999999998,0.6621488442593726,1.8041212330427434,-3.157199594549722,-0.4471961577689372,-58.50705592103072,122.08820976383217,0.7150000000000005,0.3937499999999998,610,1,2,17.292794420462066,0.45648778546412083,RNG-223df1ec6f88,extreme,selection,50301,PAL,10,3,1000000.0,,False,,,,,
11.710363135538328,98.13488206664488,True,5.477415307402761,0,0,2,0.625,0.3937499999999998,0.6297686929003196,1.6185805627746408,-5.124525201178335,-6.399213090211801,-58.8478274770144,126.04458777770489,0.625,0.3937499999999998,610,0,2,16.385194985841064,0.4369883428902559,RNG-cbbc82c7748e,extreme,selection,50301,PAL,10,3,1000000.0,,False,,,,,
12.332632477157118,95.47653753733557,True,4.244667503136763,0,0,2,0.8637499999999989,0.3937499999999998,0.7330970962014625,1.9993473890116724,-2.030702350236928,-7.758810992165256,-56.84799767163171,118.68605161190845,0.8637499999999989,0.3937499999999998,610,0,2,18.445595797277925,0.4685254995142223,RNG-337bea1b3eb8,extreme,selection,50301,PAL,10,3,1000000.0,,False,,,,,
12.452194395899765,97.10029974846957,True,5.017565872020075,0,0,2,0.6887499999999989,0.40249999999999986,0.6785947087094952,1.8076366546895724,-1.82024430503115,-3.3042708302361516,-54.78499443232072,118.57120361822751,0.6887499999999989,0.40249999999999986,610,0,2,18.324181536379495,0.46022960478626945,RNG-f3b45412e8c5,extreme,selection,50301,PAL,10,3,1000000.0,,False,,,,,
12.379148406884559,95.04707028310281,True,4.858845671267252,0,0,2,0.725,0.40249999999999986,0.6721760905605848,2.091475725661104,-1.9868651082467308,-8.520572857091276,-53.9541345621887,120.18782097849183,0.725,0.40249999999999986,610,0,2,18.08507629317554,0.459210645969286,RNG-9d91a9b83f52,extreme,selection,50301,PAL,10,3,1000000.0,,False,,,,,
12.102626450238741,96.64980689426399,True,5.179422835633626,0,0,2,0.725,0.3937499999999998,0.6689559396405176,1.856253991311453,-3.291449476506774,-7.247878990127662,-56.53508120794467,121.34475999699495,0.725,0.3937499999999998,610,0,2,17.41107948432213,0.44702841573246427,RNG-704620aeb523,extreme,selection,50301,PAL,10,3,1000000.0,,False,,,,,
11.20162980617723,94.42219080882684,True,5.949811794228356,0,0,2,0.275,0.6949999999999996,0.8470131949733819,2.322652434083672,1.478300375791717,-6.134045865711133,-62.57071497764648,117.36686595647726,0.275,0.6949999999999996,610,0,2,19.5486608065706,0.37989235758131185,RNG-b57735466dee,extreme,selection,50301,PAL,10,3,1000000.0,,False,,,,,
12.14096124921989,92.90673668778186,True,6.588456712672522,0,0,2,0.275,0.19874999999999995,0.5747112603620058,1.7156579462038593,1.913054169987395,-8.984797883816968,-56.079202029804364,119.46708962516095,0.275,0.19874999999999995,610,0,2,17.998085133296655,0.44363529151484765,RNG-1bb4e5330dad,extreme,selection,50301,PAL,10,3,1000000.0,,False,,,,,
10.923121667594643,96.24929170664258,True,1.4360100376411542,0,0,0,0.8774999999999977,1.0487499999999998,1.8872770197245363,3.0822920276641783,2.102107044022243,-1.5793968289981024,-55.70181464986801,125.8174413844742,0.8774999999999977,1.0487499999999998,610,0,2,25.585753504635317,0.4881516066191335,RNG-fd5a795e2bba,extreme,selection,50301,PAL,10,3,1000000.0,,False,,,,,
10.497815425648495,97.52018765380039,True,2.1085319949811794,0,0,2,0.13874999999999887,0.09124999999999998,0.5098788428893961,2.2932922830061093,0.8983409624720933,-1.3007085523705424,-55.03470771284875,129.7578179484505,0.13874999999999887,0.09124999999999998,610,0,2,27.506904627605287,0.49057228108754974,RNG-7d202f1df34a,extreme,selection,50301,PAL,10,3,1000000.0,,False,,,,,
12.17460212908228,96.61942961832284,True,4.506900878293601,0,0,2,0.225,0.7337499999999995,1.2470617105163906,2.1897054210352795,2.0372314946276266,0.32464891689967307,-63.80733620061235,124.56192722806307,0.225,0.7337499999999995,610,0,2,21.59196196574237,0.45024363024874076,RNG-cd5662dc4ba4,extreme,selection,50301,PAL,10,3,1000000.0,,False,,,,,
10.920808221141789,92.63963966896918,True,6.314303638644918,0,0,1,0.625,0.18249999999999997,1.3379111134679254,2.5888333283149625,2.3933808667442555,-6.581312478954378,-59.29797109868913,117.696679507644,0.625,0.18249999999999997,610,0,2,18.502963780526777,0.3639350428911343,RNG-cc2a068a5ca6,extreme,selection,50301,PAL,10,3,1000000.0,,False,,,,,
10.118309372580892,93.77879588062638,True,6.376411543287328,2,0,0,1.05,1.0162499999999999,1.933730947750869,3.149438851258156,2.565802329646326,-4.9284982543541656,-63.612231971342254,129.49407742731006,1.025,1.0162499999999999,610,1,2,20.115059963488967,0.3433571345080859,RNG-d8bdc149125e,extreme,selection,50301,PAL,10,3,1000000.0,,False,,,,,
9.825869240527194,96.90370431252177,True,3.602258469259724,0,0,2,0.2,0.6687499999999995,0.6050301442158366,2.317749444714412,1.716568132769102,-1.33446677974651,-61.797326757871716,132.8395122593007,0.2,0.6687499999999995,610,0,2,25.746682292220914,0.42502276577416354,RNG-781a9bc90fe8,extreme,selection,50301,PAL,10,3,1000000.0,,False,,,,,
11.229842260429635,99.27785765315548,True,4.3500627352572145,0,0,2,0.125,0.7499999999999996,0.8257553670606738,-0.6468146122031606,-0.056240484957007224,-1.7158551185496829,-63.46032728288629,124.51391427909238,0.125,0.7499999999999994,610,0,2,20.931933189910783,0.40470958416374514,RNG-7702b78c2bb8,extreme,selection,50301,PAL,10,3,1000000.0,,False,,,,,
12.41409945259087,95.35072206689622,True,0.7377666248431618,26,1,0,1.9,2.01625,2.667235843759017,3.0422421681102048,1.4036574422154238,-3.41529550512113,-68.2989199210362,132.51662348552674,1.475,1.7224999999999995,610,3,2,24.844206959939573,0.5594351199671205,OVP56,extreme,selection,50301,PAL,12,3,1000000.0,,False,,,,,
13.232418271034538,95.73074937606314,True,1.3983688833124215,0,0,2,0.1,0.09124999999999998,0.046429922516821334,1.327096107185406,2.1937021653218998,-2.2216165564105594,-51.21496057855158,113.10907448439512,0.1,0.09124999999999998,610,0,2,24.502102263136397,0.565578239712217,RANGE32,extreme,selection,50301,PAL,12,3,1000000.0,,True,,,,,
-6.706528750993287,-82.73348070638397,False,606.4761606022585,610,8,62,2.025,2.025,1000000.0,83.73174521217946,23.091656378634184,-156.33635133303446,-69.78074352109299,82.14062299250058,1000000.0,1000000.0,610,610,2,-6.751857018676258,-0.3566580712255759,PLL96-rejected-board,extreme,selection,50301,PAL,12,3,1000000.0,,False,,,,,
9.338878891675131,96.14338840533223,True,6.008155583437892,543,6,0,2.025,2.025,3.627268975948792,15.551152144089857,-1.139170460158086,-2.074009358841676,-55.107120662009635,122.99730564258682,1.95,1.67,610,48,2,12.665974421508865,0.35394991843179546,PLL96-IQ-corrected,extreme,selection,50301,PAL,12,3,1000000.0,,False,,,,,
16.914281785129994,96.04205429712628,True,0.0012547051442910917,0,0,2,0.05,0.025,0.2099326589920573,1.9629416601767788,1.8092533556543544,-1.378824927831359,-59.62101800181339,126.79391266672134,0.05,0.025,610,0,2,27.63347043617154,0.7806805304681254,floating-PLL-IQ40,extreme,selection,50301,PAL,12,3,1000000.0,,True,,,,,
4.326519352185411,44.497513639679866,True,89.05708908406525,610,8,0,2.025,2.025,1000000.0,49.12952070250592,27.1362848013081,-25.721744247703516,-7.27396718866175,95.88790360753934,1000000.0,1000000.0,610,610,2,4.5648388635038835,0.4467770219389704,HC50,extreme,selection,50301,PAL,12,3,1000000.0,,False,,,,,
11.59485016809094,99.07105451874814,True,4.090966122961104,3,0,1,1.1299999999999955,0.74,1.9793658603769289,2.5197033894527925,-2.016002107060736,-4.572305950682094,-62.52787621526254,112.42506252490371,1.0599999999999965,0.74,610,1,2,17.678132405828737,0.44215836747708265,PLL96-board-fixed,extreme,selection,50301,PAL,12,3,1000000.0,,False,,,,,
12.386791715536628,97.2081034079026,True,4.7484316185696365,0,0,2,0.775,0.7199999999999999,0.583135602709645,1.801527818120006,-3.938805065062118,-6.8020975997313124,-58.856433812437864,121.38849776659264,0.775,0.7199999999999999,610,0,2,17.401431405172694,0.4839860283822845,RNG-7c05594dfa32,extreme,selection,50301,PAL,12,3,1000000.0,,False,,,,,
12.276011203527029,99.56769991452592,True,4.989335006273526,0,0,2,0.775,0.7199999999999999,0.5831593222113209,1.8073371787651389,-3.945367795979371,-0.9282325798412076,-59.161558068706256,122.29298326971785,0.775,0.7199999999999999,610,0,2,17.032347812108235,0.4840497139089517,RNG-223df1ec6f88,extreme,selection,50301,PAL,12,3,1000000.0,,False,,,,,
11.849936271468891,98.49847867462067,True,5.377666248431619,0,0,2,0.675,0.3937499999999998,0.5403673993030188,1.682141696711638,-5.979407842851443,-6.686655711668158,-62.687747649026555,124.35252781074264,0.675,0.3937499999999998,610,0,2,16.013020263357156,0.46382090007863924,RNG-cbbc82c7748e,extreme,selection,50301,PAL,12,3,1000000.0,,False,,,,,
12.639335475395303,96.00360776813362,True,4.087829360100376,0,0,2,0.875,0.7362499999999998,0.6162277828269908,1.9391007560013658,-2.8655071139561055,-7.8638337677188375,-55.123715382021516,118.94337344923288,0.875,0.7362499999999998,610,0,2,18.24585710432071,0.49948474713734464,RNG-337bea1b3eb8,extreme,selection,50301,PAL,12,3,1000000.0,,False,,,,,
12.678763653222012,97.4782532967825,True,4.870765370138018,0,0,2,0.775,0.7362499999999998,0.5785262508744263,1.7197058594891503,-2.5746399351424607,-3.6552510877168567,-54.46214425237888,118.36517669435979,0.775,0.7362499999999998,610,0,2,18.121843593605583,0.48617338464750454,RNG-f3b45412e8c5,extreme,selection,50301,PAL,12,3,1000000.0,,False,,,,,
12.613114829583248,95.52220141102907,True,4.728983688833124,0,0,2,0.775,0.7199999999999999,0.5786254203275037,2.031809582282099,-2.7516513371216105,-8.626458459280213,-53.852678550988045,120.20400539815405,0.775,0.7199999999999999,610,0,2,17.901903669415862,0.4858581176439552,RNG-9d91a9b83f52,extreme,selection,50301,PAL,12,3,1000000.0,,False,,,,,
12.29186380167869,97.05923306522067,True,5.082183186951066,0,0,2,0.775,0.7199999999999999,0.6019359137502057,1.8751196662435339,-4.057392148838562,-7.410644352590978,-56.23594505018102,121.43196526941294,0.775,0.7199999999999999,610,0,2,17.12508381060486,0.47329189567959007,RNG-704620aeb523,extreme,selection,50301,PAL,12,3,1000000.0,,False,,,,,
11.47636726491025,95.10659664155021,True,5.264742785445421,0,0,2,0.225,0.15749999999999997,0.34030031336848415,2.0067230565444456,0.9325016180409935,-5.715654398960383,-63.081068997450075,117.57474545741364,0.225,0.15749999999999997,610,0,2,19.87867120785096,0.4023422100214494,RNG-b57735466dee,extreme,selection,50301,PAL,12,3,1000000.0,,True,,,,,
12.62119633071769,93.51675011304974,True,5.371392722710163,0,0,2,0.23874999999999885,0.19874999999999995,0.29080160551567075,1.4723984700010961,1.5845397012098248,-8.551957943687954,-55.63733487343498,119.68172022681402,0.23874999999999885,0.19874999999999995,610,0,2,18.500722293095826,0.47850163371479315,RNG-1bb4e5330dad,extreme,selection,50301,PAL,12,3,1000000.0,,True,,,,,
11.683644350460408,96.49284141866202,True,0.7622333751568382,0,0,2,0.7,0.7249999999999994,1.55994496014716,2.816682371338666,2.059464526484013,-1.3940043838282616,-54.147074253442696,125.26697435011401,0.7,0.7249999999999994,610,0,2,26.27494768691107,0.5241133390321586,RNG-fd5a795e2bba,extreme,selection,50301,PAL,12,3,1000000.0,,False,,,,,
11.428050021910408,97.80484174803881,True,0.8048933500627353,0,0,2,0.1,0.1,0.23168131022634672,1.9856460338352209,0.8435811913691611,-1.1125049428235685,-54.713759785943715,126.12128858082572,0.1,0.1,610,0,2,28.34734045354558,0.5365019358495309,RNG-7d202f1df34a,extreme,selection,50301,PAL,12,3,1000000.0,,True,,,,,
12.616616416742408,97.27891084511248,True,4.228356336260979,0,0,2,0.2,0.7512499999999995,0.891000082795161,2.2215789056960107,1.8268644092668849,1.1273742675817375,-64.15873500041751,123.39467599591846,0.2,0.7512499999999995,610,0,2,21.750215355209924,0.47603771412415924,RNG-cd5662dc4ba4,extreme,selection,50301,PAL,12,3,1000000.0,,False,,,,,
11.276419240120685,93.23346635265273,True,5.6436637390213304,0,0,2,0.175,0.16624999999999998,0.7349173311376984,2.253526856510867,2.181406906503157,-5.874538433746427,-59.58111219088486,117.9292101262909,0.175,0.16624999999999998,610,0,2,19.412373113501616,0.3802838594379908,RNG-cc2a068a5ca6,extreme,selection,50301,PAL,12,3,1000000.0,,False,,,,,
10.361429814146593,94.36574375191898,True,5.737139272271016,1,0,0,0.9274999999999977,1.0162499999999999,1.754113158289791,2.857749070213728,2.2442100592206633,-4.36267432129193,-63.66911462861212,129.57905179756364,0.9,1.0162499999999999,610,1,2,20.794479812337432,0.3591318148494811,RNG-d8bdc149125e,extreme,selection,50301,PAL,12,3,1000000.0,,False,,,,,
10.510407658985386,97.07537489467688,True,2.0583437892095358,0,0,2,0.15,0.09124999999999998,0.19604177373503925,2.259749439785754,1.6690844204765634,-1.1285271386570834,-58.22878924001673,133.09480816849765,0.15,0.09124999999999998,610,0,2,26.25521960729246,0.45794322672969817,RNG-781a9bc90fe8,extreme,selection,50301,PAL,12,3,1000000.0,,True,,,,,
11.558478847688052,100.0935298662315,True,4.182559598494354,0,0,2,0.125,0.7587499999999996,0.36388584725991413,-0.43670903690786794,-0.922994255636071,-1.3586902650329924,-63.623080056564646,123.50915904513458,0.125,0.7587499999999995,610,0,2,20.633052971504704,0.42767188627850716,RNG-7702b78c2bb8,extreme,selection,50301,PAL,12,3,1000000.0,,False,,,,,
13.472755016452657,96.331443929533,True,0.5846925972396487,3,0,0,0.95,1.06625,1.8948759810408533,1.7844072989156397,1.2685981884210897,-2.5363855290606545,-68.47158541542193,130.64715266968258,0.925,1.06625,610,1,2,26.359643879736797,0.6100154301881076,OVP56,extreme,selection,50301,PAL,14,3,1000000.0,,False,,,,,
14.099772617654407,95.76723427069913,True,1.2352572145545797,0,0,2,0.075,0.075,0.0444109903692067,1.3112184608070143,2.138096612180279,-2.3079654733914485,-52.07842651791904,113.24278973151445,0.075,0.075,610,0,2,24.748694134245333,0.6130864314951842,RANGE32,extreme,selection,50301,PAL,14,3,1000000.0,,True,,,,,
-6.706180812846721,-82.60654774131743,False,607.0156838143035,610,8,61,2.025,2.025,1000000.0,83.39132525501411,23.03337826990691,-156.28893521866894,-69.57815706204153,82.20482523329963,1000000.0,1000000.0,610,610,2,-6.752184945414869,-0.36165885376082907,PLL96-rejected-board,extreme,selection,50301,PAL,14,3,1000000.0,,False,,,,,
9.221593857780045,96.8241215712188,True,6.1229611041405265,551,7,0,2.025,2.025,3.6382458173024324,15.806074381117083,-1.1897573700861768,-1.8684449791914333,-54.98958473858569,122.98736476197078,1.75,1.75,610,60,2,12.26586595251767,0.361418972529172,PLL96-IQ-corrected,extreme,selection,50301,PAL,14,3,1000000.0,,False,,,,,
18.20555351467046,96.19865106124311,True,0.0,0,0,2,0.025,0.016249999999999987,0.08283526017263936,1.7953375248746162,1.7818339983970726,-1.261066823574108,-54.7996365673388,120.26261340201441,0.025,0.016249999999999987,610,0,2,28.11403555581364,0.8287927863443392,floating-PLL-IQ40,extreme,selection,50301,PAL,14,3,1000000.0,,True,,,,,
4.360795333815623,44.51602931298386,True,89.02634880803011,610,8,0,2.025,2.025,1000000.0,49.06287605975682,27.123240327687505,-25.68438430711092,-5.756884522567205,90.13576344800202,1000000.0,1000000.0,610,610,2,4.56862216482873,0.48658704591296065,HC50,extreme,selection,50301,PAL,14,3,1000000.0,,False,,,,,
11.827719965486343,98.92764006451249,True,3.9943538268506904,8,0,1,1.325,0.6699999999999998,2.1036587136198457,3.6374117437732845,-1.7408336302096437,-3.7470172982845966,-61.04607121938434,112.08716486618766,1.1199999999999932,0.6699999999999998,610,1,2,17.722155919617457,0.45735280995602556,PLL96-board-fixed,extreme,selection,50301,PAL,14,3,1000000.0,,False,,,,,
12.523005298860513,97.4322623032618,True,4.630489335006273,0,0,2,0.775,0.3937499999999998,0.5914252374353075,1.88065305018149,-4.41568094777711,-6.861773011996824,-55.0890638135761,121.51640621452768,0.775,0.3937499999999998,610,0,2,17.19230245753156,0.5035933416125439,RNG-7c05594dfa32,extreme,selection,50301,PAL,14,3,1000000.0,,False,,,,,
12.401267774373883,99.83248312801922,True,4.840025094102885,0,0,2,0.775,0.3937499999999998,0.5914027156947689,1.8868597635460207,-4.422172952735705,-0.8819090187962482,-55.0890638135761,122.42235700906187,0.775,0.3937499999999998,610,0,2,16.82609357648097,0.5033640588807001,RNG-223df1ec6f88,extreme,selection,50301,PAL,14,3,1000000.0,,False,,,,,
11.929179003460042,98.67262113563199,True,5.262233375156837,0,0,2,0.7637499999999989,0.3937499999999998,0.5684777992118261,1.8032617760608896,-6.48946726045148,-6.83510260046776,-56.655481649855346,124.07268421075605,0.7637499999999988,0.3937499999999998,610,0,2,15.76168036990299,0.4828004508416192,RNG-cbbc82c7748e,extreme,selection,50301,PAL,14,3,1000000.0,,False,,,,,
12.826755290260806,96.29362484017308,True,3.9611041405269765,1,0,2,0.875,0.4374999999999999,0.644372188444985,1.9680535803094723,-3.3775356810910515,-7.9037529600017455,-54.241759773724894,119.06732109445346,0.8650000000000005,0.43749999999999983,610,1,2,18.072769729611665,0.5205771603919804,RNG-337bea1b3eb8,extreme,selection,50301,PAL,14,3,1000000.0,,False,,,,,
12.819305380840992,97.78768572288274,True,4.753450439146801,0,0,2,0.788749999999999,0.40249999999999986,0.5841327465343562,1.7257898094594522,-3.045709172293005,-3.5852365537536057,-53.37532816804107,118.48823663417815,0.7887499999999988,0.40249999999999986,610,0,2,17.96648674423315,0.5037483600110553,RNG-f3b45412e8c5,extreme,selection,50301,PAL,14,3,1000000.0,,False,,,,,
12.752060640574987,95.77344118725745,True,4.631116687578419,0,0,2,0.775,0.4374999999999999,0.5841090665614977,2.066789350340398,-3.2225623645189296,-8.678961722037828,-53.61379411765506,119.07158608371597,0.775,0.43749999999999983,610,0,2,17.747148944213787,0.5037879834917975,RNG-9d91a9b83f52,extreme,selection,50301,PAL,14,3,1000000.0,,False,,,,,
12.403270297029568,97.26128918697567,True,4.966122961104141,0,0,2,0.775,0.3937499999999998,0.6020950445095449,1.966415544070881,-4.515317020149696,-7.4867827124545006,-54.0224429399484,120.42166512392046,0.775,0.3937499999999998,610,0,2,16.918859453043,0.4912839353423072,RNG-704620aeb523,extreme,selection,50301,PAL,14,3,1000000.0,,False,,,,,
11.71102111432054,95.62899814382746,True,4.711417816813049,0,0,2,0.175,0.1,0.1858465346091487,1.8137108792659555,0.5234104302161241,-5.311626267008022,-63.25200811696355,119.42825123234948,0.175,0.1,610,0,2,20.729480480914194,0.41557456198901704,RNG-b57735466dee,extreme,selection,50301,PAL,14,3,1000000.0,,True,,,,,
12.93689914319942,93.84174559808548,True,4.749058971141782,0,0,2,0.225,0.14125,0.08445825431129557,1.4056909919828915,1.4053514174018078,-8.260740837313541,-56.06049606371275,119.80686185676547,0.225,0.14125,610,0,2,18.81436112419007,0.5032139585475525,RNG-1bb4e5330dad,extreme,selection,50301,PAL,14,3,1000000.0,,True,,,,,
12.23972130605227,96.6210048692976,True,0.5351317440401505,0,0,2,0.5,0.075,1.1986643010273466,2.6681160446286736,2.0529505324168262,-1.2896809266510976,-54.30352543324122,121.62391827258537,0.5,0.075,610,0,2,26.689216240540038,0.5513154485537197,RNG-fd5a795e2bba,extreme,selection,50301,PAL,14,3,1000000.0,,False,,,,,
12.086219645195587,97.9345624550653,True,0.424090338770389,0,0,2,0.075,0.06624999999999999,0.05370494680637352,1.8093373096122394,0.8457594536822542,-0.9889563520099669,-54.87114283350978,125.62370712629783,0.075,0.06624999999999999,610,0,2,28.89454484209123,0.5686767758660052,RNG-7d202f1df34a,extreme,selection,50301,PAL,14,3,1000000.0,,True,,,,,
12.856503353669527,97.72667329645591,True,4.128607277289837,0,0,2,0.175,0.11624999999999999,0.8299614843917581,2.330388085735258,1.6376886254040046,1.4607361645171284,-64.33141996769295,124.2215050927608,0.175,0.11624999999999999,610,0,2,21.626378041768408,0.49260013891186577,RNG-cd5662dc4ba4,extreme,selection,50301,PAL,14,3,1000000.0,,False,,,,,
11.489244170693198,93.5524358006046,True,5.273525721455458,0,0,2,0.175,0.15,0.46300537298160604,2.0796092601697715,2.085210502313641,-5.485433596332379,-56.206606355805555,117.33560463104462,0.175,0.15,610,0,2,19.937111768233407,0.39096482180135206,RNG-cc2a068a5ca6,extreme,selection,50301,PAL,14,3,1000000.0,,True,,,,,
10.52580075339666,94.74427896641774,True,5.238393977415307,1,0,1,0.325,1.4149999999999996,1.4546648675372933,2.7230489850815025,1.937863837706644,-4.02308499979203,-61.401446456893424,124.16968671645091,0.325,1.4149999999999996,610,1,2,21.32540862975853,0.36851610125129014,RNG-d8bdc149125e,extreme,selection,50301,PAL,14,3,1000000.0,,False,,,,,
10.985610454043815,97.14311376294546,True,1.4353826850690088,0,0,2,0.125,0.075,0.05300402088057279,2.2764959010998216,1.6531862567352704,-1.0009132503703135,-57.23287022770809,132.02911522026966,0.125,0.075,610,0,2,26.547186072673064,0.4807228426800884,RNG-781a9bc90fe8,extreme,selection,50301,PAL,14,3,1000000.0,,True,,,,,
11.778516651230627,100.59463532475684,True,4.079046424090339,0,0,2,0.1,0.11624999999999999,0.16441650429700147,-0.08422108290603834,-1.5198995140237836,-1.1517295928765783,-63.79654071137381,122.98463787132252,0.1,0.11624999999999999,610,0,2,20.29741655319798,0.4452466389986996,RNG-7702b78c2bb8,extreme,selection,50301,PAL,14,3,1000000.0,,True,,,,,
14.880956102848648,97.20286516884339,True,0.4385194479297365,0,0,2,0.05,0.5212499999999997,0.5680928693415552,0.6359786598055774,1.1581161551209622,-1.64910197453669,-64.40774738690833,125.03295052274098,0.05,0.5212499999999995,610,0,2,27.679877117774666,0.676672567020646,OVP56,extreme,selection,50301,PAL,18,3,1000000.0,,False,,,,,
15.238368287414673,95.66764996211643,True,1.0602258469259724,0,0,2,0.075,0.06624999999999999,0.04055203093699197,1.3655151453182068,2.0407251034355385,-2.7238554647532145,-50.98825318604284,108.3872520548,0.075,0.06624999999999999,610,0,2,24.988232731512035,0.6755745194581745,RANGE32,extreme,selection,50301,PAL,18,3,1000000.0,,True,,,,,
-6.711318491743652,-82.670249302141,False,608.0062735257214,610,8,61,2.025,2.025,1000000.0,83.67530937139358,22.860728251178625,-156.21373836618002,-67.88041888172799,78.1736088512996,1000000.0,1000000.0,610,610,2,-6.7575405244866635,-0.3676610550101875,PLL96-rejected-board,extreme,selection,50301,PAL,18,3,1000000.0,,False,,,,,
9.04741198764347,97.89656394277353,True,6.249686323713927,583,8,0,2.025,2.025,3.6705093500614994,15.562106685786041,-1.0293876589450646,-1.6780882428497892,-53.47005332127031,118.1259283121687,1.95,1000000.0,610,105,2,11.80572439415542,0.3702141405191961,PLL96-IQ-corrected,extreme,selection,50301,PAL,18,3,1000000.0,,False,,,,,
20.06019406671973,96.3390817989199,True,0.0,0,0,2,0.025,0.025,0.020142931884858092,1.6571437417483876,1.7369836023640504,-1.1606195744675427,-52.499354286705824,115.67139900648732,0.025,0.025,610,0,2,28.612641876640637,0.8868536521056498,floating-PLL-IQ40,extreme,selection,50301,PAL,18,3,1000000.0,,True,,,,,
4.393652436904706,44.50890034239436,True,88.93412797992471,610,8,0,2.025,2.025,1000000.0,48.985881594227145,27.11159773811144,-25.670063952565254,-0.7421097290820953,87.75649786405921,1000000.0,1000000.0,610,610,2,4.570359941142225,0.5396088882187227,HC50,extreme,selection,50301,PAL,18,3,1000000.0,,False,,,,,
12.014000315692986,98.23196116338205,True,3.8255959849435386,29,0,0,1.9024999999999979,0.6699999999999998,2.524390913398494,5.0458496374057145,-1.2206050928345455,-2.929201381693228,-60.01630737524641,111.5543858991339,1.525,0.6699999999999998,610,2,2,17.58225348202965,0.4742137064493725,PLL96-board-fixed,extreme,selection,50301,PAL,18,3,1000000.0,,False,,,,,
12.563436316271622,97.68829090649876,True,4.5420326223337515,0,0,2,0.725,0.3937499999999998,0.5282045058497703,1.8657003994254586,-5.002732389686562,-6.969197478344687,-54.27138435655346,121.6342209391133,0.725,0.3937499999999998,610,0,2,16.747138007591907,0.5242005489117071,RNG-7c05594dfa32,extreme,selection,50301,PAL,18,3,1000000.0,,False,,,,,
12.418867485402217,100.26081944487804,True,4.803011292346299,0,0,2,0.725,0.3937499999999998,0.5278717321222747,1.8725425444789399,-5.007836559119023,-0.550460919051861,-53.96528209024817,122.54160557530565,0.725,0.3937499999999998,610,0,2,16.380416757296086,0.5235652016165341,RNG-223df1ec6f88,extreme,selection,50301,PAL,18,3,1000000.0,,False,,,,,
11.901773138173796,98.89787450344785,True,5.190715181932245,0,0,2,0.725,0.3937499999999998,0.526137526433262,1.8070682407577332,-7.127060506068038,-7.01940852767392,-56.08887703772579,124.37529576849457,0.725,0.3937499999999998,610,0,2,15.30327963680961,0.5022029178662091,RNG-cbbc82c7748e,extreme,selection,50301,PAL,18,3,1000000.0,,False,,,,,
12.936387628898778,96.61425011285982,True,3.833124215809285,0,0,2,0.725,0.4374999999999999,0.5345185132281263,1.9418758725168825,-4.005653636745661,-7.9643157931305,-53.80187201959795,119.18125776414414,0.725,0.43749999999999983,610,0,2,17.667097121282108,0.5433646658667716,RNG-337bea1b3eb8,extreme,selection,50301,PAL,18,3,1000000.0,,False,,,,,
12.8689199219421,98.23667951695934,True,4.7183186951066505,0,0,2,0.725,0.40249999999999986,0.5280366899199708,1.6696620435588205,-3.6291487846507446,-3.2983782869156806,-52.484710609795734,118.2228890140712,0.725,0.40249999999999986,610,0,2,17.57587451272038,0.5218155676634854,RNG-f3b45412e8c5,extreme,selection,50301,PAL,18,3,1000000.0,,False,,,,,
12.803951636033519,96.06265256523767,True,4.571518193224592,0,0,2,0.725,0.4374999999999999,0.509844680624066,2.0228384171549783,-3.803182702360246,-8.783652487377188,-53.09612795192999,118.6683146208467,0.725,0.43749999999999983,610,0,2,17.36898172533937,0.5221720665118695,RNG-9d91a9b83f52,extreme,selection,50301,PAL,18,3,1000000.0,,False,,,,,
12.42010116326208,97.5043845237398,True,4.8833124215809285,0,0,2,0.725,0.3937499999999998,0.5270626926345794,1.960930839578503,-5.087829013738073,-7.5974380348144726,-54.74036116069426,120.46819349415546,0.725,0.3937499999999998,610,0,2,16.490233020962236,0.5100192459243589,RNG-704620aeb523,extreme,selection,50301,PAL,18,3,1000000.0,,False,,,,,
11.853861677837783,96.12370554546212,True,4.368255959849436,0,0,2,0.175,0.1,0.06495584881349767,1.5767931852305819,0.08754557984420318,-5.04741141366713,-55.897500104952066,117.41947458096774,0.175,0.1,610,0,2,21.170798105881104,0.4282968524788231,RNG-b57735466dee,extreme,selection,50301,PAL,18,3,1000000.0,,True,,,,,
13.192355851046326,93.97197224892567,True,4.303011292346299,0,0,2,0.225,0.14125,0.08128703443485384,1.4516040573487845,1.2328491839026814,-8.042477382861028,-55.86729267736893,119.90874436734984,0.225,0.14125,610,0,2,18.922449267315166,0.5282080396658954,RNG-1bb4e5330dad,extreme,selection,50301,PAL,18,3,1000000.0,,True,,,,,
12.811713984123623,96.72831276698865,True,0.46925972396486826,0,0,2,0.075,0.06624999999999999,0.508833848368897,2.499162345432749,2.0614093898178143,-1.2025081496005794,-50.62306644083387,120.60056024719267,0.075,0.06624999999999999,610,0,2,27.117718192670427,0.5796559612957579,RNG-fd5a795e2bba,extreme,selection,50301,PAL,18,3,1000000.0,,False,,,,,
12.66716604848419,97.96945021541711,True,0.27227101631116685,0,0,2,0.075,0.06624999999999999,0.04022223102778436,1.6479483052157655,0.9000624565420983,-0.9019375574816532,-50.83556936582704,122.28949238819845,0.075,0.06624999999999999,610,0,2,29.362783655693118,0.5966172798142464,RNG-7d202f1df34a,extreme,selection,50301,PAL,18,3,1000000.0,,True,,,,,
12.992882588670136,98.10827633075033,True,4.157465495608531,0,0,2,0.15,0.11624999999999999,0.7784810767676025,2.5147693663469664,1.4432137197610588,1.317497541434941,-64.47217044683862,124.14850479443746,0.15,0.11624999999999999,610,0,2,21.110531814632733,0.504038766415945,RNG-cd5662dc4ba4,extreme,selection,50301,PAL,18,3,1000000.0,,False,,,,,
11.68148047164303,93.82898413565627,True,5.033249686323714,0,0,2,0.15,0.15,0.06519988182630344,1.937335840905634,1.9649093154443125,-5.167930208108807,-56.56436610061176,117.41747725046292,0.15,0.15,610,0,2,20.215204952721283,0.40322910732400363,RNG-cc2a068a5ca6,extreme,selection,50301,PAL,18,3,1000000.0,,True,,,,,
10.77084646148746,95.16673368643848,True,4.583437892095358,0,0,2,0.275,0.23124999999999996,0.8876290024000113,2.6071571099603457,1.54498944456464,-3.6474628184748914,-59.906784449501245,124.2917066791309,0.275,0.2312499999999999,610,0,2,22.09799496037259,0.3834239027782888,RNG-d8bdc149125e,extreme,selection,50301,PAL,18,3,1000000.0,,False,,,,,
11.526977108321967,97.17153465577343,True,0.9698870765370138,0,0,2,0.15,0.06624999999999999,0.05257703169916576,2.334413740878828,1.6384341518586603,-0.8711751287920103,-53.17756248520193,122.44663365869562,0.15,0.06624999999999999,610,0,2,26.89320975428145,0.5066506130759167,RNG-781a9bc90fe8,extreme,selection,50301,PAL,18,3,1000000.0,,True,,,,,
12.004341200623402,100.95895497896755,True,4.041405269761606,0,0,2,0.1,0.11624999999999999,0.04383042958239229,0.7529164673478647,-2.1347040959271624,-1.0425389856623886,-63.37595039910392,123.86632913725191,0.1,0.11624999999999999,610,0,2,19.721920910737225,0.46673942707251775,RNG-7702b78c2bb8,extreme,selection,50301,PAL,18,3,1000000.0,,True,,,,,
15.553428434780391,97.49524615972545,True,0.37703889585947303,0,0,2,0.05,0.05,0.023126522989281605,0.278260710105551,1.0895950955812819,-1.364152437896345,-62.75111555228962,124.21292539958894,0.05,0.05,610,0,2,28.039430287443903,0.7079594844893148,OVP56,extreme,selection,50301,PAL,22,3,1000000.0,,True,0.8220078128789904,-60.213534639077,15.741617048613161,26.405546333382354,12.085223274003333
15.784967710356483,95.65219040010221,True,0.9761606022584692,0,0,2,0.075,0.05,0.03827745987426843,1.3496337797826214,1.9680674776821534,-2.9373342973755,-50.479167370555906,107.29427704094421,0.075,0.05,610,0,2,25.131013331773385,0.7052125211080732,RANGE32,extreme,selection,50301,PAL,22,3,1000000.0,,True,0.7832157712608158,-61.348326318221424,15.907865911758316,23.240846012716194,11.986167459857018
-6.718272340875465,-82.87518226461954,False,608.9560853199498,610,8,61,2.025,2.025,1000000.0,84.28472614492743,22.69800394445821,-156.21859984658613,-67.95309025874471,75.76546388232511,1000000.0,1000000.0,610,610,2,-6.764273694589782,-0.36871696043360414,PLL96-rejected-board,extreme,selection,50301,PAL,22,3,1000000.0,contrast;waveform;detail_floor;sync;h_jitter_us;v_jitter_us;h_width_rmse_us;sync_error_ire;black_error_ire;white_error_ire,False,0.32561484139560537,64.91251879587631,26.975741443036124,35.33745954563704,28.737370561891716
8.949680688448394,98.68764624448428,True,6.3739021329987455,605,8,0,2.025,2.025,3.6900203251472745,14.82225648882028,-1.0237255464458417,-1.634919974488597,-48.766641813203435,110.79583549458077,1.7,1000000.0,610,151,2,11.600552708349154,0.37197854572356354,PLL96-IQ-corrected,extreme,selection,50301,PAL,22,3,1000000.0,sync;h_jitter_us;v_jitter_us;h_width_rmse_us,False,0.37947229610620437,-112.69474935704926,26.120909231596055,33.82229359363457,16.865260637751863
21.038546958439586,96.40445901200727,True,0.0,0,0,2,0.025,0.025,0.0193119346434305,1.6268638139119833,1.7253747016792391,-1.0899895903153092,-49.56081709605103,113.71324328479817,0.025,0.025,610,0,2,28.832561015336413,0.9120698171778561,floating-PLL-IQ40,extreme,selection,50301,PAL,22,3,1000000.0,,True,0.49007115753256136,13.564573803830026,9.800344398619155,19.536717928416884,6.980737113243723
4.405997704556144,44.510722074321585,True,88.88519447929737,610,8,0,2.025,2.025,1000000.0,48.948750321076005,27.122911917996603,-25.628231791771302,0.9729936519116791,84.43509131786722,1000000.0,1000000.0,610,610,2,4.5709750407101355,0.5644495329295892,HC50,extreme,selection,50301,PAL,22,3,1000000.0,contrast;waveform;sync;h_jitter_us;v_jitter_us;h_width_rmse_us;sync_error_ire;black_error_ire;white_error_ire,False,0.40896032912274427,98.71189393736364,14.514875945755955,22.487494478648788,30.713992060567275
12.007727744813664,97.6075059379555,True,3.757214554579674,0,0,2,0.4524999999999977,0.4049999999999999,0.13183369429254294,5.62671594081738,-0.7956352785176715,-2.710028941881922,-59.84010549042569,111.42550682570838,0.45249999999999774,0.4049999999999999,610,0,2,17.261789975379106,0.4807916279223671,PLL96-board-fixed,extreme,selection,50301,PAL,22,3,1000000.0,,True,0.42895005186642504,-99.27213063237608,25.0516218000333,33.878845983839945,15.452827514574798
12.559215664422762,97.9125008079623,True,4.493726474278544,0,0,2,0.575,0.37624999999999975,0.46651502708037523,1.7187223836704115,-5.352319613600814,-6.985166950075735,-54.33233731243753,120.65485821422472,0.575,0.37624999999999975,610,0,2,16.515141465712993,0.5343003836648618,RNG-7c05594dfa32,extreme,selection,50301,PAL,22,3,1000000.0,,False,0.2819885084339607,-91.38648140580027,37.45798924346932,48.34742970200857,14.890189572413705
12.407108136919911,100.6230176835122,True,4.755959849435383,0,0,2,0.575,0.37624999999999975,0.4662151406561666,1.7255867188823437,-5.3554774565721,-0.20729636300956852,-54.026030186681226,121.14214503716342,0.575,0.37624999999999975,610,0,2,16.151966383493104,0.533644619714406,RNG-223df1ec6f88,extreme,selection,50301,PAL,22,3,1000000.0,,False,0.2823835952513777,-91.33748730915592,37.382397077995684,48.23020124273759,14.890094726766419
11.861714902431206,99.13195857776326,True,5.170012547051443,0,0,2,0.575,0.37624999999999975,0.4652438546206657,1.6389665118717953,-7.521613204830765,-7.050343840897891,-56.14611635045439,123.47680641216128,0.575,0.37624999999999975,610,0,2,15.067178641317817,0.511237584516724,RNG-cbbc82c7748e,extreme,selection,50301,PAL,22,3,1000000.0,,False,0.2555251976121925,-93.39973478372377,37.5482486768095,47.30216987352849,15.851373277796421
12.968032891888683,96.85408730914413,True,3.7603513174404015,0,0,2,0.6024999999999977,0.4374999999999999,0.44555293516347405,1.833279360607468,-4.370049891923058,-7.950151084573367,-53.86249582571558,118.10970580735419,0.6024999999999977,0.43749999999999983,610,0,2,17.452796127558454,0.5548587640019216,RNG-337bea1b3eb8,extreme,selection,50301,PAL,22,3,1000000.0,,False,0.2954399709078962,-88.68968710762454,37.19216844961253,49.524212399615635,14.50252869831855
12.879937188575344,98.57918640919148,True,4.644291091593476,0,0,2,0.6024999999999977,0.37624999999999975,0.419311007858696,1.5363549274385873,-3.968889719110198,-3.014065997395266,-52.542139676233994,118.44439765788597,0.6024999999999977,0.37624999999999975,610,0,2,17.382634164506726,0.5310238880041309,RNG-f3b45412e8c5,extreme,selection,50301,PAL,22,3,1000000.0,,False,0.2627560142558794,-92.48117080172587,34.70191244896445,49.304404353014434,14.239168351339874
12.810320529920823,96.2901470568697,True,4.507528230865747,0,0,2,0.6024999999999977,0.4374999999999999,0.4192413620721734,1.8917507795032875,-4.138706015350473,-8.792057165344916,-53.15396621061335,119.23530481360034,0.6024999999999977,0.43749999999999983,610,0,2,17.172378107302826,0.5313669186974722,RNG-9d91a9b83f52,extreme,selection,50301,PAL,22,3,1000000.0,,False,0.26572245380935255,-91.78659326881633,34.99069906764767,47.62206988852805,14.292073518175476
12.4046047312094,97.72724456473595,True,4.863237139272271,0,0,2,0.6024999999999977,0.37624999999999975,0.41815240574009555,1.8152197253975249,-5.435918019155085,-7.599393311746803,-54.79657398590297,120.58836494756498,0.6024999999999977,0.37624999999999975,610,0,2,16.269892147318416,0.5189431250782802,RNG-704620aeb523,extreme,selection,50301,PAL,22,3,1000000.0,,False,0.2785513937128995,-93.04383464733074,37.19927290943169,46.35861966525101,14.980262191294008
11.881041534264396,96.29860086402896,True,4.29422835633626,0,0,2,0.125,0.1,0.062725004818718,1.453036350243353,-0.08517420610243295,-4.986716945894446,-52.81086176176815,117.46611392117045,0.125,0.1,610,0,2,21.26591359625654,0.4310505896740837,RNG-b57735466dee,extreme,selection,50301,PAL,22,3,1000000.0,,True,0.24314761113511002,-83.94437339786946,34.17299117792842,69.22134879204656,14.59649917942275
13.254714537107915,93.95617384524013,True,4.170012547051443,0,0,2,0.225,0.18999999999999995,0.07973444655362646,1.566550343171257,1.1852957839073204,-8.018564762066905,-55.93452479870618,114.23248387237778,0.225,0.18999999999999995,610,0,2,18.88149177247702,0.5356786482062441,RNG-1bb4e5330dad,extreme,selection,50301,PAL,22,3,1000000.0,,True,0.18575876325534896,-36.51006447470422,54.87437499414028,81.9921348184185,11.72377945368783
13.027592144322316,96.77659752254408,True,0.4736511919698871,0,0,2,0.075,0.05,0.038914576475853904,2.4310806355146104,2.0695916245864083,-1.1605125454447969,-50.60883198798422,120.57439295662819,0.075,0.05,610,0,2,27.331077974809826,0.5907354581807279,RNG-fd5a795e2bba,extreme,selection,50301,PAL,22,3,1000000.0,,True,0.7874262846090199,-42.05402086650382,18.545708210074505,30.772149360801507,11.233335123000233
12.774625091923987,97.95284158676166,True,0.26474278544542035,0,0,2,0.075,0.06624999999999999,0.03915082228058438,1.5965029300506106,0.9309534700303278,-0.8923402473994526,-50.89936315821322,122.13987967570627,0.075,0.06624999999999999,610,0,2,29.511934383084988,0.6016858925272591,RNG-7d202f1df34a,extreme,selection,50301,PAL,22,3,1000000.0,,True,0.8708790969651241,-46.5386763180505,17.40108448113805,29.10424536397494,11.819818430143018
12.971943621787878,98.34504355556466,True,4.178168130489335,0,0,2,0.15,0.30374999999999985,0.8307055563263528,2.618054173363994,1.383157998450677,1.22886534388124,-60.5601076123916,126.49839562798842,0.15,0.30374999999999985,610,0,2,20.629259023998216,0.5072451071548397,RNG-cd5662dc4ba4,extreme,selection,50301,PAL,22,3,1000000.0,h_width_rmse_us,False,0.41251697959100414,-89.65468395425017,27.12827191597873,36.50468274764908,15.570521485782363
11.742985082387104,93.90840856838498,True,4.985570890840652,0,0,2,0.15,0.15,0.06512912772860177,1.8966110752332954,1.9151229291879734,-5.0793317878224205,-56.63206473980208,117.46622467190336,0.15,0.15,610,0,2,20.209107544573936,0.4071326421077329,RNG-cc2a068a5ca6,extreme,selection,50301,PAL,22,3,1000000.0,,True,0.22119498847544222,-99.40422018281282,54.917430424554055,77.20843703218048,15.554168917953579
10.890471384842485,95.33481603889122,True,4.217691342534504,0,0,2,0.275,0.13249999999999998,0.28973383772233346,2.546618846307498,1.3549822595873267,-3.5365745667250703,-56.2548508750517,120.906909188808,0.275,0.13249999999999998,610,0,2,22.469185507085108,0.389336982108502,RNG-d8bdc149125e,extreme,selection,50301,PAL,22,3,1000000.0,,True,0.3299510403983854,-93.68182340351072,34.7763290853319,70.12582596965791,17.12443954450457
11.717017584732027,97.18216226425815,True,0.8331242158092848,0,0,2,0.15,0.06624999999999999,0.050752533652332545,2.372890358426917,1.6301513776539995,-0.8009532951975241,-53.064685562748075,120.60661002971484,0.15,0.06624999999999999,610,0,2,27.053922091875073,0.5152809190554213,RNG-781a9bc90fe8,extreme,selection,50301,PAL,22,3,1000000.0,,True,0.781375333437283,-70.07567845483653,23.535426555638708,38.807665665093516,15.012698400468429
12.096323090584333,100.81010926334744,True,4.012547051442911,0,0,2,0.1,0.10749999999999997,0.0434665878842023,1.834121067288798,-2.2905726765192,-1.1172264490861281,-62.424713914509326,123.12946477921365,0.1,0.10749999999999997,610,0,2,19.42347399911605,0.47701084061810917,RNG-7702b78c2bb8,extreme,selection,50301,PAL,22,3,1000000.0,,True,0.39863278097133936,-87.05597079807211,25.365255741019574,33.62975964434326,14.016037817768334
15.998944529228734,97.56716996431332,True,0.3212045169385195,0,0,2,0.05,0.04124999999999999,0.020294956169000202,0.16124217761968793,1.0937473084156175,-1.278418727477967,-56.182605528947946,124.25944932668621,0.05,0.04124999999999999,610,0,2,28.160628724923345,0.7283968247272761,OVP56,extreme,selection,50301,PAL,30,3,1000000.0,,True,0.7989942511630368,-59.88469061335415,16.644874717678622,27.109423115677878,11.880130952229486
16.12837207409501,95.69693316098564,True,0.9278544542032622,0,0,2,0.05,0.05,0.037246410323240726,1.2553550416385066,1.8968246813456502,-3.037123532381135,-43.30332607795378,103.51565186765556,0.05,0.05,610,0,2,25.243979358240868,0.7234589877412876,RANGE32,extreme,selection,50301,PAL,30,3,1000000.0,,True,0.771749558676811,-60.70994352889194,16.595589234442713,25.732012817314338,11.758858165193974
-6.7250405649534715,-83.14807535551516,False,609.4705144291091,610,8,61,2.025,2.025,1000000.0,85.05412428822395,22.61578166913133,-156.23351110391684,-67.78198136752704,61.243125977976646,1000000.0,1000000.0,610,610,2,-6.770682771520535,-0.36742385840919595,PLL96-rejected-board,extreme,selection,50301,PAL,30,3,1000000.0,contrast;waveform;detail_floor;sync;h_jitter_us;v_jitter_us;h_width_rmse_us;sync_error_ire;black_error_ire;white_error_ire,False,0.3248605494940932,65.67394898551827,23.38935267703876,30.75045275763923,28.717048968464926
8.904712015899914,99.33251405707797,True,6.444792973651192,610,8,0,2.025,2.025,1000000.0,13.992599366671897,-1.0452920411088815,-1.6205168604407731,-45.61837408804628,107.10314725721555,1000000.0,1000000.0,610,610,2,11.514886350977687,0.37310070682698043,PLL96-IQ-corrected,extreme,selection,50301,PAL,30,3,1000000.0,sync;h_jitter_us;v_jitter_us;h_width_rmse_us,False,0.3732687482766862,-111.62134060519575,23.25273194126558,30.1026643069806,16.876137034094253
21.706925729235742,96.42243457393582,True,0.0,0,0,2,0.025,0.025,0.019417754255522675,1.6336768965337527,1.7262661849696073,-1.0435747013920589,-46.26834190003758,111.77152696995343,0.025,0.025,610,0,2,28.935900821079493,0.927411170996566,floating-PLL-IQ40,extreme,selection,50301,PAL,30,3,1000000.0,,True,0.48205328301368444,13.276399638341244,7.194364398360418,17.06948285167879,6.894211526357216
4.4126703292147225,44.510537251747216,True,88.85319949811795,610,8,0,2.025,2.025,1000000.0,48.9345400834911,27.12941860320036,-25.585514262868674,2.484654962308923,84.28689663290497,1000000.0,1000000.0,610,610,2,4.571197050573056,0.5797948668781908,HC50,extreme,selection,50301,PAL,30,3,1000000.0,contrast;waveform;sync;h_jitter_us;v_jitter_us;h_width_rmse_us;sync_error_ire;black_error_ire;white_error_ire,False,0.4008892185716835,99.15533653915728,15.291937568527677,25.828183859302715,30.71926053901744
11.904475233415702,97.05800001532496,True,3.6787954830614806,0,0,2,0.25,0.075,0.09844071195644515,5.750541000291895,-0.6297121526228342,-2.6629175134854792,-57.5106851069623,111.43268854967225,0.25,0.075,610,0,2,16.73222913925855,0.4859937035562901,PLL96-board-fixed,extreme,selection,50301,PAL,30,3,1000000.0,,True,0.43081909149386544,-99.86815022148593,23.346128608762005,30.28223781298349,15.430767827443585
12.49568483512563,98.10698763190845,True,4.412797992471769,0,0,2,0.125,0.1,0.10414562629035284,1.4280098524353737,-5.736013309645656,-7.008081861252838,-49.402504711254096,120.67578619640669,0.125,0.1,610,0,2,16.231814360460874,0.5423699493437412,RNG-7c05594dfa32,extreme,selection,50301,PAL,30,3,1000000.0,,True,0.28532855032636906,-89.44917175951771,31.278899087306726,42.396457013985625,14.913118886502232
12.351228656104098,100.73175057360943,True,4.6612296110414055,0,0,2,0.125,0.1,0.10406196924248048,1.4349151081473366,-5.737981131123499,-0.48489397680517604,-49.402504711254096,121.12875913056506,0.125,0.1,610,0,2,15.903234628184615,0.5418078543671366,RNG-223df1ec6f88,extreme,selection,50301,PAL,30,3,1000000.0,,True,0.2862752447449012,-89.42505529879844,31.254782626587478,42.90652360493058,14.913430444272837
11.77572362573242,99.3601008935248,True,5.099749058971142,0,0,2,0.125,0.1,0.17897419449485438,1.2786211717079075,-7.949578610795823,-7.0811113573939926,-48.90690787627511,123.4981425262627,0.125,0.1,610,0,2,14.788756484253142,0.5196915899795542,RNG-cbbc82c7748e,extreme,selection,50301,PAL,30,3,1000000.0,,True,0.2580582118977249,-91.27844605624607,34.185494374514505,42.23667766005978,15.922980059177227
12.929881567535483,97.04842851455575,True,3.6994981179422832,0,0,2,0.225,0.21374999999999994,0.10854382660972464,1.6366214692767345,-4.764344685939154,-7.949336785148764,-49.82775720927055,118.12997304251014,0.225,0.21374999999999994,610,0,2,17.173511353052927,0.56365263876309,RNG-337bea1b3eb8,extreme,selection,50301,PAL,30,3,1000000.0,,True,0.29496480851801005,-86.80275488477935,31.356598140649552,44.573505291162284,14.492652767433345
12.822446030590893,98.69443461080589,True,4.577791718946048,0,0,2,0.125,0.1,0.10741466304032041,1.3160536518045116,-4.343919980191113,-3.258274583269166,-49.423295807735194,118.46475178259156,0.125,0.1,610,0,2,17.103580912635092,0.5378930886163641,RNG-f3b45412e8c5,extreme,selection,50301,PAL,30,3,1000000.0,,True,0.2701101108023079,-91.041894391695,29.50625611125572,41.7187927684345,14.313972409890432
12.75193812333952,96.4838296942275,True,4.446675031367628,0,0,2,0.125,0.21374999999999994,0.10745281083981492,1.6555106313047339,-4.507791065953542,-8.81171824232537,-48.496673989188864,119.25586426544713,0.125,0.21374999999999994,610,0,2,16.90846108827561,0.5380171303072611,RNG-9d91a9b83f52,extreme,selection,50301,PAL,30,3,1000000.0,,True,0.27307562720089906,-90.31800760866669,30.352617709542393,40.63544594288206,14.364233609207309
12.333619565450123,97.91769515797775,True,4.801756587202007,0,0,2,0.125,0.1,0.10494924612542522,1.5145195423764757,-5.810947991322268,-7.612564402754298,-49.02772016005387,120.60927566743395,0.125,0.1,610,0,2,15.992820305717895,0.5263467859333344,RNG-704620aeb523,extreme,selection,50301,PAL,30,3,1000000.0,,True,0.2816147294545056,-91.19396509135551,31.9290907594495,39.52488447506851,15.031309236070117
11.893454649545767,96.35939680465845,True,4.29297365119197,0,0,2,0.125,0.1,0.06238924613093898,1.4022657354662769,-0.12111479932035345,-4.969367671502926,-52.17653298478768,113.99453635688563,0.125,0.1,610,0,2,21.24910509373175,0.43228900084539684,RNG-b57735466dee,extreme,selection,50301,PAL,30,3,1000000.0,,True,0.22911192405517883,-82.4386217026218,30.172668383416855,77.71496026790204,14.54155773990106
13.273561367840552,93.94564206073517,True,4.178168130489335,0,0,2,0.225,0.18999999999999995,0.07919937489403914,1.6389185234512766,1.1773950877685415,-8.016920768495876,-46.410767018682144,114.25174454050814,0.225,0.18999999999999995,610,0,2,18.835560406652423,0.53828882511891,RNG-1bb4e5330dad,extreme,selection,50301,PAL,30,3,1000000.0,,True,0.1815877081532382,-32.39630604885224,48.92542677945607,62.663318735030224,11.552974446357029
13.182138853252196,96.79316242200913,True,0.4736511919698871,0,0,2,0.075,0.075,0.04152571788544587,2.4005581318652554,2.068024276620953,-1.13906063050084,-48.023216776034076,120.5953001803121,0.075,0.075,610,0,2,27.47249424351354,0.5981073710127663,RNG-fd5a795e2bba,extreme,selection,50301,PAL,30,3,1000000.0,,True,0.7652276604817283,-41.60256888637394,13.305138540904695,30.945157388995824,10.937112727771664
12.843223014541724,97.91671493547413,True,0.2741530740276035,0,0,2,0.075,0.075,0.038623869286861,1.61542308065872,0.951491980064535,-0.9170034160426725,-47.68365559640451,122.00524447540904,0.075,0.075,610,0,2,29.60000480167831,0.6049466625746749,RNG-7d202f1df34a,extreme,selection,50301,PAL,30,3,1000000.0,,True,0.8522564608016595,-46.65189311903832,13.28547538358477,25.62871528745889,11.492422753732445
12.881829245782717,98.71819868756467,True,4.218946047678795,0,0,2,0.13874999999999887,0.27749999999999986,0.7858410186274175,2.709188244740843,1.341585113731802,1.276378598071748,-60.58082362587335,126.97097217478476,0.13874999999999887,0.2774999999999998,610,0,2,20.036956542760965,0.5085984912841313,RNG-cd5662dc4ba4,extreme,selection,50301,PAL,30,3,1000000.0,h_width_rmse_us,False,0.4067964156591469,-88.74977008960484,25.02084470123751,31.957299664021757,15.724808823396458
11.905515802828688,94.02791174449895,True,4.717691342534505,0,0,2,0.15,0.15,0.06265145583330675,1.948990918031898,1.8211379024155154,-4.837735487153155,-55.800362437066035,117.48632735738694,0.15,0.15,610,0,2,20.676159475289847,0.41706507599430465,RNG-cc2a068a5ca6,extreme,selection,50301,PAL,30,3,1000000.0,,True,0.19630691258077354,-97.5371975103546,49.329832916616034,87.09003024959149,15.40720094301216
10.955802865474558,95.38685665429333,True,3.9033877038895857,0,0,2,0.275,0.15,0.08501446357175609,2.4962412840279806,1.298048533933214,-3.5015529797692277,-55.80193607981381,119.45279937870866,0.275,0.15,610,0,2,22.60588107617863,0.39297574547816344,RNG-d8bdc149125e,extreme,selection,50301,PAL,30,3,1000000.0,,True,0.31498685232355794,-94.337172007556,32.860010448580944,73.39206159891461,17.01193685629767
11.819643103977484,97.18827239347398,True,0.760978670012547,0,0,2,0.11624999999999658,0.05,0.05073234167474707,2.4129157204247966,1.6257702849776028,-0.7417950757839449,-44.45664135218178,120.62739272745422,0.11624999999999659,0.05,610,0,2,27.138946268397216,0.5202073880431834,RNG-781a9bc90fe8,extreme,selection,50301,PAL,30,3,1000000.0,,True,0.7786554523524793,-70.17503775662836,21.2426216976575,36.2063847378976,14.813953793556532
12.156529387559985,100.55780718739186,True,4.003764115432873,0,0,2,0.1,0.075,0.043853799581164206,2.651223519543218,-2.321072490381306,-1.3201663713532414,-51.398159489248066,121.2153419367031,0.1,0.075,610,0,2,19.257664196353538,0.4835049454957609,RNG-7702b78c2bb8,extreme,selection,50301,PAL,30,3,1000000.0,,True,0.4014320195664687,-84.94692208043888,22.98818680478138,29.251791630932082,13.835359464006805
5.158014241394319,80.60841196535107,True,65.55663265766918,502,11,0,2.025,2.025,3.601084905969311,16.924946321941675,5.1050558363017835,-14.055088732818053,-80.27632507435312,141.45896008175623,1.85,1.175,506,256,2,12.396940641779343,0.264556681435168,OVP56,extreme,selection,50301,NTSC,4,3,1000000.0,,False,,,,,
5.951170692192288,88.51291044919714,True,39.18209816146697,87,2,0,2.025,2.025,2.883020099236464,9.06925125059629,1.8214514992154445,-12.162459441256743,-71.19819582915366,132.5487205743068,1.6,1.3349999999999997,506,4,2,13.956306643428087,0.2616706410442412,RANGE32,extreme,selection,50301,NTSC,4,3,1000000.0,,False,,,,,
-6.7296716233928,-84.17988888529561,False,613.9464486237345,506,12,42,2.025,2.025,1000000.0,88.75962889788678,21.19599539452051,-156.64994491472768,-74.51412191860967,133.42837988381473,1000000.0,1000000.0,506,506,2,-6.748288226924894,-0.24210308524239277,PLL96-rejected-board,extreme,selection,50301,NTSC,4,3,1000000.0,,False,,,,,
8.008629438193575,92.71564100949755,True,17.997724036403376,343,10,0,2.025,2.025,3.4085269518657313,10.863143888660888,0.19930437445416035,-4.097609362012643,-73.75608908990782,135.69315370877734,1.8725,1.34,506,13,2,13.238770101404636,0.23748972464854562,PLL96-IQ-corrected,extreme,selection,50301,NTSC,4,3,1000000.0,,False,,,,,
10.25985688012453,95.71762909591695,True,2.309079469062249,140,1,0,2.025,2.01125,3.138185570495057,2.682143571137934,1.2310087436531645,-2.692945336923751,-77.33151889848496,135.52405577256764,1.725,1.9875,506,3,2,23.38220166073291,0.4806746774418515,floating-PLL-IQ40,extreme,selection,50301,NTSC,4,3,1000000.0,,False,,,,,
3.2836997875866607,42.60855986384513,True,127.3380558574452,506,12,0,2.025,2.025,1000000.0,49.3393288434012,27.0409356639212,-29.136104268456172,-71.72961421914366,125.55195710424597,1000000.0,1000000.0,506,506,2,4.2575709968153745,0.18950750176546574,HC50,extreme,selection,50301,NTSC,4,3,1000000.0,,False,,,,,
5.949909226010001,90.95490215238004,True,40.575222704242144,70,3,0,2.025,2.025,2.7986959918124645,3.0873898830052084,-1.8591442525369166,-14.664437659662735,-81.86375420716242,125.84950463832355,1.6,1.5549999999999997,506,2,2,11.142768602024786,0.2140296642912796,PLL96-board-fixed,extreme,selection,50301,NTSC,4,3,1000000.0,,False,,,,,
9.618760911311508,94.96912568940073,True,10.111630595453493,10,0,0,1.34375,1.6649999999999998,2.2972401372046134,2.1895294574719757,-0.21976425120925086,-6.023442652480685,-64.3565338882916,128.90884909526773,1.2,1.6649999999999998,506,2,2,16.552862644475578,0.2923638693257593,RNG-7c05594dfa32,extreme,selection,50301,NTSC,4,3,1000000.0,,False,,,,,
9.611846431957426,96.66439046050697,True,10.166572838361425,11,0,0,1.34375,1.6649999999999998,2.2912002280133628,2.2043230981973183,-0.23492956017273559,-2.0151340653264422,-62.95817006470432,128.36324231430427,1.1824999999999988,1.6649999999999998,506,2,2,16.377352896960844,0.2931281969418936,RNG-223df1ec6f88,extreme,selection,50301,NTSC,4,3,1000000.0,,False,,,,,
9.40483267089524,97.24773543396772,True,10.627184518630688,8,0,0,1.31875,1.6649999999999998,2.230038066741567,1.4752025032057166,-2.2365110729466133,-4.755309809395967,-72.82568762275054,131.77912396758092,1.1787499999999995,1.6649999999999998,506,2,2,15.768181369034561,0.2796024033155701,RNG-cbbc82c7748e,extreme,selection,50301,NTSC,4,3,1000000.0,,False,,,,,
9.495132400104177,92.74115370561775,True,11.246601859907816,17,0,0,1.69375,1.6649999999999998,2.344974066857271,2.950029297357418,1.287197534603869,-7.668444575930047,-61.95332419387126,126.25064356770925,1.25,1.6649999999999998,506,1,2,16.742628065404247,0.2960395516274116,RNG-337bea1b3eb8,extreme,selection,50301,NTSC,4,3,1000000.0,,False,,,,,
9.907134239945329,94.06193857422701,True,10.06421468719048,13,0,0,1.43125,1.1762499999999996,2.263632635369695,2.805231396159873,1.0355215269307911,-5.180703690516521,-62.34926652782658,124.99485255522409,1.175,1.1762499999999996,506,2,2,16.732260680457934,0.2972648692180564,RNG-f3b45412e8c5,extreme,selection,50301,NTSC,4,3,1000000.0,,False,,,,,
9.848421795601501,92.74398226553812,True,10.109372695060015,13,0,0,1.575,1.4374999999999998,2.2939495667090117,2.995665925337882,0.9419012652164241,-8.406821945013087,-61.190687088109776,127.95985237266517,1.225,1.4374999999999998,506,2,2,16.589078466820368,0.295941864121562,RNG-9d91a9b83f52,extreme,selection,50301,NTSC,4,3,1000000.0,,False,,,,,
9.722968117281688,95.04681324908357,True,9.979919739167347,10,0,0,1.425,1.1349999999999993,2.2769928240037376,2.2160643055990077,-0.48491113614998615,-6.4726232946179145,-63.819618856680364,128.84707197105854,1.2,1.1349999999999993,506,2,2,16.40463429821735,0.2893927971830731,RNG-704620aeb523,extreme,selection,50301,NTSC,4,3,1000000.0,,False,,,,,
8.523202326060906,91.14029454236395,True,18.370277601327043,22,1,0,1.95,1.8874999999999997,2.576960308545357,3.302681687775171,3.522467801085731,-9.02193164226583,-70.03809109189861,126.16999355251902,1.5924999999999983,1.475,506,2,2,15.02527253234092,0.24136110894969023,RNG-b57735466dee,extreme,selection,50301,NTSC,4,3,1000000.0,,False,,,,,
8.686539698431625,88.47677371961612,True,24.533593042054147,8,1,0,1.3,2.01125,2.185401316843808,2.918540425463545,4.710794853225387,-12.0304150039115,-72.97792458392635,120.00031701247165,1.225,1.575,506,1,2,13.953100165265948,0.2469842548672697,RNG-1bb4e5330dad,extreme,selection,50301,NTSC,4,3,1000000.0,,False,,,,,
5.580542123423719,91.8960449080841,True,42.90387064338119,57,0,0,2.025,1.11125,2.8463318421183024,7.333284617607585,1.8954700144117473,-7.3028531456858925,-65.46236997056938,136.27572364620767,1.6399999999999992,1.11125,506,2,2,14.644299824925277,0.2887029134747867,RNG-fd5a795e2bba,extreme,selection,50301,NTSC,4,3,1000000.0,,False,,,,,
5.193526496406821,93.72058094091716,True,57.33486469155576,40,0,0,2.025,0.9062499999999999,2.5763077953193356,8.396200126526354,1.2663295686712792,-3.899681454589724,-66.15430763665888,136.6493228630152,1.5,0.90625,506,2,2,15.560183212102816,0.2814989954740355,RNG-7d202f1df34a,extreme,selection,50301,NTSC,4,3,1000000.0,,False,,,,,
7.763823462060975,94.14839740616046,True,23.14423166660144,61,1,0,2.025,1.7224999999999997,2.854760955379548,3.491975852948385,1.8189466858075454,-4.432859125662508,-68.75238876590537,129.48581324776444,1.7199999999999989,0.8625,506,2,2,15.372341340771595,0.2611460891264936,RNG-cd5662dc4ba4,extreme,selection,50301,NTSC,4,3,1000000.0,,False,,,,,
7.910826068537304,88.81753871536917,True,22.972631236697204,84,1,0,2.025,1.7224999999999997,2.9527950851973928,4.914788706982768,3.5643518218075956,-10.92547826641542,-65.78568993395824,124.13483300133798,1.7237499999999997,1.325,506,5,2,13.580797420158198,0.22955306366148848,RNG-cc2a068a5ca6,extreme,selection,50301,NTSC,4,3,1000000.0,,False,,,,,
7.8659834189849684,91.01344447884844,True,21.45306427188733,94,4,0,2.025,2.025,3.0181029955499485,4.575675344903577,3.374697752721145,-8.469413866693412,-74.54475622564057,135.3045660491107,1.7862499999999997,1.2887499999999998,506,5,2,15.399363090209782,0.2264278811288663,RNG-d8bdc149125e,extreme,selection,50301,NTSC,4,3,1000000.0,,False,,,,,
5.050812273396557,93.04084414917739,True,57.1361694569298,88,2,0,2.025,2.025,2.928808658055762,8.376243168995886,1.6671665640393134,-4.726356735929165,-75.29542783274039,142.88791516635018,1.6787499999999995,1.1774999999999998,506,2,2,15.008868572035254,0.2553378351041992,RNG-781a9bc90fe8,extreme,selection,50301,NTSC,4,3,1000000.0,,False,,,,,
7.907411219135793,95.73251305323026,True,20.31508247357504,40,1,0,2.025,1.7087499999999995,2.6444859731584436,0.4561445212078376,2.24780751992744,-4.205906910785804,-71.56386362358336,129.19933861712894,1.5,1.3,506,2,2,15.906225856842704,0.258695541666958,RNG-7702b78c2bb8,extreme,selection,50301,NTSC,4,3,1000000.0,,False,,,,,
7.5559555089204675,87.7606947597948,True,22.470624715880867,456,10,0,2.025,2.025,3.5050142653062055,10.876434045564457,2.755451944547281,-9.53916385658412,-77.30023513628248,141.46249742445283,1.6999999999999986,1.8837499999999998,506,41,2,16.474446200799576,0.35757800937524276,OVP56,extreme,selection,50301,NTSC,6,3,1000000.0,,False,,,,,
8.663085845881097,93.68437138013404,True,12.662305406617756,3,0,0,1.16875,1.0537499999999997,1.9960939740106203,3.591004759929786,1.7071952341081136,-5.699821593688907,-70.36720790279678,127.59755368753756,1.1,1.0537499999999997,506,1,2,19.11365390052425,0.3608366400677187,RANGE32,extreme,selection,50301,NTSC,6,3,1000000.0,,False,,,,,
-6.693778896902978,-83.9406152511448,False,608.9158465470682,506,12,53,2.025,2.025,1000000.0,86.86086611352562,21.958620706120946,-157.14182034351236,-73.52732509580116,131.27146820196253,1000000.0,1000000.0,506,506,2,-6.7318959771313125,-0.29705232807478543,PLL96-rejected-board,extreme,selection,50301,NTSC,6,3,1000000.0,,False,,,,,
9.168151744372778,93.7479597280342,True,8.38508942790825,392,12,0,2.025,2.025,3.5231743748271382,12.427903311575845,-0.6026253987096684,-3.166114730645932,-73.35245687685722,132.9883560880319,1.8599999999999994,1000000.0,506,31,2,14.262335643067667,0.2925131756285511,PLL96-IQ-corrected,extreme,selection,50301,NTSC,6,3,1000000.0,,False,,,,,
12.130671111903638,95.82264277271905,True,0.31610605508674855,27,0,0,2.025,0.9762499999999995,2.757157604935763,2.346969247566854,1.3825478244689116,-2.1909789178545287,-70.54618940082811,132.59075754742915,1.552499999999999,0.9762499999999996,506,2,2,25.437736310456334,0.5740290399259009,floating-PLL-IQ40,extreme,selection,50301,NTSC,6,3,1000000.0,,False,,,,,
3.934916220282289,44.26464443817193,True,105.13913182224604,506,12,0,2.025,2.025,1000000.0,48.98185724271774,26.968889460864887,-26.646884713158396,-72.638302701482,117.72523383495954,1000000.0,1000000.0,506,506,2,4.506079102207956,0.2752539607572489,HC50,extreme,selection,50301,NTSC,6,3,1000000.0,,False,,,,,
8.820243802247187,95.63005425007083,True,13.001743099103765,9,1,1,1.29375,1.4612499999999993,2.3223313907647176,0.5660226562895304,-2.4185034240657295,-10.25152016389289,-80.87757394052518,123.52720663192358,1.2049999999999996,0.9625,506,1,2,14.940968275437873,0.31085057506805125,PLL96-board-fixed,extreme,selection,50301,NTSC,6,3,1000000.0,,False,,,,,
10.90472217852053,95.99368655556117,True,6.203957647809687,0,0,2,0.925,0.18374999999999994,1.636481179902144,1.4415988589470774,-1.4313230927041103,-6.004892908165118,-61.83855174846899,126.30639071028037,0.925,0.18374999999999994,506,0,2,17.843493095861596,0.36077340768984106,RNG-7c05594dfa32,extreme,selection,50301,NTSC,6,3,1000000.0,,False,,,,,
10.865060582040478,98.02538895598079,True,6.402652882435642,0,0,2,0.925,0.18374999999999994,1.6395167181733648,1.448121230283164,-1.4437884985783205,-0.9626037365064517,-61.21062336600321,126.32613262738096,0.925,0.18374999999999994,506,0,2,17.51653174313607,0.36075724846852913,RNG-223df1ec6f88,extreme,selection,50301,NTSC,6,3,1000000.0,,False,,,,,
10.65189743318411,97.75052041407615,True,6.725532638702821,0,0,2,0.9,0.17249999999999996,1.5985271444741103,1.017896697001281,-3.2982197257641737,-5.194181815758193,-70.05783238916635,129.185408475969,0.9,0.17249999999999996,506,0,2,16.837792596268557,0.3461986592953215,RNG-cbbc82c7748e,extreme,selection,50301,NTSC,6,3,1000000.0,,False,,,,,
10.867414056892667,94.29471679198703,True,6.2122366159191005,1,0,2,1.04375,0.225,1.7106668840305563,1.9150095914085619,-0.18182592838978495,-7.333355993156479,-59.61057659933696,121.24242588739966,1.019999999999999,0.225,506,1,2,18.283980396183292,0.3670223703134162,RNG-337bea1b3eb8,extreme,selection,50301,NTSC,6,3,1000000.0,,False,,,,,
11.188943946470173,95.69623241514618,True,6.357494874566107,0,0,2,1.0,0.5062499999999995,1.623349344067806,1.761847649778332,-0.19065460337304196,-3.9874504639624875,-57.308411939107934,121.67564305008591,1.0,0.5062499999999995,506,0,2,18.172330491167365,0.3658607930931654,RNG-f3b45412e8c5,extreme,selection,50301,NTSC,6,3,1000000.0,,False,,,,,
11.13028203658567,94.09661697942784,True,6.254384089930667,0,0,2,1.0187499999999998,0.5062499999999995,1.6493819210067369,1.9729072540904393,-0.3256630211045308,-8.100016476585518,-58.97098994198656,121.81240757799054,1.01875,0.5062499999999995,506,0,2,18.003163770356682,0.3653323428886997,RNG-9d91a9b83f52,extreme,selection,50301,NTSC,6,3,1000000.0,,False,,,,,
10.955444890082882,95.98750150734828,True,6.376310711178413,0,0,2,0.9187500000000001,0.17249999999999996,1.6540815191328264,1.4751004174422389,-1.625898733775827,-6.5060893993606905,-60.959779446328895,125.34641619694781,0.91875,0.17249999999999996,506,0,2,17.626169925843783,0.35599429780299724,RNG-704620aeb523,extreme,selection,50301,NTSC,6,3,1000000.0,,False,,,,,
9.846333699720525,92.88114252252944,True,10.326131132833787,5,0,0,1.175,0.6299999999999993,2.0492367499840105,2.5054916331482486,2.4697747009247015,-7.527134699088086,-70.94495771466958,123.67388158314026,1.15,0.6299999999999993,506,1,2,17.363266500527807,0.2990205940886383,RNG-b57735466dee,extreme,selection,50301,NTSC,6,3,1000000.0,,False,,,,,
10.237715864123249,90.89739180890507,True,14.291004223779003,1,0,2,0.99375,0.36999999999999994,1.5040448763580858,1.9688225708206035,3.209809002193674,-10.327072677479212,-70.20495319949144,119.55064889670061,0.975,0.36999999999999994,506,1,2,16.043681564002327,0.32075658516247824,RNG-1bb4e5330dad,extreme,selection,50301,NTSC,6,3,1000000.0,,False,,,,,
8.15451165035202,95.62158998563109,True,13.794266137214112,10,0,0,1.425,1.05625,2.587229220676549,3.5792646286415843,1.7240697186805372,-3.077018413474611,-64.58913711278153,133.93289432452158,1.225,1.05625,506,2,2,20.310280698751573,0.38473663112988116,RNG-fd5a795e2bba,extreme,selection,50301,NTSC,6,3,1000000.0,,False,,,,,
7.5969911983285145,97.04817165264869,True,20.956326185322443,2,0,2,1.1,0.19749999999999995,1.8956658743414825,3.3227324640494014,0.6498066086007623,-1.7600796909294458,-62.81627052754553,135.27018639613323,1.096249999999999,0.19749999999999995,506,1,2,21.869679340459758,0.3748716212278127,RNG-7d202f1df34a,extreme,selection,50301,NTSC,6,3,1000000.0,,False,,,,,
9.987842095660776,95.66336416999374,True,9.300291720730836,3,0,0,1.375,0.8949999999999999,2.3344367480010026,1.8790917783016656,1.874234111470384,-2.136609416645807,-68.50093005764194,129.82070486614754,1.319999999999999,0.8949999999999999,506,1,2,19.305063981153843,0.3449576968878966,RNG-cd5662dc4ba4,extreme,selection,50301,NTSC,6,3,1000000.0,,False,,,,,
9.511261573269223,91.19021309369056,True,11.275201931558524,16,0,0,1.61875,1.45875,2.4600639302295226,3.1546317715649708,2.6878609196562464,-8.520672550295533,-62.88988296764603,121.41456049146043,1.3,1.4587499999999998,506,2,2,16.49605288084699,0.28794939885700865,RNG-cc2a068a5ca6,extreme,selection,50301,NTSC,6,3,1000000.0,,False,,,,,
8.960834173097702,92.49810936611408,True,12.508015546396841,39,1,0,2.025,1.7774999999999996,2.578927017390728,3.4191227129507045,2.9145757903449474,-6.797623020664664,-71.98859681672631,130.32931687497154,1.4424999999999997,1.4625,506,2,2,17.604376803000882,0.27435491816545665,RNG-d8bdc149125e,extreme,selection,50301,NTSC,6,3,1000000.0,,False,,,,,
7.34786665326089,96.56125552767215,True,22.600077671773537,8,0,1,1.3937499999999998,1.0399999999999998,2.2402516398026706,3.1235947925287038,1.2888354182893726,-2.060171711935827,-72.3031335402756,139.0421438623943,1.207499999999999,1.0399999999999998,506,1,2,20.82874629057372,0.3361632449099203,RNG-781a9bc90fe8,extreme,selection,50301,NTSC,6,3,1000000.0,,False,,,,,
9.613977438088318,97.5823732579265,True,8.437021136958217,2,0,1,1.05,0.7112499999999996,2.022388944701487,-1.0226123135274416,1.3762661952615194,-2.856746616495466,-67.21892851496666,128.91059995238683,1.0462499999999992,0.7112499999999996,506,1,2,19.41408915255892,0.32116179650494897,RNG-7702b78c2bb8,extreme,selection,50301,NTSC,6,3,1000000.0,,False,,,,,
9.580371778816069,91.47890885596838,True,5.534866497876068,331,6,0,2.025,2.025,3.326387465619207,7.400371069845956,2.0170367689309936,-6.749067370567958,-75.4981517268538,136.93754706007218,1.8574999999999995,1.575,506,9,2,19.890542806198134,0.44415488677365306,OVP56,extreme,selection,50301,NTSC,8,3,1000000.0,,False,,,,,
10.769623525618508,95.01109515179678,True,3.9249835173271275,1,0,2,0.43125,0.5012499999999995,1.0080818222723984,2.059085019487428,2.0948451143530007,-3.2553651489553976,-58.7585053532223,121.78702896806034,0.3699999999999989,0.5012499999999995,506,1,2,22.832196634286014,0.4521744010350242,RANGE32,extreme,selection,50301,NTSC,8,3,1000000.0,,False,,,,,
-6.644318932218818,-83.13483005080667,False,606.7046094283899,506,12,52,2.025,2.025,1000000.0,85.40601869078948,22.667153268844658,-156.5440115192401,-70.52990180435401,125.31046380959314,1000000.0,1000000.0,506,506,2,-6.688738012493261,-0.32510995154785605,PLL96-rejected-board,extreme,selection,50301,NTSC,8,3,1000000.0,,False,,,,,
9.438968801494262,94.23094039824296,True,6.497484698961666,442,11,0,2.025,2.025,3.566009784233633,14.088545502072664,-0.8589242297579698,-2.769760327579356,-67.62133912711155,126.85600238547563,1.7712499999999998,0.825,506,30,2,13.838241908528504,0.31945662821186405,PLL96-IQ-corrected,extreme,selection,50301,NTSC,8,3,1000000.0,,False,,,,,
13.92005476502397,95.58412997021627,True,0.02784743818621356,1,0,0,0.925,0.4712499999999995,2.0567348919687207,2.42925800933609,1.7129926697629927,-1.9666848989137227,-64.85122806446557,127.72274444170385,0.9199999999999988,0.4712499999999994,506,1,2,26.205340723144424,0.6597976643946679,floating-PLL-IQ40,extreme,selection,50301,NTSC,8,3,1000000.0,,False,,,,,
4.159881219268935,44.43364879700061,True,97.26733841712151,506,12,0,2.025,2.025,1000000.0,49.17743416320375,27.070741264128948,-25.98124689815731,-62.61331923157024,112.69968965981646,1000000.0,1000000.0,506,506,2,4.52873132410956,0.35631162378509096,HC50,extreme,selection,50301,NTSC,8,3,1000000.0,,False,,,,,
10.482796587386645,97.65950007740591,True,5.652277318336861,3,0,0,1.175,1.3799999999999994,2.1774460092641648,0.5554988909533359,-2.372123031185839,-7.602735954136482,-78.89534900163186,120.24785980448841,1.0974999999999995,1.3799999999999994,506,1,2,17.039453000616408,0.38098779558974044,PLL96-board-fixed,extreme,selection,50301,NTSC,8,3,1000000.0,,False,,,,,
11.691403723291174,96.24506825106984,True,5.154786598307478,0,0,2,0.625,0.29249999999999987,1.088540742745351,1.6372714731837408,-2.307644622491261,-6.3805695937818045,-59.30880290112954,123.40431056658225,0.625,0.29249999999999987,506,0,2,18.046390098813646,0.41271565246877695,RNG-7c05594dfa32,extreme,selection,50301,NTSC,8,3,1000000.0,,False,,,,,
11.633822314488553,98.56474009611884,True,5.39186613962254,0,0,2,0.625,0.29249999999999987,1.0864423438007016,1.645577271795246,-2.3174133593784845,-0.49304028972774006,-59.322274005295526,123.34087043804458,0.625,0.29249999999999987,506,0,2,17.69778147802777,0.41320964300440427,RNG-223df1ec6f88,extreme,selection,50301,NTSC,8,3,1000000.0,,False,,,,,
11.34301169683447,97.72889042620808,True,5.744851234469409,0,0,2,0.4875,0.29249999999999987,1.0455698939631226,1.371476151801422,-4.211710524834275,-5.888168116972153,-60.68228022504126,127.02737657291759,0.4875,0.29249999999999987,506,0,2,16.860899125067185,0.39515481049851614,RNG-cbbc82c7748e,extreme,selection,50301,NTSC,8,3,1000000.0,,False,,,,,
11.764449361892915,94.8182136163169,True,4.705464420005599,0,0,2,0.7125,0.46499999999999986,1.2097588815063103,1.9476327445686705,-1.1487460486168541,-7.554468252403948,-57.756950444039575,121.45932998637049,0.7125,0.46499999999999986,506,0,2,18.67250116614746,0.42320641122266783,RNG-337bea1b3eb8,extreme,selection,50301,NTSC,8,3,1000000.0,,False,,,,,
11.98077530676116,96.356544185578,True,5.333160729392143,0,0,2,0.575,0.46499999999999986,1.1425730055985612,1.7795815840096598,-1.0264667929847073,-3.443050038513916,-56.78503692758675,118.399714786009,0.575,0.46499999999999986,506,0,2,18.580467722667375,0.4180116731174588,RNG-f3b45412e8c5,extreme,selection,50301,NTSC,8,3,1000000.0,,False,,,,,
11.90413357107917,94.48416170306409,True,5.1909130046031065,0,0,2,0.625,0.46499999999999986,1.1683596318124878,2.023390162435313,-1.1821660834075465,-8.323088568985558,-57.696825180010116,122.6954413344577,0.625,0.46499999999999986,506,0,2,18.31932525441689,0.4172742073812831,RNG-9d91a9b83f52,extreme,selection,50301,NTSC,8,3,1000000.0,,False,,,,,
11.677933285743084,96.17343251393038,True,5.44229258174352,0,0,2,0.61875,0.46499999999999986,1.1161520750083542,1.686309369258308,-2.478337653906566,-6.92445036763068,-57.48719324541881,123.74758500634955,0.61875,0.46499999999999986,506,0,2,17.780228476025094,0.4055736626774745,RNG-704620aeb523,extreme,selection,50301,NTSC,8,3,1000000.0,,False,,,,,
10.624625498056691,93.50519480176833,True,7.60159799137181,2,0,1,0.8,0.6299999999999993,1.4564592550112538,2.493091964046835,2.0236510480420535,-6.839516341749608,-62.78607315221398,118.0001737515983,0.775,0.6299999999999993,506,1,2,18.671626541810053,0.33862785441685567,RNG-b57735466dee,extreme,selection,50301,NTSC,8,3,1000000.0,,False,,,,,
11.315145162302686,91.93805253536819,True,9.465871082919135,0,0,2,0.325,0.2,0.9319602465694397,1.8128780725710847,2.447641390303056,-9.692098467355034,-58.873594246052846,119.28936961495286,0.325,0.2,506,0,2,17.255133717430134,0.3843282006724202,RNG-1bb4e5330dad,extreme,selection,50301,NTSC,8,3,1000000.0,,False,,,,,
9.923079441535375,96.0810843067708,True,3.928746684649589,2,0,1,1.09375,1.1724999999999992,2.2525013653255908,3.1656598262919657,1.9550152541026247,-2.0065739410351684,-60.836640007435015,128.96557565065916,1.05,1.1724999999999992,506,1,2,24.24126331833741,0.4570861662257883,RNG-fd5a795e2bba,extreme,selection,50301,NTSC,8,3,1000000.0,,False,,,,,
9.349120078452954,97.33453053554241,True,6.371042276926968,0,0,2,0.6375,0.19499999999999992,1.193280346016695,2.520721779856659,0.8190078894989865,-1.543642498198209,-60.485451216903535,131.75115757888972,0.6375,0.19499999999999992,506,0,2,25.94647451056206,0.451364936362249,RNG-7d202f1df34a,extreme,selection,50301,NTSC,8,3,1000000.0,,False,,,,,
11.336555192388522,95.94352036657732,True,5.706466927780303,2,0,0,0.975,0.6587499999999996,1.8395120449434583,1.9776200653472706,2.099110420102891,-0.8593737003541735,-64.1483434473656,126.5609065648785,0.9462499999999991,0.6587499999999996,506,1,2,21.041471697966927,0.40749251464559055,RNG-cd5662dc4ba4,extreme,selection,50301,NTSC,8,3,1000000.0,,False,,,,,
10.385226195936406,91.88513419816186,True,7.709224576794203,3,0,0,1.04375,1.45875,1.910001014853019,2.847259167847634,2.6087010691098875,-7.315688617012837,-61.837410842995375,117.55627294098404,1.0224999999999995,1.4587499999999998,506,1,2,18.011068106561005,0.3243030505203403,RNG-cc2a068a5ca6,extreme,selection,50301,NTSC,8,3,1000000.0,,False,,,,,
9.651152229125035,92.99229021828353,True,8.615395268042883,11,0,0,1.36875,1.065,2.2230402219219583,3.3416704411110287,2.7681240540821888,-5.784791265565893,-70.07137550602887,127.83439456779193,1.125,1.065,506,1,2,19.097572100592025,0.3086956215083496,RNG-d8bdc149125e,extreme,selection,50301,NTSC,8,3,1000000.0,,False,,,,,
8.922760965532476,96.86273592257227,True,8.350468288541608,1,0,1,0.74375,0.5624999999999994,1.40415754665977,2.300998427234939,1.5828000601627092,-1.6118097296073037,-67.2317151047163,136.10400320678593,0.7199999999999989,0.5624999999999994,506,1,2,24.672521423976804,0.3990370190732678,RNG-781a9bc90fe8,extreme,selection,50301,NTSC,8,3,1000000.0,,False,,,,,
10.575004475791419,98.28812875236581,True,5.537124398269545,0,0,2,0.81875,0.6999999999999996,1.4182886649600461,-0.994038524717411,0.8246769333117437,-2.2675413354079823,-65.95392683762961,124.92608562837255,0.81875,0.6999999999999996,506,0,2,20.811661733256198,0.3627859231923799,RNG-7702b78c2bb8,extreme,selection,50301,NTSC,8,3,1000000.0,,False,,,,,
11.203766054453585,93.67549415091331,True,1.459356287650489,149,1,0,2.025,1.8874999999999997,3.093803387055988,4.900212328768097,1.6859757207830082,-4.953580093364527,-68.42555609709058,131.69536272832525,1.8299999999999996,1.7,506,7,2,22.52995797828694,0.5186989524436161,OVP56,extreme,selection,50301,NTSC,10,3,1000000.0,,False,,,,,
12.221673946571322,95.34803648918958,True,1.9041626651654138,0,0,2,0.1,0.5012499999999995,0.3880820886228601,1.598554504750893,2.2282626919920507,-2.6492631145839565,-56.02743480153142,114.63280725600364,0.1,0.5012499999999995,506,0,2,23.9786852454886,0.5258404309107685,RANGE32,extreme,selection,50301,NTSC,10,3,1000000.0,,False,,,,,
-6.62200209084701,-82.59892746733918,False,606.4562403851074,506,12,52,2.025,2.025,1000000.0,84.34097518955413,22.952427962633248,-156.23139197991392,-69.44930061567266,124.4398000911772,1000000.0,1000000.0,506,506,2,-6.669012573036422,-0.3378495636693227,PLL96-rejected-board,extreme,selection,50301,NTSC,10,3,1000000.0,,False,,,,,
9.411333613576838,94.88192465940256,True,6.213741882848086,448,11,0,2.025,2.025,3.6062953815945726,15.12511562784843,-1.0941850044998864,-2.5307921240787077,-56.65548505177259,122.85245258501033,1.765,1.15,506,57,2,13.24605603735767,0.3335584128649384,PLL96-IQ-corrected,extreme,selection,50301,NTSC,10,3,1000000.0,,False,,,,,
15.569391854088202,95.6344983027064,True,0.0015052669289845168,0,0,2,0.2375,0.4462499999999995,1.142215122196994,2.2812333379611363,1.8217566562061946,-1.7829134532226554,-61.40895975660832,125.3543819595981,0.2375,0.4462499999999994,506,0,2,26.716681158938353,0.7345254826650677,floating-PLL-IQ40,extreme,selection,50301,NTSC,10,3,1000000.0,,False,,,,,
4.2452584093061105,44.382938890933005,True,95.16297525040116,506,12,0,2.025,2.025,1000000.0,49.201870639671185,27.086090680314886,-25.922167171652596,-19.669926103686265,97.19074972482366,1000000.0,1000000.0,506,506,2,4.524886241581097,0.41644634042721207,HC50,extreme,selection,50301,NTSC,10,3,1000000.0,,False,,,,,
11.185882591911973,98.38216854383506,True,4.410432101924634,3,0,0,1.125,0.95875,2.2296517482533154,1.578918223331604,-2.2076667958940384,-5.974784161685259,-68.02771886201748,112.14605893504137,1.075,0.9587499999999999,506,1,2,17.606598993674034,0.416961398914405,PLL96-board-fixed,extreme,selection,50301,NTSC,10,3,1000000.0,,False,,,,,
12.110629604620689,96.53057038102048,True,4.894375419593157,0,0,2,0.625,0.7174999999999995,0.7333014238775686,1.7625665489157694,-3.179998188737593,-6.707320439065306,-58.350650145008714,120.38743205449993,0.625,0.7174999999999996,506,0,2,17.846406707703643,0.4491878943304416,RNG-7c05594dfa32,extreme,selection,50301,NTSC,10,3,1000000.0,,False,,,,,
12.029043305453529,98.90844798379521,True,5.106618056579974,0,0,2,0.625,0.7174999999999995,0.7331102187838985,1.7669314780037535,-3.1870552762855096,-0.6779745976248736,-58.35065014500873,122.2924524937284,0.625,0.7174999999999996,506,0,2,17.488529748639685,0.44936631906307717,RNG-223df1ec6f88,extreme,selection,50301,NTSC,10,3,1000000.0,,False,,,,,
11.673561516848645,97.88155625851026,True,5.461108418355827,0,0,2,0.6,0.38625,0.7118578515339378,1.5828355432496317,-5.149837556977225,-6.4205824531885165,-59.07018976786295,124.99417531643203,0.6,0.38625,506,0,2,16.5425731188677,0.4301690047646659,RNG-cbbc82c7748e,extreme,selection,50301,NTSC,10,3,1000000.0,,False,,,,,
12.272344654665847,95.2441716662549,True,4.327642420830485,1,0,2,0.775,0.39749999999999996,0.7363350843438357,1.9752832445499866,-2.065731660835934,-7.830136872880285,-57.56163585176211,117.81253890201705,0.7649999999999977,0.39749999999999996,506,1,2,18.578253753518545,0.46232898228958685,RNG-337bea1b3eb8,extreme,selection,50301,NTSC,10,3,1000000.0,,False,,,,,
12.39402977436982,96.78887936849267,True,5.039633678240162,0,0,2,0.625,0.39749999999999996,0.7312418710064704,1.7757396756312773,-1.8434760572197375,-3.5182723974773977,-56.023133828830055,118.37278104799574,0.625,0.39749999999999996,506,0,2,18.49134789680489,0.4530735800654191,RNG-f3b45412e8c5,extreme,selection,50301,NTSC,10,3,1000000.0,,False,,,,,
12.317538960508971,94.83234045839505,True,4.911685989276478,0,0,2,0.625,0.39749999999999996,0.7356835169787007,2.0625880194086657,-2.0165028285440374,-8.585981305403198,-55.33623163766779,119.54445072438949,0.625,0.39749999999999996,506,0,2,18.225104156433627,0.45253516201149996,RNG-9d91a9b83f52,extreme,selection,50301,NTSC,10,3,1000000.0,,False,,,,,
12.051378111365114,96.41889436578481,True,5.196934072319045,0,0,2,0.625,0.39749999999999996,0.7220713986463408,1.8214836362193936,-3.323115483368745,-7.286594209160967,-56.40762880908676,120.87736050256206,0.625,0.39749999999999996,506,0,2,17.568291321898435,0.44013345519413616,RNG-704620aeb523,extreme,selection,50301,NTSC,10,3,1000000.0,,False,,,,,
11.137924083984833,94.14077985238465,True,6.266426225362543,0,0,2,0.275,0.5749999999999993,0.8900838493609917,2.31202341150155,1.5534895818497523,-6.304388025216663,-63.44587264438684,117.1703631938341,0.275,0.5749999999999993,506,0,2,19.596080587601026,0.3714545952014556,RNG-b57735466dee,extreme,selection,50301,NTSC,10,3,1000000.0,,False,,,,,
12.040125787686943,92.65887613210413,True,6.953580578443976,0,0,2,0.275,0.17249999999999996,0.5089162999897497,1.654171391312571,1.961038368596843,-9.164675038627763,-55.416330611701056,119.26488140215321,0.275,0.17249999999999996,506,0,2,18.034814232440993,0.4337844415936384,RNG-1bb4e5330dad,extreme,selection,50301,NTSC,10,3,1000000.0,,False,,,,,
11.040651695689014,96.14088755211804,True,1.4382825506447057,1,0,0,0.94375,0.6837499999999996,1.9249890703045769,3.0534811347037842,2.0532345603873625,-1.7729224868299491,-54.82680901069672,124.72968904957835,0.9199999999999988,0.6837499999999996,506,1,2,25.512494038734385,0.5072885844000546,RNG-fd5a795e2bba,extreme,selection,50301,NTSC,10,3,1000000.0,,False,,,,,
10.642598442534863,97.44292780695412,True,1.9824365454726087,0,0,2,0.15,0.12249999999999997,0.7051117353218124,2.282264902839254,0.8634724843868009,-1.4535349280852328,-54.76303731816572,129.83196055600087,0.15,0.12249999999999997,506,0,2,27.44940317281422,0.5127081978662613,RNG-7d202f1df34a,extreme,selection,50301,NTSC,10,3,1000000.0,,False,,,,,
12.112354118528001,96.41487513751814,True,4.746859260552674,0,0,2,0.36875,0.5349999999999995,1.1636307667232,2.1612051731712163,1.9990608117112507,0.20966559625234424,-63.91642369585965,124.86283643839971,0.36875,0.5349999999999995,506,0,2,21.646057128352,0.4481039058469968,RNG-cd5662dc4ba4,extreme,selection,50301,NTSC,10,3,1000000.0,,False,,,,,
10.866428309352507,92.37236776945743,True,6.501247866284128,1,0,1,0.46875,0.18624999999999997,1.3624163158967901,2.6000534651313494,2.438451226949922,-6.60027928526281,-57.71029538570359,117.52222734012605,0.45,0.18624999999999997,506,1,2,18.8464413756571,0.34657606560021437,RNG-cc2a068a5ca6,extreme,selection,50301,NTSC,10,3,1000000.0,,False,,,,,
10.055605137215178,93.50583621946222,True,6.9317542079737,1,0,2,1.05,0.6337499999999996,1.9774636845622162,3.120190875533855,2.4847291233998696,-5.101421162911799,-63.38518968330124,124.17679118103206,1.05,0.6337499999999996,506,1,2,20.080707009372965,0.33221127705424647,RNG-d8bdc149125e,extreme,selection,50301,NTSC,10,3,1000000.0,,False,,,,,
9.944374360028768,96.82613452827819,True,3.611887996098348,0,0,2,0.2,0.15,0.7034139996763723,2.314386555365241,1.682612592236838,-1.5066072789771068,-60.85307643389589,131.65356255044094,0.2,0.15,506,0,2,25.76949366853516,0.4456326344459888,RNG-781a9bc90fe8,extreme,selection,50301,NTSC,10,3,1000000.0,,False,,,,,
11.120539668631963,99.0046552582401,True,4.807822571176547,0,0,2,0.15,0.49374999999999936,0.8001088426452062,-0.6553396493086998,-0.0770790563449887,-1.881191594955133,-64.37839271862387,123.51791199241302,0.15,0.49374999999999936,506,0,2,21.01939683305737,0.39210567145380487,RNG-7702b78c2bb8,extreme,selection,50301,NTSC,10,3,1000000.0,,False,,,,,
12.526937762248265,95.26331303557758,True,0.7217754924480758,26,1,0,2.00625,1.7774999999999996,2.645782807916528,3.0293237085230538,1.4046700910389844,-3.6106011523425363,-68.71811890702324,129.08816274115236,1.55,1.375,506,1,2,24.697097464998173,0.5820004651685778,OVP56,extreme,selection,50301,NTSC,12,3,1000000.0,,False,,,,,
13.326080976150752,95.63415063767306,True,1.4269930486773221,0,0,2,0.075,0.09749999999999996,0.04409274271889092,1.350693001493693,2.171848421958776,-2.390158169727122,-53.840636569153006,113.1636785170426,0.075,0.09749999999999996,506,0,2,24.440322061110678,0.5857683260263086,RANGE32,extreme,selection,50301,NTSC,12,3,1000000.0,,True,,,,,
-6.624301014134168,-82.48400502373471,False,607.1682316425172,506,12,52,2.025,2.025,1000000.0,83.74224610987011,23.02000739026538,-156.25696031376825,-69.23819037960526,78.10152335823435,1000000.0,1000000.0,506,506,2,-6.672744165762097,-0.34503112700731303,PLL96-rejected-board,extreme,selection,50301,NTSC,12,3,1000000.0,,False,,,,,
9.310049294841988,95.64167625798179,True,6.271694659613989,444,11,0,2.025,2.025,3.625112623389522,15.64933806916625,-1.2191882052685274,-2.2597467253114654,-54.91271533773433,122.82726324711376,1.7474999999999998,1.15,506,28,2,12.74763977082742,0.3433814487141701,PLL96-IQ-corrected,extreme,selection,50301,NTSC,12,3,1000000.0,,False,,,,,
17.078166059802065,95.91176039378676,True,0.0,0,0,2,0.05,0.061249999999999985,0.3100745798340917,1.9875626309296468,1.7731832473140954,-1.5499506940649672,-59.62256268369421,123.3559155969298,0.05,0.061249999999999985,506,0,2,27.444898292806176,0.7956723532596848,floating-PLL-IQ40,extreme,selection,50301,NTSC,12,3,1000000.0,,True,,,,,
4.3028405897973245,44.435883067613524,True,94.8468691953144,506,12,0,2.025,2.025,1000000.0,49.10948743886245,27.05502845879281,-25.84503977426745,-8.790040360418615,92.73121309639379,1000000.0,1000000.0,506,506,2,4.5344114787353895,0.4656614606029989,HC50,extreme,selection,50301,NTSC,12,3,1000000.0,,False,,,,,
11.563957323856364,98.70980876452411,True,4.227542170053016,3,0,0,1.025,0.47999999999999937,2.0501927369028756,2.6863057684794405,-2.0598079995453458,-4.734865702129934,-61.486843015046865,112.14518218826257,1.025,0.47999999999999937,506,1,2,17.744591466009673,0.44172762459868686,PLL96-board-fixed,extreme,selection,50301,NTSC,12,3,1000000.0,,False,,,,,
12.321410709868255,96.97404621736139,True,4.826638407788853,0,0,2,0.69375,0.39749999999999996,0.6534994352390119,1.7856768088028554,-3.9565172242815607,-6.901268109161987,-58.58157378500305,120.24476761264427,0.69375,0.39749999999999996,506,0,2,17.48285029953658,0.4780945704488969,RNG-7c05594dfa32,extreme,selection,50301,NTSC,12,3,1000000.0,,False,,,,,
12.228400318979585,99.1086037297388,True,5.044149479027116,0,0,2,0.69375,0.39749999999999996,0.6536912520176684,1.7903273341542418,-3.9630124532528392,-1.4682741147834886,-58.581574765457624,122.49912944633488,0.69375,0.39749999999999996,506,0,2,17.151477850658196,0.4777689874761857,RNG-223df1ec6f88,extreme,selection,50301,NTSC,12,3,1000000.0,,False,,,,,
11.796354833588701,98.24904596935161,True,5.397887207338478,0,0,2,0.6625000000000001,0.38625,0.6292140542668738,1.6610579200500772,-5.989964023914733,-6.770738970454606,-62.494061216730245,123.86922041872936,0.6625,0.38625,506,0,2,16.098563913051112,0.4572236616860217,RNG-cbbc82c7748e,extreme,selection,50301,NTSC,12,3,1000000.0,,False,,,,,
12.565716034505709,95.78000037541928,True,4.172599927145081,0,0,2,0.775,0.39749999999999996,0.6733134764353133,1.929881234184639,-2.8845762866780964,-7.9772684390537325,-55.814269356754615,117.70536712483417,0.775,0.39749999999999996,506,0,2,18.306932541484628,0.4938618328760777,RNG-337bea1b3eb8,extreme,selection,50301,NTSC,12,3,1000000.0,,False,,,,,
12.60008922349279,97.08847542778165,True,4.971896666435859,0,0,2,0.675,0.39749999999999996,0.6644468560433775,1.6950349598716048,-2.588067810349202,-4.140085148733893,-54.34312368241852,118.42662477878594,0.675,0.39749999999999996,506,0,2,18.18762951889579,0.4794511032988529,RNG-f3b45412e8c5,extreme,selection,50301,NTSC,12,3,1000000.0,,False,,,,,
12.534250040619387,95.30980996613972,True,4.832659475504792,0,0,2,0.675,0.39749999999999996,0.6561712968051773,2.0162957081870228,-2.770817532352211,-8.751027189914783,-54.40985463502021,118.9827099608562,0.675,0.39749999999999996,506,0,2,17.96608139284393,0.4794280389331434,RNG-9d91a9b83f52,extreme,selection,50301,NTSC,12,3,1000000.0,,False,,,,,
12.22544862996842,96.8312955328691,True,5.134465494766187,0,0,2,0.675,0.39749999999999996,0.6610642395817179,1.8545320648314714,-4.073162319530521,-7.5121107882309,-58.368912878917705,120.47173215640731,0.675,0.39749999999999996,506,0,2,17.20821984742618,0.46682482885425675,RNG-704620aeb523,extreme,selection,50301,NTSC,12,3,1000000.0,,False,,,,,
11.479416162955271,94.86589310425668,True,5.404660908518908,0,0,2,0.225,0.19749999999999995,0.3823957787692659,2.021259855511737,0.9695372415931796,-5.708178119467419,-57.622195206697796,117.36313596200696,0.225,0.19749999999999995,506,0,2,20.507444396780052,0.3935124906478797,RNG-b57735466dee,extreme,selection,50301,NTSC,12,3,1000000.0,,True,,,,,
12.518284469602639,93.2742669065279,True,5.622924613221662,0,0,2,0.25,0.17249999999999996,0.22370620555353854,1.4240397938583473,1.5889308167898486,-8.677456780563915,-55.45173355856011,119.46346616581607,0.25,0.17249999999999996,506,0,2,18.57758657617563,0.4693238514130322,RNG-1bb4e5330dad,extreme,selection,50301,NTSC,12,3,1000000.0,,True,,,,,
11.81721780689979,96.37909984430785,True,0.7375807952024132,0,0,1,0.9,0.10874999999999994,1.6051820572006446,2.825999022216949,2.0204402787645783,-1.5611626693997918,-52.27888862120801,124.93481264384738,0.9,0.10874999999999994,506,0,2,26.251772726187717,0.5443512065916095,RNG-fd5a795e2bba,extreme,selection,50301,NTSC,12,3,1000000.0,,False,,,,,
11.588563871047707,97.71798987130289,True,0.7722019345690572,0,0,2,0.1,0.11124999999999999,0.2608774908216332,1.9884617179882829,0.8117368347789558,-1.2680472958715225,-55.500252605424954,126.03314295490759,0.1,0.11124999999999999,506,0,2,28.282701109868015,0.5599565023638333,RNG-7d202f1df34a,extreme,selection,50301,NTSC,12,3,1000000.0,,True,,,,,
12.53679419512138,97.01470052003027,True,4.542895591675272,1,0,2,0.175,0.5212499999999994,0.8655622564564494,2.2288431518690963,1.7846277504751717,1.035816449203308,-62.592888381509006,126.7258013513285,0.175,0.5212499999999994,506,1,2,21.778188624397,0.47328896058540704,RNG-cd5662dc4ba4,extreme,selection,50301,NTSC,12,3,1000000.0,,False,,,,,
11.129113654005383,92.87824873589209,True,6.015046648222129,0,0,2,0.225,0.18624999999999997,0.8464585606287292,2.2776255063146387,2.2078430275532557,-6.089397596873376,-56.18657465064465,117.71600460696894,0.225,0.18624999999999997,506,0,2,19.311223323356646,0.3612583269702965,RNG-cc2a068a5ca6,extreme,selection,50301,NTSC,12,3,1000000.0,,False,,,,,
10.292954520944024,94.07618980759064,True,6.1392311698633515,0,0,2,0.94375,0.21999999999999992,1.7748510765338927,2.8700025691405027,2.160934756440266,-4.5279909853291205,-62.883623582123455,123.82036295454029,0.94375,0.21999999999999992,506,0,2,20.80254973592961,0.3474321518366094,RNG-d8bdc149125e,extreme,selection,50301,NTSC,12,3,1000000.0,,False,,,,,
10.631912120950327,96.98515043218012,True,2.0403893222385125,0,0,2,0.15,0.15,0.24366225490708068,2.2644032077669713,1.6393546381456738,-1.309846224127255,-58.2843088394056,125.55286023157458,0.15,0.15,506,0,2,26.298554212257358,0.4790579278504721,RNG-781a9bc90fe8,extreme,selection,50301,NTSC,12,3,1000000.0,,True,,,,,
11.451129781180907,99.75363221374525,True,4.527842922385426,0,0,2,0.125,0.49374999999999936,0.40391641261459854,-0.364845180196053,-0.9334498513480951,-1.536674114028999,-63.55566841807336,121.88482596008768,0.125,0.49374999999999936,506,0,2,20.783885565953657,0.4145643689688707,RNG-7702b78c2bb8,extreme,selection,50301,NTSC,12,3,1000000.0,,True,,,,,
13.60761071366097,96.20650167770282,True,0.5599592975822403,3,0,1,1.0,0.5512499999999995,1.9523743637078463,1.861096184240366,1.2698295314674892,-2.729102872771648,-66.5515346412131,126.80843943409768,0.9974999999999994,0.5512499999999995,506,1,2,26.142747432657213,0.6332974266037318,OVP56,extreme,selection,50301,NTSC,14,3,1000000.0,,False,,,,,
14.20530321290937,95.65790067161107,True,1.2252872801933967,0,0,2,0.075,0.08374999999999995,0.042856848766165814,1.33245287989951,2.1092618319035576,-2.503097624242856,-50.844053988441466,110.16036178339236,0.075,0.08374999999999995,506,0,2,24.659666021391004,0.6339941350906338,RANGE32,extreme,selection,50301,NTSC,14,3,1000000.0,,True,,,,,
-6.622157501374232,-82.29276686947642,False,608.0887023695913,506,12,52,2.025,2.025,1000000.0,83.36364447738325,22.90906903463956,-156.20536826971681,-69.37899145661221,78.14602380360897,1000000.0,1000000.0,506,506,2,-6.671281441914639,-0.34970956965198713,PLL96-rejected-board,extreme,selection,50301,NTSC,14,3,1000000.0,,False,,,,,
9.192394919371269,96.24975261980312,True,6.363515942282045,449,11,0,2.025,2.025,3.6455016139817937,15.942516747827542,-1.236733295340345,-2.07438392933081,-55.06432363498648,120.90385738705503,1.75,1.15,506,30,2,12.352565306900969,0.34975961007235556,PLL96-IQ-corrected,extreme,selection,50301,NTSC,14,3,1000000.0,,False,,,,,
18.386981573879734,96.04865818407532,True,0.0,0,0,2,0.025,0.036249999999999984,0.04128614119223852,1.8383602352307675,1.7459627214846796,-1.4439657811310367,-58.0814000039705,118.83028694570775,0.025,0.036249999999999984,506,0,2,27.879288116764556,0.8423931218779784,floating-PLL-IQ40,extreme,selection,50301,NTSC,14,3,1000000.0,,True,,,,,
4.336485655325702,44.44468651121096,True,94.85665343035281,506,12,0,2.025,2.025,1000000.0,49.04303994373301,27.03459061103331,-25.822830276674583,-6.571192414936753,88.38505718464135,1000000.0,1000000.0,506,506,2,4.5384462043597775,0.5053385914573236,HC50,extreme,selection,50301,NTSC,14,3,1000000.0,,False,,,,,
11.806695990858367,98.56846682641586,True,4.1033576484117935,7,0,0,1.1625,0.061249999999999985,2.1322709510795375,3.740863020844219,-1.7558542619713384,-3.9476972200633806,-60.800032333381935,112.1238037650211,1.025,0.061249999999999985,506,1,2,17.808876230587735,0.45899157672933755,PLL96-board-fixed,extreme,selection,50301,NTSC,14,3,1000000.0,,False,,,,,
12.425916688375887,97.0767928354218,True,4.759654029449043,0,0,2,0.725,0.39749999999999996,0.7647043397763134,1.9174625711534197,-4.418843676996034,-7.066385503649819,-55.50196055544865,121.28921870078746,0.725,0.39749999999999996,506,0,2,17.19668713917183,0.497261911023806,RNG-7c05594dfa32,extreme,selection,50301,NTSC,14,3,1000000.0,,False,,,,,
12.321132739169094,99.2129448036977,True,4.972649299900351,0,0,2,0.725,0.39749999999999996,0.7648601941536705,1.9223822783753146,-4.424197190647206,-1.62015407674312,-55.50196055544866,122.19366791223693,0.725,0.39749999999999996,506,0,2,16.871843064346823,0.49665781074304977,RNG-223df1ec6f88,extreme,selection,50301,NTSC,14,3,1000000.0,,False,,,,,
11.839488008674978,98.29279967072,True,5.370792402616756,0,0,2,0.725,0.38625,0.7485319954560018,1.8415484471495986,-6.480628577430113,-7.036206449024587,-55.50026142024393,123.98204117237243,0.725,0.38625,506,0,2,15.777316545134179,0.4747967722066176,RNG-cbbc82c7748e,extreme,selection,50301,NTSC,14,3,1000000.0,,False,,,,,
12.729838330440392,95.96160137323187,True,4.036373270071982,0,0,2,0.8625,0.39749999999999996,0.7291629493599957,2.0056440636391204,-3.3869573454836965,-8.103780582250621,-54.311776073566634,118.84474217751169,0.8625,0.39749999999999996,506,0,2,18.064011357245775,0.5154755347515741,RNG-337bea1b3eb8,extreme,selection,50301,NTSC,14,3,1000000.0,,False,,,,,
12.710693763881444,97.25524852199534,True,4.912438622740971,0,0,2,0.775,0.39749999999999996,0.7722306442923575,1.7501084437589953,-3.0463003199864502,-4.241975265560784,-52.927687968917304,118.52931658966462,0.775,0.39749999999999996,506,0,2,17.947340609807082,0.4973265251125619,RNG-f3b45412e8c5,extreme,selection,50301,NTSC,14,3,1000000.0,,False,,,,,
12.648294273694487,95.45579088099896,True,4.783738300312795,0,0,2,0.775,0.39749999999999996,0.7376871371068934,2.088002347381425,-3.226712749345771,-8.889149982589299,-52.57546451185475,119.65437213142964,0.775,0.39749999999999996,506,0,2,17.742060995585366,0.4976113152177169,RNG-9d91a9b83f52,extreme,selection,50301,NTSC,14,3,1000000.0,,False,,,,,
12.307786499067674,96.9145222726821,True,5.084791686109698,0,0,2,0.75,0.39749999999999996,0.7844902173932896,1.9983932057515696,-4.517003816550787,-7.6884879946051825,-53.805588543579816,120.98045906323894,0.75,0.39749999999999996,506,0,2,16.930055975745123,0.4845425342952146,RNG-704620aeb523,extreme,selection,50301,NTSC,14,3,1000000.0,,False,,,,,
11.64084440910904,95.32032804504281,True,4.956091363681522,0,0,2,0.175,0.14749999999999996,0.1436742582723801,1.8217176456621227,0.5267274025711318,-5.482007744527931,-55.99168326935667,117.10524901277863,0.175,0.14749999999999996,506,0,2,20.86230824772275,0.4051039960888054,RNG-b57735466dee,extreme,selection,50301,NTSC,14,3,1000000.0,,True,,,,,
12.808432344370164,93.59640769874572,True,4.905664921560541,0,0,2,0.225,0.21125,0.0846260082056464,1.369124512950185,1.3990209154549766,-8.42828260180709,-55.520732165498075,119.56964582455036,0.225,0.21125,506,0,2,18.853696335624054,0.49236073422934123,RNG-1bb4e5330dad,extreme,selection,50301,NTSC,14,3,1000000.0,,True,,,,,
12.35511599670228,96.48925737380388,True,0.5434013613634106,0,0,1,0.4,0.09749999999999996,1.1980133217006945,2.6854170389473717,2.0206135557194447,-1.4747372247120827,-52.155090994687065,123.16610878614328,0.4,0.09749999999999996,506,0,2,26.651162887214255,0.5704902153936123,RNG-fd5a795e2bba,extreme,selection,50301,NTSC,14,3,1000000.0,,False,,,,,
12.241225526805328,97.83138911783462,True,0.40115363657437375,0,0,2,0.075,0.07249999999999997,0.09031674609122015,1.8261208489185197,0.8188031790434654,-1.1748576296626314,-52.31541603994779,124.8125340885713,0.075,0.07249999999999997,506,0,2,28.808612720805375,0.5913961099026559,RNG-7d202f1df34a,extreme,selection,50301,NTSC,14,3,1000000.0,,True,,,,,
12.785265773173577,97.45808894147763,True,4.375810962557991,0,0,2,0.175,0.15,0.7735498992568716,2.3198468308696256,1.6418313825043789,1.465225625147755,-63.92586400277501,126.23776654765665,0.175,0.15,506,0,2,21.720916857437903,0.4905772244633645,RNG-cd5662dc4ba4,extreme,selection,50301,NTSC,14,3,1000000.0,,False,,,,,
11.317599410219017,93.17908356051286,True,5.659051019517291,0,0,2,0.175,0.5799999999999993,0.4214086226843576,2.084216437588943,2.0717503885700883,-5.789128652615031,-57.66685440807274,117.11437621573613,0.175,0.5799999999999994,506,0,2,19.685228280099093,0.37118834216092755,RNG-cc2a068a5ca6,extreme,selection,50301,NTSC,14,3,1000000.0,,False,,,,,
10.4647197740802,94.44616212594248,True,5.617656178970217,0,0,1,0.325,0.175,1.6187165687789586,2.7300021325942554,1.873459592081729,-4.183774036729539,-63.04936108588997,124.01982587871005,0.325,0.175,506,0,2,21.367268694904897,0.3590478687731183,RNG-d8bdc149125e,extreme,selection,50301,NTSC,14,3,1000000.0,,False,,,,,
11.11006443638384,97.03197225176977,True,1.4608615545794736,0,0,2,0.14375,0.10874999999999994,0.052140449578167616,2.283684668741792,1.618892022750256,-1.1989962530764418,-56.47687233182876,123.97854550181152,0.14375,0.10874999999999994,506,0,2,26.61562237298135,0.5017175943565578,RNG-781a9bc90fe8,extreme,selection,50301,NTSC,14,3,1000000.0,,True,,,,,
11.670895696594672,100.2587575772634,True,4.381079396809437,0,0,2,0.1,0.1,0.1452645127211959,-0.02912297583912792,-1.5321365769228015,-1.3154612251374582,-63.721901433427504,121.7965565296834,0.1,0.1,506,0,2,20.42821761395688,0.4326323715997355,RNG-7702b78c2bb8,extreme,selection,50301,NTSC,14,3,1000000.0,,True,,,,,
15.033042074447568,97.08268482680552,True,0.465880114520708,0,0,2,0.05,0.2074999999999998,0.5527442317842413,0.690913980952474,1.1570885122581622,-1.8732031281950596,-60.74712199799438,124.92337263336937,0.05,0.20749999999999974,506,0,2,27.417492572388014,0.6993733353454417,OVP56,extreme,selection,50301,NTSC,18,3,1000000.0,,False,,,,,
15.344573840530309,95.53515845620332,True,1.0898132565847902,0,0,2,0.05,0.061249999999999985,0.041628770645486826,1.4027905843891202,2.02380287294504,-2.952328873533198,-50.95974884927822,107.9420356677491,0.05,0.061249999999999985,506,0,2,24.8518945037543,0.69602935294322,RANGE32,extreme,selection,50301,NTSC,18,3,1000000.0,,True,,,,,
-6.625180929475809,-82.33106775153823,False,609.2560368730186,506,12,53,2.025,2.025,1000000.0,83.5863733089405,22.728642337918814,-156.09457279717685,-67.87551166821581,75.58560888964011,1000000.0,1000000.0,506,506,2,-6.6745812883234255,-0.35389098589078566,PLL96-rejected-board,extreme,selection,50301,NTSC,18,3,1000000.0,,False,,,,,
9.028373179944184,97.35436486233077,True,6.486195196994283,486,12,0,2.025,2.025,3.672558712941156,15.573977174482765,-1.1083735204072807,-1.9008584249127225,-55.05481473089442,117.83267997596415,1.7625,1000000.0,506,89,2,11.899686341510767,0.35689667670416714,PLL96-IQ-corrected,extreme,selection,50301,NTSC,18,3,1000000.0,,False,,,,,
20.2826005021822,96.16986651770804,True,0.0,0,0,2,0.025,0.025,0.0209990118344582,1.7103859860332042,1.7107849368272914,-1.3520590728900679,-50.57613417315998,115.16010140112611,0.025,0.025,506,0,2,28.32008012604714,0.8985335551605326,floating-PLL-IQ40,extreme,selection,50301,NTSC,18,3,1000000.0,,True,,,,,
4.367381361535811,44.428001801189914,True,94.84009549413398,506,12,0,2.025,2.025,1000000.0,48.96971291356903,27.02988539296745,-25.817446184640655,-1.305324687790467,86.64665058502958,1000000.0,1000000.0,506,506,2,4.539488944407295,0.556959515361437,HC50,extreme,selection,50301,NTSC,18,3,1000000.0,,False,,,,,
12.001158867702319,97.83673959257129,True,3.9693888917321707,16,0,0,1.825,0.061249999999999985,2.524414207660212,5.1016589280649445,-1.1307060636420474,-3.1729069288527856,-59.918575056908566,111.36585212152663,1.525,0.061249999999999985,506,2,2,17.710637792012548,0.47625303974885663,PLL96-board-fixed,extreme,selection,50301,NTSC,18,3,1000000.0,,False,,,,,
12.48244574463386,97.31016247866066,True,4.700948619218646,0,0,2,0.7125,0.5037499999999999,0.6974004171903206,1.9257017408023303,-5.021569886787443,-7.189064013752024,-52.46053219602297,120.50304113570358,0.7125,0.5037499999999999,506,0,2,16.79757334849136,0.5179318021101501,RNG-7c05594dfa32,extreme,selection,50301,NTSC,18,3,1000000.0,,False,,,,,
12.353901570810917,99.75819213946443,True,4.944801861714138,0,0,2,0.7125,0.5037499999999999,0.6974367241475912,1.9314883041996291,-5.02540762495908,-0.9784124720385597,-52.46053219602297,120.96178865398717,0.7125,0.5037499999999999,506,0,2,16.46062972170752,0.517048614800037,RNG-223df1ec6f88,extreme,selection,50301,NTSC,18,3,1000000.0,,False,,,,,
11.82990247134472,98.4938010167258,True,5.356492366791403,0,0,2,0.675,0.4899999999999999,0.7111573751659785,1.872836923936111,-7.1425469386739495,-7.234379145822565,-52.63718346922664,123.93764684846771,0.675,0.4899999999999999,506,0,2,15.357678479391998,0.4940550119804924,RNG-cbbc82c7748e,extreme,selection,50301,NTSC,18,3,1000000.0,,False,,,,,
12.851550262691847,96.26927165911135,True,3.9776678598415858,0,0,2,0.775,0.5149999999999999,0.6231781748018836,1.9959015710861918,-4.028056040127608,-8.17578448602033,-52.97480193755419,117.89821313878151,0.775,0.5149999999999999,506,0,2,17.703432635125335,0.5387056078443225,RNG-337bea1b3eb8,extreme,selection,50301,NTSC,18,3,1000000.0,,False,,,,,
12.782217034217304,97.7995689930626,True,4.8785701168388185,0,0,2,0.7125,0.5149999999999999,0.6971772207086938,1.7156838405280728,-3.6382458877143073,-3.692813858926843,-51.188043142315635,118.61756811557676,0.7125,0.5149999999999999,506,0,2,17.622889521518985,0.516027887532902,RNG-f3b45412e8c5,extreme,selection,50301,NTSC,18,3,1000000.0,,False,,,,,
12.713363874458182,95.72085227582892,True,4.729548690869352,0,0,2,0.725,0.5149999999999999,0.6835328406658854,2.0722125774953533,-3.815817479580374,-9.003300652978279,-51.451843212117026,119.66925516803563,0.725,0.5149999999999999,506,0,2,17.404616255171074,0.5162672958115987,RNG-9d91a9b83f52,extreme,selection,50301,NTSC,18,3,1000000.0,,False,,,,,
12.340128706682357,97.12852578906097,True,5.0516758136720386,0,0,2,0.7125,0.5037499999999999,0.6972418841831638,2.02197164488401,-5.1017537722887605,-7.815669714258994,-52.10437245532607,121.01423039706246,0.7125,0.5037499999999999,506,0,2,16.545401333039454,0.503210672161761,RNG-704620aeb523,extreme,selection,50301,NTSC,18,3,1000000.0,,False,,,,,
11.754881095580888,95.7655196687541,True,4.584290432222346,0,0,2,0.175,0.125,0.0633977032289306,1.611069496473262,0.02995973224169058,-5.3037409557402215,-55.705221167289466,114.86866028695347,0.175,0.125,506,0,2,21.187904240056703,0.41482337417856585,RNG-b57735466dee,extreme,selection,50301,NTSC,18,3,1000000.0,,True,,,,,
13.004692559999484,93.66630164130903,True,4.5692377629325005,0,0,2,0.225,0.18374999999999994,0.08142748174055671,1.472921853433777,1.268599677094859,-8.28719749043,-55.48285673482945,115.54699188984164,0.225,0.18374999999999994,506,0,2,18.914316733281286,0.5100903444524925,RNG-1bb4e5330dad,extreme,selection,50301,NTSC,18,3,1000000.0,,True,,,,,
12.931272533512164,96.57012058891605,True,0.4734064491656305,0,0,2,0.075,0.08624999999999998,0.5514735022785909,2.540127509953086,2.0459277505933997,-1.4073124221378925,-49.8199142345794,119.8487736005908,0.075,0.08624999999999998,506,0,2,27.065993845704597,0.5985601721492391,RNG-fd5a795e2bba,extreme,selection,50301,NTSC,18,3,1000000.0,,False,,,,,
12.812030785000992,97.84511567295257,True,0.2604111787143214,0,0,2,0.075,0.07249999999999997,0.039293413341370716,1.6858358838067955,0.8850825359479481,-1.1016904304273498,-48.3359982631155,124.9126131648754,0.075,0.07249999999999997,506,0,2,29.25878699576797,0.6186193948763219,RNG-7d202f1df34a,extreme,selection,50301,NTSC,18,3,1000000.0,,True,,,,,
12.828078159443184,97.98275025932428,True,4.42548477121448,0,0,2,0.15,0.15,0.8148707431631357,2.533337184069173,1.4640609559376816,1.138491794390943,-62.0310056233816,127.49506835312211,0.15,0.15,506,0,2,20.716600091658343,0.5000793815198485,RNG-cd5662dc4ba4,extreme,selection,50301,NTSC,18,3,1000000.0,,False,,,,,
11.495757913371094,93.43270170997117,True,5.430250446311644,0,0,2,0.175,0.13624999999999998,0.07144921356164163,1.982200919290228,1.9567138042976904,-5.444390889783057,-56.483430639024874,117.17491953208743,0.175,0.13624999999999998,506,0,2,19.995642775080753,0.38165455833281503,RNG-cc2a068a5ca6,extreme,selection,50301,NTSC,18,3,1000000.0,,True,,,,,
10.71079365713771,94.8391858536088,True,4.846206877865652,0,0,2,0.275,0.175,1.0117247434563112,2.639469618202358,1.479636587118072,-3.875900120299757,-58.96892411219982,124.03733960218041,0.275,0.175,506,0,2,22.138918046610474,0.37296380987439287,RNG-d8bdc149125e,extreme,selection,50301,NTSC,18,3,1000000.0,,False,,,,,
11.625732870346507,97.0331115122915,True,1.048418416037716,0,0,2,0.1,0.15,0.048964070880127504,2.369686437638609,1.6147164695645755,-1.0790835402400727,-52.99008459003486,122.5039717321687,0.1,0.15,506,0,2,26.9477704567337,0.5261788228288758,RNG-781a9bc90fe8,extreme,selection,50301,NTSC,18,3,1000000.0,,True,,,,,
11.896720508030043,100.61625549154502,True,4.271947544458058,0,0,2,0.1,0.1,0.04275585622001645,0.779472713902844,-2.1249221333854202,-1.233384234806146,-63.86594443351361,123.5439597926747,0.1,0.1,506,0,2,19.873630538065598,0.45426820653428124,RNG-7702b78c2bb8,extreme,selection,50301,NTSC,18,3,1000000.0,,True,,,,,
15.69869337676648,97.3693267472427,True,0.3921220350004666,0,0,2,0.05,0.036249999999999984,0.0855766882113195,0.32777889735549126,1.0834172980323313,-1.5933415550460874,-59.10972419881543,123.77882137311029,0.05,0.036249999999999984,506,0,2,27.775733368719667,0.7289105476810865,OVP56,extreme,selection,50301,NTSC,22,3,1000000.0,,True,0.886320813030878,-48.39969668370254,10.203169225790472,21.959212887426766,11.662974905021098
15.880055431193522,95.51141728357365,True,0.958102400298645,0,0,2,0.05,0.061249999999999985,0.0398087076100321,1.3876829504102195,1.954143257513564,-3.1686088439996545,-49.215209176778856,106.60943966659885,0.05,0.061249999999999985,506,0,2,24.97595428626465,0.72430216907112,RANGE32,extreme,selection,50301,NTSC,22,3,1000000.0,,True,0.8544744772540016,-49.44926803228967,9.914753294772247,20.572415385317445,11.580361547763195
-6.634030307339457,-82.58683599986885,False,610.2306972095362,506,12,53,2.025,2.025,1000000.0,84.23037801056493,22.516133937638486,-156.1130419749442,-67.11679101514706,75.02628101524529,1000000.0,1000000.0,506,506,2,-6.682917072272994,-0.35590423696697093,PLL96-rejected-board,extreme,selection,50301,NTSC,22,3,1000000.0,contrast;waveform;detail_floor;sync;h_jitter_us;v_jitter_us;h_width_rmse_us;sync_error_ire;black_error_ire;white_error_ire,False,0.44403530992405604,81.33521664059192,36.00635543419184,35.97067276695082,29.279718964407454
8.944820460922857,98.18961532626868,True,6.687900965478208,498,12,0,2.025,2.025,3.6750637749568376,14.75911036050474,-1.035292050684402,-1.8187774543974211,-53.438813439697164,110.55372625826375,1.5299999999999998,1000000.0,506,131,2,11.719772385000027,0.35984848435014466,PLL96-IQ-corrected,extreme,selection,50301,NTSC,22,3,1000000.0,sync;h_jitter_us;v_jitter_us;h_width_rmse_us,False,0.5052021684081898,-97.012728621321,37.266534789190715,33.70934142748706,18.13995552008243
21.2682416579057,96.21898667073056,True,0.0,0,0,2,0.025,0.025,0.020402326845520895,1.6940251792568233,1.6962786640776706,-1.2955392292611991,-49.49449231998755,113.0583632022806,0.025,0.025,506,0,2,28.506106364707925,0.9223310982533265,floating-PLL-IQ40,extreme,selection,50301,NTSC,22,3,1000000.0,,True,0.5962571465216142,4.9061122826863715,7.663249442134794,19.20976762607654,6.242925351459014
4.3792885049130605,44.42405728950743,True,94.79418485279994,506,12,0,2.025,2.025,1000000.0,48.9351971862052,27.039305594114975,-25.78664825999734,0.683594111191212,85.46987556337994,1000000.0,1000000.0,506,506,2,4.539746441372319,0.5817044023879102,HC50,extreme,selection,50301,NTSC,22,3,1000000.0,contrast;waveform;sync;h_jitter_us;v_jitter_us;h_width_rmse_us;sync_error_ire;black_error_ire;white_error_ire,False,0.44155208405371027,80.62291925641881,9.515673885722963,19.319630826415217,30.81995085015991
12.004291477530716,97.21489917974276,True,3.833162234659072,6,0,0,1.3125,0.2774999999999997,2.0758374815962837,5.68264529962569,-0.8125432090261205,-2.9405218299511913,-58.09404108631067,111.3737350829385,1.2274999999999978,0.2774999999999997,506,1,2,17.39158192170188,0.4838310512171059,PLL96-board-fixed,extreme,selection,50301,NTSC,22,3,1000000.0,sync;h_jitter_us;h_width_rmse_us,False,0.5949881021923893,-86.2120565739864,37.17922023446784,19.904506521639753,16.32271209430458
12.484076543592302,97.48750200533779,True,4.693422284573723,0,0,2,0.5125,0.28249999999999975,0.4270989786330648,1.7863929510612158,-5.326020477543079,-7.224538533083734,-51.16694583334902,120.45574539078432,0.5125,0.28249999999999975,506,0,2,16.5869449605232,0.5276951027474839,RNG-7c05594dfa32,extreme,selection,50301,NTSC,22,3,1000000.0,,False,0.3553508253113463,-80.8851764811041,30.96938296203958,40.065474730295016,15.903522176418749
12.35423593074482,100.05675842065625,True,4.936522893604723,0,0,2,0.5125,0.28249999999999975,0.42708162617352174,1.7926014650863693,-5.327961374503325,-0.7115260544657098,-50.449469208920874,120.97659733158666,0.5125,0.28249999999999975,506,0,2,16.265657944278715,0.5267936621005724,RNG-223df1ec6f88,extreme,selection,50301,NTSC,22,3,1000000.0,,False,0.3553508253113463,-80.81069470780251,30.932142075388796,40.06547473029476,15.901099437314604
11.798376372818746,98.68169791404819,True,5.376813470332694,0,0,2,0.5125,0.28249999999999975,0.4265216308477539,1.7104308565494744,-7.483583545235687,-7.291211720794395,-51.72979866303352,123.21017761373578,0.5125,0.28249999999999975,506,0,2,15.143376443475852,0.5027771917552543,RNG-cbbc82c7748e,extreme,selection,50301,NTSC,22,3,1000000.0,,False,0.31868337109955924,-83.65334773873356,33.426730602536765,46.20408301784697,16.83516226868538
12.887131317152313,96.46368500609125,True,3.958099389764787,0,0,2,0.525,0.28249999999999975,0.43721405110336226,1.8935963122442308,-4.346825327591517,-8.181348362794793,-51.95053794158229,117.91366578942502,0.525,0.28249999999999975,506,0,2,17.508721080890464,0.5499754386318508,RNG-337bea1b3eb8,extreme,selection,50301,NTSC,22,3,1000000.0,,False,0.3706368324668683,-77.79199681410944,30.598078816087288,39.09879787732333,15.520284345678846
12.798012904428697,98.0849827491881,True,4.879322750303311,0,0,2,0.5125,0.28249999999999975,0.4271900674816079,1.5921988871580166,-3.939957896958521,-3.4765695564683017,-50.627632817976156,118.65268101747814,0.5125,0.28249999999999975,506,0,2,17.453675755686497,0.5247246814808627,RNG-f3b45412e8c5,extreme,selection,50301,NTSC,22,3,1000000.0,,False,0.335341294423415,-81.5105102600292,28.72467698318425,36.454342943268955,15.335012377118707
12.721728069664795,95.9045407196172,True,4.7355697585852905,0,0,2,0.51875,0.3374999999999998,0.4301980998776493,1.950307257234043,-4.1111052656321325,-9.033279562283179,-50.694943565129094,119.04560676470827,0.51875,0.3374999999999998,506,0,2,17.22335863550238,0.5250092799479409,RNG-9d91a9b83f52,extreme,selection,50301,NTSC,22,3,1000000.0,,False,0.33655457439082914,-81.30836526463953,29.483870737598718,35.62180920853804,15.389142729134607
12.330186806833714,97.3082102230546,True,5.068986383355361,0,0,2,0.5125,0.28249999999999975,0.42651873490539244,1.882143260253964,-5.406081261995973,-7.84050195123029,-50.244203792771486,120.40035928912222,0.5125,0.28249999999999975,506,0,2,16.342400721580642,0.5118213059175555,RNG-704620aeb523,extreme,selection,50301,NTSC,22,3,1000000.0,,False,0.35266518524754065,-82.47732139500403,32.35597255988153,41.13761268615819,15.999306028453368
11.783171091802364,95.93377822311739,True,4.54891665939121,0,0,2,0.125,0.125,0.06246540544549724,1.4903912136124184,-0.10729514307002767,-5.238608792806654,-55.86301543885119,114.90183523714346,0.125,0.125,506,0,2,21.304057148531015,0.41734705127847,RNG-b57735466dee,extreme,selection,50301,NTSC,22,3,1000000.0,,True,0.31744050857824435,-81.06766177215565,37.480135699979,50.81650726320913,15.732698848630948
13.030632870568235,93.676625741362,True,4.5692377629325005,0,0,2,0.225,0.225,0.08016626743701248,1.6051759891758728,1.2493808445383476,-8.309129173626221,-55.734252677445575,113.9835194077567,0.225,0.225,506,0,2,18.84420461958268,0.513108494684645,RNG-1bb4e5330dad,extreme,selection,50301,NTSC,22,3,1000000.0,,True,0.17499374450414287,-42.82281733851655,52.19472561098449,172.9110539989518,13.804685523945347
13.132352918198203,96.6023418961104,True,0.4666327479852002,0,0,2,0.075,0.08374999999999995,0.03795019619586107,2.480989898855544,2.052323388792369,-1.3788452320985838,-48.90392162905704,120.38849846142712,0.075,0.08374999999999995,506,0,2,27.269700684679492,0.608437505461964,RNG-fd5a795e2bba,extreme,selection,50301,NTSC,22,3,1000000.0,,True,0.8641409189461252,-34.32162058508749,21.06489150771694,33.18775076502547,11.111548642511314
12.90508158729676,97.80437595270581,True,0.2423479755665072,0,0,2,0.075,0.05,0.03765613083846135,1.6504345492936687,0.9212916476482875,-1.104628570050178,-48.37166250356998,121.7198781956087,0.075,0.05,506,0,2,29.383141713476768,0.622835885268409,RNG-7d202f1df34a,extreme,selection,50301,NTSC,22,3,1000000.0,,True,0.8834561825723682,-37.514809251609634,29.11066477323326,58.26322032167111,11.637960769670698
12.62679371630802,98.54911878306034,True,4.616653671195514,0,0,2,0.15,0.3074999999999998,1.0574633586752362,2.667781594650268,1.3887407058990857,1.1994855358121517,-60.44900149968487,127.57406790559209,0.15,0.3074999999999998,506,0,2,19.66343905394345,0.49630594872734307,RNG-cd5662dc4ba4,extreme,selection,50301,NTSC,22,3,1000000.0,h_width_rmse_us,False,0.5018295234150185,-71.71451309820978,37.929985931423765,35.94366772576284,15.896341759949522
11.58185362287739,93.53297221257688,True,5.3120869923863605,0,0,2,0.16874999999999998,0.13624999999999998,0.06519391870085064,1.9483605767829144,1.8542902625953734,-5.300158679648831,-55.66173544279525,117.21059201613905,0.16875,0.13624999999999998,506,0,2,20.200813602652538,0.3855617538115287,RNG-cc2a068a5ca6,extreme,selection,50301,NTSC,22,3,1000000.0,,True,0.30031296497190385,-99.52708356871355,40.05536724685743,70.3425558208869,17.208792529493703
10.834216381782175,94.99260825902282,True,4.47591121333546,0,0,2,0.275,0.13374999999999995,0.4507829705759356,2.5860156466452855,1.3043073370992864,-3.7705287696415746,-56.20369755250048,124.0752537850844,0.275,0.13374999999999995,506,0,2,22.537664250696633,0.37883135615314906,RNG-d8bdc149125e,extreme,selection,50301,NTSC,22,3,1000000.0,,True,0.45417976700300633,-87.01484848579148,40.95195390813114,62.31243219648992,18.01564946609487
11.806572728333478,97.03110692594426,True,0.9076759581776637,0,0,2,0.075,0.15,0.04915290332359158,2.4189034995326355,1.6124671908839272,-1.0214936722823984,-52.967444428720086,122.5507002702763,0.075,0.15,506,0,2,27.084139113428996,0.5348884526101887,RNG-781a9bc90fe8,extreme,selection,50301,NTSC,22,3,1000000.0,,True,0.8446950588974755,-57.836771797985335,32.3727558014479,60.188103966086125,14.974904402026562
11.993865977307745,100.40310447537294,True,4.226789536588523,0,0,2,0.1,0.1,0.04220339420252166,1.921489998917257,-2.2807993334172325,-1.3173707514659303,-60.82415523134403,121.2104733802798,0.1,0.1,506,0,2,19.596620917565765,0.464652635761981,RNG-7702b78c2bb8,extreme,selection,50301,NTSC,22,3,1000000.0,,True,0.49029743606762616,-74.75552841203566,37.84814447403431,44.20282743896381,14.936107113931397
16.133420299554675,97.43896997430102,True,0.32664292358964014,0,0,2,0.05,0.025,0.020492937181094868,0.19165303442035397,1.0891492026718395,-1.5042666871334796,-54.73182579318859,123.798458977978,0.05,0.025,506,0,2,27.88090723314045,0.7475412741801426,OVP56,extreme,selection,50301,NTSC,30,3,1000000.0,,True,0.8848364622155079,-48.499133811012314,9.588469707883718,21.97531739212175,11.538396009619857
16.224225021598706,95.56398809795884,True,0.9016548904617256,0,0,2,0.05,0.05,0.03862764374978209,1.287727900618074,1.8774083806244104,-3.2595724361712484,-43.08696497480578,103.08365714555724,0.05,0.05,506,0,2,25.104173664105623,0.7415617815625878,RANGE32,extreme,selection,50301,NTSC,30,3,1000000.0,,True,0.8614711615677015,-49.27468491938809,8.842058443143431,19.80108554234623,11.422861038691385
-6.642256070295232,-82.89686339740707,False,610.788398606725,506,12,52,2.025,2.025,1000000.0,84.87908051374299,22.464910378120653,-156.14953131799862,-67.13321632308617,61.112783893686384,1000000.0,1000000.0,506,506,2,-6.69085509673306,-0.356657632995355,PLL96-rejected-board,extreme,selection,50301,NTSC,30,3,1000000.0,contrast;waveform;detail_floor;sync;h_jitter_us;v_jitter_us;h_width_rmse_us;sync_error_ire;black_error_ire;white_error_ire,False,0.4431558454324136,81.4664725893685,39.01800461423114,37.44228478278965,29.310794113608114
8.90708317926032,98.89878070023973,True,6.711232602877469,506,12,0,2.025,2.025,1000000.0,13.939227958515145,-1.01018167475402,-1.7931926169559707,-41.72059937408096,106.86920525578476,1000000.0,1000000.0,506,506,2,11.630261965053592,0.36112321630914485,PLL96-IQ-corrected,extreme,selection,50301,NTSC,30,3,1000000.0,sync;h_jitter_us;v_jitter_us;h_width_rmse_us,False,0.5077788304432186,-96.84547110579602,39.1082139663114,35.41871317578361,18.119954751143254
21.970546615757126,96.23205326701465,True,0.0,0,0,2,0.025,0.025,0.0196938023195718,1.69332710549073,1.6921958285786172,-1.2585183657318595,-45.30610797912482,111.55829502465816,0.025,0.025,506,0,2,28.595913252926394,0.9373343554050171,floating-PLL-IQ40,extreme,selection,50301,NTSC,30,3,1000000.0,,True,0.5956256954211792,4.728087589291881,6.694976965240095,17.804029021860103,6.132753819435156
4.387946674257044,44.43339105599745,True,94.76633741461374,506,12,0,2.025,2.025,1000000.0,48.91515213252923,27.04147401150487,-25.742055496417404,3.5312632752734743,84.09704473911357,1000000.0,1000000.0,506,506,2,4.541304200569971,0.5985476392945305,HC50,extreme,selection,50301,NTSC,30,3,1000000.0,contrast;waveform;sync;h_jitter_us;v_jitter_us;h_width_rmse_us;sync_error_ire;black_error_ire;white_error_ire,False,0.4430139976710064,80.53096660650321,8.51930323467071,20.127233708194396,30.796386398716486
11.91410673853669,96.75635839129237,True,3.758651521674339,0,0,2,0.425,0.075,0.115053905565047,5.76815794320071,-0.6411437512774486,-2.889539964329135,-57.41695554200397,111.18833921378835,0.425,0.075,506,0,2,16.909575343898716,0.48828093740715817,PLL96-board-fixed,extreme,selection,50301,NTSC,30,3,1000000.0,,True,0.5975505295057983,-86.49697171607778,36.37363717065434,16.969332737095538,16.36032847687049
12.434815415240239,97.72948688094249,True,4.637727408201296,0,0,2,0.125,0.3274999999999997,0.09037826743911638,1.4700980045000915,-5.728555064278296,-7.2219670534932625,-50.237673254501146,120.47247617321376,0.125,0.3274999999999997,506,0,2,16.31628555811144,0.5358015524109992,RNG-7c05594dfa32,extreme,selection,50301,NTSC,30,3,1000000.0,,True,0.3486944431785711,-79.38000180240468,27.926101219774715,38.46163014604301,15.865013662542513
12.305763979872573,100.3522282028666,True,4.8778174833743275,0,0,2,0.125,0.3274999999999997,0.09041925841594875,1.476426666107485,-5.728449861105219,-0.6112297237305667,-49.6101497656823,120.89822852113444,0.125,0.3274999999999997,506,0,2,16.014617987142874,0.5349878409548385,RNG-223df1ec6f88,extreme,selection,50301,NTSC,30,3,1000000.0,,True,0.3489742585421026,-79.31375396706412,27.866993858239276,38.175744734391145,15.862517500396903
11.72822985616855,98.95849319144669,True,5.3226238608892515,0,0,2,0.125,0.3274999999999997,0.08971986485833351,1.3241145264188496,-7.928681334789837,-7.292613559987949,-49.436856881796,123.0913965135352,0.125,0.3274999999999997,506,0,2,14.877801907627106,0.511357870855401,RNG-cbbc82c7748e,extreme,selection,50301,NTSC,30,3,1000000.0,,True,0.3124632948975074,-81.86708900136509,29.51030501790653,43.469916893905676,16.82231562230062
12.859957650786185,96.69801428689023,True,3.877567609064115,0,0,2,0.225,0.3274999999999997,0.0974286502894975,1.6710421910483717,-4.758258564563886,-8.159753423784682,-49.58256484924612,117.93166205648824,0.225,0.3274999999999997,506,0,2,17.243497298439795,0.5582973509829628,RNG-337bea1b3eb8,extreme,selection,50301,NTSC,30,3,1000000.0,,True,0.3655882683902512,-76.62186112666357,26.95035320263049,37.935102675792336,15.48302450236224
12.75903107227492,98.35825340780394,True,4.821369973537408,0,0,2,0.125,0.3274999999999997,0.09236543464839302,1.3439909296113346,-4.330856850947731,-3.405993941362466,-49.07624821839065,118.20822929138019,0.125,0.3274999999999997,506,0,2,17.201826061201558,0.5317203057911639,RNG-f3b45412e8c5,extreme,selection,50301,NTSC,30,3,1000000.0,,True,0.332521222709321,-80.22468986159862,25.976867737069238,31.982244102977607,15.34985184578273
12.676937879180329,96.14130486485388,True,4.697938085360677,0,0,2,0.125,0.3274999999999997,0.09162024216680262,1.6847899499566532,-4.496255371399197,-9.033203710239249,-48.88581294753219,119.05693655854601,0.125,0.3274999999999997,506,0,2,16.974184968065813,0.5315986241476911,RNG-9d91a9b83f52,extreme,selection,50301,NTSC,30,3,1000000.0,,True,0.3339549126901688,-79.95772336800583,26.280762477277023,33.659483634449366,15.406608304990343
12.273913339834888,97.54612263571069,True,5.008775706195979,0,0,2,0.125,0.3274999999999997,0.0893750259128186,1.5536245517728007,-5.798203676752779,-7.826963065717975,-48.795483205246825,120.40609010673269,0.125,0.3274999999999997,506,0,2,16.079428918714903,0.5192614666179743,RNG-704620aeb523,extreme,selection,50301,NTSC,30,3,1000000.0,,True,0.3481033749106076,-80.9812898238832,29.076906933609088,39.011552605384665,15.973573497596673
11.793451525924928,95.99427207623418,True,4.547411392462226,0,0,2,0.125,0.125,0.06077155435054972,1.4338392636768957,-0.14635750142689047,-5.235643363265564,-51.441928103953174,114.92031436089268,0.125,0.125,506,0,2,21.31439838686412,0.41839078763414606,RNG-b57735466dee,extreme,selection,50301,NTSC,30,3,1000000.0,,True,0.32170263804439614,-80.55739964684179,38.82350706963345,45.38911973517746,15.654858818050648
13.032627641078333,93.65666792997793,True,4.588053599544807,0,0,2,0.225,0.11124999999999999,0.08029712609114989,1.6659407447033523,1.2209564827685906,-8.33829092393962,-45.77492195793819,114.0017177553513,0.225,0.11124999999999999,506,0,2,18.795292181697352,0.5141317735378537,RNG-1bb4e5330dad,extreme,selection,50301,NTSC,30,3,1000000.0,,True,0.17742137403737357,-40.42294286717787,50.50754021111542,160.04345272527664,13.659763817606157
13.269485193010038,96.62705485258171,True,0.48093278381055315,0,0,2,0.075,0.08374999999999995,0.03905694130409626,2.4398619817661085,2.0406044081316606,-1.3690722845451373,-47.78961721058449,119.7037779682684,0.075,0.08374999999999995,506,0,2,27.434427658456148,0.6151541101378517,RNG-fd5a795e2bba,extreme,selection,50301,NTSC,30,3,1000000.0,,True,0.8695442324825471,-34.156256281157425,22.036803856475874,33.48258299729532,10.907679278018023
12.968861097923787,97.76501511688373,True,0.2626690791077982,0,0,2,0.075,0.05,0.03934053718002143,1.6654352788338334,0.940039076171731,-1.1455381856522244,-47.59041384498184,121.36267551176182,0.075,0.05,506,0,2,29.48245074497747,0.6253272431181709,RNG-7d202f1df34a,extreme,selection,50301,NTSC,30,3,1000000.0,,True,0.8691985124241566,-37.90485325846516,31.481358646127884,60.46333971279442,11.384629886702633
12.326575982851544,99.38358236480951,True,4.900396487309094,0,0,2,0.125,0.05,0.7496532465870984,2.7724389531732205,1.3574606411871726,1.3072274716068777,-60.47874963456092,127.55711146554692,0.125,0.05,506,0,2,18.53345466252517,0.4881860298393826,RNG-cd5662dc4ba4,extreme,selection,50301,NTSC,30,3,1000000.0,h_width_rmse_us,False,0.5046645463431292,-70.06837450330613,40.361155729848186,38.54314725775299,15.939591820540445
11.711478919508348,93.6269258807155,True,5.017807307769887,0,0,2,0.15,0.13624999999999998,0.06236645812305064,1.97252616820223,1.7995433682255728,-5.082692252324888,-55.756404017448006,117.22977704494302,0.15,0.13624999999999998,506,0,2,20.62532449653769,0.3910320638185466,RNG-cc2a068a5ca6,extreme,selection,50301,NTSC,30,3,1000000.0,,True,0.28293725924583,-101.52355276386908,42.8326421224945,67.97386771366624,17.04520265452825
10.890810807846936,95.0348964666555,True,4.29904234917978,0,0,2,0.275,0.21999999999999992,0.0859798786094264,2.5334412410147498,1.2550698868261019,-3.742725908084787,-52.46805896874805,119.19229790815608,0.275,0.21999999999999992,506,0,2,22.674607820007733,0.38073524248887325,RNG-d8bdc149125e,extreme,selection,50301,NTSC,30,3,1000000.0,,True,0.4459433848351332,-86.62670702073899,38.894322149515276,69.843590810743,17.9337569708802
11.907167305147642,97.03689888839875,True,0.8384336794443759,0,0,2,0.075,0.15,0.04949098612383755,2.4527277659686826,1.6018124705749037,-0.9640270523702295,-45.70504677985777,118.29287493998216,0.075,0.15,506,0,2,27.18939514221729,0.5392897883799808,RNG-781a9bc90fe8,extreme,selection,50301,NTSC,30,3,1000000.0,,True,0.8399077000506832,-58.11563978832266,34.67652434071181,60.24290543320859,14.742978805160227
12.047832515834177,100.13882215257999,True,4.21248950076317,0,0,2,0.1,0.1,0.043429443938306576,2.7522394135926582,-2.323705919029702,-1.5586758786192825,-54.66550345384787,120.95129078641843,0.1,0.1,506,0,2,19.417684298944557,0.47063938732919797,RNG-7702b78c2bb8,extreme,selection,50301,NTSC,30,3,1000000.0,,True,0.4926966867427396,-73.05247219479863,40.28341009391191,52.37412615721786,14.720780506462843
11.665019260827524,92.06534799999473,True,0.664366373902133,120,2,0,2.025,2.025,2.333980079221775,3.1192807890901784,2.309672118944725,-5.5945735247672275,-56.841430701967504,120.25925323137876,1.675,1.625,610,4,2,21.262250227571663,0.5211502441465087,OVP56,extreme,selection_envelope,50351,PAL,30,1.5,1000000.0,h_missing;v_missing;vertical_trains,False,0.8201100854633253,-60.553720126102746,16.93054785029328,25.67339989625396,13.728057479741674
12.841984906320711,90.92773278545273,True,1.3099121706398997,0,0,2,0.125,0.09124999999999998,0.04454919917956981,4.588965938737982,2.057536458671917,-6.432508724914617,-39.43840037578168,102.33315509983565,0.125,0.09124999999999998,610,0,2,20.108494980689137,0.5512256478059625,RANGE32,extreme,selection_envelope,50351,PAL,30,1.5,1000000.0,,True,0.5922622011187096,-68.48174856825194,17.177987384905105,29.00063504374545,12.790698748512366
-6.495275728119891,-78.72253369812974,False,598.7277289836888,610,8,68,2.025,2.025,1000000.0,83.43463579988148,22.382008774655603,-152.2321118295718,-63.173283974393236,64.28602021627194,1000000.0,1000000.0,610,610,2,-6.542028551263134,-0.364081102755935,PLL96-rejected-board,extreme,selection_envelope,50351,PAL,30,1.5,1000000.0,contrast;stress_waveform;h_missing;v_missing;vertical_trains;sync_error_ire;black_error_ire;white_error_ire,False,0.3079452219318353,65.8398195215325,22.252860009993803,31.556618546701767,28.210548410931597
9.376998309231375,94.25149930607026,True,6.020075282308657,610,8,0,2.025,2.025,1000000.0,16.286269905665012,-0.1541915078189374,-5.891147690803943,-38.61319727979114,102.28979777400828,1000000.0,1000000.0,610,610,2,12.143589656453218,0.369738630074118,PLL96-IQ-corrected,extreme,selection_envelope,50351,PAL,30,1.5,1000000.0,stress_waveform;h_missing;v_missing;vertical_trains,False,0.3546047263562605,-112.73373178601275,23.78388162314075,30.790506826593955,16.40613671748223
16.529464893411436,91.33830688675866,True,0.005018820577164367,0,0,2,0.025,0.025,0.03346456408173171,4.478945326195963,2.3126614750117565,-5.509627121153554,-42.35385789601658,118.81604771431371,0.025,0.025,610,0,2,21.356671045007865,0.7988583334942272,floating-PLL-IQ40,extreme,selection_envelope,50351,PAL,30,1.5,1000000.0,,True,0.39425499422205945,6.226854481082875,9.122900312382258,18.02408816947501,8.626261137993138
4.2154613763851065,42.66009225983456,True,88.93475533249686,610,8,0,2.025,2.025,1000000.0,49.46937411870043,26.743753627499412,-27.843260325023856,2.2938425726193046,82.94927170126464,1000000.0,1000000.0,610,610,2,4.465014896884687,0.41466214749391533,HC50,extreme,selection_envelope,50351,PAL,30,1.5,1000000.0,contrast;stress_waveform;h_missing;v_missing;vertical_trains;sync_error_ire;black_error_ire;white_error_ire,False,0.38133609400935164,98.60965006149682,15.368318381487109,21.77363229410529,30.411634815597647
12.020973899156624,91.71562393238355,True,3.540150564617315,306,6,0,2.025,2.025,2.9762153366756174,9.147743284764429,0.2868511990139024,-6.892777995930158,-48.23693979054673,105.83861145799908,1.9,0.0725,610,9,2,16.56501623872667,0.4807410720978599,PLL96-board-fixed,extreme,selection_envelope,50351,PAL,30,1.5,1000000.0,h_missing;v_missing;vertical_trains,False,0.40648303506355676,-100.57419071084936,24.843388909660028,29.89811611134637,15.013701924625579
12.251795153989143,91.11205129878086,True,3.9027603513174403,605,8,0,2.025,2.025,3.310305877105619,12.222648421609387,-4.190667541991924,-10.432010364350976,-39.775677311801495,116.21719796787308,0.18499999999999997,1000000.0,610,206,2,15.612150912907367,0.5374902619904599,RNG-7c05594dfa32,extreme,selection_envelope,50351,PAL,30,1.5,1000000.0,h_missing;v_missing;vertical_trains,False,0.2870923520746159,-85.84249672993536,24.66689837027386,29.939630144415574,13.781769278816242
12.274450340306434,91.34624198247575,True,3.9052697616060223,605,8,0,2.025,2.025,3.310305877105619,12.222733902791417,-4.192091502449053,-9.769505902951916,-39.775677311801495,117.0257350314716,0.18499999999999997,1000000.0,610,206,2,15.557829149788642,0.5405849510604218,RNG-223df1ec6f88,extreme,selection_envelope,50351,PAL,30,1.5,1000000.0,h_missing;v_missing;vertical_trains,False,0.2870923520746159,-85.82185283524483,24.6689627597429,29.939630144415574,13.780804589292115
11.595640338995846,91.42112638139118,True,4.587829360100376,605,8,0,2.025,2.025,3.3100604224092343,14.221635444340544,-6.120135177119803,-10.465836482602368,-39.04999160298172,119.16389723878875,0.18499999999999997,1000000.0,610,206,2,14.350974146775076,0.5167902804065121,RNG-cbbc82c7748e,extreme,selection_envelope,50351,PAL,30,1.5,1000000.0,h_missing;v_missing;vertical_trains,False,0.26900697275941,-87.39703586167116,25.34600119207077,29.833549957131726,14.708488001067597
12.579973883002431,90.3236239382912,True,3.0526976160602257,538,8,0,2.025,2.025,3.0000925911637384,10.601196979745605,-3.327535088005403,-12.050194577348895,-39.62613811084482,113.2853474307169,1.825,1000000.0,610,31,2,16.10457790072762,0.5625772131102256,RNG-337bea1b3eb8,extreme,selection_envelope,50351,PAL,30,1.5,1000000.0,h_missing;v_missing;vertical_trains,False,0.28568344418461367,-82.80935126821458,25.82615221448629,31.94106455742935,13.270095596044674
12.542475656937075,90.08550611707314,True,3.816185696361355,537,8,0,2.025,2.025,3.0215592341503834,11.106423005835444,-2.762705380118082,-11.22836768847665,-39.92284862691665,112.9065569232307,1.8349999999999997,1000000.0,610,31,2,16.08154260035012,0.5424411505543707,RNG-f3b45412e8c5,extreme,selection_envelope,50351,PAL,30,1.5,1000000.0,h_missing;v_missing;vertical_trains,False,0.250056581036789,-87.4614310700546,24.313361297294417,29.543382205359713,13.181521962982215
12.476391441228934,89.9771506938014,True,3.8513174404015054,537,8,0,2.025,2.025,3.009447168546737,10.730020341543582,-3.051428813984906,-12.336503863447563,-38.992093351546174,112.42725931955984,1.825,1000000.0,610,31,2,15.943169873428449,0.5429390309586813,RNG-9d91a9b83f52,extreme,selection_envelope,50351,PAL,30,1.5,1000000.0,h_missing;v_missing;vertical_trains,False,0.252439670871648,-86.74945005669734,25.090531724040655,30.16996309101807,13.223386427339813
12.023374439318514,90.18779633458124,True,4.214554579673776,605,8,0,2.025,2.025,3.3100604224092343,13.25278475493952,-4.123907823126041,-11.578036940739711,-38.90196544745795,115.45381815289319,0.18499999999999997,1000000.0,610,206,2,15.123116572394082,0.5272419869139561,RNG-704620aeb523,extreme,selection_envelope,50351,PAL,30,1.5,1000000.0,h_missing;v_missing;vertical_trains,False,0.29189645779926165,-88.22925694608209,23.993713099015153,28.2671133848424,13.958663249439342
11.83232440094887,91.21820304489214,True,3.9322459222082813,0,0,2,0.15,0.11624999999999999,0.06372166679923032,4.3419591813596945,0.7011168457144062,-9.07433106201143,-47.83806319771101,108.81197246552499,0.15,0.11624999999999999,610,0,2,19.020786233871604,0.42812527203434103,RNG-b57735466dee,extreme,selection_envelope,50351,PAL,30,1.5,1000000.0,,True,0.22127821926606783,-83.86144253141337,28.82037117475086,79.49732893098162,14.305070986483077
12.84625202246479,89.02095765072035,True,3.823713927227102,0,0,2,0.225,0.1,0.08425784975835568,4.552650016543003,1.96632553196055,-11.914810025263915,-42.466172280171094,109.05540041316185,0.225,0.1,610,0,2,16.973198923750935,0.5379740902708529,RNG-1bb4e5330dad,extreme,selection_envelope,50351,PAL,30,1.5,1000000.0,,True,0.17229454244660508,-33.01343969045513,50.07746607837533,62.61116003611474,11.527135520184162
11.742216287780883,91.57494580857373,True,0.5495608531994981,0,0,2,0.075,0.075,0.05230349641950257,5.337776314437545,2.8105057429219458,-5.4098440176808085,-45.519360297663695,115.13557980294844,0.075,0.075,610,0,2,21.54532070829851,0.5235070898953136,RNG-fd5a795e2bba,extreme,selection_envelope,50351,PAL,30,1.5,1000000.0,,True,0.6673538761699556,-47.46378502139079,18.36326674386507,38.13453560672443,13.003613291401093
12.375391021271279,92.44198725693302,True,0.23902132998745296,0,0,2,0.075,0.05,0.03307963565521796,4.5560406765286245,1.7843397578761369,-6.010319035087969,-44.199501992933506,116.0351860485166,0.075,0.05,610,0,2,22.0751599555194,0.5818031081574009,RNG-7d202f1df34a,extreme,selection_envelope,50351,PAL,30,1.5,1000000.0,,True,0.8079314131618598,-47.39434779123427,13.824904075074103,25.758841297838337,11.344102406761648
12.916957219163173,93.5150590495513,True,3.9792973651191965,2,2,0,0.15,2.025,2.498476920914441,5.605946040932923,2.165562925599081,-3.086785191306562,-56.41030765725814,121.09152654748662,0.15,1.625,610,1,2,19.31091795054266,0.5005638054837829,RNG-cd5662dc4ba4,extreme,selection_envelope,50351,PAL,30,1.5,1000000.0,h_missing;v_missing;vertical_trains,False,0.3840064787887722,-89.69155288235393,26.639094773963937,35.3299531588599,15.256054930123758
11.961539034872304,89.0531871894112,True,4.045169385194479,66,1,1,2.025,1.99,1.453822768903539,5.051389369196647,2.570772294878953,-8.641563444658248,-41.881945401451006,112.11537088120365,0.9675000000000011,1.9100000000000001,610,3,2,18.480212197712994,0.42677528390991437,RNG-cc2a068a5ca6,extreme,selection_envelope,50351,PAL,30,1.5,1000000.0,h_missing;v_missing;vertical_trains,False,0.1808173162110331,-100.0961335606136,31.48271616965949,95.02204519578991,15.171029211597578
9.1054391262001,81.4749829444494,True,15.157465495608532,276,3,2,2.025,2.025,0.8872864928304056,11.065674060382893,5.24443805025097,-17.57855944269067,-56.9302445935488,105.0182994498832,1.875,1.505,610,7,2,11.928699754567324,0.234832355264132,RNG-d8bdc149125e,extreme,selection_envelope,50351,PAL,30,1.5,1000000.0,stress_waveform;h_missing;v_missing,False,0.22356681373371276,-99.95514854598682,51.52999411057086,66.95475563549495,15.966855258020875
11.901120033285853,91.96743264919225,True,0.7089084065244667,246,2,0,2.025,2.025,3.0631177892238064,5.308394678622551,2.4208544704356645,-5.067085309348741,-42.39990729752357,112.70123610513566,1.7,1.9,610,7,2,21.944070570760097,0.5159461573998264,RNG-781a9bc90fe8,extreme,selection_envelope,50351,PAL,30,1.5,1000000.0,h_missing;v_missing;vertical_trains,False,0.7477212913216331,-70.65582666249108,21.001396680777464,34.933410881331945,14.573666210150769
12.469074324098132,95.21618081711476,True,3.799874529485571,0,0,2,0.125,0.10749999999999997,0.9552722554158125,5.572824363057199,-1.3316037294441738,-5.613778017832169,-50.982907193579074,115.64591493262326,0.125,0.10749999999999997,610,0,2,19.680064018970715,0.4767609337915622,RNG-7702b78c2bb8,extreme,selection_envelope,50351,PAL,30,1.5,1000000.0,,False,0.37797563688741076,-85.89770122646776,25.367386012673258,29.697976147910573,13.585476137171813
11.741116821062821,92.00855391818575,True,0.687154353081432,83,5,0,2.025,2.025,2.3198629667282424,2.982571263170613,2.123476873147954,-5.949240779730337,-54.18088780641069,120.73102219069204,1.725,0.3474999999999997,506,3,2,21.058673774483402,0.5425074443846718,OVP56,extreme,selection_envelope,50351,NTSC,30,1.5,1000000.0,h_missing;v_missing;vertical_trains,False,0.8759634669277745,-48.554566780273845,30.657481923590108,38.294836191574866,13.037938756009465
12.876657395390353,90.80229382182415,True,1.3682876384469258,0,0,2,0.1,0.175,0.04431628150380073,4.443068391100072,1.87484546105163,-6.771042928846944,-39.5685103788165,102.3187394560322,0.1,0.175,506,0,2,19.911274175916766,0.5696396930211813,RANGE32,extreme,selection_envelope,50351,NTSC,30,1.5,1000000.0,,True,0.6162766137223505,-55.54038583729312,31.4271704856222,70.43782692639905,12.67297349392667
-6.386540880385855,-78.41285826719167,False,588.8694542203169,506,12,55,2.025,2.025,1000000.0,83.24985375915851,22.13483981664856,-152.33302875249728,-63.22658503673012,64.00273852864926,1000000.0,1000000.0,506,506,2,-6.435198543678753,-0.34880150698349044,PLL96-rejected-board,extreme,selection_envelope,50351,NTSC,30,1.5,1000000.0,contrast;stress_waveform;h_missing;v_missing;vertical_trains;sync_error_ire;black_error_ire;white_error_ire,False,0.41710059122330967,82.60376097266033,38.938017272983245,35.10233925969519,28.69639089857273
9.373567671037451,93.7228788315618,True,6.024078249796037,506,12,0,2.025,2.025,1000000.0,16.104371849542755,-0.2439652856201545,-6.202080764410355,-38.724433618718834,101.94304239890056,1000000.0,1000000.0,506,506,2,12.295197032743559,0.3553418813986999,PLL96-IQ-corrected,extreme,selection_envelope,50351,NTSC,30,1.5,1000000.0,stress_waveform;h_missing;v_missing;vertical_trains,False,0.4797794066301284,-95.32494642570862,39.89669589091536,32.72014083195499,17.525256952478706
16.50988185023894,91.1548341669612,True,0.0,0,0,2,0.025,0.025,0.032705718637885836,4.36612973989971,2.1323645513055465,-5.834598161714439,-42.608206132907746,118.6698910669509,0.025,0.025,506,0,2,21.12454936932814,0.8077021189727052,floating-PLL-IQ40,extreme,selection_envelope,50351,NTSC,30,1.5,1000000.0,,True,0.48132583164077647,-4.025541104475774,28.42352013259096,36.78685889399234,8.108191063066238
4.177462073127295,42.5920151616163,True,94.71741623942174,506,12,0,2.025,2.025,1000000.0,49.29709690804206,26.527580651677436,-28.121464504775744,2.3327800884667624,82.63542853330407,1000000.0,1000000.0,506,506,2,4.419984601405228,0.43056654830522345,HC50,extreme,selection_envelope,50351,NTSC,30,1.5,1000000.0,contrast;stress_waveform;h_missing;v_missing;vertical_trains;sync_error_ire;black_error_ire;white_error_ire,False,0.3940526176539053,80.3352737933946,29.418170894334878,42.33058384155217,30.374451553651426
12.006545405383262,91.43967946175681,True,3.5163035461078316,263,8,0,2.025,2.025,2.9759953551558955,9.015409439966529,0.11289464372804121,-7.230352441000978,-53.593492693549045,105.48719439486655,1.8,0.8974999999999997,506,12,2,16.630303418250687,0.4842121221110373,PLL96-board-fixed,extreme,selection_envelope,50351,NTSC,30,1.5,1000000.0,h_missing;v_missing;vertical_trains,False,0.5773801560430817,-87.75722525174557,36.968101306563604,14.503086170487368,16.036571455638384
12.15056873413303,90.72088059225906,True,3.878320242528608,502,12,1,2.025,2.025,2.7080031850055124,12.016911983687175,-4.347042071365591,-10.755777705350926,-39.14391745356325,115.84801231344406,1.3599999999999997,1000000.0,506,156,2,15.505691020742509,0.5348483700419995,RNG-7c05594dfa32,extreme,selection_envelope,50351,NTSC,30,1.5,1000000.0,h_missing;v_missing;vertical_trains,False,0.34660315196262564,-72.15017311065967,45.83129655203324,22.886506531166294,14.471921664377515
12.170081972162832,90.92853308716148,True,3.8858465771735298,502,12,1,2.025,2.025,2.7080031850055124,12.016911983666711,-4.3478448265019685,-10.169774433241436,-39.14391745356325,116.65519367065497,1.3599999999999997,1000000.0,506,156,2,15.453244814930438,0.5377984835102408,RNG-223df1ec6f88,extreme,selection_envelope,50351,NTSC,30,1.5,1000000.0,h_missing;v_missing;vertical_trains,False,0.3466031519626259,-72.16862217505863,45.849745616432216,23.36335576755867,14.473292715031162
11.487386776348238,90.98600737860131,True,4.5692377629325005,502,12,1,2.025,2.025,2.707454985775387,14.000981078778045,-6.2619706396213015,-10.786482415167615,-39.78113488535796,118.78810974382307,1.3599999999999997,1000000.0,506,156,2,14.24940525001107,0.5117714566637679,RNG-cbbc82c7748e,extreme,selection_envelope,50351,NTSC,30,1.5,1000000.0,h_missing;v_missing;vertical_trains,False,0.3283699600698552,-74.87467941455428,49.542206356467055,24.723790523305333,15.50768053306132
12.479297660707633,89.96674468935298,True,3.1234288776428727,437,10,1,2.025,2.025,2.948960453044969,10.415868948184448,-3.489796281109603,-12.378867437321746,-39.73554482298439,112.92095653817452,1.4849999999999994,0.9574999999999999,506,24,2,15.992464735363194,0.5611281396892002,RNG-337bea1b3eb8,extreme,selection_envelope,50351,NTSC,30,1.5,1000000.0,h_missing;v_missing;vertical_trains,False,0.33141583543950803,-68.25217143167453,42.35869731851769,31.529166397229016,13.941841562425616
12.432167656792792,89.71784550882818,True,3.8030568960793816,437,10,1,2.025,2.025,2.9567780153207406,10.901045710128896,-2.9151637267307167,-11.624805778303598,-40.357936552996385,112.54126133660588,1.4949999999999997,0.95875,506,24,2,15.975207893959134,0.5395025654818978,RNG-f3b45412e8c5,extreme,selection_envelope,50351,NTSC,30,1.5,1000000.0,h_missing;v_missing;vertical_trains,False,0.3064741183044476,-73.41399890307822,43.365653444478596,26.83392000923893,13.979802232241001
12.367103284371066,89.63219025453013,True,3.8474622704844252,437,10,1,2.025,2.025,2.950196505368728,10.531503947855013,-3.204830243099165,-12.670866305562837,-40.31467622369857,112.06276739024906,1.4849999999999994,0.9574999999999999,506,24,2,15.841605032162086,0.5395059494920046,RNG-9d91a9b83f52,extreme,selection_envelope,50351,NTSC,30,1.5,1000000.0,h_missing;v_missing;vertical_trains,False,0.3070585279748218,-72.96421327567796,44.17095621310817,27.740449852080314,14.037184844728282
11.920668533254183,89.79384448082176,True,4.186147329505941,502,12,1,2.025,2.025,2.71065605527518,13.040252209815222,-4.276079682332898,-11.907729839851525,-39.112326479413724,115.0862297727422,1.3599999999999997,1000000.0,506,156,2,15.023943717668686,0.524088773783528,RNG-704620aeb523,extreme,selection_envelope,50351,NTSC,30,1.5,1000000.0,h_missing;v_missing;vertical_trains,False,0.3582360886142521,-74.4041708035905,47.297938556281885,19.01683756214294,14.616244021709809
11.704808729710447,90.89485977926236,True,3.964120457480725,0,0,2,0.15,0.125,0.06441244018505186,4.225668333195814,0.5233397491721068,-9.425350066078913,-47.933803481510225,108.45354245637606,0.15,0.125,506,0,2,18.90335574323157,0.41406105355217204,RNG-b57735466dee,extreme,selection_envelope,50351,NTSC,30,1.5,1000000.0,,True,0.30126094815717486,-79.64621530386398,40.22491405065102,48.06602903345872,15.372312735448276
12.650619709744788,88.77309183200938,True,3.9174571826822056,0,0,2,0.225,0.17249999999999996,0.08231008803837701,4.432082530477888,1.761544917883485,-12.288216207098959,-42.57101135383796,108.69656223864888,0.225,0.17249999999999996,506,0,2,16.92359429962497,0.5178434704345689,RNG-1bb4e5330dad,extreme,selection_envelope,50351,NTSC,30,1.5,1000000.0,,True,0.15334787237983588,-37.39224936994806,50.83019478327124,159.7609498843466,13.504166205770044
11.783321246605977,91.45459360580821,True,0.5735066999431009,0,0,2,0.075,0.09749999999999996,0.05506688351522221,5.212046825303409,2.6278880109883627,-5.748253623273237,-45.619028549567304,114.81070569188148,0.075,0.09749999999999996,506,0,2,21.373168713272733,0.5392052248287859,RNG-fd5a795e2bba,extreme,selection_envelope,50351,NTSC,30,1.5,1000000.0,,True,0.7478771148322805,-38.65948326151288,36.76083062058863,51.09573089873448,12.818761348951886
12.452743402921554,92.34052676708026,True,0.2543901109983833,0,0,2,0.075,0.075,0.03493359029967141,4.424036244328978,1.6027286540424506,-6.35568307848453,-44.28975159523168,115.71752105251494,0.075,0.075,506,0,2,21.810939714138758,0.6011561751776215,RNG-7d202f1df34a,extreme,selection_envelope,50351,NTSC,30,1.5,1000000.0,,True,0.8191878866097735,-37.16107383925693,31.54919695447222,55.67495862616074,10.975945113167192
12.411673749135135,94.35152944336023,True,4.449569042078232,2,5,0,0.175,2.025,2.493404494305371,5.499420568628661,2.0289901609182164,-3.1366891965387307,-56.49157015237949,123.0598487125543,0.175,1.2824999999999989,506,1,2,18.089037133584803,0.4820402956802626,RNG-cd5662dc4ba4,extreme,selection_envelope,50351,NTSC,30,1.5,1000000.0,h_missing;v_missing;vertical_trains,False,0.477869855751469,-68.68633746444512,40.2893974287291,36.407626553893955,15.30196885798391
11.761314025227659,88.71861140504502,True,4.077015477154564,58,3,2,2.025,2.025,1.596548226280461,4.919511908006905,2.36782129193889,-8.973377840822137,-41.987700899390724,111.75270669471723,0.925,0.15,506,2,2,18.399461029638516,0.4012672102358385,RNG-cc2a068a5ca6,extreme,selection_envelope,50351,NTSC,30,1.5,1000000.0,h_missing;v_missing,False,0.2616290175394801,-103.43867100652045,41.98057282465537,74.89957672613424,16.7065727431253
8.573179613007229,80.42063294270531,True,18.24232991236336,210,3,2,2.025,2.025,0.9448585086410299,12.513037245434928,5.3471099599864065,-18.195488022025668,-58.99477363490313,104.75125769365391,1.825,1.6449999999999996,506,7,2,11.084106800445685,0.219726328120028,RNG-d8bdc149125e,extreme,selection_envelope,50351,NTSC,30,1.5,1000000.0,stress_waveform;h_missing;v_missing,False,0.2745495429386593,-87.40122231892515,47.09208030975531,47.6260887264021,17.406809801195728
11.967524503173268,91.86842182225294,True,0.7262912932350294,0,0,2,0.45,0.3074999999999998,0.12717475760673586,5.175192292960918,2.241801704068408,-5.405010854841055,-41.65809967609941,112.7590804261227,0.45,0.3074999999999998,506,0,2,21.766623276219153,0.5357956119557649,RNG-781a9bc90fe8,extreme,selection_envelope,50351,NTSC,30,1.5,1000000.0,,True,0.7897685858599051,-57.47118774262424,33.957548352255394,58.564050022548756,14.228996649506747
12.345950613081694,94.79366933013024,True,3.890362377960484,0,0,2,0.125,0.125,0.9955502530380427,5.511168849837162,-1.5063311324376132,-5.968542522391907,-53.05585351787459,115.27602599994256,0.125,0.125,506,0,2,19.630866215738433,0.4663591553002029,RNG-7702b78c2bb8,extreme,selection_envelope,50351,NTSC,30,1.5,1000000.0,,False,0.4676847467921514,-71.18264726359939,39.62549380174569,48.832858480666836,14.24454927457704
16.63207442919837,97.99129372603986,True,0.28732747804265996,0,0,2,0.05,0.05,0.019285389016252607,-0.2110434935492432,1.3300229891099666,-1.2282283629226571,-57.51848876076053,119.96535590991006,0.05,0.05,610,0,2,28.383124312255042,0.7554800321100301,OVP56,extreme,selection_envelope,50352,PAL,30,5,1000000.0,,True,0.8338598936572061,-60.270483667094595,8.736842469944095,15.807741876149203,11.819610187375202
16.52827419892423,95.98220339260774,True,0.9949811794228356,0,0,2,0.075,0.06624999999999999,0.04438791372936896,0.23618179440315276,1.569993224405959,-3.7930130444565333,-45.83858780678412,104.29622463731401,0.075,0.06624999999999999,610,0,2,24.94565307714542,0.7456377376572036,RANGE32,extreme,selection_envelope,50352,PAL,30,5,1000000.0,,True,0.7465146009818173,-60.30310231712474,9.507778502621015,16.055550454402205,11.223290255486669
-6.7841664681195315,-83.05435624814461,False,618.3851944792974,610,8,61,2.025,2.025,1000000.0,82.0364007906308,22.138548877052962,-157.7125641534515,-69.4092737422126,68.42452225073414,1000000.0,1000000.0,610,610,2,-6.83059450556471,-0.37366677371380064,PLL96-rejected-board,extreme,selection_envelope,50352,PAL,30,5,1000000.0,contrast;waveform;detail_floor;sync;h_jitter_us;v_jitter_us;h_width_rmse_us;sync_error_ire;black_error_ire;white_error_ire,False,0.3214898942521444,64.77195092164386,21.228355100732678,35.30859702325842,28.30287771504774
8.929711036796897,98.72761827092341,True,6.338143036386449,208,1,0,2.025,1.8762499999999998,3.3919901260064678,15.639293131107776,-1.6145302820452583,-1.1227450185172936,-46.91322823028567,107.69257173234898,1.8,1.5099999999999998,610,5,2,11.60585755625161,0.37322751061423837,PLL96-IQ-corrected,extreme,selection_envelope,50352,PAL,30,5,1000000.0,sync;h_jitter_us;v_jitter_us;h_width_rmse_us,False,0.3748489671727918,-112.01369915137215,23.074662513697422,34.76290816581911,17.19183501222193
23.549938257530457,97.66824393689353,True,0.0,0,0,2,0.025,0.025,0.008408134234863012,0.3297508287276295,1.0223539498561502,-0.49564070545302535,-46.176678960472685,110.12255457809319,0.025,0.025,610,0,2,31.576086420529798,0.9528756344301416,floating-PLL-IQ40,extreme,selection_envelope,50352,PAL,30,5,1000000.0,,True,0.5231948566699082,17.286282890945987,5.387145858740107,10.361868223428223,6.385258006218125
4.512647276785526,44.79277460020031,True,88.40715181932246,610,8,0,2.025,2.025,1000000.0,48.32112467483659,26.58443918898525,-26.296726547112552,4.484747548241117,83.32765451399668,1000000.0,1000000.0,610,610,2,4.66081347283606,0.6252445198491794,HC50,extreme,selection_envelope,50352,PAL,30,5,1000000.0,contrast;waveform;sync;h_jitter_us;v_jitter_us;h_width_rmse_us;sync_error_ire;black_error_ire;white_error_ire,False,0.41909346361521177,98.75497568695921,6.833044098315852,12.264906698624872,30.282625884552655
11.878974985886973,98.66467783573522,True,3.6060225846925973,0,0,2,0.075,0.075,0.05049955364191635,3.6243675144283567,-1.3661475737652482,-2.2069591546495286,-58.95352450086564,112.07869294670881,0.075,0.075,610,0,2,16.907494331842905,0.48234132494934,PLL96-board-fixed,extreme,selection_envelope,50352,PAL,30,5,1000000.0,,True,0.4368988700697294,-98.49403330189857,22.03260283968841,30.196220479329284,15.758419371786207
12.240489504459688,97.11075257540321,True,4.528858218318695,422,6,0,2.025,2.025,3.082130959255301,8.616589809823958,-5.916495195427283,-5.957244865062222,-44.29460983903107,122.47309386714544,1.8075000000000003,1.0975,610,14,2,15.835606951592471,0.530243990750343,RNG-7c05594dfa32,extreme,selection_envelope,50352,PAL,30,5,1000000.0,sync;h_jitter_us;v_jitter_us;h_width_rmse_us,False,0.3190383654985539,-91.90411936095256,28.565561874982482,31.875176198605168,15.080773814123763
12.047570583097063,99.58090252349552,True,4.785445420326224,422,6,0,2.025,2.025,3.082130959255301,8.616583073158028,-5.921041845068587,-0.1518816604604013,-44.294609839031054,123.39251702604825,1.8075000000000003,1.0975,610,14,2,15.36227152281298,0.5313230843960337,RNG-223df1ec6f88,extreme,selection_envelope,50352,PAL,30,5,1000000.0,sync;h_jitter_us;v_jitter_us;h_width_rmse_us,False,0.3191185212240578,-91.87211749412543,28.576055315815687,31.842051983866362,15.079905452515385
11.46884858810586,97.42792043123666,True,5.213927227101631,413,6,0,2.025,2.025,3.0843601093685478,10.693747260408651,-7.914347480882059,-5.99344859511237,-44.15650416856422,125.59170727587876,1.814999999999999,1.09625,610,14,2,14.290974698850224,0.5074990302578297,RNG-cbbc82c7748e,extreme,selection_envelope,50352,PAL,30,5,1000000.0,sync;h_jitter_us;v_jitter_us;h_width_rmse_us,False,0.29595851139863005,-94.01315942879972,28.336608539678835,30.92880869128281,16.222423890910907
12.765598545203812,96.5171349400464,True,3.838143036386449,556,8,0,2.025,2.025,3.0527272263532685,6.951997348368503,-5.0088352105229275,-7.366678966789226,-44.126721161547586,119.98709198074805,1.5937499999999993,1000000.0,610,45,2,16.90542327144418,0.555443866982249,RNG-337bea1b3eb8,extreme,selection_envelope,50352,PAL,30,5,1000000.0,sync;h_jitter_us;v_jitter_us;h_width_rmse_us,False,0.3175538568147426,-88.33934224961446,29.47339848852607,32.687964902435354,14.412311314126532
12.613929098832992,97.78281649498817,True,4.705771643663739,510,6,0,2.025,2.025,3.0699613189745567,7.545211618141276,-4.35784890045707,-2.7427663854767017,-45.35868244179286,118.79609728595416,1.7774999999999999,1.0975,610,25,2,16.724425027917682,0.5293260407140105,RNG-f3b45412e8c5,extreme,selection_envelope,50352,PAL,30,5,1000000.0,sync;h_jitter_us;v_jitter_us;h_width_rmse_us,False,0.27833583445075005,-92.91984220671806,29.140780605572324,32.023781266237926,14.197545747348975
12.61645925311488,95.99790147691422,True,4.5897114178168135,551,6,0,2.025,2.025,3.0992703487942537,7.117505590541136,-4.70595213059274,-7.9088560500989065,-44.72830822982171,117.76856992067628,1.8799999999999997,1.0975,610,48,2,16.682151615599285,0.5311098837597044,RNG-9d91a9b83f52,extreme,selection_envelope,50352,PAL,30,5,1000000.0,sync;h_jitter_us;v_jitter_us;h_width_rmse_us,False,0.2798881370111002,-92.00700374055728,30.20926886576679,31.404765641129647,14.263908447558865
12.044836470839247,96.26369680841111,True,4.898368883312422,428,6,0,2.025,2.025,3.065140429352031,9.801678956438428,-5.7999206619037915,-6.837907935909116,-43.43993692965318,121.59429730321752,1.8224999999999993,1.0975,610,20,2,15.485068988419478,0.5148172794972152,RNG-704620aeb523,extreme,selection_envelope,50352,PAL,30,5,1000000.0,sync;h_jitter_us;v_jitter_us;h_width_rmse_us,False,0.3211163464712763,-94.33936366631774,28.819832156600576,29.542500081171173,15.255740136772996
11.824473267376463,97.55890235117813,True,4.32245922208281,0,0,2,0.125,0.11624999999999999,0.06456030349127276,0.17475228613913463,-0.912780044124423,-4.556641739114934,-52.890959085992996,114.66923672065592,0.125,0.11624999999999999,610,0,2,21.246684841765457,0.4315669552551928,RNG-b57735466dee,extreme,selection_envelope,50352,PAL,30,5,1000000.0,,True,0.2408138021879525,-83.04105959069511,31.517145963225833,77.46052907012081,14.675246474118937
13.18121904141902,95.11419218610244,True,4.286700125470515,0,0,2,0.225,0.14125,0.07828855829976522,0.5129325066647055,0.4274548889426397,-7.741584543478512,-47.145071431513415,114.92757556616282,0.225,0.14125,610,0,2,18.817550420810043,0.5315688190759353,RNG-1bb4e5330dad,extreme,selection_envelope,50352,PAL,30,5,1000000.0,,True,0.17858078251469123,-32.22992278362772,50.69025520321757,63.534865982554,11.606705452500186
12.908140444489725,98.20953464145674,True,0.29485570890840657,0,0,2,0.075,0.05,0.03408643785879715,1.2214252243996597,1.318474611164679,-0.5923620979165831,-49.53339220301861,123.23644533951183,0.075,0.05,610,0,2,29.832934037902987,0.6053063130384114,RNG-fd5a795e2bba,extreme,selection_envelope,50352,PAL,30,5,1000000.0,,True,0.7929436559266864,-44.85848281536062,17.415763531020534,31.52071050327095,11.016935517153136
15.847859930810213,99.89802450319158,True,0.05332496863237139,0,0,2,0.05,0.05,0.030197437737358435,0.2641419614630501,0.060987980276873154,0.38957833624653343,-45.825225596928064,119.76737866530858,0.05,0.05,610,0,2,29.762522431721997,0.7431370900749553,RNG-7d202f1df34a,extreme,selection_envelope,50352,PAL,30,5,1000000.0,,True,0.9817033694541868,-49.968767899652455,16.147935564087476,20.978062140322344,11.333552053714333
12.680296007598601,100.3700525279448,True,4.341279799247177,0,0,2,0.125,0.05,0.0815638641459944,1.3420966704135477,0.7037788902619585,2.047142037409772,-62.06012076052941,128.6777472209394,0.125,0.05,610,0,2,19.31221022245937,0.5080175666656613,RNG-cd5662dc4ba4,extreme,selection_envelope,50352,PAL,30,5,1000000.0,,True,0.41340418396338097,-85.49526124915519,28.30514272112436,31.650772674635554,15.958401381871008
12.168512773755168,95.23317449012809,True,4.326850690087829,0,0,2,0.15,0.15,0.06623665965284793,0.9379442830701897,1.0700366277906583,-4.087930606291504,-46.52009833592398,118.20202104316427,0.15,0.15,610,0,2,21.817230682267716,0.4298700839175619,RNG-cc2a068a5ca6,extreme,selection_envelope,50352,PAL,30,5,1000000.0,,True,0.19334990215060185,-99.14555288044893,32.65462910730247,92.31284960148271,15.40024285649595
10.89207487211717,96.54056829329299,True,4.26348808030113,0,0,2,0.275,0.18999999999999995,0.09745217406250205,1.319225891059152,0.5809954704268943,-3.0903866520453214,-55.61372695312881,120.79613519249973,0.275,0.18999999999999995,610,0,2,23.06325937452952,0.3884083583975868,RNG-d8bdc149125e,extreme,selection_envelope,50352,PAL,30,5,1000000.0,,True,0.3281794627353468,-94.78470912044777,31.460296381407204,68.56668787474268,17.122403800979104
11.697944526444289,98.39351327871235,True,0.7653701380175658,0,0,2,0.075,0.06624999999999999,0.046540128991628044,1.1279578617204136,0.9101071737373768,-0.37291362416797147,-50.29210352171114,119.31545089462325,0.075,0.06624999999999999,610,0,2,28.380932855559582,0.5178304165927627,RNG-781a9bc90fe8,extreme,selection_envelope,50352,PAL,30,5,1000000.0,,True,0.7619944925625783,-71.18142582340137,19.744669867703607,41.08701282271882,15.093369747115577
12.065635813486848,101.98361283473834,True,4.033877038895859,0,0,2,0.075,0.06624999999999999,0.0446640464935761,0.33610573732184434,-3.106962942751828,-0.5956404376074641,-55.562004600984274,121.97318764482678,0.075,0.06624999999999999,610,0,2,19.27220592312278,0.47756392055312274,RNG-7702b78c2bb8,extreme,selection_envelope,50352,PAL,30,5,1000000.0,,True,0.39651840012465445,-83.81029530042186,24.44081059280924,31.056708349356906,13.960197916879094
16.79661066592535,98.00344883060991,True,0.28750598343604267,0,0,2,0.05,0.036249999999999984,0.021377928110008226,-0.2100918603795379,1.3282313889228283,-1.3100394909773625,-58.385410886350016,121.72198323141792,0.05,0.036249999999999984,506,0,2,28.36099491810672,0.7742926032214362,OVP56,extreme,selection_envelope,50352,NTSC,30,5,1000000.0,,True,0.8994035991769775,-48.289400238705376,7.79836107659018,11.607181121530902,11.29363653486397
16.660700884707133,95.97550169129258,True,1.0025077747036883,0,0,2,0.075,0.05,0.044176702317714756,0.20344334692178942,1.5515559475786118,-3.8701349758010437,-45.693982402631235,103.90480548342852,0.075,0.05,506,0,2,24.93960974692236,0.7634006649485803,RANGE32,extreme,selection_envelope,50352,NTSC,30,5,1000000.0,,True,0.8034925217723861,-48.00020236632163,7.806976016260865,12.058345511424745,10.693163481089348
-6.688369186085512,-82.69281281179164,False,617.6749948068291,506,12,49,2.025,2.025,1000000.0,82.05768928670851,21.97287989825608,-157.65391865138858,-69.22353410956525,68.36063831408366,1000000.0,1000000.0,506,506,2,-6.737848768198713,-0.3582009760658568,PLL96-rejected-board,extreme,selection_envelope,50352,NTSC,30,5,1000000.0,contrast;waveform;detail_floor;sync;h_jitter_us;v_jitter_us;h_width_rmse_us;sync_error_ire;black_error_ire;white_error_ire,False,0.4456338896222183,84.19950907198944,37.485629026319394,27.325611863327982,28.966812885789665
8.89837677794431,98.21354489223367,True,6.532858471792802,181,5,0,2.025,2.025,3.4078958091693243,15.875067972498586,-1.5525089565591932,-1.19084784161845,-48.59324383681322,107.59920056627432,1.85,0.1,506,6,2,11.668191220192368,0.3606419044530939,PLL96-IQ-corrected,extreme,selection_envelope,50352,NTSC,30,5,1000000.0,sync;h_jitter_us;v_jitter_us;h_width_rmse_us,False,0.5115273240081337,-93.63788650642282,35.848109059086255,25.480326754120764,18.1557171269045
24.040124680824313,97.60985245448387,True,0.0,0,0,2,0.025,0.025,0.0092985187311144,0.3513972093637573,1.0050364745409637,-0.5843964916774494,-46.8719632138381,109.7455255491564,0.025,0.025,506,0,2,31.45165891811999,0.9617393604474254,floating-PLL-IQ40,extreme,selection_envelope,50352,NTSC,30,5,1000000.0,,True,0.6253734096664538,8.331220223858644,3.90591825609179,8.239701319983421,5.5343498962230555
4.479520254272425,44.771955660435744,True,94.31400470245389,506,12,0,2.025,2.025,1000000.0,48.32347236296932,26.54501183168369,-26.352845473422487,4.345928053490283,81.27665721870166,1000000.0,1000000.0,506,506,2,4.623124060275411,0.6412667645206991,HC50,extreme,selection_envelope,50352,NTSC,30,5,1000000.0,contrast;waveform;sync;h_jitter_us;v_jitter_us;h_width_rmse_us;sync_error_ire;black_error_ire;white_error_ire,False,0.44620251155402413,80.8114002921191,5.364205328407559,8.735360593826956,30.411163487333983
11.878440299801342,98.44241721577443,True,3.687151342547574,0,0,2,0.075,0.075,0.04993820291792584,3.6381225377329307,-1.3912616494303998,-2.306955238425405,-58.92123153957598,112.14298683056039,0.075,0.075,506,0,2,17.07008320169535,0.48456220534939654,PLL96-board-fixed,extreme,selection_envelope,50352,NTSC,30,5,1000000.0,,True,0.6007814934582884,-87.04733485740412,30.73060609894268,20.198973003263937,16.67986122193113
12.229254780171777,96.86449660826133,True,4.63245897394985,356,11,0,2.025,2.025,3.037031856928735,8.623900092071416,-5.924051848685194,-6.058874494632621,-44.27341407666012,121.06512070065115,1.875,0.975,506,16,2,15.90202747144637,0.5316794863338251,RNG-7c05594dfa32,extreme,selection_envelope,50352,NTSC,30,5,1000000.0,sync;h_jitter_us;v_jitter_us;h_width_rmse_us,False,0.3696677799626253,-72.45360108491558,41.75188368249803,23.885825247245712,15.320040299108566
12.043600914264907,99.17888733004756,True,4.884591184554758,356,11,0,2.025,2.025,3.0369989298648097,8.62388948042097,-5.928563760363115,-0.653631705479863,-44.27337041351622,121.72496855384709,1.875,0.975,506,16,2,15.435800492365711,0.5328830717616907,RNG-223df1ec6f88,extreme,selection_envelope,50352,NTSC,30,5,1000000.0,sync;h_jitter_us;v_jitter_us;h_width_rmse_us,False,0.37004972887723675,-72.45484249284434,41.752504386462405,24.345784226925332,15.32145834511217
11.459492387883731,97.15200023458299,True,5.340687064037065,351,10,0,2.025,2.025,3.0210998584685527,10.690105733090483,-7.921825403455175,-6.095352128876876,-44.16753334275356,125.48483940332825,1.9074999999999995,0.9025000000000001,506,16,2,14.342255467999488,0.5083172678093322,RNG-cbbc82c7748e,extreme,selection_envelope,50352,NTSC,30,5,1000000.0,sync;h_jitter_us;v_jitter_us;h_width_rmse_us,False,0.3486350102765984,-74.7168518510569,44.725149728262885,23.75405529242402,16.53312999391028
12.744824179735993,96.29995933117428,True,3.9392835531524804,467,12,0,2.025,2.025,2.9180665138901785,6.959618656949742,-5.015489239844917,-7.461914792427636,-44.747428268115954,116.73183304267447,1.5150000000000006,1000000.0,506,64,2,16.975980117453023,0.5563863658763049,RNG-337bea1b3eb8,extreme,selection_envelope,50352,NTSC,30,5,1000000.0,sync;h_jitter_us;v_jitter_us;h_width_rmse_us,False,0.34830530133175486,-69.27250496009735,40.04017219504622,38.537921411289375,14.713643108896118
12.578117180157742,97.42313802957611,True,4.800296236531624,428,12,0,2.025,2.025,3.0120817083785623,7.556375527219505,-4.35884821446931,-3.1836398714937273,-45.32668580207427,117.22762767867637,1.7899999999999991,1000000.0,506,28,2,16.778261565362218,0.5290368291957211,RNG-f3b45412e8c5,extreme,selection_envelope,50352,NTSC,30,5,1000000.0,sync;h_jitter_us;v_jitter_us;h_width_rmse_us,False,0.3245326667779652,-74.18579100561301,40.67417256950584,29.314266544565836,14.648927503170635
12.584055796364348,95.77429864640919,True,4.707722320399077,451,12,0,2.025,2.025,3.0708342070637302,7.132564287594975,-4.708756573503236,-8.006978332754462,-44.70566330919601,116.56035591279026,1.8199999999999996,1000000.0,506,34,2,16.751049992885342,0.5304869361317044,RNG-9d91a9b83f52,extreme,selection_envelope,50352,NTSC,30,5,1000000.0,sync;h_jitter_us;v_jitter_us;h_width_rmse_us,False,0.3237057830685836,-73.65370217366683,41.28531506276384,29.721556879355543,14.735172733677546
12.035809973342124,96.01908996653906,True,5.008775706195979,355,10,0,2.025,2.025,3.0399220101533144,9.79806176315349,-5.80725782758439,-6.9356548316576285,-44.20428609266287,120.9707142281474,1.875,0.9262499999999999,506,16,2,15.548186764634602,0.5168213362091529,RNG-704620aeb523,extreme,selection_envelope,50352,NTSC,30,5,1000000.0,sync;h_jitter_us;v_jitter_us;h_width_rmse_us,False,0.38132174671927455,-74.42260025930756,42.93944614930197,18.674593872469668,15.43536183532938
11.716018778100267,97.29664731567838,True,4.608374703086098,0,0,2,0.125,0.1,0.0679128423068688,0.1863548921423741,-0.9006293099603436,-4.706127590364343,-52.863237603308576,114.57060675103737,0.125,0.1,506,0,2,21.286489160979023,0.4160869825534691,RNG-b57735466dee,extreme,selection_envelope,50352,NTSC,30,5,1000000.0,,True,0.3178171433836403,-79.129084871168,39.12713100752201,51.61284540981077,15.683494668878593
12.984686430519725,94.89227934268602,True,4.620416838517975,0,0,2,0.225,0.20624999999999993,0.07935324038054956,0.5240130284979936,0.424231473900876,-7.93354697830298,-47.12168260687302,114.82874927506693,0.225,0.2062499999999999,506,0,2,18.821141947627073,0.5116524285602496,RNG-1bb4e5330dad,extreme,selection_envelope,50352,NTSC,30,5,1000000.0,,True,0.18326643002271653,-38.86967739688002,47.84612405528594,150.05686726623549,13.619313750848324
13.035418815452473,98.1728627851904,True,0.31986922240920984,0,0,2,0.075,0.05,0.03369166749358102,1.2286709059333616,1.2934012880239227,-0.6954239859173719,-50.32992379494654,123.20967177497631,0.075,0.05,506,0,2,29.8652399939763,0.6242149573459845,RNG-fd5a795e2bba,extreme,selection_envelope,50352,NTSC,30,5,1000000.0,,True,0.8612653123409983,-35.31373189432709,16.148164148459966,29.614049643471134,10.87329579117252
16.11154200690481,99.8686557413221,True,0.061715944088365185,0,0,2,0.05,0.05,0.02887464388158818,0.2664824290868876,0.0490974082441198,0.2946557388644254,-45.832703186821675,119.15000783255026,0.05,0.05,506,0,2,29.86348998720159,0.7659662293283058,RNG-7d202f1df34a,extreme,selection_envelope,50352,NTSC,30,5,1000000.0,,True,0.9834330230005628,-37.80601859126667,11.87321631677011,26.029704588342938,10.249104141070204
12.33416532790734,100.54671711626916,True,4.737075025514274,0,0,2,0.125,0.05,0.05161665095806277,1.3642889325630774,0.6995884368531508,1.7881502491542027,-62.0308023798314,128.60839955687226,0.125,0.05,506,0,2,18.478359111143995,0.49436650463273685,RNG-cd5662dc4ba4,extreme,selection_envelope,50352,NTSC,30,5,1000000.0,,True,0.5106467048037757,-68.70823064895627,37.20464391079846,31.751735834084045,16.128697533783047
11.982146190029132,94.95803545305914,True,4.406668934602173,0,0,2,0.15,0.15,0.0635533761538548,0.9539538459947913,1.0717254223246264,-4.190662776292208,-48.89166864491625,118.10072556129684,0.15,0.15,506,0,2,21.927891757159315,0.40478092225368606,RNG-cc2a068a5ca6,extreme,selection_envelope,50352,NTSC,30,5,1000000.0,,True,0.27026841556401004,-102.30388853271765,41.82725090606589,79.779256905465,16.926708461582795
10.812498809354471,96.29237193579335,True,4.589558866473792,0,0,2,0.275,0.275,0.09188947648848622,1.314548455546442,0.5742306448314087,-3.1689659055344865,-57.144484803602765,120.69288918812389,0.275,0.275,506,0,2,23.155213735884974,0.3758594436964159,RNG-d8bdc149125e,extreme,selection_envelope,50352,NTSC,30,5,1000000.0,,True,0.4614046983095379,-87.15683371221861,37.26319652675828,56.546719307857536,18.05629447345158
11.816208489275425,98.3709035702722,True,0.8587547829856669,0,0,2,0.075,0.075,0.04449707988820249,1.1193016729576912,0.910079010323988,-0.47597538438870135,-50.7062384651418,119.0671922281992,0.075,0.075,506,0,2,28.490480602308427,0.5391955992605721,RNG-781a9bc90fe8,extreme,selection_envelope,50352,NTSC,30,5,1000000.0,,True,0.8641939065464993,-55.958801068585444,31.60761449267891,43.56154319760748,14.598346388348826
11.964668018547398,101.66193036841076,True,4.285494946818919,0,0,2,0.1,0.1,0.04773785879210897,0.43623954068243675,-3.104271044665836,-0.7073876408348763,-59.80602832713261,121.87286281027035,0.1,0.1,506,0,2,19.378810375611696,0.46602979118415727,RNG-7702b78c2bb8,extreme,selection_envelope,50352,NTSC,30,5,1000000.0,,True,0.4991439326158482,-71.27723307193004,36.81504136984145,40.739958824160496,14.870459144390043
15.766266277869505,97.17992873796469,True,0.383939774153074,0,0,2,0.05,0.025,0.019391353489736977,0.5402352456117061,1.0038296483444122,-1.6704487171808156,-53.99533984405929,123.60886568113901,0.05,0.025,610,0,2,27.7520025558027,0.7183912766220362,OVP56,extreme,selection_envelope,50353,PAL,30,3,500000.0,,True,0.8486256361849565,-60.9828184485586,15.791333613982431,19.62469729027024,12.246010724508789
15.870881357862302,96.27933141517714,True,0.6568381430363864,0,0,2,0.075,0.06624999999999999,0.05821807504800448,1.7838685066570699,2.1613114651943297,-0.7435987250707938,-45.81694868497794,109.6365384888606,0.075,0.06624999999999999,610,0,2,25.288989455197065,0.7129627802220909,RANGE32,extreme,selection_envelope,50353,PAL,30,3,500000.0,,True,0.7501979042231177,-66.04651635613779,14.50606289194158,18.542799586154516,12.48753639725961
-6.363424333240776,-96.54803554879474,False,656.215181932246,610,8,32,2.025,2.025,1000000.0,136.2227481610163,39.1914380992589,-142.2280298451204,-56.717964844600324,108.4121560007579,1000000.0,1000000.0,610,610,2,-6.399995499882967,-0.3754922910433427,PLL96-rejected-board,extreme,selection_envelope,50353,PAL,30,3,500000.0,contrast;waveform;detail_floor;sync;h_jitter_us;v_jitter_us;h_width_rmse_us;sync_error_ire;black_error_ire;white_error_ire,False,0.26843067118557296,53.58468347479588,32.168918849465435,55.663851314083836,42.93110893487228
9.526411229665515,102.7923939533264,True,5.932245922208281,0,0,2,0.35,0.22999999999999987,0.11116926984278097,2.2170561947855565,2.1578670517070178,5.39804285847661,-52.75284548480128,114.02817830592099,0.35,0.2299999999999999,610,0,2,12.650729532948493,0.37479152816033867,PLL96-IQ-corrected,extreme,selection_envelope,50353,PAL,30,3,500000.0,,True,0.31064630164865326,-124.6056255967124,31.380599164069725,54.34016873553556,17.65276799123828
21.587427898804105,95.8988970987777,True,0.0,0,0,2,0.025,0.025,0.01827611538162919,2.160353589388488,2.231387498559555,-0.7182350516946981,-45.939353721356,112.9353879153175,0.025,0.025,610,0,2,27.52739015522035,0.9318066775271799,floating-PLL-IQ40,extreme,selection_envelope,50353,PAL,30,3,500000.0,,True,0.5344395411359122,12.895853652795948,7.458459265487136,10.09439772554867,6.427428862633703
3.5587146402148644,44.24021024266257,True,95.3237139272271,610,8,0,2.025,2.025,1000000.0,54.60768574696334,32.44595378754237,-21.014543677085044,9.276302336309385,90.15994685200766,1000000.0,1000000.0,610,610,2,3.6722180457193234,0.5574827094124238,HC50,extreme,selection_envelope,50353,PAL,30,3,500000.0,contrast;waveform;sync;h_jitter_us;v_jitter_us;h_width_rmse_us;sync_error_ire;black_error_ire;white_error_ire,False,0.40591305323603133,97.93814689616151,13.459319099143388,17.702461816537017,35.67763819737172
12.342311375544954,102.21098915553137,True,4.023212045169386,0,0,2,0.075,0.06624999999999999,0.068480283150173,-2.669276417276515,-2.093057256204661,0.757324998220144,-49.31897735872574,114.82040921715836,0.075,0.06624999999999999,610,0,2,16.72628725106298,0.5234196624739592,PLL96-board-fixed,extreme,selection_envelope,50353,PAL,30,3,500000.0,,True,0.45408441115303366,-97.73700866903026,29.011926407668625,31.32563406854278,15.076956616561013
12.778363536178505,97.4293921220202,True,4.0263488080301135,0,0,2,0.125,0.1,0.07149601616781773,2.3906290891096895,-1.4731301578438458,-1.6641489559016833,-48.326613310400504,114.10324384463792,0.125,0.1,610,0,2,17.836587204550824,0.5135123166871941,RNG-7c05594dfa32,extreme,selection_envelope,50353,PAL,30,3,500000.0,,True,0.33686356007092405,-85.1180500312577,46.13704840271076,54.60145030188369,13.809653349469428
12.779422981296939,97.48502339514819,True,4.058971141781682,0,0,2,0.125,0.1,0.07140280565732487,2.3985070931183796,-1.4751924681620756,-1.6024094561137232,-48.17897387696879,114.12844134052307,0.125,0.1,610,0,2,17.815644926130307,0.513844441217405,RNG-223df1ec6f88,extreme,selection_envelope,50353,PAL,30,3,500000.0,,True,0.3368635600709239,-85.11804736928521,46.13704813651342,54.60145030188371,13.809653397919126
12.313647885043281,98.40780840097281,True,4.984316185696361,0,0,2,0.275,0.19124999999999998,0.07460277320912276,2.098358017040067,-3.1073588354677883,-1.7146889472526232,-50.179711438743325,113.79593751049947,0.275,0.19124999999999998,610,0,2,16.458073662263445,0.4972537997414757,RNG-cbbc82c7748e,extreme,selection_envelope,50353,PAL,30,3,500000.0,,True,0.284317626055721,-85.6537409744312,49.09555591685154,58.02032048952637,13.834855730747288
13.100716109519963,96.71568558670029,True,3.3538268506900875,0,0,2,0.125,0.09124999999999998,0.07224446203745978,2.8312610290752516,-0.5939486514475041,-2.33872423292182,-46.24777173057062,112.4832969162226,0.125,0.09124999999999998,610,0,2,18.995059555419658,0.5296852364391654,RNG-337bea1b3eb8,extreme,selection_envelope,50353,PAL,30,3,500000.0,,True,0.3629754328733159,-82.51824252915434,44.35430407058882,47.363827160393384,13.773034313768049
12.900467686596341,95.83947062873814,True,4.0483061480552065,0,0,2,0.125,0.14125,0.06917991511802905,3.6511442826111766,-0.15423633648468785,-3.055892539012839,-44.32274578286607,111.18335477482816,0.125,0.14125,610,0,2,18.70547627371138,0.5001089896396579,RNG-f3b45412e8c5,extreme,selection_envelope,50353,PAL,30,3,500000.0,,True,0.34822473485177097,-88.00942313838223,45.41612067273452,52.499317178218334,14.00797802465314
12.889674142743619,96.02012579829935,True,4.083437892095358,0,0,2,0.125,0.14125,0.069135469295826,3.599587432116505,-0.34026009606129687,-2.9668177021486994,-44.79063000256562,111.13754317525954,0.125,0.14125,610,0,2,18.687576575174447,0.5005456793496985,RNG-9d91a9b83f52,extreme,selection_envelope,50353,PAL,30,3,500000.0,,True,0.35159582432983705,-87.13636469148652,43.99159565718443,50.30127702451705,13.973917582915437
12.642840016714585,97.39183831960622,True,4.523212045169386,0,0,2,0.175,0.15749999999999997,0.06366536490529674,2.819949444147026,-1.6839639761063336,-1.7366504342957318,-45.994519010505925,112.91050470502844,0.175,0.15749999999999997,610,0,2,17.60222722024745,0.4984095851863125,RNG-704620aeb523,extreme,selection_envelope,50353,PAL,30,3,500000.0,,True,0.3338669048712605,-86.98832625646958,46.52382056073814,54.361900576963876,13.931491054121112
11.933625712930514,95.760893050312,True,4.34504391468005,0,0,2,0.15,0.14125,0.05240135150303151,2.092147469535346,2.5696861312977997,-2.062744371849532,-46.97178155193636,123.90042045255828,0.15,0.14125,610,0,2,20.91067722734867,0.4308286143735785,RNG-b57735466dee,extreme,selection_envelope,50353,PAL,30,3,500000.0,,True,0.283000959149724,-80.7955352281891,67.61062030789246,54.86136270430635,14.713924665328793
12.832072053892114,91.67999876029864,True,5.003764115432873,0,0,2,0.125,0.11624999999999999,0.055349115531902894,3.635068628142852,6.665485556081286,-2.679937986354238,-48.1139247708909,123.94083173268689,0.125,0.11624999999999999,610,0,2,17.497051984146744,0.51814659758725,RNG-1bb4e5330dad,extreme,selection_envelope,50353,PAL,30,3,500000.0,,True,0.2265881659969075,-15.640729601146012,62.77178990151444,56.158894674990684,12.214313322650922
9.635540694693885,90.21220767550045,True,11.08594730238394,578,8,0,2.025,2.025,3.6797322847593135,20.464894608351223,1.9772025994238724,-1.244329532993415,-52.355792092278115,122.76546526799609,0.025,1000000.0,610,73,2,15.831987261776419,0.47129699533611985,RNG-fd5a795e2bba,extreme,selection_envelope,50353,PAL,30,3,500000.0,sync;h_jitter_us;v_jitter_us;h_width_rmse_us;sync_error_ire,False,0.8786696495016801,-41.9082681699295,40.24364991598267,48.18110125630041,11.77875651355905
8.291545652588924,89.25747187918849,True,14.77038895859473,610,8,0,2.025,2.025,1000000.0,25.093796888668553,1.2045489682536015,-0.7521109885047339,-54.584776843432145,127.80634166347627,1000000.0,1000000.0,610,610,2,14.308830199399821,0.4365427671961866,RNG-7d202f1df34a,extreme,selection_envelope,50353,PAL,30,3,500000.0,sync;h_jitter_us;v_jitter_us;h_width_rmse_us;sync_error_ire,False,0.8388276285340535,-54.60989200927965,27.378268767165476,27.096206454928918,13.171238337906487
13.202964359218539,99.45962142368069,True,3.8243412797992473,0,0,2,0.15,0.05,0.036284960529890865,2.014996516588817,4.169446669926487,3.194057246529259,-54.06159002270742,137.60760547348673,0.15,0.05,610,0,2,19.441887374708255,0.5555538813032612,RNG-cd5662dc4ba4,extreme,selection_envelope,50353,PAL,30,3,500000.0,,True,0.4642175071479387,-70.81263533028294,24.67790538834861,30.261060056597866,13.748541075922839
12.27748717479652,93.59851296188532,True,4.505018820577165,0,0,2,0.15,0.11624999999999999,0.057491980909101216,3.6499474565490195,3.8689679841123095,-2.5182106667755813,-45.70931130456269,124.61764956505277,0.15,0.11624999999999999,610,0,2,20.889812548250262,0.4359940438582991,RNG-cc2a068a5ca6,extreme,selection_envelope,50353,PAL,30,3,500000.0,,True,0.15451222562016897,-98.2669465056059,98.29711601700807,82.62247154850245,14.377541942679892
11.01561985627656,94.88593601647307,True,3.802383939774153,0,0,2,0.15,0.14125,0.04438791372936896,3.2124069287135875,2.725103767138343,-2.683016853129507,-49.572120425161756,129.3120564945498,0.15,0.14125,610,0,2,22.44292447284137,0.3904688282722837,RNG-d8bdc149125e,extreme,selection_envelope,50353,PAL,30,3,500000.0,,True,0.3672071660492283,-97.88321931859002,67.00174547462116,61.08115535788522,17.202642529683825
12.654517087738075,97.84153026826385,True,0.6994981179422836,0,0,2,0.075,0.075,0.06911323566627665,1.048271732802556,1.0114958480012517,-1.392993534361564,-44.01646683134727,126.29993159139192,0.075,0.075,610,0,2,27.03680161486505,0.5550135845424812,RNG-781a9bc90fe8,extreme,selection_envelope,50353,PAL,30,3,500000.0,,True,0.7097016673118552,-75.47246636195798,23.25566254298853,27.505357619803267,14.993630515901474
12.66016763236159,101.06305703077929,True,3.9755332496863236,0,0,2,0.1,0.06624999999999999,0.029839049121227312,-1.0879628869761393,1.001035198094186,0.6988761013205401,-53.55329602148367,123.67861644356532,0.1,0.06624999999999999,610,0,2,19.897106526549187,0.49816407143125374,RNG-7702b78c2bb8,extreme,selection_envelope,50353,PAL,30,3,500000.0,,True,0.33219501319738465,-88.1166598243166,26.417117624224005,35.015027956395386,14.069895718249558
15.894930166953749,97.19487858499035,True,0.3725535649236679,0,0,2,0.05,0.05,0.019409514394024847,0.5703148975179176,0.9758165614991301,-1.7571301504289465,-52.54515740780709,125.8639832583103,0.05,0.05,506,0,2,27.74874764312779,0.736353428168441,OVP56,extreme,selection_envelope,50353,NTSC,30,3,500000.0,,True,0.9081120281837038,-48.977764941073346,10.286163581537156,14.132491896655964,11.818183523419549
15.977706292531453,96.2974377671252,True,0.6856490861524475,0,0,2,0.075,0.075,0.05875646461783888,1.7467565324126744,2.1304570099042657,-0.8268068745874045,-45.81514956070856,109.5519328300017,0.075,0.075,506,0,2,25.311015455215742,0.729788109746851,RANGE32,extreme,selection_envelope,50353,NTSC,30,3,500000.0,,True,0.8244709996430324,-53.92497080371621,11.789575079320448,14.218283814592054,12.244474097528459
-6.298496019654341,-96.37824897141878,False,653.8126906044249,506,12,25,2.025,2.025,1000000.0,136.19301639976536,39.15075740638493,-142.2080104687631,-56.670376088879785,108.32815334023311,1000000.0,1000000.0,506,506,2,-6.341150861059797,-0.3426529764394252,PLL96-rejected-board,extreme,selection_envelope,50353,NTSC,30,3,500000.0,contrast;waveform;detail_floor;sync;h_jitter_us;v_jitter_us;h_width_rmse_us;sync_error_ire;black_error_ire;white_error_ire,False,0.5953046099097471,63.60884471426768,22.65956156122886,26.36364009539372,41.99121667008465
9.42763320491124,102.17374357419288,True,6.119662699786553,0,0,2,0.3,0.15,0.1053004829029988,2.1572838800652883,2.159524608667806,5.266812029915021,-52.75687153950553,113.90075546635799,0.3,0.15,506,0,2,12.792677268083796,0.33974359950085115,PLL96-IQ-corrected,extreme,selection_envelope,50353,NTSC,30,3,500000.0,,True,0.7077483375506526,-112.74483116239843,24.776500043095105,24.225603198981908,20.389864666680207
21.87931420425778,95.87637361570617,True,0.0,0,0,2,0.025,0.025,0.017677669529663688,2.156734829054144,2.200042692896775,-0.7954010218194494,-45.70523380301697,112.03854390571189,0.025,0.025,506,0,2,27.506614273224802,0.9406553449665449,floating-PLL-IQ40,extreme,selection_envelope,50353,NTSC,30,3,500000.0,,True,0.6396028773000066,4.425699110610656,7.049923338687218,9.702277422206478,5.689704421198835
3.4824009450906797,44.23288105252769,True,101.42262777458326,506,12,0,2.025,2.025,1000000.0,54.5913726292616,32.39537314371901,-21.07194465290078,9.31021500723012,90.05570399556586,1000000.0,1000000.0,506,506,2,3.5879735551379492,0.5733478488846232,HC50,extreme,selection_envelope,50353,NTSC,30,3,500000.0,contrast;waveform;sync;h_jitter_us;v_jitter_us;h_width_rmse_us;sync_error_ire;black_error_ire;white_error_ire,False,0.44006832027765563,79.6591125884136,11.676563106357573,15.84679242819881,35.768316180968135
12.33941044664576,102.07609638234163,True,4.002504764169831,0,0,2,0.075,0.05,0.06672942533495697,-2.6880226471082405,-2.132795531715397,0.6499290443957444,-50.71311718000093,114.62723005936104,0.075,0.05,506,0,2,16.894228082131185,0.5247317913653232,PLL96-board-fixed,extreme,selection_envelope,50353,NTSC,30,3,500000.0,,True,0.5825263282255104,-82.12305291835186,24.372235940633175,31.81980100417153,15.942695309533677
12.722786130354066,97.25124543728599,True,3.9829362940930313,0,0,2,0.125,0.11124999999999999,0.0747938537137891,2.3170596763735127,-1.5070715108986137,-1.7711103134532589,-47.211763458407304,114.01639788945337,0.125,0.11124999999999999,506,0,2,17.88942512703753,0.5114024011166406,RNG-7c05594dfa32,extreme,selection_envelope,50353,NTSC,30,3,500000.0,,True,0.49065747017039474,-71.41981111368636,52.37157666111648,62.757172606692905,14.173376287911276
12.72458981149162,97.3052543153632,True,4.013794266137214,0,0,2,0.125,0.11124999999999999,0.07476907796517787,2.3232692915473776,-1.508912430509061,-1.711928293396725,-47.091056145059625,114.04158278990406,0.125,0.11124999999999999,506,0,2,17.86946799843641,0.5117700192091008,RNG-223df1ec6f88,extreme,selection_envelope,50353,NTSC,30,3,500000.0,,True,0.49065747017039474,-71.4193592503461,52.25544134626911,62.75717260669286,14.17305385960121
12.26727068877973,98.1931560507385,True,4.8815806506967885,0,0,2,0.275,0.2,0.07878304877766255,2.0200488020400993,-3.122309138803969,-1.815976299532122,-49.326479873928534,113.70924516796691,0.275,0.2,506,0,2,16.51547405308037,0.49419107573323706,RNG-cbbc82c7748e,extreme,selection_envelope,50353,NTSC,30,3,500000.0,,True,0.4303284637796858,-71.91068701632209,55.332309130072744,66.89900225739298,14.298614759535955
13.050808039795946,96.56703158022103,True,3.3394346819521505,0,0,2,0.125,0.1,0.07651629292512774,2.769271764043066,-0.6542963292428746,-2.4525143814579633,-45.29769845317981,112.3973750098522,0.125,0.1,506,0,2,19.042730576602274,0.5295332394668055,RNG-337bea1b3eb8,extreme,selection_envelope,50353,NTSC,30,3,500000.0,,True,0.5077800751165138,-68.89920692435989,50.96554066428156,59.21134069234162,14.010690788485817
12.852462422912602,95.6924372387891,True,4.039383803929951,0,0,2,0.125,0.1,0.07312376481170232,3.5827350122061192,-0.21514271626031053,-3.166256332968875,-43.288526148811165,111.0979683837478,0.125,0.1,506,0,2,18.762342421597566,0.4999729418646322,RNG-f3b45412e8c5,extreme,selection_envelope,50353,NTSC,30,3,500000.0,,True,0.5020251890931944,-73.14962921147826,51.40358016729489,62.41522025288509,14.27937491945028
12.842688406582088,95.87056073991967,True,4.058199640542258,0,0,2,0.125,0.1,0.07224006147708789,3.537241422437388,-0.3993101041931064,-3.080011328784145,-44.081482342826966,111.0521796839501,0.125,0.1,506,0,2,18.74291968392419,0.5005864323574166,RNG-9d91a9b83f52,extreme,selection_envelope,50353,NTSC,30,3,500000.0,,True,0.504020699787439,-72.24258764592913,51.57250079922774,62.788459703291814,14.226198138840614
12.591673352503324,97.20739982672981,True,4.460858544045616,0,0,2,0.175,0.125,0.06659045380194828,2.7385316074870203,-1.7105547917093948,-1.8449055397124725,-45.75259010223579,112.82425496245352,0.175,0.125,506,0,2,17.662964554103567,0.49648584507616045,RNG-704620aeb523,extreme,selection_envelope,50353,NTSC,30,3,500000.0,,True,0.48935263752523395,-72.96924217522862,52.241140237375376,62.299997217245604,14.30847662470637
11.81826989482702,95.49057214183041,True,4.31258975154064,0,0,2,0.15,0.12249999999999997,0.05132868971006155,2.0573157211068023,2.5803801442839225,-2.1623268471265775,-46.978111175722496,123.80867721282067,0.15,0.12249999999999997,506,0,2,21.01782970713775,0.4142256236535476,RNG-b57735466dee,extreme,selection_envelope,50353,NTSC,30,3,500000.0,,True,0.5506309633167132,-83.11438636801826,84.2000472135888,82.79189370731194,15.985136064281443
12.605433604285977,91.50191584003265,True,5.447561015994967,0,0,2,0.125,0.075,0.05817548755084615,3.577714171900165,6.672670808455542,-2.9455979381682584,-48.11869726615545,124.33909382770173,0.125,0.075,506,0,2,17.386891838981327,0.49332291611467144,RNG-1bb4e5330dad,extreme,selection_envelope,50353,NTSC,30,3,500000.0,,True,0.2665398199426897,-25.4655307108105,106.46252512344297,83.48637069575875,13.53630028056814
9.536584110153997,89.94952465012618,True,11.77720845237486,476,12,0,2.025,2.025,3.6683897466508832,20.47899175919279,1.952796830468279,-1.333187070085811,-52.360894413865246,122.66887891480252,0.05,1000000.0,506,68,2,15.620363254484957,0.4803520502004815,RNG-fd5a795e2bba,extreme,selection_envelope,50353,NTSC,30,3,500000.0,sync;h_jitter_us;v_jitter_us;h_width_rmse_us;sync_error_ire,False,0.9249690223152112,-33.87564481299423,29.886399844723094,34.928783236637216,11.480257795554198
8.169493046597921,88.94177508690694,True,15.729286774423707,506,12,0,2.025,2.025,1000000.0,25.13770482968506,1.17468069471073,-0.8458836590151491,-54.58730097016947,134.1374439839617,1000000.0,1000000.0,506,506,2,14.076157685040478,0.4469347198980971,RNG-7d202f1df34a,extreme,selection_envelope,50353,NTSC,30,3,500000.0,sync;h_jitter_us;v_jitter_us;h_width_rmse_us;sync_error_ire,False,0.8906993591093241,-42.20386057248129,20.838686753101065,31.941537143759454,12.641820232074876
13.130130584346203,99.06034819779329,True,3.8790728759931,0,0,2,0.125,0.08624999999999998,0.034128766858366376,1.9755042092591673,4.096334522044041,2.653088616933189,-54.064375673134684,137.50901042952773,0.125,0.08624999999999998,506,0,2,19.559859510436397,0.5477058085768843,RNG-cd5662dc4ba4,extreme,selection_envelope,50353,NTSC,30,3,500000.0,,True,0.527009316034177,-67.78067460241277,21.160276521521062,22.7556233698937,14.63616473165139
12.037448520428768,93.31846722536295,True,4.643748475917234,0,0,2,0.125,0.125,0.06053736637212365,3.6034587118544574,3.8288305056249743,-2.5973521699508053,-45.716271928758665,124.34285532417036,0.125,0.125,506,0,2,20.870984490133132,0.4046616722305568,RNG-cc2a068a5ca6,extreme,selection_envelope,50353,NTSC,30,3,500000.0,,True,0.384546111822217,-111.99532590069309,95.85194766600367,69.10400493238797,16.72109217441443
10.911831734017841,94.67227343799134,True,3.841441202768487,0,0,2,0.15,0.15,0.04533581330890014,3.1968607169188403,2.698020376418246,-2.766240069027754,-49.577150222431385,129.21760813418788,0.15,0.15,506,0,2,22.5040958404203,0.37767276662753146,RNG-d8bdc149125e,extreme,selection_envelope,50353,NTSC,30,3,500000.0,,True,0.7023362198465484,-90.95974646630391,91.51654295236608,79.09051700327686,17.997216764361823
12.741298730361756,97.84012964202611,True,0.6427489786763887,0,0,2,0.075,0.08624999999999998,0.06740166310799253,0.9940118902520826,0.9837062575087848,-1.4784129187725221,-44.02427372223627,125.90593168919011,0.075,0.08624999999999998,506,0,2,27.071015853718855,0.5717947710931988,RNG-781a9bc90fe8,extreme,selection_envelope,50353,NTSC,30,3,500000.0,,True,0.7925182473284405,-62.104696671199555,19.49018440336928,26.125153595324527,15.078094043757677
12.416352065154388,100.78242796537661,True,4.058199640542258,0,0,2,0.1,0.1,0.02967628376636499,-1.0474297200668161,0.9771125293883037,0.5900468638332937,-53.975379297814825,123.58701367644514,0.1,0.1,506,0,2,20.02720079378731,0.46864324952292674,RNG-7702b78c2bb8,extreme,selection_envelope,50353,NTSC,30,3,500000.0,,True,0.42345072587434923,-98.39154018781058,21.62049761225938,28.335172552909782,17.143233318252438
15.962498177309106,97.63596197291862,True,0.35382685069008785,0,0,2,0.05,0.04124999999999999,0.019731808388870037,0.8873143323327569,0.9090526012283777,-1.1571306730449353,-61.23957995143381,117.98476904136359,0.05,0.04124999999999999,610,0,2,27.266891619639292,0.7274609959992531,OVP56,extreme,selection_envelope,50354,PAL,30,3,1500000.0,,True,0.8109460058708184,-60.772638774492684,10.202977590316024,22.44658099505549,11.799190067635443
15.989883131922465,95.32871969869218,True,1.651819322459222,0,0,2,0.05,0.04124999999999999,0.019989751472552785,2.4924543842410483,1.9123667269807993,-3.069608804701094,-50.37968959566679,102.64627374059256,0.05,0.04124999999999999,610,0,2,24.429843962006675,0.7121431648184244,RANGE32,extreme,selection_envelope,50354,PAL,30,3,1500000.0,,True,0.7858390228474539,-60.61549127933026,9.468290233377909,23.48590646330949,11.594886099601604
-7.645728906865862,-73.51541269909188,False,669.49121706399,610,8,64,2.025,2.025,1000000.0,67.03360170893929,-8.726010384577666,-170.40652376500387,-79.47931601866242,50.2875591801957,1000000.0,1000000.0,610,610,2,-7.722042960006847,-0.4160112056685917,PLL96-rejected-board,extreme,selection_envelope,50354,PAL,30,3,1500000.0,contrast;waveform;detail_floor;sync;h_jitter_us;v_jitter_us;h_width_rmse_us;sync_error_ire;white_error_ire,False,0.22936002821896417,69.83373823918433,18.644018496662284,44.346677767495756,14.891622970752797
8.932830352364029,91.06647165424353,True,6.708908406524467,610,8,0,2.025,2.025,1000000.0,12.426088443522708,10.686985619912418,-8.182939198597081,-50.834107289765164,107.63484461133805,1000000.0,1000000.0,610,610,2,10.590267242512015,0.4382293075764461,PLL96-IQ-corrected,extreme,selection_envelope,50354,PAL,30,3,1500000.0,sync;h_jitter_us;v_jitter_us;h_width_rmse_us,False,0.20372748966913393,-109.82074059200161,19.34185625479955,41.886935986391,17.14478058297921
21.69649358187854,96.62912002062838,True,0.0,0,0,2,0.025,0.025,0.020570749565947226,1.2907015379752762,1.544502108253396,-1.6217312179889913,-45.91009810739799,111.41274909657224,0.025,0.025,610,0,2,29.35633664212924,0.9256486833073309,floating-PLL-IQ40,extreme,selection_envelope,50354,PAL,30,3,1500000.0,,True,0.4850960855768921,13.665506722375724,5.398099906994708,12.583333050505313,6.777674370283896
4.969576915059568,44.89208209260643,True,83.04454203262233,610,8,0,2.025,2.025,1000000.0,43.44036853496105,21.943871947880965,-29.952001214356265,-2.8179159965892495,79.71667190222098,1000000.0,1000000.0,610,610,2,5.16919683801421,0.5824136413464787,HC50,extreme,selection_envelope,50354,PAL,30,3,1500000.0,contrast;waveform;sync;h_jitter_us;v_jitter_us;h_width_rmse_us;sync_error_ire;black_error_ire;white_error_ire,False,0.39989831089922634,98.47459732356292,8.901819044852791,24.87031135630158,25.97649879985113
11.964744142905534,93.18244420694447,True,4.065244667503137,0,0,2,0.125,0.08249999999999998,0.05131468329154411,3.3115609509168205,9.716297304504192,-6.499981249455775,-51.95630006536764,101.48846427048656,0.125,0.08249999999999998,610,0,2,15.221396436197647,0.5393977534088412,PLL96-board-fixed,extreme,selection_envelope,50354,PAL,30,3,1500000.0,,True,0.3677045697371415,-84.1870861507547,16.989431922767846,55.54002522812927,14.535511501522768
12.535021966728223,90.39963521958602,True,4.216436637390213,0,0,2,0.175,0.18249999999999997,0.06965959385751141,4.383311367162811,4.969947879659951,-10.492949614317729,-55.84184276940248,111.308090202806,0.175,0.18249999999999997,610,0,2,15.904789279364522,0.5476974252855414,RNG-7c05594dfa32,extreme,selection_envelope,50354,PAL,30,3,1500000.0,,True,0.1943343984056744,-82.7230982494958,33.55817758217439,89.47740410738372,13.27288256732714
12.722302137141703,95.15077938428391,True,4.663739021329987,0,0,2,0.175,0.18249999999999997,0.06916510301741649,4.382064442748279,4.970642818592259,-0.007399509220324788,-55.84184276940248,112.03379250688508,0.175,0.18249999999999997,610,0,2,16.356773554691937,0.5484713598354712,RNG-223df1ec6f88,extreme,selection_envelope,50354,PAL,30,3,1500000.0,,True,0.1943343984056744,-82.72266849960279,33.55860733206742,89.47740410738372,13.27458052954258
12.237691947002203,90.53271773796847,True,5.01129234629862,0,0,2,0.175,0.18249999999999997,0.06026750476954842,4.757771917099477,5.281680187461802,-9.988907597468407,-58.832477437832274,114.56125971957428,0.175,0.18249999999999997,610,0,2,15.346873579209031,0.5307145347634574,RNG-cbbc82c7748e,extreme,selection_envelope,50354,PAL,30,3,1500000.0,,True,0.18472667618923738,-82.47497735444372,33.445706747148904,89.83720720732578,13.649165659890096
12.63053855664397,89.6295624178219,True,3.609159347553325,0,0,2,0.175,0.19874999999999995,0.0784062560233975,4.150485534758111,4.6380920454692145,-11.875543303095528,-56.02247480205797,109.06273698698371,0.175,0.19874999999999995,610,0,2,16.168273630625574,0.5557534411296744,RNG-337bea1b3eb8,extreme,selection_envelope,50354,PAL,30,3,1500000.0,,True,0.21435210083360556,-83.78584432869889,33.09397960531468,91.51868560587236,13.369633426698165
12.913968790113852,92.7044573941911,True,4.594102885821831,0,0,2,0.175,0.19124999999999998,0.0866439388021317,4.6597152891543665,4.841127520843236,-4.013268182908429,-55.26580988505815,109.18900999475755,0.175,0.19124999999999998,610,0,2,17.025166067230483,0.5368990696632244,RNG-f3b45412e8c5,extreme,selection_envelope,50354,PAL,30,3,1500000.0,,True,0.209133311192853,-81.68158153836097,30.71727292594724,87.35627779062887,13.234054819452801
12.399044018545688,88.7395200138727,True,4.277917189460477,0,0,2,0.175,0.19124999999999998,0.085243143082731,4.509475219464176,4.84856986028631,-13.009799383037741,-54.632453121817534,110.51810297727707,0.175,0.19124999999999998,610,0,2,15.755094367017474,0.5350594639685571,RNG-9d91a9b83f52,extreme,selection_envelope,50354,PAL,30,3,1500000.0,,True,0.20504378177401197,-81.73557328646213,30.180288639577434,89.37930816654429,13.234753397735279
12.374093219408826,89.86395392449771,True,4.692597239648682,0,0,2,0.175,0.18249999999999997,0.07127354370863628,4.5421436750212045,5.14590810155819,-11.459590379952246,-54.8646155488721,111.43331079856972,0.175,0.18249999999999997,610,0,2,15.57160170393371,0.5384395916612388,RNG-704620aeb523,extreme,selection_envelope,50354,PAL,30,3,1500000.0,,True,0.1884026495504839,-81.46765490688263,31.952231616648845,89.91298596414498,13.229985645887403
12.270050038359672,92.66341856579172,True,5.162484316185696,0,0,0,0.95,0.29,2.022550380332615,2.7401951827181854,3.7167615045583466,-7.111916174313289,-63.02658826440707,105.0737135280693,0.95,0.2899999999999999,610,0,2,19.00958997305158,0.44719776156528346,RNG-b57735466dee,extreme,selection_envelope,50354,PAL,30,3,1500000.0,sync;h_jitter_us;h_width_rmse_us,False,0.33131986719856166,-96.69771064353978,141.20388085860867,99.99877261202096,15.200809267781475
12.433016552704148,90.74562961538881,True,5.040150564617315,0,0,2,0.375,0.37374999999999997,0.2088267381284711,-1.5464465905367695,4.840991196040713,-12.557769683551705,-64.68304662177765,100.93516032297083,0.375,0.37374999999999997,610,0,2,16.065769010832632,0.5094003422835499,RNG-1bb4e5330dad,extreme,selection_envelope,50354,PAL,30,3,1500000.0,,True,0.24130334031499423,-66.51147803308915,120.66620700426957,99.99707424073043,13.124221187649654
13.925552480951659,96.63199982071491,True,0.7007528230865746,0,0,2,0.05,0.04124999999999999,0.03191304784803262,2.705469065138677,2.2287377996252524,-1.1315655743093476,-56.80105483239219,112.55738872956886,0.05,0.04124999999999999,610,0,2,26.224113461010788,0.6263324205206215,RNG-fd5a795e2bba,extreme,selection_envelope,50354,PAL,30,3,1500000.0,,True,0.7947268750575047,-46.64606941600942,20.81396144006109,51.688540976160155,11.671219554909108
14.219685487205492,97.41424753113195,True,0.4284818067754078,0,0,2,0.05,0.025,0.033495167256011676,1.368412148409641,0.8482743834805115,-2.7187286155064077,-55.43615626315405,112.84235293950795,0.05,0.025,610,0,2,27.304821985771397,0.6652606021568369,RNG-7d202f1df34a,extreme,selection_envelope,50354,PAL,30,3,1500000.0,,True,0.896967719377203,-43.590523912369534,18.331834531349234,23.712237919919595,13.359394103613782
13.345954565884346,97.16590740624228,True,3.9611041405269765,0,0,2,0.125,0.11624999999999999,0.05173228690283005,1.8832274692184126,3.403864333088509,-0.8776094048791423,-65.59562657387062,112.58283172403969,0.125,0.11624999999999999,610,0,2,19.710124117679783,0.5318686753136183,RNG-cd5662dc4ba4,extreme,selection_envelope,50354,PAL,30,3,1500000.0,,True,0.34747516535034423,-93.83767397511562,22.151699476888663,51.49693877210831,14.528771330796806
12.018246623996454,91.11520270590229,True,5.901505646173149,0,0,2,0.475,0.5974999999999997,1.2387456472934726,3.0488117188452426,3.281406904647664,-9.029911361935703,-69.59246588290344,106.66269074592887,0.475,0.5974999999999996,610,0,2,17.91993455632449,0.4350798592216331,RNG-cc2a068a5ca6,extreme,selection_envelope,50354,PAL,30,3,1500000.0,h_width_rmse_us,False,0.2991667243914623,-94.80347317313202,142.6338813947896,99.99913456062694,15.002408825450097
12.017300376995214,93.85043098476402,True,6.202007528230866,0,0,2,0.225,0.2,0.1171248808106887,1.8799656043500534,3.8069239536959194,-4.299283547987422,-56.844666546780644,110.41770083966841,0.225,0.2,610,0,2,20.93772700976008,0.4316030290928489,RNG-d8bdc149125e,extreme,selection_envelope,50354,PAL,30,3,1500000.0,,True,0.3116214854800185,-88.43355166469301,151.3462437494561,112.10192828669102,15.177722346254496
13.048937087384578,96.81372960947508,True,1.121706398996236,0,0,2,0.075,0.05,0.03964494055330907,2.225084815275692,2.2707070101091333,-1.0758573640622076,-51.861289479872646,110.70827652900573,0.075,0.05,610,0,2,25.842274614872988,0.5746527720706531,RNG-781a9bc90fe8,extreme,selection_envelope,50354,PAL,30,3,1500000.0,,True,0.8100456626289718,-63.89093452877448,17.049476880706926,35.02406959247622,15.600592791983205
12.133280453181275,97.45792717311143,True,3.7409033877038897,0,0,2,0.125,0.1,0.04824799324799962,0.45618252572599854,6.262307455873913,-0.2195869306737688,-60.82717136914192,111.87614596454026,0.125,0.1,610,0,2,18.36932654058328,0.4755626465113269,RNG-7702b78c2bb8,extreme,selection_envelope,50354,PAL,30,3,1500000.0,,True,0.349558600449173,-101.94123318189855,17.212337810015413,41.59536263052367,14.90960296859495
16.12548890514516,97.69737931709318,True,0.3898641346069899,0,0,2,0.05,0.05,0.019056292726816478,0.823365727305634,0.7933725602548046,-1.209024291044014,-61.26421537072941,118.07553026478419,0.05,0.05,506,0,2,27.33386617088399,0.7479268238312201,OVP56,extreme,selection_envelope,50354,NTSC,30,3,1500000.0,,True,0.8746073526993963,-48.30555549449234,8.181660058320462,14.573105565267186,11.243012396450505
16.07813023707358,95.36135282737851,True,1.6738568250307826,0,0,2,0.05,0.05,0.019630983013368082,2.4371689938379,1.9077101944813168,-3.1202049102774585,-49.07269858566991,102.61325307386372,0.05,0.05,506,0,2,24.484050629055062,0.7294532225794993,RANGE32,extreme,selection_envelope,50354,NTSC,30,3,1500000.0,,True,0.8551970284229444,-48.27883037961222,8.3220265510741,15.035190431904887,11.084896881256926
-7.5305997210613915,-73.49524058872913,False,665.2850825036803,506,12,54,2.025,2.025,1000000.0,67.05126038421727,-8.65716293986065,-170.42282664133467,-79.51711869084593,50.25084122354252,1000000.0,1000000.0,506,506,2,-7.610116146507769,-0.39644430156504346,PLL96-rejected-board,extreme,selection_envelope,50354,NTSC,30,3,1500000.0,contrast;waveform;detail_floor;sync;h_jitter_us;v_jitter_us;h_width_rmse_us;sync_error_ire;white_error_ire,False,0.29504833042561485,76.59160399197346,18.57676564757164,41.52798876983483,16.006394678734722
8.946363685995534,90.83894227440756,True,6.856490861524474,506,12,0,2.025,2.025,1000000.0,12.383235166469584,10.473297109801118,-8.18281956120803,-50.871663799336616,108.34733710160046,1000000.0,1000000.0,506,506,2,10.746064491981432,0.4171558136524412,PLL96-IQ-corrected,extreme,selection_envelope,50354,NTSC,30,3,1500000.0,sync;h_jitter_us;v_jitter_us;h_width_rmse_us,False,0.26814183206134035,-103.76537784446546,18.395760516529062,34.95969182702984,17.984793907083063
22.03329840937411,96.63554694990287,True,0.0,0,0,2,0.025,0.025,0.020732628806622706,1.2571987827116267,1.4997546845012297,-1.660016270617725,-46.15093267241254,110.15498452798371,0.025,0.025,506,0,2,29.396672735474148,0.9356114183413774,floating-PLL-IQ40,extreme,selection_envelope,50354,NTSC,30,3,1500000.0,,True,0.5897946618503791,4.869040124099213,4.957254643959862,8.909700057967246,6.080081263715309
4.949758188166221,44.896267044833756,True,88.68505902151628,506,12,0,2.025,2.025,1000000.0,43.42427043627408,21.890506471194207,-29.981870787350882,-4.784956187814771,79.69001748821293,1000000.0,1000000.0,506,506,2,5.146778485507054,0.5987476773744801,HC50,extreme,selection_envelope,50354,NTSC,30,3,1500000.0,contrast;waveform;sync;h_jitter_us;v_jitter_us;h_width_rmse_us;sync_error_ire;black_error_ire;white_error_ire,False,0.4313097079805915,80.68362574006898,7.913446585291522,16.352495913560677,26.146288046681207
11.913828772333183,93.1375037574983,True,4.0311048358205355,0,0,2,0.125,0.061249999999999985,0.05068698018697019,3.222939709321416,10.000347501070024,-6.536834739240837,-48.73222106315835,101.17500095519256,0.125,0.061249999999999985,506,0,2,15.255268920744342,0.5409095420443133,PLL96-board-fixed,extreme,selection_envelope,50354,NTSC,30,3,1500000.0,,True,0.4965728519083177,-74.54292904601215,15.87367486503546,44.201107146627116,16.18731312358859
12.491428586968231,90.43089716797842,True,4.3539845920877145,0,0,2,0.175,0.15,0.06824848519363119,3.933714212755842,5.080749713085535,-10.423589609923523,-55.10187968367728,111.51627412540623,0.175,0.15,506,0,2,16.05118724021816,0.5400753408064211,RNG-7c05594dfa32,extreme,selection_envelope,50354,NTSC,30,3,1500000.0,,True,0.23418118018102124,-78.45363126665988,27.176408665913506,65.8218773694643,14.594636126938163
12.679801431841025,95.01996876618172,True,4.820617340072915,0,0,2,0.175,0.15,0.06729161950299582,3.9321093318330664,5.07530721476209,0.021596260612879795,-55.10187968367728,112.36894084236911,0.175,0.15,506,0,2,16.52848093679719,0.5408058254186321,RNG-223df1ec6f88,extreme,selection_envelope,50354,NTSC,30,3,1500000.0,,True,0.23418118018102124,-78.46387364969557,27.175141585249783,66.10558403696837,14.596626959841496
12.203906102714804,90.55643934252026,True,5.075007451071299,0,0,2,0.16874999999999998,0.15,0.058693364762924236,4.274511705751267,5.4131294771229275,-9.895088363491883,-53.89597693300719,114.58333570267635,0.16875,0.15,506,0,2,15.501358743759727,0.5221739154137913,RNG-cbbc82c7748e,extreme,selection_envelope,50354,NTSC,30,3,1500000.0,,True,0.2197405567128971,-79.1793685334746,27.565089236976863,65.6311096900697,15.001372793566917
12.583127327193287,89.65862793998501,True,3.740588318526524,0,0,2,0.175,0.175,0.07707120315481798,3.74195575541309,4.728554426891093,-11.822326553885107,-55.345909877314014,109.02658253295701,0.175,0.175,506,0,2,16.30564218729019,0.5488044039080756,RNG-337bea1b3eb8,extreme,selection_envelope,50354,NTSC,30,3,1500000.0,,True,0.2608736566235691,-78.47561146512643,27.390624951701895,65.65116040983555,14.622154790779035
12.859888103496797,92.62714815812846,True,4.723527623153414,0,0,2,0.175,0.175,0.08629534953738038,4.188274307852745,4.929932063634391,-3.991713120389085,-55.3032543757515,109.15285035571671,0.175,0.175,506,0,2,17.173061153194226,0.53144753704708,RNG-f3b45412e8c5,extreme,selection_envelope,50354,NTSC,30,3,1500000.0,,True,0.25084496439494663,-77.09157520825693,26.184810080195135,63.779191336956345,14.47251122006193
12.361262447197213,88.79451739204065,True,4.395379432634789,0,0,2,0.175,0.175,0.08499011800264056,4.060275607126914,4.94204638837816,-12.952657614940367,-54.67021171865726,110.4819610299476,0.175,0.175,506,0,2,15.893684854373774,0.5291209472072814,RNG-9d91a9b83f52,extreme,selection_envelope,50354,NTSC,30,3,1500000.0,,True,0.24752065643245996,-77.34312587510225,26.284093908416683,65.53546694775578,14.493906642198088
12.335215557636186,89.90141444176369,True,4.7807277664548256,0,0,2,0.175,0.15,0.06933478386037147,4.074041442202541,5.262995037930152,-11.383306282821925,-54.099268537060595,111.39717700685557,0.175,0.15,506,0,2,15.714667616352811,0.530840395946506,RNG-704620aeb523,extreme,selection_envelope,50354,NTSC,30,3,1500000.0,,True,0.23244439059620725,-77.71516411537384,26.11252679142038,61.288086833424806,14.552527166196112
12.151845369424885,92.4655174089718,True,5.289507988451592,0,0,1,0.325,0.31124999999999997,1.6165480258139087,2.694048031946304,3.734649678274139,-7.127409604152851,-63.06424938861079,105.64923435836434,0.325,0.31124999999999997,506,0,2,19.09162669567243,0.4355250977016122,RNG-b57735466dee,extreme,selection_envelope,50354,NTSC,30,3,1500000.0,sync;h_width_rmse_us,False,0.3735369170369,-87.80154893028909,98.64350068776623,99.94647927662484,16.59219064981995
12.343665656064527,90.6828106071489,True,5.142744462875602,0,0,2,0.375,0.4225,0.21219607421685133,-1.6588963325622097,4.779005269885371,-12.506742651100677,-64.72072407644407,101.27545664638882,0.375,0.4225,506,0,2,16.134016752743406,0.5002022400179253,RNG-1bb4e5330dad,extreme,selection_envelope,50354,NTSC,30,3,1500000.0,,True,0.29298086305504134,-61.75297922235071,109.94700535817591,99.92355119955478,14.263354558695207
14.018162808897081,96.65817217631594,True,0.6201699747416209,0,0,2,0.05,0.036249999999999984,0.032762319289351166,2.676641304630227,2.1987646511101464,-1.1805867404029131,-56.83889250726246,112.06060491104301,0.05,0.036249999999999984,506,0,2,26.32438649488703,0.6450671382499816,RNG-fd5a795e2bba,extreme,selection_envelope,50354,NTSC,30,3,1500000.0,,True,0.8913670353912226,-37.31249315096445,18.461929665883503,42.76220115023465,11.591320025521977
14.396323732061996,97.48002200320437,True,0.3876062342135131,0,0,2,0.05,0.036249999999999984,0.033248822381000506,1.3225996541418974,0.8241557765359118,-2.7516410944528973,-55.487875305788066,112.40763324628927,0.05,0.036249999999999984,506,0,2,27.400005092251266,0.6878726827690325,RNG-7d202f1df34a,extreme,selection_envelope,50354,NTSC,30,3,1500000.0,,True,0.9519472340667272,-33.85074048667114,14.505264916737582,23.74610207945125,12.735359591256138
13.250921062077314,96.90823918668038,True,4.070241775974133,0,0,2,0.125,0.125,0.05269421070570498,1.8647295115204252,3.402537439817935,-1.1383831131262758,-66.47092432209088,113.1382736633388,0.125,0.125,506,0,2,19.872673744506567,0.5259981130847371,RNG-cd5662dc4ba4,extreme,selection_envelope,50354,NTSC,30,3,1500000.0,,True,0.4454084434075438,-83.17004387513708,20.97887687979389,41.165356789779864,15.738825267507895
12.046262396633606,91.08775735281772,True,5.990209743893884,0,0,2,0.575,0.18624999999999997,1.319052203445724,3.017967486577473,3.2623087977843546,-8.711295565666152,-63.2896550035167,109.37607013810285,0.575,0.18624999999999997,506,0,2,18.940726051157256,0.41342319235347924,RNG-cc2a068a5ca6,extreme,selection_envelope,50354,NTSC,30,3,1500000.0,h_width_rmse_us,False,0.3661029599076443,-89.15861923627328,56.74177576668441,94.56006888701488,16.459630004844875
11.890380120343684,93.70829870763063,True,6.2604051576466055,0,0,2,0.2625,0.225,0.1161544137176326,1.844982135534874,3.76088251703509,-4.336099774426854,-56.88227470790718,110.3815300487554,0.2625,0.225,506,0,2,20.976771904932143,0.4206396718666555,RNG-d8bdc149125e,extreme,selection_envelope,50354,NTSC,30,3,1500000.0,,True,0.4912469093533892,-74.12070238234833,82.39904087977862,99.98850054130725,16.620352348576475
13.157652927852123,96.86279983379943,True,1.0792763880818985,0,0,2,0.075,0.075,0.0385155633036931,2.163805700944019,2.2567249423711493,-1.1192272774909664,-51.89160493651775,110.66009468048253,0.075,0.075,506,0,2,25.94413644205073,0.5952871747839318,RNG-781a9bc90fe8,extreme,selection_envelope,50354,NTSC,30,3,1500000.0,,True,0.8745054611570231,-50.4346193606944,14.550133517692299,34.581882753774394,15.176349103766304
11.949499069568756,97.21660449239052,True,3.889609744495991,0,0,2,0.125,0.11124999999999999,0.04924077731106231,0.39629954896267305,6.251223123149865,-0.2667245436529142,-60.08186906265431,111.83998614393545,0.125,0.11124999999999999,506,0,2,18.468090878641853,0.4544385358117082,RNG-7702b78c2bb8,extreme,selection_envelope,50354,NTSC,30,3,1500000.0,,True,0.45743837351712735,-90.63347652936056,16.86387870565652,34.67126753377627,16.325604377532994
