sinad,contrast,polarity_ok,large_errors,h_missing,v_missing,v_trains,h_jitter_us,v_jitter_us,h_width_rmse_us,sync_error_ire,black_error_ire,white_error_ire,raw_min,raw_max,h_jitter_matched_us,v_jitter_matched_us,h_expected,max_h_gap,expected_v_trains,false_sync_pulses,false_sync_per_line,luma_sinad,detail_corr,model,profile,stage,seed,standard,cnr,rms,cfo_hz,quality_failures,usable,image_pattern,burst_gain,burst_phase_deg,burst_phase_jitter_deg,burst_amplitude_jitter_pct,burst_rmse_ire
0.7234160633695276,55.58933534975645,True,220.00815558343788,610,8,0,2.025,2.025,1000000.0,35.68379257930983,14.016773498316846,-29.62267327232197,-89.67870535628643,150.1422740799275,1000000.0,1000000.0,610,610,2,0,0.0,5.574477096281141,0.11540468542906389,OVP56,safe_range,final,70401,PAL,0,3,1000000.0,,False,bars,,,,,
-0.054621728070748346,59.508355668593246,True,226.39021329987452,610,8,0,2.025,2.025,1000000.0,26.307581653367823,8.710998383307542,-32.79080293842715,-94.39265850381862,154.25362693661168,1000000.0,1000000.0,610,610,2,0,0.0,5.505451153830476,0.1081431498228692,VLP56,safe_range,final,70401,PAL,0,3,1000000.0,,False,bars,,,,,
1.1807454215769129,63.661499748566406,True,165.28168130489334,545,7,0,2.025,2.025,3.4671480188499864,31.454131028333727,4.801015475295886,-34.4313687656964,-74.4643833072678,136.22896197700553,1.8849999999999998,0.675,610,46,2,58,0.09508196721311475,6.089712097498268,0.1174185653541261,RANGE32,safe_range,final,70401,PAL,0,3,1000000.0,,False,bars,,,,,
-6.80391465831208,-77.86554940671887,False,637.5232120451694,610,8,1,2.025,2.025,1000000.0,89.71230033250941,19.58159363388915,-148.45490504074604,-78.66634641626895,137.7420528581176,1000000.0,1000000.0,610,610,2,3611,5.919672131147541,-6.695807725094657,-0.09517784137738217,PLL96-rejected-board,safe_range,final,70401,PAL,0,3,1000000.0,,False,bars,,,,,
2.693829626501639,85.27073450630056,True,113.04767879548307,392,6,0,2.025,2.025,3.285815358295006,12.68905059640938,3.3803299184843034,-10.980120357004742,-77.05862839378331,137.94884069754295,1.8537499999999993,1.095,610,10,2,240,0.39344262295081966,5.640886899130685,0.09918054714420918,PLL96-IQ-corrected,safe_range,final,70401,PAL,0,3,1000000.0,,False,bars,,,,,
5.825974707516348,92.31552143646273,True,40.237139272271015,481,8,0,2.025,2.025,3.473945799606645,4.944219909221358,1.4200328234965067,-7.707700646625841,-79.55058902984435,140.65685052380948,1.875,1000000.0,610,25,2,102,0.16721311475409836,13.368481351692708,0.25561600968453746,floating-PLL-IQ40,safe_range,final,70401,PAL,0,3,1000000.0,,False,bars,,,,,
0.8179270159164289,31.876571811989457,True,221.82371392722712,610,8,0,2.025,2.025,1000000.0,52.976570911269654,27.06180282694753,-41.17774833002311,-84.77609207026354,137.09365257523726,1000000.0,1000000.0,610,610,2,0,0.0,2.8215463939459124,0.07123776248248025,HC50,safe_range,final,70401,PAL,0,3,1000000.0,,False,bars,,,,,
0.17619580105519445,70.12359905193891,True,196.21957340025097,427,5,0,2.025,2.025,3.2894111038050666,17.109021093581482,2.5043696929912547,-30.815914260753292,-83.87357759608994,130.35356702515205,1.85,0.7,610,11,2,173,0.2836065573770492,3.836102916485475,0.08306237779732054,PLL96-board-fixed,safe_range,final,70401,PAL,0,3,1000000.0,,False,bars,,,,,
0.5649284518601903,69.69939895451199,True,185.29109159347553,476,7,0,2.025,2.025,3.4123691271170378,29.474169642939223,4.666545520749092,-25.740221263690543,-86.12542450613446,152.03542895881583,1.85875,0.025,610,20,2,116,0.1901639344262295,6.513755008589047,0.11836160380067265,RNG-58c0e88fcba8,safe_range,final,70401,PAL,0,3,1000000.0,,False,bars,,,,,
2.7206317824193804,68.97933263242669,True,134.36574654956084,610,8,0,2.025,2.025,1000000.0,26.150628518660692,9.153105078787931,-21.10114113043276,-85.29336781538615,146.70193242288536,1000000.0,1000000.0,610,610,2,0,0.0,8.522296533318315,0.17292831111281148,OVP56,safe_range,final,70401,PAL,2,3,1000000.0,,False,bars,,,,,
2.1439396612607022,73.25788547949527,True,133.90526976160604,609,8,0,2.025,2.025,3.65,18.610922574550777,5.611186797663695,-21.977242131408218,-91.26821247623377,151.77504205759334,1.125,1000000.0,610,341,2,1,0.001639344262295082,8.843051566604744,0.16542433872336604,VLP56,safe_range,final,70401,PAL,2,3,1000000.0,,False,bars,,,,,
3.255180032970373,77.48124408943508,True,90.79297365119197,353,4,0,2.025,2.025,3.275108784244904,19.99861470699482,2.753749492001162,-22.62424635796379,-70.91602967551682,135.15498615336355,1.9099999999999995,1.3449999999999998,610,10,2,206,0.3377049180327869,9.367423480809144,0.17209250206550905,RANGE32,safe_range,final,70401,PAL,2,3,1000000.0,,False,bars,,,,,
-6.768585413524364,-81.7986139799329,False,621.2057716436638,610,8,15,2.025,2.025,1000000.0,89.52591552385174,20.604438519811,-153.3146257474221,-74.3806751828636,136.4504737205653,1000000.0,1000000.0,610,610,2,2813,4.611475409836066,-6.738167419290018,-0.16207102760612319,PLL96-rejected-board,safe_range,final,70401,PAL,2,3,1000000.0,,False,bars,,,,,
5.604291818628658,89.74253441341428,True,47.61480552070264,399,5,0,2.025,2.025,3.3313110472963734,10.893671405004394,1.759266137123979,-6.810995339467243,-75.54851903886636,137.28309926366074,1.9,1.38,610,13,2,226,0.3704918032786885,9.777938076205523,0.16601415363819,PLL96-IQ-corrected,safe_range,final,70401,PAL,2,3,1000000.0,,False,bars,,,,,
8.114517968868139,94.25026492782517,True,11.776662484316187,357,7,0,2.025,2.025,3.3778033299717705,3.9379324450375672,1.512509087455487,-4.630313256689399,-77.23213146312601,137.1983302099752,1.7849999999999995,1.45,610,10,2,214,0.35081967213114756,18.62588411884652,0.3591628496202588,floating-PLL-IQ40,safe_range,final,70401,PAL,2,3,1000000.0,,False,bars,,,,,
2.101330268617895,38.06897051181446,True,165.18820577164368,610,8,0,2.025,2.025,1000000.0,50.95780931827031,27.249094227506053,-34.372141327079056,-80.18956305914635,135.30419364731188,1000000.0,1000000.0,610,610,2,0,0.0,3.6354356589184738,0.113387145186007,HC50,safe_range,final,70401,PAL,2,3,1000000.0,,False,bars,,,,,
2.7693959773683656,81.76110241866003,True,101.19887076537015,278,5,0,2.025,2.025,3.196495103827813,9.963511836118082,-0.005652185024126643,-21.688075434491953,-82.87333527433478,129.33505035496472,1.825,1.1625,610,7,2,321,0.5262295081967213,7.082606781657759,0.13303412393188038,PLL96-board-fixed,safe_range,final,70401,PAL,2,3,1000000.0,,False,bars,,,,,
2.8035304884114094,83.39882944330171,True,101.81932245922208,256,2,0,2.025,2.025,3.154460846874356,17.452666944644793,2.1818357349217457,-14.241930722571725,-79.8488372019042,147.96782683796278,1.8087499999999992,1.8125,610,8,2,298,0.4885245901639344,10.177191351759074,0.17578320164233305,RNG-58c0e88fcba8,safe_range,final,70401,PAL,2,3,1000000.0,,False,bars,,,,,
5.0325708221584895,80.83597568090052,True,64.88268506900879,603,8,0,2.025,2.025,3.5164409767344518,17.080423166722944,5.074649439209259,-13.715960712433002,-86.34031760605177,143.67423254153744,1.8925,1000000.0,610,216,2,6,0.009836065573770493,12.434196249001,0.24904362722759643,OVP56,safe_range,final,70401,PAL,4,3,1000000.0,,False,bars,,,,,
4.752572752334535,85.01016208003799,True,62.20639899623588,582,8,0,2.025,2.025,3.5172438733027476,11.179839112318016,2.9075874854690955,-12.815858287269387,-92.07646748682677,151.78296686224894,1.925,1000000.0,610,101,2,15,0.02459016393442623,13.399732972205724,0.24629286559711763,VLP56,safe_range,final,70401,PAL,4,3,1000000.0,,False,bars,,,,,
5.819969006185326,88.76654705577899,True,39.165621079046424,90,0,0,2.025,1.0587499999999999,2.795740449945513,9.261098338017964,1.6697555574520329,-11.711608653407165,-69.9487027948082,129.43540049010838,1.675,1.0587499999999996,610,3,2,394,0.6459016393442623,13.904563301170372,0.2502528081888364,RANGE32,safe_range,final,70401,PAL,4,3,1000000.0,,False,bars,,,,,
-6.809856899113803,-84.38801341826625,False,614.6787954830614,610,8,48,2.025,2.025,1000000.0,88.71704988626587,21.33741564812757,-156.66786843406172,-74.17037236751347,134.39197515065453,1000000.0,1000000.0,610,610,2,2052,3.363934426229508,-6.825781353394536,-0.24191571713276952,PLL96-rejected-board,safe_range,final,70401,PAL,4,3,1000000.0,,False,bars,,,,,
7.938025930554611,92.98401065929079,True,17.505646173149312,426,6,0,2.025,2.025,3.397651442700819,10.660280983059012,0.30848267603783475,-4.0133946403983325,-73.51509453239089,134.17531950846794,1.92125,1.4625,610,15,2,188,0.3081967213114754,13.142579080783069,0.23600122051927316,PLL96-IQ-corrected,safe_range,final,70401,PAL,4,3,1000000.0,,False,bars,,,,,
10.080302641293535,96.02215737321887,True,2.415934755332497,132,1,0,2.025,1.8412499999999996,3.122583793945201,2.5372490753236345,1.2275128693319384,-2.443567206806298,-76.62325790108994,135.9718260164401,1.75,1.3499999999999996,610,4,2,360,0.5901639344262295,23.31404824976845,0.4596916543892128,floating-PLL-IQ40,safe_range,final,70401,PAL,4,3,1000000.0,,False,bars,,,,,
3.2531137404248165,42.687218662986375,True,122.82685069008784,610,8,0,2.025,2.025,1000000.0,49.38629999978209,27.18266148575346,-28.912185978318462,-73.9642119272593,122.14868453223042,1000000.0,1000000.0,610,610,2,0,0.0,4.264575685240525,0.17486216844229852,HC50,safe_range,final,70401,PAL,4,3,1000000.0,,False,bars,,,,,
5.881575618458735,91.28636285857685,True,39.60727728983689,91,0,0,2.025,1.7287499999999996,2.852217261085067,3.48790850492385,-1.838829512219003,-14.091768941904647,-82.17807230540116,128.5153840781931,1.675,1.7287499999999993,610,3,2,453,0.7426229508196721,11.114775571487808,0.21437252926098643,PLL96-board-fixed,safe_range,final,70401,PAL,4,3,1000000.0,,False,bars,,,,,
5.491965335476866,93.3521877925121,True,44.27164366373902,43,0,0,2.025,1.0587499999999999,2.598906592432763,7.190092405206724,0.6866246625488404,-5.733312165605038,-78.74423478521663,150.2273295981579,1.55,1.0587499999999996,610,2,2,381,0.6245901639344262,15.280948333950565,0.2574443312513458,RNG-58c0e88fcba8,safe_range,final,70401,PAL,4,3,1000000.0,,False,bars,,,,,
7.4105018875265465,87.99835349134534,True,22.54516938519448,561,7,0,2.025,2.025,3.4781112191908448,10.994115565693853,2.7757797089442775,-9.130025079677363,-76.97562775901642,144.81565540751677,1.8399999999999999,1.375,610,54,2,48,0.07868852459016394,16.577721823672675,0.33677606421627654,OVP56,safe_range,final,70401,PAL,6,3,1000000.0,,False,bars,,,,,
7.397992659685992,91.3555051274194,True,20.414680050188206,479,7,0,2.025,2.025,3.4247346250342376,6.864499781106053,1.5305468033206955,-7.59662201606028,-82.85769973490883,146.71455553737212,1.8125,1.45,610,18,2,107,0.17540983606557378,18.400570660389487,0.34002940608629983,VLP56,safe_range,final,70401,PAL,6,3,1000000.0,,False,bars,,,,,
8.528575169445503,93.93590130026939,True,12.520075282308659,7,0,0,1.325,0.9537499999999997,1.9911558182466067,3.5407955055566114,1.7202060973811208,-5.3658296048455565,-62.99913550130903,128.88507601040686,1.1974999999999993,0.9537499999999997,610,1,2,283,0.4639344262295082,19.190602759916683,0.34448290843893115,RANGE32,safe_range,final,70401,PAL,6,3,1000000.0,,False,bars,,,,,
-6.777943941343305,-84.40771527522962,False,610.8111668757842,610,8,60,2.025,2.025,1000000.0,87.03095297628313,22.33655280941555,-157.31682811692596,-73.91034610196893,132.9331775488239,1000000.0,1000000.0,610,610,2,1651,2.7065573770491804,-6.81312969505758,-0.3008269029276661,PLL96-rejected-board,safe_range,final,70401,PAL,6,3,1000000.0,,False,bars,,,,,
9.175006696462036,94.25130877456192,True,7.881430363864492,475,6,0,2.025,2.025,3.5139095300228185,12.2630597145131,-0.6170531055438576,-2.6826267228991494,-72.27489054742107,134.14238027602119,1.925,0.72,610,21,2,120,0.19672131147540983,14.277876224473818,0.2965254255315153,PLL96-IQ-corrected,safe_range,final,70401,PAL,6,3,1000000.0,,False,bars,,,,,
11.972767567153754,96.1302157590594,True,0.30614805520702637,23,0,0,1.8024999999999978,1.8537499999999998,2.712870375250745,2.2461857398957057,1.420387885018555,-1.8232030483688102,-71.76304291983716,133.10131009959406,1.425,1.8537499999999998,610,1,2,422,0.6918032786885245,25.76378434249646,0.5548883889363586,floating-PLL-IQ40,safe_range,final,70401,PAL,6,3,1000000.0,,False,bars,,,,,
3.9202378885667235,44.3756275068032,True,100.11919698870766,610,8,0,2.025,2.025,1000000.0,49.066823086757886,27.136267544143465,-26.392462406757666,-64.81632473255952,120.26336966687812,1000000.0,1000000.0,610,610,2,0,0.0,4.510728082033536,0.2580078509642485,HC50,safe_range,final,70401,PAL,6,3,1000000.0,,False,bars,,,,,
8.77027324768845,96.03346566133966,True,12.478042659974907,17,0,0,1.663749999999999,0.6462499999999999,2.2828878046235994,0.5180374815685749,-2.510062829217884,-9.870567665216504,-80.85489519715158,120.93890165354138,1.4,0.6462499999999999,610,1,2,365,0.5983606557377049,14.901141550529552,0.3100798177798692,PLL96-board-fixed,safe_range,final,70401,PAL,6,3,1000000.0,,False,bars,,,,,
8.188736420318182,96.8226153728201,True,13.968632371392722,2,0,1,1.0,1.0662499999999997,1.7490061204980027,2.726235255870867,0.4783805202220985,-2.518879374076798,-75.14406167069083,145.92745185508636,0.9912499999999994,1.0662499999999997,610,1,2,200,0.32786885245901637,21.37789283856979,0.3526512193935308,RNG-58c0e88fcba8,safe_range,final,70401,PAL,6,3,1000000.0,,False,bars,,,,,
9.441246907829001,91.68173715907183,True,5.566499372647428,394,6,0,2.025,2.025,3.3895498273970555,7.392409241807272,1.9898600617286366,-6.428747796581991,-74.24974694800872,135.99448304108188,1.875,1.52,610,15,2,182,0.2983606557377049,20.057689748646517,0.42141738688390984,OVP56,safe_range,final,70401,PAL,8,3,1000000.0,,False,bars,,,,,
9.548166859278274,94.0635478331533,True,4.709535759096612,283,3,0,2.025,2.025,3.2736883710058167,4.675932928439304,1.2658054426252456,-5.022763866913618,-80.33714429929852,140.0461824624548,1.825,0.9899999999999999,610,12,2,314,0.5147540983606558,22.39387105477679,0.4278352643785078,VLP56,safe_range,final,70401,PAL,8,3,1000000.0,,False,bars,,,,,
10.628149335908638,95.23284507128636,True,3.8186951066499373,1,0,2,0.5,0.08249999999999998,1.0007001859043325,2.0019852345986027,2.1177650264291716,-2.9906146050523184,-62.89828645261996,118.64881153683554,0.49000000000000055,0.08249999999999998,610,1,2,76,0.12459016393442623,22.91358919839164,0.43267069139879394,RANGE32,safe_range,final,70401,PAL,8,3,1000000.0,,False,bars,,,,,
-6.72455877655633,-83.56770034448944,False,608.8456712672522,610,8,59,2.025,2.025,1000000.0,85.61633385347747,22.947272607025933,-156.73082775312463,-71.43462421399673,132.52919285823697,1000000.0,1000000.0,610,610,2,1517,2.4868852459016395,-6.766374676968855,-0.3293691671226788,PLL96-rejected-board,safe_range,final,70401,PAL,8,3,1000000.0,,False,bars,,,,,
9.453069931727127,94.61217988885508,True,6.111668757841907,512,5,0,2.025,2.025,3.5816834914119733,14.062775266815365,-0.8485881368457658,-2.4363160398601593,-71.59684262358242,129.8417443381406,1.7574999999999996,1.92,610,30,2,68,0.11147540983606558,13.812146933741493,0.3253605847758521,PLL96-IQ-corrected,safe_range,final,70401,PAL,8,3,1000000.0,,False,bars,,,,,
13.755887116050985,95.8311855944354,True,0.026976160602258468,2,0,0,0.95,0.9749999999999996,1.9884529947926854,2.3741659625950717,1.780462094839285,-1.637787541322317,-66.08716339536686,126.8938276253066,0.9412499999999995,0.9749999999999996,610,1,2,292,0.4786885245901639,26.520065788261565,0.641290593766389,floating-PLL-IQ40,safe_range,final,70401,PAL,8,3,1000000.0,,False,bars,,,,,
4.149052894724158,44.524929766581565,True,91.99560853199499,610,8,0,2.025,2.025,1000000.0,49.242635243826065,27.242778524772735,-25.776033642219517,-62.86262278291082,113.07452739848556,1000000.0,1000000.0,610,610,2,0,0.0,4.532865130195509,0.33414495412420436,HC50,safe_range,final,70401,PAL,8,3,1000000.0,,False,bars,,,,,
10.47602559096198,98.0052059600919,True,5.234629861982435,6,0,1,1.175,0.6374999999999996,2.1730178129879456,0.4430851855778562,-2.375883099286551,-7.247368452062771,-78.73545401789004,116.69656718278127,1.075,0.6374999999999996,610,1,2,322,0.5278688524590164,17.005340321668626,0.3787869371237905,PLL96-board-fixed,safe_range,final,70401,PAL,8,3,1000000.0,,False,bars,,,,,
10.199793045157616,97.10501200640071,True,3.794228356336261,0,0,2,0.2637499999999989,0.4974999999999996,0.8323843640459596,2.229276492448344,0.6968910088334909,-2.1021842357340925,-68.10073353543733,144.81798502628402,0.2637499999999989,0.4974999999999996,610,0,2,54,0.08852459016393442,25.40069762058367,0.4371245367448566,RNG-58c0e88fcba8,safe_range,final,70401,PAL,8,3,1000000.0,,False,bars,,,,,
11.052975734619444,93.8387209608483,True,1.4579673776662485,166,2,0,2.025,2.025,3.1075793713997957,4.956875448954902,1.691544079153076,-4.641864663214788,-71.25716757808978,137.21867909299897,1.85,1.375,610,4,2,366,0.6,22.692723439146505,0.49476004629236675,OVP56,safe_range,final,70401,PAL,10,3,1000000.0,,False,bars,,,,,
11.19031476001097,95.4224198520056,True,1.239021329987453,65,0,0,2.025,1.7124999999999997,2.910445637241735,3.2182035084830827,1.2709861286011586,-3.589582992804973,-72.12402368544282,138.02132108733338,1.65,1.7124999999999997,610,3,2,450,0.7377049180327869,24.815768584448943,0.50176251761878,VLP56,safe_range,final,70401,PAL,10,3,1000000.0,,False,bars,,,,,
12.07414840868256,95.5511130842823,True,1.8582183186951067,0,0,2,0.1,0.08249999999999998,0.3377420200850755,1.5902901564652145,2.267923953094252,-2.340210052907222,-53.89039380132795,117.33675904354776,0.1,0.08249999999999998,610,0,2,7,0.011475409836065573,24.09923778088377,0.504115546162114,RANGE32,safe_range,final,70401,PAL,10,3,1000000.0,,True,bars,,,,,
-6.70168212368358,-82.99037746571601,False,608.4774153074027,610,8,61,2.025,2.025,1000000.0,84.37899797591675,23.27279710669087,-156.3767923213609,-69.56044032611996,86.76454486561768,1000000.0,1000000.0,610,610,2,1449,2.375409836065574,-6.746114299427406,-0.3433537866091969,PLL96-rejected-board,safe_range,final,70401,PAL,10,3,1000000.0,,False,bars,,,,,
9.427199710771314,95.25709866996458,True,5.9134253450439145,526,6,0,2.025,2.025,3.573897807116802,15.085875335363381,-1.1087148217216545,-2.1998309034015464,-55.814292195726566,123.4276536126455,1.6424999999999996,1.93625,610,34,2,60,0.09836065573770492,13.201918959124853,0.3412350247475643,PLL96-IQ-corrected,safe_range,final,70401,PAL,10,3,1000000.0,,False,bars,,,,,
15.385956177206952,95.85203403677286,True,0.0018820577164366374,0,0,2,0.33874999999999883,0.7487499999999994,1.0574990795639911,2.2452256388692726,1.892601516062666,-1.4710983180789168,-63.591965813696184,127.38013086226796,0.3387499999999989,0.7487499999999995,610,0,2,98,0.16065573770491803,26.998495692822438,0.7164025515259217,floating-PLL-IQ40,safe_range,final,70401,PAL,10,3,1000000.0,,False,bars,,,,,
4.239850682898027,44.48242328223525,True,89.47051442910917,610,8,0,2.025,2.025,1000000.0,49.27128337183789,27.256197514092626,-25.672025275689965,-20.440394947228384,98.01428775062904,1000000.0,1000000.0,610,610,2,0,0.0,4.529996180509245,0.39394535043406576,HC50,safe_range,final,70401,PAL,10,3,1000000.0,,False,bars,,,,,
11.173595525726656,98.77241925283559,True,4.209535759096612,12,0,0,1.225,0.8812499999999993,2.2369219979882202,1.4084728614028788,-2.2071755426185993,-5.682303238411357,-69.54141901960695,113.95684236235705,1.025,0.8812499999999993,610,1,2,347,0.5688524590163935,17.511699782652283,0.41576186285625516,PLL96-board-fixed,safe_range,final,70401,PAL,10,3,1000000.0,,False,bars,,,,,
11.669772672517647,97.18496320740911,True,1.4259723964868256,0,0,2,0.1,0.5062499999999996,0.2435605085219593,2.32648964394948,0.6877477713738392,-2.0258894528259486,-55.22188225480684,128.05946965225428,0.1,0.5062499999999996,610,0,2,6,0.009836065573770493,26.67204787459235,0.507703692091193,RNG-58c0e88fcba8,safe_range,final,70401,PAL,10,3,1000000.0,,False,bars,,,,,
12.352457076258618,95.44256439246581,True,0.7176913425345044,26,0,0,1.925,1.5549999999999993,2.596728464001083,3.020960077283778,1.4257078199627753,-3.2756651475848813,-70.91294524192223,129.29610876450306,1.6462500000000007,1.5549999999999993,610,1,2,411,0.6737704918032786,24.97015268827761,0.5560477930599381,OVP56,safe_range,final,70401,PAL,12,3,1000000.0,,False,bars,,,,,
12.490574837607966,96.36429596781184,True,0.6831869510664993,3,0,0,1.25,1.5024999999999993,2.231118376336339,2.0771498591340163,1.2346196864263395,-2.567410449028701,-69.6192459887061,130.7951723360717,1.225,1.5024999999999993,610,1,2,319,0.5229508196721312,26.43701243936929,0.5627753163061875,VLP56,safe_range,final,70401,PAL,12,3,1000000.0,,False,bars,,,,,
13.160696311982047,95.82771176417836,True,1.4228356336260979,0,0,2,0.1,0.06624999999999999,0.08519505103767164,1.3178027992137598,2.2052712741053417,-2.1044561821223993,-51.41714101566164,114.85020534957737,0.1,0.06624999999999999,610,0,2,1,0.001639344262295082,24.585172180319923,0.5618907288144689,RANGE32,safe_range,final,70401,PAL,12,3,1000000.0,,True,bars,,,,,
-6.703804166153339,-82.81209174188768,False,608.8908406524467,610,8,61,2.025,2.025,1000000.0,83.75692912462164,23.249195521047486,-156.35168584778782,-69.87765893984181,82.13846652414777,1000000.0,1000000.0,610,610,2,1422,2.3311475409836064,-6.749711517343618,-0.34834364570131726,PLL96-rejected-board,safe_range,final,70401,PAL,12,3,1000000.0,,False,bars,,,,,
9.316428712084905,96.05748426291063,True,5.988080301129235,533,7,0,2.025,2.025,3.601398763251308,15.545644822273141,-1.2680862764102143,-1.9049163291644435,-55.020050627816815,123.19400057044602,1.65,1.6,610,33,2,48,0.07868852459016394,12.705073482251342,0.34953984221686424,PLL96-IQ-corrected,safe_range,final,70401,PAL,12,3,1000000.0,,False,bars,,,,,
16.86675741910847,96.13425044046072,True,0.0,0,0,2,0.05,0.04124999999999999,0.4319940421568524,1.9446697841652278,1.83317780460724,-1.2383661746148074,-59.908778704211535,122.91449754587696,0.05,0.04124999999999999,610,0,2,22,0.036065573770491806,27.771496163831138,0.7785140406986728,floating-PLL-IQ40,safe_range,final,70401,PAL,12,3,1000000.0,,True,bars,,,,,
4.300031647182696,44.5456605554214,True,89.01191969887076,610,8,0,2.025,2.025,1000000.0,49.17040144411749,27.21806070187803,-25.601428345437952,-9.175132940725092,92.13123392840627,1000000.0,1000000.0,610,610,2,0,0.0,4.540952221355589,0.44228303739318986,HC50,safe_range,final,70401,PAL,12,3,1000000.0,,False,bars,,,,,
11.533660626111917,99.08983718625004,True,4.021329987452949,3,0,0,0.975,1.1349999999999998,1.9467216242627816,2.508168289389503,-2.0442575164216557,-4.450978258244544,-62.42476155013221,112.37879944109669,0.9674999999999983,1.1349999999999998,610,1,2,269,0.44098360655737706,17.627838353538362,0.43788508339016124,PLL96-board-fixed,safe_range,final,70401,PAL,12,3,1000000.0,,False,bars,,,,,
12.819641035753623,97.51627876838356,True,0.8845671267252195,0,0,2,0.075,0.06624999999999999,0.11075837680639278,2.2685469253308077,0.49957774254413195,-1.8474899916682193,-51.67738376128756,124.39974375409595,0.075,0.06624999999999999,610,0,2,2,0.003278688524590164,27.369904516217236,0.565818892496566,RNG-58c0e88fcba8,safe_range,final,70401,PAL,12,3,1000000.0,,True,bars,,,,,
13.411752505273387,96.44315680238364,True,0.548306148055207,4,0,1,1.0,0.4399999999999997,1.8814465635827031,1.7522517454244086,1.2644954112355584,-2.366182283022419,-64.03666539815917,128.3953939774304,0.95,0.43999999999999967,610,1,2,242,0.39672131147540984,26.518901898652324,0.6068029497307671,OVP56,safe_range,final,70401,PAL,14,3,1000000.0,,False,bars,,,,,
13.558650117739806,96.90431673275809,True,0.5370138017565872,0,0,1,0.538749999999999,0.42374999999999974,1.412124750677294,1.3686297270262509,1.248489674967534,-1.9102924324448773,-63.28405516845932,127.6694759534422,0.5387499999999988,0.42374999999999974,610,0,2,145,0.23770491803278687,27.380856235338875,0.613502776149687,VLP56,safe_range,final,70401,PAL,14,3,1000000.0,,False,bars,,,,,
14.035952766049027,95.89645530798005,True,1.2697616060225847,0,0,2,0.075,0.06624999999999999,0.04358428803977904,1.269928818703354,2.132589570854439,-2.1471268571278643,-50.901959151971326,110.14678875451418,0.075,0.06624999999999999,610,0,2,0,0.0,24.84565330014126,0.6098007270532274,RANGE32,safe_range,final,70401,PAL,14,3,1000000.0,,True,bars,,,,,
-6.705680710463282,-82.72596042966215,False,609.2076537013802,610,8,61,2.025,2.025,1000000.0,83.5037956850324,23.159123734811505,-156.33797417170203,-70.07472997387403,78.43309801266685,1000000.0,1000000.0,610,610,2,1437,2.355737704918033,-6.752061977215499,-0.3556038869512815,PLL96-rejected-board,safe_range,final,70401,PAL,14,3,1000000.0,,False,bars,,,,,
9.200884842803852,96.6867369649983,True,6.040777917189461,546,8,0,2.025,2.025,3.633443829550692,15.812969829626342,-1.2372692456471919,-1.6992188297359785,-55.05340192217624,121.79431987535673,1.6424999999999996,1000000.0,610,38,2,39,0.06393442622950819,12.318252172794848,0.35595861592936606,PLL96-IQ-corrected,safe_range,final,70401,PAL,14,3,1000000.0,,False,bars,,,,,
18.157526414082696,96.30944613488953,True,0.0,0,0,2,0.025,0.04124999999999999,0.15143439850040785,1.7619063692798942,1.7999662486759687,-1.106804468611368,-56.02996595482715,122.1092531073896,0.025,0.04124999999999999,610,0,2,3,0.004918032786885246,28.300479044507874,0.8267815441467761,floating-PLL-IQ40,safe_range,final,70401,PAL,14,3,1000000.0,,True,bars,,,,,
4.335857112333544,44.56857517035571,True,89.00878293601004,610,8,0,2.025,2.025,1000000.0,49.09529426616617,27.19857335271761,-25.56830930146428,-4.458376630503707,89.74516844163651,1000000.0,1000000.0,610,610,2,0,0.0,4.546257878471708,0.48162085915150327,HC50,safe_range,final,70401,PAL,14,3,1000000.0,,False,bars,,,,,
11.767938632749244,98.99315667235696,True,3.9278544542032625,7,0,1,1.0524999999999978,1.1349999999999998,2.1171327884148163,3.58190828824769,-1.7882722390505355,-3.5917283667931446,-60.96997741020803,112.49349298081887,1.025,1.1349999999999998,610,1,2,316,0.5180327868852459,17.64918047441729,0.45367398218249555,PLL96-board-fixed,safe_range,final,70401,PAL,14,3,1000000.0,,False,bars,,,,,
13.74713402300306,97.72489341136502,True,0.7208281053952321,0,0,2,0.075,0.06624999999999999,0.047810675123216,2.3261618614081296,0.3618232316900036,-1.7857442136311017,-49.4299944011561,118.90034404993594,0.075,0.06624999999999999,610,0,2,0,0.0,27.741167486353785,0.6132903352032874,RNG-58c0e88fcba8,safe_range,final,70401,PAL,14,3,1000000.0,,True,bars,,,,,
14.81512265486562,97.31371174004335,True,0.43789209535759094,0,0,2,0.05,0.05,0.6341445767822154,0.6156614071940781,1.1638483986391694,-1.4936863745315294,-63.34693039707168,127.8428530767578,0.05,0.05,610,0,2,30,0.04918032786885246,27.842863347590878,0.6737187765063811,OVP56,safe_range,final,70401,PAL,18,3,1000000.0,,False,bars,,,,,
14.992980630661101,97.3961931140562,True,0.42722710163111666,0,0,2,0.05,0.05,0.33525436880565584,0.6821310505085217,1.2741647297730367,-1.2803177517091469,-63.17524142075201,128.9236454258782,0.05,0.05,610,0,2,13,0.021311475409836064,28.174962956514122,0.6814781045504452,VLP56,safe_range,final,70401,PAL,18,3,1000000.0,,True,bars,,,,,
15.163496501845717,95.75325468496938,True,1.1016311166875785,0,0,2,0.075,0.05,0.04265761516010408,1.3452418427977335,2.042871435130123,-2.5952553954666793,-51.05590526253016,108.24387384735262,0.075,0.05,610,0,2,0,0.0,25.091604826254787,0.6716214783943338,RANGE32,safe_range,final,70401,PAL,18,3,1000000.0,,True,bars,,,,,
-6.7097887454772405,-82.75602532280975,False,610.0784190715182,610,8,61,2.025,2.025,1000000.0,83.66686868099154,22.921420190683488,-156.25805330536372,-67.91310308298418,75.87210592354994,1000000.0,1000000.0,610,610,2,1454,2.3836065573770493,-6.756800109079305,-0.3588808996064728,PLL96-rejected-board,safe_range,final,70401,PAL,18,3,1000000.0,,False,bars,,,,,
9.010137308170568,97.81982437721507,True,6.260351317440401,582,7,0,2.025,2.025,3.6555486201507037,15.514327617425526,-1.1137993142879918,-1.5260153154831337,-53.528366861329495,117.93451782369523,1.75,0.15,610,137,2,24,0.03934426229508197,11.821892105877616,0.3636433518454895,PLL96-IQ-corrected,safe_range,final,70401,PAL,18,3,1000000.0,,False,bars,,,,,
20.014689154918468,96.45057143537126,True,0.0,0,0,2,0.025,0.04124999999999999,0.02034537849806457,1.6208622704245532,1.7610198193298006,-0.9993002355352928,-51.024965404493116,116.08375130940128,0.025,0.04124999999999999,610,0,2,0,0.0,28.805487071219574,0.8853456453583298,floating-PLL-IQ40,safe_range,final,70401,PAL,18,3,1000000.0,,True,bars,,,,,
4.368437647078686,44.56100834506642,True,88.99121706398996,610,8,0,2.025,2.025,1000000.0,49.01970198727443,27.189486298987536,-25.548059808820053,-1.7494076480208989,87.41037146572312,1000000.0,1000000.0,610,610,2,0,0.0,4.547605031739998,0.5340811134120517,HC50,safe_range,final,70401,PAL,18,3,1000000.0,,False,bars,,,,,
11.953469311831814,98.29136779169353,True,3.814930991217064,26,0,0,1.825,0.94,2.420264848096486,4.976457086395195,-1.216527370662412,-2.7983427939593484,-59.840499083699044,111.85101580835324,1.075,0.9399999999999998,610,2,2,370,0.6065573770491803,17.492140233396427,0.4714788728786316,PLL96-board-fixed,safe_range,final,70401,PAL,18,3,1000000.0,,False,bars,,,,,
14.922806574537383,97.88341093461258,True,0.5696361355081556,0,0,2,0.075,0.05,0.049350286925935204,2.5498385416022082,0.3108109287329277,-1.8876734195172409,-46.44344899209848,115.20100866445723,0.075,0.05,610,0,2,0,0.0,27.946665901557168,0.6731460995076318,RNG-58c0e88fcba8,safe_range,final,70401,PAL,18,3,1000000.0,,True,bars,,,,,
15.501816535519925,97.60488613583918,True,0.39585947302383945,0,0,2,0.05,0.04124999999999999,0.1504841912071786,0.2421388560656117,1.0963603782781768,-1.218810140728712,-62.10632339365348,125.38345457958557,0.05,0.04124999999999999,610,0,2,0,0.0,28.211945861934602,0.7057955416764123,OVP56,safe_range,final,70401,PAL,22,3,1000000.0,,True,bars,0.8256016758523564,-59.661136789143356,15.624931236815002,25.462741400547355,12.020487592123974
15.695756163676503,97.59943677714932,True,0.3820577164366374,0,0,2,0.05,0.025,0.02132880758005204,0.39560642984220357,1.2556065198888477,-1.073602621582029,-59.786758438645876,125.23381994097015,0.05,0.025,610,0,2,0,0.0,28.47834528364169,0.7138316373358545,VLP56,safe_range,final,70401,PAL,22,3,1000000.0,,True,bars,0.8085449512107807,-59.75602492037624,14.881442045795097,25.389000777907622,11.805193914718087
15.71954782473263,95.73840186835459,True,1.0163111668757843,0,0,2,0.05,0.05,0.039941042615909535,1.312030002186347,1.9796250728250224,-2.796184496484838,-51.110121734609706,108.05391784977893,0.05,0.05,610,0,2,0,0.0,25.239148148561593,0.7021680184984217,RANGE32,safe_range,final,70401,PAL,22,3,1000000.0,,True,bars,0.7902484804603735,-60.89258456542794,15.521107688383701,23.47245969191242,11.913636835210662
-6.719763601158812,-83.0302710871438,False,610.9071518193224,610,8,61,2.025,2.025,1000000.0,84.38866245338282,22.815273086641486,-156.2751875836584,-67.73217374092651,70.22262889281542,1000000.0,1000000.0,610,610,2,1480,2.4262295081967213,-6.766456207414359,-0.36103866490492553,PLL96-rejected-board,safe_range,final,70401,PAL,22,3,1000000.0,contrast;waveform;detail_floor;sync;h_jitter_us;v_jitter_us;h_width_rmse_us;sync_error_ire;black_error_ire;white_error_ire;contrast;stress_waveform;reference_detail;burst_gain;burst_phase_jitter_deg;burst_amplitude_jitter_pct;burst_rmse_ire;h_missing;v_missing;vertical_trains;sync_error_ire;black_error_ire;white_error_ire,False,bars,0.32138264535189875,65.95986382608407,26.421558074383306,35.814355729924316,28.839362751113313
8.91747945047762,98.65818093415155,True,6.338770388958595,601,8,0,2.025,2.025,3.677956105109346,14.742119261519166,-1.0645635030767977,-1.4700950094740044,-48.81804204331448,111.25011501156929,1.6800000000000002,1000000.0,610,193,2,7,0.011475409836065573,11.62121041927146,0.36639890337144543,PLL96-IQ-corrected,safe_range,final,70401,PAL,22,3,1000000.0,waveform;detail_floor;sync;h_jitter_us;v_jitter_us;h_width_rmse_us;sync_error_ire;stress_waveform;reference_detail;burst_gain;burst_phase_jitter_deg;burst_amplitude_jitter_pct;burst_rmse_ire;h_missing;v_missing;vertical_trains;sync_error_ire,False,bars,0.3694928783125151,-111.83169586029221,24.53564707851456,36.674649348817525,16.853335034898333
20.997815234697377,96.51405797040476,True,0.0,0,0,2,0.025,0.025,0.018719237058854022,1.5884327116634236,1.7437268110818793,-0.9272857122942785,-49.89257226986382,115.8477361543777,0.025,0.025,610,0,2,0,0.0,29.031988944970397,0.9108534819312591,floating-PLL-IQ40,safe_range,final,70401,PAL,22,3,1000000.0,burst_gain,True,bars,0.4847275585377662,13.705092816798093,10.379690427016024,20.06217142791788,7.019616845848465
4.380693476665046,44.5623131378674,True,88.91781681304893,610,8,0,2.025,2.025,1000000.0,48.98351609128254,27.201995905543388,-25.50240858953452,0.9684608185030186,84.85335033595258,1000000.0,1000000.0,610,610,2,0,0.0,4.548217253792641,0.5584841808233234,HC50,safe_range,final,70401,PAL,22,3,1000000.0,contrast;waveform;detail_floor;sync;h_jitter_us;v_jitter_us;h_width_rmse_us;sync_error_ire;black_error_ire;white_error_ire;contrast;stress_waveform;reference_detail;burst_gain;burst_rmse_ire;h_missing;v_missing;vertical_trains;sync_error_ire;black_error_ire;white_error_ire,False,bars,0.4101572686751517,99.29892293029741,14.246158731062518,23.127165999036908,30.789193134258305
11.950201847307348,97.656347020012,True,3.7653701380175657,0,0,2,0.2637499999999989,0.18874999999999992,0.11267972892883356,5.522217752935061,-0.8041889277342139,-2.576162479506412,-58.51272344772921,111.5931872946022,0.2637499999999989,0.18874999999999992,610,0,2,0,0.0,17.168577050590883,0.4778741516260345,PLL96-board-fixed,safe_range,final,70401,PAL,22,3,1000000.0,waveform;detail_floor;sync_error_ire;stress_waveform;reference_detail;burst_gain;burst_phase_jitter_deg;burst_rmse_ire,True,bars,0.43047892573654023,-99.57581392383136,22.00223725894351,32.567532329584644,15.445866136017182
15.485844932030474,97.96998633548048,True,0.5181932245922208,0,0,2,0.05,0.04124999999999999,0.04667203325895059,2.6475181343292222,0.35143740178177324,-1.9869705166126903,-46.43290201425539,113.75135557603163,0.05,0.04124999999999999,610,0,2,0,0.0,27.924358049933026,0.7016462963165142,RNG-58c0e88fcba8,safe_range,final,70401,PAL,22,3,1000000.0,,True,bars,0.9191343912679151,-61.004737179354954,15.902439121872765,24.25404933788543,12.698693186903006
15.942962754207173,97.68851567626137,True,0.328732747804266,0,0,2,0.05,0.04124999999999999,0.021256628667196544,0.09805630787898162,1.10229274531532,-1.1307686221047057,-56.66020780027733,124.90515758333909,0.05,0.04124999999999999,610,0,2,0,0.0,28.338209419955103,0.7259455048215301,OVP56,safe_range,final,70401,PAL,30,3,1000000.0,,True,bars,0.8049030483843389,-59.84483540581882,15.49753208335132,26.76531005333468,11.89559192697589
16.156846371868514,97.67455940728594,True,0.32496863237139273,0,0,2,0.05,0.05,0.018936909921553967,0.24705944116653122,1.26553226372301,-1.0176087519302432,-56.49479935995703,124.24501496594594,0.05,0.05,610,0,2,0,0.0,28.62756289552366,0.7345512124520795,VLP56,safe_range,final,70401,PAL,30,3,1000000.0,,True,bars,0.7907181899683784,-59.85037317614719,14.86113712218438,26.627399578636783,11.649416800398031
16.071828425951704,95.79846554342004,True,0.9178168130489335,0,0,2,0.05,0.05,0.038914576475853904,1.2023289964603001,1.9032015974297156,-2.8750092704110557,-43.61640332772215,104.16732532620908,0.05,0.05,610,0,2,0,0.0,25.39349763563433,0.7206358944771744,RANGE32,safe_range,final,70401,PAL,30,3,1000000.0,,True,bars,0.7780503883087113,-60.7930493983879,15.752945114929322,25.900837634666356,11.773973332884301
-6.727434904884482,-83.3063463606753,False,611.370765370138,610,8,61,2.025,2.025,1000000.0,85.13138251512699,22.75149139360924,-156.31851065469937,-67.9102256113925,61.36470748196781,1000000.0,1000000.0,610,610,2,1491,2.444262295081967,-6.773805929869853,-0.3606481024427286,PLL96-rejected-board,safe_range,final,70401,PAL,30,3,1000000.0,contrast;waveform;detail_floor;sync;h_jitter_us;v_jitter_us;h_width_rmse_us;sync_error_ire;black_error_ire;white_error_ire;contrast;stress_waveform;reference_detail;burst_gain;burst_phase_jitter_deg;burst_rmse_ire;h_missing;v_missing;vertical_trains;sync_error_ire;black_error_ire;white_error_ire,False,bars,0.3262800048708546,65.936435793805,23.179481030460522,32.625033158054165,28.795933773087246
8.86217394670228,99.34023147260228,True,6.372020075282309,610,8,0,2.025,2.025,1000000.0,13.888117014849124,-1.021171107556967,-1.4351127147981988,-45.67158857492942,107.15513204405813,1000000.0,1000000.0,610,610,2,0,0.0,11.517197380669131,0.36654570203926706,PLL96-IQ-corrected,safe_range,final,70401,PAL,30,3,1000000.0,waveform;detail_floor;sync;h_jitter_us;v_jitter_us;h_width_rmse_us;sync_error_ire;stress_waveform;reference_detail;burst_gain;burst_phase_jitter_deg;burst_rmse_ire;h_missing;v_missing;vertical_trains;sync_error_ire,False,bars,0.3706016591457588,-111.6643054252658,24.822776665099813,30.68387465619056,16.893315598037585
21.677621998607975,96.53692685268672,True,0.0,0,0,2,0.025,0.025,0.019391353489736977,1.5856033113904309,1.7465571584596948,-0.8820654951973548,-47.90319548886214,112.0997234586121,0.025,0.025,610,0,2,0,0.0,29.149296426931123,0.9265148553730653,floating-PLL-IQ40,safe_range,final,70401,PAL,30,3,1000000.0,burst_gain,True,bars,0.47933432643660767,13.183951160417191,7.267054571368711,17.57210451550479,6.914391750193345
4.388193391509504,44.56851540318492,True,88.88770388958595,610,8,0,2.025,2.025,1000000.0,48.96535020347039,27.207182182039286,-25.457317181738148,2.6416956929828643,84.59614437123055,1000000.0,1000000.0,610,610,2,0,0.0,4.549168723245255,0.5739344566048836,HC50,safe_range,final,70401,PAL,30,3,1000000.0,contrast;waveform;detail_floor;sync;h_jitter_us;v_jitter_us;h_width_rmse_us;sync_error_ire;black_error_ire;white_error_ire;contrast;stress_waveform;reference_detail;burst_gain;burst_rmse_ire;h_missing;v_missing;vertical_trains;sync_error_ire;black_error_ire;white_error_ire,False,bars,0.4048988191927926,99.13995779180428,14.76682080924143,25.062263571683843,30.78108025046499
11.870316849167217,97.18693776828911,True,3.638644918444166,0,0,2,0.25,0.2049999999999999,0.09933694110879628,5.649070284169081,-0.6418702582464713,-2.5171934702686776,-52.00494779144745,111.61730090524146,0.25,0.2049999999999999,610,0,2,0,0.0,16.71311028163104,0.48312759062329613,PLL96-board-fixed,safe_range,final,70401,PAL,30,3,1000000.0,waveform;detail_floor;sync_error_ire;stress_waveform;reference_detail;burst_gain;burst_phase_jitter_deg;burst_rmse_ire,True,bars,0.431211742630769,-100.12648815090085,22.501809790268997,31.550712493071863,15.44614634217928
15.85003268524202,98.05306577790212,True,0.4341279799247177,0,0,2,0.05,0.05749999999999997,0.045941873467512384,2.613657351810139,0.35743589554134836,-2.069493393346986,-43.090714428623805,110.14384312494174,0.05,0.057499999999999975,610,0,2,0,0.0,27.909051040534322,0.7196590530937041,RNG-58c0e88fcba8,safe_range,final,70401,PAL,30,3,1000000.0,,True,bars,0.9147683346305713,-60.81358295121024,16.31791598417849,26.485275710984872,12.654756319398997
0.7289044561596653,55.39325482781293,True,220.51031559426434,506,12,0,2.025,2.025,1000000.0,35.76796129898895,14.09658253546742,-29.632212807371367,-89.3505189639221,150.88322258946212,1000000.0,1000000.0,506,506,2,0,0.0,5.530604786817317,0.12175428520288398,OVP56,safe_range,final,70401,NTSC,0,3,1000000.0,,False,bars,,,,,
-0.00486390960706133,59.4367356983405,True,225.56123877447186,506,12,0,2.025,2.025,1000000.0,26.383243843397956,8.838439476505064,-32.90879724648021,-95.44100875536546,155.77316688933166,1000000.0,1000000.0,506,506,2,0,0.0,5.5294596901524145,0.11544024668564597,VLP56,safe_range,final,70401,NTSC,0,3,1000000.0,,False,bars,,,,,
1.187525602924586,63.275878548140625,True,165.84127863394016,444,10,0,2.025,2.025,3.4648086806558873,31.82046436620961,4.8825298673672615,-34.465455973808886,-74.16430255658186,132.2338800366363,1.9,1.4224999999999999,506,37,2,56,0.11067193675889328,6.060346316684298,0.1200489273831423,RANGE32,safe_range,final,70401,NTSC,0,3,1000000.0,,False,bars,,,,,
-6.721892296349019,-77.96670387576415,False,636.7640373667463,506,12,0,2.025,2.025,1000000.0,90.19486480918376,19.121318838281375,-149.20727773888743,-77.16165080358789,137.0524383459905,1000000.0,1000000.0,506,506,2,2925,5.780632411067193,-6.613047699312199,-0.09875516581835797,PLL96-rejected-board,safe_range,final,70401,NTSC,0,3,1000000.0,,False,bars,,,,,
2.7100445232853887,84.8902364491146,True,114.34459172645086,305,8,0,2.025,2.025,3.276721377394579,12.413040650704586,3.1677803080614715,-11.139431234554502,-77.19844978871036,137.112369303694,1.875,1.8124999999999996,506,8,2,218,0.4308300395256917,5.671405274863105,0.09644617359019618,PLL96-IQ-corrected,safe_range,final,70401,NTSC,0,3,1000000.0,,False,bars,,,,,
5.854557590443732,92.22401039803191,True,40.99368691049984,387,10,0,2.025,2.025,3.434024790315906,4.733421018061034,1.5586261809724902,-7.650240208027636,-81.65759100050754,139.87521654681174,1.8299999999999996,1.34375,506,18,2,107,0.21146245059288538,13.330576119919314,0.2627497316537814,floating-PLL-IQ40,safe_range,final,70401,NTSC,0,3,1000000.0,,False,bars,,,,,
0.8273644605434595,31.845097076344818,True,225.09159549262873,506,12,0,2.025,2.025,1000000.0,52.856196409268556,27.05500319423406,-41.48050124955392,-78.77068358802792,139.87073393366575,1000000.0,1000000.0,506,506,2,0,0.0,2.796077986595744,0.07540569324180917,HC50,safe_range,final,70401,NTSC,0,3,1000000.0,,False,bars,,,,,
0.23880151029410085,70.13581177704224,True,196.46969747145263,356,6,0,2.025,2.025,3.3302483641114016,17.061455850817087,2.425914962518769,-29.830376200496694,-84.51884877992289,129.91140297710325,1.8,1.9375,506,14,2,172,0.33992094861660077,3.9298536309856624,0.08126836202510625,PLL96-board-fixed,safe_range,final,70401,NTSC,0,3,1000000.0,,False,bars,,,,,
0.5751594549377341,69.39301538953926,True,185.61371237961626,392,6,0,2.025,2.025,3.3761848147737368,29.6953398068009,4.603962219592839,-25.646298874953274,-82.60333454238786,151.8960100270468,1.8924999999999996,1.76875,506,27,2,106,0.20948616600790515,6.503742755674802,0.12084645181712875,RNG-58c0e88fcba8,safe_range,final,70401,NTSC,0,3,1000000.0,,False,bars,,,,,
2.730285510693155,68.75497001653996,True,134.60548459058245,506,12,0,2.025,2.025,1000000.0,26.216013935474532,9.468917920734526,-21.010589665911603,-89.91430909164222,146.6231634594253,1000000.0,1000000.0,506,506,2,0,0.0,8.446349218366633,0.18105679319772297,OVP56,safe_range,final,70401,NTSC,2,3,1000000.0,,False,bars,,,,,
2.2121762631568482,73.21497602770236,True,133.3071918643333,504,12,0,2.025,2.025,3.687521186379815,18.541749560615138,5.910068432014616,-21.71388497777102,-92.5239142384664,151.47447208994134,1.7537500000000001,1000000.0,506,314,2,0,0.0,8.855440739298276,0.17450791739892413,VLP56,safe_range,final,70401,NTSC,2,3,1000000.0,,False,bars,,,,,
3.284041539250034,77.17049060082127,True,91.0852071397821,280,4,0,2.025,2.025,3.234208999737386,20.189547905267297,2.933064391403012,-22.540328657165873,-70.95530333391412,129.47470982949415,1.89375,1.555,506,11,2,194,0.383399209486166,9.33228259184158,0.1760369720023242,RANGE32,safe_range,final,70401,NTSC,2,3,1000000.0,,False,bars,,,,,
-6.671101166773065,-81.59198284732474,False,619.5475468664858,506,12,6,2.025,2.025,1000000.0,89.99075628253861,20.305099671528808,-153.19276880954425,-75.05920423116658,136.50250467952998,1000000.0,1000000.0,506,506,2,2278,4.5019762845849804,-6.640969244255441,-0.15821718674457788,PLL96-rejected-board,safe_range,final,70401,NTSC,2,3,1000000.0,,False,bars,,,,,
5.594143752515731,89.20336571129225,True,48.72172732390634,353,6,0,2.025,2.025,3.318506239278558,11.014236466686118,1.794946404132492,-6.957538555014522,-75.50346945400412,135.529697525563,1.85,1.8625,506,19,2,178,0.35177865612648224,9.762789925159266,0.15939548429306583,PLL96-IQ-corrected,safe_range,final,70401,NTSC,2,3,1000000.0,,False,bars,,,,,
8.222449150876397,94.1679513517087,True,11.512281472873585,296,6,0,2.025,2.025,3.371223195419332,3.8886539414315475,1.5974799569418803,-4.472428405998945,-76.49252940281566,136.6159203638574,1.875,1.375,506,10,2,214,0.42292490118577075,18.870993180179305,0.3728725558006131,floating-PLL-IQ40,safe_range,final,70401,NTSC,2,3,1000000.0,,False,bars,,,,,
2.1104452905014695,38.15639793812844,True,168.80590185057517,506,12,0,2.025,2.025,1000000.0,50.83638628789304,27.275899929704945,-34.26566269475687,-80.29343805877423,129.21127010482905,1000000.0,1000000.0,506,506,2,0,0.0,3.608358013632281,0.1186482866367704,HC50,safe_range,final,70401,NTSC,2,3,1000000.0,,False,bars,,,,,
2.7797266433727112,81.34908871532028,True,102.32879846583194,235,6,0,2.025,2.025,3.2527326717620584,9.919048607485943,-0.14152153462509648,-21.58243927892685,-83.02845300541527,128.67517733599516,1.8625,1.46875,506,6,2,284,0.5612648221343873,7.1031294537699345,0.13220249518149307,PLL96-board-fixed,safe_range,final,70401,NTSC,2,3,1000000.0,,False,bars,,,,,
2.8250163020870893,83.0696790465335,True,102.03828194853794,200,3,0,2.025,2.025,3.1811257230755707,17.755107558658572,2.2547867165329722,-13.951208102590769,-78.57003417741002,147.6082276385518,1.75,1.405,506,6,2,273,0.5395256916996047,10.130459558849045,0.18027294964826726,RNG-58c0e88fcba8,safe_range,final,70401,NTSC,2,3,1000000.0,,False,bars,,,,,
5.058356145231706,80.5483353704634,True,65.17203695731364,502,12,0,2.025,2.025,3.596504379254945,17.141054716018306,5.264039480214624,-13.839075532872227,-81.75083954337269,143.91277864676852,1.775,1000000.0,506,220,2,6,0.011857707509881422,12.321271607472436,0.26073852889176435,OVP56,safe_range,final,70401,NTSC,4,3,1000000.0,,False,bars,,,,,
4.8247516166404765,84.82606599217551,True,61.888297151733916,482,11,0,2.025,2.025,3.4877426737552377,11.271868176354335,3.067277897044846,-12.893717425936417,-87.45922716676174,150.01305989730457,1.8849999999999998,0.025,506,67,2,18,0.03557312252964427,13.373026276816503,0.2593481677371118,VLP56,safe_range,final,70401,NTSC,4,3,1000000.0,,False,bars,,,,,
5.842335035517107,88.41279046756817,True,39.33638802168789,80,0,0,2.025,1.4349999999999998,2.8649080375084086,9.313089950131756,1.8116973263885225,-12.00905507926223,-68.01853595412393,127.48188626161736,1.625,1.4349999999999998,506,2,2,396,0.782608695652174,13.865501909209021,0.25716019881829616,RANGE32,safe_range,final,70401,NTSC,4,3,1000000.0,,False,bars,,,,,
-6.703779961988577,-84.02607898575081,False,612.7527719490497,506,12,34,2.025,2.025,1000000.0,88.6831972642809,21.431322746419248,-156.56702027377395,-75.10413474338554,135.5667637574931,1000000.0,1000000.0,506,506,2,1666,3.292490118577075,-6.7205836089073125,-0.23194539404283504,PLL96-rejected-board,safe_range,final,70401,NTSC,4,3,1000000.0,,False,bars,,,,,
7.9106862026283755,92.50088751783646,True,18.11287695647069,362,8,0,2.025,2.025,3.423245698326533,10.953345269088208,0.2785160469264103,-3.9567703163360624,-74.50535011437991,135.68227333426483,1.775,1.44625,506,18,2,179,0.35375494071146246,13.12754645895156,0.2312173722760584,PLL96-IQ-corrected,safe_range,final,70401,NTSC,4,3,1000000.0,,False,bars,,,,,
10.169419906322993,95.81585987708701,True,2.3783217477955363,132,2,0,2.025,2.025,3.077365563296052,2.640471900899597,1.2905227230971548,-2.5536585394638034,-77.65658378349133,136.16987448312045,1.783749999999999,1.7187499999999993,506,5,2,363,0.717391304347826,23.22251050361058,0.47466749836012134,floating-PLL-IQ40,safe_range,final,70401,NTSC,4,3,1000000.0,,False,bars,,,,,
3.2367028006366496,42.68908501488147,True,127.31547685351045,506,12,0,2.025,2.025,1000000.0,49.42560122164441,27.106902855710906,-28.878507298863973,-73.0910624514706,127.18523260754522,1000000.0,1000000.0,506,506,2,0,0.0,4.212930981011006,0.18700921382179622,HC50,safe_range,final,70401,NTSC,4,3,1000000.0,,False,bars,,,,,
5.79837712261308,90.69049215591447,True,41.22173485024099,62,3,0,2.025,2.025,2.8627638160817015,3.454283608758464,-1.7482903538965553,-14.52281507217933,-81.8920176690585,125.64075296676732,1.7,1.2999999999999998,506,2,2,419,0.8280632411067194,10.995601980991543,0.20699589113368447,PLL96-board-fixed,safe_range,final,70401,NTSC,4,3,1000000.0,,False,bars,,,,,
5.545659290774891,93.08538013265363,True,44.07647358106013,49,0,0,2.025,1.1762499999999998,2.6368068328042114,7.4146136357252965,0.7990199840237803,-5.689475606801336,-77.1516140974108,146.4465171110146,1.65,1.17625,506,1,2,409,0.808300395256917,15.260861345107731,0.2678379198398815,RNG-58c0e88fcba8,safe_range,final,70401,NTSC,4,3,1000000.0,,False,bars,,,,,
7.4612251741506235,87.8496760386514,True,22.35848232967152,455,12,0,2.025,2.025,3.4808650603876403,10.923459755350981,2.8375872854672313,-9.298187651047115,-76.2100369757034,137.17460047622563,1.8,1000000.0,506,44,2,45,0.08893280632411067,16.464339776997864,0.3530735361560144,OVP56,safe_range,final,70401,NTSC,6,3,1000000.0,,False,bars,,,,,
7.4610713526795935,91.20116526219019,True,20.084023999975916,387,10,0,2.025,2.025,3.3993750970465393,6.887725319812406,1.5768593069968864,-7.74735670980115,-81.52176379134174,144.50833208373749,1.775,1.76125,506,21,2,118,0.233201581027668,18.282431905878592,0.3565864263153921,VLP56,safe_range,final,70401,NTSC,6,3,1000000.0,,False,bars,,,,,
8.544428139364918,93.72005989566426,True,12.62091056607068,4,0,0,1.125,0.22249999999999998,2.0967144308137127,3.559183412803532,1.7315730987017295,-5.654699823681368,-65.83316644678733,125.79749142321751,1.0737499999999998,0.22249999999999998,506,1,2,269,0.5316205533596838,19.052215892994862,0.35578773572664424,RANGE32,safe_range,final,70401,NTSC,6,3,1000000.0,,False,bars,,,,,
-6.670418144581428,-84.00877220047579,False,608.2407343294186,506,12,48,2.025,2.025,1000000.0,86.88183097304407,22.128890144097184,-157.28999234030596,-72.84034016491537,135.136432401179,1000000.0,1000000.0,506,506,2,1349,2.66600790513834,-6.707515748416548,-0.29169309070992877,PLL96-rejected-board,safe_range,final,70401,NTSC,6,3,1000000.0,,False,bars,,,,,
9.110292623568817,93.66355907255291,True,8.02156746455849,394,10,0,2.025,2.025,3.4808291935974105,12.343465609725033,-0.6535931472644004,-2.951524064487603,-72.26011560730532,132.6824340119086,1.9224999999999994,0.8424999999999999,506,18,2,125,0.24703557312252963,14.23418930493182,0.2867792188912617,PLL96-IQ-corrected,safe_range,final,70401,NTSC,6,3,1000000.0,,False,bars,,,,,
12.061427411564615,95.97390367954661,True,0.2935270511519808,25,0,0,2.0,1.6174999999999995,2.703343823386664,2.295831985162214,1.4143584937407947,-1.9796229846225466,-69.1948991677003,133.52031596407548,1.525,1.6174999999999997,506,1,2,384,0.758893280632411,25.641993027007487,0.5693457802410216,floating-PLL-IQ40,safe_range,final,70401,NTSC,6,3,1000000.0,,False,bars,,,,,
3.8877637983758,44.35305801832635,True,105.1812792962576,506,12,0,2.025,2.025,1000000.0,49.05090113790538,27.0775507527596,-26.360168176407544,-62.06598282858462,118.82401776105345,1000000.0,1000000.0,506,506,2,0,0.0,4.455879806091749,0.2734910945844066,HC50,safe_range,final,70401,NTSC,6,3,1000000.0,,False,bars,,,,,
8.669005610874144,95.65483304488792,True,13.422465205754937,7,0,0,1.49375,0.58375,2.387116545290909,0.5798012832101098,-2.5227946416706097,-10.091414470572234,-81.60414730764352,123.78375877014864,1.4,0.58375,506,1,2,339,0.6699604743083004,14.777366182901268,0.30358626187057586,PLL96-board-fixed,safe_range,final,70401,NTSC,6,3,1000000.0,,False,bars,,,,,
8.221253814354695,96.58325603862157,True,13.965866567118347,0,0,1,0.94375,0.14499999999999993,1.8211133419828176,2.8281342012292465,0.52644435410418,-2.7943372515639457,-72.6967276194267,144.75430992597143,0.94375,0.14499999999999993,506,0,2,207,0.4090909090909091,21.157133947521004,0.36586789305021,RNG-58c0e88fcba8,safe_range,final,70401,NTSC,6,3,1000000.0,,False,bars,,,,,
9.515526718189026,91.58749298957319,True,5.372297669545741,320,9,0,2.025,2.025,3.381957682883866,7.327281306028873,2.0048806649547632,-6.5776863130595915,-73.04441326636515,135.66375773121482,1.925,1.1474999999999997,506,15,2,177,0.34980237154150196,19.952859304480523,0.4407536792701518,OVP56,safe_range,final,70401,NTSC,8,3,1000000.0,,False,bars,,,,,
9.62794001452645,93.96285820809274,True,4.487953348767338,213,5,0,2.025,2.025,3.2568027386530938,4.666827158283226,1.24420395510971,-5.178676214583851,-80.31717583421252,136.6325247203973,1.9,1.22,506,7,2,303,0.5988142292490118,22.255555104418114,0.44734540199651796,VLP56,safe_range,final,70401,NTSC,8,3,1000000.0,,False,bars,,,,,
10.675219162209903,95.14047415280652,True,3.784241059467075,0,0,2,0.34375,0.1674999999999999,1.0894566356076616,1.9910333212619222,2.0901445040688755,-3.1755520164277535,-63.507313209882255,122.18526633793437,0.34375,0.1674999999999999,506,0,2,83,0.16403162055335968,22.83643097548774,0.4478042360356578,RANGE32,safe_range,final,70401,NTSC,8,3,1000000.0,,False,bars,,,,,
-6.6185485787817,-83.20918985600467,False,606.0550867485332,506,12,47,2.025,2.025,1000000.0,85.43086068313131,22.86087170421705,-156.63410152451127,-72.16839542062533,100.62039377748545,1000000.0,1000000.0,506,506,2,1229,2.4288537549407114,-6.662396647622294,-0.3175606464755685,PLL96-rejected-board,safe_range,final,70401,NTSC,8,3,1000000.0,,False,bars,,,,,
9.398230508234079,94.07534906630977,True,6.199441847022732,422,10,0,2.025,2.025,3.5527204951510987,14.01712519758176,-0.907822157874209,-2.635146191454033,-68.0648233066506,131.19185412558272,1.9312499999999992,1.035,506,34,2,77,0.15217391304347827,13.84806029117465,0.3135922008233491,PLL96-IQ-corrected,safe_range,final,70401,NTSC,8,3,1000000.0,,False,bars,,,,,
13.851972357905867,95.70788245479521,True,0.03161060550867485,2,0,0,0.925,0.6237499999999991,1.993345514276367,2.3869787806086316,1.7467179502146273,-1.8012693191842364,-64.39654135126997,130.14987373854544,0.925,0.6237499999999991,506,1,2,243,0.48023715415019763,26.316713736737547,0.6555549936225153,floating-PLL-IQ40,safe_range,final,70401,NTSC,8,3,1000000.0,,False,bars,,,,,
4.108040204216156,44.49931821761759,True,97.47054945253441,506,12,0,2.025,2.025,1000000.0,49.213416927970684,27.168098641890573,-25.805342513245282,-56.81937712753708,105.26544870631497,1000000.0,1000000.0,506,506,2,0,0.0,4.477208463696287,0.3513602110819802,HC50,safe_range,final,70401,NTSC,8,3,1000000.0,,False,bars,,,,,
10.411618818513109,97.64817546289619,True,5.550671800630406,4,0,0,1.16875,0.68375,2.2214422740400956,0.5430345157434526,-2.4498376955097534,-7.476442040455002,-79.46656723000342,118.23383113835698,1.096249999999999,0.68375,506,1,2,303,0.5988142292490118,16.98266019270204,0.376614341068252,PLL96-board-fixed,safe_range,final,70401,NTSC,8,3,1000000.0,,False,bars,,,,,
10.275847579956094,97.0017866228561,True,3.6495196693229612,0,0,2,0.19375,0.08624999999999998,0.8296461577296512,2.2262851713856353,0.6897266107699412,-2.2439172586526603,-67.30852701190636,139.71428979908114,0.19375,0.08624999999999998,506,0,2,54,0.1067193675889328,25.35456420534953,0.4543402176951433,RNG-58c0e88fcba8,safe_range,final,70401,NTSC,8,3,1000000.0,,False,bars,,,,,
11.135885789046023,93.76847718904123,True,1.4473141522186128,124,5,0,2.025,2.025,3.1217286542196323,4.898519999838721,1.6771261037961753,-4.8089917915872515,-69.3669690049805,136.93277542080267,1.775,0.8324999999999996,506,5,2,345,0.6818181818181818,22.59268256504064,0.5153619041228006,OVP56,safe_range,final,70401,NTSC,10,3,1000000.0,,False,bars,,,,,
11.271413333951152,95.34228296682812,True,1.2395873160187496,51,1,0,2.025,1.8874999999999997,2.8511451815286164,3.2072744039915855,1.2161210473426933,-3.75039122684007,-70.49892620095517,137.23179714408553,1.6574999999999989,1.575,506,3,2,404,0.7984189723320159,24.652817487095145,0.5222749513477567,VLP56,safe_range,final,70401,NTSC,10,3,1000000.0,,False,bars,,,,,
12.133062852086816,95.48654952985223,True,1.823630884464742,0,0,2,0.125,0.11124999999999999,0.36559010719959784,1.5569570391940617,2.2235885314882897,-2.5072714562492298,-57.25060059690986,116.1911116001267,0.125,0.11124999999999999,506,0,2,10,0.019762845849802372,24.041624064855856,0.5214324050796078,RANGE32,safe_range,final,70401,NTSC,10,3,1000000.0,,True,bars,,,,,
-6.597276875930129,-82.66988147414676,False,605.4620115785132,506,12,50,2.025,2.025,1000000.0,84.37885571152046,23.088368278774503,-156.31982636850702,-69.5817103726044,82.14232796900453,1000000.0,1000000.0,506,506,2,1180,2.3320158102766797,-6.643765169334194,-0.3306749212417502,PLL96-rejected-board,safe_range,final,70401,NTSC,10,3,1000000.0,,False,bars,,,,,
9.350241347319882,94.61552154398753,True,6.054183588375727,441,12,0,2.025,2.025,3.5968161668983774,15.16760645995798,-1.0902467316246127,-2.403763357076113,-57.84558184536943,123.8528422996942,1.8,1000000.0,506,54,2,66,0.13043478260869565,13.232887924051598,0.32666499177949726,PLL96-IQ-corrected,safe_range,final,70401,NTSC,10,3,1000000.0,,False,bars,,,,,
15.505331189994786,95.73526882675807,True,0.0,0,0,2,0.075,0.34249999999999947,1.1178853864122877,2.2554349307342934,1.8502275937062098,-1.6314932057808234,-60.76464795696049,127.93653860219561,0.075,0.3424999999999995,506,0,2,91,0.17984189723320157,26.869404830254982,0.7306009726257259,floating-PLL-IQ40,safe_range,final,70401,NTSC,10,3,1000000.0,,False,bars,,,,,
4.190738454865391,44.42926334017655,True,95.2931808397583,506,12,0,2.025,2.025,1000000.0,49.23486180387988,27.176853878176345,-25.79423871745426,-19.973384718442844,96.44169509911126,1000000.0,1000000.0,506,506,2,0,0.0,4.471974437905489,0.40990498364211453,HC50,safe_range,final,70401,NTSC,10,3,1000000.0,,False,bars,,,,,
11.133534759440572,98.42689920316418,True,4.36226356019713,8,0,0,1.3875,1.2874999999999992,2.213022225256202,1.464771693777987,-2.2638516840975016,-5.837938002618165,-68.90440538342209,114.59868959719819,1.075,1.2874999999999992,506,1,2,289,0.5711462450592886,17.57551388643679,0.4139592544303044,PLL96-board-fixed,safe_range,final,70401,NTSC,10,3,1000000.0,,False,bars,,,,,
11.753133363797437,97.08776120260785,True,1.3765666065563407,0,0,2,0.1,0.1,0.34251236958708237,2.2862357270266958,0.658813728531559,-2.188209320655851,-61.50798246682889,133.7133047907028,0.1,0.1,506,0,2,10,0.019762845849802372,26.59179518022767,0.5266065294061598,RNG-58c0e88fcba8,safe_range,final,70401,NTSC,10,3,1000000.0,,True,bars,,,,,
12.46312954588322,95.40496312839119,True,0.7059701896937384,12,1,0,1.61875,1.92875,2.6090456454730613,2.985615510874716,1.4133540720451854,-3.4120207299139023,-67.01058899829185,129.6968706392126,1.4337499999999992,1.675,506,2,2,398,0.7865612648221344,24.867302667898834,0.5787723495092844,OVP56,safe_range,final,70401,NTSC,12,3,1000000.0,,False,bars,,,,,
12.605849305483483,96.31397947409918,True,0.678875384972017,4,0,1,1.15,0.8399999999999992,2.164454445768902,2.0887936967832252,1.193659321833573,-2.6977849607034847,-67.06644237099492,129.76826591276716,1.0,0.8399999999999992,506,1,2,293,0.5790513833992095,26.314945815091054,0.5857230176980083,VLP56,safe_range,final,70401,NTSC,12,3,1000000.0,,False,bars,,,,,
13.246648469837464,95.7574893688993,True,1.3998982439556007,0,0,2,0.1,0.11124999999999999,0.12488136662939471,1.325624949565776,2.1712612767514656,-2.263923174770478,-51.23812046124966,112.32436144415546,0.1,0.11124999999999999,506,0,2,1,0.001976284584980237,24.540062218829025,0.5817340014555135,RANGE32,safe_range,final,70401,NTSC,12,3,1000000.0,,True,bars,,,,,
-6.5965429680761645,-82.47157945536765,False,605.9482127965751,506,12,50,2.025,2.025,1000000.0,83.73549186178622,23.134911002017994,-156.29642303409912,-70.06041347508518,81.36685527807781,1000000.0,1000000.0,506,506,2,1158,2.2885375494071147,-6.64433268160582,-0.3376188098392638,PLL96-rejected-board,safe_range,final,70401,NTSC,12,3,1000000.0,,False,bars,,,,,
9.23948644413596,95.3778531191769,True,6.058699389162681,455,11,0,2.025,2.025,3.6191839752986894,15.701379329069773,-1.2065300364742204,-2.1096391832559647,-54.9867080091661,122.98117533492659,1.9,0.8,506,71,2,64,0.12648221343873517,12.726229750112099,0.33561485276532427,PLL96-IQ-corrected,safe_range,final,70401,NTSC,12,3,1000000.0,,False,bars,,,,,
17.014146251264812,96.02140045968736,True,0.0,0,0,2,0.05,0.036249999999999984,0.4919522796517417,1.9637891218042274,1.8069702740109939,-1.3921278419740297,-58.86016425824507,123.77230326617654,0.05,0.036249999999999984,506,0,2,11,0.021739130434782608,27.62055643937935,0.7924191009312338,floating-PLL-IQ40,safe_range,final,70401,NTSC,12,3,1000000.0,,True,bars,,,,,
4.248074533410563,44.49172478504819,True,94.91535884058321,506,12,0,2.025,2.025,1000000.0,49.14727677739924,27.152311029331468,-25.707611206734423,-7.249146958263701,90.89725457786459,1000000.0,1000000.0,506,506,2,0,0.0,4.48096147575706,0.45891090356978714,HC50,safe_range,final,70401,NTSC,12,3,1000000.0,,False,bars,,,,,
11.504863055107153,98.76508376572451,True,4.115399783843669,3,0,1,0.975,0.8274999999999997,2.0079643856789566,2.568308420749047,-2.0845896444110705,-4.555746014913961,-61.99785874543753,112.3639110502187,0.925,0.8274999999999997,506,1,2,252,0.4980237154150198,17.703931072681538,0.437545945082012,PLL96-board-fixed,safe_range,final,70401,NTSC,12,3,1000000.0,,False,bars,,,,,
12.933937394018326,97.4126868499937,True,0.8775706195979733,0,0,2,0.075,0.08624999999999998,0.0491026190103531,2.2611055146079875,0.5079087645949368,-2.0089233929570125,-52.09723164323067,120.42402068343792,0.075,0.08624999999999998,506,0,2,0,0.0,27.290390940000748,0.5877042824736013,RNG-58c0e88fcba8,safe_range,final,70401,NTSC,12,3,1000000.0,,True,bars,,,,,
13.522088626131271,96.36880631989366,True,0.538885560576457,2,0,2,0.95,0.7549999999999997,1.7962938587503234,1.7466870305190185,1.2695031062267281,-2.5529525759141736,-65.08357842305745,127.22884290161211,0.9462499999999991,0.7549999999999997,506,1,2,226,0.44664031620553357,26.363689673012736,0.6288883855856691,OVP56,safe_range,final,70401,NTSC,14,3,1000000.0,,False,bars,,,,,
13.675591992817429,96.81502678779235,True,0.518564457035166,0,0,2,0.525,0.2724999999999996,1.3000232781436705,1.3932300594983602,1.226549758489884,-2.100940608355,-63.767743420146545,129.89788658741236,0.525,0.27249999999999963,506,0,2,114,0.22529644268774704,27.218819446434786,0.6357977156213263,VLP56,safe_range,final,70401,NTSC,14,3,1000000.0,,False,bars,,,,,
14.114168053988625,95.80947310731051,True,1.2380820490897653,0,0,2,0.075,0.075,0.044302343374346444,1.2901788626687087,2.112474089027764,-2.3159081906698393,-51.009170094006784,111.10980849389578,0.075,0.075,506,0,2,0,0.0,24.77701863847066,0.6289078213165833,RANGE32,safe_range,final,70401,NTSC,14,3,1000000.0,,True,bars,,,,,
-6.596885913127367,-82.31982349379918,False,606.6376250500501,506,12,50,2.025,2.025,1000000.0,83.31618584057745,23.056517987408366,-156.24697922986655,-70.24012381336377,82.25439405963441,1000000.0,1000000.0,506,506,2,1164,2.300395256916996,-6.64550964819636,-0.34105167667542924,PLL96-rejected-board,safe_range,final,70401,NTSC,14,3,1000000.0,,False,bars,,,,,
9.132363749179142,96.03127792973245,True,6.151273305295228,452,10,0,2.025,2.025,3.6352521054763685,15.869632842102162,-1.242131908446588,-1.921751908265799,-55.13244290220024,121.7965244087137,1.95,1.465,506,35,2,55,0.10869565217391304,12.360949180721352,0.33973011376553386,PLL96-IQ-corrected,safe_range,final,70401,NTSC,14,3,1000000.0,,False,bars,,,,,
18.328063861929046,96.16910169389244,True,0.0,0,0,2,0.025,0.025,0.05077219914021449,1.800926338605069,1.7784955535547688,-1.2772248568891669,-56.413939272301334,119.30598034000296,0.025,0.025,506,0,2,0,0.0,28.087523768582212,0.8397124017869717,floating-PLL-IQ40,safe_range,final,70401,NTSC,14,3,1000000.0,,True,bars,,,,,
4.282564968204818,44.509198412126565,True,94.88149033468105,506,12,0,2.025,2.025,1000000.0,49.07972381220901,27.13106032903409,-25.681227464844923,-3.1750374016560343,89.07497281057611,1000000.0,1000000.0,506,506,2,0,0.0,4.485259686957129,0.49924673366722105,HC50,safe_range,final,70401,NTSC,14,3,1000000.0,,False,bars,,,,,
11.727269969767505,98.56362845343484,True,3.960357290158264,6,1,0,1.1125,1.227499999999999,2.1506283965390205,3.6185561207632526,-1.7808463249917845,-3.7914477023491155,-60.6374099942596,112.32301700746477,1.025,0.575,506,1,2,270,0.5335968379446641,17.725192639495248,0.4535681635087173,PLL96-board-fixed,safe_range,final,70401,NTSC,14,3,1000000.0,,False,bars,,,,,
13.85737804608332,97.60125698322253,True,0.7082280900872151,0,0,2,0.075,0.061249999999999985,0.047322061138075244,2.3459102033195323,0.3673356634900735,-1.9581859068741887,-49.84388695208382,120.53918102929661,0.075,0.061249999999999985,506,0,2,0,0.0,27.658921675272442,0.6347383847885956,RNG-58c0e88fcba8,safe_range,final,70401,NTSC,14,3,1000000.0,,True,bars,,,,,
14.945659280941094,97.24267146155616,True,0.425237907438126,0,0,2,0.05,0.025,0.6191744312264397,0.6220713601986796,1.1387765675506547,-1.6855073354900472,-62.44659143667259,124.70439425943752,0.05,0.025,506,0,2,22,0.043478260869565216,27.682365823338575,0.6952374957467414,OVP56,safe_range,final,70401,NTSC,18,3,1000000.0,,False,bars,,,,,
15.1301966412171,97.31528482383794,True,0.40040100310988147,0,0,2,0.05,0.025,0.27652961230619305,0.7050982253554969,1.2521676280896996,-1.46500529821181,-61.097250651560984,122.70100552916523,0.05,0.025,506,0,2,4,0.007905138339920948,28.025912749026848,0.7030078496590031,VLP56,safe_range,final,70401,NTSC,18,3,1000000.0,,True,bars,,,,,
15.274827516148157,95.69154594360775,True,1.0566973841471308,0,0,2,0.075,0.05,0.04106114692213632,1.362406040793845,2.0190164013256124,-2.7347636614581794,-50.91268499166243,110.65198951837417,0.075,0.05,506,0,2,0,0.0,25.029949425887516,0.6920484350369432,RANGE32,safe_range,final,70401,NTSC,18,3,1000000.0,,True,bars,,,,,
-6.602258284221396,-82.38654682760931,False,608.0631128317984,506,12,50,2.025,2.025,1000000.0,83.55976644753609,22.83410455461707,-156.19201960330756,-67.96894134982644,78.16067853442863,1000000.0,1000000.0,506,506,2,1195,2.3616600790513833,-6.65123480183995,-0.3467749796814902,PLL96-rejected-board,safe_range,final,70401,NTSC,18,3,1000000.0,,False,bars,,,,,
8.961972414449184,97.13821646294832,True,6.332657970237863,484,11,0,2.025,2.025,3.670614266156155,15.56567378171989,-1.1049480165987922,-1.7177980360662544,-53.46525319681532,119.18195026936328,1.9449999999999998,0.8,506,66,2,27,0.0533596837944664,11.897867728970944,0.3458493123045314,PLL96-IQ-corrected,safe_range,final,70401,NTSC,18,3,1000000.0,,False,bars,,,,,
20.224670404063883,96.30852078624386,True,0.0,0,0,2,0.025,0.025,0.020035788138331633,1.662348323222242,1.7413799872234117,-1.170955852449815,-51.44781975394899,115.83875856200928,0.025,0.025,506,0,2,0,0.0,28.579142965470336,0.8963445022148148,floating-PLL-IQ40,safe_range,final,70401,NTSC,18,3,1000000.0,,True,bars,,,,,
4.313880327460014,44.49925881331191,True,94.8762219004296,506,12,0,2.025,2.025,1000000.0,49.00397432651697,27.120973429140868,-25.670677070654577,-0.5572176231049966,86.61908910125965,1000000.0,1000000.0,506,506,2,0,0.0,4.48719576386699,0.5494715603788007,HC50,safe_range,final,70401,NTSC,18,3,1000000.0,,False,bars,,,,,
11.93137617152918,97.90694842338006,True,3.7699410236417226,17,0,0,1.725,0.5974999999999999,2.4757956623183164,5.018410849111372,-1.2062256353815388,-3.0066551364975087,-60.03651905504098,111.53890792896686,1.2349999999999965,0.5974999999999999,506,2,2,342,0.6758893280632411,17.61284276924482,0.4721660657736672,PLL96-board-fixed,safe_range,final,70401,NTSC,18,3,1000000.0,,False,bars,,,,,
15.0603054483471,97.78055320891517,True,0.562217197975717,0,0,2,0.05,0.05,0.047699031735020554,2.556434214323132,0.28343364850179914,-2.050581522493537,-45.44841825704126,113.95557488505202,0.05,0.05,506,0,2,0,0.0,27.900384858278255,0.6954531219683521,RNG-58c0e88fcba8,safe_range,final,70401,NTSC,18,3,1000000.0,,True,bars,,,,,
15.626123845964665,97.5255695733604,True,0.3845957003555441,0,0,2,0.05,0.05,0.022857826606091626,0.26584039582312274,1.087738102873779,-1.3939006323016057,-60.47071022541878,124.33685745988103,0.05,0.05,506,0,2,0,0.0,28.042558127348197,0.7252535253254708,OVP56,safe_range,final,70401,NTSC,22,3,1000000.0,,True,bars,0.874280552102124,-48.14669639243871,10.573650474580955,20.98332842477214,11.60159161283895
15.832751189210194,97.51220989092971,True,0.37405883185265243,0,0,2,0.05,0.05,0.019567962038493456,0.42500584865955826,1.2386775117562872,-1.2543276285719176,-58.77888681947583,123.73290151285488,0.05,0.05,506,0,2,0,0.0,28.327236034461528,0.7334156828200771,VLP56,safe_range,final,70401,NTSC,22,3,1000000.0,,True,bars,0.8579030705369411,-48.217515304076215,10.570395141667174,21.14571084686155,11.398508022405439
15.811762844542475,95.65292354802203,True,0.9761656034464591,0,0,2,0.05,0.05,0.04156938577838377,1.3352940386943615,1.9546633184658022,-2.981750676767373,-50.470853667927244,107.42247740575834,0.05,0.05,506,0,2,0,0.0,25.170771654899884,0.7198961952916025,RANGE32,safe_range,final,70401,NTSC,22,3,1000000.0,,True,bars,0.8405370914853167,-49.50413590591432,10.306474588653456,20.00551745124617,11.547876475460491
-6.609686992612948,-82.61763443816196,False,608.8097252285748,506,12,50,2.025,2.025,1000000.0,84.21504528413844,22.689108016390197,-156.19832425584048,-67.78352732587037,70.09045287619563,1000000.0,1000000.0,506,506,2,1204,2.3794466403162056,-6.658332515987686,-0.3485717936162763,PLL96-rejected-board,safe_range,final,70401,NTSC,22,3,1000000.0,contrast;waveform;detail_floor;sync;h_jitter_us;v_jitter_us;h_width_rmse_us;sync_error_ire;black_error_ire;white_error_ire;contrast;stress_waveform;reference_detail;burst_gain;burst_phase_jitter_deg;burst_rmse_ire;h_missing;v_missing;vertical_trains;sync_error_ire;black_error_ire;white_error_ire,False,bars,0.4329183247104146,83.61960950478347,40.303148616253914,29.8093006759898,29.4407909973007
8.890364818149727,97.98811588518535,True,6.398889715113181,500,12,0,2.025,2.025,3.6833804672700685,14.774855313180918,-1.0207882402606607,-1.627956820767452,-48.75845770513125,110.77620615211484,1.65,1000000.0,506,112,2,7,0.01383399209486166,11.720541451049364,0.3514619451377005,PLL96-IQ-corrected,safe_range,final,70401,NTSC,22,3,1000000.0,waveform;detail_floor;sync;h_jitter_us;v_jitter_us;h_width_rmse_us;sync_error_ire;stress_waveform;reference_detail;burst_gain;burst_phase_jitter_deg;burst_rmse_ire;h_missing;v_missing;vertical_trains;sync_error_ire,False,bars,0.49624442902216237,-94.44852490527212,37.93700369468411,28.593522731121993,17.917141464771618
21.222890720210103,96.36281778425695,True,0.0,0,0,2,0.025,0.025,0.019121000188832796,1.637847366887165,1.7242312094705847,-1.1010036971433426,-49.315513499317916,113.85197023386593,0.025,0.025,506,0,2,0,0.0,28.786983034864207,0.9206050924506631,floating-PLL-IQ40,safe_range,final,70401,NTSC,22,3,1000000.0,burst_gain,True,bars,0.586263493532523,5.130567242297721,8.181729601154405,17.183094219306327,6.342766371641769
4.326367128437086,44.50063561007984,True,94.82579545830862,506,12,0,2.025,2.025,1000000.0,48.96999205057258,27.132371370147286,-25.630162653326714,0.8753897100526302,84.31354481971178,1000000.0,1000000.0,506,506,2,0,0.0,4.487849447499876,0.5744800500852306,HC50,safe_range,final,70401,NTSC,22,3,1000000.0,contrast;waveform;detail_floor;sync;h_jitter_us;v_jitter_us;h_width_rmse_us;sync_error_ire;black_error_ire;white_error_ire;contrast;stress_waveform;reference_detail;burst_gain;burst_rmse_ire;h_missing;v_missing;vertical_trains;sync_error_ire;black_error_ire;white_error_ire,False,bars,0.4322037265400236,80.655668738074,10.043296465379859,18.187703340835043,30.862390383981314
11.918826873656688,97.27223376259506,True,3.7180093145917565,0,0,2,0.275,0.3287499999999999,0.11233793772793066,5.584637673465284,-0.7910586974563257,-2.760202785042889,-59.83292504761867,111.41736214452263,0.275,0.3287499999999999,506,0,2,0,0.0,17.2557432242563,0.4784273096775965,PLL96-board-fixed,safe_range,final,70401,NTSC,22,3,1000000.0,waveform;detail_floor;sync_error_ire;stress_waveform;reference_detail;burst_phase_jitter_deg;burst_rmse_ire,True,bars,0.5936678510236397,-87.76721449684227,36.04967010494637,22.211503733846985,16.483613090759864
15.61865839269958,97.84639682918286,True,0.5050170546743055,0,0,2,0.05,0.05,0.047465402419841235,2.677801021929209,0.33269779327461635,-2.169502656180981,-45.54622265220015,110.68487843832938,0.05,0.05,506,0,2,0,0.0,27.87828982981942,0.7222606510826427,RNG-58c0e88fcba8,safe_range,final,70401,NTSC,22,3,1000000.0,,True,bars,0.9634501446730962,-49.65564228610831,10.484138116201214,17.746169689706004,12.26854512523372
16.06477080577355,97.59729294195652,True,0.33040609091210144,0,0,2,0.05,0.05,0.02123299133303211,0.11221490753225519,1.0930918736831379,-1.3256558484176462,-58.2841560117937,124.04091426723768,0.05,0.05,506,0,2,0,0.0,28.171235534164264,0.744001334940214,OVP56,safe_range,final,70401,NTSC,30,3,1000000.0,,True,bars,0.8644001532775212,-48.4367896612594,9.514481212615426,21.119873338959795,11.489155730551333
16.28830224466504,97.57420343723255,True,0.3454587602019466,0,0,2,0.05,0.05,0.01863021685963838,0.27870242842893117,1.251895530098269,-1.2024487686256906,-56.360244034495615,123.57390746149655,0.05,0.05,506,0,2,0,0.0,28.474977251898114,0.7525522011559753,VLP56,safe_range,final,70401,NTSC,30,3,1000000.0,,True,bars,0.8586985677869785,-48.46208341366616,9.135400620632636,21.54337905988006,11.263039630033525
16.169298081056684,95.70776630585252,True,0.897139089674772,0,0,2,0.05,0.061249999999999985,0.03959091703235037,1.2378217601571844,1.8744290512789736,-3.0597685292929424,-44.330021377562886,103.19144238845219,0.05,0.061249999999999985,506,0,2,0,0.0,25.31473703358941,0.7377692314152712,RANGE32,safe_range,final,70401,NTSC,30,3,1000000.0,,True,bars,0.8381544184638912,-49.45394617413599,9.162211189635846,20.4314147327142,11.39213917801419
-6.619714361710017,-82.96272895519797,False,609.4103267332396,506,12,50,2.025,2.025,1000000.0,84.94320190316924,22.654901376728663,-156.2492885834234,-67.71066871017855,66.93553745472626,1000000.0,1000000.0,506,506,2,1223,2.41699604743083,-6.668146774640076,-0.348280805098845,PLL96-rejected-board,safe_range,final,70401,NTSC,30,3,1000000.0,contrast;waveform;detail_floor;sync;h_jitter_us;v_jitter_us;h_width_rmse_us;sync_error_ire;black_error_ire;white_error_ire;contrast;stress_waveform;reference_detail;burst_gain;burst_phase_jitter_deg;burst_amplitude_jitter_pct;burst_rmse_ire;h_missing;v_missing;vertical_trains;sync_error_ire;black_error_ire;white_error_ire,False,bars,0.4346251590627533,83.90824201073114,39.68451572610036,38.739976363627754,29.456467606717297
8.851029077068628,98.70061512322935,True,6.428242420228379,506,12,0,2.025,2.025,1000000.0,14.025814420265368,-1.0150753822678962,-1.5928693467389274,-41.77720245079718,107.08740005785079,1000000.0,1000000.0,506,506,2,0,0.0,11.636758297227834,0.3530435383340541,PLL96-IQ-corrected,safe_range,final,70401,NTSC,30,3,1000000.0,waveform;detail_floor;sync;h_jitter_us;v_jitter_us;h_width_rmse_us;sync_error_ire;stress_waveform;reference_detail;burst_gain;burst_phase_jitter_deg;burst_amplitude_jitter_pct;burst_rmse_ire;h_missing;v_missing;vertical_trains;sync_error_ire,False,bars,0.5015462099988286,-94.73710945106883,36.963497926628186,33.42197660641285,17.939866042071042
21.924938500722035,96.38296047826672,True,0.0,0,0,2,0.025,0.025,0.019249762587725452,1.6324481760245078,1.7200648610768325,-1.057735288711588,-45.12763186895131,112.01352127677815,0.025,0.025,506,0,2,0,0.0,28.89496268626472,0.9356875682429533,floating-PLL-IQ40,safe_range,final,70401,NTSC,30,3,1000000.0,burst_gain,True,bars,0.5863390651670877,4.781911224411603,6.8912768638875095,17.768701902249234,6.221357332137005
4.334428285230455,44.507650857439415,True,94.789669052013,506,12,0,2.025,2.025,1000000.0,48.950201468328,27.13480330798569,-25.589087891928568,2.6486067309599832,84.26802276267038,1000000.0,1000000.0,506,506,2,0,0.0,4.489276662976915,0.5902735292436985,HC50,safe_range,final,70401,NTSC,30,3,1000000.0,contrast;waveform;detail_floor;sync;h_jitter_us;v_jitter_us;h_width_rmse_us;sync_error_ire;black_error_ire;white_error_ire;contrast;stress_waveform;reference_detail;burst_gain;burst_rmse_ire;h_missing;v_missing;vertical_trains;sync_error_ire;black_error_ire;white_error_ire,False,bars,0.43323818107079437,80.46174817841907,8.77746101643474,19.06270085525979,30.84336522321735
11.861740211391133,96.8949998252529,True,3.637477533891085,0,0,2,0.25,0.075,0.10534739257584709,5.69787599726823,-0.6288197193701528,-2.694072037218318,-57.66409009559145,111.41477093242729,0.25,0.075,506,0,2,0,0.0,16.882101498943364,0.482852875212535,PLL96-board-fixed,safe_range,final,70401,NTSC,30,3,1000000.0,waveform;detail_floor;sync_error_ire;stress_waveform;reference_detail;burst_phase_jitter_deg;burst_rmse_ire,True,bars,0.601643950513266,-88.21724899183207,34.835269719452334,17.119970890688485,16.520763916921997
15.986754191170046,97.92196837069605,True,0.43878530979898667,0,0,2,0.05,0.061249999999999985,0.0474003010280463,2.6498277676015785,0.34182383494730917,-2.2511358755892465,-45.160785358836634,109.09397029721087,0.05,0.061249999999999985,506,0,2,0,0.0,27.888965221221156,0.7393031235984987,RNG-58c0e88fcba8,safe_range,final,70401,NTSC,30,3,1000000.0,,True,bars,0.9821991745049345,-49.55638916505956,9.067348461922553,17.95205974025884,12.209042754316885
0.7461100164458873,55.484717536428384,True,219.74968632371392,610,8,0,2.025,2.025,1000000.0,35.71499923132709,14.060790983458984,-29.63916979208946,-88.42173839721589,150.78479754817212,1000000.0,1000000.0,610,610,2,0,0.0,5.5501339245346095,0.11777238477360547,OVP56,safe_range,final,70402,PAL,0,3,1000000.0,,False,bars,,,,,
-0.03769927211838455,59.403603186937836,True,226.17879548306146,610,8,0,2.025,2.025,1000000.0,26.330646651741358,8.746165680820605,-32.884102676081596,-95.35493597807306,155.62249105141277,1000000.0,1000000.0,610,610,2,0,0.0,5.462029799521822,0.11060408734871195,VLP56,safe_range,final,70402,PAL,0,3,1000000.0,,False,bars,,,,,
1.1742524633010774,63.281466849680825,True,166.19447929736512,544,7,0,2.025,2.025,3.5406794524283733,31.96330777201009,4.996410981690283,-34.216354866615205,-75.33767748269146,136.18211221030202,1.91875,0.025,610,38,2,56,0.09180327868852459,6.04111795513112,0.11761676384344233,RANGE32,safe_range,final,70402,PAL,0,3,1000000.0,,False,bars,,,,,
-6.801258770627481,-77.93278985772196,False,638.969887076537,609,8,2,2.025,2.025,3.55,90.4501122913084,19.593653412622064,-148.1020005328035,-76.9624090069521,137.61956577384674,1.025,1000000.0,610,324,2,3627,5.945901639344262,-6.692946065887732,-0.0984238164641693,PLL96-rejected-board,safe_range,final,70402,PAL,0,3,1000000.0,,False,bars,,,,,
2.7210081866753577,85.53329535760828,True,114.39585947302385,386,5,0,2.025,2.025,3.3110685923451184,11.760803329151843,3.1560132293286145,-11.259919630867355,-78.23693720470287,138.08229292073946,1.925,1.285,610,16,2,254,0.4163934426229508,5.66099431141345,0.10148823544528321,PLL96-IQ-corrected,safe_range,final,70402,PAL,0,3,1000000.0,,False,bars,,,,,
5.826863285003592,92.1342384992067,True,41.08782936010038,492,7,0,2.025,2.025,3.476670126642953,4.848110895360256,1.4125880651043885,-7.801785158588629,-80.19777065411573,140.5162794316686,1.9037499999999998,1.275,610,24,2,104,0.17049180327868851,13.31995217005292,0.25473409957910437,floating-PLL-IQ40,safe_range,final,70402,PAL,0,3,1000000.0,,False,bars,,,,,
0.8307773099732418,31.85469669085703,True,221.6913425345044,610,8,0,2.025,2.025,1000000.0,52.65620442528779,27.033664394524422,-41.46468102027354,-84.02029829473926,136.29384011453385,1000000.0,1000000.0,610,610,2,0,0.0,2.825159874024487,0.07321105395800752,HC50,safe_range,final,70402,PAL,0,3,1000000.0,,False,bars,,,,,
0.17643741295873783,69.72537654477705,True,197.6166875784191,433,5,0,2.025,2.025,3.360790867375905,17.384653926068047,2.744861216709631,-30.323305609284255,-84.36308565684583,129.5665806220248,1.7549999999999997,1.4849999999999999,610,16,2,174,0.28524590163934427,3.8067820185967376,0.08526933982911658,PLL96-board-fixed,safe_range,final,70402,PAL,0,3,1000000.0,,False,bars,,,,,
0.5767159502712167,69.46867936363905,True,185.2685069008783,474,6,0,2.025,2.025,3.4507944790677847,29.895021425703572,4.916327553291459,-25.37070662033967,-83.19474692611253,151.3740221851868,1.83125,1.56875,610,31,2,110,0.18032786885245902,6.505569545891312,0.11817536535210064,RNG-58c0e88fcba8,safe_range,final,70402,PAL,0,3,1000000.0,,False,bars,,,,,
2.74593798659673,68.82907305306657,True,134.0771643663739,608,8,0,2.025,2.025,3.612694631435101,26.309496170904726,9.306791675968515,-21.15617430122352,-85.76133966770354,149.34728094008335,1.14375,1000000.0,610,396,2,0,0.0,8.490902339112456,0.17416592397572495,OVP56,safe_range,final,70402,PAL,2,3,1000000.0,,False,bars,,,,,
2.1977311627736578,73.26753911253279,True,133.28983688833122,608,8,0,2.025,2.025,3.5763983279271345,18.456961821287273,5.7297117104277735,-21.925529962373293,-91.95261140656258,154.16580344431418,0.37,1000000.0,610,437,2,0,0.0,8.846866230621643,0.16696517392650184,VLP56,safe_range,final,70402,PAL,2,3,1000000.0,,False,bars,,,,,
3.284337132047363,77.36203857856175,True,91.09347553324969,359,2,0,2.025,2.025,3.311011749417522,20.040379391117828,2.8585353083017764,-22.487045557411463,-71.12429294246141,130.66278126931041,1.825,1.69375,610,9,2,219,0.3590163934426229,9.347076382398182,0.17179999727002257,RANGE32,safe_range,final,70402,PAL,2,3,1000000.0,,False,bars,,,,,
-6.776798734901059,-82.14976695089126,False,622.7383939774153,610,8,13,2.025,2.025,1000000.0,89.99053376175023,20.508277662412883,-153.66417663513823,-75.03146448773192,135.8679741973749,1000000.0,1000000.0,610,610,2,2795,4.581967213114754,-6.7483609311898665,-0.16462002384260993,PLL96-rejected-board,safe_range,final,70402,PAL,2,3,1000000.0,,False,bars,,,,,
5.546932084219799,89.56981378076935,True,48.827478042659976,404,6,0,2.025,2.025,3.301594752937035,10.860488510750546,1.9522318103552354,-7.199081723166812,-76.0280186109097,135.54319019114155,1.925,0.64125,610,14,2,214,0.35081967213114756,9.6106400688638,0.1606526157046409,PLL96-IQ-corrected,safe_range,final,70402,PAL,2,3,1000000.0,,False,bars,,,,,
8.098369595190544,94.02328402586627,True,12.195734002509411,379,5,0,2.025,2.025,3.362116664127446,4.003535094893204,1.5272096750568167,-4.858072693880702,-76.50812451666756,137.60516136527923,1.925,1.75,610,10,2,219,0.3590163934426229,18.319158938250915,0.35862941048795066,floating-PLL-IQ40,safe_range,final,70402,PAL,2,3,1000000.0,,False,bars,,,,,
2.1310970642213607,38.09663424928318,True,164.22772898368885,610,8,0,2.025,2.025,1000000.0,50.811325519092,27.204568076211583,-34.43752727668567,-81.38636094184898,131.4206370580456,1000000.0,1000000.0,610,610,2,0,0.0,3.653161443412113,0.11596378445465134,HC50,safe_range,final,70402,PAL,2,3,1000000.0,,False,bars,,,,,
2.74721968271722,81.4940510382354,True,102.76223337515684,285,2,0,2.025,2.025,3.1807842525921908,9.908978380899896,0.0939119674999709,-21.72972339389016,-83.60077187587184,127.40103421980716,1.9,1.65,610,7,2,288,0.4721311475409836,7.016327704021973,0.13351678417955817,PLL96-board-fixed,safe_range,final,70402,PAL,2,3,1000000.0,,False,bars,,,,,
2.8544199149519933,83.34688166896359,True,101.66436637390214,249,2,0,2.025,2.025,3.183881833839936,17.39701714733576,2.1668429804240166,-14.144626283375564,-80.67346102600928,148.4954161111101,1.875,1.66875,610,6,2,310,0.5081967213114754,10.221446013604531,0.17485011807951642,RNG-58c0e88fcba8,safe_range,final,70402,PAL,2,3,1000000.0,,False,bars,,,,,
5.075036323525274,80.730505535745,True,64.80238393977415,600,8,0,2.025,2.025,3.5280837575091666,16.896241578977875,5.123322890299394,-13.847496766960722,-86.67876055871184,144.62105617597763,1.3012499999999998,1000000.0,610,223,2,5,0.00819672131147541,12.429067500655481,0.25004617348055896,OVP56,safe_range,final,70402,PAL,4,3,1000000.0,,False,bars,,,,,
4.800954782546664,84.8625812178332,True,62.14993726474279,587,7,0,2.025,2.025,3.5345807204766473,11.08392542827053,2.9214750079111553,-12.93488416830936,-90.79567209686536,149.59634648609517,1.6949999999999996,1.875,610,71,2,19,0.03114754098360656,13.381046585484114,0.24704739089952865,VLP56,safe_range,final,70402,PAL,4,3,1000000.0,,False,bars,,,,,
5.863052664221041,88.64394983982054,True,39.2741530740276,88,1,0,2.025,1.7974999999999997,2.8820089892601386,9.137153444549886,1.7183882420060395,-11.664714227255926,-70.08078532992063,129.93327731816436,1.7237499999999997,1.375,610,3,2,404,0.6622950819672131,13.944320039946899,0.25005668060714886,RANGE32,safe_range,final,70402,PAL,4,3,1000000.0,,False,bars,,,,,
-6.80330163550281,-84.16006970232,False,615.0106649937264,610,8,46,2.025,2.025,1000000.0,88.51108448613293,21.25376448571353,-156.74466063924453,-75.60503225535842,133.93259094761328,1000000.0,1000000.0,610,610,2,2045,3.3524590163934427,-6.8197956593997855,-0.24097754726051251,PLL96-rejected-board,safe_range,final,70402,PAL,4,3,1000000.0,,False,bars,,,,,
7.974757885388178,92.90291981229169,True,17.550188205771644,414,5,0,2.025,2.025,3.4303534245536476,10.860684697947528,0.22982000957435555,-4.068425173262709,-73.37867691336001,134.6515603882961,1.9,0.64,610,11,2,176,0.28852459016393445,13.162500985073214,0.240513769186116,PLL96-IQ-corrected,safe_range,final,70402,PAL,4,3,1000000.0,,False,bars,,,,,
10.084464818423228,95.7529432144163,True,2.5194479297365118,158,3,0,2.025,2.025,3.1054621536983986,2.595132055075697,1.2555222016691676,-2.762234783729174,-75.25831334750536,134.92281607118588,1.725,1.0150000000000001,610,4,2,413,0.6770491803278689,22.792392508429785,0.4597566555529941,floating-PLL-IQ40,safe_range,final,70402,PAL,4,3,1000000.0,,False,bars,,,,,
3.2866021603167472,42.67177540221453,True,121.90213299874529,610,8,0,2.025,2.025,1000000.0,49.27617010320409,27.06347149379176,-28.983862166428022,-79.69979286577251,130.2536361108336,1000000.0,1000000.0,610,610,2,0,0.0,4.287047401574158,0.1788310673859081,HC50,safe_range,final,70402,PAL,4,3,1000000.0,,False,bars,,,,,
5.83679106974163,91.06973607773085,True,40.49247176913425,74,0,0,2.025,1.6237499999999998,2.883761390521533,3.2660615351108335,-1.8756131831080494,-14.505285565502756,-82.58792045944502,128.25742054051597,1.675,1.62375,610,3,2,429,0.7032786885245902,10.96283198532844,0.21314715613620933,PLL96-board-fixed,safe_range,final,70402,PAL,4,3,1000000.0,,False,bars,,,,,
5.543055101317956,93.17691524979647,True,44.12797992471769,47,1,0,2.025,1.8762499999999998,2.6311789748159136,7.099795750730783,0.7022244928427881,-5.760333516157327,-79.96430375892095,146.71241978924797,1.5224999999999995,1.2924999999999993,610,3,2,405,0.6639344262295082,15.30547305493209,0.2568846383398387,RNG-58c0e88fcba8,safe_range,final,70402,PAL,4,3,1000000.0,,False,bars,,,,,
7.443828342355144,87.80126199997865,True,22.40715181932246,556,8,0,2.025,2.025,3.502062884136212,10.928953302313651,2.747985144251129,-9.359373347814751,-80.02418576666619,139.17206459178163,1.7674999999999996,1000000.0,610,38,2,55,0.09016393442622951,16.508392869787766,0.3378833704782117,OVP56,safe_range,final,70402,PAL,6,3,1000000.0,,False,bars,,,,,
7.435130711199069,91.10765304128488,True,20.373902132998747,492,7,0,2.025,2.025,3.46581443579858,6.907928240100885,1.5148275427672402,-7.8846946689862385,-83.64156084320066,143.7438716017761,1.9,1.875,610,23,2,120,0.19672131147540983,18.265102324372837,0.3415442810559984,VLP56,safe_range,final,70402,PAL,6,3,1000000.0,,False,bars,,,,,
8.530788614798787,93.65304475760263,True,12.720200752823086,6,0,0,1.2,1.1387499999999997,2.0619425295175207,3.7112099397219107,1.6970285148285704,-5.662861614267498,-64.7556973795493,125.38462556165136,1.125,1.1387499999999995,610,1,2,274,0.4491803278688525,19.030043782721673,0.3435410661962251,RANGE32,safe_range,final,70402,PAL,6,3,1000000.0,,False,bars,,,,,
-6.763448873282884,-83.94629196211427,False,610.3437892095358,610,8,57,2.025,2.025,1000000.0,86.76517750550907,22.200899171549302,-156.961735401124,-73.04411922857308,132.8364919723478,1000000.0,1000000.0,610,610,2,1643,2.6934426229508195,-6.7989297411879885,-0.299478458192667,PLL96-rejected-board,safe_range,final,70402,PAL,6,3,1000000.0,,False,bars,,,,,
9.166466811144945,93.96532611147052,True,7.992471769134254,491,8,0,2.025,2.025,3.467172733612487,12.355072950030442,-0.5596262032818659,-3.100982546235967,-72.5338805223562,133.1882815096385,1.8275,1000000.0,610,21,2,132,0.21639344262295082,14.198430103346105,0.2961440642058487,PLL96-IQ-corrected,safe_range,final,70402,PAL,6,3,1000000.0,,False,bars,,,,,
12.000861881655583,95.8648833401363,True,0.3230865746549561,33,1,0,2.025,1.7624999999999995,2.6772419701484655,2.315404890020543,1.3972987426649641,-2.1121165531782427,-70.43345667271925,132.0149085079982,1.55,1.1624999999999996,610,2,2,406,0.6655737704918033,25.51377828441515,0.5559792244530893,floating-PLL-IQ40,safe_range,final,70402,PAL,6,3,1000000.0,,False,bars,,,,,
3.93687667739882,44.257191708505715,True,99.85696361355082,610,8,0,2.025,2.025,1000000.0,49.01342060195381,27.040929319763038,-26.589246285537406,-62.5379068436876,118.68536756543695,1000000.0,1000000.0,610,610,2,0,0.0,4.5254231103168605,0.25959295189276443,HC50,safe_range,final,70402,PAL,6,3,1000000.0,,False,bars,,,,,
8.740912208151526,95.70131781961183,True,12.907779171894605,23,0,0,1.8137499999999989,0.4649999999999997,2.3248529930993485,0.8044034732867841,-2.403428899997008,-10.125916160175889,-81.28400487933759,127.738977433931,1.225,0.4649999999999997,610,2,2,354,0.580327868852459,14.786739558409202,0.30872051836668896,PLL96-board-fixed,safe_range,final,70402,PAL,6,3,1000000.0,,False,bars,,,,,
8.203532487349552,96.48651615676373,True,14.029485570890841,3,0,0,0.9,0.7,1.7093875412154502,2.9294037361223104,0.4874375784140743,-2.842724479361788,-70.3322457087776,144.2519935809662,0.85,0.7,610,1,2,210,0.3442622950819672,21.14937270524818,0.3516375117602963,RNG-58c0e88fcba8,safe_range,final,70402,PAL,6,3,1000000.0,,False,bars,,,,,
9.47144541756887,91.42396129593656,True,5.505018820577165,414,5,0,2.025,2.025,3.4021892336600934,7.384165883179203,2.016490045075365,-6.707930142733134,-72.47202957977036,133.818045454843,1.8,1.085,610,14,2,201,0.3295081967213115,19.886763560164592,0.42240123407628327,OVP56,safe_range,final,70402,PAL,8,3,1000000.0,,False,bars,,,,,
9.57846024949514,93.79998084502954,True,4.722082810539523,277,3,0,2.025,2.025,3.2657986873146463,4.728237267580071,1.243505612345885,-5.317686874788936,-79.6143344092998,134.11251358600737,1.775,1.52,610,8,2,316,0.5180327868852459,22.135136112032576,0.4289104040780332,VLP56,safe_range,final,70402,PAL,8,3,1000000.0,,False,bars,,,,,
10.652363022715356,94.99712511339317,True,3.821831869510665,0,0,2,0.3,0.09124999999999998,1.0416328409808497,2.0485219886481874,2.0797620565391743,-3.2803186090540346,-63.0502961479604,122.44467776803967,0.3,0.09124999999999998,610,0,2,68,0.11147540983606558,22.80273499438161,0.4327219155041764,RANGE32,safe_range,final,70402,PAL,8,3,1000000.0,,False,bars,,,,,
-6.709798340753047,-83.08360269800555,False,607.9046424090338,610,8,59,2.025,2.025,1000000.0,85.29379144287863,22.88614590515757,-156.29301602315013,-72.14300731773241,128.931584872193,1000000.0,1000000.0,610,610,2,1506,2.4688524590163934,-6.7519102460397455,-0.32917156613188964,PLL96-rejected-board,safe_range,final,70402,PAL,8,3,1000000.0,,False,bars,,,,,
9.470350264793147,94.3918899474376,True,6.089084065244667,532,8,0,2.025,2.025,3.543304674004271,14.103702547079509,-0.8757640575145669,-2.741969291000007,-67.90677659759986,128.06731540827104,1.8074999999999997,1000000.0,610,26,2,74,0.12131147540983607,13.803130102775434,0.3268283423568541,PLL96-IQ-corrected,safe_range,final,70402,PAL,8,3,1000000.0,,False,bars,,,,,
13.770183320563525,95.57493209025859,True,0.040150564617314935,4,0,1,0.975,1.3499999999999996,2.0752303641659724,2.442499963675214,1.7506718098133283,-1.9332924497051067,-67.65767926285005,131.42366610190265,0.975,1.3499999999999996,610,1,2,281,0.460655737704918,26.199669909388103,0.6417512990644768,floating-PLL-IQ40,safe_range,final,70402,PAL,8,3,1000000.0,,False,bars,,,,,
4.168332972562828,44.4249652278335,True,91.7465495608532,610,8,0,2.025,2.025,1000000.0,49.184702572661664,27.146028635382265,-25.960097449076798,-58.12804711561245,103.18003861156578,1000000.0,1000000.0,610,610,2,0,0.0,4.549446431291642,0.3370077120933208,HC50,safe_range,final,70402,PAL,8,3,1000000.0,,False,bars,,,,,
10.466125985984647,97.63073577523056,True,5.422208281053952,7,0,0,1.375,0.6399999999999999,2.25087899727303,0.7475478266016694,-2.429776685352091,-7.581318480422334,-78.70656368119518,115.01054785608233,1.2724999999999995,0.6399999999999999,610,1,2,326,0.5344262295081967,16.94587112382634,0.3801940904005234,PLL96-board-fixed,safe_range,final,70402,PAL,8,3,1000000.0,,False,bars,,,,,
10.242678175133646,96.84945838235214,True,3.668757841907152,0,0,2,0.15,0.08249999999999998,0.8528009540409267,2.2934110555594103,0.6737453100194716,-2.3846117699393674,-67.00144473870547,134.9382679033484,0.15,0.08249999999999998,610,0,2,56,0.09180327868852459,25.352191617050437,0.4378684058547814,RNG-58c0e88fcba8,safe_range,final,70402,PAL,8,3,1000000.0,,False,bars,,,,,
11.060097989273281,93.59337389579322,True,1.520702634880803,172,4,0,2.025,2.025,3.1489173775577113,4.927592487135755,1.697764685385373,-4.9546942315559415,-71.16385513937016,131.0103358673748,1.825,1.5849999999999997,610,6,2,437,0.7163934426229508,22.484929453528302,0.49460962300677225,OVP56,safe_range,final,70402,PAL,10,3,1000000.0,,False,bars,,,,,
11.18867741617164,95.15310891210015,True,1.2797992471769133,68,2,0,2.025,2.025,2.912800987725722,3.26474535635091,1.2296839487674525,-3.8882373495385565,-71.89678437655093,132.65019181407143,1.65,1.11875,610,2,2,458,0.7508196721311475,24.463582018404022,0.5011902214343618,VLP56,safe_range,final,70402,PAL,10,3,1000000.0,,False,bars,,,,,
12.08021442073013,95.29412646593032,True,1.878293601003764,0,0,2,0.11374999999999887,0.08249999999999998,0.20542089937890778,1.635697113595529,2.2384727703341523,-2.6274261076308196,-54.12508564808039,119.47529067038825,0.11374999999999887,0.08249999999999998,610,0,2,7,0.011475409836065573,23.916806317596087,0.5032406314861487,RANGE32,safe_range,final,70402,PAL,10,3,1000000.0,,True,bars,,,,,
-6.691014867164281,-82.68326355252123,False,607.5100376411543,610,8,61,2.025,2.025,1000000.0,84.33761779543919,23.158847805110067,-156.22237902917203,-72.07240238133214,81.92059400147811,1000000.0,1000000.0,610,610,2,1453,2.3819672131147542,-6.735571381039572,-0.3438790157395956,PLL96-rejected-board,safe_range,final,70402,PAL,10,3,1000000.0,,False,bars,,,,,
9.44128307495819,94.9335553263199,True,5.946047678795483,552,8,0,2.025,2.025,3.575004521337869,15.258202263681039,-1.147090812298483,-2.49878097233986,-67.64003403002502,124.70129965080388,1.7574999999999998,1000000.0,610,51,2,71,0.11639344262295082,13.204888896981474,0.3419171737232629,PLL96-IQ-corrected,safe_range,final,70402,PAL,10,3,1000000.0,,False,bars,,,,,
15.386061835000191,95.60168484335166,True,0.0056461731493099125,0,0,2,0.31374999999999886,0.625,1.2113690432797073,2.3054848024338104,1.8600411825512058,-1.7630635576585838,-61.683162443592614,124.96227784624607,0.31374999999999886,0.625,610,0,2,93,0.15245901639344261,26.687560863461236,0.7169533888486167,floating-PLL-IQ40,safe_range,final,70402,PAL,10,3,1000000.0,,False,bars,,,,,
4.25323684332113,44.36044872325825,True,89.53826850690088,610,8,0,2.025,2.025,1000000.0,49.214179032288236,27.15896365187732,-25.897993738362793,-23.566222990340634,97.3646679963886,1000000.0,1000000.0,610,610,2,0,0.0,4.5438673627439865,0.3947918430308001,HC50,safe_range,final,70402,PAL,10,3,1000000.0,,False,bars,,,,,
11.190646228871636,98.4294447503472,True,4.254077791718946,10,0,1,1.3524999999999978,0.9575,2.2384088005396454,1.5973148727677242,-2.3072558016724583,-5.991769228276693,-78.68545241991157,114.29997086182298,1.1774999999999978,0.9574999999999999,610,1,2,339,0.5557377049180328,17.517111875138,0.4171230806061469,PLL96-board-fixed,safe_range,final,70402,PAL,10,3,1000000.0,,False,bars,,,,,
11.684980866441226,96.91806145377839,True,1.4096612296110413,0,0,2,0.1,0.08249999999999998,0.29405656308792355,2.3692141257514487,0.6570240080443356,-2.310852006261756,-59.470305057673755,131.78315180306748,0.1,0.08249999999999998,610,0,2,9,0.014754098360655738,26.480539909443106,0.5070028876774665,RNG-58c0e88fcba8,safe_range,final,70402,PAL,10,3,1000000.0,,True,bars,,,,,
12.374774736305273,95.20994335807443,True,0.7132998745294855,27,0,0,1.825,1.6774999999999995,2.6089119430495584,3.033636895122826,1.4137093923250825,-3.5584124243888295,-67.28120283648995,128.16071235737277,1.425,1.6774999999999995,610,2,2,425,0.6967213114754098,24.704194533403143,0.5566059554580254,OVP56,safe_range,final,70402,PAL,12,3,1000000.0,,False,bars,,,,,
12.51468291216714,96.1251909813354,True,0.691969887076537,8,0,0,1.213749999999999,1.8349999999999997,2.231754418029015,2.127279532718907,1.1999036223154322,-2.824807712339316,-67.50916524456217,131.84711961010706,1.075,1.8349999999999997,610,1,2,346,0.5672131147540984,26.128850575336035,0.5634729000028214,VLP56,safe_range,final,70402,PAL,12,3,1000000.0,,False,bars,,,,,
13.186149925157071,95.59551307572026,True,1.3927227101631117,0,0,2,0.1,0.08249999999999998,0.14501271849251762,1.38173845674506,2.1704964525690795,-2.3382587323242423,-51.51618793506253,110.91650097013536,0.1,0.08249999999999998,610,0,2,0,0.0,24.40776597510631,0.5625830090296938,RANGE32,safe_range,final,70402,PAL,12,3,1000000.0,,True,bars,,,,,
-6.69382703252967,-82.52633640482755,False,607.9673776662485,610,8,61,2.025,2.025,1000000.0,83.63693349004353,23.187994055343463,-156.24333382669212,-69.47239312739758,82.07112959514458,1000000.0,1000000.0,610,610,2,1429,2.3426229508196723,-6.739677154108725,-0.3524938557218066,PLL96-rejected-board,safe_range,final,70402,PAL,12,3,1000000.0,,False,bars,,,,,
9.34094682635483,95.75534721457714,True,6.087829360100376,554,8,0,2.025,2.025,3.601115898480041,15.713328848164434,-1.3209214872855781,-2.1950505937366747,-54.91830299474117,122.85511438298795,1.8625,1000000.0,610,42,2,66,0.10819672131147541,12.730785842334411,0.35094155668392185,PLL96-IQ-corrected,safe_range,final,70402,PAL,12,3,1000000.0,,False,bars,,,,,
16.87069543975606,95.90778775684001,True,0.0,0,0,2,0.05,0.3987499999999997,0.4668695889804283,1.9944693142208816,1.8100348857033957,-1.5055284500079387,-58.88237522465366,121.68702575729463,0.05,0.3987499999999997,610,0,2,11,0.018032786885245903,27.459270791692077,0.7795694868758727,floating-PLL-IQ40,safe_range,final,70402,PAL,12,3,1000000.0,,True,bars,,,,,
4.314234056155103,44.42898901127029,True,88.95984943538268,610,8,0,2.025,2.025,1000000.0,49.114267586744326,27.12428003122202,-25.819075880634507,-6.540357042478703,91.29290170609553,1000000.0,1000000.0,610,610,2,0,0.0,4.5550363192503935,0.4438575539900362,HC50,safe_range,final,70402,PAL,12,3,1000000.0,,False,bars,,,,,
11.583096854414796,98.79231055128005,True,3.986825595984944,6,0,0,1.1299999999999955,1.4549999999999994,2.0307976444854576,2.635612245478524,-2.121060947875101,-4.706933533693604,-60.92301507556409,112.13170066804602,1.025,1.4549999999999994,610,1,2,287,0.4704918032786885,17.67976822964384,0.4411711148606502,PLL96-board-fixed,safe_range,final,70402,PAL,12,3,1000000.0,,False,bars,,,,,
12.850009118229554,97.27233532661876,True,0.882685069008783,0,0,2,0.075,0.08249999999999998,0.05485636983501013,2.305453210775184,0.47006274666401043,-2.1233082482585712,-51.78155413832863,120.0808923893523,0.075,0.08249999999999998,610,0,2,0,0.0,27.151762606572504,0.566360977331414,RNG-58c0e88fcba8,safe_range,final,70402,PAL,12,3,1000000.0,,True,bars,,,,,
13.432467993735548,96.19227138985825,True,0.5595984943538269,3,0,1,0.9387499999999989,1.3012499999999991,1.956098687638877,1.8148263438201135,1.259358371023501,-2.6463085564210753,-66.8400573628355,127.01692590857716,0.925,1.301249999999999,610,1,2,247,0.40491803278688526,26.199358419026023,0.6076488899486099,OVP56,safe_range,final,70402,PAL,14,3,1000000.0,,False,bars,,,,,
13.58338288911813,96.66174075860901,True,0.5395232120451694,0,0,1,0.6137499999999989,1.6774999999999995,1.4364502581928464,1.4439579520353278,1.2207922484380307,-2.1626663425312844,-66.82853237965142,128.35857719847905,0.6137499999999989,1.6774999999999995,610,0,2,144,0.2360655737704918,27.05984080873744,0.6147874347015648,VLP56,safe_range,final,70402,PAL,14,3,1000000.0,,False,bars,,,,,
14.056878973719442,95.64401588354711,True,1.228983688833124,0,0,2,0.075,0.05,0.042465029006520064,1.337654298783599,2.1065437112609287,-2.4185555153795875,-50.91374948866537,110.43028723812593,0.075,0.05,610,0,2,0,0.0,24.65201771725917,0.6106217777892322,RANGE32,safe_range,final,70402,PAL,14,3,1000000.0,,True,bars,,,,,
-6.693166654616508,-82.36768551001482,False,608.5138017565872,610,8,61,2.025,2.025,1000000.0,83.20514086765439,23.124727848142573,-156.20696298105455,-69.51406955008237,82.09627619461033,1000000.0,1000000.0,610,610,2,1424,2.3344262295081966,-6.7398931695382895,-0.3575496733651798,PLL96-rejected-board,safe_range,final,70402,PAL,14,3,1000000.0,,False,bars,,,,,
9.234575691198376,96.36974986404861,True,6.206398996235885,556,7,0,2.025,2.025,3.6342840881435414,15.96026769496304,-1.3387547314802009,-2.0301392206628113,-55.08552683203729,122.96844661529018,1.9,1.7,610,50,2,58,0.09508196721311475,12.355140486548724,0.3570683925732771,PLL96-IQ-corrected,safe_range,final,70402,PAL,14,3,1000000.0,,False,bars,,,,,
18.152408783707813,96.0637756741048,True,0.0,0,0,2,0.025,0.025,0.1703840887668741,1.826647741007808,1.7692578366935614,-1.3952782409442466,-55.30531688956511,121.29657847826435,0.025,0.025,610,0,2,3,0.004918032786885246,27.93317873667094,0.8278484898704007,floating-PLL-IQ40,safe_range,final,70402,PAL,14,3,1000000.0,,True,bars,,,,,
4.34924757541728,44.44547601177142,True,88.97302383939774,610,8,0,2.025,2.025,1000000.0,49.03991860727325,27.101639479865838,-25.794926722661543,-5.209142447549674,89.10528977284524,1000000.0,1000000.0,610,610,2,0,0.0,4.55975040382551,0.48328752471584174,HC50,safe_range,final,70402,PAL,14,3,1000000.0,,False,bars,,,,,
11.82273080695431,98.68517541676492,True,3.9102885821831865,9,0,0,1.3299999999999954,1.4199999999999993,2.1185789255757053,3.6602651461849316,-1.8223117610908217,-3.859034569897032,-60.1503848839849,112.19055574467934,1.025,1.4199999999999993,610,1,2,309,0.5065573770491804,17.719418700564585,0.45750195012928613,PLL96-board-fixed,safe_range,final,70402,PAL,14,3,1000000.0,,False,bars,,,,,
13.772184230345562,97.47161026365659,True,0.6982434127979925,0,0,2,0.075,0.025,0.048639271052561946,2.3581825909459537,0.3410989017337706,-2.070478450403196,-49.147802197711435,116.08163610681358,0.075,0.025,610,0,2,0,0.0,27.533249837610402,0.61385736816111,RNG-58c0e88fcba8,safe_range,final,70402,PAL,14,3,1000000.0,,True,bars,,,,,
14.82710877520699,97.07290629873324,True,0.43475533249686327,0,0,2,0.05,0.04124999999999999,0.5630884899738083,0.6579352350967319,1.1228190406501937,-1.7760139621958133,-63.148494268163205,124.01092383044059,0.05,0.04124999999999999,610,0,2,21,0.03442622950819672,27.486709073294378,0.6747771358364586,OVP56,safe_range,final,70402,PAL,18,3,1000000.0,,False,bars,,,,,
15.004649003102697,97.15281471277372,True,0.4215809284818067,0,0,2,0.05,0.04124999999999999,0.27020029000967316,0.746221157606253,1.2421897324082605,-1.5558187262106833,-60.68903234742183,124.01256490330096,0.05,0.04124999999999999,610,0,2,3,0.004918032786885246,27.8418843621794,0.6825448210493038,VLP56,safe_range,final,70402,PAL,18,3,1000000.0,,True,bars,,,,,
15.16617283915766,95.51581342080395,True,1.0696361355081556,0,0,2,0.075,0.05,0.03935962814698397,1.4030102186137283,2.0048964866036227,-2.864270682173042,-50.85103941936772,108.00017586237877,0.075,0.05,610,0,2,0,0.0,24.85863137294178,0.6724698573007,RANGE32,safe_range,final,70402,PAL,18,3,1000000.0,,True,bars,,,,,
-6.696676586371862,-82.37953961966393,False,609.7936010037641,610,8,62,2.025,2.025,1000000.0,83.40254208380209,22.89907406834656,-156.1353754511803,-67.94187763897257,78.06268601759669,1000000.0,1000000.0,610,610,2,1471,2.411475409836066,-6.743703086859024,-0.36168318216778994,PLL96-rejected-board,safe_range,final,70402,PAL,18,3,1000000.0,,False,bars,,,,,
9.061501493851697,97.52236443440006,True,6.345671267252196,582,7,0,2.025,2.025,3.672402507701386,15.620700770584273,-1.1963608821390268,-1.819313765140277,-53.41781981419521,119.11220240348925,1.8649999999999998,1.7,610,80,2,28,0.04590163934426229,11.883428822703836,0.365010866655886,PLL96-IQ-corrected,safe_range,final,70402,PAL,18,3,1000000.0,,False,bars,,,,,
19.983265863017486,96.20914834419833,True,0.0,0,0,2,0.025,0.025,0.020545830417410333,1.6837130475449003,1.7257582340500113,-1.2915736332989547,-52.06259168438024,115.64658010524084,0.025,0.025,610,0,2,0,0.0,28.421263541480847,0.8860251594791659,floating-PLL-IQ40,safe_range,final,70402,PAL,18,3,1000000.0,,True,bars,,,,,
4.381931205154004,44.43840557473828,True,88.94416562107904,610,8,0,2.025,2.025,1000000.0,48.96058573311211,27.0889317989993,-25.775827561335657,-0.2443014971529749,87.75008442039001,1000000.0,1000000.0,610,610,2,0,0.0,4.562149181782016,0.5346035170205053,HC50,safe_range,final,70402,PAL,18,3,1000000.0,,False,bars,,,,,
12.010162708025039,98.02934648520379,True,3.79297365119197,28,1,0,1.875,1.7624999999999995,2.4300941551908606,5.042656589924949,-1.2417839025869006,-3.0659979561827364,-59.95714097845992,111.86501428751001,1.425,0.9149999999999991,610,2,2,349,0.5721311475409836,17.59373637477277,0.47408380972686354,PLL96-board-fixed,safe_range,final,70402,PAL,18,3,1000000.0,,False,bars,,,,,
14.937680919258835,97.6398250344859,True,0.562107904642409,0,0,2,0.075,0.025,0.044434055024290084,2.59199292178276,0.26737188842925164,-2.173935594025587,-46.88117816600853,114.41466614920498,0.075,0.025,610,0,2,0,0.0,27.787907863319425,0.6737022814827536,RNG-58c0e88fcba8,safe_range,final,70402,PAL,18,3,1000000.0,,True,bars,,,,,
15.505991171014418,97.37027315023283,True,0.3751568381430364,0,0,2,0.05,0.025,0.059212731240702,0.2813688094289571,1.0594568371063036,-1.4991542588290112,-58.584095981217345,124.0581326065854,0.05,0.025,610,0,2,1,0.001639344262295082,27.861229216952637,0.7066301220675545,OVP56,safe_range,final,70402,PAL,22,3,1000000.0,,True,bars,0.8222831063618212,-60.112122237382344,15.498852222192992,24.304986590135155,12.083184833773226
15.698551298762965,97.3582227181385,True,0.3682559598494354,0,0,2,0.05,0.04124999999999999,0.02069489522864492,0.4554026944523282,1.2174302159145998,-1.3627557712523004,-59.04766915877485,123.40962091824899,0.05,0.04124999999999999,610,0,2,0,0.0,28.149953378892228,0.714557242622752,VLP56,safe_range,final,70402,PAL,22,3,1000000.0,,True,bars,0.810313185899011,-60.145932518529676,15.128361131676867,25.251588976659157,11.875637498834157
15.705095003924574,95.49079896060715,True,0.9749058971141782,0,0,2,0.06374999999999886,0.05,0.038557493796522256,1.3833396468937507,1.936150658556896,-3.0811027177624966,-49.25671930410875,107.58386090021087,0.06374999999999886,0.05,610,0,2,0,0.0,24.973010181157463,0.7022269814875148,RANGE32,safe_range,final,70402,PAL,22,3,1000000.0,,True,bars,0.7872887423179755,-61.251738260392735,15.520176753723053,22.513994094211174,11.972778670586775
-6.707031455856937,-82.68969645006305,False,610.8808030112923,610,8,62,2.025,2.025,1000000.0,84.18643045754118,22.725416281456702,-156.1666632167741,-67.71843262949308,74.99435173878702,1000000.0,1000000.0,610,610,2,1488,2.439344262295082,-6.753859300215178,-0.3647317425508635,PLL96-rejected-board,safe_range,final,70402,PAL,22,3,1000000.0,contrast;waveform;detail_floor;sync;h_jitter_us;v_jitter_us;h_width_rmse_us;sync_error_ire;black_error_ire;white_error_ire;contrast;stress_waveform;reference_detail;burst_gain;burst_phase_jitter_deg;burst_amplitude_jitter_pct;burst_rmse_ire;h_missing;v_missing;vertical_trains;sync_error_ire;black_error_ire;white_error_ire,False,bars,0.32868077189063616,65.55466639936122,26.159410291243102,35.51820148856129,28.719364709175032
8.980577482786423,98.3093448652898,True,6.398368883312421,601,8,0,2.025,2.025,3.694459064298558,14.907804372040474,-1.180779409033464,-1.7450171937173178,-48.72284501488959,111.70174681268428,1.6600000000000001,1000000.0,610,202,2,4,0.006557377049180328,11.699358059174505,0.36945097713058,PLL96-IQ-corrected,safe_range,final,70402,PAL,22,3,1000000.0,waveform;detail_floor;sync;h_jitter_us;v_jitter_us;h_width_rmse_us;sync_error_ire;stress_waveform;reference_detail;burst_gain;burst_phase_jitter_deg;burst_rmse_ire;h_missing;v_missing;vertical_trains;sync_error_ire,False,bars,0.37647837723933186,-112.13392341003679,26.580237466259888,32.01252692184908,16.83825944519473
20.938206644850528,96.2725350683645,True,0.0,0,0,2,0.025,0.025,0.019989751472552785,1.6543265134960803,1.7079945271373262,-1.222661622389904,-48.51611854489859,112.65008449572464,0.025,0.025,610,0,2,0,0.0,28.63949440406784,0.9111101516939364,floating-PLL-IQ40,safe_range,final,70402,PAL,22,3,1000000.0,burst_gain,True,bars,0.4866174235823493,13.646356991665685,10.58587152543793,18.75601981478197,6.992060465168027
4.394310745150108,44.44051101852615,True,88.91405269761606,610,8,0,2.025,2.025,1000000.0,48.92199432482286,27.100989056999925,-25.73257891810438,0.32452009323620246,84.32165195564126,1000000.0,1000000.0,610,610,2,0,0.0,4.563055112482032,0.5587120027794493,HC50,safe_range,final,70402,PAL,22,3,1000000.0,contrast;waveform;detail_floor;sync;h_jitter_us;v_jitter_us;h_width_rmse_us;sync_error_ire;black_error_ire;white_error_ire;contrast;stress_waveform;reference_detail;burst_gain;burst_rmse_ire;h_missing;v_missing;vertical_trains;sync_error_ire;black_error_ire;white_error_ire,False,bars,0.4104040484178202,98.87276210071876,14.735488677333764,21.59397816964987,30.68073909686163
12.002322904722027,97.36660424620075,True,3.7107904642409033,0,0,2,0.37999999999999545,0.075,0.11664275711284111,5.631934353216121,-0.834987071647779,-2.8452174425375345,-58.14454136937302,111.46557037774964,0.37999999999999545,0.075,610,0,2,0,0.0,17.234291578814744,0.4812376074656984,PLL96-board-fixed,safe_range,final,70402,PAL,22,3,1000000.0,waveform;detail_floor;h_jitter_us;sync_error_ire;stress_waveform;reference_detail;burst_gain;burst_phase_jitter_deg;burst_amplitude_jitter_pct;burst_rmse_ire,True,bars,0.42399960384760926,-98.82188076171398,25.08212430980401,34.1919364475523,15.446363716501482
15.496754095363245,97.71942770890976,True,0.48306148055207027,0,0,2,0.05,0.025,0.045594883952291734,2.713417959563965,0.3093719610898504,-2.2759400290977054,-45.37621262597604,112.09265006215368,0.05,0.025,610,0,2,0,0.0,27.788643541405552,0.7019815559393818,RNG-58c0e88fcba8,safe_range,final,70402,PAL,22,3,1000000.0,,True,bars,0.908342868235957,-61.42844908146901,16.139565715577238,23.51333697463809,12.756286304307663
15.928523671969646,97.44916299920234,True,0.32936010037641156,0,0,2,0.05,0.05,0.02132880758005204,0.14513616957414893,1.0604482452216533,-1.416964721012007,-57.983615623185834,123.88990767300199,0.05,0.05,610,0,2,0,0.0,27.98974229669591,0.7258218755012957,OVP56,safe_range,final,70402,PAL,30,3,1000000.0,,True,bars,0.8027394972712875,-60.500354684863574,15.84607152286076,26.772825840516756,11.992184247349106
16.13648737996272,97.42675947540084,True,0.33688833124215806,0,0,2,0.05,0.04124999999999999,0.01869184971857091,0.3156720255906758,1.2267078025709428,-1.3108639828324573,-56.463296013014045,123.4442759311146,0.05,0.04124999999999999,610,0,2,0,0.0,28.28406103514685,0.734125541530295,VLP56,safe_range,final,70402,PAL,30,3,1000000.0,,True,bars,0.7895291456369294,-60.510611018282454,15.403223076008478,25.688352459511467,11.75107955816555
16.042380064623764,95.54206583833526,True,0.9178168130489335,0,0,2,0.05,0.05,0.03837103159381789,1.2794369328765656,1.861685488050483,-3.1670837274118204,-43.12188910773286,103.86704398322344,0.05,0.05,610,0,2,0,0.0,25.100553771275113,0.7202133898430421,RANGE32,safe_range,final,70402,PAL,30,3,1000000.0,,True,bars,0.7799017181438935,-61.347088396600995,15.974407821804531,25.502020233943263,11.856594769701674
-6.714842097044221,-82.94459286789747,False,611.3996235884566,610,8,62,2.025,2.025,1000000.0,84.95835384534143,22.653080035174717,-156.1989818595659,-67.63575441084588,66.85135537235136,1000000.0,1000000.0,610,610,2,1502,2.462295081967213,-6.761348663108707,-0.3636560789128709,PLL96-rejected-board,safe_range,final,70402,PAL,30,3,1000000.0,contrast;waveform;detail_floor;sync;h_jitter_us;v_jitter_us;h_width_rmse_us;sync_error_ire;black_error_ire;white_error_ire;contrast;stress_waveform;reference_detail;burst_gain;burst_phase_jitter_deg;burst_rmse_ire;h_missing;v_missing;vertical_trains;sync_error_ire;black_error_ire;white_error_ire,False,bars,0.3234885175693537,64.96583532960625,25.632440649560387,32.24198650745961,28.66088858941088
8.915227872132224,99.01676881819402,True,6.478042659974906,610,8,0,2.025,2.025,1000000.0,13.986253344044501,-1.196747066420101,-1.7401456837352456,-41.74646578249278,106.78024073886853,1000000.0,1000000.0,610,610,2,0,0.0,11.584494539186611,0.3692458533803904,PLL96-IQ-corrected,safe_range,final,70402,PAL,30,3,1000000.0,waveform;detail_floor;sync;h_jitter_us;v_jitter_us;h_width_rmse_us;sync_error_ire;stress_waveform;reference_detail;burst_gain;burst_phase_jitter_deg;burst_rmse_ire;h_missing;v_missing;vertical_trains;sync_error_ire,False,bars,0.3705676198103389,-112.50196941412477,24.24885349331168,30.394766652747744,16.902128338976382
21.613790910455247,96.29351673358376,True,0.0,0,0,2,0.025,0.025,0.01944411917500516,1.6553140950824472,1.708522168989083,-1.1814173007312736,-45.900397572075605,111.83835712388738,0.025,0.025,610,0,2,0,0.0,28.74584987371933,0.9269686312028046,floating-PLL-IQ40,safe_range,final,70402,PAL,30,3,1000000.0,burst_gain,True,bars,0.4814537920230909,13.110195789879011,7.061518083021265,16.394671392757996,6.89809388091071
4.402023544933434,44.44690721435015,True,88.80112923462987,610,8,0,2.025,2.025,1000000.0,48.904017086021426,27.104580944714428,-25.69314236966768,1.6257469850011717,84.1693003579234,1000000.0,1000000.0,610,610,2,0,0.0,4.56402633321324,0.5745237855577706,HC50,safe_range,final,70402,PAL,30,3,1000000.0,contrast;waveform;detail_floor;sync;h_jitter_us;v_jitter_us;h_width_rmse_us;sync_error_ire;black_error_ire;white_error_ire;contrast;stress_waveform;reference_detail;burst_gain;burst_rmse_ire;h_missing;v_missing;vertical_trains;sync_error_ire;black_error_ire;white_error_ire,False,bars,0.405782498301016,98.49746996527499,15.357529070168678,23.646933710074936,30.656135369278466
11.933068801215029,96.93682949460649,True,3.614805520702635,0,0,2,0.425,0.075,0.11174840006923045,5.731317840006228,-0.6689804390408822,-2.79721156061457,-57.4639129713646,111.28357046083902,0.425,0.075,610,0,2,0,0.0,16.841537197240427,0.48545583046582064,PLL96-board-fixed,safe_range,final,70402,PAL,30,3,1000000.0,waveform;detail_floor;h_jitter_us;sync_error_ire;stress_waveform;reference_detail;burst_gain;burst_phase_jitter_deg;burst_rmse_ire,True,bars,0.4305007686822335,-100.15034111833678,23.932158429679514,31.578322022195714,15.470497296375855
15.843876892719058,97.79239806664127,True,0.4134253450439147,0,0,2,0.05,0.025,0.044938482541300326,2.690537411576695,0.3207590169892897,-2.363735093486253,-44.54498355833363,110.54611577510506,0.05,0.025,610,0,2,0,0.0,27.801173115457317,0.7190357383790077,RNG-58c0e88fcba8,safe_range,final,70402,PAL,30,3,1000000.0,,True,bars,0.9106993724449164,-61.462075072468906,16.668947283780298,27.130619655099167,12.759622217712172
0.7624742355184206,55.35853619675778,True,221.04468535405383,506,12,0,2.025,2.025,1000000.0,35.55328346382104,13.799185168841214,-29.7170417819336,-90.6811051550654,149.19830428279448,1000000.0,1000000.0,506,506,2,0,0.0,5.527144698401004,0.12340057003633995,OVP56,safe_range,final,70402,NTSC,0,3,1000000.0,,False,bars,,,,,
0.02027730910361509,59.45390897353404,True,226.0941032673324,506,12,0,2.025,2.025,1000000.0,26.011157412324707,8.45216842837817,-32.811222177902074,-95.95791104989001,155.8792464490492,1000000.0,1000000.0,506,506,2,0,0.0,5.5048238132565,0.11580633325632413,VLP56,safe_range,final,70402,NTSC,0,3,1000000.0,,False,bars,,,,,
1.1903830390605616,63.04231174264889,True,168.12702646560317,445,12,0,2.025,2.025,3.444404764299322,31.841869425326347,4.588930551073758,-34.61941145948608,-73.30452602884914,134.29184597497277,1.85,1000000.0,506,36,2,70,0.1383399209486166,6.004454140737004,0.12279865792121705,RANGE32,safe_range,final,70402,NTSC,0,3,1000000.0,,False,bars,,,,,
-6.722448978208351,-77.74889450557913,False,639.3290122137358,505,12,0,2.025,2.025,3.7,90.20199157880079,19.29953393930546,-147.83881013067614,-77.89271798145562,137.20185602897675,0.6,1000000.0,506,401,2,3003,5.934782608695652,-6.615742901912288,-0.09417390137842616,PLL96-rejected-board,safe_range,final,70402,NTSC,0,3,1000000.0,,False,bars,,,,,
2.684137287944262,84.877436285862,True,116.0222117188041,304,7,0,2.025,2.025,3.2679431377374284,12.04111756966807,3.052315961529626,-11.361584202252953,-77.02238872823156,137.75775414101733,1.85,1.845,506,13,2,239,0.4723320158102767,5.5759577554146595,0.09865093001082405,PLL96-IQ-corrected,safe_range,final,70402,NTSC,0,3,1000000.0,,False,bars,,,,,
5.911027883544641,92.22699561372225,True,40.669301887303675,399,8,0,2.025,2.025,3.41274069706747,4.8878717134122365,1.2320755095713254,-7.683029911559956,-79.36205997377813,138.9919098854431,1.9,1.8199999999999998,506,23,2,100,0.1976284584980237,13.393845226358874,0.26980936824566826,floating-PLL-IQ40,safe_range,final,70402,NTSC,0,3,1000000.0,,False,bars,,,,,
0.856376864916661,31.904620554028224,True,225.0441795843657,506,12,0,2.025,2.025,1000000.0,52.693517043099554,26.897389319394716,-41.466088341624754,-85.14728979765678,136.91337670541714,1000000.0,1000000.0,506,506,2,0,0.0,2.812679242890313,0.07969920718493295,HC50,safe_range,final,70402,NTSC,0,3,1000000.0,,False,bars,,,,,
0.2296036108335704,69.8418801089079,True,197.89142208587847,340,12,0,2.025,2.025,3.342092470042272,17.42008650674972,2.5026112274898455,-29.687394922453066,-85.74194511568858,129.76767026697476,1.86875,1000000.0,506,12,2,153,0.30237154150197626,3.8698900289479496,0.08021633554771541,PLL96-board-fixed,safe_range,final,70402,NTSC,0,3,1000000.0,,False,bars,,,,,
0.5965239274000235,69.31647854881435,True,186.83373122555824,388,12,0,2.025,2.025,3.422474480225764,29.717908182028175,4.421046594124941,-25.431824913330235,-82.70053238718151,150.86133225710049,1.8112499999999994,1000000.0,506,18,2,131,0.25889328063241107,6.482738130650976,0.12332196531139782,RNG-58c0e88fcba8,safe_range,final,70402,NTSC,0,3,1000000.0,,False,bars,,,,,
2.766743323486531,68.6836558535751,True,135.0073908606213,506,12,0,2.025,2.025,1000000.0,26.10692844845729,9.147296601592103,-21.304981005488674,-87.9454453648443,147.9446469854857,1000000.0,1000000.0,506,506,2,1,0.001976284584980237,8.449397102619859,0.1836007064806672,OVP56,safe_range,final,70402,NTSC,2,3,1000000.0,,False,bars,,,,,
2.2381845786836068,73.12319311934971,True,133.4735238599861,506,12,0,2.025,2.025,1000000.0,18.38070244745049,5.649217164444186,-21.989215125333867,-91.39767430800775,152.33739424786714,1000000.0,1000000.0,506,506,2,1,0.001976284584980237,8.846449444286264,0.17631765155830373,VLP56,safe_range,final,70402,NTSC,2,3,1000000.0,,False,bars,,,,,
3.2893266115572786,76.98272338260367,True,92.17953619715384,288,8,0,2.025,2.025,3.3028561798773692,20.201950324967015,2.821578239070698,-22.849303116004325,-70.8946717052089,133.06373305094053,1.875,1.8262499999999995,506,10,2,229,0.4525691699604743,9.285041902261165,0.17848183092868378,RANGE32,safe_range,final,70402,NTSC,2,3,1000000.0,,False,bars,,,,,
-6.679766376824224,-81.72637644483062,False,621.4170883922847,506,12,12,2.025,2.025,1000000.0,90.08394179924045,20.195871112066115,-153.34141337124257,-75.20577708518468,135.90394757619654,1000000.0,1000000.0,506,506,2,2351,4.646245059288537,-6.652857789277025,-0.15996897050949416,PLL96-rejected-board,safe_range,final,70402,NTSC,2,3,1000000.0,,False,bars,,,,,
5.642684325169233,89.49116424442319,True,49.123633593945215,328,6,0,2.025,2.025,3.3010532027204604,10.577128830777479,1.9192425542440432,-6.920265033319362,-74.93028443316483,135.713631641641,1.85,1.74375,506,12,2,206,0.40711462450592883,9.832656960481716,0.1608117603949021,PLL96-IQ-corrected,safe_range,final,70402,NTSC,2,3,1000000.0,,False,bars,,,,,
8.243417166487475,94.01770110859559,True,11.778713719303843,304,7,0,2.025,2.025,3.3413425334351126,3.9808262174403755,1.5000352341612726,-4.6410120760385505,-76.24777461286087,137.3707243703898,1.925,1.4049999999999998,506,10,2,201,0.39723320158102765,18.8437469397079,0.3756457704507534,floating-PLL-IQ40,safe_range,final,70402,NTSC,2,3,1000000.0,,False,bars,,,,,
2.1459072449023058,38.15846153601821,True,169.4923035701921,506,12,0,2.025,2.025,1000000.0,50.6176505619326,27.16826802496677,-34.1957664637963,-78.70539464453284,135.94654133384225,1000000.0,1000000.0,506,506,2,0,0.0,3.6417360622452373,0.12198487275327916,HC50,safe_range,final,70402,NTSC,2,3,1000000.0,,False,bars,,,,,
2.7892946208292684,81.24008790527935,True,103.17475847992125,217,8,0,2.025,2.025,3.178519899941679,9.599449885013911,-0.027255893173873263,-21.998260018130125,-83.52221840207469,129.25806304021168,1.814999999999999,1.7299999999999998,506,9,2,294,0.5810276679841897,7.054066803447176,0.13434806946258626,PLL96-board-fixed,safe_range,final,70402,NTSC,2,3,1000000.0,,False,bars,,,,,
2.8539138437659157,82.92097751686246,True,102.39352494377827,204,7,0,2.025,2.025,3.176362994190199,17.766357325689988,2.1336601863791707,-14.406376562602622,-80.08408319153058,150.81953872436526,1.875,0.32499999999999996,506,5,2,309,0.6106719367588933,10.129631073619507,0.18323545226383423,RNG-58c0e88fcba8,safe_range,final,70402,NTSC,2,3,1000000.0,,False,bars,,,,,
5.119665536930315,80.51606137571487,True,65.2345055348665,499,12,0,2.025,2.025,3.6217842879679387,16.948813047591592,4.9975246371406445,-14.106958928006353,-80.75189121630945,145.9496618170581,1.8549999999999998,1000000.0,506,199,2,8,0.015810276679841896,12.349706827607998,0.26494313666633035,OVP56,safe_range,final,70402,NTSC,4,3,1000000.0,,False,bars,,,,,
4.857558027817975,84.67938720987128,True,62.14343989619679,484,12,0,2.025,2.025,3.5130600491723607,11.158515006885592,2.828046949392112,-13.200991170577343,-90.89399216272312,149.17115444912523,1.9849999999999999,1000000.0,506,88,2,22,0.043478260869565216,13.31986376302655,0.26212767501941314,VLP56,safe_range,final,70402,NTSC,4,3,1000000.0,,False,bars,,,,,
5.9162016260108965,88.42782515535134,True,39.44627250750376,75,3,0,2.025,2.025,2.809980245325282,9.074270123175479,1.700386112334494,-12.092657039330462,-67.42873220067705,127.98823852638193,1.7,0.915,506,2,2,405,0.8003952569169961,13.92191046896847,0.260806981539908,RANGE32,safe_range,final,70402,NTSC,4,3,1000000.0,,False,bars,,,,,
-6.697147533549817,-83.73716183551629,False,613.4865895769296,506,12,33,2.025,2.025,1000000.0,88.44696783346713,21.27929736682379,-156.3253894322097,-74.48333633163347,134.07702974102673,1000000.0,1000000.0,506,506,2,1693,3.3458498023715415,-6.71533362372926,-0.2382036236310638,PLL96-rejected-board,safe_range,final,70402,NTSC,4,3,1000000.0,,False,bars,,,,,
7.98130838131542,92.48602376995237,True,17.967618697823685,354,10,0,2.025,2.025,3.3926324247900537,10.814689456592646,0.08629665712256189,-4.264933438051364,-73.62840276983458,135.37567164354203,1.8862499999999998,1.7825,506,12,2,180,0.3557312252964427,13.232296132867852,0.2362944872028268,PLL96-IQ-corrected,safe_range,final,70402,NTSC,4,3,1000000.0,,False,bars,,,,,
10.244225724564851,95.605406826417,True,2.1276948041196144,121,3,0,2.025,2.025,3.1332716501711486,2.7099485686106215,1.2485310658013162,-2.761988091860651,-74.40663021071634,133.97291859987772,1.7449999999999988,1.19,506,6,2,367,0.7252964426877471,23.49319537468657,0.4797349953418581,floating-PLL-IQ40,safe_range,final,70402,NTSC,4,3,1000000.0,,False,bars,,,,,
3.2574574912225156,42.52977336200686,True,127.6097565381269,506,12,0,2.025,2.025,1000000.0,49.35363869833316,27.015684590018008,-29.062284327715265,-69.7534776847392,132.15103148535175,1000000.0,1000000.0,506,506,2,0,0.0,4.232610401499727,0.18818883150902943,HC50,safe_range,final,70402,NTSC,4,3,1000000.0,,False,bars,,,,,
5.815728164436842,90.51198272702852,True,41.517519801786456,69,3,0,2.025,2.025,2.858737459561516,3.425042505499185,-1.802986571072622,-14.882992848099981,-81.94179491367069,128.17999649354434,1.7099999999999995,0.845,506,3,2,415,0.8201581027667985,10.962284965845118,0.21170631440271664,PLL96-board-fixed,safe_range,final,70402,NTSC,4,3,1000000.0,,False,bars,,,,,
5.598203497592865,92.94682887869716,True,44.186358066876,37,1,0,2.025,1.8187499999999996,2.6243005972512896,7.100264360386603,0.6823909352581995,-6.104382481320186,-76.42766445278332,146.8204439066673,1.55,1.2875,506,2,2,402,0.7944664031620553,15.302758287755882,0.26995730891526803,RNG-58c0e88fcba8,safe_range,final,70402,NTSC,4,3,1000000.0,,False,bars,,,,,
7.505318742681305,87.67978932975333,True,22.50223532138954,460,12,0,2.025,2.025,3.4910424972193197,10.863492163404768,2.7580167396306265,-9.563513759497331,-78.19558450495396,137.00533446037252,1.91875,1000000.0,506,42,2,54,0.1067193675889328,16.442860724516866,0.35466143267707495,OVP56,safe_range,final,70402,NTSC,6,3,1000000.0,,False,bars,,,,,
7.516533351198826,91.0268930209625,True,20.154018912173697,390,10,0,2.025,2.025,3.4394735713879037,6.863805476728331,1.478582945199906,-8.021503799599923,-82.46476299425345,149.32682277444655,1.9,0.78625,506,24,2,117,0.23122529644268774,18.265092513859354,0.35870965670030014,VLP56,safe_range,final,70402,NTSC,6,3,1000000.0,,False,bars,,,,,
8.618187310224908,93.60044807331643,True,12.658542239295294,9,0,1,1.31875,0.8174999999999999,1.9841509214965616,3.5771928671163904,1.6699423572878767,-5.757339805659204,-64.70686852671274,125.95374880339557,1.1049999999999998,0.8174999999999999,506,1,2,265,0.5237154150197628,19.15315083752937,0.35810515567169143,RANGE32,safe_range,final,70402,NTSC,6,3,1000000.0,,False,bars,,,,,
-6.665663798876153,-83.72007560231526,False,609.3162475501781,506,12,48,2.025,2.025,1000000.0,86.77365640260577,22.12878217345587,-157.1072385063569,-73.05483850930852,130.86278072334537,1000000.0,1000000.0,506,506,2,1392,2.7509881422924902,-6.703556964540932,-0.29552407315874024,PLL96-rejected-board,safe_range,final,70402,NTSC,6,3,1000000.0,,False,bars,,,,,
9.11930302878659,93.49866506271115,True,8.585289929463192,395,11,0,2.025,2.025,3.4953621137596462,12.363729005045546,-0.6079591137100706,-3.233648141911464,-71.9556727227564,132.9383451239001,1.925,0.075,506,21,2,118,0.233201581027668,14.255953371553364,0.2863078017984304,PLL96-IQ-corrected,safe_range,final,70402,NTSC,6,3,1000000.0,,False,bars,,,,,
12.11928059289895,95.73652977832293,True,0.2498743102114298,21,1,0,1.8875,1.3924999999999992,2.730450191346233,2.368768960579993,1.3852796965817449,-2.2221857798718307,-68.89038450510341,131.2269135442167,1.5,0.7625,506,1,2,413,0.8162055335968379,25.571629606196996,0.5732486272736332,floating-PLL-IQ40,safe_range,final,70402,NTSC,6,3,1000000.0,,False,bars,,,,,
3.9123478567397303,44.23728179707288,True,105.11203701752432,506,12,0,2.025,2.025,1000000.0,48.97956905630436,26.992819872757277,-26.640637166242858,-67.22543691073398,116.64638323608048,1000000.0,1000000.0,506,506,2,0,0.0,4.481851906979799,0.2750804192807514,HC50,safe_range,final,70402,NTSC,6,3,1000000.0,,False,bars,,,,,
8.699212285154717,95.34347452177839,True,13.638471010064213,15,1,0,1.6,1.7224999999999997,2.3409739669746337,0.7294440499004681,-2.41590131983158,-10.41316268275848,-80.03670697743397,122.50636050105823,1.2625,1.2625,506,2,2,345,0.6818181818181818,14.763663253996008,0.30672437413078957,PLL96-board-fixed,safe_range,final,70402,NTSC,6,3,1000000.0,,False,bars,,,,,
8.290491440195987,96.3975097872274,True,14.06370891750234,2,0,2,0.9,0.91125,1.7064187878024195,2.813163131604031,0.47101106352690064,-2.9823170185768735,-75.58587821343659,143.94449085106373,0.875,0.9112500000000001,506,1,2,184,0.36363636363636365,21.299937781033876,0.3684750422408611,RNG-58c0e88fcba8,safe_range,final,70402,NTSC,6,3,1000000.0,,False,bars,,,,,
9.533602748242538,91.38659645804127,True,5.699693226599873,342,10,0,2.025,2.025,3.355107364426549,7.3512988885713915,1.9630527413036685,-6.817029474194695,-70.44388493346521,138.68400737231423,1.84625,1.6425,506,16,2,187,0.3695652173913043,19.818350687122653,0.4422457243408051,OVP56,safe_range,final,70402,NTSC,8,3,1000000.0,,False,bars,,,,,
9.649892605898566,93.77741246402167,True,4.825133140859869,215,3,0,2.025,2.025,3.2563841604895587,4.693303567378491,1.2046590346050716,-5.398746093040638,-74.16846193741637,139.30266148396296,1.85,1.8649999999999998,506,10,2,296,0.5849802371541502,22.084687105918654,0.4486256780397398,VLP56,safe_range,final,70402,NTSC,8,3,1000000.0,,False,bars,,,,,
10.710404515260326,94.92524393695346,True,3.8790728759931,0,0,2,0.325,0.3612499999999996,1.0486374794184627,2.0153215958653488,2.05773020663653,-3.4000644484712796,-62.253178035024874,118.14444822857587,0.325,0.3612499999999996,506,0,2,71,0.14031620553359683,22.76970006191889,0.44898211319484976,RANGE32,safe_range,final,70402,NTSC,8,3,1000000.0,,False,bars,,,,,
-6.615443962663029,-82.88594567175919,False,607.1328578696861,506,12,47,2.025,2.025,1000000.0,85.32323893995759,22.80036089779673,-156.5507024583713,-72.04714455923083,118.69599716698806,1000000.0,1000000.0,506,506,2,1264,2.4980237154150196,-6.660056938469769,-0.3213395438087509,PLL96-rejected-board,safe_range,final,70402,NTSC,8,3,1000000.0,,False,bars,,,,,
9.414962361574258,93.90386498853192,True,6.515547902109481,428,11,0,2.025,2.025,3.5729519415915845,14.084045181559832,-0.9713645695074603,-2.8866436645128544,-68.91353781155445,126.43829960061439,1.9074999999999995,0.55,506,33,2,79,0.15612648221343872,13.866654107328833,0.3142202908643563,PLL96-IQ-corrected,safe_range,final,70402,NTSC,8,3,1000000.0,,False,bars,,,,,
13.872910627177106,95.47881603092495,True,0.030105338579690336,2,1,0,0.925,0.9387499999999985,2.069017480190376,2.4625890955841174,1.727008426337973,-2.0572372141037287,-65.27897314965205,128.13664981461653,0.9,0.0375,506,1,2,267,0.5276679841897233,26.09157691155652,0.6572697626991691,floating-PLL-IQ40,safe_range,final,70402,NTSC,8,3,1000000.0,,False,bars,,,,,
4.130222458639326,44.37331157984728,True,97.5804339383503,506,12,0,2.025,2.025,1000000.0,49.16882276665782,27.099148132341355,-26.06537585921626,-37.35023176542079,105.32586181617964,1000000.0,1000000.0,506,506,2,0,0.0,4.500045997303385,0.35364003565294466,HC50,safe_range,final,70402,NTSC,8,3,1000000.0,,False,bars,,,,,
10.43784170444648,97.40386726528331,True,5.717003796283195,5,1,0,1.175,1.309999999999999,2.0919616733378676,0.6560365402734212,-2.4187667374241317,-7.791000349598575,-79.57449997072499,120.71705661258116,1.075,0.5,506,1,2,292,0.5770750988142292,16.98182964607199,0.3771288168713738,PLL96-board-fixed,safe_range,final,70402,NTSC,8,3,1000000.0,,False,bars,,,,,
10.30821523129191,96.75164940706459,True,3.773704190964184,0,0,2,0.21875,0.11124999999999999,0.8331938289028183,2.266368220266059,0.6652599109527312,-2.547823824391008,-67.04511224000555,139.40217699042722,0.21875,0.11124999999999999,506,0,2,41,0.08102766798418973,25.180530805471033,0.45576661469665675,RNG-58c0e88fcba8,safe_range,final,70402,NTSC,8,3,1000000.0,,False,bars,,,,,
11.16874134893507,93.57568358309025,True,1.4345193833222445,127,4,0,2.025,2.025,3.0822013836531093,4.939089497818099,1.6554488555328977,-4.9725313048415405,-68.7572409747154,130.4607783601576,1.725,1.3237499999999993,506,4,2,353,0.6976284584980237,22.448458348341664,0.5170530013808153,OVP56,safe_range,final,70402,NTSC,10,3,1000000.0,,False,bars,,,,,
11.309701035372555,95.15980611811689,True,1.2945295589266845,54,2,0,2.025,2.025,2.798829855840991,3.260691694873942,1.2025784262682926,-3.8994720339469513,-69.25360065230727,132.44943783725745,1.55,1.5737499999999998,506,2,2,408,0.8063241106719368,24.477778863618177,0.5240479611404891,VLP56,safe_range,final,70402,NTSC,10,3,1000000.0,,False,bars,,,,,
12.162102726489106,95.24716199990996,True,1.8537362230444325,0,0,2,0.1,0.1,0.4508103704647632,1.614192952312574,2.20276714373077,-2.7471481919512306,-57.46005054196437,116.9282628196286,0.1,0.1,506,0,2,5,0.009881422924901186,23.87766379374733,0.5231787256684187,RANGE32,safe_range,final,70402,NTSC,10,3,1000000.0,,True,bars,,,,,
-6.59359389793873,-82.35371548342097,False,606.645151384695,506,12,49,2.025,2.025,1000000.0,84.2985908273363,23.054598454558704,-156.21120909059556,-72.14529528031572,81.94227504429148,1000000.0,1000000.0,506,506,2,1211,2.3932806324110674,-6.640918750392302,-0.3328432034537506,PLL96-rejected-board,safe_range,final,70402,NTSC,10,3,1000000.0,,False,bars,,,,,
9.380701123509429,94.53521987458805,True,6.256641990324145,442,10,0,2.025,2.025,3.598884918450436,15.131487394888426,-1.20856525772387,-2.642833516285547,-54.65199528988451,122.48662858344761,1.8924999999999996,1.4049999999999998,506,34,2,67,0.1324110671936759,13.236748762415445,0.32948563197228015,PLL96-IQ-corrected,safe_range,final,70402,NTSC,10,3,1000000.0,,False,bars,,,,,
15.505489576626662,95.51510384643777,True,0.006773701180430325,0,1,2,0.075,0.9249999999999986,1.078387094366602,2.3293572853198152,1.8284706403114248,-1.888604943795537,-62.316224128276914,124.32797267070796,0.075,0.025,506,0,2,95,0.18774703557312253,26.55207839909646,0.7316979498944218,floating-PLL-IQ40,safe_range,final,70402,NTSC,10,3,1000000.0,,False,bars,,,,,
4.217097040276532,44.32857475943959,True,95.36091785156262,506,12,0,2.025,2.025,1000000.0,49.19495685681268,27.10774895826276,-25.980060111625104,-19.801409657798366,96.91433677919781,1000000.0,1000000.0,506,506,2,0,0.0,4.497472812274637,0.41395524773380976,HC50,safe_range,final,70402,NTSC,10,3,1000000.0,,False,bars,,,,,
11.174601439670116,98.2012520597619,True,4.446558508220263,3,1,0,1.275,1.0624999999999987,2.2475591465623816,1.6226363595539741,-2.258676997099673,-6.065493490306169,-77.60720064910718,111.9404020639962,1.225,0.25,506,1,2,307,0.6067193675889329,17.588380381359148,0.4174727963780999,PLL96-board-fixed,safe_range,final,70402,NTSC,10,3,1000000.0,,False,bars,,,,,
11.791098750475463,96.85640657747334,True,1.403661411278062,0,0,2,0.1,0.1,0.28428017410875556,2.3546166704653233,0.636465304067126,-2.430347965453067,-58.64227475628584,127.64158742011347,0.1,0.1,506,0,2,4,0.007905138339920948,26.411742185601273,0.5285608888611003,RNG-58c0e88fcba8,safe_range,final,70402,NTSC,10,3,1000000.0,,True,bars,,,,,
12.469646194643031,95.15377767558442,True,0.7571492652792119,25,1,0,1.9375,1.6262499999999995,2.6409846451749575,3.104197093189058,1.3868241605889564,-3.6571190516012986,-66.37088548704111,128.35516155400325,1.375,1.0875,506,2,2,381,0.7529644268774703,24.581189277725795,0.5790545938795886,OVP56,safe_range,final,70402,NTSC,12,3,1000000.0,,False,bars,,,,,
12.620751929023745,96.08750612092787,True,0.7007017554422925,8,1,0,1.2687499999999998,1.296249999999999,2.1028418927975583,2.159012974846986,1.1813965446718266,-2.9209164597935686,-65.21222887471427,131.87212832248343,1.1287499999999995,0.3875,506,1,2,275,0.5434782608695652,26.048797712129947,0.5861629281899235,VLP56,safe_range,final,70402,NTSC,12,3,1000000.0,,False,bars,,,,,
13.258387721390738,95.53412729104758,True,1.4172088136389227,0,0,2,0.1,0.1,0.04601189913120386,1.3675530294125011,2.150021117151367,-2.4883386410076818,-51.721754497056004,111.85441458311433,0.1,0.1,506,0,2,0,0.0,24.342389243180417,0.5826735309769936,RANGE32,safe_range,final,70402,NTSC,12,3,1000000.0,,True,bars,,,,,
-6.592889310088777,-82.11461119700591,False,607.2728476940816,506,12,49,2.025,2.025,1000000.0,83.58014708225912,23.079426239725862,-156.16615654440037,-69.17462019498954,81.94341902401464,1000000.0,1000000.0,506,506,2,1204,2.3794466403162056,-6.641556881606105,-0.33898088540697713,PLL96-rejected-board,safe_range,final,70402,NTSC,12,3,1000000.0,,False,bars,,,,,
9.273533568214985,95.25760180292774,True,6.338679037953801,459,11,0,2.025,2.025,3.594247768487392,15.60638117797056,-1.3619051895187964,-2.3535010907478986,-54.85957392028256,122.6940660208779,1.9349999999999998,0.5,506,41,2,60,0.11857707509881422,12.755786559433027,0.336918562774662,PLL96-IQ-corrected,safe_range,final,70402,NTSC,12,3,1000000.0,,False,bars,,,,,
17.006053484117185,95.80762583275684,True,0.0,0,0,2,0.025,0.025,0.4132561341481421,2.02386969411555,1.7815899034065261,-1.64396758164254,-58.88698241678726,122.23657522590969,0.025,0.025,506,0,2,16,0.03162055335968379,27.312388933704852,0.7932944362322214,floating-PLL-IQ40,safe_range,final,70402,NTSC,12,3,1000000.0,,True,bars,,,,,
4.273621705920904,44.38390276520264,True,94.89804827089988,506,12,0,2.025,2.025,1000000.0,49.10094835549162,27.077535226225727,-25.909838376470002,-5.9613643305596185,91.33411402372042,1000000.0,1000000.0,506,506,2,0,0.0,4.50686847249891,0.4620203394468562,HC50,safe_range,final,70402,NTSC,12,3,1000000.0,,False,bars,,,,,
11.55414876955701,98.49750212955274,True,4.154536723997266,5,0,0,0.9625,0.904999999999999,2.080906870379742,2.6590179704513957,-2.083815990825233,-4.832887684048009,-62.301682945072336,112.0521452709801,0.925,0.904999999999999,506,1,2,255,0.5039525691699605,17.77125444096768,0.44107709425969166,PLL96-board-fixed,safe_range,final,70402,NTSC,12,3,1000000.0,,False,bars,,,,,
12.94898745267176,97.19571745635591,True,0.8858495877073882,0,0,2,0.075,0.1,0.049064871956207644,2.3111483854930026,0.4561659234916482,-2.25931228228997,-50.11090998007868,121.67871321346388,0.075,0.1,506,0,2,0,0.0,27.070662145915563,0.5882607172074041,RNG-58c0e88fcba8,safe_range,final,70402,NTSC,12,3,1000000.0,,True,bars,,,,,
13.541633059723623,96.11636230422367,True,0.5667329987626706,1,0,1,0.95,0.36999999999999955,2.011153922257046,1.8795852016393817,1.230688576687664,-2.7878128022592055,-65.04699198842461,125.85953269450982,0.95,0.36999999999999955,506,1,2,241,0.4762845849802372,26.048456228594556,0.6300725609500485,OVP56,safe_range,final,70402,NTSC,14,3,1000000.0,,False,bars,,,,,
13.703820255215458,96.58990651654649,True,0.5215749908931351,0,0,2,0.6625000000000001,0.075,1.4363406134018177,1.4781581395182335,1.2061900123644937,-2.316661002669839,-65.1595059872458,126.73386022314318,0.6625,0.075,506,0,2,144,0.2845849802371542,26.941825420337643,0.6372828896748008,VLP56,safe_range,final,70402,NTSC,14,3,1000000.0,,False,bars,,,,,
14.138483840906153,95.56491907955645,True,1.258403152631056,0,0,2,0.075,0.08624999999999998,0.04152479139496377,1.3631887349932112,2.093399985543969,-2.588059459211374,-50.781230714423174,109.51894767097932,0.075,0.08624999999999998,506,0,2,0,0.0,24.56918070885569,0.6312456121797996,RANGE32,safe_range,final,70402,NTSC,14,3,1000000.0,,True,bars,,,,,
-6.59199882839566,-81.97852587605774,False,608.008923222355,506,12,49,2.025,2.025,1000000.0,83.2481592553686,23.042215302323342,-156.10190139673327,-69.30881090847895,81.98874435052159,1000000.0,1000000.0,506,506,2,1210,2.391304347826087,-6.64140774745851,-0.3441142593836277,PLL96-rejected-board,safe_range,final,70402,NTSC,14,3,1000000.0,,False,bars,,,,,
9.16462014591619,95.8498667650632,True,6.404158149364626,465,11,0,2.025,2.025,3.6239548535388524,15.893645184390417,-1.3387562681020195,-2.177316778120148,-55.01298407473792,122.79653000841665,1.8,0.5,506,52,2,61,0.12055335968379446,12.377231814551772,0.34392690271566584,PLL96-IQ-corrected,safe_range,final,70402,NTSC,14,3,1000000.0,,False,bars,,,,,
18.307124049649694,95.94199812098518,True,0.0,0,0,2,0.025,0.025,0.14980224117966523,1.8746105566924056,1.7524948718029087,-1.5440944095437534,-56.538215380657434,120.03700152989495,0.025,0.025,506,0,2,0,0.0,27.728686331759555,0.8406012608955109,floating-PLL-IQ40,safe_range,final,70402,NTSC,14,3,1000000.0,,True,bars,,,,,
4.30738155767303,44.392879043980045,True,94.88976930279046,506,12,0,2.025,2.025,1000000.0,49.033148206824954,27.05650808732826,-25.8932944981254,-4.719338394809704,91.42600929809322,1000000.0,1000000.0,506,506,2,0,0.0,4.510888637484669,0.5018757428150348,HC50,safe_range,final,70402,NTSC,14,3,1000000.0,,False,bars,,,,,
11.787063105720353,98.33036097262828,True,4.036373270071982,9,0,0,1.0625,0.1424999999999999,2.1720304550780867,3.778493141499908,-1.8167271388323702,-4.001090830865521,-59.8241982928401,112.08389510987078,0.925,0.1424999999999999,506,1,2,289,0.5711462450592886,17.81697484155661,0.4574349365555119,PLL96-board-fixed,safe_range,final,70402,NTSC,14,3,1000000.0,,False,bars,,,,,
13.88437462364356,97.37538983615364,True,0.7142491578031532,0,0,2,0.075,0.1,0.0453221887215725,2.409523648869875,0.33005040922684403,-2.2330879317661703,-49.95050465488852,116.92760342036269,0.075,0.1,506,0,2,0,0.0,27.426831826786703,0.6364543884536012,RNG-58c0e88fcba8,safe_range,final,70402,NTSC,14,3,1000000.0,,True,bars,,,,,
14.962465527195103,96.98817282057279,True,0.45910641334027763,0,0,2,0.05,0.05,0.5662583053514064,0.7111803726559264,1.1192759808892152,-1.9416474643892223,-64.40416380320637,125.97538245964645,0.05,0.05,506,0,2,22,0.043478260869565216,27.318435037673282,0.6961878031239888,OVP56,safe_range,final,70402,NTSC,18,3,1000000.0,,False,bars,,,,,
15.14584468558306,97.06771784791594,True,0.44405374405043246,0,0,2,0.05,0.05,0.3371805324487916,0.7871646283842465,1.2224307718195246,-1.723450970939751,-60.532198323988,125.43506250924494,0.05,0.05,506,0,2,6,0.011857707509881422,27.705666605546785,0.7039408832263497,VLP56,safe_range,final,70402,NTSC,18,3,1000000.0,,True,bars,,,,,
15.276853112200229,95.42378507455471,True,1.0815342884753754,0,0,2,0.075,0.061249999999999985,0.039246232920102944,1.4277599983191538,1.9910989964038779,-3.0751015822273624,-50.87612158531134,107.71962929808029,0.075,0.061249999999999985,506,0,2,0,0.0,24.772175702985347,0.6934244346632782,RANGE32,safe_range,final,70402,NTSC,18,3,1000000.0,,True,bars,,,,,
-6.596068818005852,-82.02691722995084,False,609.1536787218478,506,12,49,2.025,2.025,1000000.0,83.44879497417479,22.85461040163525,-156.04922655492197,-69.47039145032218,75.52156490096525,1000000.0,1000000.0,506,506,2,1227,2.424901185770751,-6.645733186395377,-0.34968464580155545,PLL96-rejected-board,safe_range,final,70402,NTSC,18,3,1000000.0,,False,bars,,,,,
9.019802316989454,96.92491786393263,True,6.4831846631363135,485,12,0,2.025,2.025,3.6668804050257626,15.569294394598518,-1.1821675162374643,-1.9807908037464157,-55.169696240567546,117.06123674007574,1.8,1000000.0,506,85,2,26,0.05138339920948617,11.95577416702685,0.3510843260093365,PLL96-IQ-corrected,safe_range,final,70402,NTSC,18,3,1000000.0,,False,bars,,,,,
20.197650507664765,96.07889604481592,True,0.0,0,0,2,0.025,0.025,0.020762395697481884,1.7396302255754532,1.711459902858302,-1.4427765469107978,-51.20856698096986,114.36866557412537,0.025,0.025,506,0,2,0,0.0,28.188175725874956,0.8974839147328338,floating-PLL-IQ40,safe_range,final,70402,NTSC,18,3,1000000.0,,True,bars,,,,,
4.339116714814499,44.38394602067961,True,94.80171118744488,506,12,0,2.025,2.025,1000000.0,48.955043136538805,27.042468549169016,-25.88099164739651,-0.06299776951583169,88.62996056328404,1000000.0,1000000.0,506,506,2,0,0.0,4.5130702090599195,0.5528725599461047,HC50,safe_range,final,70402,NTSC,18,3,1000000.0,,False,bars,,,,,
11.971417044966813,97.62402793312285,True,3.9189624496111892,23,1,0,1.8625,1.6124999999999994,2.4918355295681573,5.121225205924906,-1.2263215849799434,-3.2366214056547498,-59.637263890415625,111.23246318501029,1.325,1.225,506,1,2,340,0.6719367588932806,17.671081526116904,0.4741505530902411,PLL96-board-fixed,safe_range,final,70402,NTSC,18,3,1000000.0,,False,bars,,,,,
15.086336909163254,97.54588749086778,True,0.5614645645112247,0,0,2,0.075,0.05,0.04295760388133044,2.6302395375657768,0.26107772772847565,-2.3316305572824048,-45.35900714210095,115.92098193067852,0.075,0.05,506,0,2,0,0.0,27.698355635756755,0.6968126847063632,RNG-58c0e88fcba8,safe_range,final,70402,NTSC,18,3,1000000.0,,True,bars,,,,,
15.626873108631482,97.26657816418395,True,0.4177115727932034,0,0,2,0.05,0.05,0.17802301445568583,0.3509689801492668,1.0649706837855586,-1.6796121113296623,-59.86694825662083,123.57769415642173,0.05,0.05,506,0,2,1,0.001976284584980237,27.66045372493589,0.7258246953795363,OVP56,safe_range,final,70402,NTSC,22,3,1000000.0,,True,bars,0.8853696857519582,-48.240048771013285,11.29360684708887,20.963331668566422,11.606532464527925
15.835752396182315,97.25476917060051,True,0.42072210665117243,0,0,2,0.05,0.05,0.019881069312188603,0.5109949000257716,1.2076898805865206,-1.5442039156641814,-59.43913263781758,122.96884138905185,0.05,0.05,506,0,2,0,0.0,27.986520492511,0.7342539058836679,VLP56,safe_range,final,70402,NTSC,22,3,1000000.0,,True,bars,0.8748063487732075,-48.23171510979719,10.7260269882891,21.562723409126885,11.401801813208262
15.80734594580192,95.3963669566461,True,1.0077762089551339,0,0,2,0.075,0.061249999999999985,0.03837097882267635,1.4134433907188741,1.924743458368552,-3.267612117175255,-49.18331909212475,106.41409494166322,0.075,0.061249999999999985,506,0,2,0,0.0,24.873406884682893,0.7215532995228182,RANGE32,safe_range,final,70402,NTSC,22,3,1000000.0,,True,bars,0.8485260146687839,-49.34795703917986,10.816688839329071,19.491178901701513,11.522460705458785
-6.6043079455632405,-82.2780327066106,False,610.2886499863021,506,12,49,2.025,2.025,1000000.0,84.0622037788851,22.674662619976733,-156.07858583418462,-67.67245756194323,75.5292612682849,1000000.0,1000000.0,506,506,2,1246,2.4624505928853755,-6.653607118043068,-0.35299161753309016,PLL96-rejected-board,safe_range,final,70402,NTSC,22,3,1000000.0,contrast;waveform;detail_floor;sync;h_jitter_us;v_jitter_us;h_width_rmse_us;sync_error_ire;black_error_ire;white_error_ire;contrast;stress_waveform;reference_detail;burst_gain;burst_phase_jitter_deg;burst_amplitude_jitter_pct;burst_rmse_ire;h_missing;v_missing;vertical_trains;sync_error_ire;black_error_ire;white_error_ire,False,bars,0.4357658410215802,81.82854304536683,37.52843902626854,33.8833733734096,29.307210318854302
8.9407399304643,97.73545000042031,True,6.535869005650772,500,12,0,2.025,2.025,3.670987038023062,14.848049266500128,-1.0652172333831937,-1.9016932126237036,-48.65345849827655,112.08326349679405,1.6,1000000.0,506,153,2,7,0.01383399209486166,11.765778821982742,0.3556887734429115,PLL96-IQ-corrected,safe_range,final,70402,NTSC,22,3,1000000.0,waveform;detail_floor;sync;h_jitter_us;v_jitter_us;h_width_rmse_us;sync_error_ire;stress_waveform;reference_detail;burst_gain;burst_phase_jitter_deg;burst_rmse_ire;h_missing;v_missing;vertical_trains;sync_error_ire,False,bars,0.5014337931977725,-96.66616785549164,35.84835642517785,28.70144291511621,18.060912063229946
21.177131691585878,96.12555014070321,True,0.0,0,0,2,0.025,0.025,0.01972513694928337,1.7202430479394846,1.7004502893315048,-1.3804135408978373,-49.33777786596876,114.09032363831665,0.025,0.025,506,0,2,0,0.0,28.36399094960346,0.9216010482322874,floating-PLL-IQ40,safe_range,final,70402,NTSC,22,3,1000000.0,,True,bars,0.5941090366054109,4.877036097900494,8.230345252749393,17.68624382116288,6.276381760379119
4.350998182367661,44.37978287227683,True,94.691826701629,506,12,0,2.025,2.025,1000000.0,48.921226023846856,27.052063867729466,-25.84868261465844,0.9492149245436607,84.21767648645684,1000000.0,1000000.0,506,506,2,0,0.0,4.513544098057165,0.5770590132767357,HC50,safe_range,final,70402,NTSC,22,3,1000000.0,contrast;waveform;detail_floor;sync;h_jitter_us;v_jitter_us;h_width_rmse_us;sync_error_ire;black_error_ire;white_error_ire;contrast;stress_waveform;reference_detail;burst_gain;burst_rmse_ire;h_missing;v_missing;vertical_trains;sync_error_ire;black_error_ire;white_error_ire,False,bars,0.43680772418461566,80.68754463642705,10.01832364131777,18.353487724005156,30.786982366064233
11.97067481564315,97.00059085900831,True,3.800798995685905,39,0,0,2.025,1.2425,2.6595636687101347,5.728368443887437,-0.8380881867756645,-3.0280600475669734,-58.091526352706964,111.07784457100024,1.575,1.2425,506,2,2,343,0.6778656126482213,17.355041224083596,0.4808460949948151,PLL96-board-fixed,safe_range,final,70402,NTSC,22,3,1000000.0,waveform;detail_floor;sync;h_jitter_us;v_jitter_us;h_width_rmse_us;sync_error_ire;stress_waveform;reference_detail;burst_gain;burst_phase_jitter_deg;burst_rmse_ire;h_missing;vertical_trains,False,bars,0.5867655221146966,-86.00444614203822,35.23509638724661,21.850625538898313,16.30733097119066
15.638081800513161,97.61327779626934,True,0.5170591901061815,0,0,2,0.05,0.061249999999999985,0.044510957038045,2.754430715383345,0.3046066955567764,-2.44975149652618,-45.40880667846825,110.69031207230461,0.05,0.061249999999999985,506,0,2,0,0.0,27.707047745732755,0.7236293722149653,RNG-58c0e88fcba8,safe_range,final,70402,NTSC,22,3,1000000.0,,True,bars,0.9712894461573122,-49.48159696088891,10.901294082190367,17.39425767113613,12.273494660847481
16.063061068250207,97.3549129705474,True,0.3492219275244079,0,0,2,0.05,0.05,0.02037203384166269,0.21859380980238116,1.0549425601186933,-1.5800747033390303,-59.25723602332858,123.69035908286074,0.05,0.05,506,0,2,0,0.0,27.782127470218075,0.7452627801463387,OVP56,safe_range,final,70402,NTSC,30,3,1000000.0,,True,bars,0.8878899092886471,-48.500664537487204,9.700517320581932,21.688278222007987,11.546710367802214
16.286491153399922,97.34002563035179,True,0.37556409878163693,0,0,2,0.05,0.05,0.0179205537040374,0.3589013383185271,1.2134600381785152,-1.4831868611270447,-59.473914803010636,123.22377768203785,0.05,0.05,506,0,2,0,0.0,28.117787835159188,0.7538856296659366,VLP56,safe_range,final,70402,NTSC,30,3,1000000.0,,True,bars,0.8686774858971669,-48.49393375842323,9.162175729082586,21.56460476156926,11.32109472217552
16.151746330142082,95.46033878081643,True,0.9264917947899701,0,0,2,0.05,0.05,0.03780344945258083,1.3056253856200952,1.8491937582130096,-3.346107628216405,-43.065326119070505,103.20923758355426,0.05,0.05,506,0,2,0,0.0,25.00403344227142,0.7394143143966533,RANGE32,safe_range,final,70402,NTSC,30,3,1000000.0,,True,bars,0.8523212177847919,-49.39198327027791,9.023722015897668,19.59946317156902,11.43414911139132
-6.61395657168613,-82.65873907262595,False,610.9441937338748,506,12,49,2.025,2.025,1000000.0,84.96845716220477,22.612832454940918,-156.12409819277525,-67.68545844828573,66.73970466272857,1000000.0,1000000.0,506,506,2,1261,2.492094861660079,-6.663133606214448,-0.35266334573541114,PLL96-rejected-board,safe_range,final,70402,NTSC,30,3,1000000.0,contrast;waveform;detail_floor;sync;h_jitter_us;v_jitter_us;h_width_rmse_us;sync_error_ire;black_error_ire;white_error_ire;contrast;stress_waveform;reference_detail;burst_gain;burst_phase_jitter_deg;burst_amplitude_jitter_pct;burst_rmse_ire;h_missing;v_missing;vertical_trains;sync_error_ire;black_error_ire;white_error_ire,False,bars,0.440447001503937,81.62909261592182,39.38591682769162,38.48135928379718,29.274711724652924
8.897239232197773,98.46905486653165,True,6.6148955194224595,506,12,0,2.025,2.025,1000000.0,14.032621244114452,-1.1234740732450863,-1.872644239860001,-41.69200661150292,106.66053775035152,1000000.0,1000000.0,506,506,2,0,0.0,11.661463332754264,0.35879445679380534,PLL96-IQ-corrected,safe_range,final,70402,NTSC,30,3,1000000.0,waveform;detail_floor;sync;h_jitter_us;v_jitter_us;h_width_rmse_us;sync_error_ire;stress_waveform;reference_detail;burst_gain;burst_phase_jitter_deg;burst_amplitude_jitter_pct;burst_rmse_ire;h_missing;v_missing;vertical_trains;sync_error_ire,False,bars,0.5056342811216695,-96.37155323789767,37.51505323618116,31.69862659309962,18.04049479837365
21.883276196530375,96.15075938598045,True,0.0,0,0,2,0.025,0.025,0.020189321327181205,1.712020870796551,1.69397288752279,-1.3385817518790486,-47.87640440056791,111.16128182817391,0.025,0.025,506,0,2,0,0.0,28.474383818560902,0.9368604283917967,floating-PLL-IQ40,safe_range,final,70402,NTSC,30,3,1000000.0,burst_gain,True,bars,0.5958718689859508,4.589960928328169,7.452038383325971,17.670822095832712,6.132210736250457
4.358539665403552,44.38805223934251,True,94.72268467367319,506,12,0,2.025,2.025,1000000.0,48.900721445111536,27.05543281153933,-25.805495179330936,1.1654954576215673,84.02356251604138,1000000.0,1000000.0,506,506,2,0,0.0,4.514700986947874,0.592197300026802,HC50,safe_range,final,70402,NTSC,30,3,1000000.0,contrast;waveform;detail_floor;sync;h_jitter_us;v_jitter_us;h_width_rmse_us;sync_error_ire;black_error_ire;white_error_ire;contrast;stress_waveform;reference_detail;burst_gain;burst_rmse_ire;h_missing;v_missing;vertical_trains;sync_error_ire;black_error_ire;white_error_ire,False,bars,0.43662144821640647,80.4394575071494,8.63696424864767,19.400885936188686,30.76796353799567
11.887084356925005,96.55069091404897,True,3.6713460397932365,0,0,2,0.275,0.1537499999999999,0.11065404729072578,5.800411514377368,-0.6646368474046992,-2.975675869137372,-57.17116549977286,111.1039567866624,0.275,0.1537499999999999,506,0,2,0,0.0,16.897271446703684,0.4858336364155548,PLL96-board-fixed,safe_range,final,70402,NTSC,30,3,1000000.0,waveform;detail_floor;sync_error_ire;stress_waveform;reference_detail;burst_phase_jitter_deg;burst_rmse_ire,True,bars,0.6014916299233488,-87.12429863129567,34.245313634488454,17.647263227680355,16.45288571196303
15.995875537184636,97.69635372644771,True,0.44631164444390925,0,0,2,0.05,0.05,0.04448319840919111,2.726219953237009,0.3080239384374853,-2.5342285222954226,-43.604890048874466,110.24916922469592,0.05,0.05,506,0,2,0,0.0,27.719064385956123,0.7408830439226545,RNG-58c0e88fcba8,safe_range,final,70402,NTSC,30,3,1000000.0,,True,bars,0.9950597343230608,-49.555120996892924,8.675611609403399,17.0602843999637,12.28788223126616
