sinad,contrast,polarity_ok,large_errors,h_missing,v_missing,v_trains,h_jitter_us,v_jitter_us,h_width_rmse_us,sync_error_ire,black_error_ire,white_error_ire,raw_min,raw_max,h_jitter_matched_us,v_jitter_matched_us,h_expected,max_h_gap,expected_v_trains,false_sync_pulses,false_sync_per_line,luma_sinad,detail_corr,model,profile,stage,seed,standard,cnr,rms,cfo_hz,quality_failures,usable,image_pattern,burst_gain,burst_phase_deg,burst_phase_jitter_deg,burst_amplitude_jitter_pct,burst_rmse_ire
5.021862884075755,80.71321743613892,True,65.27979924717691,602,8,0,2.025,2.025,3.51335621237016,16.956906049015256,5.258354332159802,-13.680464039420933,-83.43636897473984,143.44709019867497,1.8037499999999997,1000000.0,610,184,2,9,0.014754098360655738,12.400663797038927,0.24921650673506543,OVP56,safe_range,selection,70301,PAL,4,3,1000000.0,,False,bars,,,,,
4.738703903810897,84.8710605891425,True,62.63048933500627,590,8,0,2.025,2.025,3.4447196910634106,11.061441617470773,3.022910269587947,-12.794511451548805,-88.53975357841868,151.7277518922432,1.8512499999999998,1000000.0,610,144,2,21,0.03442622950819672,13.340711659197591,0.2455711930930555,VLP56,safe_range,selection,70301,PAL,4,3,1000000.0,,False,bars,,,,,
5.8292600573405355,88.76678574078778,True,39.137390213299874,94,2,0,2.025,2.025,2.839967509572311,9.023569564788277,1.7041753397830908,-11.551866078324245,-72.04788902151411,130.13657528649213,1.68125,0.7,610,4,2,418,0.6852459016393443,13.929512493175988,0.24832466832891395,RANGE32,safe_range,selection,70301,PAL,4,3,1000000.0,,False,bars,,,,,
-6.783696158878502,-84.20359653728612,False,608.3387703889586,610,8,35,2.025,2.025,1000000.0,88.66239611336738,21.32465212379012,-156.7523197734088,-75.97928893233573,135.07618341145064,1000000.0,1000000.0,610,610,2,2005,3.2868852459016393,-6.797625145334234,-0.2385961685724211,PLL96-rejected-board,safe_range,selection,70301,PAL,4,3,1000000.0,,False,bars,,,,,
7.933580974256539,93.12433562427854,True,17.85821831869511,413,5,0,2.025,2.025,3.390302308967873,10.62725988073149,0.12862305644270827,-3.9434712259562965,-75.50877657417047,135.54943285899083,1.9099999999999995,1.845,610,11,2,195,0.319672131147541,13.156983549795001,0.23771283012784755,PLL96-IQ-corrected,safe_range,selection,70301,PAL,4,3,1000000.0,,False,bars,,,,,
10.099250787567707,96.0065635188233,True,2.36198243412798,152,5,0,2.025,2.025,3.0997160561607835,2.548162700739444,1.2650453542871274,-2.426097600542085,-75.4782370005812,138.26425259887918,1.775,0.7224999999999999,610,5,2,408,0.6688524590163935,23.32883775876639,0.46316319275404066,floating-PLL-IQ40,safe_range,selection,70301,PAL,4,3,1000000.0,,False,bars,,,,,
3.236082800193074,42.61963015424233,True,122.80112923462987,610,8,0,2.025,2.025,1000000.0,49.29452855705192,27.170599299963936,-28.978711954065048,-78.88296900913397,128.10941252111672,1000000.0,1000000.0,610,610,2,0,0.0,4.246541730822548,0.17321114965596593,HC50,safe_range,selection,70301,PAL,4,3,1000000.0,,False,bars,,,,,
5.787084504326923,91.04358962038432,True,40.77038895859473,90,2,0,2.025,2.025,2.8491155003992703,3.136262996726846,-1.7925686643951502,-14.341710221535944,-82.17792584415174,127.78097869388294,1.676249999999999,0.68125,610,2,2,431,0.7065573770491803,10.96054544846842,0.213485819210847,PLL96-board-fixed,safe_range,selection,70301,PAL,4,3,1000000.0,,False,bars,,,,,
5.478687911566679,93.26139220427056,True,44.334378920953576,57,2,0,2.025,2.025,2.597086148886439,7.029046612312193,0.7509772143338765,-5.761144510721851,-80.75988065019273,148.20810158512415,1.65,0.65,610,2,2,407,0.6672131147540984,15.24533867565706,0.2552392566587592,RNG-58c0e88fcba8,safe_range,selection,70301,PAL,4,3,1000000.0,,False,bars,,,,,
5.723590872387041,91.05051875346501,True,41.82559598494354,64,2,0,2.025,2.025,2.6544126644903185,7.147080620720238,0.9761000511038725,-8.839976020335031,-74.36819135873542,137.67578490689414,1.625,0.675,610,2,2,408,0.6688524590163935,15.08539708790757,0.2576957233042177,RNG-39614bd6254d,safe_range,selection,70301,PAL,4,3,1000000.0,,False,bars,,,,,
5.511968940593444,92.41659886480188,True,42.945420326223335,59,2,0,2.025,2.025,2.586618327829929,7.720112422159446,1.2876148599097141,-6.255524589769009,-80.10430942175269,137.38158677934075,1.65,0.96875,610,2,2,374,0.6131147540983607,14.84880066761396,0.25336184397315403,RNG-67899a3c7663,safe_range,selection,70301,PAL,4,3,1000000.0,,False,bars,,,,,
5.80978045759875,89.81042774258268,True,40.104767879548305,64,2,0,2.025,2.025,2.7046576212129603,7.6295913896711305,1.609817726056883,-9.644307444870087,-75.67674655888132,137.22720911273086,1.65,0.675,610,2,2,416,0.6819672131147541,14.885510722874978,0.2576335313841605,RNG-724ad17ee144,safe_range,selection,70301,PAL,4,3,1000000.0,,False,bars,,,,,
5.679880391902636,91.08236079749368,True,41.58406524466751,62,2,0,2.025,2.025,2.5969666647194822,7.849175690509768,1.479740872041669,-8.156118295045967,-76.09529720093445,135.42554558344727,1.6412499999999994,0.96875,610,2,2,381,0.6245901639344262,14.817086485526564,0.25540429489358724,RNG-80151adb4f37,safe_range,selection,70301,PAL,4,3,1000000.0,,False,bars,,,,,
5.718161194832777,90.62767112922702,True,40.97051442910916,64,2,0,2.025,2.025,2.6187530324669686,8.186854976402234,1.6563433011683768,-8.43588781491863,-75.18692387438564,135.42553602319174,1.65,0.96875,610,2,2,384,0.6295081967213115,14.767021328780869,0.2556403478881081,RNG-e7258e31bde8,safe_range,selection,70301,PAL,4,3,1000000.0,,False,bars,,,,,
5.746841344726008,89.93620191876053,True,40.55395232120452,65,2,0,2.025,2.025,2.640530510360899,7.992878572094902,1.7192752327666487,-9.48770864931678,-75.06588091699543,135.11035249481182,1.65,0.96875,610,2,2,385,0.6311475409836066,14.619481842285424,0.2551523436008235,RNG-9e03617b1053,safe_range,selection,70301,PAL,4,3,1000000.0,,False,bars,,,,,
5.880433881714265,88.62690075273639,True,40.8594730238394,67,2,0,2.025,2.025,2.7240031883545486,7.407531126827413,1.574790565674254,-11.791104569094976,-74.03600373055376,137.18277828780361,1.6474999999999995,0.675,610,3,2,418,0.6852459016393443,14.577075670787776,0.2581287355836996,RNG-894eb4d231a5,safe_range,selection,70301,PAL,4,3,1000000.0,,False,bars,,,,,
5.137085528231795,94.49224243594392,True,64.25972396486826,296,5,0,2.025,2.025,3.2524338632832865,3.7142716407598106,-0.8781682007354183,-8.112257036185811,-84.91200892708048,139.86993883925845,1.8837499999999991,0.22749999999999998,610,9,2,300,0.4918032786885246,15.554736404300227,0.2552789050117306,RNG-b4deae417e10,safe_range,selection,70301,PAL,4,3,1000000.0,,False,bars,,,,,
5.749457594843934,86.74652024519312,True,46.12296110414053,315,4,0,2.025,2.025,3.293549164912362,8.585000614273952,2.605989786295319,-12.956120282115315,-77.56832818823572,138.31706231766663,1.825,1.1774999999999998,610,15,2,273,0.44754098360655736,14.64824013992204,0.25659890644051353,RNG-c73334f8bd3d,safe_range,selection,70301,PAL,4,3,1000000.0,,False,bars,,,,,
5.510856662480014,90.5238874999644,True,46.74027603513174,331,6,0,2.025,2.025,3.266094351335852,11.542110806292103,0.896328240963646,-7.051845801370394,-74.32972537138214,141.83201136215047,1.85,0.8099999999999999,610,7,2,251,0.41147540983606556,15.032052649841942,0.2583097623972702,RNG-ccbd72c8c1cf,safe_range,selection,70301,PAL,4,3,1000000.0,,False,bars,,,,,
4.789756776669284,86.46661776410521,True,69.80238393977416,361,4,0,2.025,2.025,3.2772617040920666,15.92469301044243,2.5558971485150215,-9.180811646691117,-66.15373042840082,142.13148070293693,1.825,1.2587499999999996,610,9,2,228,0.3737704918032787,13.490827258978339,0.24408149073135865,RNG-a64092aa7f14,safe_range,selection,70301,PAL,4,3,1000000.0,,False,bars,,,,,
3.930693756078049,92.06808008669148,True,104.04642409033877,448,7,0,2.025,2.025,3.3960449263776398,5.348762078610464,2.4157584354893067,-5.349856320886545,-89.00991610566483,150.50495067492562,1.8737499999999998,0.05,610,12,2,151,0.24754098360655738,14.463594564480331,0.21521560523034328,RNG-8bfa6546d372,safe_range,selection,70301,PAL,4,3,1000000.0,,False,bars,,,,,
5.5100998006903215,91.87114185092396,True,45.85006273525721,472,7,0,2.025,2.025,3.4337143185971555,7.928872342560534,1.8837600138062398,-6.198783563892518,-88.29269507939459,148.00708013770242,1.8787500000000001,0.05,610,20,2,130,0.21311475409836064,16.22765495209039,0.26348880418631343,RNG-6cf1316b2595,safe_range,selection,70301,PAL,4,3,1000000.0,,False,bars,,,,,
7.42112510859703,87.97083208950106,True,22.32245922208281,558,6,0,2.025,2.025,3.474896235307444,10.884721682634911,2.844392336621475,-9.104558839539951,-82.803240842999,138.8784999357419,1.85875,0.8162499999999999,610,55,2,41,0.06721311475409836,16.581131318156896,0.3379794657742722,OVP56,safe_range,selection,70301,PAL,6,3,1000000.0,,False,bars,,,,,
7.410437449929537,91.3034067182095,True,20.124215809284816,485,7,0,2.025,2.025,3.42586631379568,6.851513444720481,1.5552767101976475,-7.588383989052998,-86.58428113287783,144.34946814088948,1.8399999999999999,0.2,610,25,2,100,0.16393442622950818,18.396688198665295,0.34085013469933,VLP56,safe_range,selection,70301,PAL,6,3,1000000.0,,False,bars,,,,,
8.555577021342605,93.98024334328392,True,12.3099121706399,5,0,1,1.1,0.3624999999999999,2.128922000519869,3.4842075067227944,1.7053788050557066,-5.278004324510891,-69.23066851569097,123.28705958585935,1.075,0.3624999999999999,610,1,2,263,0.4311475409836066,19.31489129771859,0.3440965825520139,RANGE32,safe_range,selection,70301,PAL,6,3,1000000.0,,False,bars,,,,,
-6.750561342529764,-84.20329776858385,False,604.2220828105395,610,8,52,2.025,2.025,1000000.0,87.06351429107198,22.25645710022544,-157.22077362240756,-73.39657989920555,132.91441715218048,1000000.0,1000000.0,610,610,2,1612,2.642622950819672,-6.784793067176284,-0.2978858084743826,PLL96-rejected-board,safe_range,selection,70301,PAL,6,3,1000000.0,,False,bars,,,,,
9.136457214431918,94.20877038342049,True,8.009410288582185,491,8,0,2.025,2.025,3.4868766573438483,12.2756815480249,-0.6177584540423359,-2.8415372214280086,-72.09275150839545,133.75750281195178,1.9049999999999998,1000000.0,610,22,2,144,0.2360655737704918,14.211633025833109,0.2931377131393771,PLL96-IQ-corrected,safe_range,selection,70301,PAL,6,3,1000000.0,,False,bars,,,,,
11.9875559329537,96.100887212879,True,0.2967377666248432,35,2,0,2.025,2.025,2.67853727928542,2.2652172796537196,1.4347215623189844,-1.8409489116493893,-70.74659403979278,131.87354328520337,1.5,1.0625,610,2,2,421,0.6901639344262295,25.749663765923636,0.556634437615028,floating-PLL-IQ40,safe_range,selection,70301,PAL,6,3,1000000.0,,False,bars,,,,,
3.9077112250735224,44.34902432453209,True,100.17942283563362,610,8,0,2.025,2.025,1000000.0,49.05217851914068,27.11505054021086,-26.41625834134455,-69.99386951353962,119.0444560471877,1000000.0,1000000.0,610,610,2,0,0.0,4.495597457495889,0.2574702039961569,HC50,safe_range,selection,70301,PAL,6,3,1000000.0,,False,bars,,,,,
8.783390209164597,96.0605226693648,True,12.455457967377665,13,0,0,1.5637499999999989,0.6999999999999997,2.31275141238253,0.42126282804614446,-2.452422545479708,-9.740352405529126,-81.2249782611871,122.67931247086007,1.3,0.6999999999999997,610,1,2,344,0.5639344262295082,14.938795682157194,0.31193171720688834,PLL96-board-fixed,safe_range,selection,70301,PAL,6,3,1000000.0,,False,bars,,,,,
8.186070222401527,96.73263967821038,True,13.806775407779172,1,0,1,0.975,0.19124999999999998,1.771466104467569,2.746312718788784,0.5308323808654027,-2.665038392959237,-73.8283233786486,145.61014383185244,0.9650000000000005,0.19124999999999998,610,1,2,213,0.34918032786885245,21.348212458988232,0.3520221938138755,RNG-58c0e88fcba8,safe_range,selection,70301,PAL,6,3,1000000.0,,False,bars,,,,,
8.32652390689026,95.06304872785789,True,13.067754077791719,1,0,1,1.0024999999999977,0.2,1.80153476350169,2.7821816708927085,0.8154203990046189,-5.046426133050323,-70.31612039291996,130.63089555956054,0.975,0.2,610,1,2,224,0.36721311475409835,20.830602622377647,0.3528176969961483,RNG-39614bd6254d,safe_range,selection,70301,PAL,6,3,1000000.0,,False,bars,,,,,
8.247765339569165,96.1806498073951,True,13.159974905897114,3,0,1,1.038749999999999,0.3462499999999999,1.7634374661069927,2.430016363735006,1.2764686567722843,-2.752717790947939,-71.14856254616147,138.03886518626655,0.9674999999999983,0.34624999999999984,610,1,2,200,0.32786885245901637,20.832444787405006,0.3493436805214728,RNG-67899a3c7663,safe_range,selection,70301,PAL,6,3,1000000.0,,False,bars,,,,,
8.42280953783213,93.70989156998897,True,12.378920953575909,2,0,1,1.088749999999999,0.2,1.8391202465445264,3.2091073692567473,1.5501871274888084,-5.958670151311118,-71.59545925772332,130.6264383367054,1.0162499999999994,0.2,610,1,2,236,0.38688524590163936,20.272412315716338,0.35307858471594544,RNG-724ad17ee144,safe_range,selection,70301,PAL,6,3,1000000.0,,False,bars,,,,,
8.336092853744091,95.27492319043944,True,12.835633626097867,3,0,1,1.1,0.3462499999999999,1.7775334612689595,2.6084195060642528,1.4882051665537177,-4.049708032875513,-68.24639363982561,130.58813111669355,1.025,0.34624999999999984,610,1,2,204,0.3344262295081967,20.657883450618407,0.3502924590448764,RNG-80151adb4f37,safe_range,selection,70301,PAL,6,3,1000000.0,,False,bars,,,,,
8.36828884428139,94.8349612615866,True,12.599749058971142,3,0,1,1.1,0.3624999999999999,1.7933481567176621,2.902351991138432,1.6556753564749336,-4.35526187940873,-66.84060774543617,130.4509901461346,1.0424999999999982,0.3624999999999999,610,1,2,202,0.33114754098360655,20.514144811163035,0.3505169770950366,RNG-e7258e31bde8,safe_range,selection,70301,PAL,6,3,1000000.0,,False,bars,,,,,
8.394507644584364,94.175876199551,True,12.414680050188204,3,0,1,1.1,0.3462499999999999,1.8003772142731105,2.7902068353955616,1.765726761310639,-5.3340056697578095,-68.24035828437536,128.91676847700933,1.1,0.34624999999999984,610,1,2,208,0.34098360655737703,20.177606423734158,0.35010831816386756,RNG-9e03617b1053,safe_range,selection,70301,PAL,6,3,1000000.0,,False,bars,,,,,
8.428369702142378,93.09695994876694,True,12.626097867001254,3,0,1,1.1,0.2,1.8761440770961766,2.9391880333341445,1.5879754415548066,-7.292774067115013,-69.17632067714419,129.70458460735188,1.0674999999999983,0.2,610,1,2,248,0.4065573770491803,19.756875829703034,0.35250425835007626,RNG-894eb4d231a5,safe_range,selection,70301,PAL,6,3,1000000.0,,False,bars,,,,,
7.3638701105701365,99.22776273783496,True,24.723964868255962,96,1,0,2.025,1.7974999999999997,2.9117326480325554,0.763071355777532,-2.1645872069685375,-4.255671035726319,-79.42471525741976,139.8149850912211,1.725,1.1424999999999994,610,3,2,432,0.7081967213114754,19.498043535885778,0.34187300621206934,RNG-b4deae417e10,safe_range,selection,70301,PAL,6,3,1000000.0,,False,bars,,,,,
7.897038876353706,90.78252412640278,True,17.08469259723965,124,1,0,2.025,1.9725,3.006063402702937,5.310303916423583,2.415914217067257,-8.632002005192538,-75.8201812775927,127.59474336521582,1.7,1.5974999999999995,610,4,2,442,0.7245901639344262,18.995629412638568,0.33852939476535215,RNG-c73334f8bd3d,safe_range,selection,70301,PAL,6,3,1000000.0,,False,bars,,,,,
7.91935276200223,95.24421551642486,True,15.309284818067754,134,2,0,2.025,2.025,2.977010345756208,6.301657220644687,-0.5301933506471038,-4.027199469057032,-69.5286576111683,136.962963596948,1.70625,1.0,610,4,2,424,0.6950819672131148,20.189470521101374,0.34619972554166817,RNG-ccbd72c8c1cf,safe_range,selection,70301,PAL,6,3,1000000.0,,False,bars,,,,,
7.0267021447883184,92.59586233938934,True,27.12547051442911,119,2,0,2.025,2.025,2.9714643369051195,7.655367155922523,1.684711036544972,-5.17815886647147,-65.16430552423999,139.59133103655176,1.725,0.8125,610,4,2,416,0.6819672131147541,18.788605676109462,0.32834045584267374,RNG-a64092aa7f14,safe_range,selection,70301,PAL,6,3,1000000.0,,False,bars,,,,,
6.082180091423771,95.431770825893,True,55.8444165621079,260,5,0,2.025,2.025,3.243312350052027,3.610357083945783,1.8810321884101049,-2.5231182351826567,-81.61117658168601,140.80438136907503,1.8,0.8300000000000001,610,6,2,333,0.5459016393442623,20.05394294693796,0.28358945037895783,RNG-8bfa6546d372,safe_range,selection,70301,PAL,6,3,1000000.0,,False,bars,,,,,
7.779207854313971,95.08776750997326,True,15.750313676286074,297,6,0,2.025,2.025,3.288913024357613,3.5464374611224545,1.6421366209133919,-3.850471725644129,-86.74615571514298,141.38309631195932,1.894999999999999,0.19124999999999998,610,7,2,314,0.5147540983606558,21.66264116741911,0.34709203283908213,RNG-6cf1316b2595,safe_range,selection,70301,PAL,6,3,1000000.0,,False,bars,,,,,
9.437486304497597,91.62681908580566,True,5.521957340025094,421,5,0,2.025,2.025,3.3144180580445886,7.402747785932747,2.0480715755114374,-6.424219950001667,-76.35718375401673,138.45742399013895,1.8649999999999998,0.8099999999999999,610,16,2,192,0.31475409836065577,19.990255482139396,0.42224237013412036,OVP56,safe_range,selection,70301,PAL,8,3,1000000.0,,False,bars,,,,,
9.539341482070466,94.01240888006375,True,4.730238393977415,272,4,0,2.025,2.025,3.2456041049267177,4.720531571862864,1.2849553943644914,-5.0351059897585975,-73.5363417608522,143.15594109958286,1.7787499999999994,0.8024999999999999,610,11,2,311,0.5098360655737705,22.29024705891969,0.4280168480048769,VLP56,safe_range,selection,70301,PAL,8,3,1000000.0,,False,bars,,,,,
10.62389681930549,95.21524631183343,True,3.7873274780426596,0,0,2,0.23874999999999885,0.16499999999999995,1.0202579230313267,2.0209533278443326,2.12903151477866,-3.0265913032031357,-63.58894166964396,124.26430134729881,0.23874999999999885,0.16499999999999995,610,0,2,76,0.12459016393442623,22.93054035032991,0.43230730225703845,RANGE32,safe_range,selection,70301,PAL,8,3,1000000.0,,False,bars,,,,,
-6.698742793729809,-83.39563267366509,False,602.1129234629861,610,8,62,2.025,2.025,1000000.0,85.54205479781405,22.974756229648722,-156.6237916307789,-70.74305748359492,129.02389974902982,1000000.0,1000000.0,610,610,2,1467,2.404918032786885,-6.739860676651626,-0.3253812694664379,PLL96-rejected-board,safe_range,selection,70301,PAL,8,3,1000000.0,,False,bars,,,,,
9.454110706842998,94.68913640151949,True,6.040150564617315,540,8,0,2.025,2.025,3.5723941551850067,14.031265519645878,-0.944816233710659,-2.463351137316125,-69.11772232423172,128.41547258335746,1.8187499999999996,1000000.0,610,44,2,90,0.14754098360655737,13.823520696634146,0.3253885336106619,PLL96-IQ-corrected,safe_range,selection,70301,PAL,8,3,1000000.0,,False,bars,,,,,
13.755597072862617,95.79594438576474,True,0.04077791718946047,7,0,1,1.1,0.5449999999999995,1.9724520163700447,2.39889891705073,1.7850425174404734,-1.687337991185937,-66.07074549573231,128.45776393933562,0.975,0.5449999999999996,610,1,2,252,0.4131147540983607,26.369519307334812,0.6412635147242385,floating-PLL-IQ40,safe_range,selection,70301,PAL,8,3,1000000.0,,False,bars,,,,,
4.134534764359526,44.512481801429885,True,92.05771643663739,610,8,0,2.025,2.025,1000000.0,49.24313627340665,27.23543496274371,-25.790920601622926,-58.37544722612595,103.80891662194028,1000000.0,1000000.0,610,610,2,0,0.0,4.5171048557830416,0.333350010180503,HC50,safe_range,selection,70301,PAL,8,3,1000000.0,,False,bars,,,,,
10.459834884450443,97.9779583678328,True,5.261606022584692,3,0,0,1.113749999999999,0.7012499999999995,2.1339457018980346,0.4643547433021254,-2.4201129981813136,-7.291930195650583,-80.14201181231009,116.01124965790271,1.075,0.7012499999999995,610,1,2,310,0.5081967213114754,16.961754433743042,0.38000316086606845,PLL96-board-fixed,safe_range,selection,70301,PAL,8,3,1000000.0,,False,bars,,,,,
10.203062948191103,97.06782293043754,True,3.765997490589711,0,0,2,0.15249999999999772,0.16499999999999995,0.8484037567256697,2.2459831728525503,0.7176152141847206,-2.1351799347979266,-68.32173210512866,140.34424420302673,0.15249999999999772,0.16499999999999995,610,0,2,59,0.09672131147540984,25.464873142470328,0.4372347580545316,RNG-58c0e88fcba8,safe_range,selection,70301,PAL,8,3,1000000.0,,False,bars,,,,,
10.271629667276702,95.83316850155177,True,3.6267252195734003,0,0,2,0.2,0.16499999999999995,0.8892936734875144,2.1097267162867483,1.019653332056963,-3.9523296653013245,-64.34324397692997,129.5305712445905,0.2,0.16499999999999995,610,0,2,62,0.10163934426229508,24.37929227465208,0.4371560644815219,RNG-39614bd6254d,safe_range,selection,70301,PAL,8,3,1000000.0,,False,bars,,,,,
10.24456792075458,96.48915687205249,True,3.6543287327478042,0,0,2,0.225,0.15624999999999994,0.8755092195074949,1.5187442020736335,1.6389839500560814,-2.128175327391043,-68.95386988535378,130.84591962912137,0.225,0.15624999999999994,610,0,2,49,0.08032786885245902,24.701893207806258,0.43254288265034674,RNG-67899a3c7663,safe_range,selection,70301,PAL,8,3,1000000.0,,False,bars,,,,,
10.363053024696498,94.435290784558,True,3.43099121706399,0,0,2,0.225,0.16499999999999995,0.9218166312447093,2.45645928486279,1.8308297241043312,-4.906150122583795,-64.74745269013431,129.69319062277916,0.225,0.16499999999999995,610,0,2,65,0.10655737704918032,23.20986937987003,0.43790819059562885,RNG-724ad17ee144,safe_range,selection,70301,PAL,8,3,1000000.0,,False,bars,,,,,
10.281677981276014,95.91094695162833,True,3.5915934755332497,0,0,2,0.25,0.15624999999999994,0.8704047955961188,1.6484370155476313,1.8336640438144762,-2.9673912112012077,-62.98806693508687,128.36037870263667,0.25,0.15624999999999994,610,0,2,47,0.07704918032786885,24.250828196442455,0.4328636077854032,RNG-80151adb4f37,safe_range,selection,70301,PAL,8,3,1000000.0,,False,bars,,,,,
10.305181398698103,95.52435592011042,True,3.551442910915935,0,0,2,0.25,0.15624999999999994,0.9053087961537999,1.8864227598527408,1.989309517757328,-3.236912418890274,-62.985058062541505,127.49386737564828,0.25,0.15624999999999994,610,0,2,55,0.09016393442622951,23.964567506124574,0.43301712865715947,RNG-e7258e31bde8,safe_range,selection,70301,PAL,8,3,1000000.0,,False,bars,,,,,
10.321810021469203,94.9020423604342,True,3.515683814303639,0,0,2,0.25,0.15624999999999994,0.9305207426269531,1.8078901882425584,2.128196640560914,-4.164701260192053,-64.06447355004353,126.66899325806733,0.25,0.15624999999999994,610,0,2,56,0.09180327868852459,23.343385650689484,0.43267441473964696,RNG-9e03617b1053,safe_range,selection,70301,PAL,8,3,1000000.0,,False,bars,,,,,
10.354277104341197,94.20589356821365,True,3.479297365119197,0,0,2,0.23874999999999885,0.16499999999999995,0.9341697681565728,2.1006935771916644,1.9203343588832915,-5.63697994016087,-63.66231330196916,124.91510494922187,0.23874999999999885,0.16499999999999995,610,0,2,69,0.11311475409836065,22.716609715892886,0.43771683289090135,RNG-894eb4d231a5,safe_range,selection,70301,PAL,8,3,1000000.0,,False,bars,,,,,
9.163071518466385,100.3993909638984,True,8.035759096612296,11,1,0,1.452499999999998,1.473749999999999,2.3535590922404688,0.011589274204358487,-2.280906497433653,-3.122303272937364,-73.79358496657647,136.94803391590483,1.3275000000000006,0.3674999999999998,610,1,2,345,0.5655737704918032,21.38847224454358,0.41959142356297874,RNG-b4deae417e10,safe_range,selection,70301,PAL,8,3,1000000.0,,False,bars,,,,,
9.510560727026077,91.79393757042291,True,5.764742785445421,16,0,0,1.7,1.5349999999999997,2.597996022578428,4.691038145501393,2.6483813122665008,-7.061280447322146,-73.48086807262784,121.90407277883054,1.4337500000000005,1.5349999999999995,610,2,2,413,0.6770491803278689,20.97061230550675,0.411778374259934,RNG-c73334f8bd3d,safe_range,selection,70301,PAL,8,3,1000000.0,,False,bars,,,,,
9.755237858133132,96.79799267145812,True,4.44792973651192,23,0,0,1.863749999999999,1.1912499999999997,2.5448360211980363,4.742971265765886,-0.8608325262108034,-2.822342436765685,-66.11956437780192,133.15600953403757,1.5849999999999966,1.1912499999999997,610,2,2,398,0.6524590163934426,23.499154873593284,0.42363409427144244,RNG-ccbd72c8c1cf,safe_range,selection,70301,PAL,8,3,1000000.0,,False,bars,,,,,
8.835426372131115,94.69559488489467,True,8.689460476787954,16,0,0,1.6,1.1449999999999998,2.4386866877364057,4.454837694882207,1.7945043893367951,-3.710206761496523,-62.04075478292773,137.87405549207986,1.325,1.145,610,2,2,401,0.6573770491803279,22.80410304008667,0.40716668173813914,RNG-a64092aa7f14,safe_range,selection,70301,PAL,8,3,1000000.0,,False,bars,,,,,
7.81882117147473,96.0220370661756,True,29.32245922208281,87,2,0,2.025,2.025,2.9852529510318484,3.436422853828879,1.8842737047116476,-1.7573234117144019,-76.2617412222991,136.54739920505324,1.6724999999999994,0.875,610,2,2,447,0.7327868852459016,23.379722882717346,0.349054967397889,RNG-8bfa6546d372,safe_range,selection,70301,PAL,8,3,1000000.0,,False,bars,,,,,
9.554062947804159,95.74289895847093,True,4.548306148055207,104,2,0,2.025,2.025,3.0080382676035873,2.6734695024122037,1.9457508014105815,-3.004430581969511,-77.9513036122448,137.44981486190522,1.7,0.825,610,3,2,441,0.7229508196721312,24.703093659446303,0.4216462759234755,RNG-6cf1316b2595,safe_range,selection,70301,PAL,8,3,1000000.0,,False,bars,,,,,
11.057578943083161,93.81251510975153,True,1.4404015056461732,187,3,0,2.025,2.025,3.099017994389647,4.948828776481897,1.697189590951231,-4.624879847674969,-71.20650142138813,131.9557397078066,1.8224999999999993,1.3249999999999997,610,5,2,363,0.5950819672131148,22.676102929888472,0.4955759683049376,OVP56,safe_range,selection,70301,PAL,10,3,1000000.0,,False,bars,,,,,
11.187460071833343,95.39715176491849,True,1.2659974905897116,71,0,0,2.025,0.7287499999999998,2.8672673699336895,3.238338750024252,1.2591270123726674,-3.577049948102027,-70.61726660342586,135.12973063988022,1.7,0.7287499999999999,610,2,2,442,0.7245901639344262,24.767799999438264,0.5020698543965088,VLP56,safe_range,selection,70301,PAL,10,3,1000000.0,,False,bars,,,,,
12.078167551267693,95.5353092281763,True,1.773525721455458,0,0,2,0.125,0.075,0.3320021232402973,1.6078839310984856,2.278437349465511,-2.3757297942627065,-54.60152500885468,117.65144098457188,0.125,0.075,610,0,2,11,0.018032786885245903,24.106704716623902,0.5038986473953727,RANGE32,safe_range,selection,70301,PAL,10,3,1000000.0,,True,bars,,,,,
-6.676621685385763,-82.88726871657549,False,601.7421580928482,610,8,63,2.025,2.025,1000000.0,84.4766281186918,23.26686121344479,-156.3439637576967,-69.84252057423188,86.72686031098098,1000000.0,1000000.0,610,610,2,1437,2.355737704918033,-6.7201344843109565,-0.34198951736258054,PLL96-rejected-board,safe_range,selection,70301,PAL,10,3,1000000.0,,False,bars,,,,,
9.426760865758634,95.2363268242494,True,5.917189460476788,552,6,0,2.025,2.025,3.603705289052481,15.157207062706677,-1.116734164942757,-2.264182393292196,-56.67903410898526,127.27057849889175,1.9075,1.8099999999999998,610,45,2,63,0.10327868852459017,13.214377381412948,0.34021575323099007,PLL96-IQ-corrected,safe_range,selection,70301,PAL,10,3,1000000.0,,False,bars,,,,,
15.384006865063062,95.81862297816276,True,0.0025094102885821834,0,0,2,0.41374999999999884,0.025,1.189399473077644,2.274310302426645,1.8967405295512754,-1.5154003661173197,-62.12758319260698,125.17769361381312,0.41374999999999884,0.025,610,0,2,80,0.13114754098360656,26.94930962376352,0.7163850641697879,floating-PLL-IQ40,safe_range,selection,70301,PAL,10,3,1000000.0,,False,bars,,,,,
4.223769717301543,44.45986165056047,True,89.61668757841908,610,8,0,2.025,2.025,1000000.0,49.271350232600376,27.248668346573456,-25.700155859992694,-41.11606904368074,99.05576587139365,1000000.0,1000000.0,610,610,2,0,0.0,4.513817362093243,0.39191559751192623,HC50,safe_range,selection,70301,PAL,10,3,1000000.0,,False,bars,,,,,
11.176201854869504,98.77441979550484,True,4.095357590966123,10,0,0,1.413749999999999,0.36749999999999977,2.163558026338405,1.3529381537345448,-2.2893635709094164,-5.677770364891461,-78.21192908169763,112.36025315255964,1.175,0.36749999999999977,610,1,2,310,0.5081967213114754,17.529375464154988,0.41570190749418595,PLL96-board-fixed,safe_range,selection,70301,PAL,10,3,1000000.0,,False,bars,,,,,
11.675412362697731,97.13757872276989,True,1.327478042659975,0,0,2,0.1,0.075,0.32713986581167187,2.3261630446534234,0.7047358395733319,-2.0775674563400006,-55.938128140245475,134.87669961609222,0.1,0.075,610,0,2,12,0.019672131147540985,26.679083895368912,0.5078311085688695,RNG-58c0e88fcba8,safe_range,selection,70301,PAL,10,3,1000000.0,,True,bars,,,,,
11.716853485798278,96.17874875336936,True,1.309284818067754,0,0,2,0.1,0.075,0.3684718664883964,2.074886043231649,0.9750964504305787,-3.53946384364231,-56.68399247774098,130.22167920295252,0.1,0.075,610,0,2,13,0.021311475409836064,25.612245091133655,0.5076022074947473,RNG-39614bd6254d,safe_range,selection,70301,PAL,10,3,1000000.0,,True,bars,,,,,
11.639395742199476,96.3928934415958,True,1.4372647427854455,0,0,2,0.11374999999999887,0.05,0.40066415149733814,1.462583891092435,1.7696813144524342,-2.04699631927667,-55.59049137434302,127.5343869280708,0.11374999999999887,0.05,610,0,2,12,0.019672131147540985,25.691885835284154,0.49853593545486247,RNG-67899a3c7663,safe_range,selection,70301,PAL,10,3,1000000.0,,True,bars,,,,,
11.796190467041953,94.7533216446433,True,1.2509410288582183,0,0,2,0.1,0.09124999999999998,0.36499354362131653,2.3584062071071226,1.8430391411264626,-4.514598303842349,-56.64104604906626,130.03522336712166,0.1,0.09124999999999998,610,0,2,14,0.022950819672131147,24.16766234206356,0.5088038208624213,RNG-724ad17ee144,safe_range,selection,70301,PAL,10,3,1000000.0,,True,bars,,,,,
11.665614202375039,96.00657105138897,True,1.4203262233375158,0,0,2,0.1,0.05,0.39272064905823495,1.5568181028800285,1.9217718124651526,-2.6295682922526735,-54.280395510557085,125.78259480268432,0.1,0.05,610,0,2,10,0.01639344262295082,25.27369143656855,0.49913188538278974,RNG-80151adb4f37,safe_range,selection,70301,PAL,10,3,1000000.0,,True,bars,,,,,
11.680088159268255,95.67214148291096,True,1.4203262233375158,0,0,2,0.125,0.06624999999999999,0.3930740033774143,1.753394850513624,2.0667544677864162,-2.854805907388973,-53.03794548550009,124.35223286416033,0.125,0.06624999999999999,610,0,2,10,0.01639344262295082,24.952548648105747,0.49922909326030906,RNG-e7258e31bde8,safe_range,selection,70301,PAL,10,3,1000000.0,,True,bars,,,,,
11.688813098084276,95.07982098834542,True,1.4140526976160603,0,0,2,0.125,0.06624999999999999,0.3975694598555529,1.688507322342209,2.2163523709554624,-3.7687904838753625,-53.341699479057425,122.47059223500102,0.125,0.06624999999999999,610,0,2,11,0.018032786885245903,24.246506375340235,0.4990809956447726,RNG-9e03617b1053,safe_range,selection,70301,PAL,10,3,1000000.0,,True,bars,,,,,
11.810646491668187,94.71613519712258,True,1.2553324968632371,0,0,2,0.1,0.08249999999999998,0.38111543580631324,1.9717020070613667,1.961107966917468,-4.896318007617984,-57.829105705829136,128.12154625263614,0.1,0.08249999999999998,610,0,2,15,0.02459016393442623,23.900585057976024,0.5100541832395877,RNG-894eb4d231a5,safe_range,selection,70301,PAL,10,3,1000000.0,,True,bars,,,,,
10.581051054704592,100.3189857462752,True,2.792346298619824,1,0,2,0.8,0.8237499999999996,1.6249036854114496,-0.2026795502890683,-1.5803471719279236,-2.8455665813342623,-70.88675360757107,131.88105624918424,0.7900000000000006,0.8237499999999998,610,1,2,185,0.30327868852459017,22.41525410401817,0.48478082456202465,RNG-b4deae417e10,safe_range,selection,70301,PAL,10,3,1000000.0,,False,bars,,,,,
10.787314010713821,92.2207664627738,True,2.047051442910916,1,0,0,0.95,1.5699999999999996,1.9987629589758904,4.503886576685744,2.680399831318612,-6.367015233239585,-61.87038387290562,123.33811769312598,0.95,1.5699999999999996,610,1,2,280,0.45901639344262296,21.74047342397955,0.476753025475428,RNG-c73334f8bd3d,safe_range,selection,70301,PAL,10,3,1000000.0,,False,bars,,,,,
11.114461738232208,97.61234241455568,True,1.6675031367628608,3,0,2,0.95,0.9537499999999999,1.8634686594656062,4.13724076027262,-1.216917970407706,-2.2240997382011436,-58.294765358531485,127.62669731445794,0.9424999999999983,0.9537499999999998,610,1,2,241,0.3950819672131147,24.67683530853303,0.4882776474252846,RNG-ccbd72c8c1cf,safe_range,selection,70301,PAL,10,3,1000000.0,,False,bars,,,,,
10.289645123046874,95.46428123519468,True,2.4573400250941027,1,0,1,0.875,1.5699999999999996,1.8580415360679357,3.384169334232399,1.9346581895115058,-3.0320070880410115,-57.017215873171985,134.42248020244602,0.875,1.5699999999999996,610,1,2,239,0.3918032786885246,24.831301514814864,0.47717466151771404,RNG-a64092aa7f14,safe_range,selection,70301,PAL,10,3,1000000.0,,False,bars,,,,,
9.373109629751339,96.30981027641968,True,14.877666248431618,10,2,0,1.5912499999999965,2.025,2.3814392969378835,3.253868291515981,1.8584279118206435,-1.4169773964329362,-74.00143496414678,139.8849442881223,1.426249999999999,1.63125,610,1,2,385,0.6311475409836066,24.692513208666725,0.4162606846301569,RNG-8bfa6546d372,safe_range,selection,70301,PAL,10,3,1000000.0,,False,bars,,,,,
10.976219106408129,96.10343149074576,True,1.4924717691342535,13,2,0,1.625,2.025,2.4038172811047898,2.4223984411380814,2.0793693603371617,-2.4256869000823844,-76.42845986418271,130.61938030140215,1.4049999999999983,1.63125,610,1,2,389,0.6377049180327868,25.87118568461343,0.48770822595779134,RNG-6cf1316b2595,safe_range,selection,70301,PAL,10,3,1000000.0,,False,bars,,,,,
12.364513577864367,95.40909033158496,True,0.7145545796737767,33,0,0,2.025,1.0399999999999996,2.5967586197583765,3.0404629216644685,1.4380004037341116,-3.278394192810661,-68.00414456598804,131.11138101144303,1.6349999999999967,1.0399999999999996,610,1,2,396,0.6491803278688525,24.910365014745068,0.5575514046750646,OVP56,safe_range,selection,70301,PAL,12,3,1000000.0,,False,bars,,,,,
12.505672903019216,96.35210830947008,True,0.6580928481806776,5,0,0,1.175,0.5474999999999999,2.2096784198177493,2.081641047513072,1.2388280043574054,-2.575768043923014,-68.78292351831159,130.87553750981635,1.075,0.5475,610,1,2,297,0.48688524590163934,26.413825098146088,0.5645402058869923,VLP56,safe_range,selection,70301,PAL,12,3,1000000.0,,False,bars,,,,,
13.179514991245565,95.79431071372963,True,1.3444165621079047,0,0,2,0.1,0.06624999999999999,0.08233279130814261,1.351980495177521,2.2121164179437254,-2.161344497394026,-52.58276991955592,114.35060569512407,0.1,0.06624999999999999,610,0,2,1,0.001639344262295082,24.557461973101983,0.5631948020067056,RANGE32,safe_range,selection,70301,PAL,12,3,1000000.0,,True,bars,,,,,
-6.67694754709629,-82.67403872620648,False,601.9429109159348,610,8,62,2.025,2.025,1000000.0,83.77296644314971,23.280503379311092,-156.32286518342138,-69.85586838095458,82.12897728444395,1000000.0,1000000.0,610,610,2,1415,2.319672131147541,-6.721857506085894,-0.348501976120511,PLL96-rejected-board,safe_range,selection,70301,PAL,12,3,1000000.0,,False,bars,,,,,
9.335793834322413,96.02375269450228,True,5.966122961104141,553,7,0,2.025,2.025,3.620867275192699,15.600095485267016,-1.2960777507118213,-1.9690116022326978,-54.996416872196086,125.57893382502587,1.9099999999999997,1.9,610,47,2,66,0.10819672131147541,12.752764845026762,0.34947276261632537,PLL96-IQ-corrected,safe_range,selection,70301,PAL,12,3,1000000.0,,False,bars,,,,,
16.866314838865733,96.09889717168568,True,0.0006273525721455459,0,0,2,0.05,0.025,0.38479156589032437,1.9632729057716085,1.844109775843264,-1.2889209625819866,-58.542820751417985,123.978354073502,0.05,0.025,610,0,2,8,0.013114754098360656,27.714465083067324,0.7786031041011844,floating-PLL-IQ40,safe_range,selection,70301,PAL,12,3,1000000.0,,True,bars,,,,,
4.2844692577291275,44.51801425054338,True,89.12860727728985,610,8,0,2.025,2.025,1000000.0,49.16291637422307,27.206393219854156,-25.641271000520714,-7.472557557489829,91.18327284077287,1000000.0,1000000.0,610,610,2,0,0.0,4.524995307944909,0.4404202177367683,HC50,safe_range,selection,70301,PAL,12,3,1000000.0,,False,bars,,,,,
11.55930060032029,99.08119626415737,True,3.9447929736511917,7,0,0,1.075,1.4549999999999994,1.9516807720067582,2.5171540187738852,-2.092312817558302,-4.43290946103703,-61.017923991347274,112.44354054227307,0.975,1.4549999999999994,610,1,2,272,0.4459016393442623,17.659548410812967,0.4396548529323442,PLL96-board-fixed,safe_range,selection,70301,PAL,12,3,1000000.0,,False,bars,,,,,
12.840785203528496,97.46451150460233,True,0.8462986198243413,0,0,2,0.075,0.06624999999999999,0.04893329350365407,2.2820979668463743,0.5169837773845919,-1.9143962676901012,-50.542724834353265,122.35492358572364,0.075,0.06624999999999999,610,0,2,0,0.0,27.345672223227666,0.5673721137374269,RNG-58c0e88fcba8,safe_range,selection,70301,PAL,12,3,1000000.0,,True,bars,,,,,
12.872905240724899,96.67643140804424,True,0.8350062735257215,0,0,2,0.075,0.06624999999999999,0.047628170476628845,1.9535296349139157,0.7390272808925242,-3.176164536165402,-51.12105441491248,120.67515474958165,0.075,0.06624999999999999,610,0,2,0,0.0,26.467148003943475,0.567287354546734,RNG-39614bd6254d,safe_range,selection,70301,PAL,12,3,1000000.0,,True,bars,,,,,
12.709018563208573,96.5230348488737,True,0.9090338770388959,0,0,2,0.1,0.05,0.15480024145361776,1.4014932153656654,1.729457412561704,-1.8380372813002768,-54.19086028494877,123.60590723169278,0.1,0.05,610,0,2,1,0.001639344262295082,26.167778873335653,0.5533506750316317,RNG-67899a3c7663,safe_range,selection,70301,PAL,12,3,1000000.0,,True,bars,,,,,
12.946304973168452,95.23852748995411,True,0.8155583437892095,0,0,2,0.075,0.06624999999999999,0.04147634127121029,2.204167518668022,1.6374398049974517,-4.162391238207897,-51.55692354624601,121.37694419044368,0.075,0.06624999999999999,610,0,2,0,0.0,24.948195255133427,0.5688340301090107,RNG-724ad17ee144,safe_range,selection,70301,PAL,12,3,1000000.0,,True,bars,,,,,
12.74018336082533,96.25766248633944,True,0.8971141781681304,0,0,2,0.1,0.05,0.1545684102351543,1.4457181985313254,1.829603216852275,-2.2882300665535547,-53.22275167497594,122.23428113490573,0.1,0.05,610,0,2,1,0.001639344262295082,25.855468942430647,0.5546658430138998,RNG-80151adb4f37,safe_range,selection,70301,PAL,12,3,1000000.0,,True,bars,,,,,
12.748338687165067,95.97365497463895,True,0.9015056461731493,0,0,2,0.1,0.05,0.15462474405931878,1.6172797227901976,1.961417948574362,-2.45985298388391,-51.976938935164846,122.23427875720697,0.1,0.05,610,0,2,1,0.001639344262295082,25.556554023022674,0.554743192139306,RNG-e7258e31bde8,safe_range,selection,70301,PAL,12,3,1000000.0,,True,bars,,,,,
12.751840992637444,95.39923140241073,True,0.8895859473023839,0,0,2,0.1,0.05,0.1544689474868814,1.5591951502417443,2.1094049886053674,-3.396401444348521,-51.97650807680423,120.05356787224076,0.1,0.05,610,0,2,1,0.001639344262295082,24.83616630724906,0.5548034679969418,RNG-9e03617b1053,safe_range,selection,70301,PAL,12,3,1000000.0,,True,bars,,,,,
12.995395274899407,95.29507157683135,True,0.7967377666248432,0,0,2,0.075,0.06624999999999999,0.03997950294510557,1.8147734918572056,1.7677545295622503,-4.363427490889605,-52.89554084506776,120.51269628489928,0.075,0.06624999999999999,610,0,2,0,0.0,24.831918365312728,0.5717203559688996,RNG-894eb4d231a5,safe_range,selection,70301,PAL,12,3,1000000.0,,True,bars,,,,,
11.7662561800405,99.8379785466007,True,1.2547051442910915,0,0,2,0.36374999999999885,0.3974999999999999,0.8700445155372186,-0.3265746721594798,-0.0028700435765832088,-2.7627907790882276,-71.13314291326674,132.23776619786088,0.36374999999999885,0.3974999999999999,610,0,2,65,0.10655737704918032,23.372503487247243,0.5419673376974888,RNG-b4deae417e10,safe_range,selection,70301,PAL,12,3,1000000.0,,False,bars,,,,,
11.847686212562785,92.61019269496167,True,0.9636135508155583,0,0,2,0.75,0.6512499999999994,1.3989768656027888,4.30874311737819,2.570461621611476,-5.937969679737405,-61.02306259911381,119.29308760844825,0.75,0.6512499999999994,610,0,2,155,0.2540983606557377,22.28276218994712,0.5341558560850851,RNG-c73334f8bd3d,safe_range,selection,70301,PAL,12,3,1000000.0,,False,bars,,,,,
12.180535604284204,98.33218661990982,True,1.0558343789209534,0,0,2,0.475,0.59625,1.1446633122279475,3.6163705736663863,-1.6194330946090052,-1.8336181817720998,-53.42051720408465,127.23759550825798,0.475,0.5962499999999998,610,0,2,100,0.16393442622950818,25.093591976396258,0.5427358621068538,RNG-ccbd72c8c1cf,safe_range,selection,70301,PAL,12,3,1000000.0,,False,bars,,,,,
11.47849376304453,95.89852893521571,True,0.828732747804266,0,0,2,0.7,0.6424999999999994,1.301920869645952,2.955856665573936,1.9895554133560815,-2.5887935782120812,-55.745677701619,133.8684087811178,0.7,0.6424999999999995,610,0,2,131,0.21475409836065573,25.83960603101689,0.5376896568124757,RNG-a64092aa7f14,safe_range,selection,70301,PAL,12,3,1000000.0,,False,bars,,,,,
10.841171544163844,96.67826496945594,True,7.451066499372647,2,0,1,0.85,0.8699999999999999,1.5944074366400698,2.916368585644508,1.7677177634143013,-1.157977290208188,-74.32524227662361,136.6015023733272,0.825,0.8699999999999999,610,1,2,200,0.32786885245901637,25.576249289188425,0.48541503056025836,RNG-8bfa6546d372,safe_range,selection,70301,PAL,12,3,1000000.0,,False,bars,,,,,
12.16522158122517,96.56823869475737,True,0.7760351317440402,2,0,1,0.85,0.8699999999999999,1.6181183359115483,2.104160891598379,2.0631172266082376,-1.8784045066997217,-66.61871430718487,129.8278378201048,0.8412499999999994,0.8699999999999999,610,1,2,200,0.32786885245901637,26.737616067168098,0.5455693087347763,RNG-6cf1316b2595,safe_range,selection,70301,PAL,12,3,1000000.0,,False,bars,,,,,
13.413815347839257,96.38294670820486,True,0.5464240903387704,3,0,1,0.95,0.75625,1.9337418379611546,1.7894521763924236,1.2860979644575532,-2.4411830444878837,-64.53885585290288,129.17521686933236,0.9,0.7562499999999999,610,1,2,221,0.3622950819672131,26.4382350533618,0.607519189187513,OVP56,safe_range,selection,70301,PAL,14,3,1000000.0,,False,bars,,,,,
13.56571347495075,96.86209118919284,True,0.5069008782936011,0,0,2,0.7,0.1962499999999999,1.487282495463278,1.398776298451973,1.2494621128468866,-1.977702160242807,-68.05337227425447,125.99500752486716,0.7,0.19624999999999987,610,0,2,132,0.21639344262295082,27.32546013225892,0.6148298760271634,VLP56,safe_range,selection,70301,PAL,14,3,1000000.0,,False,bars,,,,,
14.045078189116627,95.84890380554496,True,1.1856963613550815,0,0,2,0.075,0.06624999999999999,0.042669622933786,1.2961487826195408,2.138692208553119,-2.231099845104321,-50.954224346070724,110.21000000299316,0.075,0.06624999999999999,610,0,2,0,0.0,24.80562729964086,0.6105635229523783,RANGE32,safe_range,selection,70301,PAL,14,3,1000000.0,,True,bars,,,,,
-6.678183796622497,-82.57033002537648,False,602.370765370138,610,8,61,2.025,2.025,1000000.0,83.47167306690672,23.207600086751494,-156.2971439227504,-70.05364287028851,82.15668191576631,1000000.0,1000000.0,610,610,2,1415,2.319672131147541,-6.723879683965216,-0.3533197010420515,PLL96-rejected-board,safe_range,selection,70301,PAL,14,3,1000000.0,,False,bars,,,,,
9.235182543974808,96.66795555558514,True,6.110414052697616,551,7,0,2.025,2.025,3.6449102544111924,15.791477682480583,-1.2847996724253556,-1.8040294304402325,-55.0184286438294,123.24135294517373,1.9549999999999996,1.9,610,35,2,58,0.09508196721311475,12.3946166474045,0.3549666204679466,PLL96-IQ-corrected,safe_range,selection,70301,PAL,14,3,1000000.0,,False,bars,,,,,
18.15738035500458,96.26189533466902,True,0.0,0,0,2,0.025,0.025,0.08284144444680323,1.789008768013346,1.8027225647566776,-1.1772991724318493,-56.03111836688053,120.79214302074232,0.025,0.025,610,0,2,1,0.001639344262295082,28.228685392767847,0.8269523902991004,floating-PLL-IQ40,safe_range,selection,70301,PAL,14,3,1000000.0,,True,bars,,,,,
4.320810010581668,44.53708340396375,True,89.05708908406525,610,8,0,2.025,2.025,1000000.0,49.08490268377628,27.179602131387202,-25.62071970399493,-4.434399945235306,90.33983478985945,1000000.0,1000000.0,610,610,2,0,0.0,4.53048834490095,0.48061366713257464,HC50,safe_range,selection,70301,PAL,14,3,1000000.0,,False,bars,,,,,
11.776248567128727,98.9177874013815,True,3.888958594730238,6,0,1,1.1524999999999979,1.244999999999999,2.0942936306206628,3.604834172582347,-1.7672326141774966,-3.653799399903424,-61.08617075010878,112.13560970331807,1.025,1.244999999999999,610,1,2,309,0.5065573770491804,17.671277893963833,0.4546712949026406,PLL96-board-fixed,safe_range,selection,70301,PAL,14,3,1000000.0,,False,bars,,,,,
13.754030653644822,97.66750163480187,True,0.6806775407779172,0,0,2,0.075,0.06624999999999999,0.04769266362800914,2.3437384045855003,0.3744679986513895,-1.8668614660818998,-50.25979264258771,118.14803888567562,0.075,0.06624999999999999,610,0,2,0,0.0,27.71950247388765,0.6140768275383026,RNG-58c0e88fcba8,safe_range,selection,70301,PAL,14,3,1000000.0,,True,bars,,,,,
13.78726924387438,97.00962059636345,True,0.6631116687578419,0,0,2,0.075,0.06624999999999999,0.04713079116044877,1.9391732126268817,0.5507537144708723,-2.9753557905797092,-51.34729441428788,117.35795560352983,0.075,0.06624999999999999,610,0,2,0,0.0,27.040904655606646,0.6144056714348693,RNG-39614bd6254d,safe_range,selection,70301,PAL,14,3,1000000.0,,True,bars,,,,,
13.548589825111195,96.55761512624207,True,0.7277289836888332,0,0,2,0.075,0.06624999999999999,0.03279969012248664,1.4107411519840005,1.7049974844944076,-1.7264244970275997,-50.61454157239203,119.85719259610923,0.075,0.06624999999999999,610,0,2,0,0.0,26.412935560491864,0.5964719676122867,RNG-67899a3c7663,safe_range,selection,70301,PAL,14,3,1000000.0,,True,bars,,,,,
13.855218452600244,95.57670803803568,True,0.6562107904642409,0,0,2,0.075,0.075,0.040715929134012174,2.180953640846824,1.4535330095761947,-3.981705227888307,-49.82476481237392,115.24038060189568,0.075,0.075,610,0,2,0,0.0,25.519847941888113,0.6162304209197632,RNG-724ad17ee144,safe_range,selection,70301,PAL,14,3,1000000.0,,True,bars,,,,,
13.590196720180698,96.38865512174797,True,0.7107904642409034,0,0,2,0.075,0.06624999999999999,0.03168751111488148,1.3828615463900638,1.7450565785949221,-2.1027341949517053,-50.258549551453775,118.61090151620704,0.075,0.06624999999999999,610,0,2,0,0.0,26.19323868145012,0.5985072819156683,RNG-80151adb4f37,safe_range,selection,70301,PAL,14,3,1000000.0,,True,bars,,,,,
13.592303420855936,96.14345486110604,True,0.7095357590966123,0,0,2,0.075,0.06624999999999999,0.032121056879903055,1.5486547794803835,1.865496373753574,-2.229681627789986,-49.785221409825084,118.61090151620704,0.075,0.06624999999999999,610,0,2,0,0.0,25.92292703705267,0.5984344879814306,RNG-e7258e31bde8,safe_range,selection,70301,PAL,14,3,1000000.0,,True,bars,,,,,
13.590630168917976,95.58532150540219,True,0.7145545796737767,0,0,2,0.075,0.06624999999999999,0.03178436567936104,1.4968094920313666,2.001577776355377,-3.202184270425149,-50.014747730032084,117.36203349046747,0.075,0.06624999999999999,610,0,2,0,0.0,25.20677008013194,0.5986848879687431,RNG-9e03617b1053,safe_range,selection,70301,PAL,14,3,1000000.0,,True,bars,,,,,
13.956834725274971,95.70850015108502,True,0.6323713927227103,0,0,2,0.075,0.06624999999999999,0.039085341682352344,1.7797470524163077,1.563903967652735,-4.058173600558993,-52.32481216862392,116.07848988924991,0.075,0.06624999999999999,610,0,2,0,0.0,25.53257622675082,0.6216692228474917,RNG-894eb4d231a5,safe_range,selection,70301,PAL,14,3,1000000.0,,True,bars,,,,,
12.824390055695742,99.0636360929004,True,0.698870765370138,0,0,2,0.10249999999999773,0.04124999999999999,0.40608335169591747,-0.21191263304171798,1.591176926782813,-2.8557257921938852,-69.53233914493049,131.35328555740747,0.10249999999999773,0.04124999999999999,610,0,2,13,0.021311475409836064,24.293229335724433,0.5897692928953042,RNG-b4deae417e10,safe_range,selection,70301,PAL,14,3,1000000.0,,True,bars,,,,,
12.74563797189796,92.80035752542312,True,0.6198243412797992,0,0,2,0.125,0.4562499999999997,0.9580065967122889,4.245924780254881,2.4985107778341336,-5.692787020040128,-59.839303648451036,116.01891130927044,0.125,0.45624999999999966,610,0,2,57,0.09344262295081968,22.579745347748812,0.5836015432625103,RNG-c73334f8bd3d,safe_range,selection,70301,PAL,14,3,1000000.0,,False,bars,,,,,
13.047244746142276,98.7537136170104,True,0.8575909661229612,0,0,2,0.075,0.5874999999999999,0.7137611071169309,3.3289688864124565,-1.9115813167133178,-1.6763335924081821,-53.00254594270486,123.60675497348421,0.075,0.5874999999999998,610,0,2,37,0.060655737704918035,25.234994967032062,0.5872256316720804,RNG-ccbd72c8c1cf,safe_range,selection,70301,PAL,14,3,1000000.0,,False,bars,,,,,
12.498057231749515,96.05648823311921,True,0.3820577164366374,0,0,2,0.125,0.4562499999999997,0.8984332902609855,2.7916161528290653,2.0550551680833857,-2.414242028476562,-55.91960001601544,132.94505687261105,0.125,0.45624999999999966,610,0,2,55,0.09016393442622951,26.388601786126216,0.5891379320119412,RNG-a64092aa7f14,safe_range,selection,70301,PAL,14,3,1000000.0,,False,bars,,,,,
12.159016195740149,96.87285141792387,True,3.7220828105395234,0,0,2,0.16374999999999884,0.4562499999999997,1.0201795888188623,2.7184200244046273,1.7515248946045878,-1.027954687990857,-72.42771832953471,137.7672418414208,0.16374999999999887,0.45624999999999966,610,0,2,68,0.11147540983606558,26.260925085393204,0.5500975851622713,RNG-8bfa6546d372,safe_range,selection,70301,PAL,14,3,1000000.0,,False,bars,,,,,
13.136262590447052,96.79329287928209,True,0.5784190715181932,0,0,2,0.16374999999999884,0.4562499999999997,1.0199179290350833,2.0131822653936213,2.0640535436390017,-1.5322811456627494,-61.49212723835948,128.26046437947997,0.16374999999999887,0.45624999999999966,610,0,2,68,0.11147540983606558,27.238243804512972,0.5927232731880676,RNG-6cf1316b2595,safe_range,selection,70301,PAL,14,3,1000000.0,,False,bars,,,,,
14.82654818271103,97.26588086894633,True,0.4121706398996236,0,0,2,0.05,0.04124999999999999,0.619649226526126,0.6464160486141605,1.167441942650793,-1.5731089184080493,-62.55731503713919,124.76647554255486,0.05,0.04124999999999999,610,0,2,27,0.04426229508196721,27.808846517953757,0.6747151715095023,OVP56,safe_range,selection,70301,PAL,18,3,1000000.0,,False,bars,,,,,
15.006341511219778,97.36649847188116,True,0.4102885821831869,0,0,2,0.05,0.04124999999999999,0.3341462083049726,0.6967788228764512,1.271678422792694,-1.3431498091260032,-61.0975225538381,126.39027591009663,0.05,0.04124999999999999,610,0,2,7,0.011475409836065573,28.170742495606497,0.6826837793814907,VLP56,safe_range,selection,70301,PAL,18,3,1000000.0,,True,bars,,,,,
15.181683209669742,95.72959388327048,True,1.055207026348808,0,0,2,0.075,0.075,0.03922925472437003,1.3589816391764802,2.0462679119483043,-2.6533729491657834,-51.022003115219405,108.0549525517334,0.075,0.075,610,0,2,0,0.0,25.059566172616723,0.6729632696859678,RANGE32,safe_range,selection,70301,PAL,18,3,1000000.0,,True,bars,,,,,
-6.682748676802736,-82.59221123488497,False,603.3757841907151,610,8,61,2.025,2.025,1000000.0,83.66397264332937,22.960147269149175,-156.22575856441009,-68.02879756660566,78.24261417677677,1000000.0,1000000.0,610,610,2,1446,2.3704918032786884,-6.72857240050557,-0.35977584762842063,PLL96-rejected-board,safe_range,selection,70301,PAL,18,3,1000000.0,,False,bars,,,,,
9.073188037679321,97.75879230353544,True,6.2214554579673775,583,7,0,2.025,2.025,3.6667803012694633,15.486458153030124,-1.1164292849751654,-1.6013128079069427,-53.467258343748824,118.17687596475788,1.935,1.15,610,51,2,32,0.05245901639344262,11.933988086357006,0.3641609618397589,PLL96-IQ-corrected,safe_range,selection,70301,PAL,18,3,1000000.0,,False,bars,,,,,
20.01829929081171,96.40601976174325,True,0.0,0,0,2,0.025,0.025,0.020670125746125874,1.6432935398285984,1.7618575995428183,-1.0726836830304836,-52.49486754065684,120.65315923642852,0.025,0.025,610,0,2,0,0.0,28.741605561947328,0.8856322301005995,floating-PLL-IQ40,safe_range,selection,70301,PAL,18,3,1000000.0,,True,bars,,,,,
4.352990585424844,44.52577923860838,True,88.94102885821832,610,8,0,2.025,2.025,1000000.0,49.005669349509404,27.170155972403766,-25.607868768387917,0.012901148484800729,86.08206898593174,1000000.0,1000000.0,610,610,2,0,0.0,4.531868414148774,0.5323148688664303,HC50,safe_range,selection,70301,PAL,18,3,1000000.0,,False,bars,,,,,
11.960515735619929,98.22909242452849,True,3.776662484316186,17,1,0,1.775,1.9549999999999998,2.4876747186684582,5.0326680434295525,-1.2122946940866852,-2.8686809218547356,-61.087983233092274,111.80887791703073,1.5149999999999977,1.795,610,1,2,374,0.6131147540983607,17.511651102804965,0.4713861388352718,PLL96-board-fixed,safe_range,selection,70301,PAL,18,3,1000000.0,,False,bars,,,,,
14.945222177840687,97.83960769079177,True,0.5558343789209536,0,0,2,0.075,0.05,0.045063707181256546,2.5653842931443194,0.3096078575534548,-1.9476637606068479,-46.47582491443305,114.23879662242747,0.075,0.05,610,0,2,0,0.0,27.932279443148737,0.674635143082158,RNG-58c0e88fcba8,safe_range,selection,70301,PAL,18,3,1000000.0,,True,bars,,,,,
14.994569598864922,97.35185829376783,True,0.5338770388958595,0,0,2,0.05,0.05,0.04477859925030787,2.0291929947125973,0.41189157362395906,-2.8406715729768957,-48.21533064852366,113.5717576867814,0.05,0.05,610,0,2,0,0.0,27.590059401453907,0.675947905549439,RNG-39614bd6254d,safe_range,selection,70301,PAL,18,3,1000000.0,,True,bars,,,,,
14.613990700528039,96.52585429240001,True,0.5934755332496864,0,0,2,0.075,0.05,0.0286120174224679,1.4914876145055178,1.6867302669973077,-1.6581119099449182,-48.42973742865859,119.60733687491829,0.075,0.05,610,0,2,0,0.0,26.644793372410437,0.6509418396312137,RNG-67899a3c7663,safe_range,selection,70301,PAL,18,3,1000000.0,,True,bars,,,,,
15.056655332695845,95.9689491291292,True,0.5238393977415307,0,0,2,0.075,0.05,0.03849100384569335,2.290554736421542,1.2750414032385111,-3.861995328019687,-47.108133885460695,112.90957593207791,0.075,0.05,610,0,2,0,0.0,26.178242036060336,0.6784090904918573,RNG-724ad17ee144,safe_range,selection,70301,PAL,18,3,1000000.0,,True,bars,,,,,
14.680382511481122,96.48291613932226,True,0.5664993726474278,0,0,2,0.075,0.05,0.027179578881887063,1.3343309674011616,1.6516951115012726,-1.937433429760967,-48.458225872624084,117.12565175642429,0.075,0.05,610,0,2,0,0.0,26.51018947104025,0.6546128228684635,RNG-80151adb4f37,safe_range,selection,70301,PAL,18,3,1000000.0,,True,bars,,,,,
14.674631875872029,96.28959108529858,True,0.5677540777917189,0,0,2,0.075,0.05,0.027404827862329922,1.4969529598902365,1.752864779651105,-2.014219976068986,-47.31973988074687,117.09694937762329,0.075,0.05,610,0,2,0,0.0,26.2875532602127,0.6543844999597563,RNG-e7258e31bde8,safe_range,selection,70301,PAL,18,3,1000000.0,,True,bars,,,,,
14.665222620959318,95.76109176216721,True,0.5664993726474278,0,0,2,0.075,0.05,0.027404827862329922,1.4631868764322078,1.8676523317572786,-3.022643624544904,-47.95690163020055,116.07706387808749,0.075,0.05,610,0,2,0,0.0,25.598267487870462,0.6548902710841571,RNG-9e03617b1053,safe_range,selection,70301,PAL,18,3,1000000.0,,True,bars,,,,,
15.252000838254576,96.21661392772414,True,0.4981179422835633,0,0,2,0.05,0.05,0.03565832852844652,1.8498076290533216,1.2811370207051411,-3.7748496242118446,-49.34594462768303,112.67573952701376,0.05,0.05,610,0,2,0,0.0,26.421789971261546,0.6873224385156274,RNG-894eb4d231a5,safe_range,selection,70301,PAL,18,3,1000000.0,,True,bars,,,,,
14.32821525176259,98.07515295842038,True,0.36511919698870765,0,0,2,0.05,0.05,0.15884444396027575,0.12118951629407554,2.5438243765673443,-3.156597243175926,-68.1802076720067,130.32682195813715,0.05,0.05,610,0,2,0,0.0,25.27118421835745,0.6607687175837101,RNG-b4deae417e10,safe_range,selection,70301,PAL,18,3,1000000.0,,True,bars,,,,,
14.081770258475219,92.98573866572856,True,0.38456712672521953,0,0,2,0.075,0.04124999999999999,0.2886851907255762,4.158324815243627,2.4145994198188774,-5.427752498998921,-52.52975529322687,115.39097857195198,0.075,0.04124999999999999,610,0,2,7,0.011475409836065573,22.883708414116704,0.6571530187222479,RNG-c73334f8bd3d,safe_range,selection,70301,PAL,18,3,1000000.0,,True,bars,,,,,
14.247691501197185,99.15643990225684,True,0.71831869510665,0,0,2,0.05,0.05,0.15708017165724275,3.166185756508178,-2.2388221702593616,-1.575642310029003,-50.43044815969867,120.39202875550801,0.05,0.05,610,0,2,1,0.001639344262295082,25.24586620344136,0.6494805766715639,RNG-ccbd72c8c1cf,safe_range,selection,70301,PAL,18,3,1000000.0,,True,bars,,,,,
13.987596482289055,96.18143496613624,True,0.14052697616060225,0,0,2,0.05,0.05,0.2880456333382714,2.5771336668310987,2.1341109445104625,-2.3178894828404806,-52.54969247121805,129.17096771210254,0.05,0.05,610,0,2,7,0.011475409836065573,26.975502648757427,0.662688536976675,RNG-a64092aa7f14,safe_range,selection,70301,PAL,18,3,1000000.0,,True,bars,,,,,
13.93234327290238,97.02068832100431,True,1.2722710163111668,0,0,2,0.05,0.05,0.28775736876522995,2.532101978417285,1.7814426064771953,-0.9229325553677841,-59.63777103048126,131.04186320929483,0.05,0.05,610,0,2,7,0.011475409836065573,27.325610887047937,0.637222979893466,RNG-8bfa6546d372,safe_range,selection,70301,PAL,18,3,1000000.0,,True,bars,,,,,
14.474374829272833,96.90676101877672,True,0.4360100376411543,0,0,2,0.05,0.05,0.2877733910391368,2.122455676148263,2.109280349461768,-1.1682321379967942,-56.72182710998495,127.24931224706758,0.05,0.05,610,0,2,7,0.011475409836065573,27.668805607235814,0.6576334191607124,RNG-6cf1316b2595,safe_range,selection,70301,PAL,18,3,1000000.0,,True,bars,,,,,
15.49216329949555,97.55616037029273,True,0.36511919698870765,0,0,2,0.05,0.04124999999999999,0.021686098894128043,0.27620435592859677,1.10724153704017,-1.292392204025673,-58.49799630151814,124.03278601838093,0.05,0.04124999999999999,610,0,2,0,0.0,28.161606812713963,0.7056313742811722,OVP56,safe_range,selection,70301,PAL,22,3,1000000.0,,True,bars,0.8304805958745718,-59.80624373846944,15.313467201158375,24.135297049160833,12.091304982950339
15.691469487028284,97.5520438887958,True,0.3569636135508155,0,0,2,0.05,0.04124999999999999,0.019071693899513,0.4204272915662226,1.2527657409043667,-1.1625214223507454,-58.5691585933896,124.14243445749347,0.05,0.04124999999999999,610,0,2,0,0.0,28.440663360812675,0.7140950653622189,VLP56,safe_range,selection,70301,PAL,22,3,1000000.0,,True,bars,0.8163380557111709,-59.83718808555209,15.244650443978626,24.032091864953422,11.8839902810969
15.716111218442876,95.70681712924514,True,0.9899623588456713,0,0,2,0.05,0.075,0.038183658851381544,1.3363206721232401,1.975586424564353,-2.8751482507756485,-49.21252609762145,106.48342445390938,0.05,0.075,610,0,2,0,0.0,25.189212687691448,0.7020873746024162,RANGE32,safe_range,selection,70301,PAL,22,3,1000000.0,,True,bars,0.7936602352991449,-60.95810661741769,15.652950444954012,22.474002702053106,11.972045266849033
-6.690711035111754,-82.81764018464082,False,604.3475533249685,610,8,60,2.025,2.025,1000000.0,84.31045490588586,22.797443827063418,-156.24099718648102,-68.01428663957829,70.16430585340913,1000000.0,1000000.0,610,610,2,1462,2.39672131147541,-6.736220723862612,-0.3613462878678077,PLL96-rejected-board,safe_range,selection,70301,PAL,22,3,1000000.0,contrast;waveform;detail_floor;sync;h_jitter_us;v_jitter_us;h_width_rmse_us;sync_error_ire;black_error_ire;white_error_ire;contrast;stress_waveform;reference_detail;burst_gain;burst_phase_jitter_deg;burst_amplitude_jitter_pct;burst_rmse_ire;h_missing;v_missing;vertical_trains;sync_error_ire;black_error_ire;white_error_ire,False,bars,0.32616865412663654,65.72699276441232,26.504225652480837,35.08843186184037,28.772057604577636
8.979266450213503,98.53602505350746,True,6.25909661229611,603,8,0,2.025,2.025,3.682160177318278,14.74569258477677,-1.0818678908082275,-1.5419349605007049,-51.850297787645204,110.93429162951188,1.8,1000000.0,610,181,2,7,0.011475409836065573,11.73914914051872,0.3666387401836968,PLL96-IQ-corrected,safe_range,selection,70301,PAL,22,3,1000000.0,waveform;detail_floor;sync;h_jitter_us;v_jitter_us;h_width_rmse_us;sync_error_ire;stress_waveform;reference_detail;burst_gain;burst_phase_jitter_deg;burst_amplitude_jitter_pct;burst_rmse_ire;h_missing;v_missing;vertical_trains;sync_error_ire,False,bars,0.3761531331741361,-111.28137567685543,25.07945237616288,36.86089102264154,16.84170991397633
20.99828846713699,96.46501510983764,True,0.0,0,0,2,0.025,0.025,0.01952300030690996,1.620601790870002,1.7449868720577124,-1.0063076443334025,-49.94676013444443,113.52910540984186,0.025,0.025,610,0,2,0,0.0,28.959888901982286,0.9111160010945177,floating-PLL-IQ40,safe_range,selection,70301,PAL,22,3,1000000.0,burst_gain,True,bars,0.48989376937663776,13.858057325763742,10.13050240901508,19.369678293850257,7.006720879823948
4.365838196244732,44.529525421408586,True,88.87076537013802,610,8,0,2.025,2.025,1000000.0,48.96943482685982,27.17880200805669,-25.56634927792973,1.1010320819134165,84.88409948298255,1000000.0,1000000.0,610,610,2,0,0.0,4.532773555134826,0.5573636386339605,HC50,safe_range,selection,70301,PAL,22,3,1000000.0,contrast;waveform;detail_floor;sync;h_jitter_us;v_jitter_us;h_width_rmse_us;sync_error_ire;black_error_ire;white_error_ire;contrast;stress_waveform;reference_detail;burst_gain;burst_rmse_ire;h_missing;v_missing;vertical_trains;sync_error_ire;black_error_ire;white_error_ire,False,bars,0.4156027836030033,99.24405074783272,14.228722609509438,21.220059089147544,30.76635836756604
11.940751112463069,97.56968459260848,True,3.723337515683814,0,0,2,0.2637499999999989,0.075,0.10353881825308757,5.643558566332151,-0.8169977062006906,-2.655555400380497,-58.227348788226216,111.53181240992998,0.2637499999999989,0.075,610,0,2,0,0.0,17.145948414688142,0.47763775738031206,PLL96-board-fixed,safe_range,selection,70301,PAL,22,3,1000000.0,waveform;detail_floor;sync_error_ire;stress_waveform;reference_detail;burst_gain;burst_phase_jitter_deg;burst_amplitude_jitter_pct;burst_rmse_ire,True,bars,0.43704532907677085,-98.97008255299983,26.059578922291543,34.28760080403464,15.439632896258605
15.489828701157816,97.90741742496445,True,0.501254705144291,0,0,2,0.05,0.05,0.045606118370092465,2.687988746183318,0.3475765460510753,-2.065589876400152,-45.46102127122965,111.52713566590396,0.05,0.05,610,0,2,0,0.0,27.885572461886177,0.7019865145231454,RNG-58c0e88fcba8,safe_range,selection,70301,PAL,22,3,1000000.0,,True,bars,0.9189637427345707,-60.96391368904095,15.958759913197317,23.243626322116615,12.737909659995786
15.559712655777089,97.5074782719817,True,0.4730238393977415,0,0,2,0.05,0.05,0.04438791372936896,2.0689789272091303,0.3936060893739877,-2.8589351353367385,-46.986637115054954,110.42922677036466,0.05,0.05,610,0,2,0,0.0,27.74839386961021,0.7041570363278693,RNG-39614bd6254d,safe_range,selection,70301,PAL,22,3,1000000.0,,True,bars,0.9205983135083271,-60.84701798458942,15.968139980083132,22.851021863122533,12.74253032286253
15.099572769000495,96.48883186871207,True,0.562107904642409,0,0,2,0.075,0.05,0.02781304682645344,1.5382185759129592,1.675807399506732,-1.6995703752055102,-46.694031397920334,114.85107267794032,0.075,0.05,610,0,2,0,0.0,26.71089744036644,0.67636934265836,RNG-67899a3c7663,safe_range,selection,70301,PAL,22,3,1000000.0,,True,bars,0.7204715848913849,-67.47900837751887,18.23272814316009,26.318098212100317,12.767909106247044
15.61311718157356,96.16706835076162,True,0.46612296110414053,0,0,2,0.05,0.05,0.03901975119867575,2.3563490341979763,1.2211124802358106,-3.8833386976433224,-46.92647135206953,109.7323317277399,0.05,0.05,610,0,2,0,0.0,26.43577084924737,0.7065649592361519,RNG-724ad17ee144,safe_range,selection,70301,PAL,22,3,1000000.0,,True,bars,0.8760302361433228,-60.896454468934216,16.18927215178538,23.314869741356944,12.44561421653094
15.181185239656838,96.4933114030029,True,0.5232120451693851,0,0,2,0.075,0.05,0.025826501828960725,1.3215638707851343,1.6119119644596973,-1.941245816864199,-46.69403411194822,114.85345221748614,0.075,0.05,610,0,2,0,0.0,26.593285719946667,0.6808573276197935,RNG-80151adb4f37,safe_range,selection,70301,PAL,22,3,1000000.0,,True,bars,0.7237532062037609,-67.21390503717741,17.835341220152085,25.68389814949697,12.703503533726286
15.171038855743465,96.32079852067051,True,0.5238393977415307,0,0,2,0.075,0.05,0.025547288201024965,1.4777506058477592,1.7062315363973422,-2.0082192779431294,-46.69403140496878,114.85345487182136,0.075,0.05,610,0,2,0,0.0,26.393151135954223,0.6805104861803509,RNG-e7258e31bde8,safe_range,selection,70301,PAL,22,3,1000000.0,,True,bars,0.7201278283972847,-67.24078449312942,17.90518288393858,25.467624075887493,12.70495646050226
15.155224698961376,95.81622854188137,True,0.5307402760351317,0,0,2,0.075,0.06624999999999999,0.0252447040380198,1.4495429335697663,1.8082855560832762,-3.020362847953945,-46.71825167679472,114.8543385272003,0.075,0.06624999999999999,610,0,2,0,0.0,25.722617736808616,0.6810135647806058,RNG-9e03617b1053,safe_range,selection,70301,PAL,22,3,1000000.0,,True,bars,0.7198795225303445,-67.01145857968027,17.623706013248672,24.960114098769534,12.683203753744808
15.851169062284944,96.48059603125756,True,0.4498117942283564,0,0,2,0.05,0.05,0.03549994227656355,1.8848838334502946,1.1300828544216555,-3.7360779749463657,-49.19648398995564,110.61830286104629,0.05,0.05,610,0,2,0,0.0,26.816142204837384,0.7167075146467474,RNG-894eb4d231a5,safe_range,selection,70301,PAL,22,3,1000000.0,,True,bars,0.8220544722086534,-60.800308712534644,15.343996313225858,23.474164547305147,12.056471178004271
15.107212451846188,97.60570489042331,True,0.2565872020075282,0,0,2,0.05,0.04124999999999999,0.2870800568071447,0.26748437450697526,2.6161072087780046,-3.2969071364386933,-67.73240433770803,129.93885942749085,0.05,0.04124999999999999,610,0,2,0,0.0,25.74038449266081,0.6973366903982651,RNG-b4deae417e10,safe_range,selection,70301,PAL,22,3,1000000.0,h_width_rmse_us,True,bars,0.7554329363681916,-62.908674889384095,16.042168966158037,26.889722872865374,12.39354541810875
14.807046638277194,93.07051336999588,True,0.31493099121706397,0,0,2,0.075,0.075,0.03131346015510336,4.102281787835579,2.380738108480129,-5.319595762185616,-51.25130817737875,114.71050636289391,0.075,0.075,610,0,2,0,0.0,23.010905909566894,0.6965838402805029,RNG-c73334f8bd3d,safe_range,selection,70301,PAL,22,3,1000000.0,white_error_ire,True,bars,0.9816920437901264,-39.61637941312812,17.98919567829284,29.678203402701744,10.769717576840277
14.879630916298938,99.28127589123932,True,0.6687578419071518,0,0,2,0.05,0.04124999999999999,0.028106209570012152,3.123252210951748,-2.3014762279608414,-1.576661934803675,-51.07326606444881,120.03856930418871,0.05,0.04124999999999999,610,0,2,0,0.0,25.271318882442838,0.6816500610441008,RNG-ccbd72c8c1cf,safe_range,selection,70301,PAL,22,3,1000000.0,,True,bars,0.7635070928186333,-66.74035123882373,17.631830594956064,27.80039799626419,13.051722851277583
14.804315672994639,96.27079057214493,True,0.07841907151819322,0,0,2,0.05,0.05,0.02360883413428812,2.4593266235685594,2.1346349201998307,-2.2754791430815042,-48.53650337186561,124.36146398970487,0.05,0.05,610,0,2,0,0.0,27.29690683190567,0.7012166497107296,RNG-a64092aa7f14,safe_range,selection,70301,PAL,22,3,1000000.0,,True,bars,0.8889392273421581,-55.110508587993124,17.043228154511308,30.36266413455611,12.158280357045694
14.738157928452527,97.07239009946416,True,0.829987452948557,0,0,2,0.05,0.05,0.023059971706009687,2.464675114255664,1.781046311516251,-0.8800207687992186,-48.53650048552275,128.41796315374154,0.05,0.05,610,0,2,0,0.0,27.823199080350236,0.6757474614726225,RNG-8bfa6546d372,safe_range,selection,70301,PAL,22,3,1000000.0,,True,bars,0.8249979592576963,-59.609523536353024,16.107328760111415,25.601980616898086,12.157899128443429
15.17454846237647,96.89910875019866,True,0.3877038895859473,0,0,2,0.05,0.05,0.023015497273665374,2.2398019343289577,2.1270633294340477,-1.0751714780513684,-50.74939867560196,124.62303079127113,0.05,0.05,610,0,2,0,0.0,27.791489639415076,0.6907724064970264,RNG-6cf1316b2595,safe_range,selection,70301,PAL,22,3,1000000.0,,True,bars,0.8249979056974867,-59.58791310125906,16.12206817109952,25.601981621848314,12.149831667304658
15.926968248904544,97.64059374525102,True,0.34065244667503136,0,0,2,0.05,0.04124999999999999,0.01962768202410423,0.12600473941997295,1.0956645216141354,-1.2018936830612061,-55.44372964143609,124.05622870642804,0.05,0.04124999999999999,610,0,2,0,0.0,28.2989720969262,0.7250600583951601,OVP56,safe_range,selection,70301,PAL,30,3,1000000.0,,True,bars,0.8104619836612246,-59.989946903376556,16.93960918828249,25.017729462655165,11.979180602955946
16.143148558279275,97.62135491889919,True,0.3506900878293601,0,0,2,0.05,0.04124999999999999,0.017706625600716088,0.2624849371929174,1.2594831861046323,-1.1074659051113558,-56.5013064097923,123.70020070972453,0.05,0.04124999999999999,610,0,2,0,0.0,28.583660425144238,0.7339532875473807,VLP56,safe_range,selection,70301,PAL,30,3,1000000.0,,True,bars,0.8090071862636146,-60.061968141341076,15.741861726695152,22.885162505360583,11.752270498699016
16.05488119922829,95.7497534576091,True,0.9429109159347554,0,0,2,0.05,0.05,0.0382908412625025,1.2351026487702526,1.895416469919735,-2.9713163619203877,-43.56855549754398,103.17222641115521,0.05,0.05,610,0,2,0,0.0,25.326087229169975,0.7195951250726149,RANGE32,safe_range,selection,70301,PAL,30,3,1000000.0,,True,bars,0.7888951879903212,-60.91658738568169,16.418425561071157,23.044610321977775,11.859743464543726
-6.697929206977867,-83.08947366652843,False,604.754705144291,610,8,60,2.025,2.025,1000000.0,85.04558417064308,22.73452245651109,-156.2739010115817,-67.75772474833944,67.8022694755706,1000000.0,1000000.0,610,610,2,1482,2.4295081967213115,-6.743335896273881,-0.3598544047214797,PLL96-rejected-board,safe_range,selection,70301,PAL,30,3,1000000.0,contrast;waveform;detail_floor;sync;h_jitter_us;v_jitter_us;h_width_rmse_us;sync_error_ire;black_error_ire;white_error_ire;contrast;stress_waveform;reference_detail;burst_gain;burst_phase_jitter_deg;burst_rmse_ire;h_missing;v_missing;vertical_trains;sync_error_ire;black_error_ire;white_error_ire,False,bars,0.32925130387734536,65.5994134292438,23.638237615762982,30.727321113896224,28.742479276743257
8.92030863460358,99.22171386179896,True,6.306775407779172,610,8,0,2.025,2.025,1000000.0,13.970416218274064,-1.1415727203117148,-1.523550428800329,-41.79921517112362,107.06017239817623,1000000.0,1000000.0,610,610,2,0,0.0,11.618749181615103,0.3675154817302173,PLL96-IQ-corrected,safe_range,selection,70301,PAL,30,3,1000000.0,waveform;detail_floor;sync;h_jitter_us;v_jitter_us;h_width_rmse_us;sync_error_ire;stress_waveform;reference_detail;burst_gain;burst_phase_jitter_deg;burst_rmse_ire;h_missing;v_missing;vertical_trains;sync_error_ire,False,bars,0.3757184875832833,-111.7717526944939,22.982937264405635,30.729342944909256,16.89715646274662
21.684522526864114,96.49004703457065,True,0.0,0,0,2,0.025,0.025,0.019232187841749255,1.6160478863196264,1.741803818154697,-0.9618646024484114,-48.14771056574003,111.75796257532858,0.025,0.025,610,0,2,0,0.0,29.08211965967134,0.9269178597085949,floating-PLL-IQ40,safe_range,selection,70301,PAL,30,3,1000000.0,burst_gain,True,bars,0.48628643548116,13.200961834116256,7.530351122130903,15.721004022176631,6.876055694757097
4.374188353116298,44.536252263726574,True,88.79360100376411,610,8,0,2.025,2.025,1000000.0,48.952047572142504,27.18208565095727,-25.524353326826887,1.6754310137972368,84.35372323965612,1000000.0,1000000.0,610,610,2,0,0.0,4.5339601324408125,0.5742319121915054,HC50,safe_range,selection,70301,PAL,30,3,1000000.0,contrast;waveform;detail_floor;sync;h_jitter_us;v_jitter_us;h_width_rmse_us;sync_error_ire;black_error_ire;white_error_ire;contrast;stress_waveform;reference_detail;burst_gain;burst_rmse_ire;h_missing;v_missing;vertical_trains;sync_error_ire;black_error_ire;white_error_ire,False,bars,0.4104870414119119,98.937163045125,15.602604966829576,22.743043538856313,30.74813022587753
11.844042742166994,97.0630190938722,True,3.6336260978670016,0,0,2,0.25,0.075,0.09331113123906898,5.732776554862122,-0.6422871235841112,-2.6008365915512073,-57.33120704902681,111.52344944747676,0.25,0.075,610,0,2,0,0.0,16.660011416949338,0.4815732366008962,PLL96-board-fixed,safe_range,selection,70301,PAL,30,3,1000000.0,waveform;detail_floor;sync_error_ire;stress_waveform;reference_detail;burst_gain;burst_phase_jitter_deg;burst_rmse_ire,True,bars,0.43693906713802527,-99.70684442160895,22.89796867339096,30.686986632533834,15.449263227600653
15.838549677821835,97.9780268248629,True,0.4604767879548306,0,0,2,0.05,0.04124999999999999,0.04448014845475875,2.660379590005108,0.3500206816069161,-2.15885917129523,-43.35610062160995,110.74352519286484,0.05,0.04124999999999999,610,0,2,0,0.0,27.86962637852865,0.7187681110467138,RNG-58c0e88fcba8,safe_range,selection,70301,PAL,30,3,1000000.0,,True,bars,0.9229939153727107,-60.880049215066265,17.106216102434633,24.953815473907454,12.742973889110909
15.928127343231015,97.62727460650103,True,0.42722710163111666,0,0,2,0.05,0.04124999999999999,0.043935496683802935,1.9752546860394937,0.3524585336596457,-2.9095783781547584,-45.51372557445826,109.67800680768934,0.05,0.04124999999999999,610,0,2,0,0.0,27.85190702153363,0.7217444489850628,RNG-39614bd6254d,safe_range,selection,70301,PAL,30,3,1000000.0,,True,bars,0.9279388462798805,-60.79549348136836,17.080746276475242,24.70030803299946,12.746525643792568
15.424723674194457,96.41299532483502,True,0.5401505646173149,0,0,2,0.075,0.05,0.027442189608189126,1.5602992845240309,1.6927778802954745,-1.8235962949892421,-46.20375952336074,112.21807394678075,0.075,0.05,610,0,2,0,0.0,26.74172426370475,0.692734828870982,RNG-67899a3c7663,safe_range,selection,70301,PAL,30,3,1000000.0,,True,bars,0.7265959371165913,-67.12621795028612,17.387554550505058,22.85701416811033,12.567719039801782
15.974787969976223,96.3084200679658,True,0.43036386449184444,0,0,2,0.05,0.05749999999999997,0.03925536404820846,2.2577835909288955,1.1829920306366337,-3.928174489591526,-45.51457267717146,108.48497360176651,0.05,0.057499999999999975,610,0,2,0,0.0,26.600976349247944,0.7240341626108071,RNG-724ad17ee144,safe_range,selection,70301,PAL,30,3,1000000.0,,True,bars,0.8797170014098628,-60.82406368965837,17.13648725938012,24.42323466626199,12.409884555062616
15.521015001506456,96.45346371729259,True,0.49874529485570895,0,0,2,0.075,0.05,0.026122347696566784,1.3080676653948629,1.616269436590831,-2.034185468997221,-46.20377817130749,113.04179147881419,0.075,0.05,610,0,2,0,0.0,26.63398647801207,0.6980321369653604,RNG-80151adb4f37,safe_range,selection,70301,PAL,30,3,1000000.0,,True,bars,0.7295999538617328,-66.91515804990058,16.958167599610636,22.76451586961534,12.511406665229105
15.504049913728089,96.27238173996288,True,0.49498117942283565,0,0,2,0.075,0.05,0.02666581282786054,1.4790375973436474,1.7204205472032459,-2.114626423096624,-46.203768594958575,113.04179146566568,0.075,0.05,610,0,2,0,0.0,26.420472352930943,0.6974856666076579,RNG-e7258e31bde8,safe_range,selection,70301,PAL,30,3,1000000.0,,True,bars,0.725527907025148,-66.94843619928871,17.076615535220277,22.927066242125107,12.51689944995207
15.485798323926634,95.79747462068485,True,0.49560853199498117,0,0,2,0.075,0.06624999999999999,0.026337189314420147,1.438586342499084,1.8030812603821202,-3.1140210802029546,-46.471601098965266,112.16890321416585,0.075,0.06624999999999999,610,0,2,0,0.0,25.766046177867068,0.6981674804041019,RNG-9e03617b1053,safe_range,selection,70301,PAL,30,3,1000000.0,,True,bars,0.7263362701017594,-66.69977298674918,16.90883348983606,22.992988105632342,12.49281701377224
16.2224198823694,96.6306667301894,True,0.41468005018820575,0,0,2,0.05,0.04124999999999999,0.03509355178731814,1.7848459036123494,1.0414282073410168,-3.7947306534453435,-48.00702023433858,110.6512131363142,0.05,0.04124999999999999,610,0,2,0,0.0,27.020998303758248,0.7342736844232721,RNG-894eb4d231a5,safe_range,selection,70301,PAL,30,3,1000000.0,,True,bars,0.8178997011283273,-60.7136465294888,16.65451770704126,24.049504669747364,11.957284224543443
15.554238828393958,97.51049200515673,True,0.19071518193224593,0,0,2,0.05,0.05,0.09770417881225474,-0.04973023298571591,2.5831719959907806,-3.340511212779841,-67.49178222019454,129.40571409752167,0.05,0.05,610,0,2,1,0.001639344262295082,25.833452672402526,0.7184465729444398,RNG-b4deae417e10,safe_range,selection,70301,PAL,30,3,1000000.0,,True,bars,0.7460406635425244,-62.94992270281555,16.465859016761048,27.822398305400988,12.074262442333904
15.322516835943707,93.09696518325649,True,0.2559598494353827,0,0,2,0.075,0.075,0.02987336661286915,4.036248952317653,2.3984253302789087,-5.275248953076123,-49.34623545680864,114.29376634912401,0.075,0.075,610,0,2,0,0.0,23.07183331343504,0.7234108026279938,RNG-c73334f8bd3d,safe_range,selection,70301,PAL,30,3,1000000.0,white_error_ire,True,bars,0.9933433120590269,-39.55788778745394,18.605759934453044,28.376213994515798,10.563566324855495
15.323784957193915,99.27313357391108,True,0.5872020075282308,0,0,2,0.05,0.04124999999999999,0.02749813704569105,3.0373201047430465,-2.187580530214851,-1.6337552134938635,-47.111327994270766,119.61855632201386,0.05,0.04124999999999999,610,0,2,0,0.0,25.529047270449816,0.7024013613778429,RNG-ccbd72c8c1cf,safe_range,selection,70301,PAL,30,3,1000000.0,,True,bars,0.7678009706553532,-66.73498062760248,17.889582483826498,28.755792794904043,12.931575222261733
15.426485841837767,96.32433942280076,True,0.0520702634880803,0,0,2,0.05,0.05,0.023281069492643837,2.380536112300824,2.1269551289774156,-2.2370941589631355,-48.25643412663521,123.50241455133676,0.05,0.05,610,0,2,0,0.0,27.511785047821586,0.7284658134982636,RNG-a64092aa7f14,safe_range,selection,70301,PAL,30,3,1000000.0,,True,bars,0.869135925175045,-55.82826090920198,17.659463407587403,29.906980322490984,11.993987306970537
15.207156884464556,97.08780175605001,True,0.7076537013801757,0,0,2,0.05,0.05,0.023015497273665374,2.430398512245427,1.7372225979786176,-0.8569010960228678,-47.99160978474999,122.55533079980475,0.05,0.05,610,0,2,0,0.0,28.08087589456632,0.6967584578654626,RNG-8bfa6546d372,safe_range,selection,70301,PAL,30,3,1000000.0,,True,bars,0.8115437985423328,-59.931468394035846,17.382104566164845,25.376164124591895,12.03918591740723
15.622718365835066,96.88533591741961,True,0.3745294855708909,0,0,2,0.05,0.05,0.023059971706009687,2.294947445942436,2.120544318730183,-1.0536273585733817,-48.33443539228904,120.71356370331611,0.05,0.05,610,0,2,0,0.0,27.888105786530865,0.7110658292082709,RNG-6cf1316b2595,safe_range,selection,70301,PAL,30,3,1000000.0,,True,bars,0.8115438013727234,-59.93146835837535,17.382104505171814,25.37616368372848,12.03918588773568
5.102850312947684,80.79409262001928,True,64.27188733378091,503,12,0,2.025,2.025,3.625689589581546,17.196552135990636,5.007495413401417,-13.478462249893207,-82.413913079525,142.04786789738714,1.8399999999999999,1000000.0,506,433,2,4,0.007905138339920948,12.422283380529995,0.26473230799803443,OVP56,safe_range,selection,70301,NTSC,4,3,1000000.0,,False,bars,,,,,
4.861891097181342,85.05264607060528,True,61.13340578684818,495,12,0,2.025,2.025,3.4870376852253573,11.266139640349255,2.825910155288862,-12.552691984719605,-88.30319287379196,149.78605492617027,1.7125,1000000.0,506,170,2,19,0.037549407114624504,13.479313752188006,0.2626948791253152,VLP56,safe_range,selection,70301,NTSC,4,3,1000000.0,,False,bars,,,,,
5.886163107542327,88.60026660387044,True,38.94953442093887,82,3,0,2.025,2.025,2.880203197676452,9.373041377572914,1.7332541146159386,-11.555876666480069,-67.47165049864333,128.75639286712666,1.625,1.22,506,4,2,413,0.8162055335968379,13.956445386213844,0.2598323971340244,RANGE32,safe_range,selection,70301,NTSC,4,3,1000000.0,,False,bars,,,,,
-6.67170512266789,-83.77987986736296,False,606.5947249425741,506,12,32,2.025,2.025,1000000.0,88.65569282865691,21.44469461663105,-156.41491584293908,-75.708096609721,133.39317449053416,1000000.0,1000000.0,506,506,2,1637,3.2351778656126484,-6.68823839210701,-0.2363341159912807,PLL96-rejected-board,safe_range,selection,70301,NTSC,4,3,1000000.0,,False,bars,,,,,
7.948331075330039,92.65573131830163,True,18.026324108054084,348,11,0,2.025,2.025,3.407335139543006,10.838399172213721,0.09043374500380863,-3.902181448774609,-73.32635547381224,134.45335606184744,1.85,1.25,506,13,2,170,0.3359683794466403,13.237756879351817,0.23412908913697347,PLL96-IQ-corrected,safe_range,selection,70301,NTSC,4,3,1000000.0,,False,bars,,,,,
10.204932812403541,95.8468930584435,True,2.14952117458989,135,6,0,2.025,2.025,3.119971695825032,2.6390765607302717,1.3042953041746332,-2.469774970361003,-77.36658752657587,134.76844148935962,1.8,1.75,506,3,2,366,0.7233201581027668,23.482967399061913,0.4780556488734859,floating-PLL-IQ40,safe_range,selection,70301,NTSC,4,3,1000000.0,,False,bars,,,,,
3.234610527323178,42.71851550106642,True,126.82475983466149,506,12,0,2.025,2.025,1000000.0,49.406979841114016,27.092946124975175,-28.733510866202057,-72.06399348164862,123.59682134192505,1000000.0,1000000.0,506,506,2,0,0.0,4.204594437059973,0.18807342327612667,HC50,safe_range,selection,70301,NTSC,4,3,1000000.0,,False,bars,,,,,
5.872457351214061,90.93997133644173,True,40.40286964087342,77,4,0,2.025,2.025,2.7832852647189914,3.4905706677602684,-1.6735756913711615,-14.389277361333601,-83.12667968917344,128.18295253917395,1.75,1.5612499999999996,506,3,2,381,0.7529644268774703,11.082511067091183,0.21387636832050164,PLL96-board-fixed,safe_range,selection,70301,NTSC,4,3,1000000.0,,False,bars,,,,,
5.554206402573643,93.12041562837982,True,43.694888414562556,40,2,0,2.025,2.025,2.6984656266473777,7.344451325621244,0.734934266819572,-5.646899104131221,-77.68057617958604,148.75528407222163,1.55,1.21625,506,2,2,396,0.782608695652174,15.26336882301785,0.26934953844099596,RNG-58c0e88fcba8,safe_range,selection,70301,NTSC,4,3,1000000.0,,False,bars,,,,,
5.800971110684933,90.95339224574418,True,41.39183001321624,46,2,0,2.025,2.025,2.73202748609574,7.4784192287250155,0.9568419327382731,-8.69932092491396,-74.43741551674452,137.18287193151673,1.5762499999999988,1.21625,506,2,2,395,0.7806324110671937,15.134371383713965,0.27200880171736824,RNG-39614bd6254d,safe_range,selection,70301,NTSC,4,3,1000000.0,,False,bars,,,,,
5.570113405861114,92.22511768658758,True,42.478632735943066,50,3,0,2.025,2.025,2.650145074231538,8.097078857740467,1.2843544142906038,-6.121841869011744,-77.34440643183677,137.15539653939837,1.60625,0.7699999999999999,506,3,2,383,0.7569169960474308,14.852461852194912,0.2653965021152287,RNG-67899a3c7663,safe_range,selection,70301,NTSC,4,3,1000000.0,,False,bars,,,,,
5.886193625960963,89.72335379804737,True,39.644967742129715,47,2,0,2.025,2.025,2.7726304433089166,7.941702695991869,1.609171291697772,-9.509728461485112,-74.96016840346303,137.00101925487158,1.65,1.21625,506,2,2,403,0.7964426877470355,14.932059258161628,0.27186272809586,RNG-724ad17ee144,safe_range,selection,70301,NTSC,4,3,1000000.0,,False,bars,,,,,
5.746905042960887,90.93776997376699,True,41.16754524079755,56,3,0,2.025,2.025,2.6551551011402537,8.194478011794697,1.4881562901463632,-8.005395821584415,-74.33748500313808,134.3284604453242,1.5887499999999988,0.7699999999999999,506,3,2,381,0.7529644268774703,14.854185862126927,0.26792365107057886,RNG-80151adb4f37,safe_range,selection,70301,NTSC,4,3,1000000.0,,False,bars,,,,,
5.783891679077251,90.48132588867087,True,40.57145953691968,57,3,0,2.025,2.025,2.6651693724722945,8.527991238680647,1.6602212942555086,-8.279278000408606,-72.77750779848435,134.00262107060166,1.6299999999999983,0.7699999999999999,506,3,2,382,0.7549407114624506,14.79788038313838,0.2681602210209833,RNG-e7258e31bde8,safe_range,selection,70301,NTSC,4,3,1000000.0,,False,bars,,,,,
5.814174466914244,89.80725514350729,True,40.11762155783085,59,3,0,2.025,2.025,2.6880774963527765,8.320735721324194,1.727563426983919,-9.341017165522711,-72.73128845734463,133.3483181649338,1.65,0.7699999999999999,506,3,2,387,0.7648221343873518,14.661267817208657,0.26788269309607216,RNG-9e03617b1053,safe_range,selection,70301,NTSC,4,3,1000000.0,,False,bars,,,,,
5.961059765843734,88.56784259937609,True,40.35771163300388,57,2,0,2.025,2.025,2.833301999914084,7.753025074539136,1.5751726283720597,-11.619781920420726,-73.54118761470639,138.35951951672044,1.65,1.21625,506,2,2,412,0.8142292490118577,14.656539017844556,0.27237963253252845,RNG-894eb4d231a5,safe_range,selection,70301,NTSC,4,3,1000000.0,,False,bars,,,,,
5.226865155664864,94.54999500086691,True,63.67956479722549,237,8,0,2.025,2.025,3.2902073922497452,4.004050011365701,-1.043939453328544,-7.90585985095091,-84.74401189012656,143.15175995518953,1.8399999999999999,1.7274999999999998,506,8,2,287,0.567193675889328,15.686608860885656,0.2710489318164165,RNG-b4deae417e10,safe_range,selection,70301,NTSC,4,3,1000000.0,,False,bars,,,,,
5.851652374926221,86.80271640195956,True,45.29573979353759,287,10,0,2.025,2.025,3.3032583021857227,8.796311145349252,2.5739393973336915,-12.732622077228156,-77.6498772002621,131.19036405283015,1.8524999999999998,0.9512499999999999,506,10,2,254,0.5019762845849802,14.766696547235938,0.2734119822322265,RNG-c73334f8bd3d,safe_range,selection,70301,NTSC,4,3,1000000.0,,False,bars,,,,,
5.586795633347456,90.42402408539421,True,45.83161482025608,297,10,0,2.025,2.025,3.3062825327855565,11.83137061460874,0.6343544712491777,-6.8522225810100865,-73.5738961048994,139.79802950633174,1.7699999999999996,0.86,506,8,2,238,0.47035573122529645,15.029230416242976,0.27335176600398003,RNG-ccbd72c8c1cf,safe_range,selection,70301,NTSC,4,3,1000000.0,,False,bars,,,,,
4.879785226682822,86.50548285498006,True,68.7154353081432,326,10,0,2.025,2.025,3.337044808742543,15.894429773490327,2.4118705127568676,-8.986843494192309,-65.76107315683466,140.75724926316494,1.875,0.9574999999999999,506,12,2,199,0.3932806324110672,13.548042418018309,0.25961688161898305,RNG-a64092aa7f14,safe_range,selection,70301,NTSC,4,3,1000000.0,,False,bars,,,,,
3.988020049380247,92.05937606442406,True,103.85589176528674,388,10,0,2.025,2.025,3.4112988355995304,5.476044504753943,2.395992050652028,-5.372026429309281,-90.80944683695935,150.34076250179888,1.925,1.2025000000000001,506,15,2,124,0.2450592885375494,14.446874570957783,0.22940106758354495,RNG-8bfa6546d372,safe_range,selection,70301,NTSC,4,3,1000000.0,,False,bars,,,,,
5.5683448901598975,91.72903039013505,True,45.401861112031,402,10,0,2.025,2.025,3.4270338921692796,8.136040356512323,1.8683955245970494,-6.061499862464554,-88.70880860145367,147.09989951928995,1.8712499999999999,1.19,506,25,2,139,0.274703557312253,16.1509643445529,0.27685292554528373,RNG-6cf1316b2595,safe_range,selection,70301,NTSC,4,3,1000000.0,,False,bars,,,,,
7.484363790391853,87.95035273836838,True,22.16430289583252,474,12,0,2.025,2.025,3.5433972487571865,11.038026689802589,2.7251682843962284,-9.027847524111134,-79.26043052054905,135.8145941506582,1.85625,1000000.0,506,61,2,50,0.09881422924901186,16.54875739908832,0.3552651249118114,OVP56,safe_range,selection,70301,NTSC,6,3,1000000.0,,False,bars,,,,,
7.487548615489981,91.32646706521376,True,19.871028729524607,413,11,0,2.025,2.025,3.482580499498019,6.9156540397016,1.4745307927596614,-7.506645679200179,-86.61376150632067,143.359344436259,1.85,1.225,506,19,2,118,0.233201581027668,18.430074432325302,0.3592192552833738,VLP56,safe_range,selection,70301,NTSC,6,3,1000000.0,,False,bars,,,,,
8.580037259914539,93.83566427010022,True,12.588547327097514,2,0,1,1.06875,1.0424999999999989,2.118616403757377,3.6479283230591366,1.6846541393603687,-5.338623858279271,-65.59897993083065,124.98138311212264,1.0462499999999992,1.0424999999999989,506,1,2,258,0.5098814229249012,19.22564416845087,0.3576531895291907,RANGE32,safe_range,selection,70301,NTSC,6,3,1000000.0,,False,bars,,,,,
-6.644625338924486,-83.87842618721093,False,602.4258881827515,506,12,45,2.025,2.025,1000000.0,86.98756344197109,22.222487585679065,-157.27086693985302,-72.52229484766481,131.54601146082103,1000000.0,1000000.0,506,506,2,1334,2.6363636363636362,-6.681490479993899,-0.29331867261111016,PLL96-rejected-board,safe_range,selection,70301,NTSC,6,3,1000000.0,,False,bars,,,,,
9.102608258287129,93.71058569613427,True,8.306062914136565,387,8,0,2.025,2.025,3.454779146281254,12.308404531695917,-0.7124846917908639,-2.9067034333752138,-72.8983540745109,133.2095551606443,1.9274999999999998,0.9175000000000001,506,19,2,125,0.24703557312252963,14.282243195774633,0.2873205424389362,PLL96-IQ-corrected,safe_range,selection,70301,NTSC,6,3,1000000.0,,False,bars,,,,,
12.061287195938084,95.96193457308603,True,0.28299018264908915,34,1,0,2.025,1.5024999999999993,2.697460110683532,2.2875059325040223,1.421638759093826,-1.9899653655883898,-71.59641470106858,130.90374141248355,1.55,1.0125,506,2,2,385,0.7608695652173914,25.51639800787893,0.5702018066084631,floating-PLL-IQ40,safe_range,selection,70301,NTSC,6,3,1000000.0,,False,bars,,,,,
3.8700263065277065,44.33628290542254,True,105.11730545177576,506,12,0,2.025,2.025,1000000.0,49.05303833455933,27.08443481572455,-26.388641808749096,-67.3494449053015,114.95781543389754,1000000.0,1000000.0,506,506,2,0,0.0,4.438515013089322,0.27396779082343486,HC50,safe_range,selection,70301,NTSC,6,3,1000000.0,,False,bars,,,,,
8.732045277190467,95.74468333877522,True,12.832400569593005,8,0,1,1.46875,1.2399999999999998,2.27740340411185,0.5670936843199199,-2.441442202756429,-10.001885911892506,-81.1476817800758,122.39330597190295,1.3287499999999994,1.2399999999999998,506,1,2,336,0.6640316205533597,14.904846913745413,0.3072206438542089,PLL96-board-fixed,safe_range,selection,70301,NTSC,6,3,1000000.0,,False,bars,,,,,
8.230236339873148,96.5923715337191,True,14.032850945458158,3,0,2,0.94375,0.7099999999999993,1.7367905319550392,2.8704068735965054,0.4719369869798973,-2.7195953399937896,-75.2875192239187,142.4981043791563,0.8724999999999994,0.7099999999999994,506,1,2,182,0.35968379446640314,21.196643375116757,0.36682950033565404,RNG-58c0e88fcba8,safe_range,selection,70301,NTSC,6,3,1000000.0,,False,bars,,,,,
8.371315553211355,94.96058024580867,True,13.333654456944851,3,0,2,0.99375,0.7099999999999993,1.802343432563994,2.917938662318877,0.7636695206656563,-5.067026364099553,-70.52137187010263,134.0676205099917,0.95,0.7099999999999994,506,1,2,190,0.37549407114624506,20.72128104422244,0.36810608637843273,RNG-39614bd6254d,safe_range,selection,70301,NTSC,6,3,1000000.0,,False,bars,,,,,
8.26676270313828,95.98540844875815,True,13.433002074257828,1,0,1,0.975,0.30874999999999997,1.8558223871570434,2.681193004404822,1.2524372871962894,-2.8298239592633285,-70.7779328665604,133.18382333204744,0.9699999999999989,0.30874999999999997,506,1,2,197,0.3893280632411067,20.600823599483768,0.3630985360069577,RNG-67899a3c7663,safe_range,selection,70301,NTSC,6,3,1000000.0,,False,bars,,,,,
8.46611558902315,93.62548479996988,True,12.680368609765571,3,0,2,1.04375,0.9712499999999997,1.8260985554984805,3.3294993277347857,1.5005667777645204,-5.976424278380189,-68.9584266047836,134.0994601775191,1.0,0.9712499999999998,506,1,2,201,0.39723320158102765,20.17378641270931,0.36828470586310846,RNG-724ad17ee144,safe_range,selection,70301,NTSC,6,3,1000000.0,,False,bars,,,,,
8.364581613967143,95.1124102507772,True,13.094317015236312,1,0,2,0.99375,0.30874999999999997,1.8684678294535797,2.847073263006854,1.4648983409814664,-4.099733634708987,-68.13564589496823,130.83667001050108,0.975,0.30874999999999997,506,1,2,202,0.39920948616600793,20.475156805128897,0.36455818697065623,RNG-80151adb4f37,safe_range,selection,70301,NTSC,6,3,1000000.0,,False,bars,,,,,
8.39597313230595,94.66998593275655,True,12.898632314468324,1,0,1,1.0,0.30874999999999997,1.8613383479487429,3.137857803686109,1.6324184942917013,-4.401604534229749,-67.23053455110647,129.45737097008953,1.0,0.30874999999999997,506,1,2,199,0.3932806324110672,20.333524069070172,0.36471694033854896,RNG-e7258e31bde8,safe_range,selection,70301,NTSC,6,3,1000000.0,,False,bars,,,,,
8.421888747653588,94.02771927440489,True,12.721763450312643,1,0,2,1.0,0.30874999999999997,1.8837193301687716,3.02086679029645,1.7451777910469608,-5.370364486933807,-68.77101870075667,128.3349953519745,1.0,0.30874999999999997,506,1,2,202,0.39920948616600793,20.016206329740207,0.364430098927433,RNG-9e03617b1053,safe_range,selection,70301,NTSC,6,3,1000000.0,,False,bars,,,,,
8.473495614551421,93.03305268795442,True,12.885837545571956,4,0,2,1.06875,0.9712499999999997,1.9132906276612591,3.0760785161185944,1.5425000449068749,-7.286486337244472,-71.88416427013931,136.8793079629863,1.0237499999999997,0.9712499999999998,506,1,2,214,0.42292490118577075,19.700325439970364,0.36810056108395955,RNG-894eb4d231a5,safe_range,selection,70301,NTSC,6,3,1000000.0,,False,bars,,,,,
7.435024564283771,99.17604291260966,True,24.55391414559544,78,2,0,2.025,2.025,2.980415778480718,0.8025913198313894,-2.2437770694500885,-4.313979473148975,-80.02836748515516,139.71067730446134,1.6162499999999995,1.5949999999999995,506,4,2,434,0.857707509881423,19.580043328836606,0.3579906490663643,RNG-b4deae417e10,safe_range,selection,70301,NTSC,6,3,1000000.0,,False,bars,,,,,
7.980097369608758,90.77690826220746,True,16.848452736123697,93,3,0,2.025,2.025,3.0661117334871544,5.343604198987566,2.374253510481264,-8.614235653027835,-72.17254636837461,125.73510414319506,1.7,1.8399999999999999,506,4,2,411,0.8122529644268774,19.057003948233024,0.3566349538187923,RNG-c73334f8bd3d,safe_range,selection,70301,NTSC,6,3,1000000.0,,False,bars,,,,,
7.9966556585485415,95.14787507930424,True,15.155780074480608,99,1,0,2.025,1.92875,3.060076700071325,6.235519851561169,-0.545590190239189,-3.999141241819102,-69.33156237084992,137.52603504126026,1.7,1.825,506,4,2,401,0.7924901185770751,20.220472367410682,0.36316237600769,RNG-ccbd72c8c1cf,safe_range,selection,70301,NTSC,6,3,1000000.0,,False,bars,,,,,
7.090777089585645,92.52008720775653,True,27.059430948890167,108,5,0,2.025,2.025,3.064946592204394,7.642091999172962,1.6512175332652275,-5.250318163469016,-65.2783708337586,137.06320285674977,1.7,1.6349999999999993,506,4,2,414,0.8181818181818182,18.687865700897305,0.34508909938655624,RNG-a64092aa7f14,safe_range,selection,70301,NTSC,6,3,1000000.0,,False,bars,,,,,
6.097964872145783,95.36612976416042,True,56.47385200817661,214,6,0,2.025,2.025,3.2889828157545558,3.6203084535044865,1.8897775376940023,-2.6326245354706233,-86.09193661237296,144.02630925702937,1.825,1.7625,506,5,2,318,0.6284584980237155,19.98034999772846,0.3006763279391799,RNG-8bfa6546d372,safe_range,selection,70301,NTSC,6,3,1000000.0,,False,bars,,,,,
7.834285690106485,94.99662819313761,True,15.704449870095463,224,8,0,2.025,2.025,3.326100974870646,3.5879470975450682,1.6270783850714703,-3.9364955405745707,-85.19835950702335,139.77973342079872,1.8237499999999998,1.7662499999999999,506,8,2,286,0.5652173913043478,21.57478641877478,0.3619144051976124,RNG-6cf1316b2595,safe_range,selection,70301,NTSC,6,3,1000000.0,,False,bars,,,,,
9.512963361529888,91.64758798095481,True,5.4550873506398885,325,10,0,2.025,2.025,3.401834693480557,7.4007415263202825,1.9518266029114144,-6.398064281359182,-70.16061819216723,133.2695001402443,1.875,0.8699999999999999,506,10,2,174,0.3438735177865613,20.00398558982939,0.44135023362274234,OVP56,safe_range,selection,70301,NTSC,8,3,1000000.0,,False,bars,,,,,
9.624663139582307,94.04696809507469,True,4.633964240878835,217,6,0,2.025,2.025,3.279514308605166,4.678780308019792,1.2351437027477137,-5.012681707489521,-76.54348714874283,135.54090897102463,1.85,1.125,506,7,2,300,0.5928853754940712,22.34068821582398,0.4483305936808796,VLP56,safe_range,selection,70301,NTSC,8,3,1000000.0,,False,bars,,,,,
10.704949946340644,95.21645744474904,True,3.7323093504171094,0,0,2,0.2,0.2124999999999998,1.0709553702831598,1.9618452080479665,2.0717716062661373,-3.0204623038002962,-58.76424974909608,121.4344732719983,0.2,0.21249999999999983,506,0,2,70,0.1383399209486166,23.11108702862359,0.4496662939732261,RANGE32,safe_range,selection,70301,NTSC,8,3,1000000.0,,False,bars,,,,,
-6.594597653361664,-83.0688183559895,False,600.5939783301773,506,12,50,2.025,2.025,1000000.0,85.50094036941802,22.946668314350077,-156.6556846700521,-71.5673850070554,127.1645967166004,1000000.0,1000000.0,506,506,2,1209,2.389328063241107,-6.638085462382545,-0.31869660550120166,PLL96-rejected-board,safe_range,selection,70301,NTSC,8,3,1000000.0,,False,bars,,,,,
9.385057403055745,94.13752353956409,True,6.297284197406726,425,11,0,2.025,2.025,3.5638585778567253,14.051072270201145,-1.0461644200426081,-2.5331503561060367,-68.23043248786792,132.0922116191564,1.9,1.55,506,20,2,83,0.16403162055335968,13.861569506866205,0.3138961210589293,PLL96-IQ-corrected,safe_range,selection,70301,NTSC,8,3,1000000.0,,False,bars,,,,,
13.83561909168318,95.7214052352018,True,0.040642207082581955,3,0,1,0.99375,0.16499999999999987,1.9875872888042683,2.388793893026766,1.7579838283821778,-1.777016789159433,-65.53703042125356,126.76410254274579,0.95,0.16499999999999987,506,1,2,232,0.45849802371541504,26.293878403747335,0.6552205259477507,floating-PLL-IQ40,safe_range,selection,70301,NTSC,8,3,1000000.0,,False,bars,,,,,
4.0912667545635895,44.495044909533284,True,97.39980190687214,506,12,0,2.025,2.025,1000000.0,49.21865442864711,27.189088473449853,-25.83178847358883,-51.186735072663296,101.93843516561596,1000000.0,1000000.0,506,506,2,0,0.0,4.458849459897079,0.35278149024112854,HC50,safe_range,selection,70301,NTSC,8,3,1000000.0,,False,bars,,,,,
10.411243530511292,97.64248626175554,True,5.470892653394227,2,0,1,1.1125,0.8787499999999999,2.1480415129298227,0.49145931273076376,-2.2983399565717804,-7.3586262941197775,-80.4311912971272,117.4393095823636,1.075,0.8787499999999998,506,1,2,308,0.6086956521739131,17.02930625911912,0.37722302497858884,PLL96-board-fixed,safe_range,selection,70301,NTSC,8,3,1000000.0,,False,bars,,,,,
10.281006339578083,97.021890384666,True,3.791767394111998,1,0,2,0.2,0.18749999999999983,0.8319159563416496,2.213020538743276,0.6732026902568843,-2.2088562247069654,-66.14937021306056,135.76146001836833,0.2,0.18749999999999983,506,1,2,44,0.08695652173913043,25.480826852909104,0.455934892758,RNG-58c0e88fcba8,safe_range,selection,70301,NTSC,8,3,1000000.0,,False,bars,,,,,
10.346996255497022,95.81988370480326,True,3.62242486460124,1,0,2,0.2,0.18749999999999983,0.9123601208399071,2.095738943601655,0.9642177820237348,-3.997529781351381,-64.30147790034027,131.86069309686098,0.2,0.18749999999999983,506,1,2,48,0.09486166007905138,24.41090398294678,0.4559747478019901,RNG-39614bd6254d,safe_range,selection,70301,NTSC,8,3,1000000.0,,False,bars,,,,,
10.31177315699313,96.45236995050684,True,3.6427459681425307,1,0,2,0.2,0.22624999999999984,0.9016843424754288,1.4674670872212545,1.6010457329108663,-2.242390267123723,-66.83984673882561,131.69495040262825,0.2,0.22624999999999984,506,1,2,46,0.09090909090909091,24.720397909735755,0.4498538901086979,RNG-67899a3c7663,safe_range,selection,70301,NTSC,8,3,1000000.0,,False,bars,,,,,
10.435842528618846,94.42809112780314,True,3.440287566194113,1,0,2,0.2,0.2124999999999998,0.9275453339512054,2.4437815629664974,1.7773576564844995,-4.959863618877746,-63.65568013530221,131.19884688556317,0.2,0.21249999999999983,506,1,2,50,0.09881422924901186,23.23183603289731,0.45664224415038684,RNG-724ad17ee144,safe_range,selection,70301,NTSC,8,3,1000000.0,,False,bars,,,,,
10.350579312362878,95.88721539794686,True,3.5923195260215492,1,0,2,0.2,0.22624999999999984,0.9312227137340763,1.6011779907866948,1.7915464738807632,-3.062951423693014,-64.15106547453769,125.70183325314109,0.2,0.22624999999999984,506,1,2,45,0.08893280632411067,24.28988780667529,0.45027643064663314,RNG-80151adb4f37,safe_range,selection,70301,NTSC,8,3,1000000.0,,False,bars,,,,,
10.373157533234291,95.4983866171878,True,3.544150984294045,1,0,2,0.2,0.22624999999999984,0.9730680274978795,1.838976759149938,1.949561155583362,-3.3335967200914634,-63.95736858272161,125.25356565204292,0.2,0.22624999999999984,506,1,2,47,0.09288537549407115,23.991964033004397,0.450394044821774,RNG-e7258e31bde8,safe_range,selection,70301,NTSC,8,3,1000000.0,,False,bars,,,,,
10.389309114371523,94.89514927525215,True,3.500498243353494,1,0,2,0.2,0.22624999999999984,0.9653790360103729,1.758395053738316,2.0875235390219715,-4.245098321751483,-65.68772188481199,124.78947214213007,0.2,0.22624999999999984,506,1,2,48,0.09486166007905138,23.370464235913087,0.4502002162028858,RNG-9e03617b1053,safe_range,selection,70301,NTSC,8,3,1000000.0,,False,bars,,,,,
10.429927927684782,94.21367531273638,True,3.42598753036876,1,0,2,0.21875,0.2124999999999998,0.9876809271527855,2.1030345905485874,1.8550003698747983,-5.672491155851674,-62.948187372342105,128.71419888550577,0.2,0.21249999999999983,506,1,2,55,0.10869565217391304,22.77009493393916,0.45671154468220376,RNG-894eb4d231a5,safe_range,selection,70301,NTSC,8,3,1000000.0,,False,bars,,,,,
9.247155776021257,100.36782477167999,True,7.7483615169478,16,0,0,1.7,1.0225,2.3198010778548075,-0.04039108195736563,-2.257597078329039,-3.1700807180350714,-73.46505307275505,133.26602314903533,1.413749999999999,1.0225,506,1,2,321,0.6343873517786561,21.47418038558664,0.4385226367105387,RNG-b4deae417e10,safe_range,selection,70301,NTSC,8,3,1000000.0,,False,bars,,,,,
9.5823890941929,91.79369888284096,True,5.630450947866585,20,0,0,1.81875,1.0725,2.640494881677412,4.670402717422459,2.609359001383716,-7.099894507569812,-71.7058145176386,122.43788551158967,1.39375,1.0725,506,2,2,414,0.8181818181818182,20.993562116982698,0.4304845507569301,RNG-c73334f8bd3d,safe_range,selection,70301,NTSC,8,3,1000000.0,,False,bars,,,,,
9.836854733812645,96.73413332510358,True,4.219263201943601,21,0,0,1.95,1.08375,2.55227082031006,4.647609940162007,-0.9419899957278844,-2.8716241431960148,-63.59950626723732,131.44914655962708,1.5449999999999988,1.0837499999999998,506,2,2,375,0.741106719367589,23.51154914074356,0.4433020837932216,RNG-ccbd72c8c1cf,safe_range,selection,70301,NTSC,8,3,1000000.0,,False,bars,,,,,
8.948864610473082,94.72056056158631,True,8.270689141305427,13,0,0,1.71875,1.0725,2.4977763944828406,4.336273185838665,1.7615503365601208,-3.7536385172553186,-61.70946614584485,136.5343809427747,1.4099999999999995,1.0725,506,1,2,377,0.7450592885375494,22.926813848309017,0.42781736136409687,RNG-a64092aa7f14,safe_range,selection,70301,NTSC,8,3,1000000.0,,False,bars,,,,,
7.827015857300267,96.0268801093323,True,29.661284835639904,79,1,0,2.025,1.5712499999999994,2.9871382175385115,3.3820177772305917,1.8486115806244692,-1.8295472763733815,-77.93249482998456,134.00667597907574,1.625,1.1375,506,2,2,434,0.857707509881423,23.40108901918182,0.3669403912374767,RNG-8bfa6546d372,safe_range,selection,70301,NTSC,8,3,1000000.0,,False,bars,,,,,
9.623659579501535,95.72716344260806,True,4.488705982231829,88,3,0,2.025,2.025,3.0176761948931636,2.6895848833223672,1.9052924507680713,-3.045688992967389,-80.29043755235429,142.1304720019292,1.6537499999999994,1.0550000000000002,506,2,2,451,0.8913043478260869,24.64752904687204,0.43997481146851963,RNG-6cf1316b2595,safe_range,selection,70301,NTSC,8,3,1000000.0,,False,bars,,,,,
11.132963731801054,93.82149550713078,True,1.4104351124584922,131,2,0,2.025,2.025,3.138063893549652,4.924329616299219,1.6343021825468755,-4.675116909548864,-69.71292274952745,129.97408894995095,1.75,1.4637499999999999,506,4,2,362,0.7154150197628458,22.670671803055846,0.5158018747821678,OVP56,safe_range,selection,70301,NTSC,10,3,1000000.0,,False,bars,,,,,
11.268244617131511,95.39918394565979,True,1.2305557144448425,53,2,0,2.025,2.025,2.879767857641877,3.201778560967716,1.2194326511334506,-3.6362370044303334,-70.78112511541715,128.70666471942704,1.625,1.6012499999999996,506,2,2,410,0.8102766798418972,24.74790461500945,0.5229709287482538,VLP56,safe_range,selection,70301,NTSC,10,3,1000000.0,,False,bars,,,,,
12.131979460035842,95.49490617841938,True,1.846962521864002,0,0,2,0.1,0.075,0.43280299080962337,1.584698340662467,2.2264925712167845,-2.476863031714005,-53.74839347872168,120.63192858053449,0.1,0.075,506,0,2,16,0.03162055335968379,24.12112544357674,0.5221971328668858,RANGE32,safe_range,selection,70301,NTSC,10,3,1000000.0,,True,bars,,,,,
-6.570570623101537,-82.49717981041536,False,600.0558454030653,506,12,50,2.025,2.025,1000000.0,84.46374910636767,23.213172542471366,-156.30789400691202,-70.26964039387099,79.0442824027063,1000000.0,1000000.0,506,506,2,1170,2.3122529644268774,-6.616671125133835,-0.3298935220829235,PLL96-rejected-board,safe_range,selection,70301,NTSC,10,3,1000000.0,,False,bars,,,,,
9.347037159632833,94.70274628246837,True,6.0797731261684635,446,11,0,2.025,2.025,3.5864865002766515,15.12265570989348,-1.2252384304973372,-2.3607136487837295,-67.63569545075485,122.97443270800352,1.8549999999999998,1.55,506,37,2,72,0.1422924901185771,13.255829818289406,0.3268281920626816,PLL96-IQ-corrected,safe_range,selection,70301,NTSC,10,3,1000000.0,,False,bars,,,,,
15.497276756662652,95.76327679318273,True,0.0007526334644922584,0,0,2,0.06875,0.15124999999999986,1.134249961123341,2.2462654333127468,1.8657291452708509,-1.609302083825925,-63.57691582038572,124.64682662964503,0.06875,0.15124999999999983,506,0,2,90,0.17786561264822134,26.89914887574976,0.7311321531874438,floating-PLL-IQ40,safe_range,selection,70301,NTSC,10,3,1000000.0,,False,bars,,,,,
4.174861049277724,44.43423176049631,True,95.2856545051134,506,12,0,2.025,2.025,1000000.0,49.24356578045816,27.196228932440082,-25.788936961619378,-20.198490934869987,100.07481799606606,1000000.0,1000000.0,506,506,2,0,0.0,4.454459566114069,0.41184822575361746,HC50,safe_range,selection,70301,NTSC,10,3,1000000.0,,False,bars,,,,,
11.131539217954384,98.38254751765525,True,4.285494946818919,9,0,1,1.425,0.9149999999999998,2.1641435613481717,1.4759403381481766,-2.1728085451123436,-5.792540430059354,-68.08876808248692,117.35649363580282,1.075,0.9149999999999998,506,1,2,319,0.6304347826086957,17.608168845751884,0.41460302418569583,PLL96-board-fixed,safe_range,selection,70301,NTSC,10,3,1000000.0,,False,bars,,,,,
11.753882391320285,97.10671238083711,True,1.4021561443490775,0,0,2,0.1,0.075,0.32938663202941887,2.2922775114370695,0.6538487942442734,-2.1405255080323027,-63.60795551997483,134.85428523685695,0.1,0.075,506,0,2,9,0.017786561264822136,26.645047802886207,0.5281163465005854,RNG-58c0e88fcba8,safe_range,selection,70301,NTSC,10,3,1000000.0,,True,bars,,,,,
11.795554695225977,96.1661104649841,True,1.3494718018346195,0,0,2,0.1,0.075,0.344466778746629,2.053651736663782,0.925522822562005,-3.6113550626209086,-57.27483257175775,130.48009306868624,0.1,0.075,506,0,2,9,0.017786561264822136,25.588562029153362,0.5281805374047457,RNG-39614bd6254d,safe_range,selection,70301,NTSC,10,3,1000000.0,,True,bars,,,,,
11.703569928014861,96.36729384900559,True,1.4029087778135696,0,0,2,0.1,0.1,0.2962817168358947,1.4455278409330004,1.7192581483691791,-2.140261789452262,-61.712793126280886,127.33042801315688,0.1,0.1,506,0,2,8,0.015810276679841896,25.672311461410725,0.5168540766293249,RNG-67899a3c7663,safe_range,selection,70301,NTSC,10,3,1000000.0,,True,bars,,,,,
11.873939003821707,94.75431280609733,True,1.3035611605005915,0,0,2,0.1,0.075,0.3544413992941525,2.3396109333810466,1.7838443789831775,-4.584866953097656,-55.713028434042386,130.24286957665873,0.1,0.075,506,0,2,10,0.019762845849802372,24.15395288981408,0.5292252554855013,RNG-724ad17ee144,safe_range,selection,70301,NTSC,10,3,1000000.0,,True,bars,,,,,
11.730659463072515,95.98313425554527,True,1.3938771762396627,0,0,2,0.125,0.1,0.3395114631302424,1.5456116263887878,1.8709320705933865,-2.722026974662694,-55.62303365156742,124.98872324120785,0.125,0.1,506,0,2,8,0.015810276679841896,25.26632632902361,0.5174787469520945,RNG-80151adb4f37,safe_range,selection,70301,NTSC,10,3,1000000.0,,True,bars,,,,,
11.74582676135983,95.65211289108477,True,1.383340307736771,0,0,2,0.125,0.1,0.3595156216542457,1.7391466415414651,2.0138544245194225,-2.942371896727623,-55.62303940010621,124.64671656161133,0.125,0.1,506,0,2,9,0.017786561264822136,24.94467006203926,0.5176189913272823,RNG-e7258e31bde8,safe_range,selection,70301,NTSC,10,3,1000000.0,,True,bars,,,,,
11.7521676127836,95.06912826690758,True,1.377319240020833,0,0,2,0.125,0.1,0.3595276463062306,1.6742775915075423,2.1639258528252556,-3.860746248852651,-55.62303939974774,125.72307409361179,0.125,0.1,506,0,2,9,0.017786561264822136,24.235018793340654,0.5175086587844816,RNG-9e03617b1053,safe_range,selection,70301,NTSC,10,3,1000000.0,,True,bars,,,,,
11.892792060786256,94.71990683140501,True,1.3005506266426226,0,0,2,0.1,0.075,0.3138714963253809,1.9613645338501313,1.894010797988112,-4.973164148159544,-56.05132224140689,127.85752449677398,0.1,0.075,506,0,2,9,0.017786561264822136,23.90293045302905,0.5306228808901027,RNG-894eb4d231a5,safe_range,selection,70301,NTSC,10,3,1000000.0,,True,bars,,,,,
10.648683082684226,100.33609582318606,True,2.805064922162647,1,0,2,0.95,0.18499999999999978,1.5547328731749044,-0.3197124460453584,-1.547803924618342,-2.9277051810811185,-69.89135240230436,133.22498654851765,0.95,0.18499999999999978,506,1,2,170,0.3359683794466403,22.413729083220492,0.5046526877610528,RNG-b4deae417e10,safe_range,selection,70301,NTSC,10,3,1000000.0,,False,bars,,,,,
10.853018104538428,92.2019671350196,True,1.9718996769697168,2,0,0,1.025,0.7174999999999995,2.008098064662577,4.498457068516923,2.642807862787996,-6.471392527338353,-64.61769413141114,119.42178636737196,1.025,0.7174999999999996,506,1,2,261,0.5158102766798419,21.69904472053544,0.496056629027835,RNG-c73334f8bd3d,safe_range,selection,70301,NTSC,10,3,1000000.0,,False,bars,,,,,
11.176342429996867,97.51674407292005,True,1.630956717554724,1,0,1,1.0,0.6987499999999998,1.884039595661355,4.105039324854525,-1.289091189608386,-2.313847565586827,-57.57529687965688,126.04125560296768,0.9949999999999989,0.6987499999999998,506,1,2,222,0.43873517786561267,24.55052667876093,0.5083499487218365,RNG-ccbd72c8c1cf,safe_range,selection,70301,NTSC,10,3,1000000.0,,False,bars,,,,,
10.393356821478719,95.45762891174417,True,2.2872530985919735,2,0,2,0.95,0.3949999999999999,1.7875593147001942,3.365979613599282,1.8858221048650585,-3.1132986705245584,-57.427913611772595,132.73486446264903,0.95,0.3949999999999999,506,1,2,215,0.424901185770751,24.768139998154126,0.4984382591311978,RNG-a64092aa7f14,safe_range,selection,70301,NTSC,10,3,1000000.0,,False,bars,,,,,
9.385530095332149,96.29742020300239,True,15.188895946918267,8,0,0,1.45625,0.8975,2.409734900182306,3.2205437360397093,1.7969908565731258,-1.500865408308958,-77.16497898394961,132.1804214367923,1.2037499999999994,0.8975,506,1,2,351,0.6936758893280632,24.701983906528298,0.43469367882814974,RNG-8bfa6546d372,safe_range,selection,70301,NTSC,10,3,1000000.0,,False,bars,,,,,
11.065433567885774,96.1051851797129,True,1.4390351841091982,10,0,0,1.475,0.88625,2.4447462596747234,2.3727227632750796,2.0347687846208777,-2.4959459648405615,-74.21150304752872,130.00927009550043,1.2,0.8862500000000001,506,1,2,365,0.7213438735177866,25.879151334414008,0.5080794228214865,RNG-6cf1316b2595,safe_range,selection,70301,NTSC,10,3,1000000.0,,False,bars,,,,,
12.445614591310408,95.3694797318898,True,0.7277965601640138,25,0,0,1.96875,1.2824999999999998,2.6550306758704108,3.0812595134860885,1.3910024772069016,-3.3838521179695293,-67.42310111736947,127.62149818381538,1.45,1.2824999999999998,506,2,2,401,0.7924901185770751,24.83779919518481,0.5782725011697363,OVP56,safe_range,selection,70301,NTSC,12,3,1000000.0,,False,bars,,,,,
12.596464675975056,96.30672515981298,True,0.6856490861524475,10,0,0,1.04375,1.0699999999999998,2.1794029290188925,2.0876663749722106,1.2086934962110674,-2.6833208857069053,-66.93725493427637,128.93756512145978,0.975,1.0699999999999998,506,1,2,299,0.5909090909090909,26.33890536440373,0.5855629057063222,VLP56,safe_range,selection,70301,NTSC,12,3,1000000.0,,False,bars,,,,,
13.23049283520929,95.73217998738735,True,1.4194667140323993,0,0,2,0.1,0.075,0.08411360659387546,1.3290014179971321,2.179519981093953,-2.3179547574782937,-51.07064677686177,112.07263088238993,0.1,0.075,506,0,2,2,0.003952569169960474,24.53580769563594,0.5819042888877177,RANGE32,safe_range,selection,70301,NTSC,12,3,1000000.0,,True,bars,,,,,
-6.569131576037156,-82.28015329371794,False,600.4585043065687,506,12,50,2.025,2.025,1000000.0,83.77110452560333,23.161207533607286,-156.28506743209005,-69.3939359685055,78.6147396070648,1000000.0,1000000.0,506,506,2,1164,2.300395256916996,-6.616677270857748,-0.3360690235189134,PLL96-rejected-board,safe_range,selection,70301,NTSC,12,3,1000000.0,,False,bars,,,,,
9.25006732526705,95.42045412104042,True,6.1565417395466735,457,12,0,2.025,2.025,3.6111646603390484,15.611944844454726,-1.3186949378322927,-2.0909161099192364,-54.967625880790834,123.00813344155442,1.9,1000000.0,506,43,2,57,0.11264822134387352,12.777271264803243,0.3358198335767207,PLL96-IQ-corrected,safe_range,selection,70301,NTSC,12,3,1000000.0,,False,bars,,,,,
17.00459602355626,96.02259441050927,True,0.0,0,0,2,0.05,0.05,0.41388780200462705,1.963943571308156,1.8186576377927155,-1.400681143363266,-59.29429918562643,122.9863458685305,0.05,0.05,506,0,2,8,0.015810276679841896,27.619537719382645,0.7928889416383861,floating-PLL-IQ40,safe_range,selection,70301,NTSC,12,3,1000000.0,,True,bars,,,,,
4.232483749409831,44.4810629307616,True,94.99965378860634,506,12,0,2.025,2.025,1000000.0,49.14873403849636,27.161071934973545,-25.728050396953417,-7.775649699337421,92.24412297547342,1000000.0,1000000.0,506,506,2,0,0.0,4.464135776639183,0.46061775552777867,HC50,safe_range,selection,70301,NTSC,12,3,1000000.0,,False,bars,,,,,
11.517299216189592,98.70711645092807,True,4.045404871645889,5,1,0,0.975,1.364999999999999,1.995691779469644,2.587583217696027,-2.0489278622638274,-4.50986569792986,-61.30399094302833,112.22761560615241,0.95,0.475,506,1,2,266,0.525691699604743,17.75034994081077,0.4397360864692532,PLL96-board-fixed,safe_range,selection,70301,NTSC,12,3,1000000.0,,False,bars,,,,,
12.925348784873485,97.40489986250824,True,0.8617653168436359,0,0,2,0.075,0.075,0.04917802619940704,2.2735343623505178,0.4783578878564095,-2.00749045210473,-49.72871667813949,122.07594850955756,0.075,0.075,506,0,2,0,0.0,27.2802387939787,0.5883451077947673,RNG-58c0e88fcba8,safe_range,selection,70301,NTSC,12,3,1000000.0,,True,bars,,,,,
12.956624692883736,96.63547344764312,True,0.8572495160566823,0,0,2,0.075,0.075,0.048938838169933344,1.9528419207046224,0.6998490949519885,-3.277474233162055,-50.15451279334849,121.0290749423519,0.075,0.075,506,0,2,0,0.0,26.40900123871262,0.5884747570736534,RNG-39614bd6254d,safe_range,selection,70301,NTSC,12,3,1000000.0,,True,bars,,,,,
12.774976238210861,96.49155614565458,True,0.9091812251066482,0,0,2,0.1,0.08624999999999998,0.03888261446340615,1.3816476511027238,1.692482434922543,-1.9456878918708365,-50.70403361242991,123.61636709090244,0.1,0.08624999999999998,506,0,2,0,0.0,26.143764575050568,0.5718884001049261,RNG-67899a3c7663,safe_range,selection,70301,NTSC,12,3,1000000.0,,True,bars,,,,,
13.029799237383315,95.21702257163025,True,0.8354231455864068,0,0,2,0.075,0.075,0.041091217337680445,2.206016410531898,1.5903861669992057,-4.250747324050714,-50.309038179324126,119.34930730349346,0.075,0.075,506,0,2,0,0.0,24.904447388432608,0.5898936061130747,RNG-724ad17ee144,safe_range,selection,70301,NTSC,12,3,1000000.0,,True,bars,,,,,
12.808992660171942,96.2298248687762,True,0.8903653884943417,0,0,2,0.1,0.08624999999999998,0.03772167680771589,1.4267015886701582,1.7871647743464796,-2.401883566811402,-50.73949365914946,122.69507156911449,0.1,0.08624999999999998,506,0,2,0,0.0,25.846725287371,0.5733415774685185,RNG-80151adb4f37,safe_range,selection,70301,NTSC,12,3,1000000.0,,True,bars,,,,,
12.81669720770928,95.94109668776699,True,0.8948811892812952,0,0,2,0.1,0.1,0.0365576592603094,1.6038743741426422,1.9220878055436241,-2.572929613103064,-50.80442768882687,120.12893726722767,0.1,0.1,506,0,2,0,0.0,25.540150555865576,0.5733811339749313,RNG-e7258e31bde8,safe_range,selection,70301,NTSC,12,3,1000000.0,,True,bars,,,,,
12.817748324239993,95.37990171078262,True,0.8896127550298494,0,0,2,0.1,0.1,0.03657454891667836,1.5444518167090533,2.070295778417231,-3.5106609308838106,-50.80442768108449,119.86602321625979,0.1,0.1,506,0,2,0,0.0,24.816561090596906,0.5734872093791472,RNG-9e03617b1053,safe_range,selection,70301,NTSC,12,3,1000000.0,,True,bars,,,,,
13.083937137419246,95.27179211658832,True,0.830154711334961,0,0,2,0.1,0.075,0.04134593288351232,1.8163637397428722,1.7160145122225143,-4.470891731188719,-51.93937665702471,120.09451004796556,0.1,0.075,506,0,2,0,0.0,24.79799733161245,0.593019138266909,RNG-894eb4d231a5,safe_range,selection,70301,NTSC,12,3,1000000.0,,True,bars,,,,,
11.832140444708813,99.80934128739037,True,1.2568978857020714,0,0,2,0.35,0.5337499999999993,0.9123805352519965,-0.40908774502329287,0.12655570881131292,-2.8697628997533715,-71.15598950746406,133.27856241504747,0.35,0.5337499999999993,506,0,2,51,0.1007905138339921,23.38348269392482,0.5605172548943647,RNG-b4deae417e10,safe_range,selection,70301,NTSC,12,3,1000000.0,,False,bars,,,,,
11.921382092225528,92.57008874933344,True,0.961112934156614,0,0,2,0.65,0.6199999999999996,1.5401406113620921,4.3158465565331685,2.5419646443215287,-6.06324874677816,-60.07538372850912,117.68427726046095,0.65,0.6199999999999996,506,0,2,139,0.274703557312253,22.211491876095906,0.5541770544484961,RNG-c73334f8bd3d,safe_range,selection,70301,NTSC,12,3,1000000.0,,False,bars,,,,,
12.25547617398423,98.19738473096714,True,1.0303552128899018,0,0,2,0.59375,0.4374999999999998,1.1268221957654034,3.612010837402504,-1.647856857271378,-1.9580255606210188,-54.08738279242735,125.4725629708915,0.59375,0.43749999999999983,506,0,2,79,0.15612648221343872,25.008508510207456,0.5635174658732507,RNG-ccbd72c8c1cf,safe_range,selection,70301,NTSC,12,3,1000000.0,,False,bars,,,,,
11.600709796259661,95.88184950455414,True,0.7511281975632739,0,0,2,0.5,0.32249999999999995,1.4123817240347427,2.9537473348560397,1.9694956952378118,-2.685038816259818,-56.76378887761221,129.957897700744,0.5,0.32249999999999995,506,0,2,123,0.24308300395256918,25.802050947669784,0.5600113013544731,RNG-a64092aa7f14,safe_range,selection,70301,NTSC,12,3,1000000.0,,False,bars,,,,,
10.851904600251142,96.63080143254051,True,7.727287779942017,1,0,2,0.8875,0.5949999999999996,1.751550939330429,2.9114999978091207,1.7322409126168365,-1.2591463285086433,-69.71681506574456,132.00059075801948,0.8449999999999989,0.5949999999999995,506,1,2,184,0.36363636363636365,25.556275826037627,0.5032403039568956,RNG-8bfa6546d372,safe_range,selection,70301,NTSC,12,3,1000000.0,,False,bars,,,,,
12.255309616846047,96.53229702516047,True,0.7827388030719488,1,0,2,0.84375,0.5949999999999996,1.7519723679949468,2.097667577138901,2.0303896113806617,-1.9745702848601847,-66.15271454847473,127.88693800203579,0.825,0.5949999999999995,506,1,2,186,0.3675889328063241,26.702972108742923,0.5663061007309033,RNG-6cf1316b2595,safe_range,selection,70301,NTSC,12,3,1000000.0,,False,bars,,,,,
13.523857005991664,96.36034315493866,True,0.5569487637242713,2,0,0,0.95,0.7362499999999996,1.8876369786310179,1.8006802314332608,1.2432038966723202,-2.5339385593709607,-66.27418446259664,126.97328411389364,0.9462499999999991,0.7362499999999996,506,1,2,232,0.45849802371541504,26.37593620203797,0.6299160950624364,OVP56,safe_range,selection,70301,NTSC,14,3,1000000.0,,False,bars,,,,,
13.683619421839898,96.82613694671636,True,0.5321118593960267,0,0,2,0.775,0.25499999999999967,1.417919793747861,1.3862874672793417,1.2246845736131262,-2.0834266481030492,-64.38778617823642,126.14666619622449,0.775,0.2549999999999997,506,0,2,138,0.2727272727272727,27.263104475133186,0.6371816082631607,VLP56,safe_range,selection,70301,NTSC,14,3,1000000.0,,False,bars,,,,,
14.109153819262364,95.78486862639221,True,1.2787242561723469,0,0,2,0.075,0.075,0.0438398991660939,1.2870630408685657,2.112085865290409,-2.399138915861942,-51.011483302458124,110.3577308691946,0.075,0.075,506,0,2,0,0.0,24.774397101557547,0.6301226006262487,RANGE32,safe_range,selection,70301,NTSC,14,3,1000000.0,,True,bars,,,,,
-6.569494009122461,-82.14490978521316,False,601.0621163450915,506,12,50,2.025,2.025,1000000.0,83.40441766975418,23.12828175207571,-156.23798597413125,-68.56544778975024,78.28493406771764,1000000.0,1000000.0,506,506,2,1153,2.2786561264822134,-6.617890577444637,-0.33961399218221594,PLL96-rejected-board,safe_range,selection,70301,NTSC,14,3,1000000.0,,False,bars,,,,,
9.148370267246689,95.96248394741632,True,6.228794552137931,460,11,0,2.025,2.025,3.63222293895362,15.842407261797677,-1.230397746877497,-1.9209105429285565,-54.97930436844132,123.04111163814852,1.8375,1.2,506,36,2,46,0.09090909090909091,12.436259747898513,0.3396324129374877,PLL96-IQ-corrected,safe_range,selection,70301,NTSC,14,3,1000000.0,,False,bars,,,,,
18.32724915009551,96.1723121399429,True,0.0,0,0,2,0.025,0.036249999999999984,0.02455130950517655,1.7978590790074462,1.780309593132955,-1.2922934634995615,-57.14672690510414,118.13158940322796,0.025,0.036249999999999984,506,0,2,0,0.0,28.099876568193487,0.8404615096659463,floating-PLL-IQ40,safe_range,selection,70301,NTSC,14,3,1000000.0,,True,bars,,,,,
4.267179030157385,44.49570145276334,True,94.94696944609188,506,12,0,2.025,2.025,1000000.0,49.0756800615815,27.135341839298786,-25.71150048941126,-4.579326746676692,90.24749714178284,1000000.0,1000000.0,506,506,2,0,0.0,4.469214584687135,0.5002881854368767,HC50,safe_range,selection,70301,NTSC,14,3,1000000.0,,False,bars,,,,,
11.751904891833425,98.57083985860297,True,3.9611099236227565,6,0,0,1.375,1.0724999999999996,2.096203711474627,3.6279643735585374,-1.7815219846298662,-3.736231538419308,-60.67017961260012,111.69533563357226,1.1774999999999978,1.0724999999999996,506,2,2,279,0.5513833992094862,17.761436244449357,0.45761589666574065,PLL96-board-fixed,safe_range,selection,70301,NTSC,14,3,1000000.0,,False,bars,,,,,
13.85808653329044,97.60147430278509,True,0.7225281259125681,0,0,2,0.075,0.075,0.047724919949537085,2.330896585339002,0.3489102065829091,-1.980636858883075,-49.300528036740815,122.1921967518575,0.075,0.075,506,0,2,0,0.0,27.642986033765425,0.6361083252914023,RNG-58c0e88fcba8,safe_range,selection,70301,NTSC,14,3,1000000.0,,True,bars,,,,,
13.890184818170585,96.96682851566094,True,0.7195175920545991,0,0,2,0.075,0.075,0.047374235421990527,1.9299284600220867,0.5238081190563183,-3.095855716938983,-49.256029486889055,121.14365945031798,0.075,0.075,506,0,2,0,0.0,26.960836031159815,0.6366947621468954,RNG-39614bd6254d,safe_range,selection,70301,NTSC,14,3,1000000.0,,True,bars,,,,,
13.626484443470757,96.52167534077432,True,0.7729545680335494,0,0,2,0.075,0.1,0.03255430246059117,1.4001638120263553,1.6757896102627856,-1.839491287193984,-49.365331931818275,125.12562485407281,0.075,0.1,506,0,2,0,0.0,26.414202819200717,0.615767007560508,RNG-67899a3c7663,safe_range,selection,70301,NTSC,14,3,1000000.0,,True,bars,,,,,
13.955444125425458,95.55109733132032,True,0.6894122534749088,0,0,2,0.075,0.075,0.03965326497181413,2.1753517391039003,1.4188783288070066,-4.083402584969341,-49.456715068621385,119.46118628216217,0.075,0.075,506,0,2,0,0.0,25.456904434159657,0.6382804593833259,RNG-724ad17ee144,safe_range,selection,70301,NTSC,14,3,1000000.0,,True,bars,,,,,
13.670563645606734,96.3570362827483,True,0.7676861337821036,0,0,2,0.075,0.1,0.0314739995587047,1.3742690759642036,1.7145305522715586,-2.2159883386676986,-49.66275817859005,123.92964231658524,0.075,0.1,506,0,2,0,0.0,26.20102081402193,0.6179964186421651,RNG-80151adb4f37,safe_range,selection,70301,NTSC,14,3,1000000.0,,True,bars,,,,,
13.671135136337302,96.10809815973765,True,0.7616650660661655,0,0,2,0.075,0.1,0.03127716210856121,1.5455988173678454,1.834732793875883,-2.3440292679780637,-49.03310040418907,121.3593490363541,0.075,0.1,506,0,2,0,0.0,25.91915610480327,0.6178949051484491,RNG-e7258e31bde8,safe_range,selection,70301,NTSC,14,3,1000000.0,,True,bars,,,,,
13.667504263121412,95.56416346934701,True,0.76317033299515,0,0,2,0.075,0.1,0.03107907802540305,1.493917109672345,1.9692169855393415,-3.309644970920287,-49.43314432976753,120.57994670416198,0.075,0.1,506,0,2,0,0.0,25.19417801554924,0.6182702512601523,RNG-9e03617b1053,safe_range,selection,70301,NTSC,14,3,1000000.0,,True,bars,,,,,
14.058757814038184,95.68046021802569,True,0.6781227515075248,0,0,2,0.075,0.075,0.0384513706535715,1.7688053095439933,1.5320252207745904,-4.175191343047243,-49.96066641019887,120.20757927466485,0.075,0.075,506,0,2,0,0.0,25.48872118476445,0.6434197807176517,RNG-894eb4d231a5,safe_range,selection,70301,NTSC,14,3,1000000.0,,True,bars,,,,,
12.917498047798919,99.02882734476864,True,0.7187649585901068,0,0,2,0.1,0.061249999999999985,0.4358289657099201,-0.23231386392673167,1.6639007436113313,-2.9973727646503145,-68.81244785155869,131.45558160033144,0.1,0.061249999999999985,506,0,2,10,0.019762845849802372,24.29024960781376,0.6098746880712101,RNG-b4deae417e10,safe_range,selection,70301,NTSC,14,3,1000000.0,,True,bars,,,,,
12.836744838251954,92.76121190756149,True,0.640491078282912,0,0,2,0.36250000000000004,0.075,1.072032626634642,4.2449772821752445,2.4716784092829873,-5.8179699220270775,-54.03990167261276,117.79320284771788,0.3625,0.075,506,0,2,58,0.11462450592885376,22.503446499324223,0.6046043964677258,RNG-c73334f8bd3d,safe_range,selection,70301,NTSC,14,3,1000000.0,,False,bars,,,,,
13.125976696044873,98.61819052208008,True,0.8963864562102797,0,0,2,0.075,0.2999999999999996,0.6242455921258376,3.3518933675759506,-1.9299357221660873,-1.7916934392888995,-53.01336820714627,125.61575277160472,0.075,0.29999999999999966,506,0,2,27,0.0533596837944664,25.14775492254117,0.6084538356478697,RNG-ccbd72c8c1cf,safe_range,selection,70301,NTSC,14,3,1000000.0,,False,bars,,,,,
12.631004823177413,96.03906149920795,True,0.36352196334976083,0,0,2,0.3875,0.061249999999999985,0.9763077780445857,2.78337268802887,2.0356425285710933,-2.5198754256902967,-56.93993366265411,130.57853092293317,0.3875,0.061249999999999985,506,0,2,54,0.1067193675889328,26.34449356525709,0.6123998156727788,RNG-a64092aa7f14,safe_range,selection,70301,NTSC,14,3,1000000.0,,False,bars,,,,,
12.19335664313686,96.81699437584743,True,3.8497201708779016,0,0,2,0.53125,0.061249999999999985,1.0851642832949904,2.708003105833132,1.725553893480716,-1.1356795159444613,-64.41603090019365,131.68528127636975,0.53125,0.061249999999999985,506,0,2,67,0.1324110671936759,26.245384525597643,0.5688041734837325,RNG-8bfa6546d372,safe_range,selection,70301,NTSC,14,3,1000000.0,,False,bars,,,,,
13.248585136598873,96.76014560243541,True,0.5975909708068532,0,0,2,0.53125,0.061249999999999985,1.0846787151132646,2.0055607519773004,2.0390914942769895,-1.6216261142653925,-62.743427672006526,127.90222387627054,0.53125,0.061249999999999985,506,0,2,67,0.1324110671936759,27.228768627244918,0.6149820375592675,RNG-6cf1316b2595,safe_range,selection,70301,NTSC,14,3,1000000.0,,False,bars,,,,,
14.935762249130487,97.229212530905,True,0.4229800070446493,0,0,2,0.05,0.05,0.5224777072234322,0.6342024874151928,1.1497148802644466,-1.6813182708039092,-62.732243753658445,123.29416258889843,0.05,0.05,506,0,2,25,0.04940711462450593,27.67743790127544,0.6954358741647425,OVP56,safe_range,selection,70301,NTSC,18,3,1000000.0,,False,bars,,,,,
15.122725756742842,97.31638423451938,True,0.41846420625769565,0,0,2,0.05,0.05,0.33772957350835353,0.6943138157641365,1.253468749889078,-1.4683171457971993,-60.95227696687404,123.9232080215228,0.05,0.05,506,0,2,5,0.009881422924901186,28.055046068443858,0.7033526770966306,VLP56,safe_range,selection,70301,NTSC,18,3,1000000.0,,True,bars,,,,,
15.260702392658407,95.67279378364384,True,1.098092224694205,0,0,2,0.075,0.075,0.04045504507396771,1.3491147413751543,2.0117351926222735,-2.8093889009188238,-50.94298412572382,108.51972632400093,0.075,0.075,506,0,2,0,0.0,25.006733180651118,0.692417255504722,RANGE32,safe_range,selection,70301,NTSC,18,3,1000000.0,,True,bars,,,,,
-6.575441094818885,-82.22063004767845,False,602.4469619197572,506,12,49,2.025,2.025,1000000.0,83.61637788008434,22.87217503882498,-156.16478076107168,-67.9351160162435,75.71573983445158,1000000.0,1000000.0,506,506,2,1195,2.3616600790513833,-6.623853326238446,-0.3456344952193734,PLL96-rejected-board,safe_range,selection,70301,NTSC,18,3,1000000.0,,False,bars,,,,,
8.997256723565156,96.99539537038847,True,6.365021209211029,479,10,0,2.025,2.025,3.6558362776372917,15.574113046225353,-1.095947290063243,-1.7254478159941746,-53.45751274973186,117.90602657159671,1.75,1.185,506,79,2,22,0.043478260869565216,12.005872938014178,0.34619600086999974,PLL96-IQ-corrected,safe_range,selection,70301,NTSC,18,3,1000000.0,,False,bars,,,,,
20.224750989740205,96.31030965601423,True,0.0,0,0,2,0.025,0.036249999999999984,0.021116325662533388,1.6637574364426182,1.7369600580202853,-1.1878178360710678,-50.62094051473666,115.21441608990374,0.025,0.036249999999999984,506,0,2,0,0.0,28.590033789317992,0.8969465274402078,floating-PLL-IQ40,safe_range,selection,70301,NTSC,18,3,1000000.0,,True,bars,,,,,
4.299198349519396,44.49069530793399,True,94.95223788034332,506,12,0,2.025,2.025,1000000.0,48.99898651957772,27.125918195551662,-25.690726319374036,0.39436762320659113,87.05580094142839,1000000.0,1000000.0,506,506,2,0,0.0,4.471677813964447,0.5512487818637103,HC50,safe_range,selection,70301,NTSC,18,3,1000000.0,,False,bars,,,,,
11.927156496467262,97.84766176445184,True,3.864772840167747,22,0,0,1.825,1.2299999999999993,2.446807035591791,5.0435024473371755,-1.2117132839224438,-2.955875371555608,-60.00072647826498,111.51499679782988,1.625,1.2299999999999993,506,2,2,343,0.6778656126482213,17.58975242941651,0.4741770655901059,PLL96-board-fixed,safe_range,selection,70301,NTSC,18,3,1000000.0,,False,bars,,,,,
15.05568131573665,97.75638242837051,True,0.5629698314402093,0,0,2,0.075,0.061249999999999985,0.04741332845746035,2.563870983342679,0.2803233916058229,-2.0671182260626653,-46.01906797870545,113.68211121045472,0.075,0.061249999999999985,506,0,2,0,0.0,27.864097413659763,0.695989254014765,RNG-58c0e88fcba8,safe_range,selection,70301,NTSC,18,3,1000000.0,,True,bars,,,,,
15.104112997089675,97.29846156809008,True,0.5464118952213796,0,0,2,0.05,0.061249999999999985,0.04659874126783937,2.0319284778546156,0.3796384208895777,-2.9486970807990334,-47.042598701888906,113.65049935779307,0.05,0.061249999999999985,506,0,2,0,0.0,27.51430748158294,0.6973776346742518,RNG-39614bd6254d,safe_range,selection,70301,NTSC,18,3,1000000.0,,True,bars,,,,,
14.689726390233162,96.49634770283808,True,0.6021067715938067,0,0,2,0.075,0.08624999999999998,0.028659959536475467,1.4844452573934277,1.654990098109725,-1.768860579082067,-48.56170562884919,117.74946574732083,0.075,0.08624999999999998,506,0,2,0,0.0,26.618924231239514,0.6702333411835005,RNG-67899a3c7663,safe_range,selection,70301,NTSC,18,3,1000000.0,,True,bars,,,,,
15.158934755432782,95.92674582008225,True,0.5321118593960267,0,0,2,0.075,0.061249999999999985,0.040179316449583,2.299204611073532,1.2379360892265516,-3.9697659284915616,-47.0375660251116,112.89399217621182,0.075,0.061249999999999985,506,0,2,0,0.0,26.094590224195766,0.6993073592144621,RNG-724ad17ee144,safe_range,selection,70301,NTSC,18,3,1000000.0,,True,bars,,,,,
14.757924624813805,96.45506730639411,True,0.582538301517008,0,0,2,0.075,0.08624999999999998,0.027762402420220995,1.334837621873556,1.6201652610039237,-2.0513080723489963,-48.559112696975646,117.74872942635024,0.075,0.08624999999999998,506,0,2,0,0.0,26.491490936526752,0.6737801702296221,RNG-80151adb4f37,safe_range,selection,70301,NTSC,18,3,1000000.0,,True,bars,,,,,
14.751381418009855,96.2627314796476,True,0.582538301517008,0,0,2,0.075,0.08624999999999998,0.02778463902964919,1.4861208809427147,1.720912817699253,-2.1311703646283378,-48.559110069989366,117.74880691339796,0.075,0.08624999999999998,506,0,2,0,0.0,26.262837961856956,0.67355470225102,RNG-e7258e31bde8,safe_range,selection,70301,NTSC,18,3,1000000.0,,True,bars,,,,,
14.739036929052826,95.75003665478964,True,0.5878067357684539,0,0,2,0.075,0.08624999999999998,0.027673277302839323,1.4425183078741517,1.8349830575839066,-3.1317317774820594,-48.55822789869822,115.0784721021058,0.075,0.08624999999999998,506,0,2,0,0.0,25.56913065028724,0.6740316244877903,RNG-9e03617b1053,safe_range,selection,70301,NTSC,18,3,1000000.0,,True,bars,,,,,
15.360431953699116,96.18338124969547,True,0.5148012897127048,0,0,2,0.075,0.05,0.03623526005352032,1.851262009581021,1.247526199298817,-3.870528205550528,-49.38014286638213,113.00067744436966,0.075,0.05,506,0,2,0,0.0,26.367290720642735,0.7077801037274982,RNG-894eb4d231a5,safe_range,selection,70301,NTSC,18,3,1000000.0,,True,bars,,,,,
14.413932234834544,98.0510118001261,True,0.4290010747605873,0,0,2,0.05,0.05,0.2833183170476338,0.1709491331278894,2.529752954753907,-3.302400587588325,-68.84975462610814,129.77068889173734,0.05,0.05,506,0,2,0,0.0,25.28061253005529,0.6790844103867363,RNG-b4deae417e10,safe_range,selection,70301,NTSC,18,3,1000000.0,,True,bars,,,,,
14.179046866467433,92.94144477424969,True,0.41921683972218793,0,0,2,0.075,0.075,0.38710533899477656,4.162953131178434,2.4001239371689347,-5.549005429664385,-52.690162066002806,115.19307210567653,0.075,0.075,506,0,2,8,0.015810276679841896,22.79340044573217,0.6776874218666307,RNG-c73334f8bd3d,safe_range,selection,70301,NTSC,18,3,1000000.0,,True,bars,,,,,
14.332501981479783,99.00157533296965,True,0.7277965601640138,0,0,2,0.05,0.05,0.11449429107054657,3.1767788588558257,-2.2315369230267588,-1.6952500375477506,-50.84468614401152,120.93695811012567,0.05,0.05,506,0,2,1,0.001976284584980237,25.178635820024382,0.6699116809474067,RNG-ccbd72c8c1cf,safe_range,selection,70301,NTSC,18,3,1000000.0,,True,bars,,,,,
14.131226958538111,96.15158572010557,True,0.1610635614013433,0,0,2,0.05,0.05,0.38542492335278733,2.5700651755335047,2.1115521494767084,-2.447066417697973,-54.02617081762101,131.53958965946765,0.05,0.05,506,0,2,8,0.015810276679841896,26.91181521453135,0.6843364438003664,RNG-a64092aa7f14,safe_range,selection,70301,NTSC,18,3,1000000.0,,True,bars,,,,,
13.993180670724312,96.95339430149376,True,1.3615139372664955,0,0,2,0.05,0.05,0.3847401078557906,2.5278024502768535,1.753307319537243,-1.0370614033085455,-56.19616689363783,125.94532035754254,0.05,0.05,506,0,2,8,0.015810276679841896,27.318944619135962,0.6554179569644863,RNG-8bfa6546d372,safe_range,selection,70301,NTSC,18,3,1000000.0,,True,bars,,,,,
14.58184894302754,96.85655713542145,True,0.4666327479852002,0,0,2,0.05,0.05,0.3847304764711157,2.122512192269797,2.083200916631375,-1.28317450254036,-57.06108518256706,122.6398908661509,0.05,0.05,506,0,2,8,0.015810276679841896,27.647304745537213,0.6785822746718874,RNG-6cf1316b2595,safe_range,selection,70301,NTSC,18,3,1000000.0,,True,bars,,,,,
15.63043761051295,97.51227113967492,True,0.36051142949179177,0,0,2,0.05,0.05,0.03788504559640779,0.28238168535795777,1.0854427121974881,-1.413396938297623,-61.340407804413154,122.33071744677555,0.05,0.05,506,0,2,0,0.0,28.02795535491431,0.7263720987231662,OVP56,safe_range,selection,70301,NTSC,22,3,1000000.0,,True,bars,0.8758744139432638,-47.89833198699609,11.876708464362386,21.4849475660178,11.520401487836068
15.841914182227592,97.51004358625269,True,0.36126406295628405,0,0,2,0.05,0.05,0.0209990118344582,0.4286857494525392,1.2326775812814879,-1.2737879553853217,-59.407815576445415,123.99068332823079,0.05,0.05,506,0,2,0,0.0,28.347690232250535,0.7348105721528448,VLP56,safe_range,selection,70301,NTSC,22,3,1000000.0,,True,bars,0.8663304960913607,-47.95446921606584,11.759121040335634,21.12060576169064,11.340455826443552
15.826795097014227,95.66467883868796,True,0.9829393046268894,0,0,2,0.05,0.061249999999999985,0.04030209539565694,1.338316378011946,1.9493417465994485,-2.9817561491792604,-49.2822555551998,106.76967342777762,0.05,0.061249999999999985,506,0,2,0,0.0,25.147091432839403,0.7219835182824124,RANGE32,safe_range,selection,70301,NTSC,22,3,1000000.0,,True,bars,0.8406993861629523,-49.03169146856175,11.591624577938777,20.701651625621253,11.453639417977143
-6.583636289447654,-82.45920552919308,False,603.440438092887,506,12,49,2.025,2.025,1000000.0,84.25011570077396,22.73808649443558,-156.1894282090682,-67.68865562595451,75.7363762661111,1000000.0,1000000.0,506,506,2,1213,2.397233201581028,-6.631802916832585,-0.3475500672453728,PLL96-rejected-board,safe_range,selection,70301,NTSC,22,3,1000000.0,contrast;waveform;detail_floor;sync;h_jitter_us;v_jitter_us;h_width_rmse_us;sync_error_ire;black_error_ire;white_error_ire;contrast;stress_waveform;reference_detail;burst_gain;burst_phase_jitter_deg;burst_amplitude_jitter_pct;burst_rmse_ire;h_missing;v_missing;vertical_trains;sync_error_ire;black_error_ire;white_error_ire,False,bars,0.43852465062638146,82.03401835458723,37.64986927831538,36.4020502504846,29.38384581573872
8.922291546095673,97.8384566006366,True,6.456842491879085,498,11,0,2.025,2.025,3.681287139031673,14.777111081486801,-1.0375881110026794,-1.6412835148614977,-53.51939501061241,110.75437428470035,1.6824999999999999,1.25,506,179,2,3,0.005928853754940711,11.827865902434919,0.3506688200469746,PLL96-IQ-corrected,safe_range,selection,70301,NTSC,22,3,1000000.0,waveform;detail_floor;sync;h_jitter_us;v_jitter_us;h_width_rmse_us;sync_error_ire;stress_waveform;reference_detail;burst_gain;burst_phase_jitter_deg;burst_amplitude_jitter_pct;burst_rmse_ire;h_missing;v_missing;vertical_trains;sync_error_ire,False,bars,0.5056138148360237,-96.23059691503678,38.31060932264523,33.11698781147672,18.07149651788784
21.240141044387656,96.36850566662302,True,0.0,0,0,2,0.025,0.036249999999999984,0.01953637531565946,1.6371162126929442,1.724147911889823,-1.1234086925565334,-49.78676423717106,113.74809418878623,0.025,0.036249999999999984,506,0,2,0,0.0,28.808634037675578,0.9214567225177582,floating-PLL-IQ40,safe_range,selection,70301,NTSC,22,3,1000000.0,,True,bars,0.5952389713130272,5.059633827668073,8.510380404655267,17.77609932802624,6.2888089010163695
4.311302178421934,44.490822966275566,True,94.8664376653912,506,12,0,2.025,2.025,1000000.0,48.9650803770834,27.136884796044537,-25.651402263630917,0.9839811089978951,84.60980346635058,1000000.0,1000000.0,506,506,2,0,0.0,4.4721096323539715,0.5759644015141301,HC50,safe_range,selection,70301,NTSC,22,3,1000000.0,contrast;waveform;detail_floor;sync;h_jitter_us;v_jitter_us;h_width_rmse_us;sync_error_ire;black_error_ire;white_error_ire;contrast;stress_waveform;reference_detail;burst_gain;burst_rmse_ire;h_missing;v_missing;vertical_trains;sync_error_ire;black_error_ire;white_error_ire,False,bars,0.43441267002021977,81.0061986539662,10.96307891205352,18.716136917577522,30.88326561669534
11.90766352990552,97.2041830949485,True,3.7548883543518774,0,0,2,0.275,0.35124999999999984,0.11352464864425862,5.583938675219705,-0.8099593062974044,-2.748460431346494,-58.462563084453606,111.5755402477585,0.275,0.35124999999999984,506,0,2,0,0.0,17.192002699849823,0.4813873445625001,PLL96-board-fixed,safe_range,selection,70301,NTSC,22,3,1000000.0,waveform;detail_floor;v_jitter_us;sync_error_ire;stress_waveform;reference_detail;burst_phase_jitter_deg;burst_rmse_ire,True,bars,0.5965344414899996,-86.05697523671707,37.699795761864316,21.85709435242937,16.24446447205134
15.642688287088397,97.82511955239613,True,0.4801801503460609,0,0,2,0.05,0.061249999999999985,0.04688940819407421,2.678522926727506,0.3215652822255176,-2.177271374538739,-45.42798593612386,111.67116109722731,0.05,0.061249999999999985,506,0,2,0,0.0,27.852271771974234,0.7245058703503113,RNG-58c0e88fcba8,safe_range,selection,70301,NTSC,22,3,1000000.0,,True,bars,0.9716066723565762,-49.16676528551317,11.787149475897483,18.752230793846042,12.174801619213179
15.7090565628626,97.45148380849272,True,0.45534324601781634,0,0,2,0.05,0.061249999999999985,0.04599847479856768,2.05932363678817,0.3653950878688941,-2.9624668844561297,-47.02699917480349,111.64923892421437,0.05,0.061249999999999985,506,0,2,0,0.0,27.693870700806773,0.7265820958047073,RNG-39614bd6254d,safe_range,selection,70301,NTSC,22,3,1000000.0,,True,bars,0.9728957551414932,-49.03961786452454,11.755983192183479,19.05531959726764,12.175242811170074
15.205786522837016,96.4463197506213,True,0.5110381223902435,0,0,2,0.075,0.075,0.026393944688233577,1.5419619033577383,1.6490234121802896,-1.8294557820479718,-49.04162740926939,113.52098238270305,0.075,0.075,506,0,2,0,0.0,26.668757395786884,0.6959066516739159,RNG-67899a3c7663,safe_range,selection,70301,NTSC,22,3,1000000.0,,True,bars,0.7797434250933226,-55.448027389310106,12.958229176897193,24.478582780941615,12.5803624823755
15.754855069205973,96.12019335407302,True,0.448569544837386,0,0,2,0.05,0.061249999999999985,0.040179316449583,2.3488140402261477,1.1930420907704122,-3.9837495341712628,-46.86328271569245,108.86542110277061,0.05,0.061249999999999985,506,0,2,0,0.0,26.362386035296545,0.7284376735314473,RNG-724ad17ee144,safe_range,selection,70301,NTSC,22,3,1000000.0,,True,bars,0.9262578054585089,-49.115325915060254,12.065100099060164,19.742942679671827,11.88891792786818
15.292488383941041,96.45963758072016,True,0.48243805073953766,0,0,2,0.075,0.075,0.025440778321054326,1.3237226213525592,1.5873034316838615,-2.070072764316769,-49.0416837600163,113.40689911596941,0.075,0.075,506,0,2,0,0.0,26.5687720083249,0.7004733472619386,RNG-80151adb4f37,safe_range,selection,70301,NTSC,22,3,1000000.0,,True,bars,0.782671308609507,-55.19641799841321,12.678475156683005,24.69782397829018,12.502275679252193
15.280728200543743,96.28554404120689,True,0.4801801503460609,0,0,2,0.075,0.075,0.025754427072524677,1.47371381494602,1.6818601573576577,-2.1392406068965935,-49.04160622350539,113.10954211861825,0.075,0.075,506,0,2,0,0.0,26.359931110540522,0.70012906284936,RNG-e7258e31bde8,safe_range,selection,70301,NTSC,22,3,1000000.0,,True,bars,0.7773718338505269,-55.206136948900316,12.686794374146707,24.38106715615232,12.49928960359437
15.263947612924945,95.79322792781258,True,0.47716961648809186,0,0,2,0.075,0.075,0.025658328128924174,1.436562336692024,1.7817212659127701,-3.1486643194492783,-49.04160622301186,112.50247990112199,0.075,0.075,506,0,2,0,0.0,25.678937396468577,0.7007698013571483,RNG-9e03617b1053,safe_range,selection,70301,NTSC,22,3,1000000.0,,True,bars,0.7776632338674383,-54.949272886889425,13.0548639510477,25.122097867759575,12.473346757247358
15.996687529331703,96.43334406777487,True,0.4305063416895718,0,0,2,0.05,0.05,0.0363373793543222,1.8786321831439725,1.104721260581073,-3.832359182277941,-49.16101913054486,109.51110616675795,0.05,0.05,506,0,2,0,0.0,26.75137515336445,0.737818461100987,RNG-894eb4d231a5,safe_range,selection,70301,NTSC,22,3,1000000.0,,True,bars,0.873337476972804,-48.931870661976546,11.721946917263281,21.45523985816181,11.543590265789506
15.20546746690714,97.58283894075414,True,0.2927744176874885,0,0,2,0.05,0.05,0.2084403545931663,0.3211781521082248,2.580127171109382,-3.4341895825133975,-67.68152960392925,128.93718300007959,0.05,0.05,506,0,2,0,0.0,25.747041755405178,0.7149773739905269,RNG-b4deae417e10,safe_range,selection,70301,NTSC,22,3,1000000.0,h_width_rmse_us,True,bars,0.8192228266322534,-51.24342647245882,13.864353532434206,24.63545575907147,12.087653939620907
14.977874998171824,93.0268870099805,True,0.34094295941499303,0,0,2,0.075,0.075,0.030456831369581095,4.099608421395491,2.365979412043862,-5.43325260445985,-49.96220961320475,115.31032429903497,0.075,0.075,506,0,2,0,0.0,22.917107793299078,0.7198081188753555,RNG-c73334f8bd3d,safe_range,selection,70301,NTSC,22,3,1000000.0,white_error_ire,True,bars,0.9768482190436263,-27.795014684522773,12.77260212493233,22.682068350347308,9.432509507752329
14.99523353048126,99.1273514067716,True,0.62318050859959,0,0,2,0.05,0.05,0.029087743775423076,3.1247417483750564,-2.3231732001424783,-1.699723587810465,-48.03562708624106,119.43149045430225,0.05,0.05,506,0,2,0,0.0,25.21593024011107,0.7026075625453342,RNG-ccbd72c8c1cf,safe_range,selection,70301,NTSC,22,3,1000000.0,,True,bars,0.8511109828324405,-54.196162209286776,14.320876375912693,23.534915621986784,12.708783829303277
14.973878451377253,96.22836311791339,True,0.08956338227457876,0,0,2,0.05,0.05,0.023732701209920617,2.4571150766249334,2.1138706940828897,-2.408027163564681,-52.188793460776935,125.72014428004026,0.05,0.05,506,0,2,0,0.0,27.21276776658253,0.7221030112681363,RNG-a64092aa7f14,safe_range,selection,70301,NTSC,22,3,1000000.0,,True,bars,0.9203632062372831,-43.44315551509156,15.376760486130078,27.44742676782809,11.524637957050953
14.813004759702588,96.99561585527888,True,0.9016548904617256,0,0,2,0.05,0.05,0.02375870965740733,2.4665775118620323,1.7534955789377964,-0.9965575537406685,-48.52806940935563,123.31562061060295,0.05,0.05,506,0,2,0,0.0,27.77032973377878,0.693105845215779,RNG-8bfa6546d372,safe_range,selection,70301,NTSC,22,3,1000000.0,stress_waveform,True,bars,0.8656427307123664,-47.88044323449936,12.068858300952055,22.287034701133095,11.635347745962784
15.305650565420244,96.8460567934457,True,0.3891115011424976,0,0,2,0.05,0.05,0.02368059861971699,2.2372120042453636,2.1046375041167162,-1.1921014439115554,-50.86878821525522,121.93839511591888,0.05,0.05,506,0,2,0,0.0,27.75954757374539,0.711673318563313,RNG-6cf1316b2595,safe_range,selection,70301,NTSC,22,3,1000000.0,,True,bars,0.8656437672649752,-47.88044608225604,12.068843141877737,22.28708355779186,11.635349336452013
16.07460126900564,97.59073161115977,True,0.30857972044182597,0,0,2,0.05,0.036249999999999984,0.02266790665445007,0.14963300126220985,1.0872037869055575,-1.3287908850069614,-55.40280783024055,124.02644170170014,0.05,0.036249999999999984,506,0,2,0,0.0,28.17133812880419,0.7455183059725514,OVP56,safe_range,selection,70301,NTSC,30,3,1000000.0,,True,bars,0.8785260443997522,-47.86277283499174,9.61790409411309,21.112868013133635,11.373581384987846
16.30403669013452,97.58175400851997,True,0.33717979209253174,0,0,2,0.05,0.036249999999999984,0.019881069312188603,0.2825483112563489,1.2410478652163286,-1.2214859962607283,-56.46166858116551,123.56646575624175,0.05,0.036249999999999984,506,0,2,0,0.0,28.49118821444928,0.7543980597798152,VLP56,safe_range,selection,70301,NTSC,30,3,1000000.0,,True,bars,0.8678451533454553,-47.871598598815936,9.39397568890214,22.270074499294303,11.17232471557476
16.175981026245765,95.71177770350236,True,0.9340181294348927,0,0,2,0.05,0.05,0.03833877489016898,1.2380596573065175,1.8700826327471611,-3.0870911739791076,-43.15024232429327,103.96705037247015,0.05,0.05,506,0,2,0,0.0,25.283210684690488,0.7396371988984262,RANGE32,safe_range,selection,70301,NTSC,30,3,1000000.0,,True,bars,0.8490733037191729,-48.75025272434555,8.765334934225383,20.535874368399487,11.274194005098545
-6.59346636906381,-82.81364197872907,False,604.1381293144713,506,12,49,2.025,2.025,1000000.0,85.02663921131,22.685927633865045,-156.2439447534762,-66.65213333857658,68.28795822110273,1000000.0,1000000.0,506,506,2,1215,2.4011857707509883,-6.6415462628223825,-0.34667384422083103,PLL96-rejected-board,safe_range,selection,70301,NTSC,30,3,1000000.0,contrast;waveform;detail_floor;sync;h_jitter_us;v_jitter_us;h_width_rmse_us;sync_error_ire;black_error_ire;white_error_ire;contrast;stress_waveform;reference_detail;burst_gain;burst_phase_jitter_deg;burst_amplitude_jitter_pct;burst_rmse_ire;h_missing;v_missing;vertical_trains;sync_error_ire;black_error_ire;white_error_ire,False,bars,0.44217957614919357,82.17828948360763,37.58977097290674,38.399099065965835,29.328641773283536
8.882629889169264,98.59103571913512,True,6.520816336360927,506,12,0,2.025,2.025,1000000.0,13.94057528030464,-1.0935488375050129,-1.6268832991774447,-41.77358042674848,107.06762125987306,1000000.0,1000000.0,506,506,2,0,0.0,11.723032176519974,0.3538963712863746,PLL96-IQ-corrected,safe_range,selection,70301,NTSC,30,3,1000000.0,waveform;detail_floor;sync;h_jitter_us;v_jitter_us;h_width_rmse_us;sync_error_ire;stress_waveform;reference_detail;burst_gain;burst_phase_jitter_deg;burst_amplitude_jitter_pct;burst_rmse_ire;h_missing;v_missing;vertical_trains;sync_error_ire,False,bars,0.5024231607314367,-95.14661526164271,39.383184318978074,36.30614480518306,17.966907207769047
21.94589137900003,96.38969670844774,True,0.0,0,0,2,0.025,0.025,0.0209990118344582,1.6381943446785665,1.7223097668865235,-1.0770194266423239,-45.32509574830157,112.03131908970217,0.025,0.025,506,0,2,0,0.0,28.922846185091416,0.9364570425830993,floating-PLL-IQ40,safe_range,selection,70301,NTSC,30,3,1000000.0,burst_gain,True,bars,0.5940401348095339,4.951039668497793,7.149245302849304,18.601312747592175,6.166879899312693
4.319562781700899,44.5003383830916,True,94.81300068941226,506,12,0,2.025,2.025,1000000.0,48.94454497815824,27.13975288823663,-25.60395403304796,1.6554998409134782,84.25577954516454,1000000.0,1000000.0,506,506,2,0,0.0,4.473629399094151,0.5920309523212033,HC50,safe_range,selection,70301,NTSC,30,3,1000000.0,contrast;waveform;detail_floor;sync;h_jitter_us;v_jitter_us;h_width_rmse_us;sync_error_ire;black_error_ire;white_error_ire;contrast;stress_waveform;reference_detail;burst_gain;burst_rmse_ire;h_missing;v_missing;vertical_trains;sync_error_ire;black_error_ire;white_error_ire,False,bars,0.43756146222083625,81.0508105581759,8.2992749596563,19.640128536685992,30.866192677712785
11.839559615659025,96.79096246172735,True,3.6276932988526855,0,0,2,0.25,0.475,0.10101388195602665,5.698606826427661,-0.6742362938551029,-2.7077074826562058,-57.29043459111873,111.3991738429492,0.25,0.475,506,0,2,0,0.0,16.795311072347076,0.48537368287329585,PLL96-board-fixed,safe_range,selection,70301,NTSC,30,3,1000000.0,waveform;detail_floor;v_jitter_us;sync_error_ire;stress_waveform;reference_detail;burst_phase_jitter_deg;burst_rmse_ire,True,bars,0.602579106425372,-86.60147828235456,34.66257144078656,15.243677162597757,16.302386687404912
16.006566121951803,97.90633976980047,True,0.40642207082581955,0,0,2,0.05,0.05,0.04571565321218325,2.650206289589678,0.3299458462573582,-2.2698191642306975,-43.32825017889205,110.38032440624956,0.05,0.05,506,0,2,0,0.0,27.858722581000773,0.7415162500880244,RNG-58c0e88fcba8,safe_range,selection,70301,NTSC,30,3,1000000.0,,True,bars,0.990160006597964,-48.829532240835015,8.8657832695661,17.118680928375095,12.088510542802881
16.091180310776057,97.58161642449473,True,0.3861009672845286,0,0,2,0.05,0.05,0.04496650048656116,1.9704244139810014,0.33316344342988397,-3.011233311219718,-44.85610429946216,110.38032440624956,0.05,0.05,506,0,2,0,0.0,27.821194662520604,0.7442349985786216,RNG-39614bd6254d,safe_range,selection,70301,NTSC,30,3,1000000.0,,True,bars,0.9962261734023871,-48.71487472741326,8.746974220656353,17.371634772864496,12.087430939767339
15.526263235335636,96.37952426441983,True,0.5110381223902435,0,0,2,0.075,0.075,0.026111648393354676,1.5629064948730946,1.6620788326677427,-1.9383348534094598,-46.45806520099332,113.68505714597613,0.075,0.075,506,0,2,0,0.0,26.691338743137063,0.7117931048028279,RNG-67899a3c7663,safe_range,selection,70301,NTSC,30,3,1000000.0,,True,bars,0.7775718110624726,-55.13651160161007,12.433031819758101,25.726494191333792,12.36263692122806
16.13003331686594,96.2682596248607,True,0.3823377999620673,0,0,2,0.05,0.05,0.03910435011131701,2.256092041713142,1.1616783458751325,-4.0375307066168356,-44.85574224296835,108.68573821987421,0.05,0.05,506,0,2,0,0.0,26.539639241850953,0.7459466471357012,RNG-724ad17ee144,safe_range,selection,70301,NTSC,30,3,1000000.0,,True,bars,0.9455050830761909,-48.732088703637324,9.582214217926127,18.388093571668822,11.757848010285155
15.628729599682838,96.42293895955918,True,0.4703959153076615,0,0,2,0.075,0.075,0.0253678471294706,1.3182551113567496,1.5866230644415484,-2.151463924755335,-46.39560879539388,113.68469523311178,0.075,0.075,506,0,2,0,0.0,26.5977104841771,0.7172012264150542,RNG-80151adb4f37,safe_range,selection,70301,NTSC,30,3,1000000.0,,True,bars,0.7831515558964317,-54.790425544414276,12.032910913356334,24.704601826325028,12.273776555117264
15.610409716892091,96.24541450495872,True,0.4673853814496925,0,0,2,0.075,0.075,0.02710960770722302,1.4814255706280137,1.6911060379587686,-2.2286445532563093,-46.39388721852498,113.68505628254896,0.075,0.075,506,0,2,0,0.0,26.384257696690202,0.7166699822961587,RNG-e7258e31bde8,safe_range,selection,70301,NTSC,30,3,1000000.0,,True,bars,0.7776436736172623,-54.80017991652762,12.005973498236164,24.787086860616032,12.277523333727661
15.589740903670402,95.78177718373146,True,0.465880114520708,0,0,2,0.075,0.075,0.02690379581488478,1.428445612003063,1.7748052176556268,-3.2319967925680406,-46.39388721852498,113.6534210288968,0.075,0.075,506,0,2,0,0.0,25.725689810521732,0.7173493912354058,RNG-9e03617b1053,safe_range,selection,70301,NTSC,30,3,1000000.0,,True,bars,0.7788931937949923,-54.549984326322935,12.51679667893047,25.12726328987016,12.249482161271205
16.37980292460232,96.58521326644824,True,0.3725535649236679,0,0,2,0.05,0.036249999999999984,0.03566837817424599,1.7772147793841193,1.027340773718067,-3.8987614809047946,-44.67590583537225,110.53004812712531,0.05,0.036249999999999984,506,0,2,0,0.0,26.963787097167863,0.7551978891802046,RNG-894eb4d231a5,safe_range,selection,70301,NTSC,30,3,1000000.0,,True,bars,0.8859181514826358,-48.61970698601863,9.530020153491872,20.79584054199562,11.381005721286565
15.674380820446006,97.47117804437408,True,0.19267416691001815,0,0,2,0.05,0.036249999999999984,0.22966722790403188,0.04876936462621164,2.566324796246406,-3.4655123090472726,-67.44020525327939,129.2163483236751,0.05,0.036249999999999984,506,0,2,2,0.003952569169960474,25.83867239926867,0.7363890757771201,RNG-b4deae417e10,safe_range,selection,70301,NTSC,30,3,1000000.0,h_width_rmse_us,True,bars,0.8027699639565152,-50.956673922067075,11.208547510945838,24.738579079345705,11.698064913015598
15.54000528606801,93.05887183455869,True,0.2754638480041666,0,0,2,0.075,0.075,0.029821603968282907,4.031285729553188,2.374323551883379,-5.396473473522176,-49.58586779756732,106.9369913032498,0.075,0.075,506,0,2,0,0.0,22.969565657703498,0.7486994321409538,RNG-c73334f8bd3d,safe_range,selection,70301,NTSC,30,3,1000000.0,white_error_ire,True,bars,0.9856440750411245,-25.31841552684647,10.272652809994412,21.47066753890315,8.64952409008631
15.441107461262453,99.11742192136859,True,0.5667329987626706,0,0,2,0.05,0.036249999999999984,0.02876750197637039,3.042923848343468,-2.2167045944872306,-1.7526558326746267,-47.10924609825877,119.45463358936068,0.05,0.036249999999999984,506,0,2,0,0.0,25.500611281777886,0.7225635003749526,RNG-ccbd72c8c1cf,safe_range,selection,70301,NTSC,30,3,1000000.0,,True,bars,0.8556800431043986,-53.985287123203186,11.406429509405703,23.936692128676434,12.557262959100939
15.596297115596819,96.29429329716545,True,0.05644750983691938,0,0,2,0.05,0.036249999999999984,0.0246767641263403,2.3744096170207505,2.1045710660988157,-2.3611930837217554,-48.23130847839036,123.35913008768868,0.05,0.036249999999999984,506,0,2,0,0.0,27.436045360225293,0.7485763372408201,RNG-a64092aa7f14,safe_range,selection,70301,NTSC,30,3,1000000.0,,True,bars,0.9182164852909871,-43.55050338762108,12.894584320188146,27.2736395759832,11.278197465287946
15.322356696883247,97.01765052043162,True,0.7134965243386611,0,0,2,0.05,0.036249999999999984,0.024399912524951734,2.430757662218442,1.7144565893210404,-0.9757644295775317,-47.87969357137237,122.42272159000466,0.05,0.036249999999999984,506,0,2,0,0.0,28.025071276446084,0.7158674125474886,RNG-8bfa6546d372,safe_range,selection,70301,NTSC,30,3,1000000.0,,True,bars,0.871132245039479,-47.60018083550909,10.716256990253175,21.77214952433672,11.396654426628906
15.779808906955699,96.8367019891285,True,0.34320085980846987,0,0,2,0.05,0.036249999999999984,0.02437458827056744,2.2922018169789546,2.0991922822609443,-1.1736027032981693,-47.87969356909164,120.58281374584358,0.05,0.036249999999999984,506,0,2,0,0.0,27.85616346281332,0.7326982791317763,RNG-6cf1316b2595,safe_range,selection,70301,NTSC,30,3,1000000.0,,True,bars,0.871132222754948,-47.60017713651874,10.716270528262632,21.772151339732574,11.396655482225011
11.68126896114149,92.36419511033696,True,0.6982434127979925,129,2,0,2.025,2.025,2.2812655034645344,3.0648816414020637,2.3783130764365716,-5.279486934354723,-53.64513583997844,120.63060069029575,1.55,0.1625,610,6,2,261,0.4278688524590164,21.61015531591356,0.5224288877110627,OVP56,safe_range,selection_envelope,70351,PAL,30,1.5,1000000.0,stress_waveform;reference_detail;burst_gain;h_missing;v_missing;vertical_trains,False,bars,0.8325815830929169,-59.945292901859816,18.114642180069758,24.901288747429312,13.666618412810383
11.72086334554674,92.04594410709534,True,0.6969887076537015,231,2,0,2.025,2.025,2.9723913753283986,3.7819849691297223,2.465142641622567,-5.336681888539313,-52.62269259068739,121.62270728408282,1.75,0.1625,610,6,2,286,0.46885245901639344,21.609135013021504,0.5235041089836885,VLP56,safe_range,selection_envelope,70351,PAL,30,1.5,1000000.0,stress_waveform;burst_gain;h_missing;v_missing;vertical_trains,False,bars,0.821311630759562,-60.06533980362572,18.018852732776885,24.55654908992498,13.59710498871418
12.894956203783492,91.2231470207716,True,1.303638644918444,0,0,2,0.125,0.075,0.041673496707965996,4.527482241545475,2.1185516549299406,-6.098719881696878,-39.4970220080048,103.04531636401086,0.125,0.075,610,0,2,0,0.0,20.44470321748989,0.5531015853128217,RANGE32,safe_range,selection_envelope,70351,PAL,30,1.5,1000000.0,,True,bars,0.6015352642902472,-67.97883566679576,17.87357427908862,28.64137939542753,12.740491874457508
-6.482404972354034,-78.7990222966309,False,605.2973651191969,610,8,60,2.025,2.025,1000000.0,83.65867913897186,22.476535396743184,-152.34327897839452,-63.28771096498952,64.529735451186,1000000.0,1000000.0,610,610,2,1375,2.2540983606557377,-6.528287603880974,-0.35947511158127843,PLL96-rejected-board,safe_range,selection_envelope,70351,PAL,30,1.5,1000000.0,contrast;stress_waveform;reference_detail;burst_gain;burst_phase_jitter_deg;burst_rmse_ire;h_missing;v_missing;vertical_trains;sync_error_ire;black_error_ire;white_error_ire,False,bars,0.31061514297842774,65.50804458029798,24.162941266425573,31.22301407804905,28.3425685544642
9.382096804933793,94.05885022241151,True,5.848180677540777,610,8,0,2.025,2.025,1000000.0,16.22785634302066,-0.1220072520660314,-5.549728216068042,-38.68176781142883,102.6491765988869,1000000.0,1000000.0,610,610,2,0,0.0,12.21293709059092,0.3679503575828567,PLL96-IQ-corrected,safe_range,selection_envelope,70351,PAL,30,1.5,1000000.0,stress_waveform;reference_detail;burst_gain;burst_phase_jitter_deg;burst_rmse_ire;h_missing;v_missing;vertical_trains;sync_error_ire,False,bars,0.35718565352283127,-111.35366668288535,24.051697686617917,31.993594343648702,16.379236917341824
16.633644030715022,91.61352684227342,True,0.0018820577164366374,0,0,2,0.025,0.016249999999999987,0.03202522059406244,4.422058642148234,2.3670824506870405,-5.173045902002241,-42.51580133383476,119.45607303893948,0.025,0.016249999999999987,610,0,2,0,0.0,21.729592720657624,0.7986792779620033,floating-PLL-IQ40,safe_range,selection_envelope,70351,PAL,30,1.5,1000000.0,burst_gain,True,bars,0.3955646225577415,6.269918607324788,9.54192859889453,17.349046462231193,8.629994021845185
4.196300173813604,42.78939535811467,True,88.94291091593476,610,8,0,2.025,2.025,1000000.0,49.54288455821146,26.86332798206719,-27.57654515088093,2.4187427165080706,83.56165295886547,1000000.0,1000000.0,610,610,2,0,0.0,4.445677705433181,0.4138981150050167,HC50,safe_range,selection_envelope,70351,PAL,30,1.5,1000000.0,contrast;stress_waveform;reference_detail;burst_gain;burst_rmse_ire;h_missing;v_missing;vertical_trains;sync_error_ire;black_error_ire;white_error_ire,False,bars,0.3830821345784101,99.0312468288752,15.616887050134812,21.170875584745,30.549590702045606
12.059190336725782,91.9560499864897,True,3.4698870765370136,326,3,0,2.025,2.025,2.958013108371188,9.115061875442462,0.3067252723820133,-6.5794791342286425,-53.62404593859091,106.21138872768867,1.8424999999999983,1.1199999999999997,610,13,2,224,0.36721311475409835,16.667576834736593,0.48240728029686,PLL96-board-fixed,safe_range,selection_envelope,70351,PAL,30,1.5,1000000.0,reference_detail;burst_gain;burst_phase_jitter_deg;h_missing;v_missing;vertical_trains,False,bars,0.4053738038065232,-99.35307418719003,24.289268285499954,30.051614465410363,14.945943890860347
12.401638062511683,92.2921601951347,True,0.9090338770388959,0,0,2,0.075,0.075,0.03554320852330509,4.892906028787673,1.9787011282392708,-5.326434397798225,-41.49923669583108,110.44438167413801,0.075,0.075,610,0,2,0,0.0,22.165764869361105,0.5325661471405767,RNG-58c0e88fcba8,safe_range,selection_envelope,70351,PAL,30,1.5,1000000.0,,True,bars,0.7292680166629533,-71.88818683275629,19.04304937583961,27.72515336000225,14.150793470512069
12.442798472618005,91.49930836616642,True,0.8312421580928482,0,0,2,0.1,0.075,0.03796838633199649,4.836909094544809,2.307990239627775,-6.725656199622385,-41.499519373961476,109.96277459456073,0.1,0.075,610,0,2,0,0.0,21.333892973139502,0.5386732771843789,RNG-39614bd6254d,safe_range,selection_envelope,70351,PAL,30,1.5,1000000.0,,True,bars,0.7209254883079333,-69.8282120735378,18.76696795762013,26.77589802544389,13.835688947409789
12.389667084294988,91.94128013078925,True,0.9466750313676285,0,0,2,0.1,0.075,0.3048582040722604,4.257213014561922,2.4312957924116256,-5.620531896791013,-43.39698403242252,112.18067949497683,0.1,0.075,610,0,2,4,0.006557377049180328,21.67948687180217,0.5293177493533946,RNG-67899a3c7663,safe_range,selection_envelope,70351,PAL,30,1.5,1000000.0,,True,bars,0.623489986943569,-79.06097378994687,19.106246848998136,32.78063800623602,14.639756794746448
12.433664891783966,90.48757152631121,True,0.8362609786700126,0,0,2,0.1,0.075,0.03703952253348032,4.722289975943719,2.730615007126885,-7.986759953799731,-40.81902956398514,108.93846564337406,0.1,0.075,610,0,2,0,0.0,20.30870216936782,0.5417365679819336,RNG-724ad17ee144,safe_range,selection_envelope,70351,PAL,30,1.5,1000000.0,,True,bars,0.7011687708941945,-70.02918865704395,18.196732082061384,27.097423369456834,13.770681488300605
12.444470891095513,91.7893111097241,True,0.9347553324968633,0,0,2,0.1,0.075,0.30589495143181983,4.192730630040231,2.5786114916441902,-6.095139630007755,-43.39850327332681,111.0129771235608,0.1,0.075,610,0,2,5,0.00819672131147541,21.56533081537622,0.5324915103057645,RNG-80151adb4f37,safe_range,selection_envelope,70351,PAL,30,1.5,1000000.0,,True,bars,0.6180774103890176,-78.48454153661714,19.34047716972552,32.70878334839731,14.51448976883834
12.436487301283961,91.44631557875043,True,0.9253450439146801,0,0,2,0.1,0.075,0.3828722874857753,4.505620518499507,2.703040087083642,-6.373985090550348,-43.40071400059252,110.99603681873839,0.1,0.075,610,0,2,8,0.013114754098360656,21.26357554555938,0.5331489528230389,RNG-e7258e31bde8,safe_range,selection_envelope,70351,PAL,30,1.5,1000000.0,,True,bars,0.6160422633038144,-78.53250882707925,19.595466607300132,32.7568188501105,14.51284937715412
12.391400264787293,90.75102591519114,True,0.9240903387703889,0,0,2,0.1,0.075,0.3058798783836557,4.539826694574269,2.879635265856808,-7.353170620892878,-43.39231982960722,109.44437802600808,0.1,0.075,610,0,2,5,0.00819672131147541,20.58173981348729,0.5336244323975613,RNG-9e03617b1053,safe_range,selection_envelope,70351,PAL,30,1.5,1000000.0,,True,bars,0.6147594674702697,-77.95048161219749,19.173633188518956,32.48761872377415,14.47107507504097
12.532109327708758,90.54235460381143,True,0.794228356336261,0,0,2,0.1,0.075,0.03731511801920081,4.5868656313813485,2.555249251600207,-8.23964546033359,-40.845791026834775,108.51864128320258,0.1,0.075,610,0,2,0,0.0,20.2772718635385,0.5492122731916993,RNG-894eb4d231a5,safe_range,selection_envelope,70351,PAL,30,1.5,1000000.0,,True,bars,0.6956967723107353,-68.31049692578972,18.270814290843415,26.63259920829184,13.496909004328534
9.694016250657862,105.90135528085007,True,2.4322459222082813,0,0,2,0.1,0.075,0.5156018685819961,0.5391165633939288,-8.615150686082632,-4.424366734857664,-66.72210826980854,121.24668509069011,0.1,0.075,610,0,2,15,0.02459016393442623,14.567547811836445,0.4985327150558779,RNG-b4deae417e10,safe_range,selection_envelope,70351,PAL,30,1.5,1000000.0,stress_waveform;reference_detail;burst_rmse_ire;black_error_ire,False,bars,0.693882025769418,-67.00846201198144,18.614907116449523,30.46790501126023,17.04495433823756
11.879004680622252,87.96731808357305,True,0.9585947302383939,323,2,0,2.025,2.025,2.9805612969035384,6.750699155220697,3.3925130630443596,-10.373108181902843,-44.42099315518145,108.76223041927904,1.8174999999999997,1.08125,610,13,2,223,0.3655737704918033,18.414600458575322,0.5255353839270579,RNG-c73334f8bd3d,safe_range,selection_envelope,70351,PAL,30,1.5,1000000.0,stress_waveform;h_missing;v_missing;vertical_trains,False,bars,0.7819234016570875,-60.01263934510236,18.310721613011648,25.757337307316355,13.257334161068904
11.386050125894165,94.28784507302346,True,1.0734002509410288,6,0,2,0.9,0.15624999999999994,1.7330789673161586,6.146341436705546,0.02290772301084791,-4.845856340350586,-44.27735304076134,116.6835222721387,0.85,0.15624999999999994,610,1,2,203,0.33278688524590166,23.069113387114285,0.49071110779867333,RNG-ccbd72c8c1cf,safe_range,selection_envelope,70351,PAL,30,1.5,1000000.0,stress_waveform;reference_detail;h_missing,False,bars,0.6330802300639908,-74.10530828223995,18.357022582201502,29.19966519626301,14.383028291666546
10.740519053489736,95.79310803472103,True,1.190715181932246,182,1,0,2.025,1.7974999999999997,2.870200178632243,5.150963377365774,-4.239427642830934,-6.978914731225231,-45.661662614774926,119.45422536169318,1.775,1.0899999999999994,610,4,2,309,0.5065573770491804,18.029390887429,0.51083646627625,RNG-a64092aa7f14,safe_range,selection_envelope,70351,PAL,30,1.5,1000000.0,stress_waveform;reference_detail;h_missing;v_missing;vertical_trains,False,bars,0.7016964786540661,-60.06969051897854,19.243653770400197,29.77240299902097,15.00246776859432
11.788383633262153,91.99689923983765,True,2.084692597239649,325,2,0,2.025,2.025,2.9856733937313185,5.282527095837718,2.583488951552499,-4.927513260837135,-46.8494893338451,123.42172477193043,1.825,1.08125,610,13,2,223,0.3655737704918033,21.974802700681234,0.5206547331837807,RNG-8bfa6546d372,safe_range,selection_envelope,70351,PAL,30,1.5,1000000.0,stress_waveform;reference_detail;burst_gain;burst_phase_jitter_deg;burst_amplitude_jitter_pct;burst_rmse_ire;h_missing;v_missing;vertical_trains,False,bars,0.8265048130508619,-68.13324058892839,24.076060640527036,40.56556888507056,15.93768965564558
12.011983218307332,91.87584645248334,True,0.6894604767879549,325,2,0,2.025,2.025,2.9855169407505917,5.219971879381761,2.9471915711034367,-5.13246892556206,-47.72554137815853,119.5686824513426,1.825,1.08125,610,13,2,223,0.3655737704918033,21.904908703707513,0.5365405521282955,RNG-6cf1316b2595,safe_range,selection_envelope,70351,PAL,30,1.5,1000000.0,burst_gain;h_missing;v_missing;vertical_trains,False,bars,0.7936471117094053,-59.98478998835742,18.794149814375157,25.92076774680859,13.243634825512157
11.772210782169019,92.25243835021085,True,0.6713490503270945,94,3,0,2.025,2.025,2.311798962225646,2.9858506042059814,2.2074571162327823,-5.619036297602495,-53.68338606232711,121.12251085233045,1.675,1.13,506,3,2,251,0.49604743083003955,21.382928310561926,0.5431410779930523,OVP56,safe_range,selection_envelope,70351,NTSC,30,1.5,1000000.0,stress_waveform;burst_gain;h_missing;v_missing;vertical_trains,False,bars,0.8698365689249661,-48.961547935906,31.046074889488033,39.145705776249024,13.084554800915322
11.810794639370974,91.92600136688372,True,0.649522679856819,187,4,0,2.025,2.025,2.961836674941448,3.694605008896487,2.2926508489802764,-5.68060688349196,-52.268667554742116,120.56533154890796,1.8,1.2799999999999994,506,6,2,276,0.5454545454545454,21.375002449690996,0.5443674580248837,VLP56,safe_range,selection_envelope,70351,NTSC,30,1.5,1000000.0,stress_waveform;burst_gain;h_missing;v_missing;vertical_trains,False,bars,0.8604699657525918,-48.91846424312149,31.318045085936912,39.03342925971063,13.018486348091093
12.921419245040251,91.02300180721627,True,1.3073243278230529,0,0,2,0.125,0.11124999999999999,0.044980232812575766,4.430229394485667,1.9671519855128505,-6.439940249712184,-39.60858401442576,101.99325325539213,0.125,0.11124999999999999,506,0,2,0,0.0,20.196716345402486,0.5701357831464337,RANGE32,safe_range,selection_envelope,70351,NTSC,30,1.5,1000000.0,,True,bars,0.6125375118728411,-56.239104367524305,30.541114322092486,74.97694958278824,12.787024931968825
-6.385176311477311,-78.42580360627358,False,598.7899159157894,506,12,53,2.025,2.025,1000000.0,83.36979788280877,22.22293194395883,-152.3956524252294,-62.397402595712634,64.24621240304842,1000000.0,1000000.0,506,506,2,1122,2.217391304347826,-6.433318231533437,-0.34783338005755765,PLL96-rejected-board,safe_range,selection_envelope,70351,NTSC,30,1.5,1000000.0,contrast;stress_waveform;reference_detail;burst_gain;burst_phase_jitter_deg;burst_rmse_ire;h_missing;v_missing;vertical_trains;sync_error_ire;black_error_ire;white_error_ire,False,bars,0.41992314338046377,82.37642701783064,38.781437254502286,33.1526608648765,28.814189344424697
9.36289720020441,93.48297237541959,True,5.951825437204779,506,12,0,2.025,2.025,1000000.0,16.1055259616896,-0.23456971476602356,-5.890434469681034,-38.749060338164554,102.16553249387785,1000000.0,1000000.0,506,506,2,0,0.0,12.323361151479808,0.3519180014043109,PLL96-IQ-corrected,safe_range,selection_envelope,70351,NTSC,30,1.5,1000000.0,stress_waveform;reference_detail;burst_phase_jitter_deg;burst_rmse_ire;h_missing;v_missing;vertical_trains;sync_error_ire,False,bars,0.47866557789882036,-95.85148649429927,38.626797167720134,35.35045155528883,17.583606174854356
16.640221995098806,91.40422797018255,True,0.0015052669289845168,0,0,2,0.025,0.025,0.0330998907369559,4.344001102738713,2.2135033594236786,-5.506009078587105,-42.460568797864,118.45617086779073,0.025,0.025,506,0,2,0,0.0,21.46713232915042,0.8095751549831083,floating-PLL-IQ40,safe_range,selection_envelope,70351,NTSC,30,1.5,1000000.0,,True,bars,0.48093644810655756,-4.504109299469559,28.157455200326854,41.24344692651537,8.085712045044328
4.1715999098300935,42.70280329243954,True,94.9356799441245,506,12,0,2.025,2.025,1000000.0,49.40168508553866,26.655192806268605,-27.86769675356072,2.4133165992991863,82.92741005801888,1000000.0,1000000.0,506,506,2,0,0.0,4.412792024213035,0.4329831248973974,HC50,safe_range,selection_envelope,70351,NTSC,30,1.5,1000000.0,contrast;stress_waveform;reference_detail;burst_gain;burst_rmse_ire;h_missing;v_missing;vertical_trains;sync_error_ire;black_error_ire;white_error_ire,False,bars,0.3935768117800694,79.77626878108713,30.060628116312664,44.08884787398656,30.495296103066526
12.02030248658993,91.56453180462033,True,3.4982403429600173,246,4,0,2.025,2.025,3.0153481588749864,9.024772543732729,0.17749036717856578,-6.9229425583857696,-53.65691576253013,105.8394405478255,1.9,1.0199999999999996,506,6,2,220,0.43478260869565216,16.6777267491248,0.48429077016334643,PLL96-board-fixed,safe_range,selection_envelope,70351,NTSC,30,1.5,1000000.0,reference_detail;burst_phase_jitter_deg;burst_rmse_ire;h_missing;v_missing;vertical_trains,False,bars,0.5761747848961969,-88.12936380305567,37.01482950984524,15.883971342836489,16.113552870068833
12.461408237536407,92.13821347452114,True,0.8625179503081282,0,0,2,0.075,0.1,0.03951284376167308,4.79177160236289,1.8170156943638125,-5.666861296615723,-41.55782027001517,109.72920042800585,0.075,0.1,506,0,2,0,0.0,21.92333169387139,0.5517987561231796,RNG-58c0e88fcba8,safe_range,selection_envelope,70351,NTSC,30,1.5,1000000.0,,True,bars,0.7928128909064625,-59.619681960832075,30.75612324974589,49.3870730507724,13.94816373240305
12.503125862005323,91.36085783422922,True,0.8060704404712088,0,0,2,0.1,0.1,0.04077437194016144,4.7391345860651795,2.14407962381569,-7.062957435740957,-41.558102354806934,109.58202945389895,0.1,0.1,506,0,2,0,0.0,21.14127151458781,0.5579432996176438,RNG-39614bd6254d,safe_range,selection_envelope,70351,NTSC,30,1.5,1000000.0,,True,bars,0.7708295693392666,-57.782415846755576,30.372887111970304,52.19023754388879,13.641757017644364
12.44283368038467,91.7852107975712,True,0.914449659358094,0,0,2,0.1,0.1,0.31579781644204763,4.144970476335814,2.270877249665825,-5.964507371959023,-43.95633415053236,112.32403081863511,0.1,0.1,506,0,2,8,0.015810276679841896,21.454837302433894,0.5468634909556055,RNG-67899a3c7663,safe_range,selection_envelope,70351,NTSC,30,1.5,1000000.0,,True,bars,0.7073643134123464,-66.3385800589921,30.945542544159817,53.3844525319737,14.667332894686878
12.491534307471452,90.36814245537765,True,0.803812540077732,0,0,2,0.1,0.1,0.03982421850390338,4.617194293337525,2.569226289402537,-8.315093233636967,-40.879056179280425,108.34938481388888,0.1,0.1,506,0,2,0,0.0,20.149763870738507,0.5609857842945486,RNG-724ad17ee144,safe_range,selection_envelope,70351,NTSC,30,1.5,1000000.0,,True,bars,0.7507141037751252,-57.99110820153763,31.017708311715467,54.13590447908241,13.594489521387429
12.4999396211331,91.63917524100953,True,0.8933759223523107,0,0,2,0.1,0.1,0.3443340797801224,4.082640291065599,2.4184060779380347,-6.438378828766441,-43.932380155715855,110.97575230957149,0.1,0.1,506,0,2,5,0.009881422924901186,21.361018668501682,0.5500897750983017,RNG-80151adb4f37,safe_range,selection_envelope,70351,NTSC,30,1.5,1000000.0,,True,bars,0.6968554361115542,-65.74724308975186,30.9039981800507,54.531278318897066,14.549512686429962
12.491290207158501,91.29557756811637,True,0.8850969542428959,0,0,2,0.1,0.1,0.40580490211070036,4.397760344772491,2.5435094589874865,-6.712562389884124,-43.932307659838166,110.97583621791169,0.1,0.1,506,0,2,9,0.017786561264822136,21.06967367324996,0.5507391265182424,RNG-e7258e31bde8,safe_range,selection_envelope,70351,NTSC,30,1.5,1000000.0,,True,bars,0.6931681991344718,-65.86364173535495,31.10131055765855,54.77425499069838,14.552173086136833
12.443966226677901,90.61281150148365,True,0.8956338227457875,0,0,2,0.1,0.1,0.3443143498919294,4.43128848074021,2.716889509134775,-7.6851317751088795,-43.93259246099775,109.37156078998181,0.1,0.1,506,0,2,5,0.009881422924901186,20.408479212329517,0.5512974483536186,RNG-9e03617b1053,safe_range,selection_envelope,70351,NTSC,30,1.5,1000000.0,,True,bars,0.69010209316053,-65.38600770479174,31.033911784103605,54.800828320712,14.513125880611295
12.585239899211327,90.41043701213113,True,0.8045651735422242,0,0,2,0.1,0.1,0.04295760388133044,4.489349425972027,2.3950897563612834,-8.579239350187079,-40.90576298159414,108.1408673258341,0.1,0.1,506,0,2,0,0.0,20.09510570235349,0.5681756169313467,RNG-894eb4d231a5,safe_range,selection_envelope,70351,NTSC,30,1.5,1000000.0,,True,bars,0.7300669362425014,-56.608530953464225,30.731310987808357,58.580751093123396,13.361877968847454
9.779433445532042,105.64403112232965,True,2.309832102526741,0,0,2,0.1,0.075,0.08920210653497304,0.4432366393222879,-8.916553272682082,-4.778595531549828,-61.4843436236695,120.22154038648212,0.1,0.075,506,0,2,0,0.0,14.598258831293435,0.5158171261284326,RNG-b4deae417e10,safe_range,selection_envelope,70351,NTSC,30,1.5,1000000.0,stress_waveform;reference_detail;burst_amplitude_jitter_pct;burst_rmse_ire;black_error_ire,True,bars,0.6874485852529995,-54.404788269815796,32.56265044534591,87.09833536977195,17.110593306119334
11.932405391126718,87.84893900829361,True,1.004765675097165,244,4,0,2.025,2.025,3.0548000646710913,6.666366982468991,3.2322291037000497,-10.6996258308078,-44.399820964140005,108.38404241746564,1.85,1.0199999999999996,506,6,2,218,0.4308300395256917,18.29312897575287,0.5451001452060139,RNG-c73334f8bd3d,safe_range,selection_envelope,70351,NTSC,30,1.5,1000000.0,burst_gain;h_missing;v_missing;vertical_trains,False,bars,0.8111295433071526,-48.98299816151913,31.250127629272484,46.442131535746775,12.772869211859003
11.45733893308811,94.06075948459738,True,1.0243341451739638,3,0,1,0.99375,1.2874999999999994,1.656878022460352,6.045993095350445,-0.14160596902862815,-5.190515116990691,-44.34836019359882,117.29395168984603,0.975,1.2874999999999994,506,1,2,179,0.35375494071146246,22.747418950043773,0.5086327889024858,RNG-ccbd72c8c1cf,safe_range,selection_envelope,70351,NTSC,30,1.5,1000000.0,stress_waveform;reference_detail;h_missing;vertical_trains,False,bars,0.698550625463463,-62.37446668243266,31.45246134994862,57.74622704904292,14.545899800406675
10.787125362001701,95.49867627763797,True,1.1658292364985083,113,1,0,2.025,1.4337499999999992,2.450574074613007,5.084102909668701,-4.395387916775046,-7.3308847592847055,-45.637859140549004,118.34261822039512,1.694999999999999,0.7625,506,3,2,255,0.5039525691699605,17.769695741719556,0.5297417645743059,RNG-a64092aa7f14,safe_range,selection_envelope,70351,NTSC,30,1.5,1000000.0,stress_waveform;reference_detail;h_missing;v_missing;vertical_trains,False,bars,0.6767058765255196,-48.24885850043219,31.91624598853698,84.30812803723533,14.87612114258977
11.805279192593934,91.84641814963868,True,2.746359511932251,249,4,0,2.025,2.025,3.047173293040783,5.198262694551323,2.4274152336087615,-5.26978780831804,-52.967674444154575,122.498469529785,1.85,1.0449999999999995,506,6,2,219,0.43280632411067194,21.803295363559933,0.5370744630063192,RNG-8bfa6546d372,safe_range,selection_envelope,70351,NTSC,30,1.5,1000000.0,stress_waveform;reference_detail;burst_gain;burst_phase_jitter_deg;burst_amplitude_jitter_pct;burst_rmse_ire;h_missing;v_missing;vertical_trains,False,bars,0.8321904504255784,-55.33466114944918,37.06532780752141,101.23397263467177,16.387691606341168
12.10509135906323,91.7328702336612,True,0.6547911141082647,249,4,0,2.025,2.025,3.04654872666906,5.133323589937238,2.790413562910254,-5.4732306290776425,-45.657046102705536,118.94165282559091,1.85,1.0449999999999995,506,6,2,218,0.4308300395256917,21.7106934052266,0.5568602663510506,RNG-6cf1316b2595,safe_range,selection_envelope,70351,NTSC,30,1.5,1000000.0,burst_gain;h_missing;v_missing;vertical_trains,False,bars,0.8265862727747029,-48.970596859645795,31.3424740111703,45.40868383698142,12.722226607050201
16.584163798345294,97.92149616726104,True,0.33186951066499376,0,0,2,0.05,0.025,0.020520881008793193,-0.2443324330814217,1.3315218717149804,-1.28255755362392,-58.176486086587154,120.00169405694321,0.05,0.025,610,0,2,0,0.0,28.22755320310151,0.7555280965843735,OVP56,safe_range,selection_envelope,70352,PAL,30,5,1000000.0,,True,bars,0.8313616690619745,-60.68959247366336,9.000817800755838,14.837344014906861,11.891406485498914
17.08963543578923,98.4840825146598,True,0.31304893350062735,0,0,2,0.025,0.025,0.013730425709494024,-0.6774057963367147,1.1606248563108676,-0.7898533814199779,-55.67368503186621,117.68195547751604,0.025,0.025,610,0,2,0,0.0,28.734236331694447,0.7769757923970004,VLP56,safe_range,selection_envelope,70352,PAL,30,5,1000000.0,,True,bars,0.830729695126333,-60.3667773656297,7.400498215633506,13.25521746201644,11.57186000263837
16.491761752964923,95.93891601428949,True,1.0244667503136764,0,0,2,0.075,0.08249999999999998,0.042174500881340185,0.2597419387035535,1.5810879008325283,-3.8202587166185062,-45.66252990121059,103.98045870282463,0.075,0.08249999999999998,610,0,2,0,0.0,24.896527541874022,0.7462823413943573,RANGE32,safe_range,selection_envelope,70352,PAL,30,5,1000000.0,,True,bars,0.7485721056990314,-60.42654093362019,8.558220546328194,15.517618267611567,11.235979210128452
-6.797390040778853,-83.17527517842801,False,619.5859473023839,610,8,60,2.025,2.025,1000000.0,81.96724861762064,21.97719522802121,-157.6617122259862,-69.26003196767354,68.39090216162906,1000000.0,1000000.0,610,610,2,1604,2.6295081967213116,-6.8451623951048655,-0.3731701612958264,PLL96-rejected-board,safe_range,selection_envelope,70352,PAL,30,5,1000000.0,contrast;waveform;detail_floor;sync;h_jitter_us;v_jitter_us;h_width_rmse_us;sync_error_ire;black_error_ire;white_error_ire;contrast;stress_waveform;reference_detail;burst_gain;burst_phase_jitter_deg;burst_amplitude_jitter_pct;burst_rmse_ire;h_missing;v_missing;vertical_trains;sync_error_ire;black_error_ire;white_error_ire,False,bars,0.32416312604865194,64.61627964538194,23.598917582814284,35.32427741121894,28.33303300823811
8.858192875932275,98.92640174262111,True,6.377666248431619,257,2,0,2.025,2.025,3.405485285290279,15.90505716287649,-1.7400024034482806,-1.1598463137146786,-43.00673390928008,107.63605889604871,1.519999999999999,1.75,610,7,2,190,0.3114754098360656,11.457733686015768,0.3777716302440189,PLL96-IQ-corrected,safe_range,selection_envelope,70352,PAL,30,5,1000000.0,waveform;detail_floor;sync;h_jitter_us;v_jitter_us;h_width_rmse_us;sync_error_ire;stress_waveform;reference_detail;burst_gain;burst_phase_jitter_deg;burst_amplitude_jitter_pct;burst_rmse_ire;h_missing;v_missing;vertical_trains;sync_error_ire,False,bars,0.38048694542914613,-112.84950810340004,23.848630033625046,31.651078083267976,17.22508656639204
23.48348357795078,97.58247303951849,True,0.0,0,0,2,0.025,0.025,0.00965596732171525,0.35398719228536757,1.0242893497108567,-0.5490749946843964,-45.99506995944412,110.53380856124248,0.025,0.025,610,0,2,0,0.0,31.29853091085699,0.9530807432777973,floating-PLL-IQ40,safe_range,selection_envelope,70352,PAL,30,5,1000000.0,burst_gain,True,bars,0.5230038904035218,17.17651735043657,5.482414142406788,10.040721761018043,6.374378095807599
4.505948565000092,44.767077312989606,True,88.40213299874529,610,8,0,2.025,2.025,1000000.0,48.32127738780796,26.57267756156879,-26.331569899220547,3.4399462982387803,81.33951761874131,1000000.0,1000000.0,610,610,2,0,0.0,4.654290493236589,0.6273467745502387,HC50,safe_range,selection_envelope,70352,PAL,30,5,1000000.0,contrast;waveform;detail_floor;sync;h_jitter_us;v_jitter_us;h_width_rmse_us;sync_error_ire;black_error_ire;white_error_ire;contrast;stress_waveform;reference_detail;burst_gain;burst_rmse_ire;h_missing;v_missing;vertical_trains;sync_error_ire;black_error_ire;white_error_ire,False,bars,0.4183861426051534,98.64152311647972,6.929983926367852,11.531273496166618,30.266847894731107
11.832268247507752,98.60974958254207,True,3.7321204516938518,0,0,2,0.075,0.075,0.04910051583983314,3.6712497385260128,-1.384022459548528,-2.268818724815976,-58.915202587986215,112.0196840677102,0.075,0.075,610,0,2,0,0.0,16.84472535423704,0.4837314540428163,PLL96-board-fixed,safe_range,selection_envelope,70352,PAL,30,5,1000000.0,waveform;detail_floor;stress_waveform;reference_detail;burst_gain;burst_phase_jitter_deg;burst_amplitude_jitter_pct;burst_rmse_ire,True,bars,0.42958637510785636,-99.33019736003222,20.835646311168816,29.760891067759964,15.748837787277019
16.581325200860203,97.9635292181844,True,0.424090338770389,0,0,2,0.05,0.04124999999999999,0.042368407654915646,1.7884651807903413,0.31766305808072337,-1.9807757463900784,-45.45228840369088,111.25157284379695,0.05,0.04124999999999999,610,0,2,0,0.0,28.378405088572297,0.752851486000325,RNG-58c0e88fcba8,safe_range,selection_envelope,70352,PAL,30,5,1000000.0,,True,bars,0.8997814629001017,-60.51996085844433,8.41267945959654,14.00792082547429,11.957931237880508
16.680811225654576,97.0884813758219,True,0.38958594730238394,0,0,2,0.05,0.05,0.041066719005005324,1.2998692322148049,0.8263271166015979,-3.2004188423115894,-45.20828930302049,110.19420899125113,0.05,0.05,610,0,2,0,0.0,27.80414744162609,0.7562975535784772,RNG-39614bd6254d,safe_range,selection_envelope,70352,PAL,30,5,1000000.0,,True,bars,0.879992808476816,-60.56127822450129,8.540588951638565,14.601025128162735,11.842223634054635
16.694077287740583,97.17507951479799,True,0.2892095357590966,0,0,2,0.075,0.06624999999999999,0.021304775113174766,0.46146373992966905,1.392177086392959,-1.8647508214524975,-46.68247534317399,111.23508245388858,0.075,0.06624999999999999,610,0,2,0,0.0,27.59044651668187,0.7553103611132207,RNG-67899a3c7663,safe_range,selection_envelope,70352,PAL,30,5,1000000.0,,True,bars,0.7642295305311718,-64.4865433756607,9.942219904307958,15.126723084118199,11.883233912699444
16.594640916449237,95.88370747436578,True,0.39648682559598497,0,0,2,0.05,0.05,0.03474143366521816,1.46400839112717,1.4671135613166777,-4.2046901397955425,-45.28265486436575,108.74415257470308,0.05,0.05,610,0,2,0,0.0,26.118327037922462,0.7562229297456076,RNG-724ad17ee144,safe_range,selection_envelope,70352,PAL,30,5,1000000.0,,True,bars,0.8491165389136877,-60.54014075207496,8.632243251137204,15.197496994665746,11.713542936960533
16.734300586297454,97.14672964529446,True,0.27227101631116685,0,0,2,0.075,0.06624999999999999,0.020940978729847716,0.1910038577252686,1.2313524427420817,-2.4408191816004585,-46.682535461042434,110.70591086204071,0.075,0.06624999999999999,610,0,2,0,0.0,27.36341364908874,0.7575939398137737,RNG-80151adb4f37,safe_range,selection_envelope,70352,PAL,30,5,1000000.0,,True,bars,0.7572702851678612,-64.26795933809852,9.606123357462563,15.813415045951057,11.821673422617568
16.719880714828438,96.7314607659466,True,0.2766624843161857,0,0,2,0.075,0.06624999999999999,0.020769026434004877,0.5302199412398502,1.382045883518276,-2.680569600778945,-46.47638370555441,110.70632420355672,0.075,0.06624999999999999,610,0,2,0,0.0,26.963429217411164,0.7576762944167774,RNG-e7258e31bde8,safe_range,selection_envelope,70352,PAL,30,5,1000000.0,,True,bars,0.7509321720658426,-64.28066695383886,9.644963791699913,15.710048313620902,11.796081028092601
16.614264202510167,96.03906084124596,True,0.28544542032622333,0,0,2,0.075,0.06624999999999999,0.02101424185298479,0.48182075907430394,1.8070255712162475,-3.5598186194786337,-46.47800449717647,109.61367113646635,0.075,0.06624999999999999,610,0,2,0,0.0,25.818884679019,0.7564878998136557,RNG-9e03617b1053,safe_range,selection_envelope,70352,PAL,30,5,1000000.0,,True,bars,0.7498882486632048,-64.36013751658058,9.823113953188342,15.856578947457715,11.841934697472091
16.721039115678405,95.99799667808827,True,0.3971141781681305,0,0,2,0.05,0.05,0.036072558936076624,1.001880135598313,1.2180692597002163,-4.393926417381753,-45.47639148049971,111.60266846500504,0.05,0.05,610,0,2,0,0.0,25.97631407664185,0.7625085232828609,RNG-894eb4d231a5,safe_range,selection_envelope,70352,PAL,30,5,1000000.0,,True,bars,0.8201542749018607,-60.51921684434169,8.28551555727252,15.365354939031503,11.537157733210373
13.981913198545197,102.37258524814789,True,0.5928481806775407,0,0,2,0.05,0.04124999999999999,0.03643993485805122,-2.75415550309532,2.395304348698526,-1.929636070743956,-68.97263704849993,129.16597364896245,0.05,0.04124999999999999,610,0,2,0,0.0,21.052988568465736,0.6779130836459049,RNG-b4deae417e10,safe_range,selection_envelope,70352,PAL,30,5,1000000.0,waveform;stress_waveform;reference_detail;burst_amplitude_jitter_pct;burst_rmse_ire,True,bars,0.7811693253841581,-67.0801421710133,13.00687271472681,26.159657399469708,14.75419504615233
15.276921013380676,94.54893343001991,True,0.4090338770388959,0,0,2,0.05,0.05,0.024773564705078705,2.7132589847386064,2.1466581870249,-4.299332867627555,-49.55293090826442,110.34008417857375,0.05,0.05,610,0,2,0,0.0,24.71275892016592,0.7054511606189383,RNG-c73334f8bd3d,safe_range,selection_envelope,70352,PAL,30,5,1000000.0,stress_waveform;reference_detail,True,bars,0.9376346094127431,-44.10043456432227,11.547131878925917,18.44909343679827,10.239488810211988
15.021241558106393,100.68907025907761,True,0.6286072772898369,0,0,2,0.05,0.025,0.029389275394210067,1.9903064861123207,-3.218073912296047,-0.8920853638629846,-48.408644516733865,120.69455845610686,0.05,0.025,610,0,2,0,0.0,24.363061906605097,0.698900924323145,RNG-ccbd72c8c1cf,safe_range,selection_envelope,70352,PAL,30,5,1000000.0,stress_waveform;reference_detail;burst_phase_jitter_deg,True,bars,0.7847246029875998,-67.9579146526798,16.099409192431363,23.817564554071822,13.207588639602841
14.922307237666521,98.75139560552788,True,0.15307402760351319,0,0,2,0.05,0.05,0.02194441562332386,1.2734780150094964,-1.0983347057128443,-2.0928151109713746,-50.255192145945465,125.7113416184953,0.05,0.05,610,0,2,0,0.0,27.68566469225428,0.7033717220245119,RNG-a64092aa7f14,safe_range,selection_envelope,70352,PAL,30,5,1000000.0,stress_waveform;reference_detail,True,bars,0.8238882050238694,-59.29541144990476,12.693250788524299,21.515475502550654,12.535892075294983
15.342408255424884,98.16557126777151,True,0.7132998745294855,0,0,2,0.05,0.04124999999999999,0.01838789694604472,1.269364266979262,1.0306909606007875,-0.5146189570408063,-49.86300552369992,123.40319750129838,0.05,0.04124999999999999,610,0,2,0,0.0,30.027690972060896,0.705225807530861,RNG-8bfa6546d372,safe_range,selection_envelope,70352,PAL,30,5,1000000.0,stress_waveform;reference_detail;burst_phase_jitter_deg,True,bars,0.8319888237053552,-60.27963872953422,15.441578623827736,19.641463158563845,11.96724531141886
15.79727915946351,97.91886923674124,True,0.4027603513174404,0,0,2,0.05,0.04124999999999999,0.01838789694604472,1.210591352836108,1.417432856570031,-0.7129261677565885,-49.863005521391734,121.54117074745305,0.05,0.04124999999999999,610,0,2,0,0.0,29.747985372134963,0.7196212571721501,RNG-6cf1316b2595,safe_range,selection_envelope,70352,PAL,30,5,1000000.0,burst_phase_jitter_deg,True,bars,0.8319888236116552,-60.27963877116281,15.441578586465184,19.641466080770527,11.967245309079125
16.771240274363464,97.89226237569486,True,0.3394376924860085,0,0,2,0.05,0.036249999999999984,0.020402326845520895,-0.20389485267454632,1.3023270815050072,-1.4021652422701425,-58.1923057609036,119.85088294607463,0.05,0.036249999999999984,506,0,2,0,0.0,28.18475941745859,0.7749198458173631,OVP56,safe_range,selection_envelope,70352,NTSC,30,5,1000000.0,,True,bars,0.9015807008591292,-48.2793735249739,8.239734257310475,12.212472379952892,11.282698368384906
17.28912941873744,98.44978888397172,True,0.3477166605954234,0,0,2,0.05,0.025,0.013566189663139928,-0.6652046869184689,1.1310327138013219,-0.9331419352045555,-53.49892448120177,117.53352532743061,0.05,0.025,506,0,2,0,0.0,28.67281557156819,0.7955923044812088,VLP56,safe_range,selection_envelope,70352,NTSC,30,5,1000000.0,,True,bars,0.8980907807319138,-48.26142117354682,6.2091123076785735,11.064660929102107,11.020766231414926
16.61842632091853,95.90027851230572,True,1.0265920455674404,0,0,2,0.075,0.05,0.044607976209440126,0.24944770873130345,1.549956272006279,-3.949643262498704,-45.324582920547364,103.80941162836801,0.075,0.05,506,0,2,0,0.0,24.82721322271319,0.7634759230180148,RANGE32,safe_range,selection_envelope,70352,NTSC,30,5,1000000.0,,True,bars,0.8003006237156849,-48.321091745003066,7.86765402631372,13.535554013126205,10.732262177369249
-6.6963667289349695,-82.79851647314803,False,619.7823685074075,506,12,50,2.025,2.025,1000000.0,81.97315677995823,21.93267799337423,-157.60892727262097,-69.14480501522624,66.91328907673228,1000000.0,1000000.0,506,506,2,1333,2.6343873517786562,-6.746396730233651,-0.3585649816264494,PLL96-rejected-board,safe_range,selection_envelope,70352,NTSC,30,5,1000000.0,contrast;waveform;detail_floor;sync;h_jitter_us;v_jitter_us;h_width_rmse_us;sync_error_ire;black_error_ire;white_error_ire;contrast;stress_waveform;reference_detail;burst_gain;burst_phase_jitter_deg;burst_amplitude_jitter_pct;burst_rmse_ire;h_missing;v_missing;vertical_trains;sync_error_ire;black_error_ire;white_error_ire,False,bars,0.44162012857231314,84.49132065640646,35.72682790939044,26.019323340367116,28.975796304419013
8.852382967145262,98.33334657176584,True,6.598337583203629,195,3,0,2.025,2.025,3.396612649679297,15.791471126232858,-1.7069263705728641,-1.2927273026771173,-42.98089777184178,107.498309876683,1.775,1.7100000000000002,506,5,2,191,0.3774703557312253,11.588024307111525,0.3614738366543288,PLL96-IQ-corrected,safe_range,selection_envelope,70352,NTSC,30,5,1000000.0,waveform;detail_floor;sync;h_jitter_us;v_jitter_us;h_width_rmse_us;sync_error_ire;stress_waveform;reference_detail;burst_gain;burst_phase_jitter_deg;burst_amplitude_jitter_pct;burst_rmse_ire;h_missing;v_missing;vertical_trains;sync_error_ire,False,bars,0.5116860848773861,-95.04507042382325,35.25002066449132,26.548306534648987,18.225471431861276
23.952536635017346,97.49452046597919,True,0.0,0,0,2,0.025,0.025,0.008680198719060039,0.3759318008125648,1.006791342380959,-0.6706453783962152,-46.01871646265451,110.06715040123773,0.025,0.025,506,0,2,0,0.0,31.071440967297868,0.9618519880021597,floating-PLL-IQ40,safe_range,selection_envelope,70352,NTSC,30,5,1000000.0,,True,bars,0.6245897120068363,8.269479431448994,4.146587101888198,7.967467083385735,5.536028117278433
4.466334390402343,44.73492162307041,True,94.32228367056331,506,12,0,2.025,2.025,1000000.0,48.30911662163371,26.520621533920835,-26.416400151396704,3.6074300020132313,80.74448514874446,1000000.0,1000000.0,506,506,2,0,0.0,4.609990773753957,0.6414513172064874,HC50,safe_range,selection_envelope,70352,NTSC,30,5,1000000.0,contrast;waveform;detail_floor;sync;h_jitter_us;v_jitter_us;h_width_rmse_us;sync_error_ire;black_error_ire;white_error_ire;contrast;stress_waveform;reference_detail;burst_gain;burst_rmse_ire;h_missing;v_missing;vertical_trains;sync_error_ire;black_error_ire;white_error_ire,False,bars,0.4466253307562146,80.71595452605622,5.987290013603213,9.473467900092638,30.375127588503037
11.844240367507531,98.41001040803846,True,3.725535649236679,0,0,2,0.075,0.075,0.046836693834301155,3.689470049411502,-1.3823669467312583,-2.400496033591245,-58.87066926487621,111.95655721713548,0.075,0.075,506,0,2,0,0.0,17.072489286339295,0.48343953846184434,PLL96-board-fixed,safe_range,selection_envelope,70352,NTSC,30,5,1000000.0,waveform;detail_floor;stress_waveform;reference_detail;burst_phase_jitter_deg;burst_rmse_ire,True,bars,0.5969893871014558,-88.1189877434356,32.07845401316358,17.78892040329525,16.83423478671718
16.778104377492184,97.92055806977973,True,0.40642207082581955,0,0,2,0.05,0.036249999999999984,0.04189496087879273,1.786267162559649,0.29513886077234114,-2.1111349806630333,-44.88976647511032,111.32984662162626,0.05,0.036249999999999984,506,0,2,0,0.0,28.306953775197176,0.7734859637575177,RNG-58c0e88fcba8,safe_range,selection_envelope,70352,NTSC,30,5,1000000.0,,True,bars,0.9620879602731653,-48.48169997743709,7.489807281457785,11.294909236351089,11.409429370110582
16.87870580837401,97.06780897910414,True,0.40040100310988147,0,0,2,0.05,0.036249999999999984,0.040910463305921366,1.2940108350170543,0.7986090903749834,-3.338213311455174,-44.429955733970246,110.29650875201999,0.05,0.036249999999999984,506,0,2,0,0.0,27.71184463626423,0.7768105106416899,RNG-39614bd6254d,safe_range,selection_envelope,70352,NTSC,30,5,1000000.0,,True,bars,0.9387916409348868,-48.464599743130464,7.705035382623683,12.013299363760936,11.28185303946012
16.856688028014318,97.14696099827201,True,0.2950323180809653,0,0,2,0.075,0.05,0.02172183106149276,0.45289283971037386,1.3790141066997013,-2.005752755527605,-46.69707046336476,111.3000504863109,0.075,0.05,506,0,2,0,0.0,27.533286270039035,0.7734062581128893,RNG-67899a3c7663,safe_range,selection_envelope,70352,NTSC,30,5,1000000.0,,True,bars,0.8343868671456861,-52.08119470900051,9.346269504656826,14.636934514143107,11.4889371555039
16.786037596498208,95.8769290043306,True,0.4094326046837886,0,0,2,0.05,0.036249999999999984,0.03421912647337437,1.4526766350397433,1.4395185255108738,-4.340418561695817,-45.709978513824616,108.52502185490077,0.05,0.036249999999999984,506,0,2,0,0.0,26.04373542123085,0.7767051034695052,RNG-724ad17ee144,safe_range,selection_envelope,70352,NTSC,30,5,1000000.0,,True,bars,0.9060202838526055,-48.52025199600329,7.563847771348817,12.44311044714103,11.165214458007144
16.90167136528055,97.11967375657974,True,0.2920217842229963,0,0,2,0.075,0.05,0.021028401648468864,0.17938976778372356,1.2189390165176957,-2.5774854660396045,-46.70634450941097,110.44093560221499,0.075,0.05,506,0,2,0,0.0,27.312005953432575,0.7756967212802249,RNG-80151adb4f37,safe_range,selection_envelope,70352,NTSC,30,5,1000000.0,,True,bars,0.8278200708627667,-51.81513579879184,9.58165499595242,14.11150452689781,11.406490125811363
16.88439952916273,96.70449445778922,True,0.2927744176874885,0,0,2,0.075,0.05,0.02055312214821694,0.5168967331192087,1.3687225117472321,-2.8197708786916005,-46.06934802036978,110.2180200389921,0.075,0.05,506,0,2,0,0.0,26.90378005906601,0.7757503851787664,RNG-e7258e31bde8,safe_range,selection_envelope,70352,NTSC,30,5,1000000.0,,True,bars,0.8172508127234086,-51.87211729118656,9.401479929066126,14.1657203275401,11.388705297355191
16.77040046245175,96.02713706804921,True,0.314600788157764,0,0,2,0.075,0.05,0.020492937181094868,0.46495015484179864,1.793841322239755,-3.7027874956619633,-46.06966674682498,109.70484381847429,0.075,0.05,506,0,2,0,0.0,25.7683645740836,0.7745002560826052,RNG-9e03617b1053,safe_range,selection_envelope,70352,NTSC,30,5,1000000.0,,True,bars,0.8175862475116847,-51.9501532366756,9.39954110722027,14.080343719418616,11.443229681056065
16.908682420322755,95.99218921816241,True,0.41695893932871114,0,0,2,0.05,0.036249999999999984,0.03523285050830704,0.9751428896890881,1.191470247859726,-4.532273000933622,-45.53148766640287,108.96802976533463,0.05,0.036249999999999984,506,0,2,0,0.0,25.897474499074434,0.7821515311349875,RNG-894eb4d231a5,safe_range,selection_envelope,70352,NTSC,30,5,1000000.0,,True,bars,0.876593208529497,-48.42898701458311,8.021284806458116,13.607067741567082,10.998359482165455
14.090432208461639,102.35866745181784,True,0.6457595125343577,0,0,2,0.05,0.025,0.03835488023634885,-2.721724622746759,2.376134221620769,-2.048798079306839,-69.5974782179085,129.04487128170575,0.05,0.025,506,0,2,0,0.0,21.14807932938648,0.6940419106485102,RNG-b4deae417e10,safe_range,selection_envelope,70352,NTSC,30,5,1000000.0,stress_waveform;reference_detail;burst_rmse_ire,True,bars,0.8520714521720294,-56.47347208182969,11.432229061849293,22.364642434581718,14.750699258983724
15.427875970640928,94.51840521482241,True,0.41695893932871114,0,0,2,0.05,0.061249999999999985,0.02406861896686912,2.713341991574852,2.127317440681066,-4.443519899339048,-49.52612005021216,109.58485580632306,0.05,0.061249999999999985,506,0,2,0,0.0,24.638311599844357,0.7249196647175056,RNG-c73334f8bd3d,safe_range,selection_envelope,70352,NTSC,30,5,1000000.0,stress_waveform;reference_detail,True,bars,0.947266792402935,-34.19588015881721,9.714437926712137,14.816930118634854,9.434641457458264
15.147753958029782,100.54757549900295,True,0.6457595125343577,0,0,2,0.05,0.05,0.028960072008732785,1.9904942652571203,-3.2399401317879066,-1.0390752715722453,-48.30425990604138,120.03971655229488,0.05,0.05,506,0,2,0,0.0,24.341393601829072,0.7179643867015827,RNG-ccbd72c8c1cf,safe_range,selection_envelope,70352,NTSC,30,5,1000000.0,stress_waveform;reference_detail;burst_amplitude_jitter_pct,True,bars,0.8491920588144751,-54.766370735809865,11.320878556717988,25.959278223704388,12.829660753440226
15.054854105573444,98.6848969453828,True,0.18740573265857235,0,0,2,0.05,0.05,0.02236620297621218,1.275251346595331,-1.0904353413651469,-2.2177202032842676,-50.198416738389696,125.64130112722346,0.05,0.05,506,0,2,0,0.0,27.46855678768725,0.7213071403570305,RNG-a64092aa7f14,safe_range,selection_envelope,70352,NTSC,30,5,1000000.0,stress_waveform;reference_detail,True,bars,0.8838966440858844,-48.352791610745705,11.669869861224754,16.75640600474611,12.25503600556367
15.493263694986545,98.10696365945458,True,0.7729545680335494,0,0,2,0.05,0.05,0.01869639901072876,1.2794659219558981,1.0084823349513443,-0.6495723011233341,-48.28046741847139,123.24069156066803,0.05,0.05,506,0,2,0,0.0,30.02244915021498,0.7238043333178048,RNG-8bfa6546d372,safe_range,selection_envelope,70352,NTSC,30,5,1000000.0,stress_waveform;reference_detail,True,bars,0.8859437230408571,-47.652045222304096,11.349778839842385,22.516254723846032,11.335805814325992
16.000102355053308,97.88268697329653,True,0.4244852739736338,0,0,2,0.05,0.05,0.01869639901072876,1.217717141202568,1.3985123582933432,-0.8492939838496846,-48.28046741847139,121.38064257011301,0.05,0.05,506,0,2,0,0.0,29.748250782717427,0.7414674176264635,RNG-6cf1316b2595,safe_range,selection_envelope,70352,NTSC,30,5,1000000.0,,True,bars,0.8859437100806902,-47.65204146822938,11.349776401292422,22.51625645706091,11.335805789881363
15.750930150115012,97.18406530549825,True,0.38958594730238394,0,0,2,0.05,0.025,0.019679814073491984,0.5649829945303754,1.0147905443360188,-1.6641551919705229,-52.70609078192326,123.61915624151669,0.05,0.025,610,0,2,0,0.0,27.766534252961623,0.7175634847194926,OVP56,safe_range,selection_envelope,70353,PAL,30,3,500000.0,,True,bars,0.8486171840752479,-60.77261058117155,16.70269018872375,21.513624298491287,12.224802479361747
15.975752414980422,97.03413869884287,True,0.3450439146800502,0,0,2,0.05,0.025,0.017879377258381818,0.7020334388293611,1.5277756958648485,-1.4359221126350268,-51.699238038485525,120.95614665056229,0.05,0.025,610,0,2,0,0.0,28.013406778639627,0.7266328562234767,VLP56,safe_range,selection_envelope,70353,PAL,30,3,500000.0,,True,bars,0.8420525657893991,-60.94077052095233,17.016590674873783,21.363417062203773,12.067233383509773
15.845282084599134,96.29003661641546,True,0.7145545796737767,0,0,2,0.075,0.05,0.058068289362682254,1.8015412353696207,2.17601076119506,-0.7349322173634424,-45.90164042371749,109.6469572898111,0.075,0.05,610,0,2,0,0.0,25.265513952588627,0.7117784751789232,RANGE32,safe_range,selection_envelope,70353,PAL,30,3,500000.0,,True,bars,0.7516188491590484,-65.80491676924636,14.642956225008794,19.442603255401753,12.472207898497052
-6.355530036782597,-96.59191373262773,False,652.0627352572146,610,8,36,2.025,2.025,1000000.0,136.1050914775672,39.15481053637191,-142.2036028151215,-56.65692694780391,108.42257675514546,1000000.0,1000000.0,610,610,2,1171,1.919672131147541,-6.39162513927568,-0.37383599306201853,PLL96-rejected-board,safe_range,selection_envelope,70353,PAL,30,3,500000.0,contrast;waveform;detail_floor;sync;h_jitter_us;v_jitter_us;h_width_rmse_us;sync_error_ire;black_error_ire;white_error_ire;contrast;stress_waveform;reference_detail;burst_gain;burst_phase_jitter_deg;burst_amplitude_jitter_pct;burst_rmse_ire;h_missing;v_missing;vertical_trains;sync_error_ire;black_error_ire;white_error_ire,False,bars,0.26514714430172315,54.51426920061135,31.379862070646997,57.24821614999333,42.95619289295763
9.462404829828099,103.04999792127262,True,5.8801756587202005,0,0,2,0.35,0.09124999999999998,0.10581940229296016,2.2009512792960875,2.2429123121633032,5.377059279938514,-52.80525608798512,114.03789100769816,0.35,0.09124999999999998,610,0,2,0,0.0,12.535699333006391,0.3735630131348395,PLL96-IQ-corrected,safe_range,selection_envelope,70353,PAL,30,3,500000.0,waveform;detail_floor;white_error_ire;stress_waveform;reference_detail;burst_gain;burst_phase_jitter_deg;burst_amplitude_jitter_pct;burst_rmse_ire,True,bars,0.30972908552146977,-122.19089376111967,32.00713082434643,53.80268628776624,17.563346063607124
21.527601023686046,95.8914502018135,True,0.0,0,0,2,0.025,0.025,0.017936591411843273,2.1668567837832757,2.2440981474662323,-0.7114214326959842,-45.86918572481467,112.46072822972559,0.025,0.025,610,0,2,0,0.0,27.485555700391554,0.9307059077141068,floating-PLL-IQ40,safe_range,selection_envelope,70353,PAL,30,3,500000.0,,True,bars,0.534685826936259,13.149538446127167,6.958276584371157,10.202449424149433,6.45265868137144
3.525114730184968,44.23566317083877,True,95.3099121706399,610,8,0,2.025,2.025,1000000.0,54.618648931057585,32.44374130383614,-21.00497965450913,9.712961232630938,90.1704908309159,1000000.0,1000000.0,610,610,2,0,0.0,3.63768942486882,0.5550635255572675,HC50,safe_range,selection_envelope,70353,PAL,30,3,500000.0,contrast;waveform;detail_floor;sync;h_jitter_us;v_jitter_us;h_width_rmse_us;sync_error_ire;black_error_ire;white_error_ire;contrast;stress_waveform;reference_detail;burst_gain;burst_rmse_ire;h_missing;v_missing;vertical_trains;sync_error_ire;black_error_ire;white_error_ire,False,bars,0.4062867833603719,98.09659634349781,13.65340492593883,17.983696059820126,35.690766465952855
12.33048597496621,102.24057031349767,True,3.9134253450439145,0,0,2,0.075,0.05,0.06699033451202335,-2.6291663591690204,-2.053968713656011,0.7502262194442055,-50.69557834114578,114.83078872518965,0.075,0.05,610,0,2,0,0.0,16.718445877517397,0.5224750818983259,PLL96-board-fixed,safe_range,selection_envelope,70353,PAL,30,3,500000.0,waveform;detail_floor;stress_waveform;reference_detail;burst_gain;burst_phase_jitter_deg;burst_amplitude_jitter_pct,True,bars,0.4591382521066857,-97.67367009159014,28.04249937095145,34.993343436926466,15.106471601882253
15.120117735216995,100.00326267481948,True,0.46424090338770385,0,0,2,0.075,0.05,0.05257703169916576,1.940249650084404,-1.9080953831273841,0.3759106002130077,-45.24712305921475,119.25460795390308,0.075,0.05,610,0,2,0,0.0,26.16640649316157,0.6914807096318809,RNG-58c0e88fcba8,safe_range,selection_envelope,70353,PAL,30,3,500000.0,,True,bars,0.8204130622084261,-65.89448947671589,15.67757444006044,18.185456904749007,12.848276774026576
15.254601957808827,99.63868429176232,True,0.46424090338770385,0,0,2,0.075,0.05,0.05841134518140837,1.7485145306537877,-1.9036680756196633,-0.479570754305561,-44.41581312386273,117.63524501536801,0.075,0.05,610,0,2,0,0.0,26.327472594194585,0.6963048870799597,RNG-39614bd6254d,safe_range,selection_envelope,70353,PAL,30,3,500000.0,,True,bars,0.8218778817807245,-65.12519646243881,14.981955267227518,18.03868712909886,12.743009697703041
15.270278107380172,96.07391552884712,True,0.5075282308657466,0,0,2,0.075,0.06624999999999999,0.056494232985816684,2.0559423402231216,1.7549612805721682,-2.658549491195458,-45.011925628547345,119.8606123771292,0.075,0.06624999999999999,610,0,2,0,0.0,25.73224802656885,0.6791923378384602,RNG-67899a3c7663,safe_range,selection_envelope,70353,PAL,30,3,500000.0,reference_detail;burst_phase_jitter_deg,True,bars,0.5439027616509934,-81.65151684095659,22.476063028101667,27.24154530727251,13.473371835467372
15.538666993193981,98.02961821990525,True,0.465495608531995,0,0,2,0.075,0.05,0.04968136174581,2.0266598401770417,-0.23849380773495818,-1.4711478286154527,-45.738139443986846,117.64724564220771,0.075,0.05,610,0,2,0,0.0,27.498211597892332,0.7007091158493158,RNG-724ad17ee144,safe_range,selection_envelope,70353,PAL,30,3,500000.0,,True,bars,0.7927798442655168,-65.52001683252152,14.802815969660948,18.65123004527413,12.566925933867784
15.39049668453445,96.16862259782961,True,0.49498117942283565,0,0,2,0.075,0.06624999999999999,0.05613033719922196,1.8546604752199523,1.7663767372876462,-2.7386041428212313,-45.88916821229688,119.86321750882416,0.075,0.06624999999999999,610,0,2,0,0.0,25.63346307602147,0.6861687730755354,RNG-80151adb4f37,safe_range,selection_envelope,70353,PAL,30,3,500000.0,burst_phase_jitter_deg,True,bars,0.5349570982457333,-80.51944468784987,22.17544128149188,27.619663966785737,13.297513945128443
15.366450646207559,96.00667627187356,True,0.49498117942283565,0,0,2,0.075,0.06624999999999999,0.05506144109158393,1.9300986667302438,1.915945973819019,-2.7869788979508443,-45.26334164936532,119.22766852480407,0.075,0.06624999999999999,610,0,2,0,0.0,25.450032781325085,0.6853733539344249,RNG-e7258e31bde8,safe_range,selection_envelope,70353,PAL,30,3,500000.0,burst_phase_jitter_deg,True,bars,0.5315707429285343,-80.51846374862875,22.37669644461019,28.394629736532025,13.31274022601172
15.360885062130823,95.8080233445595,True,0.4855708908406524,0,0,2,0.075,0.06624999999999999,0.05626707391145711,1.9958829404211795,2.025040000383966,-3.1668074075985757,-45.26226607208709,119.2789224609509,0.075,0.06624999999999999,610,0,2,0,0.0,25.15356300003242,0.6860867553817168,RNG-9e03617b1053,safe_range,selection_envelope,70353,PAL,30,3,500000.0,burst_phase_jitter_deg,True,bars,0.5367357665148133,-80.09524507629612,22.624610696202726,27.777985853069293,13.312270000722819
15.968930715657754,97.48575958717873,True,0.34755332496863234,0,0,2,0.075,0.05,0.05782959705100812,1.808115634135258,0.9259420965129904,-1.904054536228879,-44.1740370897224,116.92322896204274,0.075,0.05,610,0,2,0,0.0,27.713892878092405,0.7185550453792645,RNG-894eb4d231a5,safe_range,selection_envelope,70353,PAL,30,3,500000.0,,True,bars,0.7668973376849222,-65.54850421783262,14.983777273244177,18.89086576291988,12.31045577188732
15.40073070977723,97.67198042998812,True,0.2427854454203262,0,0,2,0.03874999999999887,0.05,0.04328943762439131,0.5522943094790825,2.544492820719209,-1.7935928969963448,-58.42960271384815,137.63288738016544,0.03874999999999886,0.05,610,0,2,0,0.0,26.851501891619076,0.7094796600075047,RNG-b4deae417e10,safe_range,selection_envelope,70353,PAL,30,3,500000.0,,True,bars,0.7610170933899316,-61.21862193981233,12.89360570984446,21.12766085315909,12.115753320742039
14.269605495640413,93.45261627017823,True,0.18946047678795483,0,0,2,0.075,0.04124999999999999,0.04850215476031392,4.510372721408231,3.3288726111959783,-3.5718582283239253,-44.960721606352735,117.05193382950529,0.075,0.04124999999999999,610,0,2,0,0.0,23.007988136540554,0.6787034412503753,RNG-c73334f8bd3d,safe_range,selection_envelope,70353,PAL,30,3,500000.0,stress_waveform;reference_detail;burst_gain,True,bars,1.0487276862209907,-35.22530605449502,16.75802124969447,16.949235107913115,9.878028992240546
14.913995815230589,98.21401953488214,True,0.6969887076537015,0,0,2,0.05,0.05,0.02011748281356538,6.112212620119167,-1.7281995800025818,-0.2055357806409536,-40.54245168299338,121.423369219721,0.05,0.05,610,0,2,0,0.0,23.849488966989174,0.6881908219147875,RNG-ccbd72c8c1cf,safe_range,selection_envelope,70353,PAL,30,3,500000.0,sync_error_ire,True,bars,0.7192301306362563,-69.2319513562138,15.962583273676229,20.707184254959632,12.886317139388886
13.887750394102817,92.51907719862498,True,0.602258469259724,106,3,2,2.025,2.025,1.098018033180911,13.209543974176855,2.153055470366557,-1.8797605493507934,-51.015775803554625,128.98109522229578,0.7812499999999958,1.2699999999999998,610,5,2,84,0.1377049180327869,19.727999057508747,0.6943425099888553,RNG-a64092aa7f14,safe_range,selection_envelope,70353,PAL,30,3,500000.0,waveform;sync;h_jitter_us;v_jitter_us;h_width_rmse_us;sync_error_ire;stress_waveform;h_missing;v_missing;sync_error_ire,False,bars,0.8315976470513404,-60.6018109189638,16.65444377522436,22.837253004765248,12.405769726945778
14.914328356023383,96.60159687355704,True,0.6304893350062735,0,0,2,0.05,0.05,0.027104079905818305,3.410504884531457,1.7550495201058676,-1.0449838979660182,-47.63817223571615,131.64061596320792,0.05,0.05,610,0,2,0,0.0,27.166287898061707,0.6891534160501859,RNG-8bfa6546d372,safe_range,selection_envelope,70353,PAL,30,3,500000.0,,True,bars,0.8285021378195621,-60.698126834986944,16.484016591996458,22.83248530742459,12.378071462193654
15.334314688948929,96.9790315416639,True,0.3588456712672522,0,0,2,0.05,0.05,0.026876310490351357,1.481215797313122,2.0835805851729443,-1.2635270142226926,-49.070238109568756,123.0699348669551,0.05,0.05,610,0,2,0,0.0,27.589928952922335,0.695571314007914,RNG-6cf1316b2595,safe_range,selection_envelope,70353,PAL,30,3,500000.0,,True,bars,0.8285018786845775,-60.698127146709574,16.48402746724131,22.832554117471158,12.37807122964321
15.917966230419317,97.1227429313306,True,0.3876062342135131,0,0,2,0.05,0.05,0.01975642188083654,0.568315777302196,1.025584166040531,-1.8134998258770851,-52.65665373180196,123.08267567795455,0.05,0.05,506,0,2,0,0.0,27.60100988145591,0.7389235755349235,OVP56,safe_range,selection_envelope,70353,NTSC,30,3,500000.0,,True,bars,0.897565032241703,-48.1667274398133,9.264689744420853,14.409229018474402,11.583302108714404
16.154546600877744,96.9588716437654,True,0.36126406295628405,0,0,2,0.05,0.025,0.01743140140495627,0.7475216724862385,1.5365264449641223,-1.5863389670347252,-51.4307135781939,120.78053552097644,0.05,0.025,506,0,2,0,0.0,27.849393892881636,0.7481872743531466,VLP56,safe_range,selection_envelope,70353,NTSC,30,3,500000.0,,True,bars,0.8892702966644808,-48.504744576185615,8.798290487590934,13.164548260069612,11.453799389287896
15.996159540750778,96.20189223627159,True,0.7413439625248746,0,0,2,0.075,0.075,0.05666976663612516,1.82195610082015,2.173572783342031,-0.8829160957215367,-45.839639557942974,109.48716722069635,0.075,0.075,506,0,2,0,0.0,25.21049945365551,0.7328151862854327,RANGE32,safe_range,selection_envelope,70353,NTSC,30,3,500000.0,,True,bars,0.815320880387106,-52.71633488955993,11.088382266484878,15.525520997395486,12.015742380094075
-6.3067764319274975,-96.39848365153065,False,654.4960817901838,506,12,30,2.025,2.025,1000000.0,136.15407641326107,39.04252827360777,-142.12222736788885,-56.580096240436674,108.26469414415796,1000000.0,1000000.0,506,506,2,984,1.9446640316205535,-6.350466248732303,-0.34494567291202066,PLL96-rejected-board,safe_range,selection_envelope,70353,NTSC,30,3,500000.0,contrast;waveform;detail_floor;sync;h_jitter_us;v_jitter_us;h_width_rmse_us;sync_error_ire;black_error_ire;white_error_ire;contrast;stress_waveform;reference_detail;burst_phase_jitter_deg;burst_amplitude_jitter_pct;burst_rmse_ire;h_missing;v_missing;vertical_trains;sync_error_ire;black_error_ire;white_error_ire,False,bars,0.5972108464565973,64.02261237677835,23.595449107895764,26.382516413997983,42.01556344290104
9.393180393625505,102.38989973260747,True,6.234815619853869,0,0,2,0.3,0.3,0.09855051271968225,2.194177913865056,2.21550360373409,5.199066344258974,-52.733475589517184,113.8407850185046,0.3,0.3,506,0,2,0,0.0,12.694960768456463,0.3412064525006489,PLL96-IQ-corrected,safe_range,selection_envelope,70353,NTSC,30,3,500000.0,waveform;detail_floor;white_error_ire;stress_waveform;reference_detail;burst_phase_jitter_deg;burst_amplitude_jitter_pct;burst_rmse_ire,True,bars,0.6813762937789172,-114.17061354043311,22.965001999380444,26.550736316270275,20.445954234988346
21.80879660983734,95.77676135771284,True,0.0,0,0,2,0.025,0.025,0.017572548659860417,2.22520358129928,2.2366005324792027,-0.8503700380287195,-44.63686135113014,111.64750428467967,0.025,0.025,506,0,2,0,0.0,27.334254901351287,0.9406302065695674,floating-PLL-IQ40,safe_range,selection_envelope,70353,NTSC,30,3,500000.0,,True,bars,0.6375344928998263,4.650778831066906,7.168404030830356,10.291148995546813,5.7396070574207405
3.4939365306827113,44.18585631874596,True,101.40531720489994,506,12,0,2.025,2.025,1000000.0,54.61367124369402,32.38107594315982,-21.105825856046273,9.266266004334305,90.00336825712431,1000000.0,1000000.0,506,506,2,0,0.0,3.6006383444296497,0.5742159341487405,HC50,safe_range,selection_envelope,70353,NTSC,30,3,500000.0,contrast;waveform;detail_floor;sync;h_jitter_us;v_jitter_us;h_width_rmse_us;sync_error_ire;black_error_ire;white_error_ire;contrast;stress_waveform;reference_detail;burst_gain;burst_rmse_ire;h_missing;v_missing;vertical_trains;sync_error_ire;black_error_ire;white_error_ire,False,bars,0.4337037953123195,80.78074855096682,11.982201724344339,16.669143534960337,35.80521652569103
12.368693474400885,102.0529488944859,True,4.033362736214013,0,0,2,0.075,0.075,0.06862749595884311,-2.617055409181924,-2.05196997791263,0.6075917574825767,-50.62839420898303,114.54591154764059,0.075,0.075,506,0,2,0,0.0,16.90828613386374,0.5296311717661467,PLL96-board-fixed,safe_range,selection_envelope,70353,NTSC,30,3,500000.0,waveform;detail_floor;stress_waveform;reference_detail;burst_gain;burst_phase_jitter_deg;burst_amplitude_jitter_pct;burst_rmse_ire,True,bars,0.5697369300599022,-79.9731363972002,22.853982703386556,32.58955689536334,15.600613495217903
15.290813918639849,99.85694596848023,True,0.44781691137289376,0,0,2,0.075,0.075,0.05522367382017995,1.9610361651954054,-1.9000731633353496,0.22763160377368882,-45.17959356053318,119.06023264295327,0.075,0.075,506,0,2,0,0.0,26.258062945124188,0.7135575429966995,RNG-58c0e88fcba8,safe_range,selection_envelope,70353,NTSC,30,3,500000.0,,True,bars,0.8781873241535879,-52.27986629956822,12.611632920373145,14.813395226311439,12.288833187349594
15.422391644709705,99.50451234833797,True,0.45910641334027763,0,0,2,0.075,0.075,0.06035345496068721,1.7764958113434948,-1.8956103187320874,-0.6246569385993896,-44.52542720101873,117.37458906414263,0.075,0.075,506,0,2,0,0.0,26.387881420240188,0.7180746514487887,RNG-39614bd6254d,safe_range,selection_envelope,70353,NTSC,30,3,500000.0,,True,bars,0.8799681432185601,-51.609608516707674,12.256448380424155,14.699181753077445,12.168005414042247
15.344884300135046,95.97971547515084,True,0.5471645286858718,0,0,2,0.075,0.075,0.05866178938284135,2.067038666010613,1.751088082711707,-2.799127181357786,-44.95249961902011,117.90656952187699,0.075,0.075,506,0,2,0,0.0,25.67688006815729,0.694760294628586,RNG-67899a3c7663,safe_range,selection_envelope,70353,NTSC,30,3,500000.0,reference_detail,True,bars,0.6629129575455863,-68.09196283951927,13.719898742776508,20.015458569040142,13.818345058977677
15.700962793238853,97.92134908629563,True,0.45985904680476986,0,0,2,0.075,0.075,0.051376795334219016,2.0484349726153646,-0.22815443965726379,-1.60845173574967,-45.67680505531446,117.36501038138051,0.075,0.075,506,0,2,0,0.0,27.46647436073357,0.7220463030180401,RNG-724ad17ee144,safe_range,selection_envelope,70353,NTSC,30,3,500000.0,,True,bars,0.8518952817701129,-52.235821462503026,12.166101179556055,15.057246192980205,12.071581908678155
15.469807227600983,96.07637859007247,True,0.5087802219967666,0,0,2,0.075,0.075,0.058482540213993975,1.8731178210103863,1.7590273774780505,-2.877696487020622,-47.680653490607455,117.88135364374789,0.075,0.075,506,0,2,0,0.0,25.59654648240434,0.7016968332618017,RNG-80151adb4f37,safe_range,selection_envelope,70353,NTSC,30,3,500000.0,reference_detail,True,bars,0.6555642855500139,-67.1948241590298,13.31993017590061,20.611350773922414,13.642746954946075
15.443098138130448,95.91072598700482,True,0.5080275885322745,0,0,2,0.075,0.075,0.05691986947896118,1.9615831332581575,1.9058970573675358,-2.922605470516289,-46.28447832912943,117.61669297803276,0.075,0.075,506,0,2,0,0.0,25.410762507547318,0.7007995466587368,RNG-e7258e31bde8,safe_range,selection_envelope,70353,NTSC,30,3,500000.0,reference_detail,True,bars,0.649680949257375,-67.29608909747107,13.908894541870398,20.650857109370186,13.662661854993651
15.437251552817056,95.7210127117842,True,0.5050170546743055,0,0,2,0.075,0.075,0.058111756853368154,2.0243390499586886,2.0164150474075626,-3.300839365261267,-46.251303982944904,117.5501804802404,0.075,0.075,506,0,2,0,0.0,25.120104692009054,0.7016235953389759,RNG-9e03617b1053,safe_range,selection_envelope,70353,NTSC,30,3,500000.0,reference_detail,True,bars,0.6549573336893304,-66.92714122932388,13.313466302573248,20.149723404186634,13.651414858793924
16.13903874653133,97.39374117093178,True,0.32363238973167113,0,0,2,0.075,0.061249999999999985,0.060312509599827216,1.826514535058338,0.932398861106721,-2.0429496534097464,-44.1153215014779,116.38820738312454,0.075,0.061249999999999985,506,0,2,0,0.0,27.635766987841485,0.7395147038426193,RNG-894eb4d231a5,safe_range,selection_envelope,70353,NTSC,30,3,500000.0,,True,bars,0.8254368395038272,-52.50445488337273,9.432562786177478,13.69041085127286,11.858128265439783
15.562372637612674,97.6531212873616,True,0.2370795413150614,0,0,2,0.05,0.05,0.0438398991660939,0.6228145314122019,2.5579149264840266,-1.849905632702557,-56.840447724049,137.43339575621195,0.05,0.05,506,0,2,0,0.0,26.81151096570742,0.7292798035659637,RNG-b4deae417e10,safe_range,selection_envelope,70353,NTSC,30,3,500000.0,,True,bars,0.8166261010745554,-48.777297623231384,11.311757444118449,16.730675346838986,11.583787550014513
14.393680318189006,93.3300183292701,True,0.2280479397411543,0,0,2,0.075,0.075,0.050012350253368545,4.533788445317847,3.3286347174353517,-3.7102011430216786,-45.11574160844038,113.78712007635924,0.075,0.075,506,0,2,0,0.0,22.889521171502526,0.6950790042861709,RNG-c73334f8bd3d,safe_range,selection_envelope,70353,NTSC,30,3,500000.0,stress_waveform;reference_detail,True,bars,0.9336281839748943,-27.9600062969189,13.000100807875304,16.738622048032916,9.572680862113414
15.072316959773456,97.99067227127783,True,0.7210228589835835,0,0,2,0.05,0.05,0.021550565595138235,6.148513059321273,-1.7205151889216945,-0.3589052166165893,-40.4906501526233,121.29403204029397,0.05,0.05,506,0,2,0,0.0,23.766419786903327,0.7104364663175581,RNG-ccbd72c8c1cf,safe_range,selection_envelope,70353,NTSC,30,3,500000.0,sync_error_ire,True,bars,0.7814933144970867,-53.82755394622099,14.911078748721504,17.425751146092672,12.18183262191489
13.941380325715038,92.27534735466374,True,0.6909175204038932,96,2,2,2.025,2.025,1.1806984291036406,13.354395767036577,2.1526550826600674,-2.016375757165336,-50.946535292216986,128.83298840575145,0.8024999999999978,0.7512499999999986,506,3,2,75,0.1482213438735178,19.448827604227713,0.7134004947369046,RNG-a64092aa7f14,safe_range,selection_envelope,70353,NTSC,30,3,500000.0,waveform;sync;h_jitter_us;v_jitter_us;h_width_rmse_us;sync_error_ire;stress_waveform;h_missing;v_missing;sync_error_ire,False,bars,0.8865752035137839,-48.21801401886259,14.094854471488647,18.60719455334175,11.811103388838777
15.064617923101435,96.50584615516938,True,0.666833249540141,0,0,2,0.05,0.05,0.02844365486319022,3.435661593635603,1.7507916311266354,-1.1845089985027049,-47.556319501380145,131.44986588608174,0.05,0.05,506,0,2,0,0.0,27.06904818090271,0.7096400140282936,RNG-8bfa6546d372,safe_range,selection_envelope,70353,NTSC,30,3,500000.0,,True,bars,0.8831860403259268,-48.284281881481945,14.343084726657318,19.108685264346743,11.7831250491723
15.513125564884254,96.91703140758226,True,0.3544903617758537,0,0,2,0.05,0.05,0.028094103582895862,1.506163913387863,2.0832363139768844,-1.4020635768896574,-48.98634544711033,122.87515918793865,0.05,0.05,506,0,2,0,0.0,27.55719644577182,0.7178898359708609,RNG-6cf1316b2595,safe_range,selection_envelope,70353,NTSC,30,3,500000.0,,True,bars,0.8831848124406969,-48.284302043641354,14.343553462279777,19.108891084650782,11.7831363528063
15.974190279793437,97.63383268385373,True,0.39648682559598497,0,0,2,0.05,0.05,0.0193119346434305,0.868460334834783,0.8481266842349852,-1.2076145258721445,-61.24892817320644,118.08165022861766,0.05,0.05,610,0,2,0,0.0,27.254416685808984,0.7282603275103374,OVP56,safe_range,selection_envelope,70354,PAL,30,3,1500000.0,,True,bars,0.8042491059637762,-60.30456880054709,10.142299320593224,23.47898311617355,11.705202547907238
16.086497820347706,97.58798542641422,True,0.4109159347553325,0,0,2,0.05,0.05,0.01965376533398317,1.053198902309256,0.8912926286543046,-1.3059967705486621,-57.18338412805507,118.09370012943572,0.05,0.05,610,0,2,0,0.0,27.95019349036055,0.7312480772861165,VLP56,safe_range,selection_envelope,70354,PAL,30,3,1500000.0,,True,bars,0.8026217911408318,-60.33256656508861,9.251131541336775,20.74360113836756,11.588053157905641
15.991991017305542,95.33255261884102,True,1.6606022584692597,0,0,2,0.05,0.05,0.019964107136821615,2.4769165822942942,1.8432272930701572,-3.103751480561621,-49.04846555235652,102.81302665118054,0.05,0.05,610,0,2,0,0.0,24.41927586388539,0.7128630218356621,RANGE32,safe_range,selection_envelope,70354,PAL,30,3,1500000.0,,True,bars,0.7771192165093006,-60.30732545831425,9.14628343657451,23.46934833169084,11.516792443719593
-7.653233143133701,-73.52081487399201,False,671.5351317440401,610,8,61,2.025,2.025,1000000.0,66.98138081641109,-8.52955510676067,-170.4388684625628,-79.48830212068344,50.26475251991627,1000000.0,1000000.0,610,610,2,1905,3.122950819672131,-7.730095001207522,-0.4140399151440361,PLL96-rejected-board,safe_range,selection_envelope,70354,PAL,30,3,1500000.0,contrast;waveform;detail_floor;sync;h_jitter_us;v_jitter_us;h_width_rmse_us;sync_error_ire;black_error_ire;white_error_ire;contrast;stress_waveform;reference_detail;burst_gain;burst_phase_jitter_deg;burst_amplitude_jitter_pct;burst_rmse_ire;h_missing;v_missing;vertical_trains;sync_error_ire;black_error_ire;white_error_ire,False,bars,0.22744884823228007,69.86787899342944,18.97027541107654,45.67335505977839,15.006980296144796
8.934990574484882,91.10425422294603,True,6.655583437892095,610,8,0,2.025,2.025,1000000.0,12.427091036812158,10.375316005863127,-8.193846733332698,-50.846129464801834,108.35457539433696,1000000.0,1000000.0,610,610,2,0,0.0,10.592420919077712,0.4386394591316052,PLL96-IQ-corrected,safe_range,selection_envelope,70354,PAL,30,3,1500000.0,waveform;detail_floor;sync;h_jitter_us;v_jitter_us;h_width_rmse_us;sync_error_ire;black_error_ire;white_error_ire;stress_waveform;reference_detail;burst_gain;burst_phase_jitter_deg;burst_amplitude_jitter_pct;burst_rmse_ire;h_missing;v_missing;vertical_trains;sync_error_ire;black_error_ire;white_error_ire,False,bars,0.19995384177912012,-110.32365100514095,19.933893874858963,39.525726927261736,17.3710040559798
21.692107651167984,96.62019990222102,True,0.0,0,0,2,0.025,0.016249999999999987,0.021184203827457823,1.279796665914129,1.524348371149836,-1.6567754317192644,-45.863930478303956,109.93770843217561,0.025,0.016249999999999987,610,0,2,0,0.0,29.342784530453393,0.9257854202195094,floating-PLL-IQ40,safe_range,selection_envelope,70354,PAL,30,3,1500000.0,burst_gain,True,bars,0.4859148275786219,13.803339055036648,6.109284270806272,13.188675124701167,6.785558192522363
4.970548014417484,44.88135788478452,True,83.09974905897114,610,8,0,2.025,2.025,1000000.0,43.42190933523911,21.926618684551304,-29.980742523317282,-2.8342508370142667,79.66827180144648,1000000.0,1000000.0,610,610,2,0,0.0,5.170506233991281,0.5828402623595851,HC50,safe_range,selection_envelope,70354,PAL,30,3,1500000.0,contrast;waveform;detail_floor;sync;h_jitter_us;v_jitter_us;h_width_rmse_us;sync_error_ire;black_error_ire;white_error_ire;contrast;stress_waveform;reference_detail;burst_gain;burst_rmse_ire;h_missing;v_missing;vertical_trains;sync_error_ire;black_error_ire;white_error_ire,False,bars,0.39508122413645497,98.8421742175832,9.059212355332953,24.48524887105532,25.963386753584285
11.979922807497427,93.22594275539515,True,4.086574654956085,0,0,2,0.125,0.1,0.05471610785697749,3.33392336005486,9.500695990136764,-6.536944224629493,-52.01102280170015,101.41249914575172,0.125,0.1,610,0,2,0,0.0,15.250594195357616,0.5411516930049242,PLL96-board-fixed,safe_range,selection_envelope,70354,PAL,30,3,1500000.0,waveform;detail_floor;black_error_ire;white_error_ire;stress_waveform;reference_detail;burst_gain;burst_phase_jitter_deg;burst_amplitude_jitter_pct;black_error_ire,True,bars,0.365396309189778,-83.58457281537176,17.251393323239697,53.83518411861483,14.496149915100345
16.096439015850866,96.77653928578309,True,0.7816813048933501,0,0,2,0.05,0.05,0.025487058754089815,2.061321975769813,2.11684635152521,-3.2659849829058523,-44.929947263467085,106.61894792569129,0.05,0.05,610,0,2,0,0.0,26.352674856090736,0.728504283834479,RNG-58c0e88fcba8,safe_range,selection_envelope,70354,PAL,30,3,1500000.0,,True,bars,0.8526997118702259,-60.3086883686781,9.764055223722412,27.32348420356861,11.973177938239376
16.094205376809818,95.84860205193783,True,0.7754077791718946,0,0,2,0.05,0.05,0.023717082451262844,1.950988051869931,2.1447092106831245,-4.423624435316278,-46.42485935660909,106.61894792569171,0.05,0.05,610,0,2,0,0.0,25.58711087536926,0.7299184396286011,RNG-39614bd6254d,safe_range,selection_envelope,70354,PAL,30,3,1500000.0,,True,bars,0.8649403056940903,-60.308700612745945,9.837193231710817,26.35101445599843,12.015842352297497
15.587607678665725,96.60802937183581,True,0.7961104140526977,0,0,2,0.05,0.05,0.02288155531799558,1.0279764169930359,1.6017745227426226,-1.694056638593529,-53.59920093380144,111.38609178632103,0.05,0.05,610,0,2,0,0.0,26.509936210085293,0.6981857695954792,RNG-67899a3c7663,safe_range,selection_envelope,70354,PAL,30,3,1500000.0,,True,bars,0.7876446104442256,-61.903007969434604,12.699843307812781,25.72403331788394,12.181547344514453
15.976351410785153,94.53624508606605,True,0.7628607277289837,0,0,2,0.05,0.05,0.024690709741540105,2.9366809010972523,2.264860878256133,-5.372476801153312,-45.967800029491805,106.09307296522917,0.05,0.05,610,0,2,0,0.0,24.28693053301689,0.7286538519636313,RNG-724ad17ee144,safe_range,selection_envelope,70354,PAL,30,3,1500000.0,white_error_ire,True,bars,0.8328529640484417,-60.326143529297276,9.858644913007058,25.648187856337152,11.852811921867053
15.56915102062577,96.37449165437083,True,0.7898368883312421,0,0,2,0.05,0.05,0.022701736771864316,0.7906021098330853,1.6421171151290164,-2.249000373746753,-53.46222529093933,111.38613267075107,0.05,0.05,610,0,2,0,0.0,26.071810471695628,0.6983845220357873,RNG-80151adb4f37,safe_range,selection_envelope,70354,PAL,30,3,1500000.0,,True,bars,0.8037837074420944,-61.936661097283455,12.17968590851651,24.951085993320234,12.210537572906379
15.57299849693052,96.05071132204263,True,0.7823086574654956,0,0,2,0.05,0.05,0.02265655914147485,1.0439076152777094,1.6557563255463557,-2.7237472443247333,-53.46222529093942,111.38613267075112,0.05,0.05,610,0,2,0,0.0,25.816319188013512,0.6990758221212396,RNG-e7258e31bde8,safe_range,selection_envelope,70354,PAL,30,3,1500000.0,,True,bars,0.7984194348030255,-61.92871524250294,12.099724633877935,25.208174766296434,12.201865603657096
15.520624597836552,95.49088927646142,True,0.7754077791718946,0,0,2,0.05,0.05,0.022452134879688786,0.9480037019776694,1.7485512771278655,-3.5675628142924376,-53.462225290939344,109.98622360438387,0.05,0.05,610,0,2,0,0.0,25.046293695777102,0.6987937938299688,RNG-9e03617b1053,safe_range,selection_envelope,70354,PAL,30,3,1500000.0,,True,bars,0.7987417613441,-61.89560155857632,12.047688719553081,25.34790034187941,12.190795174578339
16.047068816374047,95.49606890427154,True,0.7478042659974905,0,0,2,0.05,0.05,0.021135782726821588,2.0026971598287164,1.3439490140949093,-4.879556910389573,-48.24966882830853,106.36429987164055,0.05,0.05,610,0,2,0,0.0,25.056506336822686,0.728309855217443,RNG-894eb4d231a5,safe_range,selection_envelope,70354,PAL,30,3,1500000.0,,True,bars,0.8182510541512997,-60.402663440813114,9.891686817106718,22.348991048572433,11.702040447836342
14.97034366273624,98.03211586475908,True,0.5734002509410289,0,0,2,0.05,0.05,0.12400423049367255,-5.638195309936826,2.4150653848030093,-4.717181163266907,-70.80619155453833,113.9058591954755,0.05,0.05,610,0,2,1,0.001639344262295082,22.694104937041484,0.7002202763202349,RNG-b4deae417e10,safe_range,selection_envelope,70354,PAL,30,3,1500000.0,sync_error_ire;stress_waveform,True,bars,0.8046127765847222,-56.36159243357795,12.459938126216478,23.07368266709587,11.237589484507506
15.0952693052446,91.78744991674158,True,0.759723964868256,0,0,2,0.05,0.05,0.029958988360866884,4.47671457133471,2.177379242574014,-7.605039593084001,-57.34688497146392,101.83373449683498,0.05,0.05,610,0,2,0,0.0,21.335903283009404,0.7154921151313183,RNG-c73334f8bd3d,safe_range,selection_envelope,70354,PAL,30,3,1500000.0,white_error_ire,True,bars,0.8547585177716708,-38.286041090312594,13.469040834631913,31.526656385756464,9.565469226899468
15.525901810479795,98.96481609823844,True,0.6963613550815558,0,0,2,0.05,0.05,0.021780386725254428,1.8074536931393637,-1.0060093834998234,-1.8639315429175218,-51.035815655992224,112.88653437143944,0.05,0.05,610,0,2,0,0.0,26.766412617804356,0.7034081707835976,RNG-ccbd72c8c1cf,safe_range,selection_envelope,70354,PAL,30,3,1500000.0,,True,bars,0.7842354899663602,-65.54308582068032,11.418478451267084,32.112655717056704,12.652337048368404
15.525034424085778,95.87305975613562,True,0.07026348808030113,0,0,2,0.05,0.05,0.022543218965167228,2.712405288510403,2.148968644230386,-2.6820867169547404,-53.15193804157422,113.67270103618046,0.05,0.05,610,0,2,0,0.0,26.737085330921598,0.7339179988429012,RNG-a64092aa7f14,safe_range,selection_envelope,70354,PAL,30,3,1500000.0,,True,bars,1.0076256179335334,-47.10540906554016,13.484278246188333,27.917566719983466,11.44645258962203
15.44314384832661,96.91861678849929,True,0.7885821831869511,0,0,2,0.05,0.05,0.022543218965167228,2.5453427460029516,1.8817796472490806,-0.9748474256568364,-69.73716119545035,120.31258839292332,0.05,0.05,610,0,2,0,0.0,27.341871132739094,0.6988982078429884,RNG-8bfa6546d372,safe_range,selection_envelope,70354,PAL,30,3,1500000.0,,True,bars,0.7738559224828004,-60.395037754064674,10.90498310209581,27.88382445739398,11.759889312708756
15.729345253735973,96.72071372862224,True,0.5,0,0,2,0.05,0.05,0.022926289584194837,2.7777531902458645,2.2049305103912054,-1.1494634595993147,-52.54614365165756,116.52700465728233,0.05,0.05,610,0,2,0,0.0,27.47177418266567,0.7158066315771721,RNG-6cf1316b2595,safe_range,selection_envelope,70354,PAL,30,3,1500000.0,,True,bars,0.7738559224828004,-60.35005714532913,10.749456228742652,27.88382445739398,11.742212846948286
16.13164793409417,97.72482538029236,True,0.37029566453019114,0,0,2,0.05,0.05,0.019473048162603694,0.7981337608962559,0.8186935822605459,-1.191127058893068,-61.30373916135981,117.81497460023553,0.05,0.05,506,0,2,0,0.0,27.30780987815908,0.7480861049232413,OVP56,safe_range,selection_envelope,70354,NTSC,30,3,1500000.0,,True,bars,0.870487608954492,-48.28638337795568,8.599217831903607,14.5416210664988,11.231469668965135
16.254313654351535,97.6662380045869,True,0.3725535649236679,0,0,2,0.05,0.036249999999999984,0.019662417754100305,0.9961273693016939,0.856393223762407,-1.298937597822783,-57.23700249142978,118.09639196367314,0.05,0.036249999999999984,506,0,2,0,0.0,28.020547242504485,0.7511056716584633,VLP56,safe_range,selection_envelope,70354,NTSC,30,3,1500000.0,,True,bars,0.8676498700580171,-48.286414172484584,7.432660330012431,12.776492191258654,11.08611240979359
16.09301720729201,95.38771407812223,True,1.621925115980817,0,0,2,0.05,0.05,0.020341695725288912,2.406508891459789,1.834321397023177,-3.114336588281035,-49.09128350768343,102.61568039575488,0.05,0.05,506,0,2,0,0.0,24.49981028053076,0.7294180930915456,RANGE32,safe_range,selection_envelope,70354,NTSC,30,3,1500000.0,,True,bars,0.850163855067465,-48.292325419423605,7.341198279831148,15.814131877628496,11.079942491266157
-7.5531216287246306,-73.6257039568914,False,667.4948143554296,506,12,49,2.025,2.025,1000000.0,67.05290885445321,-8.466150709583001,-170.46478476819547,-79.54940660670495,50.24556023287519,1000000.0,1000000.0,506,506,2,1592,3.1462450592885376,-7.632784433150594,-0.39763235214131315,PLL96-rejected-board,safe_range,selection_envelope,70354,NTSC,30,3,1500000.0,contrast;waveform;detail_floor;sync;h_jitter_us;v_jitter_us;h_width_rmse_us;sync_error_ire;black_error_ire;white_error_ire;contrast;stress_waveform;reference_detail;burst_gain;burst_phase_jitter_deg;burst_amplitude_jitter_pct;burst_rmse_ire;h_missing;v_missing;vertical_trains;sync_error_ire;black_error_ire;white_error_ire,False,bars,0.29411164776692356,76.16341359200754,17.868999382431646,39.26603405846687,16.094246302079743
8.894536793839086,91.06422821090668,True,6.839180291841152,506,12,0,2.025,2.025,1000000.0,12.34570770150639,10.600848695879838,-8.188167535199078,-50.89795317667313,107.58017449627195,1000000.0,1000000.0,506,506,2,0,0.0,10.65412104223322,0.4202300456941105,PLL96-IQ-corrected,safe_range,selection_envelope,70354,NTSC,30,3,1500000.0,waveform;detail_floor;sync;h_jitter_us;v_jitter_us;h_width_rmse_us;sync_error_ire;black_error_ire;white_error_ire;stress_waveform;reference_detail;burst_gain;burst_phase_jitter_deg;burst_amplitude_jitter_pct;burst_rmse_ire;h_missing;v_missing;vertical_trains;sync_error_ire;black_error_ire;white_error_ire,False,bars,0.26623476645851407,-104.10035697395742,19.648813079717513,35.468333135206116,18.093894545654575
22.029006987629543,96.6518589454328,True,0.0,0,0,2,0.025,0.025,0.02037203384166269,1.228541961383327,1.491903261479541,-1.6574391348703092,-46.87611431193612,110.43475415565092,0.025,0.025,506,0,2,0,0.0,29.4245958646992,0.9352754869197463,floating-PLL-IQ40,safe_range,selection_envelope,70354,NTSC,30,3,1500000.0,burst_gain,True,bars,0.5854608010597425,4.63864819924537,4.343568145815458,9.288844745942061,6.104300226422346
4.956614173863817,44.901049277618654,True,88.70086432427063,506,12,0,2.025,2.025,1000000.0,43.40580333174749,21.89301277475186,-29.981845498043825,-2.870464359745,79.67972923507838,1000000.0,1000000.0,506,506,2,0,0.0,5.153350218372764,0.5994388950955615,HC50,safe_range,selection_envelope,70354,NTSC,30,3,1500000.0,contrast;waveform;detail_floor;sync;h_jitter_us;v_jitter_us;h_width_rmse_us;sync_error_ire;black_error_ire;white_error_ire;contrast;stress_waveform;reference_detail;burst_gain;burst_rmse_ire;h_missing;v_missing;vertical_trains;sync_error_ire;black_error_ire;white_error_ire,False,bars,0.429491188104858,80.65287422784677,7.322392959479554,16.69778290590307,26.135844309458097
11.894420160787718,93.14211972400457,True,4.128947186204529,0,0,2,0.125,0.07249999999999997,0.05215229295130801,3.2162784159128157,10.121859795923855,-6.512715012524865,-52.00309540558015,101.38420832572245,0.125,0.07249999999999997,506,0,2,0,0.0,15.220394871251209,0.5399110150784766,PLL96-board-fixed,safe_range,selection_envelope,70354,NTSC,30,3,1500000.0,waveform;detail_floor;black_error_ire;white_error_ire;stress_waveform;reference_detail;burst_gain;burst_phase_jitter_deg;burst_amplitude_jitter_pct;burst_rmse_ire;black_error_ire,True,bars,0.4955699611029255,-74.30311408736269,15.53517662078994,47.0599985685129,16.04831377991014
16.24610841932844,96.87561348189003,True,0.7579018987437042,0,0,2,0.05,0.05,0.026417333212706128,1.9992903976106582,2.09314700908873,-3.2729945065628634,-45.81857985561318,106.66089930631304,0.05,0.05,506,0,2,0,0.0,26.47694328624159,0.7477880876504971,RNG-58c0e88fcba8,safe_range,selection_envelope,70354,NTSC,30,3,1500000.0,,True,bars,0.9354260875101741,-48.269132948876425,8.120853991289996,17.92309805830994,11.558986367175827
16.24449077114085,95.96859188222669,True,0.7443544963828436,0,0,2,0.05,0.05,0.02514778453847726,1.892303053027217,2.1210367138430533,-4.4240960630808575,-47.3414422590057,106.18117588012817,0.05,0.05,506,0,2,0,0.0,25.720603909802293,0.7492582799371165,RNG-39614bd6254d,safe_range,selection_envelope,70354,NTSC,30,3,1500000.0,,True,bars,0.9425709881684301,-48.266414466350184,7.983205573231804,17.376169329001904,11.594489196693731
15.73155480797939,96.71107485257984,True,0.7834914365364409,0,0,2,0.05,0.05,0.023888327147647728,0.9488422467849721,1.5686840620338123,-1.6978099595982257,-53.59458776162843,109.88201149347441,0.05,0.05,506,0,2,0,0.0,26.620187873075487,0.7181484299763325,RNG-67899a3c7663,safe_range,selection_envelope,70354,NTSC,30,3,1500000.0,,True,bars,0.8564270616751359,-49.922002972214564,9.273966745931155,17.4530833366362,11.75870053194498
16.125133807055796,94.64891448540598,True,0.7458597633118281,0,0,2,0.05,0.05,0.025294705659235327,2.8765004032442345,2.2367774955632584,-5.36574632733646,-47.34144233132717,105.32241934751951,0.05,0.05,506,0,2,0,0.0,24.392842339882982,0.7479855733493209,RNG-724ad17ee144,safe_range,selection_envelope,70354,NTSC,30,3,1500000.0,white_error_ire,True,bars,0.9067455302367478,-48.29815360628848,7.4700904860342305,17.287342266004543,11.421300178497384
15.7137697264135,96.49307395365385,True,0.7752124684270262,0,0,2,0.05,0.05,0.02336554336198477,0.6999468913081626,1.606556450428044,-2.2596622977223784,-53.59451177972926,109.88110980444807,0.05,0.05,506,0,2,0,0.0,26.192131762353643,0.7185095628182383,RNG-80151adb4f37,safe_range,selection_envelope,70354,NTSC,30,3,1500000.0,,True,bars,0.8723224019846023,-49.900821630831906,9.2184306692675,17.111181045187347,11.778276830796495
15.718143687792079,96.17070033910413,True,0.7774703688205029,0,0,2,0.05,0.05,0.023259576632826746,0.9535700896279976,1.618352277408673,-2.7313268590616437,-53.59451177972922,108.68044912796205,0.05,0.05,506,0,2,0,0.0,25.936476900623653,0.7191973572772121,RNG-e7258e31bde8,safe_range,selection_envelope,70354,NTSC,30,3,1500000.0,,True,bars,0.868273163867473,-49.89717289497072,9.195141313924555,17.293611239044132,11.774151741970623
15.666604638208723,95.62031105415413,True,0.76317033299515,0,0,2,0.05,0.05,0.023046181510468035,0.8581467082711707,1.7134973764178976,-3.578306523201437,-53.59451177972875,108.1170688171012,0.05,0.05,506,0,2,0,0.0,25.157891449783012,0.7191083128985364,RNG-9e03617b1053,safe_range,selection_envelope,70354,NTSC,30,3,1500000.0,,True,bars,0.8678081018506132,-49.821488844429666,9.104954376249813,17.202733232929294,11.759010764020147
16.196335181661002,95.59645322879271,True,0.7277965601640138,0,0,2,0.05,0.05,0.02129108444114207,1.9485497937764005,1.297846142138827,-4.875272479574394,-49.32836550097161,106.21564858867578,0.05,0.05,506,0,2,0,0.0,25.157154479730252,0.7474311797596936,RNG-894eb4d231a5,safe_range,selection_envelope,70354,NTSC,30,3,1500000.0,,True,bars,0.8899220713211011,-48.34017611091853,7.591720207377508,14.711138449544748,11.259730447001408
15.114364759452286,98.1313824976075,True,0.5471645286858718,0,0,2,0.05,0.05,0.02175024419471295,-5.361091566974148,2.381871413356588,-4.762114294673439,-70.85660786757249,112.21880993190456,0.05,0.05,506,0,2,0,0.0,22.763757503363614,0.7200908624746399,RNG-b4deae417e10,safe_range,selection_envelope,70354,NTSC,30,3,1500000.0,sync_error_ire,True,bars,0.8661786026964999,-45.03204771027349,9.027007887151381,17.40504887884891,10.828015082966697
15.217111710292574,91.86404566465828,True,0.7345702613444441,0,0,2,0.05,0.05,0.028960072008732785,4.430981023305122,2.157089526046831,-7.61121865171064,-56.90249857270749,101.77452035266748,0.05,0.05,506,0,2,0,0.0,21.402781950601593,0.7332900303120209,RNG-c73334f8bd3d,safe_range,selection_envelope,70354,NTSC,30,3,1500000.0,white_error_ire,True,bars,0.9134268800253194,-30.383562311092415,10.020574661133733,20.44475089711129,9.350622074905486
15.619933332462272,99.01514835561643,True,0.7157544247321378,0,0,2,0.05,0.05,0.02214420042919187,1.7429747717067483,-1.0547701937066858,-1.878824280770921,-51.08670036372859,112.75560394873386,0.05,0.05,506,0,2,0,0.0,26.790725979418223,0.7207673125297546,RNG-ccbd72c8c1cf,safe_range,selection_envelope,70354,NTSC,30,3,1500000.0,,True,bars,0.8775722215414046,-53.49748644753435,8.887628204252033,21.935749448564433,12.566531313523198
15.742171202154447,95.97372390497394,True,0.08580021495211747,0,0,2,0.05,0.05,0.02129108444114207,2.654259267647542,2.1238701427786757,-2.697026014057231,-53.20452436050648,113.6739761869041,0.05,0.05,506,0,2,0,0.0,26.827308037945624,0.7546876230275668,RNG-a64092aa7f14,safe_range,selection_envelope,70354,NTSC,30,3,1500000.0,,True,bars,1.0065964979937116,-35.73477326596926,10.656242688035011,15.963890679095478,10.24009638369509
15.567574372697967,96.96374372578683,True,0.824133643619023,0,0,2,0.05,0.05,0.02206037350208249,2.5032029674096314,1.8582311069717454,-0.9734117398030023,-69.79510416140725,120.31600907911394,0.05,0.05,506,0,2,0,0.0,27.41987799097522,0.7164801547278623,RNG-8bfa6546d372,safe_range,selection_envelope,70354,NTSC,30,3,1500000.0,,True,bars,0.8541117233323952,-48.52893114369134,9.605971126022117,20.38771374073375,11.427618810487992
15.916252844756507,96.79838537727407,True,0.44781691137289376,0,0,2,0.05,0.05,0.021377928110008226,2.7133552836307273,2.1778892559899776,-1.148483869469006,-54.00430825795786,116.52920211092379,0.05,0.05,506,0,2,0,0.0,27.564946367732542,0.736871780965833,RNG-6cf1316b2595,safe_range,selection_envelope,70354,NTSC,30,3,1500000.0,,True,bars,0.8531995696201405,-48.35701783067013,9.267425413826752,19.763346623795663,11.322812676585949
