sinad,contrast,polarity_ok,large_errors,h_missing,v_missing,v_trains,h_jitter_us,v_jitter_us,h_width_rmse_us,sync_error_ire,black_error_ire,white_error_ire,raw_min,raw_max,h_jitter_matched_us,v_jitter_matched_us,h_expected,max_h_gap,expected_v_trains,false_sync_pulses,false_sync_per_line,luma_sinad,detail_corr,model,profile,stage,seed,standard,cnr,rms,cfo_hz,quality_failures,usable,image_pattern,burst_gain,burst_phase_deg,burst_phase_jitter_deg,burst_amplitude_jitter_pct,burst_rmse_ire
0.6726413586490054,55.17677750604645,True,220.93789209535757,610,8,0,2.025,2.025,1000000.0,36.07741122063116,14.022192328596795,-29.55521405557538,-87.08774943336803,152.56668321244678,1000000.0,1000000.0,610,610,2,0,0.0,5.481950797775426,0.11661132349969494,OVP56,safe_range,final,90401,PAL,0,3,1000000.0,,False,bars,,,,,
-0.08505348666046805,59.1605122428189,True,226.9196988707654,610,8,0,2.025,2.025,1000000.0,26.629486129693642,8.773744400855103,-32.590380454702654,-95.6635857597671,153.81772830715127,1000000.0,1000000.0,610,610,2,0,0.0,5.450627626948821,0.10860948445934263,VLP56,safe_range,final,90401,PAL,0,3,1000000.0,,False,bars,,,,,
1.1215767500450409,62.90578703006088,True,167.13989962358846,547,7,0,2.025,2.025,3.4012529787413386,32.26539028361378,4.965373668909707,-34.445117155889214,-74.9273026037748,133.65822897734776,1.8,0.95,610,78,2,65,0.10655737704918032,5.981429445450531,0.11632786081463983,RANGE32,safe_range,final,90401,PAL,0,3,1000000.0,,False,bars,,,,,
-6.778908974517837,-77.4961148416885,False,636.7929736511919,610,8,1,2.025,2.025,1000000.0,89.98666505301958,19.09704400051073,-148.88936937629018,-77.469719885223,138.19982333861572,1000000.0,1000000.0,610,610,2,3616,5.927868852459016,-6.665235219143179,-0.09809798764083166,PLL96-rejected-board,safe_range,final,90401,PAL,0,3,1000000.0,,False,bars,,,,,
2.574457186166131,84.73179844928539,True,116.2534504391468,378,3,0,2.025,2.025,3.30447181013328,12.24437943816135,3.5846506062856824,-11.505088262026126,-77.24345302021055,137.84634089705352,1.9,0.725,610,12,2,265,0.4344262295081967,5.437155050672388,0.09795598725668314,PLL96-IQ-corrected,safe_range,final,90401,PAL,0,3,1000000.0,,False,bars,,,,,
5.777349309718733,92.12831031271577,True,40.905897114178174,478,8,0,2.025,2.025,3.4521163085237667,4.812500209100247,1.572281231585509,-7.812379612459602,-80.04602288043442,139.83657621752732,1.75,1000000.0,610,23,2,88,0.14426229508196722,13.158413630075296,0.2569447671645963,floating-PLL-IQ40,safe_range,final,90401,PAL,0,3,1000000.0,,False,bars,,,,,
0.8125362466359565,31.86614708951767,True,221.8814303638645,610,8,0,2.025,2.025,1000000.0,52.839191780968704,26.907582196802995,-41.08352978924596,-83.90823259559237,137.14701577124646,1000000.0,1000000.0,610,610,2,0,0.0,2.8152581802911794,0.07289206546765975,HC50,safe_range,final,90401,PAL,0,3,1000000.0,,False,bars,,,,,
0.16476239982217786,69.70168734220707,True,197.87954830614808,456,5,0,2.025,2.025,3.3605293433523933,17.944919330258415,2.9177747758240122,-29.813267318651093,-84.94064522071992,130.0705264760645,1.925,1.355,610,18,2,171,0.28032786885245903,3.827989914854105,0.08268362711172515,PLL96-board-fixed,safe_range,final,90401,PAL,0,3,1000000.0,,False,bars,,,,,
1.1215767500450409,62.90578703006088,True,167.13989962358846,547,7,0,2.025,2.025,3.4012529787413386,32.26539028361378,4.965373668909707,-34.445117155889214,-74.9273026037748,133.65822897734776,1.8,0.95,610,78,2,65,0.10655737704918032,5.981429445450531,0.11632786081463983,RNG-49c57570d609,safe_range,final,90401,PAL,0,3,1000000.0,,False,bars,,,,,
2.677339810705692,68.65325529392497,True,135.17691342534505,610,8,0,2.025,2.025,1000000.0,26.38265780125228,9.397006946953036,-21.094217026454295,-90.61779190046038,145.24135405692272,1000000.0,1000000.0,610,610,2,0,0.0,8.420014847634864,0.1728067080265249,OVP56,safe_range,final,90401,PAL,2,3,1000000.0,,False,bars,,,,,
2.131536378125756,73.08241254659208,True,134.46675031367627,605,8,0,2.025,2.025,3.630426972134269,18.561040908043463,5.834977292583241,-21.77351710216662,-93.75521123922576,153.9017694477103,1.69,1000000.0,610,180,2,2,0.003278688524590164,8.79616090858888,0.1651534413052996,VLP56,safe_range,final,90401,PAL,2,3,1000000.0,,False,bars,,,,,
3.203870618103253,77.09547753226906,True,92.00564617314932,359,4,0,2.025,2.025,3.2531975535938735,20.112272043783932,2.8845197932527338,-22.70992569107091,-72.0561444662023,132.7782202209396,1.95,0.77125,610,8,2,222,0.3639344262295082,9.25429553060513,0.170676373178049,RANGE32,safe_range,final,90401,PAL,2,3,1000000.0,,False,bars,,,,,
-6.747397103392493,-81.63378789045541,False,620.2289836888332,610,8,16,2.025,2.025,1000000.0,89.90258785251744,20.225639236113352,-153.6067733459691,-76.20182363067086,136.05725591491512,1000000.0,1000000.0,610,610,2,2832,4.642622950819672,-6.714692729124858,-0.16428388632393282,PLL96-rejected-board,safe_range,final,90401,PAL,2,3,1000000.0,,False,bars,,,,,
5.548626102576929,89.74514424296487,True,48.94165621079046,396,5,0,2.025,2.025,3.296607750939047,10.64592973509811,1.9032688608541881,-6.7610020049716955,-74.5870943605716,136.33303939647396,1.8837499999999998,0.7925,610,15,2,216,0.3540983606557377,9.652731662655846,0.16351173361541563,PLL96-IQ-corrected,safe_range,final,90401,PAL,2,3,1000000.0,,False,bars,,,,,
8.093318815846901,94.15022333709095,True,12.067754077791719,370,6,0,2.025,2.025,3.3685204003389977,4.013354975733738,1.6146290582449574,-4.5091277552420514,-77.11018670240782,137.70358647086772,1.7762499999999997,1.3737499999999998,610,10,2,208,0.34098360655737703,18.654834366435374,0.3590029270865765,floating-PLL-IQ40,safe_range,final,90401,PAL,2,3,1000000.0,,False,bars,,,,,
2.109677564943829,38.153188620438286,True,165.29109159347553,610,8,0,2.025,2.025,1000000.0,50.73739204654244,27.257249050067063,-34.076757118164835,-86.60705571872172,134.5951255356499,1000000.0,1000000.0,610,610,2,0,0.0,3.641584937333185,0.1146627931305505,HC50,safe_range,final,90401,PAL,2,3,1000000.0,,False,bars,,,,,
2.747709160286383,81.61230952726144,True,102.79422835633626,273,1,0,2.025,1.7974999999999997,3.2163969857175494,9.641207900677278,0.5354236556063172,-21.155327868427214,-82.26347892850524,129.68921551722372,1.8549999999999998,1.3675000000000002,610,6,2,295,0.48360655737704916,7.058921524870514,0.13338215686753765,PLL96-board-fixed,safe_range,final,90401,PAL,2,3,1000000.0,,False,bars,,,,,
3.203870618103253,77.09547753226906,True,92.00564617314932,359,4,0,2.025,2.025,3.2531975535938735,20.112272043783932,2.8845197932527338,-22.70992569107091,-72.0561444662023,132.7782202209396,1.95,0.77125,610,8,2,222,0.3639344262295082,9.25429553060513,0.170676373178049,RNG-49c57570d609,safe_range,final,90401,PAL,2,3,1000000.0,,False,bars,,,,,
5.005277671819974,80.63444476763328,True,65.76411543287328,599,8,0,2.025,2.025,3.6185758122624585,17.055283849816234,5.227802852265655,-13.849485881083437,-85.05139784076482,145.534784067026,1.95,1000000.0,610,139,2,6,0.009836065573770493,12.341691788729275,0.24911799680425883,OVP56,safe_range,final,90401,PAL,4,3,1000000.0,,False,bars,,,,,
4.713279532939131,84.76841190488696,True,62.93412797992472,573,8,0,2.025,2.025,3.5445046922685135,11.148683833441662,2.998120656455576,-13.04025822721601,-90.87734431799575,151.0481990243788,1.765,1000000.0,610,69,2,18,0.029508196721311476,13.250760401136974,0.24501870647888882,VLP56,safe_range,final,90401,PAL,4,3,1000000.0,,False,bars,,,,,
5.768497181748301,88.56607968182436,True,39.88268506900879,90,1,0,2.025,1.9374999999999998,2.8038454448928087,9.144747347572217,1.7036643501750988,-11.874677911161886,-69.7758021525957,130.14848182930388,1.775,1.5799999999999996,610,3,2,407,0.6672131147540984,13.818347143653982,0.2481721983451533,RANGE32,safe_range,final,90401,PAL,4,3,1000000.0,,False,bars,,,,,
-6.784001052475944,-84.17705908648676,False,613.2678795483062,610,8,35,2.025,2.025,1000000.0,88.6365123684472,21.124907018201228,-156.8986121276537,-74.09708720431718,134.97234296307226,1000000.0,1000000.0,610,610,2,2026,3.321311475409836,-6.798955912522726,-0.23932294238071594,PLL96-rejected-board,safe_range,final,90401,PAL,4,3,1000000.0,,False,bars,,,,,
7.909973305204798,92.94465239460253,True,18.043287327478044,401,5,0,2.025,2.025,3.4041532822976683,10.696059061872614,0.25714153828164016,-3.938660225296713,-73.59250585212266,136.4564339905013,1.815,0.7975,610,11,2,188,0.3081967213114754,13.071807934237508,0.23704225643867796,PLL96-IQ-corrected,safe_range,final,90401,PAL,4,3,1000000.0,,False,bars,,,,,
10.083596420084334,96.01265964022588,True,2.4084065244667503,135,4,0,2.025,2.025,3.109147581606657,2.5080191239371596,1.2403560766675168,-2.4363729660169304,-76.22991760990953,134.47681052388606,1.757499999999999,1.2749999999999997,610,3,2,369,0.6049180327868853,23.461654967861026,0.4625385198255875,floating-PLL-IQ40,safe_range,final,90401,PAL,4,3,1000000.0,,False,bars,,,,,
3.2445438004479388,42.66578634083814,True,122.7189460476788,610,8,0,2.025,2.025,1000000.0,49.284578956535526,27.10754475162127,-28.91425713159988,-77.87331092158148,125.74341439472194,1000000.0,1000000.0,610,610,2,0,0.0,4.254135115120051,0.17664413331664158,HC50,safe_range,final,90401,PAL,4,3,1000000.0,,False,bars,,,,,
5.790759459929218,91.13358390721928,True,40.96925972396487,72,1,0,2.025,1.7974999999999997,2.7957124967192652,3.1363612592954664,-1.5215496057293556,-14.328724049571372,-83.13131543215748,129.76419322577453,1.6787499999999995,1.3224999999999998,610,3,2,432,0.7081967213114754,10.966482253106038,0.2110363730295722,PLL96-board-fixed,safe_range,final,90401,PAL,4,3,1000000.0,,False,bars,,,,,
5.768497181748301,88.56607968182436,True,39.88268506900879,90,1,0,2.025,1.9374999999999998,2.8038454448928087,9.144747347572217,1.7036643501750988,-11.874677911161886,-69.7758021525957,130.14848182930388,1.775,1.5799999999999996,610,3,2,407,0.6672131147540984,13.818347143653982,0.2481721983451533,RNG-49c57570d609,safe_range,final,90401,PAL,4,3,1000000.0,,False,bars,,,,,
7.400698115493649,87.89174845908903,True,22.72396486825596,559,8,0,2.025,2.025,3.476225274182147,10.883129781735727,2.817832225857352,-9.218346190579126,-79.64675951813993,139.2120266025521,1.8125,1000000.0,610,40,2,57,0.09344262295081968,16.517466304936057,0.33689150972423826,OVP56,safe_range,final,90401,PAL,6,3,1000000.0,,False,bars,,,,,
7.397240261772422,91.24528777980919,True,20.592220828105393,476,8,0,2.025,2.025,3.4486599712083716,6.811366527011289,1.5411742150122145,-7.696282639212203,-86.74393422167435,150.13268906777,1.7424999999999997,1000000.0,610,16,2,117,0.1918032786885246,18.339970579692583,0.34040886617278904,VLP56,safe_range,final,90401,PAL,6,3,1000000.0,,False,bars,,,,,
8.50113478504207,93.86515967401105,True,12.66185696361355,6,0,1,1.113749999999999,1.5649999999999997,1.9356001687448348,3.4921705677966104,1.7101903790122424,-5.437225486390146,-64.69850583251647,126.12291230566602,1.075,1.5649999999999997,610,1,2,287,0.4704918032786885,19.12464170941451,0.3431433724952408,RANGE32,safe_range,final,90401,PAL,6,3,1000000.0,,False,bars,,,,,
-6.745070932642402,-83.98595262112183,False,608.7377666248432,610,8,52,2.025,2.025,1000000.0,86.84406482067514,22.136315068011655,-157.26196429000393,-73.57345704730031,132.4412453412266,1000000.0,1000000.0,610,610,2,1657,2.716393442622951,-6.779414504898273,-0.297963524213214,PLL96-rejected-board,safe_range,final,90401,PAL,6,3,1000000.0,,False,bars,,,,,
9.115456299883311,93.89760747164514,True,8.077791718946047,480,5,0,2.025,2.025,3.517457150796909,12.346719724235209,-0.5269185007078809,-2.9429433078021443,-73.1461017171924,132.92210213235336,1.9,0.69,610,30,2,115,0.1885245901639344,14.123721023180355,0.29488152993562894,PLL96-IQ-corrected,safe_range,final,90401,PAL,6,3,1000000.0,,False,bars,,,,,
11.977791795244494,96.05671096372507,True,0.28795483061480553,37,0,0,2.025,0.7812499999999999,2.6392991245991704,2.2535741614905063,1.402931199693352,-1.9175630981574714,-69.72126344945264,133.59619630338904,1.4,0.7812499999999999,610,2,2,395,0.6475409836065574,25.798391224206494,0.5571586039180405,floating-PLL-IQ40,safe_range,final,90401,PAL,6,3,1000000.0,,False,bars,,,,,
3.9131024368072613,44.34854985735117,True,100.36135508155583,610,8,0,2.025,2.025,1000000.0,49.01851076945439,27.086330567795226,-26.448652681844543,-65.30253061585638,123.29066687861904,1000000.0,1000000.0,610,610,2,0,0.0,4.50264972041616,0.2592180288398791,HC50,safe_range,final,90401,PAL,6,3,1000000.0,,False,bars,,,,,
8.690973026832333,95.87843598069237,True,13.120451693851944,9,0,0,1.425,1.5812499999999998,2.273514810232405,0.46262324238113506,-2.4345278390609804,-10.043282686003662,-81.09320326119447,122.45892387661841,1.325,1.5812499999999996,610,1,2,367,0.601639344262295,14.729850066727025,0.30823087454055,PLL96-board-fixed,safe_range,final,90401,PAL,6,3,1000000.0,,False,bars,,,,,
8.50113478504207,93.86515967401105,True,12.66185696361355,6,0,1,1.113749999999999,1.5649999999999997,1.9356001687448348,3.4921705677966104,1.7101903790122424,-5.437225486390146,-64.69850583251647,126.12291230566602,1.075,1.5649999999999997,610,1,2,287,0.4704918032786885,19.12464170941451,0.3431433724952408,RNG-49c57570d609,safe_range,final,90401,PAL,6,3,1000000.0,,False,bars,,,,,
9.439549961360688,91.54710539537238,True,5.548933500627353,391,6,0,2.025,2.025,3.371304420124454,7.410714231369175,2.031592632319322,-6.5294443703481075,-70.2069481909216,135.36500467826096,1.9,0.66625,610,14,2,185,0.30327868852459017,19.94805393148595,0.42272176015095275,OVP56,safe_range,final,90401,PAL,8,3,1000000.0,,False,bars,,,,,
9.551836456966821,93.93886854304213,True,4.6976160602258465,259,4,0,2.025,2.025,3.2304628636451334,4.73153339335727,1.2671639249366873,-5.109662403835008,-72.49517597949378,136.21953862059337,1.85,0.7849999999999999,610,6,2,302,0.49508196721311476,22.29186431420149,0.42886306403162594,VLP56,safe_range,final,90401,PAL,8,3,1000000.0,,False,bars,,,,,
10.61328212330026,95.1436222238295,True,3.8117942283563364,0,0,2,0.35,0.47499999999999976,0.9971778825807343,2.0191342085572686,2.131897280927553,-3.0798807747172123,-62.823820979033776,120.46723093434095,0.35,0.47499999999999976,610,0,2,71,0.11639344262295082,22.836573213440523,0.4324203184267641,RANGE32,safe_range,final,90401,PAL,8,3,1000000.0,,False,bars,,,,,
-6.690002508502023,-83.13890760941464,False,606.6248431618569,610,8,56,2.025,2.025,1000000.0,85.36355842528467,22.889426579099283,-156.64237474468607,-71.41144587492018,121.00548336465856,1000000.0,1000000.0,610,610,2,1504,2.4655737704918033,-6.7309026749439385,-0.3283523855633707,PLL96-rejected-board,safe_range,final,90401,PAL,8,3,1000000.0,,False,bars,,,,,
9.42302451869885,94.30296459506526,True,6.02823086574655,514,6,0,2.025,2.025,3.5764629509591357,14.062007143662239,-0.831754869584808,-2.572690159459235,-69.46382084702833,130.53309770384953,1.8,1.8649999999999998,610,29,2,67,0.10983606557377049,13.729214246375893,0.32515395003495123,PLL96-IQ-corrected,safe_range,final,90401,PAL,8,3,1000000.0,,False,bars,,,,,
13.749571476568212,95.7293377001234,True,0.04328732747804266,2,0,1,0.925,0.28624999999999984,1.9165524553595545,2.4088912264299,1.7731293810168594,-1.7627075089073627,-67.04497451424045,133.16605728417522,0.9162499999999995,0.2862499999999998,610,1,2,256,0.419672131147541,26.31476013891077,0.6421037163538449,floating-PLL-IQ40,safe_range,final,90401,PAL,8,3,1000000.0,,False,bars,,,,,
4.14200475694095,44.505035442256826,True,92.10100376411543,610,8,0,2.025,2.025,1000000.0,49.21847645318316,27.20237122325125,-25.81672222343075,-56.49822963424872,101.54063383830824,1000000.0,1000000.0,610,610,2,0,0.0,4.522302996263101,0.33687831271070745,HC50,safe_range,final,90401,PAL,8,3,1000000.0,,False,bars,,,,,
10.462396493875804,97.77586052013856,True,5.355708908406524,2,0,0,1.1,1.4149999999999994,2.0877548201703995,0.491756933919051,-2.3684778231941594,-7.381100600924253,-79.21507690192566,115.88150951413125,1.075,1.4149999999999996,610,1,2,303,0.4967213114754098,16.964906180258748,0.381079645664335,PLL96-board-fixed,safe_range,final,90401,PAL,8,3,1000000.0,,False,bars,,,,,
10.61328212330026,95.1436222238295,True,3.8117942283563364,0,0,2,0.35,0.47499999999999976,0.9971778825807343,2.0191342085572686,2.131897280927553,-3.0798807747172123,-62.823820979033776,120.46723093434095,0.35,0.47499999999999976,610,0,2,71,0.11639344262295082,22.836573213440523,0.4324203184267641,RNG-49c57570d609,safe_range,final,90401,PAL,8,3,1000000.0,,False,bars,,,,,
11.047548806736984,93.73811879018378,True,1.4661229611041406,160,3,0,2.025,2.025,3.1154828411232396,4.91797536356475,1.704502322767059,-4.733739343863275,-68.51879803632326,133.3345404434018,1.7524999999999977,0.44499999999999995,610,4,2,391,0.6409836065573771,22.60504154293866,0.4948625915142556,OVP56,safe_range,final,90401,PAL,10,3,1000000.0,,False,bars,,,,,
11.177445727887672,95.31509830241596,True,1.2841907151819323,62,0,0,2.025,0.8224999999999999,2.833809177159737,3.2597323083291325,1.2452576247396936,-3.659491073664538,-69.20742957390155,131.58805673866118,1.6662499999999993,0.8225,610,3,2,412,0.6754098360655738,24.661560182381116,0.5013009098167024,VLP56,safe_range,final,90401,PAL,10,3,1000000.0,,False,bars,,,,,
12.065896912110333,95.45757348793067,True,1.853826850690088,0,0,2,0.125,0.09874999999999996,0.3533751199643745,1.5917721218505065,2.2728835906485374,-2.434435695643688,-54.05533178384097,119.08894410088347,0.125,0.09874999999999996,610,0,2,15,0.02459016393442623,24.06257110674234,0.5032356482302262,RANGE32,safe_range,final,90401,PAL,10,3,1000000.0,,True,bars,,,,,
-6.667522247587339,-82.61207125524649,False,606.0696361355082,610,8,54,2.025,2.025,1000000.0,84.26051640519853,23.23779025984435,-156.31817852769902,-69.51074295861162,96.92593499448647,1000000.0,1000000.0,610,610,2,1414,2.318032786885246,-6.711118415754653,-0.343355657867241,PLL96-rejected-board,safe_range,final,90401,PAL,10,3,1000000.0,,False,bars,,,,,
9.400871471386536,94.85881880977503,True,5.903387703889586,543,8,0,2.025,2.025,3.5970227635079026,15.204084389718787,-1.0848788866384578,-2.3124184748093213,-58.00338762231845,123.91649512900655,1.8849999999999998,1000000.0,610,54,2,55,0.09016393442622951,13.126178331231102,0.3428634928528018,PLL96-IQ-corrected,safe_range,final,90401,PAL,10,3,1000000.0,,False,bars,,,,,
15.385578100229296,95.76296549193462,True,0.0025094102885821834,0,0,2,0.43874999999999886,0.27749999999999986,1.0909388346665483,2.274177149690276,1.8834952770726021,-1.583014833405822,-63.6580552892914,127.12043963781984,0.43874999999999886,0.2774999999999998,610,0,2,88,0.14426229508196722,26.87083833958889,0.7175370450198638,floating-PLL-IQ40,safe_range,final,90401,PAL,10,3,1000000.0,,False,bars,,,,,
4.22934905366688,44.446401763878015,True,89.52823086574655,610,8,0,2.025,2.025,1000000.0,49.250593493423324,27.213928401451586,-25.758539756603742,-22.079499556238687,98.78009294398383,1000000.0,1000000.0,610,610,2,0,0.0,4.517457853350345,0.39598764232011696,HC50,safe_range,final,90401,PAL,10,3,1000000.0,,False,bars,,,,,
11.198428940620964,98.61970830805208,True,4.183814303638645,7,0,0,1.225,1.1712499999999997,2.118815016222155,1.380743867283849,-2.2117309286957196,-5.743851148578192,-67.96909597202671,112.18941204823726,1.1474999999999995,1.1712499999999995,610,1,2,312,0.5114754098360655,17.54311826812954,0.41797758167287574,PLL96-board-fixed,safe_range,final,90401,PAL,10,3,1000000.0,,False,bars,,,,,
12.065896912110333,95.45757348793067,True,1.853826850690088,0,0,2,0.125,0.09874999999999996,0.3533751199643745,1.5917721218505065,2.2728835906485374,-2.434435695643688,-54.05533178384097,119.08894410088347,0.125,0.09874999999999996,610,0,2,15,0.02459016393442623,24.06257110674234,0.5032356482302262,RNG-49c57570d609,safe_range,final,90401,PAL,10,3,1000000.0,,True,bars,,,,,
12.352217428550865,95.35972967222511,True,0.7484316185696361,26,1,0,1.8887499999999988,1.9462499999999998,2.6117029081577123,2.9975004010303645,1.4338540203352006,-3.362197168788463,-67.42677351768066,129.60195812821294,1.325,1.3949999999999991,610,2,2,415,0.680327868852459,24.86142748260487,0.5567979833661975,OVP56,safe_range,final,90401,PAL,12,3,1000000.0,,False,bars,,,,,
12.48915762620623,96.27349100758887,True,0.7076537013801757,6,1,0,1.025,1.3249999999999988,2.1625605301025947,2.1164973350999663,1.2077327013357382,-2.6512188015342026,-67.44610539879957,130.82637787204638,0.9962500000000005,0.025,610,1,2,325,0.5327868852459017,26.30248359050196,0.563585784774336,VLP56,safe_range,final,90401,PAL,12,3,1000000.0,,False,bars,,,,,
13.150660044908486,95.73621945099175,True,1.4272271016311167,0,0,2,0.1,0.09874999999999996,0.09152622127198232,1.3185771770526504,2.1972044568928775,-2.218203618841383,-51.7118595897228,119.1774102544087,0.1,0.09874999999999996,610,0,2,1,0.001639344262295082,24.505616728718675,0.5616666795881696,RANGE32,safe_range,final,90401,PAL,12,3,1000000.0,,True,bars,,,,,
-6.668671384205567,-82.39745317423198,False,606.48243412798,610,8,55,2.025,2.025,1000000.0,83.51230764870003,23.243539480703735,-156.30974404135713,-69.81508983741547,82.21407255405569,1000000.0,1000000.0,610,610,2,1408,2.3081967213114756,-6.713665489462256,-0.3508795257689838,PLL96-rejected-board,safe_range,final,90401,PAL,12,3,1000000.0,,False,bars,,,,,
9.297262282037535,95.61620531010239,True,5.96486825595985,541,8,0,2.025,2.025,3.6098935609985965,15.622537637805587,-1.2382645142030966,-2.034423673629804,-55.01466794811276,123.04744699604407,1.85,1000000.0,610,69,2,62,0.10163934426229508,12.644396422270622,0.35255132637541836,PLL96-IQ-corrected,safe_range,final,90401,PAL,12,3,1000000.0,,False,bars,,,,,
16.862974035627968,96.04305369544797,True,0.0,0,0,2,0.05,0.025,0.4653055139491423,1.9556678935766598,1.8221493481695252,-1.3622764847254387,-59.14016245007716,121.64072354142505,0.05,0.025,610,0,2,19,0.03114754098360656,27.63375458460427,0.7794143518338356,floating-PLL-IQ40,safe_range,final,90401,PAL,12,3,1000000.0,,True,bars,,,,,
4.289436684472419,44.50208160972389,True,89.01944792973651,610,8,0,2.025,2.025,1000000.0,49.139552257080624,27.169803623498492,-25.698035626509142,-7.204968032725745,94.52838527983653,1000000.0,1000000.0,610,610,2,0,0.0,4.528782051647546,0.44377067785176366,HC50,safe_range,final,90401,PAL,12,3,1000000.0,,False,bars,,,,,
11.573362356440882,98.88654244768654,True,3.952321204516939,8,0,0,1.038749999999999,0.7162499999999999,1.981363020399001,2.5549661627695004,-2.038941680855341,-4.545910214270241,-60.82302821912369,112.26256939572619,0.975,0.7162499999999999,610,1,2,271,0.44426229508196724,17.688123403263297,0.4418650796946197,PLL96-board-fixed,safe_range,final,90401,PAL,12,3,1000000.0,,False,bars,,,,,
13.150660044908486,95.73621945099175,True,1.4272271016311167,0,0,2,0.1,0.09874999999999996,0.09152622127198232,1.3185771770526504,2.1972044568928775,-2.218203618841383,-51.7118595897228,119.1774102544087,0.1,0.09874999999999996,610,0,2,1,0.001639344262295082,24.505616728718675,0.5616666795881696,RNG-49c57570d609,safe_range,final,90401,PAL,12,3,1000000.0,,True,bars,,,,,
13.423034783870268,96.35257562201811,True,0.5558343789209536,3,0,1,0.9637499999999989,0.15499999999999992,1.7626507903995647,1.7666740455410408,1.265569340115811,-2.4780787642446565,-65.7523807644788,126.4614174224112,0.95,0.1549999999999999,610,1,2,224,0.36721311475409835,26.385847146385075,0.6085990192229086,OVP56,safe_range,final,90401,PAL,14,3,1000000.0,,False,bars,,,,,
13.568450188705299,96.81629783643953,True,0.5539523212045169,0,0,2,0.725,0.025,1.3336221937781723,1.3984777513401134,1.226990885683215,-2.026076436778654,-63.78875031911844,125.91285505177457,0.725,0.025,610,0,2,122,0.2,27.250205610843917,0.6153579901042908,VLP56,safe_range,final,90401,PAL,14,3,1000000.0,,False,bars,,,,,
14.028608529423725,95.80180437962078,True,1.2490589711417817,0,0,2,0.075,0.05,0.04460665979829308,1.2950822078807227,2.12186433547295,-2.274123718410458,-51.270281948528904,110.42010925373417,0.075,0.05,610,0,2,0,0.0,24.77665847204001,0.6100480537781874,RANGE32,safe_range,final,90401,PAL,14,3,1000000.0,,True,bars,,,,,
-6.670359591821424,-82.31001845999299,False,606.8042659974906,610,8,55,2.025,2.025,1000000.0,83.24443999617698,23.15218153523275,-156.28917202179179,-70.03809976716396,78.41769740993836,1000000.0,1000000.0,610,610,2,1422,2.3311475409836064,-6.715840816691508,-0.35689687881868837,PLL96-rejected-board,safe_range,final,90401,PAL,14,3,1000000.0,,False,bars,,,,,
9.192338285522252,96.27382633518242,True,6.024466750313676,554,8,0,2.025,2.025,3.638006223979597,15.881431736617463,-1.2840621013415885,-1.8492099243759588,-55.005928157981245,121.64150401503944,1.8125,1000000.0,610,51,2,55,0.09016393442622951,12.273419570706848,0.3598499731175636,PLL96-IQ-corrected,safe_range,final,90401,PAL,14,3,1000000.0,,False,bars,,,,,
18.156066506882713,96.21459165208032,True,0.0,0,0,2,0.025,0.025,0.025866143451415025,1.779725771111928,1.7780400724090044,-1.2342390715508686,-55.824141841039484,118.81136279424503,0.025,0.025,610,0,2,0,0.0,28.150908399196453,0.8277115529007847,floating-PLL-IQ40,safe_range,final,90401,PAL,14,3,1000000.0,,True,bars,,,,,
4.324938618907528,44.52287904631236,True,89.03136762860727,610,8,0,2.025,2.025,1000000.0,49.06384765515145,27.14563975013088,-25.669640439876197,-4.485623836826846,90.02034621761472,1000000.0,1000000.0,610,610,2,0,0.0,4.53403453257983,0.48290595937811526,HC50,safe_range,final,90401,PAL,14,3,1000000.0,,False,bars,,,,,
11.807029078134885,98.74159924311117,True,3.871392722710163,8,0,0,1.375,0.6374999999999998,2.099874422760115,3.687645789380117,-1.7846309741165962,-3.710984964363047,-60.51293204969961,112.17532933820972,1.175,0.6374999999999998,610,1,2,296,0.4852459016393443,17.70751556014355,0.4576419061069573,PLL96-board-fixed,safe_range,final,90401,PAL,14,3,1000000.0,,False,bars,,,,,
14.028608529423725,95.80180437962078,True,1.2490589711417817,0,0,2,0.075,0.05,0.04460665979829308,1.2950822078807227,2.12186433547295,-2.274123718410458,-51.270281948528904,110.42010925373417,0.075,0.05,610,0,2,0,0.0,24.77665847204001,0.6100480537781874,RNG-49c57570d609,safe_range,final,90401,PAL,14,3,1000000.0,,True,bars,,,,,
14.82016329610714,97.24603116384688,True,0.45294855708908405,0,0,2,0.05,0.16374999999999992,0.5596398139084419,0.609655758719366,1.1521161242932174,-1.5849824737146827,-62.62294259276932,124.65848575995315,0.05,0.1637499999999999,610,0,2,17,0.027868852459016394,27.70788513090615,0.6748848059719035,OVP56,safe_range,final,90401,PAL,18,3,1000000.0,,False,bars,,,,,
14.996905028761386,97.33474409571473,True,0.43475533249686327,0,0,2,0.05,0.16374999999999992,0.29088263082905585,0.6725873675040118,1.2521614056614008,-1.377571760518587,-61.20924743185182,125.02030563921628,0.05,0.1637499999999999,610,0,2,9,0.014754098360655738,28.074858766045327,0.6825883205043225,VLP56,safe_range,final,90401,PAL,18,3,1000000.0,,True,bars,,,,,
15.16429092811973,95.68904243499894,True,1.0752823086574657,0,0,2,0.075,0.06624999999999999,0.04112904521935487,1.3477989156409664,2.0204781029305234,-2.701876914437149,-51.016306675472876,108.21085772408173,0.075,0.06624999999999999,610,0,2,0,0.0,25.033368583274562,0.6724586826990375,RANGE32,safe_range,final,90401,PAL,18,3,1000000.0,,True,bars,,,,,
-6.67518220674538,-82.35306929374207,False,608.2095357590966,610,8,55,2.025,2.025,1000000.0,83.50755183938281,22.888288453914296,-156.22921041726823,-69.3702284394492,75.77334268048227,1000000.0,1000000.0,610,610,2,1437,2.355737704918033,-6.720908327779224,-0.36125293537481734,PLL96-rejected-board,safe_range,final,90401,PAL,18,3,1000000.0,,False,bars,,,,,
9.030181020798238,97.36352970415864,True,6.188833124215809,587,8,0,2.025,2.025,3.6438527746710982,15.56002615054044,-1.164131707734407,-1.6485710248014138,-53.50352631716227,118.12712084262535,1.89,1000000.0,610,70,2,28,0.04590163934426229,11.838291130125713,0.3661016960067488,PLL96-IQ-corrected,safe_range,final,90401,PAL,18,3,1000000.0,,False,bars,,,,,
20.014632602082642,96.37377304027501,True,0.0,0,0,2,0.025,0.025,0.02079367810610542,1.631219213615344,1.7318787361739676,-1.1143086274009795,-51.9756308927974,115.55590653063004,0.025,0.025,610,0,2,0,0.0,28.691915155448026,0.8860669885415944,floating-PLL-IQ40,safe_range,final,90401,PAL,18,3,1000000.0,,True,bars,,,,,
4.358837391176811,44.524972661289745,True,88.9215809284818,610,8,0,2.025,2.025,1000000.0,48.98288774926698,27.13359314632075,-25.643261755455526,-1.5473386979534496,85.62726136776655,1000000.0,1000000.0,610,610,2,0,0.0,4.5371151319923255,0.5350985819173292,HC50,safe_range,final,90401,PAL,18,3,1000000.0,,False,bars,,,,,
11.985089711555307,98.06678827932872,True,3.732747804265997,1,0,1,0.775,0.4974999999999996,1.1602465269433355,5.041122549294788,-1.2259402064309974,-2.897278574442508,-60.047399710464475,111.60197342659919,0.775,0.4974999999999996,610,1,2,107,0.17540983606557378,17.55706427079837,0.4739472150973301,PLL96-board-fixed,safe_range,final,90401,PAL,18,3,1000000.0,,False,bars,,,,,
15.16429092811973,95.68904243499894,True,1.0752823086574657,0,0,2,0.075,0.06624999999999999,0.04112904521935487,1.3477989156409664,2.0204781029305234,-2.701876914437149,-51.016306675472876,108.21085772408173,0.075,0.06624999999999999,610,0,2,0,0.0,25.033368583274562,0.6724586826990375,RNG-49c57570d609,safe_range,final,90401,PAL,18,3,1000000.0,,True,bars,,,,,
15.494112820995358,97.51705339807647,True,0.38017565872020076,0,0,2,0.05,0.025,0.023237018233702937,0.2760329021262929,1.0762252282844664,-1.3344955607265632,-60.15081608279201,125.02488074908256,0.05,0.025,610,0,2,0,0.0,28.057522490088907,0.7063887421909832,OVP56,safe_range,final,90401,PAL,22,3,1000000.0,,True,bars,0.8339015992518385,-60.22974096631321,16.29112431795657,26.288112820103162,12.128904873657161
15.693046516147927,97.51650789573225,True,0.36260978670012545,0,0,2,0.05,0.04124999999999999,0.020395676173085735,0.4178832074174133,1.22592162460723,-1.2057216867718952,-59.714004842331896,124.05240717995427,0.05,0.04124999999999999,610,0,2,0,0.0,28.373774388145772,0.7145880007204956,VLP56,safe_range,final,90401,PAL,22,3,1000000.0,,True,bars,0.824996020837673,-60.30479980799737,15.736425233711909,25.07858427999046,11.91687106484434
15.703105979985379,95.65070299308154,True,0.9887076537013803,0,0,2,0.05,0.05,0.039735292154745146,1.3359045602297195,1.9480653601656577,-2.9225920414639552,-50.15429957095164,106.63146173411907,0.05,0.05,610,0,2,0,0.0,25.155624254139358,0.7017809596931606,RANGE32,safe_range,final,90401,PAL,22,3,1000000.0,,True,bars,0.8013238376215683,-61.518838910002394,16.394526554633632,24.21926623383721,12.030254342208584
-6.682645844477838,-82.57514113542864,False,609.0175658720201,610,8,55,2.025,2.025,1000000.0,84.13407466702695,22.73810081480229,-156.2258159856108,-68.06045912453484,70.12014024716431,1000000.0,1000000.0,610,610,2,1487,2.4377049180327868,-6.728260160049708,-0.3616616254315306,PLL96-rejected-board,safe_range,final,90401,PAL,22,3,1000000.0,contrast;waveform;detail_floor;sync;h_jitter_us;v_jitter_us;h_width_rmse_us;sync_error_ire;black_error_ire;white_error_ire;contrast;stress_waveform;reference_detail;burst_gain;burst_phase_jitter_deg;burst_amplitude_jitter_pct;burst_rmse_ire;h_missing;v_missing;vertical_trains;sync_error_ire;black_error_ire;white_error_ire,False,bars,0.3271648208118545,64.65318534207692,26.16793018166867,34.41103948884117,28.800081881073293
8.947743698889253,98.169714301126,True,6.301756587202008,603,8,0,2.025,2.025,3.6786303740076187,14.761792153820009,-1.158416034395783,-1.6152477672144747,-48.34268666723534,111.70111560033111,1.89,1000000.0,610,220,2,7,0.011475409836065573,11.672088729471074,0.3668142810569822,PLL96-IQ-corrected,safe_range,final,90401,PAL,22,3,1000000.0,waveform;detail_floor;sync;h_jitter_us;v_jitter_us;h_width_rmse_us;sync_error_ire;stress_waveform;reference_detail;burst_gain;burst_phase_jitter_deg;burst_amplitude_jitter_pct;burst_rmse_ire;h_missing;v_missing;vertical_trains;sync_error_ire,False,bars,0.37926873470998523,-113.00110415972493,26.39441261863086,35.71291265931684,16.90205747533373
20.981154134485003,96.42416171739663,True,0.0,0,0,2,0.025,0.025,0.019601564005849375,1.6099165500510548,1.7187005553510584,-1.0584814819058037,-50.20405517691499,113.76885625299589,0.025,0.025,610,0,2,0,0.0,28.89409101725013,0.911174933330638,floating-PLL-IQ40,safe_range,final,90401,PAL,22,3,1000000.0,burst_gain,True,bars,0.4935282844959129,13.668073761891764,9.626600125267908,17.717423176717155,6.944552904760939
4.371223216824564,44.52060922171944,True,88.86700125470514,610,8,0,2.025,2.025,1000000.0,48.94672663530925,27.141374925509233,-25.609111433305117,1.2026431287242332,84.6442748233264,1000000.0,1000000.0,610,610,2,0,0.0,4.537556221748128,0.5600535109390263,HC50,safe_range,final,90401,PAL,22,3,1000000.0,contrast;waveform;detail_floor;sync;h_jitter_us;v_jitter_us;h_width_rmse_us;sync_error_ire;black_error_ire;white_error_ire;contrast;stress_waveform;reference_detail;burst_gain;burst_rmse_ire;h_missing;v_missing;vertical_trains;sync_error_ire;black_error_ire;white_error_ire,False,bars,0.41621574855927024,98.66453275976714,15.443645005538476,22.703855518540752,30.726297831547143
11.982700686918992,97.44214102967737,True,3.672521957340025,0,0,2,0.425,0.075,0.11849033300819709,5.5840847046203645,-0.8603044149449898,-2.68125000398376,-58.52997667715236,111.63188504940781,0.425,0.075,610,0,2,0,0.0,17.225706557542694,0.4815812058205934,PLL96-board-fixed,safe_range,final,90401,PAL,22,3,1000000.0,waveform;detail_floor;h_jitter_us;sync_error_ire;stress_waveform;reference_detail;burst_gain;burst_phase_jitter_deg;burst_rmse_ire,True,bars,0.43420766872768213,-99.22412170476292,25.099447478086155,32.01390086098728,15.459896538227136
15.703105979985379,95.65070299308154,True,0.9887076537013803,0,0,2,0.05,0.05,0.039735292154745146,1.3359045602297195,1.9480653601656577,-2.9225920414639552,-50.15429957095164,106.63146173411907,0.05,0.05,610,0,2,0,0.0,25.155624254139358,0.7017809596931606,RNG-49c57570d609,safe_range,final,90401,PAL,22,3,1000000.0,,True,bars,0.8013238376215683,-61.518838910002394,16.394526554633632,24.21926623383721,12.030254342208584
15.925634621363962,97.6050197158181,True,0.3337515683814304,0,0,2,0.05,0.025,0.02016834884371964,0.12530186934999285,1.075819384531882,-1.2476640803680412,-56.542742193597796,124.11045930783979,0.05,0.025,610,0,2,0,0.0,28.193993096152532,0.7258589994142252,OVP56,safe_range,final,90401,PAL,30,3,1000000.0,,True,bars,0.8121226061153621,-60.382154456612696,16.077860883290615,26.546209152539348,11.999686844073404
16.13835793534843,97.58070155522189,True,0.3337515683814304,0,0,2,0.05,0.04124999999999999,0.017793211083324385,0.2742459935252786,1.239016222948413,-1.1578685894129732,-56.39924671878186,123.64322230345073,0.05,0.04124999999999999,610,0,2,0,0.0,28.497963934121678,0.7344481474625836,VLP56,safe_range,final,90401,PAL,30,3,1000000.0,,True,bars,0.8077610189589111,-60.36531327212247,15.53270312522439,24.230153168590775,11.75308330651679
16.04188574783976,95.70163220528264,True,0.9385194479297365,0,0,2,0.05,0.05,0.04012020871756506,1.2325759189987902,1.8770687727529913,-3.0080969141528593,-43.37460798505904,103.38032297887935,0.05,0.05,610,0,2,0,0.0,25.28988924800941,0.7195215279072193,RANGE32,safe_range,final,90401,PAL,30,3,1000000.0,,True,bars,0.7892966333352205,-61.33304892909164,15.908794421608112,24.844831993655088,11.876962952526952
-6.692159051622224,-82.91768001902142,False,609.5828105395233,610,8,55,2.025,2.025,1000000.0,84.97443432348786,22.704617710616564,-156.25244306653659,-68.02682707317092,61.254938205949045,1000000.0,1000000.0,610,610,2,1498,2.455737704918033,-6.7372745544180805,-0.36164020231792576,PLL96-rejected-board,safe_range,final,90401,PAL,30,3,1000000.0,contrast;waveform;detail_floor;sync;h_jitter_us;v_jitter_us;h_width_rmse_us;sync_error_ire;black_error_ire;white_error_ire;contrast;stress_waveform;reference_detail;burst_gain;burst_phase_jitter_deg;burst_rmse_ire;h_missing;v_missing;vertical_trains;sync_error_ire;black_error_ire;white_error_ire,False,bars,0.32644253688161307,65.07996280752053,23.339099407390478,30.171650178498066,28.7351709077211
8.912790164423702,98.83914981869654,True,6.321204516938519,610,8,0,2.025,2.025,1000000.0,13.864429457680538,-1.1437899505084352,-1.5988568692530203,-41.803743532321505,107.00652686719201,1000000.0,1000000.0,610,610,2,0,0.0,11.610259449025161,0.36841962489919433,PLL96-IQ-corrected,safe_range,final,90401,PAL,30,3,1000000.0,waveform;detail_floor;sync;h_jitter_us;v_jitter_us;h_width_rmse_us;sync_error_ire;stress_waveform;reference_detail;burst_gain;burst_phase_jitter_deg;burst_rmse_ire;h_missing;v_missing;vertical_trains;sync_error_ire,False,bars,0.3788966844143712,-112.41616309682294,25.183098943910156,30.726313012624825,16.925956609392767
21.649786905892352,96.44670266107232,True,0.0,0,0,2,0.025,0.025,0.01888272694949488,1.6047981871732584,1.7160631368162147,-1.0212715099173162,-45.06476807497738,111.78812123479966,0.025,0.025,610,0,2,0,0.0,29.013023997291633,0.9265833356083462,floating-PLL-IQ40,safe_range,final,90401,PAL,30,3,1000000.0,burst_gain,True,bars,0.4865682986226417,13.31479422709191,7.12972558245717,16.871307906207008,6.861266833760622
4.379342041228645,44.527001666342755,True,88.78230865746549,610,8,0,2.025,2.025,1000000.0,48.92629248985136,27.14261029279363,-25.56841823555486,2.4740423215254737,84.3073285966565,1000000.0,1000000.0,610,610,2,0,0.0,4.538713385593098,0.5764243758115662,HC50,safe_range,final,90401,PAL,30,3,1000000.0,contrast;waveform;detail_floor;sync;h_jitter_us;v_jitter_us;h_width_rmse_us;sync_error_ire;black_error_ire;white_error_ire;contrast;stress_waveform;reference_detail;burst_gain;burst_rmse_ire;h_missing;v_missing;vertical_trains;sync_error_ire;black_error_ire;white_error_ire,False,bars,0.410354292155904,98.6326293040739,16.205164696703097,23.70769672328392,30.713004630675357
11.890450920720514,96.966458308401,True,3.6110414052697615,0,0,2,0.25,0.075,0.10104474743204891,5.6937747958641625,-0.6975319889366256,-2.6323585806792154,-57.54556989013115,111.4685206025876,0.25,0.075,610,0,2,0,0.0,16.759897137003136,0.4848639106512082,PLL96-board-fixed,safe_range,final,90401,PAL,30,3,1000000.0,waveform;detail_floor;sync_error_ire;stress_waveform;reference_detail;burst_gain;burst_phase_jitter_deg;burst_rmse_ire,True,bars,0.4348034210106164,-99.8982153249008,23.71757045934002,30.174171421647397,15.44338437814889
16.04188574783976,95.70163220528264,True,0.9385194479297365,0,0,2,0.05,0.05,0.04012020871756506,1.2325759189987902,1.8770687727529913,-3.0080969141528593,-43.37460798505904,103.38032297887935,0.05,0.05,610,0,2,0,0.0,25.28988924800941,0.7195215279072193,RNG-49c57570d609,safe_range,final,90401,PAL,30,3,1000000.0,,True,bars,0.7892966333352205,-61.33304892909164,15.908794421608112,24.844831993655088,11.876962952526952
0.7340612006347823,55.326634797445756,True,221.15306457294074,506,12,0,2.025,2.025,1000000.0,35.56555639819309,13.899043155769233,-29.769573664581213,-91.09816525691437,149.75655294590695,1000000.0,1000000.0,506,506,2,0,0.0,5.526818809833788,0.11965124674405138,OVP56,safe_range,final,90401,NTSC,0,3,1000000.0,,False,bars,,,,,
0.002188397743636355,59.3670352230622,True,226.41020932241915,506,12,0,2.025,2.025,1000000.0,26.194340017750456,8.487999973307971,-32.8677009622073,-94.950851645208,154.73706902630568,1000000.0,1000000.0,506,506,2,1,0.001976284584980237,5.5312541807409925,0.11324639618712884,VLP56,safe_range,final,90401,NTSC,0,3,1000000.0,,False,bars,,,,,
1.1608951743399045,62.738268486463475,True,167.32622445938338,448,11,0,2.025,2.025,3.4624852171973735,31.979987872001956,4.829494162285662,-35.0031769805755,-73.41952346734296,133.0175191690622,1.6075,0.55,506,35,2,56,0.11067193675889328,6.0010056672907,0.11984011779617709,RANGE32,safe_range,final,90401,NTSC,0,3,1000000.0,,False,bars,,,,,
-6.693330293737576,-77.6353009328418,False,634.9810486893641,506,12,2,2.025,2.025,1000000.0,89.84512769231974,19.585138238476944,-148.0071372738435,-77.0251102574282,135.99721214673468,1000000.0,1000000.0,506,506,2,2921,5.7727272727272725,-6.58399745247376,-0.09530257719088561,PLL96-rejected-board,safe_range,final,90401,NTSC,0,3,1000000.0,,False,bars,,,,,
2.6768445309838307,84.79088050058832,True,115.67223715781519,314,7,0,2.025,2.025,3.2574718796752493,12.373693749330878,3.0961901225355075,-11.616652501923573,-76.9750761451335,136.86480263728708,1.8612499999999996,1.1099999999999999,506,12,2,218,0.4308300395256917,5.618954939939998,0.09503320407295666,PLL96-IQ-corrected,safe_range,final,90401,NTSC,0,3,1000000.0,,False,bars,,,,,
5.858196882657156,92.05600013284086,True,40.74230733335942,410,11,0,2.025,2.025,3.5095841619176666,4.920667452279055,1.2438985036023533,-7.956191163317484,-79.4075638287379,139.52757167753987,1.90625,0.875,506,29,2,109,0.21541501976284586,13.369115732851188,0.2621694014379975,floating-PLL-IQ40,safe_range,final,90401,NTSC,0,3,1000000.0,,False,bars,,,,,
0.8441334506302379,31.928847725351357,True,224.6166837765341,506,12,0,2.025,2.025,1000000.0,52.796047140554585,26.864855424878403,-41.31100271012605,-83.82643578773568,138.8502967101815,1000000.0,1000000.0,506,506,2,0,0.0,2.80745235724603,0.07707908139611476,HC50,safe_range,final,90401,NTSC,0,3,1000000.0,,False,bars,,,,,
0.2078906340284014,69.66163971952403,True,198.31440209292313,358,9,0,2.025,2.025,3.303673860981094,16.825960998497816,2.83930688095656,-30.711593796288955,-84.02065689033239,130.31992342157355,1.89125,1.345,506,16,2,166,0.32806324110671936,3.87709844269681,0.08109415615803003,PLL96-board-fixed,safe_range,final,90401,NTSC,0,3,1000000.0,,False,bars,,,,,
1.1608951743399045,62.738268486463475,True,167.32622445938338,448,11,0,2.025,2.025,3.4624852171973735,31.979987872001956,4.829494162285662,-35.0031769805755,-73.41952346734296,133.0175191690622,1.6075,0.55,506,35,2,56,0.11067193675889328,6.0010056672907,0.11984011779617709,RNG-49c57570d609,safe_range,final,90401,NTSC,0,3,1000000.0,,False,bars,,,,,
2.74832344322186,68.75111578099153,True,134.75074284922945,506,12,0,2.025,2.025,1000000.0,26.058613932037577,9.30268585944752,-21.167153344059635,-88.83601845796252,149.2528980731364,1000000.0,1000000.0,506,506,2,1,0.001976284584980237,8.472268488325332,0.1804510800571992,OVP56,safe_range,final,90401,NTSC,2,3,1000000.0,,False,bars,,,,,
2.2220246716661953,73.19100813623477,True,132.96173310413135,505,12,0,2.025,2.025,3.675,18.230081568620143,5.724362814613049,-22.019892510221872,-92.42384139262931,151.29524476171412,1.35,1000000.0,506,505,2,3,0.005928853754940711,8.871090536287786,0.1739291581748055,VLP56,safe_range,final,90401,NTSC,2,3,1000000.0,,False,bars,,,,,
3.2821895821263585,77.05988010898673,True,91.337339350387,305,6,0,2.025,2.025,3.2948314340956015,19.908022364810524,2.944734474932843,-22.9181986507542,-69.9797252433596,132.27504884135104,1.85,1.83125,506,11,2,212,0.4189723320158103,9.331077648856649,0.17753633440694028,RANGE32,safe_range,final,90401,NTSC,2,3,1000000.0,,False,bars,,,,,
-6.645187343158171,-81.42859223052729,False,617.1150355092468,506,12,16,2.025,2.025,1000000.0,90.02334602211697,20.362533487245194,-152.96776552976934,-75.2485143862404,134.42946597522604,1000000.0,1000000.0,506,506,2,2229,4.405138339920948,-6.615362656365207,-0.15762449070871742,PLL96-rejected-board,safe_range,final,90401,NTSC,2,3,1000000.0,,False,bars,,,,,
5.5794244592346605,89.15056920422363,True,48.90612252270695,335,8,0,2.025,2.025,3.323863192200882,11.008594109899242,1.4725369336908065,-7.276103950315451,-75.06805223511175,135.94861961672208,1.8,1.7499999999999993,506,10,2,203,0.40118577075098816,9.728266704768636,0.15842717895613095,PLL96-IQ-corrected,safe_range,final,90401,NTSC,2,3,1000000.0,,False,bars,,,,,
8.19081066106019,94.0414138004686,True,11.56421318192355,313,9,0,2.025,2.025,3.404907308926841,3.9693288501448847,1.4842825204835437,-4.760416327004148,-76.3028039582111,137.88393823782184,1.85,1.505,506,12,2,182,0.35968379446640314,18.816304369834516,0.37095787216043824,floating-PLL-IQ40,safe_range,final,90401,NTSC,2,3,1000000.0,,False,bars,,,,,
2.116736665864543,38.124755375995356,True,168.69526473129483,506,12,0,2.025,2.025,1000000.0,50.7134907741441,27.12909579445778,-34.393605964051076,-74.92979626358726,134.21014662495534,1000000.0,1000000.0,506,506,2,0,0.0,3.607793907169446,0.12177472474889167,HC50,safe_range,final,90401,NTSC,2,3,1000000.0,,False,bars,,,,,
2.7881822641717147,81.23002907827448,True,102.51168839770357,225,5,0,2.025,2.025,3.2116838661717244,9.840898242834017,0.10389979953082916,-21.758695217754727,-83.36938177001677,128.16864285127514,1.875,1.935,506,6,2,299,0.5909090909090909,7.067919520754199,0.13057170537499313,PLL96-board-fixed,safe_range,final,90401,NTSC,2,3,1000000.0,,False,bars,,,,,
3.2821895821263585,77.05988010898673,True,91.337339350387,305,6,0,2.025,2.025,3.2948314340956015,19.908022364810524,2.944734474932843,-22.9181986507542,-69.9797252433596,132.27504884135104,1.85,1.83125,506,11,2,212,0.4189723320158103,9.331077648856649,0.17753633440694028,RNG-49c57570d609,safe_range,final,90401,NTSC,2,3,1000000.0,,False,bars,,,,,
5.0784837553375715,80.6476774093813,True,64.95828905339785,500,12,0,2.025,2.025,3.6219671220668657,16.885819967080472,5.069704675192121,-13.797675819486242,-82.96462281320692,147.81161798063619,1.45625,1000000.0,506,225,2,10,0.019762845849802372,12.378947232342677,0.2612137563424282,OVP56,safe_range,final,90401,NTSC,4,3,1000000.0,,False,bars,,,,,
4.828771678550721,84.84022370424186,True,61.642938642309446,490,11,0,2.025,2.025,3.5836815480033932,11.077884510039823,2.8839665081194963,-12.894106565922437,-88.12907501966768,148.69853229593312,1.7,0.85,506,152,2,32,0.06324110671936758,13.393122713289738,0.25877068156958016,VLP56,safe_range,final,90401,NTSC,4,3,1000000.0,,False,bars,,,,,
5.864924081381169,88.5029862452217,True,39.13242435281048,70,2,0,2.025,2.025,2.8752310936241487,9.084134424153122,1.6959155272544968,-11.88735596288534,-67.97197133003918,127.29698249804864,1.73125,1.3624999999999996,506,2,2,391,0.7727272727272727,13.924492441194666,0.25810747419668006,RANGE32,safe_range,final,90401,NTSC,4,3,1000000.0,,False,bars,,,,,
-6.672612659866654,-83.78347645948107,False,610.3834818028281,506,12,29,2.025,2.025,1000000.0,88.67754449048505,21.259187710851837,-156.65734070068015,-74.16886467628206,134.46185917904103,1000000.0,1000000.0,506,506,2,1652,3.2648221343873516,-6.689328702640415,-0.23252399065383764,PLL96-rejected-board,safe_range,final,90401,NTSC,4,3,1000000.0,,False,bars,,,,,
7.879089050549897,92.40229649746206,True,18.581767604849368,336,6,0,2.025,2.025,3.4490306609248926,10.819394672893266,0.1361365502538722,-4.162769008457632,-73.01385212796984,135.75277634756398,1.875,1.925,506,11,2,179,0.35375494071146246,13.077633860051147,0.22924172663168438,PLL96-IQ-corrected,safe_range,final,90401,NTSC,4,3,1000000.0,,False,bars,,,,,
10.15908172830498,95.75931042521495,True,2.3707954131506144,123,2,0,2.025,2.025,3.1646546674938896,2.651079463660668,1.2425344319579865,-2.677257164936896,-75.19966175410897,134.1699330663098,1.8,1.428749999999999,506,3,2,381,0.7529644268774703,23.172438445063634,0.47386690078104743,floating-PLL-IQ40,safe_range,final,90401,NTSC,4,3,1000000.0,,False,bars,,,,,
3.225829309685604,42.65032529790742,True,127.28762941532423,506,12,0,2.025,2.025,1000000.0,49.34907906556993,27.059982552234704,-28.92755759748305,-75.91912078470743,124.95630853960475,1000000.0,1000000.0,506,506,2,0,0.0,4.203524724128906,0.18508832576212994,HC50,safe_range,final,90401,NTSC,4,3,1000000.0,,False,bars,,,,,
5.85184548394435,90.74548194310476,True,40.91466039672815,63,1,0,2.025,2.01125,2.8634595151728375,3.4497783932225388,-1.9673188611527201,-14.406113709428476,-81.86711666552532,125.4639741132836,1.75,1.95,506,2,2,409,0.808300395256917,11.07637497360189,0.21065268990854977,PLL96-board-fixed,safe_range,final,90401,NTSC,4,3,1000000.0,,False,bars,,,,,
5.864924081381169,88.5029862452217,True,39.13242435281048,70,2,0,2.025,2.025,2.8752310936241487,9.084134424153122,1.6959155272544968,-11.88735596288534,-67.97197133003918,127.29698249804864,1.73125,1.3624999999999996,506,2,2,391,0.7727272727272727,13.924492441194666,0.25810747419668006,RNG-49c57570d609,safe_range,final,90401,NTSC,4,3,1000000.0,,False,bars,,,,,
7.460515868838165,87.85099293792288,True,22.5451354288656,459,10,0,2.025,2.025,3.552098944975156,10.796544445891003,2.7210823297882563,-9.339002961690356,-78.00580549934878,138.61102312616958,1.7849999999999997,1.3599999999999999,506,46,2,43,0.08498023715415019,16.483092567747075,0.3534656984394545,OVP56,safe_range,final,90401,NTSC,6,3,1000000.0,,False,bars,,,,,
7.475934473685907,91.20388527590198,True,20.05768182871869,402,8,0,2.025,2.025,3.5101295724495154,6.785194199609456,1.4843523108007985,-7.813837010760731,-82.92504550894361,143.41467451047953,1.825,1.48125,506,15,2,104,0.20553359683794467,18.346370589060818,0.35753253420802705,VLP56,safe_range,final,90401,NTSC,6,3,1000000.0,,False,bars,,,,,
8.57523839214576,93.80124190717419,True,12.52683138300915,4,0,1,1.21875,1.2349999999999994,1.9199576947945485,3.4339435956200313,1.7122511372409943,-5.582596964556915,-64.72577227884992,125.71868338490115,1.1987499999999998,1.2349999999999994,506,1,2,238,0.47035573122529645,19.20316598570647,0.35726691162613544,RANGE32,safe_range,final,90401,NTSC,6,3,1000000.0,,False,bars,,,,,
-6.6359004223611775,-83.6205427809617,False,606.0874499875063,506,12,42,2.025,2.025,1000000.0,86.77244025048569,22.193449776642407,-157.2072863844037,-73.65381817982028,133.87413123347977,1000000.0,1000000.0,506,506,2,1333,2.6343873517786562,-6.672310244670724,-0.2896492105427655,PLL96-rejected-board,safe_range,final,90401,NTSC,6,3,1000000.0,,False,bars,,,,,
9.056047761263555,93.42922249314856,True,8.49798444758209,393,7,0,2.025,2.025,3.480814992045621,12.376378918156199,-0.7531963280657373,-3.0575849585205255,-72.70418584301484,132.8251469308555,1.95,1.775,506,16,2,102,0.2015810276679842,14.14387601765818,0.2843317345493612,PLL96-IQ-corrected,safe_range,final,90401,NTSC,6,3,1000000.0,,False,bars,,,,,
12.069922247885675,95.94806681074995,True,0.26718487989475176,30,1,0,2.025,1.4474999999999991,2.7474508333968,2.2945653773695147,1.3909705311543774,-2.0307846101983,-71.18625833480417,130.7987614168997,1.5,0.9375,506,2,2,402,0.7944664031620553,25.75233937179215,0.571463274852844,floating-PLL-IQ40,safe_range,final,90401,NTSC,6,3,1000000.0,,False,bars,,,,,
3.8771216658446352,44.34216347993947,True,105.4138430367857,506,12,0,2.025,2.025,1000000.0,49.02155206599187,27.041586073480005,-26.47009044839212,-65.49286927460804,117.34231977999882,1000000.0,1000000.0,506,506,2,0,0.0,4.448391809324945,0.27258852493422087,HC50,safe_range,final,90401,NTSC,6,3,1000000.0,,False,bars,,,,,
8.698776721414287,95.55583295130236,True,13.329891289622388,6,0,1,1.36875,1.8812499999999999,2.405470068406589,0.6375807032347847,-2.549570173376676,-10.14136032126488,-81.01815895244593,121.14914201947515,1.2762499999999988,1.88125,506,1,2,337,0.66600790513834,14.842618436603637,0.3067104681279707,PLL96-board-fixed,safe_range,final,90401,NTSC,6,3,1000000.0,,False,bars,,,,,
8.57523839214576,93.80124190717419,True,12.52683138300915,4,0,1,1.21875,1.2349999999999994,1.9199576947945485,3.4339435956200313,1.7122511372409943,-5.582596964556915,-64.72577227884992,125.71868338490115,1.1987499999999998,1.2349999999999994,506,1,2,238,0.47035573122529645,19.20316598570647,0.35726691162613544,RNG-49c57570d609,safe_range,final,90401,NTSC,6,3,1000000.0,,False,bars,,,,,
9.502166095236053,91.56559965355864,True,5.53561913134056,348,6,0,2.025,2.025,3.364387910550481,7.290007868250636,1.9106047080804993,-6.636100134913031,-72.79152493089042,134.31254348026897,1.8537500000000002,1.7625,506,11,2,168,0.33201581027667987,19.914207695213147,0.4417593600791127,OVP56,safe_range,final,90401,NTSC,8,3,1000000.0,,False,bars,,,,,
9.611745814250126,93.9241121116962,True,4.6941749180382155,235,3,0,2.025,2.025,3.24384280505567,4.654426346252353,1.2041214582275064,-5.2628699871120785,-74.53310880772972,135.99588843678703,1.85,1.69,506,10,2,300,0.5928853754940712,22.17852933691868,0.4485666124417915,VLP56,safe_range,final,90401,NTSC,8,3,1000000.0,,False,bars,,,,,
10.677428353292646,95.14197254084684,True,3.796283194898951,0,0,2,0.225,0.85625,0.85874440122793,1.9135238859838233,2.0843656259973153,-3.191829250457116,-60.66586639208246,123.21411833751121,0.225,0.85625,506,0,2,65,0.12845849802371542,22.91725765949442,0.44924588376899377,RANGE32,safe_range,final,90401,NTSC,8,3,1000000.0,,False,bars,,,,,
-6.58299592672328,-82.76247464805617,False,604.0839397050279,506,12,42,2.025,2.025,1000000.0,85.29410852390772,22.84369442954085,-156.65850402166225,-71.04694390131016,113.10824847820261,1000000.0,1000000.0,506,506,2,1211,2.3932806324110674,-6.626221347973596,-0.31957178677039105,PLL96-rejected-board,safe_range,final,90401,NTSC,8,3,1000000.0,,False,bars,,,,,
9.347817881341946,93.75670402954847,True,6.318357934412509,435,9,0,2.025,2.025,3.5162700308106976,14.143861656093286,-1.0181906092567117,-2.704573448094913,-68.60455001588898,127.29642203600476,1.9125,1.2674999999999998,506,31,2,69,0.13636363636363635,13.751357575823132,0.31308091276783384,PLL96-IQ-corrected,safe_range,final,90401,NTSC,8,3,1000000.0,,False,bars,,,,,
13.836586032480394,95.69253113302051,True,0.03462113936664389,1,0,0,1.025,0.7762499999999999,1.9791706183736821,2.3936694793210846,1.7262689015237167,-1.8405487367787101,-65.47846342899872,126.82013495204161,1.025,0.7762499999999999,506,1,2,267,0.5276679841897233,26.310378149834953,0.6558336415211051,floating-PLL-IQ40,safe_range,final,90401,NTSC,8,3,1000000.0,,False,bars,,,,,
4.090515820113817,44.458959045667626,True,97.79493447573059,506,12,0,2.025,2.025,1000000.0,49.19715093473317,27.15509650383395,-25.898040714001265,-51.40760620033798,110.89105535902696,1000000.0,1000000.0,506,506,2,0,0.0,4.462333392281138,0.3499994333418668,HC50,safe_range,final,90401,NTSC,8,3,1000000.0,,False,bars,,,,,
10.408792502562022,97.56864285645095,True,5.56873500377822,4,1,1,1.1125,1.9149999999999998,2.175235253110454,0.48685230278378444,-2.456081479912982,-7.5388620125165255,-80.02461503565104,117.33306860330167,1.025,1.5375,506,1,2,281,0.5553359683794467,16.997016079424085,0.3781519227267807,PLL96-board-fixed,safe_range,final,90401,NTSC,8,3,1000000.0,,False,bars,,,,,
10.677428353292646,95.14197254084684,True,3.796283194898951,0,0,2,0.225,0.85625,0.85874440122793,1.9135238859838233,2.0843656259973153,-3.191829250457116,-60.66586639208246,123.21411833751121,0.225,0.85625,506,0,2,65,0.12845849802371542,22.91725765949442,0.44924588376899377,RNG-49c57570d609,safe_range,final,90401,NTSC,8,3,1000000.0,,False,bars,,,,,
11.13291142375668,93.78621707488718,True,1.4548404868635356,142,3,0,2.025,2.025,3.1601609840409943,4.900423050990901,1.6327511574864013,-4.804181199986969,-71.98365822429415,132.40828231158284,1.75,1.1299999999999997,506,3,2,367,0.7252964426877471,22.594628587607566,0.5173527043667197,OVP56,safe_range,final,90401,NTSC,10,3,1000000.0,,False,bars,,,,,
11.269032996613294,95.35557552778027,True,1.2606610530245328,57,1,0,2.025,1.4337499999999992,2.86971771929204,3.2093877481278392,1.1937725339978424,-3.7600202286941102,-73.47414581864628,137.80324031670807,1.5899999999999992,0.9375,506,2,2,431,0.8517786561264822,24.65804997897139,0.5242012880778828,VLP56,safe_range,final,90401,NTSC,10,3,1000000.0,,False,bars,,,,,
12.127040941731426,95.47484283098727,True,1.8544888565089248,0,0,2,0.1,0.09749999999999996,0.3290958838857056,1.5395259280240268,2.2280295196670243,-2.5444652190103874,-58.37148840539777,119.38583025739385,0.1,0.09749999999999996,506,0,2,5,0.009881422924901186,24.082425934775742,0.5220384476634611,RANGE32,safe_range,final,90401,NTSC,10,3,1000000.0,,True,bars,,,,,
-6.5607146052390375,-82.25792549912855,False,603.8084758570237,506,12,44,2.025,2.025,1000000.0,84.29607357109866,23.19390164777212,-156.31658746456537,-69.50664977443913,89.44333040810886,1000000.0,1000000.0,506,506,2,1180,2.3320158102766797,-6.606471232887884,-0.33078225252166465,PLL96-rejected-board,safe_range,final,90401,NTSC,10,3,1000000.0,,False,bars,,,,,
9.319612500579495,94.37911702630478,True,6.172347042301012,452,9,0,2.025,2.025,3.5828471892450957,15.069918988091237,-1.178588125084362,-2.418738806300978,-61.8941664350222,125.33474710993426,1.9,1.6199999999999999,506,53,2,59,0.116600790513834,13.192766990094672,0.3262779043792959,PLL96-IQ-corrected,safe_range,final,90401,NTSC,10,3,1000000.0,,False,bars,,,,,
15.496890337689322,95.74944497316606,True,0.0007526334644922584,0,0,2,0.075,0.33124999999999954,1.1150975027823633,2.249825932440756,1.839666987693951,-1.652180243286266,-63.38709057881744,125.80830528819067,0.075,0.33124999999999954,506,0,2,87,0.17193675889328064,26.88013320592271,0.7316683508507047,floating-PLL-IQ40,safe_range,final,90401,NTSC,10,3,1000000.0,,False,bars,,,,,
4.180758766622988,44.432776881733794,True,95.38349685549738,506,12,0,2.025,2.025,1000000.0,49.228779101031954,27.16535445350697,-25.800263457690782,-20.532132182096497,97.82275024397595,1000000.0,1000000.0,506,506,2,0,0.0,4.4613156808146455,0.41132831961789784,HC50,safe_range,final,90401,NTSC,10,3,1000000.0,,False,bars,,,,,
11.141804817625989,98.32630241477139,True,4.227542170053016,12,1,0,1.5187499999999998,1.6674999999999995,2.1992378832692197,1.436848247957578,-2.32407242050667,-5.893616608057916,-79.0666599034766,114.14335009915379,1.175,1.0375,506,2,2,301,0.5948616600790514,17.613534521033777,0.41520448350884376,PLL96-board-fixed,safe_range,final,90401,NTSC,10,3,1000000.0,,False,bars,,,,,
12.127040941731426,95.47484283098727,True,1.8544888565089248,0,0,2,0.1,0.09749999999999996,0.3290958838857056,1.5395259280240268,2.2280295196670243,-2.5444652190103874,-58.37148840539777,119.38583025739385,0.1,0.09749999999999996,506,0,2,5,0.009881422924901186,24.082425934775742,0.5220384476634611,RNG-49c57570d609,safe_range,final,90401,NTSC,10,3,1000000.0,,True,bars,,,,,
12.45012410117841,95.36291551879205,True,0.7496229306342894,23,2,0,1.96875,2.025,2.6052075973439814,3.002861123159325,1.3754494500908891,-3.470780519435522,-70.33518108786363,130.12819588873325,1.4699999999999989,0.8737499999999997,506,2,2,375,0.741106719367589,24.788187147181908,0.5799179572565928,OVP56,safe_range,final,90401,NTSC,12,3,1000000.0,,False,bars,,,,,
12.596938303207905,96.28008903642456,True,0.7217754924480758,5,1,1,1.19375,1.309999999999999,2.1652899433845243,2.092312878989829,1.180205546388035,-2.758604197455666,-68.38620253733286,133.04593702126843,1.1,0.5375,506,1,2,291,0.575098814229249,26.273099165008542,0.5867084185243862,VLP56,safe_range,final,90401,NTSC,12,3,1000000.0,,False,bars,,,,,
13.23240903585722,95.7226569547159,True,1.4548404868635356,0,0,2,0.1,0.061249999999999985,0.126493059379344,1.32512668846825,2.158183243935729,-2.3143670895042394,-51.353903140678824,115.26273717063879,0.1,0.061249999999999985,506,0,2,1,0.001976284584980237,24.51521025416561,0.5820738358664713,RANGE32,safe_range,final,90401,NTSC,12,3,1000000.0,,True,bars,,,,,
-6.558766715660271,-82.01045406874404,False,604.2803770392604,506,12,44,2.025,2.025,1000000.0,83.55464152836204,23.162810109929346,-156.282261877268,-69.7840550681015,78.2377380327494,1000000.0,1000000.0,506,506,2,1166,2.3043478260869565,-6.605670136621946,-0.3385562777796338,PLL96-rejected-board,safe_range,final,90401,NTSC,12,3,1000000.0,,False,bars,,,,,
9.228817712806878,94.9842213208992,True,6.218257683635039,468,10,0,2.025,2.025,3.6020827308655754,15.740438304311944,-1.3128434078576996,-2.126056069440179,-55.506319750795114,122.97594561944828,1.7574999999999998,1.285,506,41,2,57,0.11264822134387352,12.71468361314055,0.33557200549608945,PLL96-IQ-corrected,safe_range,final,90401,NTSC,12,3,1000000.0,,False,bars,,,,,
17.00312024865464,96.00552962596359,True,0.0,0,0,2,0.05,0.025,0.3871627692346243,1.964990114928747,1.795481318910552,-1.4382661680107405,-58.70868635174673,123.59625841968332,0.05,0.025,506,0,2,9,0.017786561264822136,27.595339826074373,0.7931150286425696,floating-PLL-IQ40,safe_range,final,90401,NTSC,12,3,1000000.0,,True,bars,,,,,
4.238801221650676,44.47990609710959,True,95.02599595986356,506,12,0,2.025,2.025,1000000.0,49.13304031534887,27.126565812166596,-25.747804066106156,-6.926437908145232,91.35509714756108,1000000.0,1000000.0,506,506,2,0,0.0,4.470950254308182,0.4605494456286532,HC50,safe_range,final,90401,NTSC,12,3,1000000.0,,False,bars,,,,,
11.527880959523491,98.57704669800155,True,4.038631170465458,5,0,1,1.025,1.137499999999999,1.984177683032523,2.5536473625089924,-2.105615172322255,-4.650184205842454,-61.214765879180625,112.15572042945084,1.0,1.137499999999999,506,1,2,240,0.4743083003952569,17.774096155981162,0.4400290639199395,PLL96-board-fixed,safe_range,final,90401,NTSC,12,3,1000000.0,,False,bars,,,,,
13.23240903585722,95.7226569547159,True,1.4548404868635356,0,0,2,0.1,0.061249999999999985,0.126493059379344,1.32512668846825,2.158183243935729,-2.3143670895042394,-51.353903140678824,115.26273717063879,0.1,0.061249999999999985,506,0,2,1,0.001976284584980237,24.51521025416561,0.5820738358664713,RNG-49c57570d609,safe_range,final,90401,NTSC,12,3,1000000.0,,True,bars,,,,,
13.510496307696304,96.32865183207414,True,0.5735066999431009,0,0,0,0.9,0.8512499999999998,1.9250712219256112,1.770848825733153,1.2478942928345227,-2.594322441241058,-64.9506386838814,127.89807251380763,0.9,0.85125,506,0,2,230,0.45454545454545453,26.285490990707277,0.6296180165855424,OVP56,safe_range,final,90401,NTSC,14,3,1000000.0,,False,bars,,,,,
13.664937035874154,96.78906262301437,True,0.5607119310467326,0,0,2,0.74375,0.7112499999999999,1.4471405122016783,1.3905296424330222,1.2179631954681291,-2.1401477222673497,-63.81943756858427,127.09430859687761,0.74375,0.7112499999999999,506,0,2,118,0.233201581027668,27.183176077079345,0.6364136848733912,VLP56,safe_range,final,90401,NTSC,14,3,1000000.0,,False,bars,,,,,
14.10707314424618,95.74619470283098,True,1.3035611605005915,0,0,2,0.075,0.05,0.04308679997418943,1.3055341762151702,2.095770556813394,-2.4124549798202257,-51.22484164571924,110.20718854111722,0.075,0.05,506,0,2,0,0.0,24.742788614539673,0.6293293341091928,RANGE32,safe_range,final,90401,NTSC,14,3,1000000.0,,True,bars,,,,,
-6.557517293496359,-81.83666114131589,False,604.897536480144,506,12,45,2.025,2.025,1000000.0,83.20348664850533,23.08278983128123,-156.21700640207663,-67.80920909529347,78.24277436177628,1000000.0,1000000.0,506,506,2,1172,2.316205533596838,-6.605260823269692,-0.34106307877683595,PLL96-rejected-board,safe_range,final,90401,NTSC,14,3,1000000.0,,False,bars,,,,,
9.135494662853592,95.54503716196649,True,6.292768396619772,471,12,0,2.025,2.025,3.61784762373589,15.953339815294033,-1.284155774215854,-1.955566187289539,-54.97234717044934,123.05311321577837,1.765,1000000.0,506,42,2,44,0.08695652173913043,12.384879204739828,0.33971687303175296,PLL96-IQ-corrected,safe_range,final,90401,NTSC,14,3,1000000.0,,False,bars,,,,,
18.3097289579822,96.14425557103607,True,0.0,0,0,2,0.025,0.025,0.06461347526461296,1.7982789586523096,1.7585583331037367,-1.3381824747163513,-56.80151698217907,119.42512248081904,0.025,0.025,506,0,2,1,0.001976284584980237,28.057667472490987,0.8399368978521892,floating-PLL-IQ40,safe_range,final,90401,NTSC,14,3,1000000.0,,True,bars,,,,,
4.273384684354406,44.49338023524445,True,94.93718521105347,506,12,0,2.025,2.025,1000000.0,49.060755281205694,27.102199203729906,-25.73248203132781,-4.078020270735294,90.62562810697169,1000000.0,1000000.0,506,506,2,0,0.0,4.475853113217638,0.5000393454775655,HC50,safe_range,final,90401,NTSC,14,3,1000000.0,,False,bars,,,,,
11.765735959251614,98.40829285093939,True,3.9362730192945117,10,0,1,1.3,1.109999999999999,2.0922795149186895,3.619096792488277,-1.8192322859562646,-3.81484129689823,-60.48849726863416,112.26877659284615,1.025,1.109999999999999,506,1,2,259,0.5118577075098815,17.830227309889857,0.45684499579527876,PLL96-board-fixed,safe_range,final,90401,NTSC,14,3,1000000.0,,False,bars,,,,,
14.10707314424618,95.74619470283098,True,1.3035611605005915,0,0,2,0.075,0.05,0.04308679997418943,1.3055341762151702,2.095770556813394,-2.4124549798202257,-51.22484164571924,110.20718854111722,0.075,0.05,506,0,2,0,0.0,24.742788614539673,0.6293293341091928,RNG-49c57570d609,safe_range,final,90401,NTSC,14,3,1000000.0,,True,bars,,,,,
14.943651114360035,97.20020665216792,True,0.44781691137289376,0,0,2,0.05,0.061249999999999985,0.5421192494575442,0.6206610221277625,1.1239754500648198,-1.7558179288920732,-62.8778290403251,124.30722353111413,0.05,0.061249999999999985,506,0,2,21,0.041501976284584984,27.60427789919245,0.6958522858093453,OVP56,safe_range,final,90401,NTSC,18,3,1000000.0,,False,bars,,,,,
15.120700878238477,97.28145604692173,True,0.43878530979898667,0,0,2,0.05,0.05,0.33458427984023026,0.684306820066728,1.2418182928428172,-1.5295639316272716,-60.90397625369472,123.85209822162797,0.05,0.05,506,0,2,10,0.019762845849802372,27.97111710440186,0.7030760383705588,VLP56,safe_range,final,90401,NTSC,18,3,1000000.0,,True,bars,,,,,
15.261432419914168,95.62173405956776,True,1.1169080613065114,0,0,2,0.075,0.075,0.04059220704429943,1.3690584759816338,2.007198507047257,-2.8530842982266873,-50.97997252439756,109.70535479810154,0.075,0.075,506,0,2,0,0.0,24.972552888501752,0.6915955427167471,RANGE32,safe_range,final,90401,NTSC,18,3,1000000.0,,True,bars,,,,,
-6.563419725996146,-81.9225630244623,False,606.2981873575642,506,12,45,2.025,2.025,1000000.0,83.46119391221006,22.895718586719372,-156.14476061162688,-67.90942533944511,75.67320082502222,1000000.0,1000000.0,506,506,2,1194,2.3596837944664033,-6.611396644002701,-0.3458669491177145,PLL96-rejected-board,safe_range,final,90401,NTSC,18,3,1000000.0,,False,bars,,,,,
9.005868405503705,96.61862977360032,True,6.3401843048827855,484,11,0,2.025,2.025,3.6626842181408685,15.49330999222668,-1.1490343744593896,-1.769936087960485,-55.12577537854625,118.56872905942585,1.845,0.9,506,95,2,26,0.05138339920948617,11.996440264574037,0.3475937218918498,PLL96-IQ-corrected,safe_range,final,90401,NTSC,18,3,1000000.0,,False,bars,,,,,
20.21493196794438,96.27413457368363,True,0.0,0,0,2,0.025,0.025,0.0218352617599717,1.6623546388532575,1.7201455648132236,-1.249737383248631,-51.55986719346739,115.74820512684052,0.025,0.025,506,0,2,0,0.0,28.5446803924929,0.8966981038905366,floating-PLL-IQ40,safe_range,final,90401,NTSC,18,3,1000000.0,,True,bars,,,,,
4.305924638568513,44.48088641735305,True,94.86869556578469,506,12,0,2.025,2.025,1000000.0,48.9796300271949,27.089561511590485,-25.729535832652136,-1.31222247020969,85.31779846728794,1000000.0,1000000.0,506,506,2,0,0.0,4.478247688457343,0.5517757438617408,HC50,safe_range,final,90401,NTSC,18,3,1000000.0,,False,bars,,,,,
11.954308130501968,97.73369209334008,True,3.8376780354460256,21,0,0,1.925,0.18749999999999983,2.4218041434596542,5.043636842489943,-1.2433238975856604,-3.040538599212154,-60.56680847408148,111.67880266826877,1.575,0.18749999999999983,506,2,2,337,0.66600790513834,17.698503884146795,0.47320706710456956,PLL96-board-fixed,safe_range,final,90401,NTSC,18,3,1000000.0,,False,bars,,,,,
15.261432419914168,95.62173405956776,True,1.1169080613065114,0,0,2,0.075,0.075,0.04059220704429943,1.3690584759816338,2.007198507047257,-2.8530842982266873,-50.97997252439756,109.70535479810154,0.075,0.075,506,0,2,0,0.0,24.972552888501752,0.6915955427167471,RNG-49c57570d609,safe_range,final,90401,NTSC,18,3,1000000.0,,True,bars,,,,,
15.634695185337142,97.46251554134928,True,0.37405883185265243,0,0,2,0.05,0.061249999999999985,0.1507638653093106,0.3059356307431877,1.062451690264851,-1.4824027315657324,-59.58147113341365,123.9075461986443,0.05,0.061249999999999985,506,0,2,0,0.0,27.950144619597236,0.7265617147648522,OVP56,safe_range,final,90401,NTSC,22,3,1000000.0,,True,bars,0.8806856867824224,-48.16744633214734,10.990225880007367,23.652417000346823,11.568644806073008
15.834812635577782,97.45895450917652,True,0.3838430668910518,0,0,2,0.05,0.05,0.02163636778822161,0.43706085904594477,1.22201422508224,-1.344326008803109,-59.30868077127937,123.6077523333856,0.05,0.05,506,0,2,0,0.0,28.26097837867249,0.7343748113831827,VLP56,safe_range,final,90401,NTSC,22,3,1000000.0,,True,bars,0.8712906810126116,-48.20415719014884,10.660131414462057,23.153786688181768,11.375365507349347
15.810924646049285,95.58773152023079,True,1.0213236113159947,0,0,2,0.05,0.05,0.039606513218510705,1.3442139805431432,1.9408257291355684,-3.069450448834547,-49.283023758938505,107.36878039386414,0.05,0.05,506,0,2,0,0.0,25.090518384324945,0.7205956992310638,RANGE32,safe_range,final,90401,NTSC,22,3,1000000.0,,True,bars,0.8433113413911734,-49.34114273514294,11.0275367349845,21.22877022758341,11.5018795886615
-6.572557739846863,-82.19124022929475,False,607.3074688334482,506,12,44,2.025,2.025,1000000.0,84.12640912444479,22.709328418965136,-156.17006249921917,-67.51508327770931,70.0260520768692,1000000.0,1000000.0,506,506,2,1212,2.3952569169960474,-6.619959798213539,-0.3485458922722794,PLL96-rejected-board,safe_range,final,90401,NTSC,22,3,1000000.0,contrast;waveform;detail_floor;sync;h_jitter_us;v_jitter_us;h_width_rmse_us;sync_error_ire;black_error_ire;white_error_ire;contrast;stress_waveform;reference_detail;burst_gain;burst_phase_jitter_deg;burst_amplitude_jitter_pct;burst_rmse_ire;h_missing;v_missing;vertical_trains;sync_error_ire;black_error_ire;white_error_ire,False,bars,0.4367643288515817,82.07876283020852,39.742913145505135,32.54023049738008,29.389451451915292
8.949710765556592,97.40065309497024,True,6.404910782829119,500,11,0,2.025,2.025,3.670987038023062,14.759378199989863,-1.1523500251901717,-1.7195271841935986,-48.7416586763266,111.26207182409286,1.5875,0.9,506,164,2,5,0.009881422924901186,11.864471466839912,0.35097682252021917,PLL96-IQ-corrected,safe_range,final,90401,NTSC,22,3,1000000.0,waveform;detail_floor;sync;h_jitter_us;v_jitter_us;h_width_rmse_us;sync_error_ire;stress_waveform;reference_detail;burst_gain;burst_phase_jitter_deg;burst_rmse_ire;h_missing;v_missing;vertical_trains;sync_error_ire,False,bars,0.499783541028053,-96.49526994012948,38.52624743792662,30.716359905269613,18.005670146062627
21.209941324613414,96.31884444894169,True,0.0,0,0,2,0.025,0.025,0.020702819116429263,1.645230159551158,1.7065825476001248,-1.1882816452403726,-49.26386497965877,114.57305135589834,0.025,0.025,506,0,2,0,0.0,28.735049176450055,0.9209192987482808,floating-PLL-IQ40,safe_range,final,90401,NTSC,22,3,1000000.0,burst_gain,True,bars,0.5902471680161228,4.886074004796853,8.343180848699173,18.124761963878292,6.315695765461147
4.31839811390469,44.47705060722184,True,94.74676894453692,506,12,0,2.025,2.025,1000000.0,48.94502708270462,27.0986244868134,-25.696685635811363,0.7482566814862395,84.73409508222525,1000000.0,1000000.0,506,506,2,0,0.0,4.478693159690964,0.5772468041924181,HC50,safe_range,final,90401,NTSC,22,3,1000000.0,contrast;waveform;detail_floor;sync;h_jitter_us;v_jitter_us;h_width_rmse_us;sync_error_ire;black_error_ire;white_error_ire;contrast;stress_waveform;reference_detail;burst_gain;burst_rmse_ire;h_missing;v_missing;vertical_trains;sync_error_ire;black_error_ire;white_error_ire,False,bars,0.4358697736312212,80.60195242949904,10.432867177618663,20.180671358099843,30.837250741871294
11.96244372316442,97.13525593235939,True,3.7428462189200014,0,0,2,0.46249999999999997,0.3737499999999998,0.13040678223832894,5.583304625401924,-0.8621353749299999,-2.8209695190494264,-59.80547240795758,111.38153728418351,0.4625,0.3737499999999998,506,0,2,0,0.0,17.393068660263758,0.48011974025925946,PLL96-board-fixed,safe_range,final,90401,NTSC,22,3,1000000.0,waveform;detail_floor;h_jitter_us;v_jitter_us;sync_error_ire;stress_waveform;reference_detail;burst_phase_jitter_deg;burst_rmse_ire,True,bars,0.603201400609926,-86.68392479280382,36.814393505601195,21.21338355041508,16.3826463213653
15.810924646049285,95.58773152023079,True,1.0213236113159947,0,0,2,0.05,0.05,0.039606513218510705,1.3442139805431432,1.9408257291355684,-3.069450448834547,-49.283023758938505,107.36878039386414,0.05,0.05,506,0,2,0,0.0,25.090518384324945,0.7205956992310638,RNG-49c57570d609,safe_range,final,90401,NTSC,22,3,1000000.0,,True,bars,0.8433113413911734,-49.34114273514294,11.0275367349845,21.22877022758341,11.5018795886615
16.077657149964036,97.54664506276491,True,0.3123428877642872,0,0,2,0.05,0.036249999999999984,0.02129108444114207,0.1574302172462884,1.0685048240939086,-1.3989287577982799,-55.16824460636296,124.12171523485038,0.05,0.036249999999999984,506,0,2,0,0.0,28.087883138675306,0.7457250862369158,OVP56,safe_range,final,90401,NTSC,30,3,1000000.0,,True,bars,0.8628652114418649,-48.44451145495525,10.337054452885267,22.37526822290095,11.457807837443545
16.297314266808772,97.52729416696513,True,0.3341692582345627,0,0,2,0.05,0.05,0.0179205537040374,0.28686530400394333,1.2335890994070562,-1.290146692012424,-53.31958572574446,123.48805200656723,0.05,0.05,506,0,2,0,0.0,28.390695982706482,0.7541064676992494,VLP56,safe_range,final,90401,NTSC,30,3,1000000.0,,True,bars,0.8594261727510187,-48.46010765910856,9.837635610318939,22.04105174404697,11.250555885037908
16.162189036129494,95.64215165007374,True,0.9121917589646172,0,0,2,0.05,0.05,0.03822584747287839,1.2431760372050094,1.868458023669866,-3.152918386686316,-43.225140632044955,103.31264065981527,0.05,0.05,506,0,2,0,0.0,25.230765947703304,0.7383254980185968,RANGE32,safe_range,final,90401,NTSC,30,3,1000000.0,,True,bars,0.8334824571102313,-49.42201670527719,8.975916329644733,22.20011703357755,11.373449930674697
-6.582033573456293,-82.55295304173617,False,608.0367706605412,506,12,45,2.025,2.025,1000000.0,84.950883420036,22.623551892002048,-156.22628603753424,-67.80400791907876,61.17287682326943,1000000.0,1000000.0,506,506,2,1224,2.41897233201581,-6.629374219683507,-0.3486618649678958,PLL96-rejected-board,safe_range,final,90401,NTSC,30,3,1000000.0,contrast;waveform;detail_floor;sync;h_jitter_us;v_jitter_us;h_width_rmse_us;sync_error_ire;black_error_ire;white_error_ire;contrast;stress_waveform;reference_detail;burst_gain;burst_phase_jitter_deg;burst_amplitude_jitter_pct;burst_rmse_ire;h_missing;v_missing;vertical_trains;sync_error_ire;black_error_ire;white_error_ire,False,bars,0.4382241067814644,82.58512375568132,40.38976233448871,35.13538895464919,29.388585820758376
8.918146379066204,98.18152115927936,True,6.36201067535306,506,12,0,2.025,2.025,1000000.0,13.948342746030468,-1.133111168178361,-1.6770082860958473,-45.60252040232099,106.99787019349755,1000000.0,1000000.0,506,506,2,0,0.0,11.779791911368154,0.3548463628122174,PLL96-IQ-corrected,safe_range,final,90401,NTSC,30,3,1000000.0,waveform;detail_floor;sync;h_jitter_us;v_jitter_us;h_width_rmse_us;sync_error_ire;stress_waveform;reference_detail;burst_gain;burst_phase_jitter_deg;burst_amplitude_jitter_pct;burst_rmse_ire;h_missing;v_missing;vertical_trains;sync_error_ire,False,bars,0.49840361588216225,-96.03511538417318,39.56607593410357,33.22380731221325,17.96581244078834
21.919751389606624,96.34026200070784,True,0.0,0,0,2,0.025,0.025,0.019567962038493456,1.6410735251569082,1.7031690180938184,-1.1450092776406162,-45.31687247938268,111.47813844966895,0.025,0.025,506,0,2,0,0.0,28.848029887078344,0.9361089297228737,floating-PLL-IQ40,safe_range,final,90401,NTSC,30,3,1000000.0,burst_gain,True,bars,0.5829535533775309,4.619359306281672,6.962415951553631,18.519527697685113,6.2129895367004435
4.325964665319724,44.48201971054821,True,94.73472680910506,506,12,0,2.025,2.025,1000000.0,48.927420331067474,27.10148697236478,-25.655636530585138,2.866088423808364,84.19819883006527,1000000.0,1000000.0,506,506,2,0,0.0,4.4797470933811905,0.5928326669600271,HC50,safe_range,final,90401,NTSC,30,3,1000000.0,contrast;waveform;detail_floor;sync;h_jitter_us;v_jitter_us;h_width_rmse_us;sync_error_ire;black_error_ire;white_error_ire;contrast;stress_waveform;reference_detail;burst_gain;burst_rmse_ire;h_missing;v_missing;vertical_trains;sync_error_ire;black_error_ire;white_error_ire,False,bars,0.43115549110632667,80.39499905267003,8.595786767027906,20.898812120068534,30.81280106351857
11.877740350042338,96.65638846122931,True,3.672851306722221,0,0,2,0.275,0.075,0.10811331158692943,5.685579445192012,-0.6980407496943183,-2.7758045050067124,-57.4872213852781,111.32225498306671,0.275,0.075,506,0,2,0,0.0,16.908824696043936,0.4852948028048366,PLL96-board-fixed,safe_range,final,90401,NTSC,30,3,1000000.0,waveform;detail_floor;sync_error_ire;stress_waveform;reference_detail;burst_phase_jitter_deg;burst_rmse_ire,True,bars,0.6050768730847562,-87.73093929244753,35.50401034973284,16.41054581080676,16.447436849628424
16.162189036129494,95.64215165007374,True,0.9121917589646172,0,0,2,0.05,0.05,0.03822584747287839,1.2431760372050094,1.868458023669866,-3.152918386686316,-43.225140632044955,103.31264065981527,0.05,0.05,506,0,2,0,0.0,25.230765947703304,0.7383254980185968,RNG-49c57570d609,safe_range,final,90401,NTSC,30,3,1000000.0,,True,bars,0.8334824571102313,-49.42201670527719,8.975916329644733,22.20011703357755,11.373449930674697
0.7126524881417953,55.25383109242135,True,220.84316185696363,610,8,0,2.025,2.025,1000000.0,35.52691178878448,13.899879632126359,-30.078432144449994,-91.64641744469219,149.0580663728296,1000000.0,1000000.0,610,610,2,0,0.0,5.522934507747713,0.11650321745955619,OVP56,safe_range,final,90402,PAL,0,3,1000000.0,,False,bars,,,,,
-0.05394230632612584,59.20305672798938,True,226.77478042659973,610,8,0,2.025,2.025,1000000.0,26.177662114104393,8.539302769090476,-33.31145367331578,-96.35852352921076,154.59519087332987,1000000.0,1000000.0,610,610,2,0,0.0,5.460027313348993,0.10956228257873302,VLP56,safe_range,final,90402,PAL,0,3,1000000.0,,False,bars,,,,,
1.137772397714808,62.89284892210451,True,167.3431618569636,540,8,0,2.025,2.025,3.434001466427842,31.506882973001126,4.810899472305766,-35.17429501162857,-74.40157017071871,131.82099569824263,1.6637499999999998,1000000.0,610,51,2,77,0.12622950819672132,5.976061308600521,0.11721142759698597,RANGE32,safe_range,final,90402,PAL,0,3,1000000.0,,False,bars,,,,,
-6.770857787386285,-76.91120472796034,False,635.9623588456714,610,8,0,2.025,2.025,1000000.0,89.6337987688957,19.186273652812286,-147.80790545564022,-76.91512746506992,136.87525879199677,1000000.0,1000000.0,610,610,2,3613,5.922950819672131,-6.658636858368583,-0.09706731732489153,PLL96-rejected-board,safe_range,final,90402,PAL,0,3,1000000.0,,False,bars,,,,,
2.6178466540145617,84.34374316415439,True,115.2948557089084,378,7,0,2.025,2.025,3.2779583243021975,12.727164181231622,3.469372743106731,-12.40911810523517,-76.84121135327817,137.83527089435955,1.85,1.6,610,10,2,217,0.3557377049180328,5.498841752753897,0.09950646794595262,PLL96-IQ-corrected,safe_range,final,90402,PAL,0,3,1000000.0,,False,bars,,,,,
5.810156510389958,92.0896059015366,True,40.680677540777914,484,7,0,2.025,2.025,3.4672203655799065,4.8858919925521604,1.5677589525931273,-7.915465893895716,-80.24891277560555,139.20408083843114,1.8375,0.0,610,33,2,115,0.1885245901639344,13.171844586161644,0.2593928458927384,floating-PLL-IQ40,safe_range,final,90402,PAL,0,3,1000000.0,,False,bars,,,,,
0.8098263605540951,31.608270673627842,True,222.73086574654957,610,8,0,2.025,2.025,1000000.0,52.85688253192492,26.98887063574931,-41.60639230030203,-82.05237073651602,137.88317575178834,1000000.0,1000000.0,610,610,2,0,0.0,2.7934658286348633,0.07475516836496698,HC50,safe_range,final,90402,PAL,0,3,1000000.0,,False,bars,,,,,
0.19869530172991834,69.51717809176323,True,196.6210790464241,422,5,0,2.025,2.025,3.344294919805713,17.57412494143559,3.274247243837536,-30.467755588590208,-84.96619911007834,129.51566318894905,1.8662500000000002,1.7899999999999998,610,16,2,196,0.32131147540983607,3.839770664966069,0.08437580817591422,PLL96-board-fixed,safe_range,final,90402,PAL,0,3,1000000.0,,False,bars,,,,,
1.137772397714808,62.89284892210451,True,167.3431618569636,540,8,0,2.025,2.025,3.434001466427842,31.506882973001126,4.810899472305766,-35.17429501162857,-74.40157017071871,131.82099569824263,1.6637499999999998,1000000.0,610,51,2,77,0.12622950819672132,5.976061308600521,0.11721142759698597,RNG-49c57570d609,safe_range,final,90402,PAL,0,3,1000000.0,,False,bars,,,,,
2.6944748351037706,68.61304428707034,True,135.38644918444166,609,8,0,2.025,2.025,3.6,26.02783816278399,9.319321169925212,-21.49156247687012,-85.92228792214165,146.75190254024295,0.725,1000000.0,610,574,2,0,0.0,8.438430329732245,0.17239341046769566,OVP56,safe_range,final,90402,PAL,2,3,1000000.0,,False,bars,,,,,
2.1331681798027136,72.9099224396453,True,134.4987452948557,606,8,0,2.025,2.025,3.5500880270776385,18.39475156203356,5.753237695160019,-22.397461200644305,-92.16623587156204,153.18080257927082,1.47125,1000000.0,610,225,2,2,0.003278688524590164,8.751965219537796,0.16505815063908935,VLP56,safe_range,final,90402,PAL,2,3,1000000.0,,False,bars,,,,,
3.217776346977903,77.04752018551919,True,92.31242158092847,351,7,0,2.025,2.025,3.2830058503035615,19.92095986924006,2.858279200754868,-23.189157478041786,-69.88045616024492,130.12170235754175,1.925,1.45,610,8,2,231,0.37868852459016394,9.25366442874073,0.17102342167401444,RANGE32,safe_range,final,90402,PAL,2,3,1000000.0,,False,bars,,,,,
-6.747522541228374,-81.27768740485693,False,619.3143036386449,610,8,19,2.025,2.025,1000000.0,89.68918738143608,20.288351673881508,-152.6411613062751,-74.82283359678215,135.17932902144392,1000000.0,1000000.0,610,610,2,2736,4.4852459016393444,-6.714945955323363,-0.16104511462102494,PLL96-rejected-board,safe_range,final,90402,PAL,2,3,1000000.0,,False,bars,,,,,
5.594891561916181,89.57976355482886,True,47.85382685069009,395,5,0,2.025,2.025,3.3652110407576536,10.729254509995327,1.7706273511124284,-7.311217314625199,-75.20446989553187,136.1576958747892,1.8574999999999995,1.3424999999999998,610,14,2,216,0.3540983606557377,9.745148302343651,0.16335856592182377,PLL96-IQ-corrected,safe_range,final,90402,PAL,2,3,1000000.0,,False,bars,,,,,
8.141646624735042,94.21099971036092,True,11.962358845671266,340,4,0,2.025,2.025,3.3703380009638115,3.891246861374,1.544697722070837,-4.527531792874752,-77.62648902161122,136.88665605713194,1.8637499999999996,1.5812499999999996,610,8,2,200,0.32786885245901637,18.710501203285855,0.3641099314553186,floating-PLL-IQ40,safe_range,final,90402,PAL,2,3,1000000.0,,False,bars,,,,,
2.0871468538463467,37.87180669155041,True,166.14680050188204,610,8,0,2.025,2.025,1000000.0,50.83066867390118,27.20074192942694,-34.69500398050659,-77.47269693762313,131.42399127563922,1000000.0,1000000.0,610,610,2,0,0.0,3.6185893218022462,0.11308937198601729,HC50,safe_range,final,90402,PAL,2,3,1000000.0,,False,bars,,,,,
2.735240422159868,81.13940299964356,True,102.76537013801756,248,6,0,2.025,2.025,3.215582205861317,9.78650034102954,0.7776004690086822,-22.10431052672489,-83.24189021941518,128.07885936035467,1.85,1.56375,610,5,2,319,0.5229508196721312,7.013797499319629,0.13393665123609108,PLL96-board-fixed,safe_range,final,90402,PAL,2,3,1000000.0,,False,bars,,,,,
3.217776346977903,77.04752018551919,True,92.31242158092847,351,7,0,2.025,2.025,3.2830058503035615,19.92095986924006,2.858279200754868,-23.189157478041786,-69.88045616024492,130.12170235754175,1.925,1.45,610,8,2,231,0.37868852459016394,9.25366442874073,0.17102342167401444,RNG-49c57570d609,safe_range,final,90402,PAL,2,3,1000000.0,,False,bars,,,,,
5.038556019837506,80.61964309966908,True,65.39774153074028,595,8,0,2.025,2.025,3.611151709173497,16.839924353275123,5.028810503748433,-14.052861610420681,-84.58784553446317,146.1375476373288,1.8799999999999997,1000000.0,610,86,2,8,0.013114754098360656,12.365418065465901,0.2503570063789412,OVP56,safe_range,final,90402,PAL,4,3,1000000.0,,False,bars,,,,,
4.7551592548310015,84.7722707915293,True,62.74843161856963,582,8,0,2.025,2.025,3.5100239111924667,11.013296269603122,2.8797545747107955,-13.174426087581626,-90.00284158815609,150.0518414758157,1.8662500000000002,1000000.0,610,81,2,24,0.03934426229508197,13.289683270469574,0.24729859492889777,VLP56,safe_range,final,90402,PAL,4,3,1000000.0,,False,bars,,,,,
5.826861820734383,88.5930040690788,True,39.606022584692596,81,2,0,2.025,2.025,2.846633711546441,8.852957039970322,1.7372717758475846,-12.052340963395435,-69.17101406978185,127.8946196704333,1.7,1.525,610,3,2,401,0.6573770491803279,13.857415310783662,0.2504122143529809,RANGE32,safe_range,final,90402,PAL,4,3,1000000.0,,False,bars,,,,,
-6.782819325575808,-83.8633440576502,False,612.0395232120451,610,8,36,2.025,2.025,1000000.0,88.46936827146766,21.064874444291124,-156.41071520051324,-74.36390028895823,136.2465470011187,1000000.0,1000000.0,610,610,2,2025,3.319672131147541,-6.796491724208621,-0.23887632275187473,PLL96-rejected-board,safe_range,final,90402,PAL,4,3,1000000.0,,False,bars,,,,,
7.9492798684062125,93.01551888280018,True,17.89711417816813,414,5,0,2.025,2.025,3.4131339584562665,10.784744899143488,0.18497630235896725,-4.03598339265742,-74.109095400948,134.66272255385144,1.75,1.77,610,16,2,188,0.3081967213114754,13.134060564274336,0.24240126595450207,PLL96-IQ-corrected,safe_range,final,90402,PAL,4,3,1000000.0,,False,bars,,,,,
10.12600346642148,95.90713370621232,True,2.292346298619824,136,2,0,2.025,2.025,3.113675684110788,2.5425307580519467,1.229328190301754,-2.5585603781848754,-76.19761416160352,135.880995279385,1.7337499999999992,0.79375,610,4,2,389,0.6377049180327868,23.473521691256153,0.4646227662548293,floating-PLL-IQ40,safe_range,final,90402,PAL,4,3,1000000.0,,False,bars,,,,,
3.2608471585088177,42.620224874768745,True,122.92722710163112,610,8,0,2.025,2.025,1000000.0,49.33259008847899,27.08173779741452,-29.067112934825353,-72.64218272855905,129.4241453384089,1000000.0,1000000.0,610,610,2,0,0.0,4.267499767162251,0.17842390489529691,HC50,safe_range,final,90402,PAL,4,3,1000000.0,,False,bars,,,,,
5.771085595005703,90.69375946348504,True,41.23400250941029,81,2,0,2.025,2.025,2.895357162802033,3.2588584121958646,-1.6742715772313652,-14.69963044433208,-82.43946941785886,129.29231981247165,1.675,1.3875,610,3,2,443,0.7262295081967213,10.9324594906389,0.2133262842467896,PLL96-board-fixed,safe_range,final,90402,PAL,4,3,1000000.0,,False,bars,,,,,
5.826861820734383,88.5930040690788,True,39.606022584692596,81,2,0,2.025,2.025,2.846633711546441,8.852957039970322,1.7372717758475846,-12.052340963395435,-69.17101406978185,127.8946196704333,1.7,1.525,610,3,2,401,0.6573770491803279,13.857415310783662,0.2504122143529809,RNG-49c57570d609,safe_range,final,90402,PAL,4,3,1000000.0,,False,bars,,,,,
7.458106050159569,87.84723097647495,True,22.18569636135508,548,8,0,2.025,2.025,3.48722033217881,10.948678863861513,2.7743016821826463,-9.320384866473638,-75.71377304322218,138.7160557671536,1.8724999999999998,1000000.0,610,35,2,54,0.08852459016393442,16.549718423569214,0.34019515875730255,OVP56,safe_range,final,90402,PAL,6,3,1000000.0,,False,bars,,,,,
7.467173627475551,91.21429328346987,True,19.932873274780427,470,6,0,2.025,2.025,3.4545667239177766,6.836358181420835,1.522233772987396,-7.768122652474115,-81.96999194853804,143.7395678128336,1.8762499999999995,1.7825,610,18,2,117,0.1918032786885246,18.423250981474254,0.3439283624023363,VLP56,safe_range,final,90402,PAL,6,3,1000000.0,,False,bars,,,,,
8.577133726511581,93.7859654147976,True,12.463613550815559,2,0,1,1.113749999999999,1.4099999999999997,2.0702816221629825,3.6523606204805086,1.739044326210371,-5.463415130819877,-68.07782137542904,127.61657366985793,1.075,1.4099999999999997,610,1,2,282,0.46229508196721314,19.208002397600556,0.34548997810462273,RANGE32,safe_range,final,90402,PAL,6,3,1000000.0,,False,bars,,,,,
-6.746449616499007,-83.83342519758294,False,607.5934755332497,610,8,58,2.025,2.025,1000000.0,86.85512729051747,22.144398833879393,-156.94734132774153,-72.39034696600282,132.12111654908148,1000000.0,1000000.0,610,610,2,1677,2.7491803278688525,-6.7805934266402845,-0.3014506970291826,PLL96-rejected-board,safe_range,final,90402,PAL,6,3,1000000.0,,False,bars,,,,,
9.201521548661505,94.13944086335668,True,7.956712672521958,483,7,0,2.025,2.025,3.5103656964530985,12.263045594971812,-0.6922352034442647,-2.9592960189667665,-73.01187983953164,132.34311399787472,1.8924999999999996,1.1,610,21,2,132,0.21639344262295082,14.271456991050206,0.3024351245159095,PLL96-IQ-corrected,safe_range,final,90402,PAL,6,3,1000000.0,,False,bars,,,,,
11.999330362589653,95.96005732202465,True,0.2961104140526976,37,0,0,2.025,0.4825,2.660189833008911,2.28328994907185,1.4084498350021297,-2.0354890221961353,-74.11774723839567,130.57259881266012,1.4599999999999995,0.48249999999999993,610,2,2,422,0.6918032786885245,25.61516991221624,0.5577127646773943,floating-PLL-IQ40,safe_range,final,90402,PAL,6,3,1000000.0,,False,bars,,,,,
3.938969932896606,44.33413329863312,True,99.9228356336261,610,8,0,2.025,2.025,1000000.0,48.99329097533764,27.03150786384566,-26.497654857454414,-61.70563365826674,125.96865732093386,1000000.0,1000000.0,610,610,2,0,0.0,4.521326314317017,0.2628807334293232,HC50,safe_range,final,90402,PAL,6,3,1000000.0,,False,bars,,,,,
8.753340167618907,95.69603371262673,True,12.808030112923463,15,0,0,1.5024999999999977,1.4287499999999997,2.3569535510944646,0.6118530757411309,-2.441047662536055,-10.13199311051797,-81.42251784185422,122.46938271049575,1.207499999999999,1.4287499999999997,610,1,2,366,0.6,14.827252322636191,0.312063285939322,PLL96-board-fixed,safe_range,final,90402,PAL,6,3,1000000.0,,False,bars,,,,,
8.577133726511581,93.7859654147976,True,12.463613550815559,2,0,1,1.113749999999999,1.4099999999999997,2.0702816221629825,3.6523606204805086,1.739044326210371,-5.463415130819877,-68.07782137542904,127.61657366985793,1.075,1.4099999999999997,610,1,2,282,0.46229508196721314,19.208002397600556,0.34548997810462273,RNG-49c57570d609,safe_range,final,90402,PAL,6,3,1000000.0,,False,bars,,,,,
9.467775016511537,91.50849280476245,True,5.620451693851945,389,6,0,2.025,2.025,3.3519891777814257,7.373862325935544,2.032662145456904,-6.622728206231352,-72.42721635263753,135.34406573280566,1.95,1.37875,610,12,2,183,0.3,19.93199368936528,0.4232822921518944,OVP56,safe_range,final,90402,PAL,8,3,1000000.0,,False,bars,,,,,
9.57633008143877,93.88594683623568,True,4.734002509410288,245,2,0,2.025,2.025,3.2467438904864303,4.680800367745378,1.2859771460874427,-5.23006519229331,-73.64217237838031,139.74680773085439,1.8450000000000002,1.70625,610,6,2,308,0.5049180327868853,22.218778386100997,0.42969896002587094,VLP56,safe_range,final,90402,PAL,8,3,1000000.0,,False,bars,,,,,
10.657198635743331,95.09736241798635,True,3.8902132998745294,0,0,2,0.23874999999999885,0.17999999999999988,1.0108200493318025,2.0372762073911868,2.1209639305463304,-3.162795027762016,-62.52708781350038,118.56757001263477,0.23874999999999885,0.17999999999999988,610,0,2,69,0.11311475409836065,22.813726448966698,0.43405620460422467,RANGE32,safe_range,final,90402,PAL,8,3,1000000.0,,False,bars,,,,,
-6.696858200658298,-83.116978831559,False,605.5470514429109,610,8,61,2.025,2.025,1000000.0,85.42582815732283,22.771151449921224,-156.62948187139028,-71.22709559624934,125.24436195580958,1000000.0,1000000.0,610,610,2,1531,2.5098360655737704,-6.7375554504165915,-0.3311749126681553,PLL96-rejected-board,safe_range,final,90402,PAL,8,3,1000000.0,,False,bars,,,,,
9.493900520579784,94.5923202267588,True,6.075282308657465,540,8,0,2.025,2.025,3.6035523148296718,14.031062370931432,-0.8825861157912901,-2.6031435214847534,-69.12365897356126,129.00469903261347,1.85,1000000.0,610,45,2,84,0.1377049180327869,13.83409567855319,0.33178787515456054,PLL96-IQ-corrected,safe_range,final,90402,PAL,8,3,1000000.0,,False,bars,,,,,
13.765826113454834,95.69259566149887,True,0.0370138017565872,1,0,0,0.9887499999999989,0.04124999999999999,2.0050667040487027,2.410830092299577,1.7577346671261471,-1.8336961982020852,-69.81911457990343,126.67679832044789,0.975,0.04124999999999999,610,1,2,272,0.4459016393442623,26.266917283146533,0.642742895504025,floating-PLL-IQ40,safe_range,final,90402,PAL,8,3,1000000.0,,False,bars,,,,,
4.161895893159494,44.48362043834349,True,91.86574654956085,610,8,0,2.025,2.025,1000000.0,49.19647121307678,27.15408297962235,-25.876294174916904,-60.73230568181387,108.85126531043076,1000000.0,1000000.0,610,610,2,0,0.0,4.541383788183888,0.33877890809210104,HC50,safe_range,final,90402,PAL,8,3,1000000.0,,False,bars,,,,,
10.483566896010089,97.68033533287081,True,5.370765370138018,9,0,0,1.463749999999999,0.4474999999999999,2.1719155458035564,0.6475788185158244,-2.2861092715522076,-7.516363519428643,-77.86229153181742,116.66312958492966,1.125,0.44749999999999995,610,1,2,305,0.5,16.976824389468042,0.3828101657811282,PLL96-board-fixed,safe_range,final,90402,PAL,8,3,1000000.0,,False,bars,,,,,
10.657198635743331,95.09736241798635,True,3.8902132998745294,0,0,2,0.23874999999999885,0.17999999999999988,1.0108200493318025,2.0372762073911868,2.1209639305463304,-3.162795027762016,-62.52708781350038,118.56757001263477,0.23874999999999885,0.17999999999999988,610,0,2,69,0.11311475409836065,22.813726448966698,0.43405620460422467,RNG-49c57570d609,safe_range,final,90402,PAL,8,3,1000000.0,,False,bars,,,,,
11.073926133266738,93.67927969388022,True,1.4542032622333751,152,1,0,2.025,1.9637499999999999,3.0941494658517334,4.934649967536687,1.7074283757304893,-4.849055226623703,-68.63381067705333,134.92218446806956,1.775,1.7149999999999999,610,5,2,380,0.6229508196721312,22.55955843119122,0.4967861339761397,OVP56,safe_range,final,90402,PAL,10,3,1000000.0,,False,bars,,,,,
11.204708882767648,95.26494716708773,True,1.2628607277289836,64,1,0,2.025,1.8499999999999996,2.866860591660266,3.2409359068804253,1.2616760049379272,-3.775124881513599,-69.3061167264121,134.27712722315576,1.64375,1.4875,610,2,2,440,0.7213114754098361,24.602267355974497,0.5035198017656949,VLP56,safe_range,final,90402,PAL,10,3,1000000.0,,False,bars,,,,,
12.100622531901815,95.41289806324225,True,1.9115432873274782,0,0,2,0.11374999999999887,0.06624999999999999,0.3158273677652211,1.654138100420399,2.2507432889765613,-2.4994143881536814,-58.23412818379797,114.18794664541488,0.11374999999999887,0.06624999999999999,610,0,2,6,0.009836065573770493,23.984743380171768,0.5059119866601396,RANGE32,safe_range,final,90402,PAL,10,3,1000000.0,,True,bars,,,,,
-6.67382121020205,-82.59047722529328,False,604.9937264742786,610,8,64,2.025,2.025,1000000.0,84.33547927980084,23.073170369862776,-156.30793942106237,-69.47131338209581,86.76417433662132,1000000.0,1000000.0,610,610,2,1463,2.398360655737705,-6.71706896514348,-0.3463216621120508,PLL96-rejected-board,safe_range,final,90402,PAL,10,3,1000000.0,,False,bars,,,,,
9.472189914548943,95.19976975484431,True,5.926599749058972,543,8,0,2.025,2.025,3.6017797217735437,15.110929075056474,-1.0867090687156191,-2.365793515727421,-56.65677415653303,122.88891245912737,1.8924999999999996,1000000.0,610,51,2,85,0.13934426229508196,13.243635240637357,0.34785348117588377,PLL96-IQ-corrected,safe_range,final,90402,PAL,10,3,1000000.0,,False,bars,,,,,
15.394983436957475,95.72492266921995,True,0.0,0,0,1,0.05,0.04124999999999999,1.1786210336590837,2.2837517834220176,1.8649822668620868,-1.6506333953118377,-61.7250710945205,124.60851733486805,0.05,0.04124999999999999,610,0,2,81,0.13278688524590163,26.834453421487336,0.7179411765315901,floating-PLL-IQ40,safe_range,final,90402,PAL,10,3,1000000.0,,False,bars,,,,,
4.248151992040916,44.422498906983265,True,89.57967377666249,610,8,0,2.025,2.025,1000000.0,49.23092987498164,27.168694497311485,-25.819953487574605,-21.191142953164395,96.65153159434465,1000000.0,1000000.0,610,610,2,0,0.0,4.536116544956221,0.39796134023571406,HC50,safe_range,final,90402,PAL,10,3,1000000.0,,False,bars,,,,,
11.20905559993071,98.46253617203983,True,4.2245922208281055,4,0,0,1.325,0.6787499999999999,2.252855036799235,1.5712548267200095,-2.1347260022612247,-5.922914866947736,-69.9122400739418,114.59228701685387,1.275,0.6787499999999999,610,1,2,293,0.48032786885245904,17.525637281519305,0.42028285529825554,PLL96-board-fixed,safe_range,final,90402,PAL,10,3,1000000.0,,False,bars,,,,,
12.100622531901815,95.41289806324225,True,1.9115432873274782,0,0,2,0.11374999999999887,0.06624999999999999,0.3158273677652211,1.654138100420399,2.2507432889765613,-2.4994143881536814,-58.23412818379797,114.18794664541488,0.11374999999999887,0.06624999999999999,610,0,2,6,0.009836065573770493,23.984743380171768,0.5059119866601396,RNG-49c57570d609,safe_range,final,90402,PAL,10,3,1000000.0,,True,bars,,,,,
12.383080139328333,95.30362307100663,True,0.6925972396486826,25,0,0,1.875,1.295,2.603980147166565,2.9983230534355587,1.436819852987024,-3.4815523648140476,-66.01333836606959,128.32299781218177,1.394999999999999,1.295,610,2,2,437,0.7163934426229508,24.784834986728296,0.5593234749155859,OVP56,safe_range,final,90402,PAL,12,3,1000000.0,,False,bars,,,,,
12.522236405365144,96.23327450980804,True,0.6499372647427855,9,0,0,1.075,0.47374999999999995,2.1672039789836264,2.1003176252868525,1.2298194573755588,-2.7496878164826004,-66.49936713610101,130.11817987400167,1.0,0.47375,610,1,2,345,0.5655737704918032,26.250664170272113,0.5660894938696713,VLP56,safe_range,final,90402,PAL,12,3,1000000.0,,False,bars,,,,,
13.203894091218665,95.68600577882287,True,1.462986198243413,0,0,2,0.1,0.06624999999999999,0.12369813866100299,1.3796252367972128,2.197164195348355,-2.3096309411123572,-54.860124516439846,112.99851697080739,0.1,0.06624999999999999,610,0,2,0,0.0,24.4743025312841,0.5655687773363952,RANGE32,safe_range,final,90402,PAL,12,3,1000000.0,,True,bars,,,,,
-6.676314960012983,-82.43529123632818,False,605.4378920953576,610,8,64,2.025,2.025,1000000.0,83.63558863218539,23.070491475964328,-156.31587575901884,-69.78805012609222,78.22166305543767,1000000.0,1000000.0,610,610,2,1464,2.4,-6.720901903488934,-0.3544570184311348,PLL96-rejected-board,safe_range,final,90402,PAL,12,3,1000000.0,,False,bars,,,,,
9.357341866657624,95.88141549856587,True,6.041405269761606,556,7,0,2.025,2.025,3.613287271641629,15.71820095291268,-1.2206336345778277,-2.1003046878410463,-55.195921731683306,122.9593376444938,1.8674999999999997,1.9,610,83,2,70,0.11475409836065574,12.742136149094378,0.3555250519728426,PLL96-IQ-corrected,safe_range,final,90402,PAL,12,3,1000000.0,,False,bars,,,,,
16.879646860155862,96.01431332343638,True,0.0,0,0,2,0.05,0.04124999999999999,0.46169901841628097,1.9746081923714378,1.8153608016891627,-1.4222245248335212,-59.250830405710666,124.293526190359,0.05,0.04124999999999999,610,0,2,14,0.022950819672131147,27.59805539387785,0.7803538577920256,floating-PLL-IQ40,safe_range,final,90402,PAL,12,3,1000000.0,,True,bars,,,,,
4.308285122491968,44.48055933656614,True,89.00878293601004,610,8,0,2.025,2.025,1000000.0,49.127198406886315,27.128219016098626,-25.75156327807228,-8.548076568216544,92.72866568185675,1000000.0,1000000.0,610,610,2,0,0.0,4.546871344722033,0.4469074507781695,HC50,safe_range,final,90402,PAL,12,3,1000000.0,,False,bars,,,,,
11.587497692799298,98.85663908666993,True,4.072772898368883,4,0,0,1.202499999999998,0.075,2.003316660007605,2.603718420353826,-1.9630893889805852,-4.62749721531086,-61.08981052749191,112.39914284458784,1.175,0.075,610,1,2,260,0.4262295081967213,17.661572711957913,0.4435188818436825,PLL96-board-fixed,safe_range,final,90402,PAL,12,3,1000000.0,,False,bars,,,,,
13.203894091218665,95.68600577882287,True,1.462986198243413,0,0,2,0.1,0.06624999999999999,0.12369813866100299,1.3796252367972128,2.197164195348355,-2.3096309411123572,-54.860124516439846,112.99851697080739,0.1,0.06624999999999999,610,0,2,0,0.0,24.4743025312841,0.5655687773363952,RNG-49c57570d609,safe_range,final,90402,PAL,12,3,1000000.0,,True,bars,,,,,
13.440852729986252,96.27327778221716,True,0.5388958594730239,0,0,1,0.9,0.04124999999999999,1.8163880006354531,1.7843007552344332,1.276242594746608,-2.616729528671851,-65.63095001448097,128.94184140122013,0.9,0.04124999999999999,610,0,2,255,0.4180327868852459,26.260800252831583,0.6096969504963056,OVP56,safe_range,final,90402,PAL,14,3,1000000.0,,False,bars,,,,,
13.596911785353463,96.74721394049874,True,0.5106649937264742,1,0,1,0.5887499999999989,0.025,1.2916076049847784,1.4124372931108897,1.244542386235347,-2.1381256119531518,-65.78365353466576,132.37971288592485,0.575,0.025,610,1,2,129,0.21147540983606558,27.161833047736454,0.617132276582376,VLP56,safe_range,final,90402,PAL,14,3,1000000.0,,False,bars,,,,,
14.076429585797168,95.74130116113689,True,1.303638644918444,0,0,2,0.075,0.05,0.045097799008486386,1.3441445584450031,2.1285586240928493,-2.370336801008904,-55.0166104270397,111.81590057267731,0.075,0.05,610,0,2,0,0.0,24.715999479753275,0.61304984841564,RANGE32,safe_range,final,90402,PAL,14,3,1000000.0,,True,bars,,,,,
-6.677461508403246,-82.33875354975892,False,605.8870765370137,610,8,64,2.025,2.025,1000000.0,83.3380526892272,22.980154309010416,-156.26430907591168,-69.5607256034183,78.08845126504575,1000000.0,1000000.0,610,610,2,1454,2.3836065573770493,-6.722759823579478,-0.36078748180418624,PLL96-rejected-board,safe_range,final,90402,PAL,14,3,1000000.0,,False,bars,,,,,
9.272304932502717,96.51109079679136,True,6.151191969887076,548,7,0,2.025,2.025,3.6420912439191113,15.898763336308908,-1.2489004671305386,-1.913741366202174,-55.11217538797117,123.080006925067,1.85,1.6,610,42,2,56,0.09180327868852459,12.401702502766916,0.3627557947677364,PLL96-IQ-corrected,safe_range,final,90402,PAL,14,3,1000000.0,,False,bars,,,,,
18.165588918077354,96.17519107937534,True,0.0,0,0,2,0.025,0.04124999999999999,0.025183750941339334,1.8071540520664515,1.772984759981711,-1.3093092512777773,-56.723614651703244,120.82014720162029,0.025,0.04124999999999999,610,0,2,0,0.0,28.101229396807092,0.8282245329287771,floating-PLL-IQ40,safe_range,final,90402,PAL,14,3,1000000.0,,True,bars,,,,,
4.34350160012755,44.49505234354792,True,88.9090338770389,610,8,0,2.025,2.025,1000000.0,49.053244943944584,27.10366746600877,-25.729406228167633,-4.745387519245874,89.94295047867455,1000000.0,1000000.0,610,610,2,0,0.0,4.551795152508772,0.48626866288412957,HC50,safe_range,final,90402,PAL,14,3,1000000.0,,False,bars,,,,,
11.830157815622107,98.74937609737108,True,3.9560853199498123,9,0,0,1.375,0.18874999999999992,2.1073846567520946,3.625033348802525,-1.6931260694130814,-3.818748091891695,-60.88490846680631,112.13612241234394,1.175,0.18874999999999992,610,2,2,277,0.4540983606557377,17.72460662320711,0.4593842196941855,PLL96-board-fixed,safe_range,final,90402,PAL,14,3,1000000.0,,False,bars,,,,,
14.076429585797168,95.74130116113689,True,1.303638644918444,0,0,2,0.075,0.05,0.045097799008486386,1.3441445584450031,2.1285586240928493,-2.370336801008904,-55.0166104270397,111.81590057267731,0.075,0.05,610,0,2,0,0.0,24.715999479753275,0.61304984841564,RNG-49c57570d609,safe_range,final,90402,PAL,14,3,1000000.0,,True,bars,,,,,
14.860590301188983,97.16362788084064,True,0.43036386449184444,0,0,2,0.05,0.04124999999999999,0.4820932839464055,0.6425125756241525,1.1678500526127868,-1.72390019009611,-61.65261799690373,125.95760982814984,0.05,0.04124999999999999,610,0,2,23,0.03770491803278689,27.61415949550053,0.6773703712071443,OVP56,safe_range,final,90402,PAL,18,3,1000000.0,,True,bars,,,,,
15.046905936983368,97.24890902165396,True,0.4115432873274781,0,0,2,0.05,0.04124999999999999,0.3642348256231429,0.7231647332776964,1.2686286399729465,-1.5027766147676112,-61.45829963042422,126.18073689889847,0.05,0.04124999999999999,610,0,2,12,0.019672131147540985,27.992334166688035,0.6856165793586595,VLP56,safe_range,final,90402,PAL,18,3,1000000.0,,True,bars,,,,,
15.215325656046378,95.64383893730745,True,1.1173149309912171,0,0,2,0.075,0.05,0.042837378346562684,1.3950042889849716,2.031416290026944,-2.7733925577645278,-50.98878338946966,108.17679502781603,0.075,0.05,610,0,2,0,0.0,24.950591590280137,0.6758269406949151,RANGE32,safe_range,final,90402,PAL,18,3,1000000.0,,True,bars,,,,,
-6.681330435893456,-82.32933131857813,False,606.8174404015057,610,8,64,2.025,2.025,1000000.0,83.4784504745628,22.760046513866268,-156.18052947044288,-67.92422643880002,78.12594457315303,1000000.0,1000000.0,610,610,2,1475,2.418032786885246,-6.727111024168487,-0.36524911351625716,PLL96-rejected-board,safe_range,final,90402,PAL,18,3,1000000.0,,False,bars,,,,,
9.12827556398726,97.50545985952624,True,6.305520702634881,581,8,0,2.025,2.025,3.6793986109051895,15.67787393422978,-1.1046224715863366,-1.740288937233099,-53.44915302463089,117.87316870385429,1.7599999999999998,1000000.0,610,76,2,29,0.047540983606557376,11.995335976990805,0.37043608428082203,PLL96-IQ-corrected,safe_range,final,90402,PAL,18,3,1000000.0,,False,bars,,,,,
20.019709612797815,96.31188916373827,True,0.0,0,0,2,0.025,0.025,0.020495901229590142,1.6699369592260753,1.7331375656917252,-1.2139409085394395,-51.92255601449021,115.86839425724743,0.025,0.025,610,0,2,0,0.0,28.594782118954303,0.8864808022272018,floating-PLL-IQ40,safe_range,final,90402,PAL,18,3,1000000.0,,True,bars,,,,,
4.376038068513938,44.48121290569178,True,88.8732747804266,610,8,0,2.025,2.025,1000000.0,48.974229427271815,27.08813999794924,-25.716699159499335,-2.751712004761025,88.19807277129185,1000000.0,1000000.0,610,610,2,0,0.0,4.553800702985282,0.5379594922839217,HC50,safe_range,final,90402,PAL,18,3,1000000.0,,False,bars,,,,,
12.01827339325847,98.04714909433126,True,3.8350062735257215,36,0,0,2.025,1.1474999999999997,2.445667656787497,5.012434495237234,-1.174825030423639,-3.0047236533335173,-60.02901205808645,111.5032686259754,1.292500000000001,1.1474999999999995,610,2,2,364,0.5967213114754099,17.570754152371176,0.4774164092744474,PLL96-board-fixed,safe_range,final,90402,PAL,18,3,1000000.0,,False,bars,,,,,
15.215325656046378,95.64383893730745,True,1.1173149309912171,0,0,2,0.075,0.05,0.042837378346562684,1.3950042889849716,2.031416290026944,-2.7733925577645278,-50.98878338946966,108.17679502781603,0.075,0.05,610,0,2,0,0.0,24.950591590280137,0.6758269406949151,RNG-49c57570d609,safe_range,final,90402,PAL,18,3,1000000.0,,True,bars,,,,,
15.539926222583594,97.44563984558388,True,0.37892095357590966,0,0,2,0.05,0.04124999999999999,0.1562790956516735,0.29143334919228686,1.0988641094860172,-1.4435890746616282,-59.436577425209485,123.73899686294122,0.05,0.04124999999999999,610,0,2,1,0.001639344262295082,27.986616579029075,0.708551889988637,OVP56,safe_range,final,90402,PAL,22,3,1000000.0,,True,bars,0.8194988794212612,-60.7319443619786,15.359939075787251,26.686798567177096,12.174450170965999
15.74750850987649,97.44605555737553,True,0.3751568381430364,0,0,2,0.05,0.04124999999999999,0.0197058283797243,0.4403932202977049,1.2484950058274853,-1.3060023834133287,-59.5477760042836,123.84485941251249,0.05,0.04124999999999999,610,0,2,0,0.0,28.280950869867205,0.7174116240903957,VLP56,safe_range,final,90402,PAL,22,3,1000000.0,,True,bars,0.8052433644021164,-60.71422381700876,14.696773487575546,25.910728575319855,11.957606079318195
15.752015900000877,95.60530925320533,True,1.0156838143036386,0,0,2,0.05,0.05,0.03919005812368368,1.3656922257069812,1.9629919926843233,-3.0185735090929087,-49.760451997169426,107.46668382505003,0.05,0.05,610,0,2,0,0.0,25.052957585650407,0.7048885272287836,RANGE32,safe_range,final,90402,PAL,22,3,1000000.0,,True,bars,0.78034412461695,-61.9322762817199,15.218202970708036,25.384215758315253,12.061731069001048
-6.6891450620666495,-82.57877708597934,False,607.8350062735257,610,8,64,2.025,2.025,1000000.0,84.19224368491288,22.63089188437429,-156.1897626365221,-67.67736309884938,75.71591582297408,1000000.0,1000000.0,610,610,2,1498,2.455737704918033,-6.73452635654184,-0.3679504585527028,PLL96-rejected-board,safe_range,final,90402,PAL,22,3,1000000.0,contrast;waveform;detail_floor;sync;h_jitter_us;v_jitter_us;h_width_rmse_us;sync_error_ire;black_error_ire;white_error_ire;contrast;stress_waveform;reference_detail;burst_gain;burst_phase_jitter_deg;burst_amplitude_jitter_pct;burst_rmse_ire;h_missing;v_missing;vertical_trains;sync_error_ire;black_error_ire;white_error_ire,False,bars,0.32087893651992294,65.11296170683606,24.986959192745385,37.45174760085898,28.7835269182618
9.053419889448735,98.29922838807525,True,6.311166875784191,604,8,0,2.025,2.025,3.679178463552246,14.850113302377633,-1.0894527848808706,-1.665471225491706,-48.75932751795456,111.76807612530574,1.6875,1000000.0,610,142,2,5,0.00819672131147541,11.834849252956374,0.37394421708356695,PLL96-IQ-corrected,safe_range,final,90402,PAL,22,3,1000000.0,waveform;detail_floor;sync;h_jitter_us;v_jitter_us;h_width_rmse_us;sync_error_ire;stress_waveform;reference_detail;burst_gain;burst_phase_jitter_deg;burst_rmse_ire;h_missing;v_missing;vertical_trains;sync_error_ire,False,bars,0.3746689846753225,-113.197314487973,26.213645643547615,34.88123227408543,16.884986622497582
20.998632228128002,96.37213029959831,True,0.0,0,0,2,0.025,0.025,0.01988697571976917,1.6420069248509468,1.7144603580672253,-1.1470203015254932,-50.12479183117528,113.86502828738132,0.025,0.025,610,0,2,0,0.0,28.81115367598129,0.9118535609436383,floating-PLL-IQ40,safe_range,final,90402,PAL,22,3,1000000.0,burst_gain,True,bars,0.48962960997453275,13.37470036383752,9.684059283517858,19.421406707595686,6.984213990923087
4.388488162729097,44.479070839916666,True,88.82559598494353,610,8,0,2.025,2.025,1000000.0,48.93823285413111,27.099379316923276,-25.68013028140464,0.7468886460017075,84.48921967189138,1000000.0,1000000.0,610,610,2,0,0.0,4.5542231284948524,0.5633033867872826,HC50,safe_range,final,90402,PAL,22,3,1000000.0,contrast;waveform;detail_floor;sync;h_jitter_us;v_jitter_us;h_width_rmse_us;sync_error_ire;black_error_ire;white_error_ire;contrast;stress_waveform;reference_detail;burst_gain;burst_rmse_ire;h_missing;v_missing;vertical_trains;sync_error_ire;black_error_ire;white_error_ire,False,bars,0.40838121930118154,98.3016550965295,14.503874658606234,23.51361709173399,30.6915181345601
11.999082330204088,97.34640366676757,True,3.736511919698871,0,0,2,0.275,0.3024999999999998,0.11776174195744753,5.607048874151351,-0.7703382458627165,-2.7837314569235874,-60.049683340449356,111.54277009586447,0.275,0.3024999999999998,610,0,2,0,0.0,17.173161558205862,0.4838028817786422,PLL96-board-fixed,safe_range,final,90402,PAL,22,3,1000000.0,waveform;detail_floor;sync_error_ire;stress_waveform;reference_detail;burst_gain;burst_phase_jitter_deg;burst_rmse_ire,True,bars,0.4309851076486867,-99.70171755343492,24.289592532700553,33.65417734930746,15.497867034620953
15.752015900000877,95.60530925320533,True,1.0156838143036386,0,0,2,0.05,0.05,0.03919005812368368,1.3656922257069812,1.9629919926843233,-3.0185735090929087,-49.760451997169426,107.46668382505003,0.05,0.05,610,0,2,0,0.0,25.052957585650407,0.7048885272287836,RNG-49c57570d609,safe_range,final,90402,PAL,22,3,1000000.0,,True,bars,0.78034412461695,-61.9322762817199,15.218202970708036,25.384215758315253,12.061731069001048
15.98636995876074,97.53799598140758,True,0.3193224592220828,0,0,2,0.05,0.05,0.020193733811405497,0.1652719553946007,1.084912416550994,-1.3402268116144767,-54.8018982703842,124.18894465941555,0.05,0.05,610,0,2,0,0.0,28.13702220038588,0.7289306463517469,OVP56,safe_range,final,90402,PAL,30,3,1000000.0,,True,bars,0.8073080398694346,-60.361367279494395,16.019762832259747,25.908272336993154,11.993413053332059
16.208487313873082,97.5206137581278,True,0.3437892095357591,0,0,2,0.05,0.05,0.017793211083324385,0.29662494943043693,1.249073179075811,-1.2502022834022795,-56.339637584352545,123.53031681099021,0.05,0.05,610,0,2,0,0.0,28.413832731647553,0.7380670182734119,VLP56,safe_range,final,90402,PAL,30,3,1000000.0,,True,bars,0.7947297229232546,-60.45562659850717,15.548448748488811,25.23256113356975,11.762589709017442
16.1006781967644,95.66346112079759,True,0.9385194479297365,0,0,2,0.05,0.05,0.03903287811282293,1.2682633994203498,1.887298018806753,-3.095843366455032,-43.206617153421234,103.86578704264089,0.05,0.05,610,0,2,0,0.0,25.18472972673667,0.7234124356842684,RANGE32,safe_range,final,90402,PAL,30,3,1000000.0,,True,bars,0.7799091644128302,-61.46920937279809,16.14734935853583,25.60632088282061,11.886230601879479
-6.696779807091535,-82.84004834972099,False,608.3224592220828,610,8,64,2.025,2.025,1000000.0,84.84358709901659,22.576122344861822,-156.2255189457908,-67.71664107152388,67.0482337986114,1000000.0,1000000.0,610,610,2,1491,2.444262295081967,-6.741794170041934,-0.3688403803413841,PLL96-rejected-board,safe_range,final,90402,PAL,30,3,1000000.0,contrast;waveform;detail_floor;sync;h_jitter_us;v_jitter_us;h_width_rmse_us;sync_error_ire;black_error_ire;white_error_ire;contrast;stress_waveform;reference_detail;burst_gain;burst_phase_jitter_deg;burst_rmse_ire;h_missing;v_missing;vertical_trains;sync_error_ire;black_error_ire;white_error_ire,False,bars,0.32446630598915516,64.9921137122737,23.581727027466236,34.01848671174894,28.69559289703511
9.008650303503634,98.94798516314077,True,6.303011292346299,610,8,0,2.025,2.025,1000000.0,13.978815270202356,-1.1175213675109124,-1.65715271503348,-41.763022182139,106.90393391652093,1000000.0,1000000.0,610,610,2,0,0.0,11.749864861718216,0.3741601022452348,PLL96-IQ-corrected,safe_range,final,90402,PAL,30,3,1000000.0,waveform;detail_floor;sync;h_jitter_us;v_jitter_us;h_width_rmse_us;sync_error_ire;stress_waveform;reference_detail;burst_gain;burst_phase_jitter_deg;burst_rmse_ire;h_missing;v_missing;vertical_trains;sync_error_ire,False,bars,0.370723747607157,-113.08626997572244,24.13435118343232,30.223130483892245,16.928000813893203
21.687075664362403,96.3973758458469,True,0.0,0,0,2,0.025,0.025,0.019205531989934396,1.6388743484182569,1.7140215661860583,-1.1076361462633428,-45.90239151374732,112.1589698517166,0.025,0.025,610,0,2,0,0.0,28.935421060560298,0.9276317365836745,floating-PLL-IQ40,safe_range,final,90402,PAL,30,3,1000000.0,burst_gain,True,bars,0.48536802326443296,13.23820140215607,7.30288263304531,16.07016100661628,6.866471824248994
4.3964119898628375,44.48419376671318,True,88.7892095357591,610,8,0,2.025,2.025,1000000.0,48.91784586132353,27.100989445574506,-25.63574356776686,2.6450455640336656,84.23064408582162,1000000.0,1000000.0,610,610,2,0,0.0,4.5555666313189525,0.5790324075926508,HC50,safe_range,final,90402,PAL,30,3,1000000.0,contrast;waveform;detail_floor;sync;h_jitter_us;v_jitter_us;h_width_rmse_us;sync_error_ire;black_error_ire;white_error_ire;contrast;stress_waveform;reference_detail;burst_gain;burst_rmse_ire;h_missing;v_missing;vertical_trains;sync_error_ire;black_error_ire;white_error_ire,False,bars,0.40608546426037617,98.57507500430262,14.840310555441755,23.40637168968959,30.686356650711907
11.92309037932361,96.89818242902615,True,3.680677540777917,0,0,2,0.25,0.075,0.09863307562150425,5.752537510182025,-0.633647633534722,-2.7398464036450814,-50.21158612559711,111.36144126221352,0.25,0.075,610,0,2,0,0.0,16.749094736890335,0.48831870636782704,PLL96-board-fixed,safe_range,final,90402,PAL,30,3,1000000.0,waveform;detail_floor;sync_error_ire;stress_waveform;reference_detail;burst_gain;burst_phase_jitter_deg;burst_rmse_ire,True,bars,0.4352010574671588,-100.06669743773222,24.361669187889266,32.03645899368251,15.470280609172082
16.1006781967644,95.66346112079759,True,0.9385194479297365,0,0,2,0.05,0.05,0.03903287811282293,1.2682633994203498,1.887298018806753,-3.095843366455032,-43.206617153421234,103.86578704264089,0.05,0.05,610,0,2,0,0.0,25.18472972673667,0.7234124356842684,RNG-49c57570d609,safe_range,final,90402,PAL,30,3,1000000.0,,True,bars,0.7799091644128302,-61.46920937279809,16.14734935853583,25.60632088282061,11.886230601879479
0.7707551113620227,55.48261050872804,True,221.3472440067797,506,12,0,2.025,2.025,1000000.0,35.35692395024848,13.966453837077703,-29.64586773305935,-88.77670554873778,148.8348056643344,1000000.0,1000000.0,506,506,2,0,0.0,5.556015623431789,0.12154756044939341,OVP56,safe_range,final,90402,NTSC,0,3,1000000.0,,False,bars,,,,,
0.019481906843892047,59.41545193963,True,226.5118148401256,506,12,0,2.025,2.025,1000000.0,26.019128655149828,8.740903551992472,-32.80667346959472,-95.2687691455273,154.18014351672002,1000000.0,1000000.0,506,506,2,0,0.0,5.529473438515091,0.11323535978559779,VLP56,safe_range,final,90402,NTSC,0,3,1000000.0,,False,bars,,,,,
1.2043875263728476,63.155576111722674,True,167.34805082985366,459,10,0,2.025,2.025,3.4338738127226116,31.69154688429937,4.846376232035017,-34.51421525024667,-75.6243506031804,132.57564973532175,1.95,1.8524999999999998,506,33,2,67,0.1324110671936759,6.075155659277507,0.11995853934019113,RANGE32,safe_range,final,90402,NTSC,0,3,1000000.0,,False,bars,,,,,
-6.696599705097269,-77.46865144381013,False,634.5242001764173,506,12,4,2.025,2.025,1000000.0,90.8323768441711,19.595611298149215,-148.11675942303808,-76.46930779483571,136.49580119631574,1000000.0,1000000.0,506,506,2,2899,5.729249011857707,-6.589185798461523,-0.09367233468231331,PLL96-rejected-board,safe_range,final,90402,NTSC,0,3,1000000.0,,False,bars,,,,,
2.716708114853586,84.81229867532416,True,114.81799817561648,320,7,0,2.025,2.025,3.291555054593399,12.043788671594632,3.167202204835405,-11.424717459302865,-77.2379277997029,137.60302933636157,1.875,1.935,506,8,2,228,0.4505928853754941,5.66396889123768,0.09502255641331073,PLL96-IQ-corrected,safe_range,final,90402,NTSC,0,3,1000000.0,,False,bars,,,,,
5.916677938855144,92.24719866318127,True,40.57221217038418,400,6,0,2.025,2.025,3.4155849453450755,4.966846416352334,1.3684540712258064,-7.49341693434683,-78.9507311295355,139.1980346112928,1.75625,1.5625,506,34,2,113,0.22332015810276679,13.481940071529039,0.2683578776557662,floating-PLL-IQ40,safe_range,final,90402,NTSC,0,3,1000000.0,,False,bars,,,,,
0.8592783628544967,32.01273374166604,True,225.16234303829097,506,12,0,2.025,2.025,1000000.0,52.4488814504064,26.920618029869118,-41.36911173402914,-83.39304841722827,139.3830359224681,1000000.0,1000000.0,506,506,2,0,0.0,2.825401921857163,0.07793179000918779,HC50,safe_range,final,90402,NTSC,0,3,1000000.0,,False,bars,,,,,
0.2023413393273238,69.23185084703518,True,198.30235995749126,355,10,0,2.025,2.025,3.399609200368741,17.10085794298649,3.0539269253435113,-30.854815949747124,-85.65413987503891,129.67487756369977,1.9,0.6199999999999999,506,18,2,145,0.2865612648221344,3.844530614641149,0.07828170319692958,PLL96-board-fixed,safe_range,final,90402,NTSC,0,3,1000000.0,,False,bars,,,,,
1.2043875263728476,63.155576111722674,True,167.34805082985366,459,10,0,2.025,2.025,3.4338738127226116,31.69154688429937,4.846376232035017,-34.51421525024667,-75.6243506031804,132.57564973532175,1.95,1.8524999999999998,506,33,2,67,0.1324110671936759,6.075155659277507,0.11995853934019113,RNG-49c57570d609,safe_range,final,90402,NTSC,0,3,1000000.0,,False,bars,,,,,
2.773133752559928,68.9212412709359,True,135.32424954917255,506,12,0,2.025,2.025,1000000.0,25.694771172302506,9.243013582104581,-21.234510683353363,-88.20625803431048,146.91230820048088,1000000.0,1000000.0,506,506,2,0,0.0,8.50634051465795,0.1801497247916824,OVP56,safe_range,final,90402,NTSC,2,3,1000000.0,,False,bars,,,,,
2.2118818945090526,73.20258614988738,True,134.1230465398429,504,11,0,2.025,2.025,3.5376987576671928,18.068316042258324,5.834896591609278,-22.086632088244045,-90.87388478840461,152.62712905827573,1.5725,0.8,506,382,2,1,0.001976284584980237,8.846929681475757,0.17228673954702117,VLP56,safe_range,final,90402,NTSC,2,3,1000000.0,,False,bars,,,,,
3.2875971364095964,77.16296085655853,True,92.49865278609856,320,6,0,2.025,2.025,3.253811867128563,19.7685225479577,2.776543495928602,-22.930179767044276,-74.56883552278431,129.50042278446747,1.9125,1.7875,506,9,2,213,0.4209486166007905,9.34221017508863,0.17586468718521586,RANGE32,safe_range,final,90402,NTSC,2,3,1000000.0,,False,bars,,,,,
-6.666252588538219,-81.57592876345215,False,618.3531175583366,506,12,14,2.025,2.025,1000000.0,90.0278865794549,20.049501788290844,-153.53669229370553,-74.73142587661474,135.2644510189728,1000000.0,1000000.0,506,506,2,2244,4.434782608695652,-6.63822107168442,-0.15596510605983707,PLL96-rejected-board,safe_range,final,90402,NTSC,2,3,1000000.0,,False,bars,,,,,
5.617968624523994,89.56904549646178,True,48.590769101084696,332,9,0,2.025,2.025,3.299829649904795,10.339177034017172,1.664181653278899,-7.092572554386735,-75.89299620911096,135.91505006072967,1.85,1.8349999999999997,506,14,2,211,0.41699604743083,9.793772857506614,0.15712302136738507,PLL96-IQ-corrected,safe_range,final,90402,NTSC,2,3,1000000.0,,False,bars,,,,,
8.211338454292305,94.12698425384028,True,11.702697739390125,299,5,0,2.025,2.025,3.3504519667714256,4.025621492940842,1.4528549795515862,-4.673693476369146,-76.36993424861936,138.84375736836247,1.7924999999999998,1.5574999999999999,506,12,2,208,0.41106719367588934,18.7488546432179,0.37278508523154,floating-PLL-IQ40,safe_range,final,90402,NTSC,2,3,1000000.0,,False,bars,,,,,
2.126442373261996,38.13815737182298,True,169.64057236269707,506,12,0,2.025,2.025,1000000.0,50.694643073203935,27.09788811209943,-34.4753026726147,-78.22502304263566,133.12093238638485,1000000.0,1000000.0,506,506,2,0,0.0,3.62010478286766,0.12226228632159943,HC50,safe_range,final,90402,NTSC,2,3,1000000.0,,False,bars,,,,,
2.7841830312182974,81.34823654858369,True,102.90531569963302,233,3,0,2.025,2.025,3.225710516046555,9.278142102913675,0.4726964989313196,-21.732436732591147,-83.09899892103869,127.20930313584438,1.85,1.98,506,6,2,285,0.5632411067193676,7.076431102463584,0.12794091610486127,PLL96-board-fixed,safe_range,final,90402,NTSC,2,3,1000000.0,,False,bars,,,,,
3.2875971364095964,77.16296085655853,True,92.49865278609856,320,6,0,2.025,2.025,3.253811867128563,19.7685225479577,2.776543495928602,-22.930179767044276,-74.56883552278431,129.50042278446747,1.9125,1.7875,506,9,2,213,0.4209486166007905,9.34221017508863,0.17586468718521586,RNG-49c57570d609,safe_range,final,90402,NTSC,2,3,1000000.0,,False,bars,,,,,
5.1212806584593995,80.7710348853704,True,64.92743108135366,502,12,0,2.025,2.025,3.33201796963942,16.743191351160604,5.057900546518178,-13.85445722142299,-85.84588003639888,144.16059775801003,1.9425000000000001,1000000.0,506,289,2,4,0.007905138339920948,12.430573383743033,0.26272593992983007,OVP56,safe_range,final,90402,NTSC,4,3,1000000.0,,False,bars,,,,,
4.857238819251465,84.94565429790059,True,62.00495533873022,490,9,0,2.025,2.025,3.542018977574796,10.953465601341364,2.920588207722565,-12.925268269174436,-90.85456751508625,151.7180335607912,1.75625,1.285,506,53,2,18,0.03557312252964427,13.425972370708969,0.25963375984080833,VLP56,safe_range,final,90402,NTSC,4,3,1000000.0,,False,bars,,,,,
5.910580318282735,88.70472000096773,True,39.6171203039435,66,0,0,2.025,1.98625,2.870374490534134,8.823630209797495,1.723119055017399,-11.814739592476371,-68.7707464531644,131.75546713310825,1.676249999999999,1.98625,506,3,2,362,0.7154150197628458,14.02545809429756,0.2593270653169245,RANGE32,safe_range,final,90402,NTSC,4,3,1000000.0,,False,bars,,,,,
-6.685535609973996,-83.60589495072314,False,610.6777614874445,506,12,35,2.025,2.025,1000000.0,88.42156953584525,21.12571260666137,-156.42463727053564,-74.34494433651308,134.14526992654268,1000000.0,1000000.0,506,506,2,1690,3.3399209486166006,-6.702601817956568,-0.2316273638031969,PLL96-rejected-board,safe_range,final,90402,NTSC,4,3,1000000.0,,False,bars,,,,,
7.8836729575423465,92.52981533854786,True,18.486935788323343,348,6,0,2.025,2.025,3.4077849723422284,10.744670592351131,0.2932321679183883,-4.206195302288886,-74.28281218124995,135.74627640143905,1.8825000000000003,1.96875,506,17,2,163,0.3221343873517787,13.049080709804503,0.22964713528400515,PLL96-IQ-corrected,safe_range,final,90402,NTSC,4,3,1000000.0,,False,bars,,,,,
10.203220777104637,95.81998410351486,True,2.318863704100648,125,4,0,2.025,2.025,3.138451103344449,2.632329363052589,1.2669191161398108,-2.6174751814815433,-74.03162803233928,137.25422482716016,1.7,1.3037499999999997,506,5,2,379,0.7490118577075099,23.389831763945136,0.47684716673539895,floating-PLL-IQ40,safe_range,final,90402,NTSC,4,3,1000000.0,,False,bars,,,,,
3.2587534821662207,42.709854820831346,True,127.18150809683083,506,12,0,2.025,2.025,1000000.0,49.38049702216047,27.041507277454343,-28.892672207129028,-73.70294892962131,128.1242850576205,1000000.0,1000000.0,506,506,2,0,0.0,4.22828030384083,0.1924256098993171,HC50,safe_range,final,90402,NTSC,4,3,1000000.0,,False,bars,,,,,
5.877384928537758,90.95837268247534,True,40.67532295501961,76,3,0,2.025,2.025,2.8661894827737386,2.999064345007808,-1.5951418013226324,-14.512016236250503,-82.0889790217643,128.36548160881978,1.65,1.9099999999999997,506,3,2,398,0.7865612648221344,11.093554061681942,0.21142816619875623,PLL96-board-fixed,safe_range,final,90402,NTSC,4,3,1000000.0,,False,bars,,,,,
5.910580318282735,88.70472000096773,True,39.6171203039435,66,0,0,2.025,1.98625,2.870374490534134,8.823630209797495,1.723119055017399,-11.814739592476371,-68.7707464531644,131.75546713310825,1.676249999999999,1.98625,506,3,2,362,0.7154150197628458,14.02545809429756,0.2593270653169245,RNG-49c57570d609,safe_range,final,90402,NTSC,4,3,1000000.0,,False,bars,,,,,
7.493374578771053,87.8452628975005,True,22.38708240132223,455,10,0,2.025,2.025,3.474770764056976,10.87624776356328,2.7143922679338934,-9.326835925716388,-78.12272173677634,139.99582938066854,1.9,0.79,506,31,2,35,0.0691699604743083,16.490740757442218,0.3539877460821843,OVP56,safe_range,final,90402,NTSC,6,3,1000000.0,,False,bars,,,,,
7.4967448024960905,91.1948882086775,True,20.266913931847533,402,9,0,2.025,2.025,3.397867685430424,6.879847967940732,1.482096902158399,-7.817065918944836,-83.48803295561478,142.89171492067757,1.7712499999999998,0.795,506,33,2,103,0.20355731225296442,18.3256608205971,0.35764155943461884,VLP56,safe_range,final,90402,NTSC,6,3,1000000.0,,False,bars,,,,,
8.596891712613443,93.76463376378973,True,12.814337366445193,1,0,2,1.09375,1.2212499999999997,2.0479451183859374,3.5899689979852925,1.751736404645456,-5.5265319745799415,-66.11924242898725,125.92994029513466,1.075,1.22125,506,1,2,248,0.4901185770750988,19.20414267745371,0.3567395842193229,RANGE32,safe_range,final,90402,NTSC,6,3,1000000.0,,False,bars,,,,,
-6.652682584099841,-83.67447372022862,False,606.4735509547909,506,12,48,2.025,2.025,1000000.0,86.8173548850547,22.124321038446457,-157.17639449376082,-72.77070589944216,133.61290031730903,1000000.0,1000000.0,506,506,2,1375,2.717391304347826,-6.689672972998924,-0.2896523633273756,PLL96-rejected-board,safe_range,final,90402,NTSC,6,3,1000000.0,,False,bars,,,,,
9.120713949512485,93.61161145781024,True,8.395626296411143,403,9,0,2.025,2.025,3.5137749042404387,12.381548528470226,-0.5498601264340761,-3.036104490585511,-72.84271977389206,131.99729735183408,1.9149999999999991,1.5699999999999998,506,23,2,99,0.1956521739130435,14.274726525928745,0.2888673319847543,PLL96-IQ-corrected,safe_range,final,90402,NTSC,6,3,1000000.0,,False,bars,,,,,
12.086432648543662,95.90562067585292,True,0.3048165531193647,28,0,0,2.025,1.5424999999999995,2.6519662418097907,2.3402731945581703,1.4010621802924745,-2.0974934572990893,-69.45137838157758,131.75165970999137,1.45,1.5424999999999995,506,1,2,380,0.7509881422924901,25.556208618935997,0.5713289469782141,floating-PLL-IQ40,safe_range,final,90402,NTSC,6,3,1000000.0,,False,bars,,,,,
3.898283040503639,44.301288467233334,True,105.20762146751483,506,12,0,2.025,2.025,1000000.0,49.052865900742745,27.028840340422413,-26.537092076405997,-73.34077617840502,116.77725843339164,1000000.0,1000000.0,506,506,2,0,0.0,4.465584638189545,0.27589363470782,HC50,safe_range,final,90402,NTSC,6,3,1000000.0,,False,bars,,,,,
8.776735692501239,95.60877867610905,True,13.112380218384127,13,0,0,1.725,1.1649999999999998,2.382479149237559,0.6229998267902325,-2.408768098989393,-10.035000411618848,-80.95498596032118,120.07531056855044,1.425,1.1649999999999998,506,1,2,343,0.6778656126482213,14.907635605655486,0.31049485305361035,PLL96-board-fixed,safe_range,final,90402,NTSC,6,3,1000000.0,,False,bars,,,,,
8.596891712613443,93.76463376378973,True,12.814337366445193,1,0,2,1.09375,1.2212499999999997,2.0479451183859374,3.5899689979852925,1.751736404645456,-5.5265319745799415,-66.11924242898725,125.92994029513466,1.075,1.22125,506,1,2,248,0.4901185770750988,19.20414267745371,0.3567395842193229,RNG-49c57570d609,safe_range,final,90402,NTSC,6,3,1000000.0,,False,bars,,,,,
9.533164675159224,91.5050059025195,True,5.637977282511508,343,7,0,2.025,2.025,3.372722476255716,7.343921590507126,2.010611400439365,-6.654496974222742,-75.42990308246415,130.81939534572473,1.775,1.1400000000000001,506,15,2,175,0.3458498023715415,19.90582232032196,0.441666757768228,OVP56,safe_range,final,90402,NTSC,8,3,1000000.0,,False,bars,,,,,
9.647693908468675,93.90916023301713,True,4.778469866061349,224,4,0,2.025,2.025,3.23073291917414,4.688687631112127,1.2521600338328498,-5.254482237118509,-75.4994610051773,134.89105274130785,1.8,1.505,506,5,2,311,0.6146245059288538,22.2278599816499,0.44801745686022026,VLP56,safe_range,final,90402,NTSC,8,3,1000000.0,,False,bars,,,,,
10.701795477089494,95.0825408384933,True,3.9769152263770935,0,0,2,0.225,0.5249999999999992,1.0241965182059243,1.9648335875393326,2.1204642181973514,-3.2845183150918285,-62.96332191323738,123.04993424932846,0.225,0.5249999999999992,506,0,2,68,0.13438735177865613,22.83273110023505,0.44910078314581464,RANGE32,safe_range,final,90402,NTSC,8,3,1000000.0,,False,bars,,,,,
-6.599675100073029,-82.86275415537368,False,604.314998178627,506,12,52,2.025,2.025,1000000.0,85.37014542341659,22.837412312043007,-156.61014020982537,-71.29460691783314,125.96474768841065,1000000.0,1000000.0,506,506,2,1238,2.4466403162055337,-6.643419131235818,-0.3176790885995211,PLL96-rejected-board,safe_range,final,90402,NTSC,8,3,1000000.0,,False,bars,,,,,
9.407898985454867,93.95039300669242,True,6.5245795036833885,438,11,0,2.025,2.025,3.5724255436196124,14.095302740374564,-0.8620348188560923,-2.737944523837307,-70.81371631162362,130.65575493654495,1.7325,1.6,506,27,2,66,0.13043478260869565,13.87655681359115,0.3146224650497657,PLL96-IQ-corrected,safe_range,final,90402,NTSC,8,3,1000000.0,,False,bars,,,,,
13.878716933063409,95.65047497633704,True,0.03687903976012066,5,0,1,0.925,0.9724999999999999,1.9753653746265407,2.4383284532979346,1.7412650922734636,-1.8868570850020305,-66.08588245420871,125.94954147185962,0.9,0.9724999999999999,506,1,2,252,0.4980237154150198,26.282866517114112,0.6579281837030784,floating-PLL-IQ40,safe_range,final,90402,NTSC,8,3,1000000.0,,False,bars,,,,,
4.120768708994671,44.46702029246945,True,97.43517567970328,506,12,0,2.025,2.025,1000000.0,49.20542324120948,27.1175563378864,-25.92149496427491,-51.5176300276179,109.02730653430203,1000000.0,1000000.0,506,506,2,0,0.0,4.487794400083422,0.35588772620512144,HC50,safe_range,final,90402,NTSC,8,3,1000000.0,,False,bars,,,,,
10.486359926316524,97.50818383535322,True,5.509276960083332,2,0,0,1.0187499999999998,1.3199999999999992,2.1289604783212788,0.5792690086220222,-2.305411861520889,-7.521459144306325,-80.87612771932191,115.38187687266253,1.0,1.3199999999999992,506,1,2,310,0.6126482213438735,17.110975050213167,0.380882597454993,PLL96-board-fixed,safe_range,final,90402,NTSC,8,3,1000000.0,,False,bars,,,,,
10.701795477089494,95.0825408384933,True,3.9769152263770935,0,0,2,0.225,0.5249999999999992,1.0241965182059243,1.9648335875393326,2.1204642181973514,-3.2845183150918285,-62.96332191323738,123.04993424932846,0.225,0.5249999999999992,506,0,2,68,0.13438735177865613,22.83273110023505,0.44910078314581464,RNG-49c57570d609,safe_range,final,90402,NTSC,8,3,1000000.0,,False,bars,,,,,
11.159608912866359,93.69670099193381,True,1.4510773195410742,142,4,0,2.025,2.025,3.1313937339518594,4.921923154448417,1.6974541187910108,-4.8627069468260276,-70.70138708877163,130.34330592664148,1.875,1.6287499999999995,506,4,2,372,0.7351778656126482,22.553132928199688,0.5170992213689798,OVP56,safe_range,final,90402,NTSC,10,3,1000000.0,,False,bars,,,,,
11.297178134766167,95.29202120130826,True,1.2839926904237928,58,0,0,2.025,1.7599999999999998,2.9034673698626516,3.224905272873732,1.229027938827564,-3.8069867367083394,-72.3946087942445,132.11290294028666,1.625,1.7599999999999998,506,3,2,407,0.8043478260869565,24.62167824842102,0.5238989083299318,VLP56,safe_range,final,90402,NTSC,10,3,1000000.0,,False,bars,,,,,
12.169574408197786,95.4178648953841,True,1.9177100675262746,0,0,2,0.1,0.075,0.3332433590690689,1.5912972276647719,2.2438136284690278,-2.58047612700057,-55.031215841119916,115.1170478214251,0.1,0.075,506,0,2,8,0.015810276679841896,24.049122985257462,0.5233736078092285,RANGE32,safe_range,final,90402,NTSC,10,3,1000000.0,,True,bars,,,,,
-6.576561858282101,-82.28866378973068,False,603.6173069570427,506,12,51,2.025,2.025,1000000.0,84.27531522512355,23.042742308352324,-156.25725520281952,-69.47215327652543,83.50223798222967,1000000.0,1000000.0,506,506,2,1201,2.3735177865612647,-6.62272855381204,-0.3308076573909866,PLL96-rejected-board,safe_range,final,90402,NTSC,10,3,1000000.0,,False,bars,,,,,
9.388459721974202,94.50738302782261,True,6.2987894643357105,441,10,0,2.025,2.025,3.597790454410339,15.074364950373536,-1.091402370467032,-2.5201181879930554,-54.67998203484526,122.91817294502096,1.9,1.905,506,29,2,58,0.11462450592885376,13.307538717204874,0.32936009437947306,PLL96-IQ-corrected,safe_range,final,90402,NTSC,10,3,1000000.0,,False,bars,,,,,
15.528663858496909,95.67812574566175,True,0.008278968109414843,0,0,2,0.1,0.4549999999999993,1.1651105988316652,2.3000463825124013,1.8413583107717235,-1.7251509071114053,-63.25209774387807,124.96403572486537,0.1,0.45499999999999935,506,0,2,87,0.17193675889328064,26.79631632681051,0.7326592658415962,floating-PLL-IQ40,safe_range,final,90402,NTSC,10,3,1000000.0,,False,bars,,,,,
4.20586727085561,44.408331505539955,True,95.2931808397583,506,12,0,2.025,2.025,1000000.0,49.227249759254676,27.121446723069166,-25.856238959241296,-13.114137852931968,96.97612427360872,1000000.0,1000000.0,506,506,2,0,0.0,4.484190708312854,0.4156328519701505,HC50,safe_range,final,90402,NTSC,10,3,1000000.0,,False,bars,,,,,
11.181997795086914,98.26069530119452,True,4.364521460590606,4,0,0,1.375,0.6599999999999998,2.1316012419262833,1.5419521131826261,-2.200746139066518,-5.854240904653937,-73.34101321667949,111.98857961389427,1.2724999999999995,0.6599999999999998,506,1,2,316,0.6245059288537549,17.65225774294646,0.4177313133696625,PLL96-board-fixed,safe_range,final,90402,NTSC,10,3,1000000.0,,False,bars,,,,,
12.169574408197786,95.4178648953841,True,1.9177100675262746,0,0,2,0.1,0.075,0.3332433590690689,1.5912972276647719,2.2438136284690278,-2.58047612700057,-55.031215841119916,115.1170478214251,0.1,0.075,506,0,2,8,0.015810276679841896,24.049122985257462,0.5233736078092285,RNG-49c57570d609,safe_range,final,90402,NTSC,10,3,1000000.0,,True,bars,,,,,
12.487939020471027,95.32230522367513,True,0.7488702971697971,23,0,0,1.94375,1.0362499999999992,2.6065465936613403,3.0234110330149266,1.418229221723054,-3.4833350414586133,-70.44343760750714,126.43660590994332,1.45,1.0362499999999994,506,2,2,366,0.7233201581027668,24.77567066762113,0.5800229272436791,OVP56,safe_range,final,90402,NTSC,12,3,1000000.0,,False,bars,,,,,
12.631052950567977,96.24813889814558,True,0.7089807235517074,1,0,0,1.125,0.5987499999999998,2.1449699390909798,2.0953342375948107,1.2107369611501047,-2.7842455732298967,-70.32151587495677,127.04711316108362,1.1199999999999988,0.5987499999999998,506,1,2,282,0.5573122529644269,26.224616496141174,0.5869204146002576,VLP56,safe_range,final,90402,NTSC,12,3,1000000.0,,False,bars,,,,,
13.271723353204727,95.6693259171799,True,1.4601089211149814,0,0,2,0.1,0.075,0.14465100429474473,1.356932032623002,2.187003562699664,-2.3893062240690015,-51.663671869015445,111.16839792934127,0.1,0.075,506,0,2,0,0.0,24.454795856946063,0.5832600590461178,RANGE32,safe_range,final,90402,NTSC,12,3,1000000.0,,True,bars,,,,,
-6.57572047235961,-82.0972547366751,False,604.2811296727249,506,12,51,2.025,2.025,1000000.0,83.65707828438063,23.067987163029155,-156.21685160000047,-69.38914333110239,81.91222940244523,1000000.0,1000000.0,506,506,2,1186,2.343873517786561,-6.623042870176413,-0.3380505554527246,PLL96-rejected-board,safe_range,final,90402,NTSC,12,3,1000000.0,,False,bars,,,,,
9.28321519484342,95.25197458783084,True,6.386847579681305,456,12,0,2.025,2.025,3.612452421832016,15.639677538901152,-1.2472642317346483,-2.2171356465974057,-54.95156965311355,122.88814996875305,1.9,1000000.0,506,44,2,60,0.11857707509881422,12.800927317180337,0.33857075855200075,PLL96-IQ-corrected,safe_range,final,90402,NTSC,12,3,1000000.0,,False,bars,,,,,
17.046974024893913,95.97227471698443,True,0.0,0,0,2,0.05,0.036249999999999984,0.3457981116086305,1.992529760756121,1.7934232380060489,-1.4862199890154344,-60.939269501176994,122.79184609031816,0.05,0.036249999999999984,506,0,2,4,0.007905138339920948,27.55804224462095,0.7946350617046545,floating-PLL-IQ40,safe_range,final,90402,NTSC,12,3,1000000.0,,True,bars,,,,,
4.262937180892257,44.46305257553651,True,94.91084303979625,506,12,0,2.025,2.025,1000000.0,49.13323542069441,27.09178412906682,-25.788268194251188,-7.280127236469816,91.7692533960076,1000000.0,1000000.0,506,506,2,0,0.0,4.493402944536374,0.46466245282073154,HC50,safe_range,final,90402,NTSC,12,3,1000000.0,,False,bars,,,,,
11.550513590712452,98.56639083425722,True,4.1138945169146846,9,0,0,0.975,0.525,1.9803260838534502,2.6037615649738153,-2.050438772653491,-4.631177551709713,-61.94713586678516,111.91132071696435,0.875,0.525,506,1,2,266,0.525691699604743,17.769524244039587,0.4408115284523507,PLL96-board-fixed,safe_range,final,90402,NTSC,12,3,1000000.0,,False,bars,,,,,
13.271723353204727,95.6693259171799,True,1.4601089211149814,0,0,2,0.1,0.075,0.14465100429474473,1.356932032623002,2.187003562699664,-2.3893062240690015,-51.663671869015445,111.16839792934127,0.1,0.075,506,0,2,0,0.0,24.454795856946063,0.5832600590461178,RNG-49c57570d609,safe_range,final,90402,NTSC,12,3,1000000.0,,True,bars,,,,,
13.55449725510233,96.30340170340709,True,0.5908172696264229,1,0,1,0.975,0.5162499999999997,1.8194650231035028,1.7778681228851727,1.262584664677994,-2.6193804946431642,-65.58230596590639,124.5990576234123,0.975,0.5162499999999997,506,1,2,223,0.4407114624505929,26.272614742988083,0.6308007314622576,OVP56,safe_range,final,90402,NTSC,14,3,1000000.0,,False,bars,,,,,
13.709636532820701,96.76434120560548,True,0.5840435684459926,0,0,2,0.69375,0.3649999999999995,1.3257036315018056,1.400671527790087,1.2308902555500179,-2.1802924330259352,-65.77798001848294,126.14476679968223,0.69375,0.3649999999999995,506,0,2,111,0.21936758893280633,27.126031712182133,0.6379868608960187,VLP56,safe_range,final,90402,NTSC,14,3,1000000.0,,False,bars,,,,,
14.150256984939535,95.72760571685357,True,1.2779716227078548,0,0,2,0.075,0.075,0.0430007123757518,1.3274616532514982,2.1182239541738075,-2.4597666731976737,-50.894401441254985,109.94374537304512,0.075,0.075,506,0,2,0,0.0,24.710188354092033,0.63147620479033,RANGE32,safe_range,final,90402,NTSC,14,3,1000000.0,,True,bars,,,,,
-6.576900996938544,-82.0050564091012,False,604.759804556142,506,12,51,2.025,2.025,1000000.0,83.36123501462193,22.95833679098077,-156.17170134759422,-67.75937417983916,78.0401820375518,1000000.0,1000000.0,506,506,2,1195,2.3616600790513833,-6.624874136220065,-0.34379968718965587,PLL96-rejected-board,safe_range,final,90402,NTSC,14,3,1000000.0,,False,bars,,,,,
9.190401661826273,95.87050922699466,True,6.383837045823335,467,12,0,2.025,2.025,3.638533534550875,15.865048940078559,-1.2468378253618393,-2.0153996013265956,-55.09802193888302,122.93654830352816,1.905,1000000.0,506,49,2,60,0.11857707509881422,12.452404330742517,0.34505882218785683,PLL96-IQ-corrected,safe_range,final,90402,NTSC,14,3,1000000.0,,False,bars,,,,,
18.350467501340837,96.13033296355144,True,0.0,0,0,2,0.025,0.036249999999999984,0.02524582695528365,1.825640298291124,1.7556746004057602,-1.367457244735012,-57.63278590600024,119.0055611692278,0.025,0.036249999999999984,506,0,2,1,0.001976284584980237,28.038979876717644,0.8412395080995894,floating-PLL-IQ40,safe_range,final,90402,NTSC,14,3,1000000.0,,True,bars,,,,,
4.296966537030417,44.48011672579501,True,94.89052193625496,506,12,0,2.025,2.025,1000000.0,49.059638593492934,27.07063403749703,-25.76315888866117,-4.883159594588399,88.72769512096662,1000000.0,1000000.0,506,506,2,0,0.0,4.498047067707822,0.5044093210504456,HC50,safe_range,final,90402,NTSC,14,3,1000000.0,,False,bars,,,,,
11.793576594734763,98.42723368717212,True,3.966378357874202,5,0,1,0.975,0.5475,2.158006259945525,3.672173601061465,-1.7764456433296318,-3.845393131010549,-60.275546542265374,111.67550943549446,0.925,0.5475,506,1,2,279,0.5513833992094862,17.806516751372556,0.45858497981384116,PLL96-board-fixed,safe_range,final,90402,NTSC,14,3,1000000.0,,False,bars,,,,,
14.150256984939535,95.72760571685357,True,1.2779716227078548,0,0,2,0.075,0.075,0.0430007123757518,1.3274616532514982,2.1182239541738075,-2.4597666731976737,-50.894401441254985,109.94374537304512,0.075,0.075,506,0,2,0,0.0,24.710188354092033,0.63147620479033,RNG-49c57570d609,safe_range,final,90402,NTSC,14,3,1000000.0,,True,bars,,,,,
14.968309910354037,97.17044405685928,True,0.4643748475917235,0,0,2,0.05,0.05,0.523895412426999,0.6566321004732681,1.1396863844777925,-1.7567104358687675,-62.2711804241884,124.0521803223213,0.05,0.05,506,0,2,20,0.039525691699604744,27.58573396892831,0.6963493587383528,OVP56,safe_range,final,90402,NTSC,18,3,1000000.0,,False,bars,,,,,
15.150508145766672,97.25122262640144,True,0.44781691137289376,0,0,2,0.05,0.05,0.3802092075449729,0.7260090458845436,1.250820825862258,-1.5567239655670595,-61.084242616574585,123.68921103232108,0.05,0.05,506,0,2,8,0.015810276679841896,27.931431915594274,0.7040828911274859,VLP56,safe_range,final,90402,NTSC,18,3,1000000.0,,True,bars,,,,,
15.284324768384916,95.62722259720174,True,1.132713364060849,0,0,2,0.075,0.05,0.04080465369104179,1.3794019040631154,2.0159611806072752,-2.880970838687377,-50.850789008802735,107.58617237237019,0.075,0.05,506,0,2,0,0.0,24.947476956325385,0.6928455197604062,RANGE32,safe_range,final,90402,NTSC,18,3,1000000.0,,True,bars,,,,,
-6.579155605091419,-82.01596018845042,False,605.9429443623237,506,12,51,2.025,2.025,1000000.0,83.57620737609773,22.786887779013817,-156.11966136447325,-69.2787659716752,78.25685339494373,1000000.0,1000000.0,506,506,2,1214,2.399209486166008,-6.627750173959828,-0.34730789246452737,PLL96-rejected-board,safe_range,final,90402,NTSC,18,3,1000000.0,,False,bars,,,,,
9.055946676117907,96.83401922480336,True,6.561458543443509,483,11,0,2.025,2.025,3.672973413414828,15.620044804282724,-1.130244627091026,-1.8322725469146846,-55.109002043630646,117.27056247920842,1.845,0.1,506,48,2,20,0.039525691699604744,12.06057347468332,0.3509492110737652,PLL96-IQ-corrected,safe_range,final,90402,NTSC,18,3,1000000.0,,False,bars,,,,,
20.243377661139768,96.2719982541043,True,0.0,0,0,2,0.025,0.025,0.021349019471888334,1.689803907075205,1.7170642454901281,-1.2644512942249233,-54.04428204117219,115.59302685453386,0.025,0.025,506,0,2,0,0.0,28.53335437414036,0.8973817721130886,floating-PLL-IQ40,safe_range,final,90402,NTSC,18,3,1000000.0,,True,bars,,,,,
4.3288899717926785,44.47063903630776,True,94.82955862563108,506,12,0,2.025,2.025,1000000.0,48.98294164750015,27.058999391797695,-25.755485827585495,-2.3198528386378854,87.93168565149759,1000000.0,1000000.0,506,506,2,0,0.0,4.500107416925111,0.5562019038469929,HC50,safe_range,final,90402,NTSC,18,3,1000000.0,,False,bars,,,,,
11.986831777445548,97.76541946952257,True,3.8512254378068866,16,0,0,1.775,1.2149999999999999,2.4732636663456056,5.011403105581077,-1.220221162264387,-3.0505109062349813,-60.46911248581843,111.45748657226184,1.575,1.2149999999999999,506,1,2,353,0.6976284584980237,17.657582044017566,0.4772686831838575,PLL96-board-fixed,safe_range,final,90402,NTSC,18,3,1000000.0,,False,bars,,,,,
15.284324768384916,95.62722259720174,True,1.132713364060849,0,0,2,0.075,0.05,0.04080465369104179,1.3794019040631154,2.0159611806072752,-2.880970838687377,-50.850789008802735,107.58617237237019,0.075,0.05,506,0,2,0,0.0,24.947476956325385,0.6928455197604062,RNG-49c57570d609,safe_range,final,90402,NTSC,18,3,1000000.0,,True,bars,,,,,
15.65469085655294,97.45722719896924,True,0.3921220350004666,0,0,2,0.05,0.05,0.02266790665445007,0.30446073875618834,1.081410706917381,-1.487476297312657,-59.945472113155546,124.0881163322012,0.05,0.05,506,0,2,0,0.0,27.944050166044203,0.7272396165110709,OVP56,safe_range,final,90402,NTSC,22,3,1000000.0,,True,bars,0.881537689525312,-48.71219189263119,10.762122111892511,22.13580551999736,11.69180531270073
15.859394150545114,97.44469856353902,True,0.3906167680714821,0,0,2,0.05,0.05,0.021579204233149293,0.4547542624936978,1.2324389393820427,-1.3708048706714504,-59.5427026993002,123.4310008641265,0.05,0.05,506,0,2,0,0.0,28.212821656003694,0.7354490883737719,VLP56,safe_range,final,90402,NTSC,22,3,1000000.0,,True,bars,0.8719138827806929,-48.726129982541636,9.98079721773169,21.79544865032434,11.499361539319814
15.829801026441794,95.6092307414517,True,1.0265920455674404,0,0,2,0.05,0.05,0.039230493503821226,1.3572246984723146,1.9519807498140171,-3.0800978697463366,-51.00914728772091,107.34553821872535,0.05,0.05,506,0,2,0,0.0,25.074862976274947,0.7217161089633721,RANGE32,safe_range,final,90402,NTSC,22,3,1000000.0,,True,bars,0.8439920270316301,-49.85242525397648,10.200015275356225,20.023310501206424,11.610660253449723
-6.587718463211745,-82.26665084212911,False,606.9033046630159,506,12,51,2.025,2.025,1000000.0,84.18662656589004,22.59992029229936,-156.1504492333184,-67.18938603594502,70.01382651138542,1000000.0,1000000.0,506,506,2,1244,2.458498023715415,-6.635703608699743,-0.35126721638310554,PLL96-rejected-board,safe_range,final,90402,NTSC,22,3,1000000.0,contrast;waveform;detail_floor;sync;h_jitter_us;v_jitter_us;h_width_rmse_us;sync_error_ire;black_error_ire;white_error_ire;contrast;stress_waveform;reference_detail;burst_gain;burst_phase_jitter_deg;burst_amplitude_jitter_pct;burst_rmse_ire;h_missing;v_missing;vertical_trains;sync_error_ire;black_error_ire;white_error_ire,False,bars,0.44028874492483405,82.52605892141905,39.33566373290128,34.66052370187982,29.356317566200538
9.008566501674913,97.64351763378777,True,6.585542814307261,498,11,0,2.025,2.025,3.6750637749568376,14.795325734115705,-1.0629534968471746,-1.716727165994677,-48.726972384560554,111.34724354204687,1.5825,0.1,506,158,2,9,0.017786561264822136,11.922965011759121,0.3563931278437626,PLL96-IQ-corrected,safe_range,final,90402,NTSC,22,3,1000000.0,waveform;detail_floor;sync;h_jitter_us;v_jitter_us;h_width_rmse_us;sync_error_ire;stress_waveform;reference_detail;burst_gain;burst_phase_jitter_deg;burst_amplitude_jitter_pct;burst_rmse_ire;h_missing;v_missing;vertical_trains;sync_error_ire,False,bars,0.4990153168152601,-95.737214225005,39.12319602006143,32.60639828524627,18.003737374803105
21.268762877651305,96.32581063935018,True,0.0,0,0,2,0.025,0.025,0.01975642188083654,1.6623709989308206,1.7019525816433088,-1.2109974650640956,-49.25286469165705,114.36570678959308,0.025,0.025,506,0,2,0,0.0,28.73997229927841,0.9220771772699038,floating-PLL-IQ40,safe_range,final,90402,NTSC,22,3,1000000.0,,True,bars,0.592167214291364,4.623634465473383,8.45370262723176,17.974812184393908,6.287611684540917
4.34078738426725,44.46942286749032,True,94.75504791264636,506,12,0,2.025,2.025,1000000.0,48.946062574683104,27.070602499564842,-25.71261351857403,1.210676756425947,84.61512080690224,1000000.0,1000000.0,506,506,2,0,0.0,4.500534772702763,0.580633547430914,HC50,safe_range,final,90402,NTSC,22,3,1000000.0,contrast;waveform;detail_floor;sync;h_jitter_us;v_jitter_us;h_width_rmse_us;sync_error_ire;black_error_ire;white_error_ire;contrast;stress_waveform;reference_detail;burst_gain;burst_rmse_ire;h_missing;v_missing;vertical_trains;sync_error_ire;black_error_ire;white_error_ire,False,bars,0.4361878522667919,80.18959665605466,9.182201863038031,18.714202791427564,30.812738092131216
11.97350082645286,97.09785889262962,True,3.736825151204063,0,0,2,0.425,0.3287499999999999,0.12200968664972316,5.61612232752868,-0.7978902653711635,-2.8469039842180996,-58.14937875681915,111.3696498354154,0.425,0.3287499999999999,506,0,2,0,0.0,17.298924155794396,0.48364001739687534,PLL96-board-fixed,safe_range,final,90402,NTSC,22,3,1000000.0,waveform;detail_floor;h_jitter_us;sync_error_ire;stress_waveform;reference_detail;burst_phase_jitter_deg;burst_rmse_ire,True,bars,0.5950968754306049,-87.98393723937322,35.48711727323757,19.851096812014806,16.486085184612865
15.829801026441794,95.6092307414517,True,1.0265920455674404,0,0,2,0.05,0.05,0.039230493503821226,1.3572246984723146,1.9519807498140171,-3.0800978697463366,-51.00914728772091,107.34553821872535,0.05,0.05,506,0,2,0,0.0,25.074862976274947,0.7217161089633721,RNG-49c57570d609,safe_range,final,90402,NTSC,22,3,1000000.0,,True,bars,0.8439920270316301,-49.85242525397648,10.200015275356225,20.023310501206424,11.610660253449723
16.097879081331556,97.54952485580753,True,0.32589029012514786,0,0,2,0.05,0.05,0.020732628806622706,0.1491793903421142,1.0916087907677454,-1.4069488331772997,-56.701932843085785,124.1194689801591,0.05,0.05,506,0,2,0,0.0,28.08364490515517,0.7465592992553217,OVP56,safe_range,final,90402,NTSC,30,3,1000000.0,,True,bars,0.8792523751525576,-48.43642037101556,9.984832046866796,21.89292506337555,11.501879512096544
16.32486021698699,97.52402984227722,True,0.3477166605954234,0,0,2,0.05,0.05,0.018329440238224415,0.29871619860646814,1.2488854271363925,-1.3142237146440279,-56.470531251556835,123.46120538714845,0.05,0.05,506,0,2,0,0.0,28.349871669831877,0.7553977744250935,VLP56,safe_range,final,90402,NTSC,30,3,1000000.0,,True,bars,0.8645112562316362,-48.39196521285664,9.20481247480181,22.47814445079794,11.279055824331662
16.17985229564249,95.67321908834435,True,0.9362760298283694,0,0,2,0.05,0.061249999999999985,0.0385155633036931,1.250201896452282,1.8773615154786416,-3.1648942855693236,-44.267340680453614,103.81036687088559,0.05,0.061249999999999985,506,0,2,0,0.0,25.210853461462108,0.7395728145324729,RANGE32,safe_range,final,90402,NTSC,30,3,1000000.0,,True,bars,0.8459297818404156,-49.255780174944704,8.512683213437283,20.738751330837168,11.377888964466605
-6.597807524223104,-82.62981949255047,False,607.6484117928633,506,12,51,2.025,2.025,1000000.0,85.0335911887659,22.518109251613307,-156.2159576089048,-67.83978845328234,61.16024962430085,1000000.0,1000000.0,506,506,2,1250,2.4703557312252964,-6.645683022243594,-0.3517122372903141,PLL96-rejected-board,safe_range,final,90402,NTSC,30,3,1000000.0,contrast;waveform;detail_floor;sync;h_jitter_us;v_jitter_us;h_width_rmse_us;sync_error_ire;black_error_ire;white_error_ire;contrast;stress_waveform;reference_detail;burst_gain;burst_phase_jitter_deg;burst_amplitude_jitter_pct;burst_rmse_ire;h_missing;v_missing;vertical_trains;sync_error_ire;black_error_ire;white_error_ire,False,bars,0.44256629127605096,83.21935694128814,39.26673430089508,35.97935322470431,29.382478999007734
8.98786695875859,98.32496190959026,True,6.632206089105781,506,12,0,2.025,2.025,1000000.0,13.874229197410246,-1.053429812106173,-1.70606191120833,-41.75150545960895,106.97466784109145,1000000.0,1000000.0,506,506,2,0,0.0,11.879401874215631,0.35713222225078506,PLL96-IQ-corrected,safe_range,final,90402,NTSC,30,3,1000000.0,waveform;detail_floor;sync;h_jitter_us;v_jitter_us;h_width_rmse_us;sync_error_ire;stress_waveform;reference_detail;burst_gain;burst_phase_jitter_deg;burst_amplitude_jitter_pct;burst_rmse_ire;h_missing;v_missing;vertical_trains;sync_error_ire,False,bars,0.5047987096546006,-94.6869492987171,39.43279931473304,33.1374984151978,17.91269765059359
21.984843947656472,96.34808916414643,True,0.0,0,0,2,0.025,0.025,0.0196938023195718,1.6613809290085675,1.7061601586108106,-1.1680589909444878,-45.58699580194869,111.40260624030799,0.025,0.025,506,0,2,0,0.0,28.852335525570595,0.9371789066022107,floating-PLL-IQ40,safe_range,final,90402,NTSC,30,3,1000000.0,burst_gain,True,bars,0.5886476373773295,4.7109900711364325,6.8452162437931,17.915232162451147,6.162132218087982
4.348460423411839,44.474956295163906,True,94.79644275319342,506,12,0,2.025,2.025,1000000.0,48.92695511820191,27.07332330515636,-25.67201564448176,1.6260615220037735,84.1806497185988,1000000.0,1000000.0,506,506,2,0,0.0,4.501691894128205,0.596146556710719,HC50,safe_range,final,90402,NTSC,30,3,1000000.0,contrast;waveform;detail_floor;sync;h_jitter_us;v_jitter_us;h_width_rmse_us;sync_error_ire;black_error_ire;white_error_ire;contrast;stress_waveform;reference_detail;burst_gain;burst_rmse_ire;h_missing;v_missing;vertical_trains;sync_error_ire;black_error_ire;white_error_ire,False,bars,0.43517515351336356,80.53440878397247,8.468137847729926,19.86430797443872,30.816963520213967
11.909394701707951,96.69401325323005,True,3.6766144740446824,0,0,2,0.425,0.23249999999999976,0.11555737927600444,5.735451215757121,-0.6236575957803476,-2.7953636444377206,-57.25636779207023,111.29801531392292,0.425,0.23249999999999976,506,0,2,0,0.0,16.9088579962316,0.48845165896607623,PLL96-board-fixed,safe_range,final,90402,NTSC,30,3,1000000.0,waveform;detail_floor;h_jitter_us;sync_error_ire;stress_waveform;reference_detail;burst_phase_jitter_deg;burst_rmse_ire,True,bars,0.6016569703802782,-88.010123298655,35.36127904715923,15.76140015061992,16.480321651483088
16.17985229564249,95.67321908834435,True,0.9362760298283694,0,0,2,0.05,0.061249999999999985,0.0385155633036931,1.250201896452282,1.8773615154786416,-3.1648942855693236,-44.267340680453614,103.81036687088559,0.05,0.061249999999999985,506,0,2,0,0.0,25.210853461462108,0.7395728145324729,RNG-49c57570d609,safe_range,final,90402,NTSC,30,3,1000000.0,,True,bars,0.8459297818404156,-49.255780174944704,8.512683213437283,20.738751330837168,11.377888964466605
