sinad,contrast,polarity_ok,large_errors,h_missing,v_missing,v_trains,h_jitter_us,v_jitter_us,h_width_rmse_us,sync_error_ire,black_error_ire,white_error_ire,raw_min,raw_max,h_jitter_matched_us,v_jitter_matched_us,h_expected,max_h_gap,expected_v_trains,false_sync_pulses,false_sync_per_line,luma_sinad,detail_corr,model,profile,stage,seed,standard,cnr,rms,cfo_hz,quality_failures,usable,image_pattern,burst_gain,burst_phase_deg,burst_phase_jitter_deg,burst_amplitude_jitter_pct,burst_rmse_ire
4.997421625089599,80.74533223087285,True,64.534504391468,605,8,0,2.025,2.025,3.527268773427962,16.750481779824867,5.124825372954605,-13.848113383476237,-85.13975450046064,140.33320646946447,1.22,1000000.0,610,371,2,2,0.003278688524590164,12.401521909960106,0.24795432890611752,OVP56,safe_range,selection,90301,PAL,4,3,1000000.0,,False,bars,,,,,
4.724791697573284,84.91080794462077,True,62.02007528230865,587,8,0,2.025,2.025,3.4924763856535703,10.933633938505805,2.8959891246975737,-12.962597848888317,-89.88119488359607,151.14822586658272,1.7975,1000000.0,610,104,2,15,0.02459016393442623,13.36400380086289,0.24537198154619286,VLP56,safe_range,selection,90301,PAL,4,3,1000000.0,,False,bars,,,,,
5.806147310979069,88.74283129762422,True,38.74843161856963,82,2,0,2.025,2.025,2.85380776332254,8.702230386754115,1.726562566058645,-11.844422980962133,-69.06056675132054,130.66149960788368,1.6,1.35,610,3,2,422,0.6918032786885245,13.977393384153626,0.24936267007998716,RANGE32,safe_range,selection,90301,PAL,4,3,1000000.0,,False,bars,,,,,
-6.751247923910389,-83.92227920099475,False,607.9567126725219,610,8,40,2.025,2.025,1000000.0,88.53290748022847,21.454074879391833,-156.5341487658559,-74.40552353468613,134.38352831350227,1000000.0,1000000.0,610,610,2,1968,3.226229508196721,-6.763920235781386,-0.23748527418385798,PLL96-rejected-board,safe_range,selection,90301,PAL,4,3,1000000.0,,False,bars,,,,,
7.878698745245761,92.78647626054297,True,17.78042659974906,406,7,0,2.025,2.025,3.4358730552744214,10.773645845829988,0.13994309242202269,-4.0314554334540595,-75.05930150610985,135.00574248977898,1.92125,0.75,610,18,2,180,0.29508196721311475,13.092218790763084,0.23495611079300247,PLL96-IQ-corrected,safe_range,selection,90301,PAL,4,3,1000000.0,,False,bars,,,,,
10.05213558063554,95.93688504563325,True,2.2867001254705146,142,3,0,2.025,2.025,3.1055166140548884,2.565602671936842,1.2820766143151108,-2.426096406041103,-74.85773694543616,137.54877610799235,1.8,1.275,610,5,2,374,0.6131147540983607,23.350157640994595,0.46054732877502597,floating-PLL-IQ40,safe_range,selection,90301,PAL,4,3,1000000.0,,False,bars,,,,,
3.218649850724464,42.6476716182948,True,122.27917189460477,610,8,0,2.025,2.025,1000000.0,49.30399726133799,27.114726242289937,-28.9561075816856,-75.39888176588182,122.3895384253186,1000000.0,1000000.0,610,610,2,0,0.0,4.21855298356957,0.17429392106964306,HC50,safe_range,selection,90301,PAL,4,3,1000000.0,,False,bars,,,,,
5.800515592529355,91.16450133425947,True,40.53952321204517,78,2,0,2.025,2.025,2.9080100681378283,3.0009213905491685,-1.8494443633563782,-14.230639765192583,-82.17336606475803,127.58167633280503,1.6362499999999998,0.89375,610,2,2,460,0.7540983606557377,11.002064368654567,0.21101297549925424,PLL96-board-fixed,safe_range,selection,90301,PAL,4,3,1000000.0,,False,bars,,,,,
5.61239354573771,92.91029265143129,True,40.21706398996236,104,1,0,2.025,1.8762499999999998,2.983484265030368,6.599581918019698,1.506309094764308,-5.926223709126837,-79.59458112878866,149.75939896212935,1.775,1.3374999999999992,610,4,2,409,0.6704918032786885,15.315301173461409,0.25789858707555574,RNG-19dd4d261cd8,safe_range,selection,90301,PAL,4,3,1000000.0,,False,bars,,,,,
5.871599534301007,90.60843468182313,True,37.930363864491845,127,1,0,2.025,1.8762499999999998,3.0704267950781285,7.238268532226246,1.9566748908709253,-8.750263898583107,-76.19602374140374,137.8075497875264,1.775,1.3824999999999996,610,4,2,393,0.6442622950819672,15.163579583026008,0.2609727251807622,RNG-be7d624325f0,safe_range,selection,90301,PAL,4,3,1000000.0,,False,bars,,,,,
5.93339719315675,89.71441288193897,True,36.81618569636135,145,1,0,2.025,1.8762499999999998,3.0878690846392707,7.678708952425436,2.1978516350701955,-9.405939624595636,-73.53578867996731,137.64600114498126,1.775,1.3824999999999996,610,4,2,389,0.6377049180327868,15.006534775676492,0.2609947838075285,RNG-6de7d9a9b47e,safe_range,selection,90301,PAL,4,3,1000000.0,,False,bars,,,,,
6.030008312845925,88.2527757108466,True,37.03199498117942,181,1,0,2.025,1.9637499999999999,3.1566301353165866,7.909009164432819,2.286225730044112,-11.583166090345351,-71.67622267135923,133.67092481499031,1.85,1.8199999999999998,610,4,2,358,0.5868852459016394,14.686030229998506,0.26208001066283243,RNG-497b69de2e3d,safe_range,selection,90301,PAL,4,3,1000000.0,,False,bars,,,,,
5.806147310979069,88.74283129762422,True,38.74843161856963,82,2,0,2.025,2.025,2.85380776332254,8.702230386754115,1.726562566058645,-11.844422980962133,-69.06056675132054,130.66149960788368,1.6,1.35,610,3,2,422,0.6918032786885245,13.977393384153626,0.24936267007998716,RNG-49c57570d609,safe_range,selection,90301,PAL,4,3,1000000.0,,False,bars,,,,,
6.131618541297772,86.60707181679531,True,35.133626097867,203,2,0,2.025,2.025,3.190546973124669,8.681076709872627,2.9092850007340765,-12.814053759440744,-70.46101241913044,132.99314248800124,1.8,1.80625,610,4,2,337,0.5524590163934426,14.314355895212165,0.2623547907703616,RNG-6155ad8b2b89,safe_range,selection,90301,PAL,4,3,1000000.0,,False,bars,,,,,
5.853695015106175,87.88877477847423,True,38.67314930991217,94,2,0,2.025,2.025,2.9059023402125392,8.686878753228367,1.8611284006521454,-13.157822602464709,-68.32199878781161,127.66787001887137,1.70625,1.41875,610,3,2,424,0.6950819672131148,13.82794979011236,0.2494788585202907,RNG-d468ed53d6c8,safe_range,selection,90301,PAL,4,3,1000000.0,,False,bars,,,,,
5.539719685656373,90.16960305295446,True,45.23902132998745,419,6,0,2.025,2.025,3.417442554391433,6.703969230475482,2.039769217291863,-9.342044976834751,-79.93303470211899,138.0204830111153,1.8375,1.6425,610,11,2,149,0.2442622950819672,15.528570320723421,0.26082227990709556,RNG-7b1f18f0a479,safe_range,selection,90301,PAL,4,3,1000000.0,,False,bars,,,,,
5.7602222928739355,90.08487879835023,True,49.040777917189466,478,5,0,2.025,2.025,3.4743588628084687,6.605040429867745,2.614715903570311,-8.287615472428808,-82.0769130391519,138.61158749888943,1.8612499999999996,1.9274999999999998,610,18,2,118,0.19344262295081968,16.3247291116373,0.25742350726243685,RNG-e95ea18fb0e8,safe_range,selection,90301,PAL,4,3,1000000.0,,False,bars,,,,,
5.618970928252578,92.57912916009883,True,43.18255959849435,503,5,0,2.025,2.025,3.503583779370121,7.031803405710281,2.1799364769304774,-5.67327995275656,-86.896230007845,147.87836895036554,1.8349999999999995,1.6275,610,23,2,92,0.15081967213114755,16.413646875651292,0.2647232777420337,RNG-05f7d4c3f5f7,safe_range,selection,90301,PAL,4,3,1000000.0,,False,bars,,,,,
7.374075200033328,87.93692734202821,True,22.358845671267254,548,7,0,2.025,2.025,3.5423688424737803,10.801855628767873,2.8044407716830753,-9.215468561811026,-82.8295663171078,142.58061094873693,1.5712499999999996,1.05,610,38,2,45,0.07377049180327869,16.566121000144655,0.33534800406106524,OVP56,safe_range,selection,90301,PAL,6,3,1000000.0,,False,bars,,,,,
7.374852184555195,91.29999846598051,True,20.239648682559597,484,5,0,2.025,2.025,3.4368754843953973,6.761850201595871,1.5160197400499933,-7.641193829603661,-86.2995415343284,148.2544808784138,1.88125,1.7349999999999999,610,24,2,110,0.18032786885245902,18.432770114139398,0.3392948926090094,VLP56,safe_range,selection,90301,PAL,6,3,1000000.0,,False,bars,,,,,
8.477951956823421,93.8792870889007,True,12.427854454203262,5,0,0,1.15,1.2249999999999994,2.047892990973732,3.440504651242333,1.7431588979579449,-5.430788646288889,-64.82532328124385,126.33015255291083,1.1199999999999988,1.2249999999999994,610,1,2,286,0.46885245901639344,19.169417093485148,0.342574698963505,RANGE32,safe_range,selection,90301,PAL,6,3,1000000.0,,False,bars,,,,,
-6.720205192770553,-84.024545460119,False,603.8644918444166,610,8,50,2.025,2.025,1000000.0,86.93350032498587,22.367664054675263,-157.2054796143833,-73.52854062724666,132.8943583233817,1000000.0,1000000.0,610,610,2,1593,2.6114754098360655,-6.753007201786535,-0.2947753995055263,PLL96-rejected-board,safe_range,selection,90301,PAL,6,3,1000000.0,,False,bars,,,,,
9.11205484275169,93.9658509371521,True,7.922208281053953,461,8,0,2.025,2.025,3.528004574142129,12.237096047304142,-0.649973725242018,-2.8601517938277,-73.23103472157808,132.16604138714536,1.6799999999999997,1000000.0,610,18,2,120,0.19672131147540983,14.200581968095173,0.2931445841011671,PLL96-IQ-corrected,safe_range,selection,90301,PAL,6,3,1000000.0,,False,bars,,,,,
11.940436914622234,96.05210883445687,True,0.2816813048933501,25,1,0,1.838749999999999,1.8587499999999997,2.698805726692336,2.2649027635143595,1.4452508885577622,-1.8611291157498977,-70.54417844101154,132.3140334964748,1.519999999999999,1.4374999999999996,610,1,2,411,0.6737704918032786,25.753306653200934,0.5538478636623203,floating-PLL-IQ40,safe_range,selection,90301,PAL,6,3,1000000.0,,False,bars,,,,,
3.87557918765943,44.34373082900898,True,99.97427854454203,610,8,0,2.025,2.025,1000000.0,49.02607426634544,27.129693835413136,-26.436908904381784,-61.52208778571181,118.13034855329342,1000000.0,1000000.0,610,610,2,0,0.0,4.460217020476936,0.2573695561232833,HC50,safe_range,selection,90301,PAL,6,3,1000000.0,,False,bars,,,,,
8.718340784053943,95.92033817808402,True,12.64805520702635,14,0,0,1.5137499999999988,1.4425,2.294368196140952,0.41787355192114034,-2.5599544796178813,-9.868533197553807,-81.73713190170632,122.82164254279364,1.3,1.4424999999999997,610,1,2,363,0.5950819672131148,14.848019061750172,0.30880510898084496,PLL96-board-fixed,safe_range,selection,90301,PAL,6,3,1000000.0,,False,bars,,,,,
8.296463322916072,96.2927015211508,True,12.130489335006274,14,0,0,1.588749999999999,1.2512499999999995,2.3633092697947906,2.577197781529961,1.3984751071715074,-2.3663744460966583,-76.02016335462321,144.94098080679566,1.325,1.2512499999999995,610,2,2,349,0.5721311475409836,21.388475473250402,0.3523379711127183,RNG-19dd4d261cd8,safe_range,selection,90301,PAL,6,3,1000000.0,,False,bars,,,,,
8.451226365693161,94.47863642645223,True,11.44792973651192,16,0,0,1.713749999999999,1.2512499999999995,2.5119790864926466,2.9899309979292026,1.84540242650844,-4.7094996610593345,-70.2062113643593,133.77527117988228,1.475,1.2512499999999995,610,2,2,407,0.6672131147540984,20.827549582653496,0.35387487229985776,RNG-be7d624325f0,safe_range,selection,90301,PAL,6,3,1000000.0,,False,bars,,,,,
8.507490590419044,93.53560628220427,True,11.020702634880802,19,0,0,1.75,1.575,2.532385832250705,3.432520495348408,2.060200485687851,-5.467530600210038,-69.27083642770593,133.41739222366238,1.4375,1.575,610,2,2,415,0.680327868852459,20.40010038010045,0.3538121628745995,RNG-6de7d9a9b47e,safe_range,selection,90301,PAL,6,3,1000000.0,,False,bars,,,,,
8.520959122184097,92.59347420269908,True,11.203262233375156,27,0,0,1.913749999999999,1.59125,2.6672488331438773,3.4261995685725175,2.1685368187138327,-7.02388556956909,-66.37933414501047,130.96103630543195,1.575,1.59125,610,2,2,435,0.7131147540983607,19.739641232084328,0.35367570412466076,RNG-497b69de2e3d,safe_range,selection,90301,PAL,6,3,1000000.0,,False,bars,,,,,
8.477951956823421,93.8792870889007,True,12.427854454203262,5,0,0,1.15,1.2249999999999994,2.047892990973732,3.440504651242333,1.7431588979579449,-5.430788646288889,-64.82532328124385,126.33015255291083,1.1199999999999988,1.2249999999999994,610,1,2,286,0.46885245901639344,19.169417093485148,0.342574698963505,RNG-49c57570d609,safe_range,selection,90301,PAL,6,3,1000000.0,,False,bars,,,,,
8.600856992938677,90.90774861362694,True,10.548933500627353,36,0,0,2.025,1.59125,2.697847856624107,4.143344726923562,2.786936289973792,-8.427077608408823,-68.06502333160728,130.57220036777034,1.6,1.59125,610,2,2,439,0.719672131147541,18.8437257187909,0.35364724839407286,RNG-6155ad8b2b89,safe_range,selection,90301,PAL,6,3,1000000.0,,False,bars,,,,,
8.4954473537304,93.15047417700761,True,12.457340025094103,7,0,0,1.175,1.2249999999999994,2.07561330823128,3.373427552993403,1.9182777149740926,-6.5884038678334225,-65.62988374899898,123.68125565521616,1.125,1.2249999999999994,610,1,2,297,0.48688524590163934,18.88512652186588,0.34206277468701757,RNG-d468ed53d6c8,safe_range,selection,90301,PAL,6,3,1000000.0,,False,bars,,,,,
7.897808655038072,93.88281491229965,True,14.934127979924718,212,3,0,2.025,2.025,3.194051671529753,3.8510129724119997,1.830677930627061,-5.272111912363027,-77.56757582972638,136.5940643298312,1.8037499999999995,1.5799999999999998,610,4,2,346,0.5672131147540984,20.890256504810083,0.3465563610231639,RNG-7b1f18f0a479,safe_range,selection,90301,PAL,6,3,1000000.0,,False,bars,,,,,
7.8076187192007644,93.61209359533142,True,17.442283563362608,267,1,0,2.025,1.9987499999999998,3.282460678356447,4.160986955202733,1.8887638609407493,-5.362998536683374,-74.54905663764859,136.56457877125706,1.7974999999999994,1.8824999999999998,610,7,2,317,0.519672131147541,20.928720596937133,0.33980800904246183,RNG-e95ea18fb0e8,safe_range,selection,90301,PAL,6,3,1000000.0,,False,bars,,,,,
7.9658543927089,95.4972816065157,True,14.242785445420326,377,5,0,2.025,2.025,3.391648256673399,4.09285044183661,1.8606186230725883,-2.609250543804854,-85.61316151113729,144.65703246642124,1.875,1.6075,610,13,2,198,0.32459016393442625,22.015304389301704,0.3478808505340865,RNG-05f7d4c3f5f7,safe_range,selection,90301,PAL,6,3,1000000.0,,False,bars,,,,,
9.398241128265939,91.57518018538622,True,5.541405269761606,389,5,0,2.025,2.025,3.3589445491348764,7.366934890406034,2.020849174806187,-6.513786824657955,-75.75125117520156,138.44943341384868,1.85,1.0225,610,11,2,179,0.2934426229508197,19.970161547810374,0.4198533603966959,OVP56,safe_range,selection,90301,PAL,8,3,1000000.0,,False,bars,,,,,
9.507951128270838,93.95693420658398,True,4.587829360100376,256,4,0,2.025,2.025,3.258914870005582,4.692086427111537,1.2667413574263844,-5.097232729050795,-76.35046044209594,140.65094152886155,1.85,1.1275,610,7,2,337,0.5524590163934426,22.291270895986056,0.42637134113921843,VLP56,safe_range,selection,90301,PAL,8,3,1000000.0,,False,bars,,,,,
10.593353704543613,95.19971789230617,True,3.6398996235884566,0,0,2,0.175,0.3999999999999997,0.9841567706317566,1.980052429169564,2.1186517361188923,-2.9958917313127915,-62.169075707205394,119.13123749592437,0.175,0.39999999999999974,610,0,2,76,0.12459016393442623,23.011693649733825,0.4308402162007688,RANGE32,safe_range,selection,90301,PAL,8,3,1000000.0,,False,bars,,,,,
-6.666491167869778,-83.21505428982138,False,601.5370138017566,610,8,54,2.025,2.025,1000000.0,85.5468318013589,23.036128732840233,-156.66795146153868,-71.4052319486332,128.08272889153005,1000000.0,1000000.0,610,610,2,1463,2.398360655737705,-6.705869920617845,-0.32395420969045197,PLL96-rejected-board,safe_range,selection,90301,PAL,8,3,1000000.0,,False,bars,,,,,
9.42703399003854,94.38389170903706,True,5.979924717691342,488,7,0,2.025,2.025,3.554400845269489,13.912483990174938,-0.949367427824857,-2.5216649712626666,-69.28205977060112,125.37025357130064,1.8237499999999998,0.05,610,18,2,64,0.10491803278688525,13.83137329298114,0.32331012301641704,PLL96-IQ-corrected,safe_range,selection,90301,PAL,8,3,1000000.0,,False,bars,,,,,
13.707741136170322,95.74643060430162,True,0.016938519447929738,3,0,0,0.9024999999999977,1.525,2.0600519019069026,2.400835820590125,1.7950525471314318,-1.7135228087999943,-66.78291310613552,126.30292779668302,0.875,1.525,610,1,2,261,0.4278688524590164,26.397084655907133,0.6388961327391501,floating-PLL-IQ40,safe_range,selection,90301,PAL,8,3,1000000.0,,False,bars,,,,,
4.0996299429993925,44.48642406926808,True,92.0702634880803,610,8,0,2.025,2.025,1000000.0,49.24593389515901,27.23939294867286,-25.789750296124435,-57.90654485251302,103.47305240332547,1000000.0,1000000.0,610,610,2,0,0.0,4.479145894248602,0.33294199270597813,HC50,safe_range,selection,90301,PAL,8,3,1000000.0,,False,bars,,,,,
10.411855660505712,97.78997151944661,True,5.343161856963614,8,0,0,1.075,1.4074999999999998,2.146507826022556,0.509882035595511,-2.424677781051402,-7.43949921952776,-79.15801380556947,117.02140425636124,0.975,1.4074999999999998,610,1,2,329,0.5393442622950819,16.90326767770482,0.37726591381595664,PLL96-board-fixed,safe_range,selection,90301,PAL,8,3,1000000.0,,False,bars,,,,,
10.240600628369465,96.5593455229441,True,3.382057716436637,0,0,2,0.8137499999999989,0.59875,1.5552169607749162,1.987187965639004,1.7230441595336836,-1.774895818492849,-71.83687191412089,139.79463974089867,0.8137499999999989,0.59875,610,0,2,157,0.2573770491803279,25.162314511142103,0.432075435947672,RNG-19dd4d261cd8,safe_range,selection,90301,PAL,8,3,1000000.0,,False,bars,,,,,
10.323543832700636,95.15591260277074,True,3.2409033877038897,3,0,1,0.9,0.6237499999999999,1.7119212667040913,2.124330340998988,2.1347460848086177,-3.672431370356772,-68.39240203881435,128.35447467436063,0.875,0.62375,610,1,2,206,0.3377049180327869,23.98701251144393,0.43292976879158634,RNG-be7d624325f0,safe_range,selection,90301,PAL,8,3,1000000.0,,False,bars,,,,,
10.362259826885158,94.21492098454667,True,3.164366373902133,2,0,2,0.9,1.2249999999999994,1.7459781086603154,2.55389624185131,2.31553294553561,-4.490428825183918,-68.3993057666788,127.03953671855136,0.9,1.2249999999999994,610,1,2,220,0.36065573770491804,23.196609090266985,0.43256151939776327,RNG-6de7d9a9b47e,safe_range,selection,90301,PAL,8,3,1000000.0,,False,bars,,,,,
10.344098224942393,93.66189966228355,True,3.189460476787955,3,0,1,0.9637499999999989,1.2412499999999995,1.9141242120552877,2.258760930225489,2.4335149707641004,-5.524396827708053,-66.41568925719156,125.02632933287443,0.95,1.2412499999999995,610,1,2,255,0.4180327868852459,22.413784006434557,0.4325674888464404,RNG-497b69de2e3d,safe_range,selection,90301,PAL,8,3,1000000.0,,False,bars,,,,,
10.593353704543613,95.19971789230617,True,3.6398996235884566,0,0,2,0.175,0.3999999999999997,0.9841567706317566,1.980052429169564,2.1186517361188923,-2.9958917313127915,-62.169075707205394,119.13123749592437,0.175,0.39999999999999974,610,0,2,76,0.12459016393442623,23.011693649733825,0.4308402162007688,RNG-49c57570d609,safe_range,selection,90301,PAL,8,3,1000000.0,,False,bars,,,,,
10.386704461844008,92.01965873756046,True,3.0100376411543284,4,1,2,0.975,1.5174999999999992,1.959732050873568,2.8997497894388817,3.03765240636109,-6.999055124033061,-69.76667916468038,124.80391076028091,0.95,0.46999999999999975,610,1,2,263,0.4311475409836066,20.99765200708977,0.4324307686139491,RNG-6155ad8b2b89,safe_range,selection,90301,PAL,8,3,1000000.0,,False,bars,,,,,
10.586951575997698,94.61253126852819,True,3.6373902132998746,0,0,2,0.225,0.3999999999999997,1.0247030757456634,1.8295888071783155,2.297643643334323,-3.955333634888313,-61.86287437624634,118.28852921090511,0.225,0.39999999999999974,610,0,2,80,0.13114754098360656,22.51658518701278,0.4299138177405058,RNG-d468ed53d6c8,safe_range,selection,90301,PAL,8,3,1000000.0,,False,bars,,,,,
9.679696617113754,94.73931530673637,True,4.226474278544542,62,1,0,2.025,1.6662499999999993,2.94869779034053,3.3453083441812024,2.0532598283674686,-3.9370556264164898,-78.10119848726482,133.5803063809846,1.675,0.985,610,3,2,441,0.7229508196721312,23.854528986793113,0.4217657925269991,RNG-7b1f18f0a479,safe_range,selection,90301,PAL,8,3,1000000.0,,False,bars,,,,,
9.528881745476367,94.79614604355358,True,5.099749058971142,71,1,0,2.025,1.9287499999999997,2.9062747994034384,3.112485298693236,1.9784525322543332,-4.09909007090475,-69.99260686775915,132.5982107823737,1.5774999999999992,1.7049999999999996,610,3,2,458,0.7508196721311475,23.596583888118104,0.41705949904705825,RNG-e95ea18fb0e8,safe_range,selection,90301,PAL,8,3,1000000.0,,False,bars,,,,,
9.72026483193023,95.81137933224008,True,4.1612296110414055,228,2,0,2.025,2.025,3.169012575993709,3.749176148973903,2.069319346181415,-1.935764020512789,-80.24139082831361,138.27705922558437,1.8224999999999993,1.69375,610,6,2,352,0.5770491803278689,24.62947899297555,0.4203763628710682,RNG-05f7d4c3f5f7,safe_range,selection,90301,PAL,8,3,1000000.0,,False,bars,,,,,
11.017015190312707,93.76908779476301,True,1.411543287327478,154,2,0,2.025,2.025,3.0637191003545334,4.837234664610695,1.6775420057045296,-4.757949326568178,-71.57430905723808,133.52668450283304,1.83125,1.475,610,5,2,393,0.6442622950819672,22.644648266623683,0.4931409665194324,OVP56,safe_range,selection,90301,PAL,10,3,1000000.0,,False,bars,,,,,
11.146066449358901,95.33575580514758,True,1.2176913425345044,52,0,0,2.025,1.3124999999999996,2.858370559963231,3.18912597797762,1.2370926052018163,-3.6789498159692315,-71.69855428802424,133.9373746095377,1.6824999999999988,1.3124999999999996,610,2,2,424,0.6950819672131148,24.695067735442976,0.49977651654810573,VLP56,safe_range,selection,90301,PAL,10,3,1000000.0,,False,bars,,,,,
12.020855166031891,95.47371045705736,True,1.780426599749059,0,0,2,0.11374999999999887,0.06624999999999999,0.281260701071467,1.5997421717249583,2.258418492185626,-2.4396616035428464,-54.246762118676855,115.49015078803444,0.11374999999999887,0.06624999999999999,610,0,2,10,0.01639344262295082,24.05784865877208,0.5016337606618184,RANGE32,safe_range,selection,90301,PAL,10,3,1000000.0,,True,bars,,,,,
-6.644545578070193,-82.69715004261413,False,601.2534504391468,610,8,54,2.025,2.025,1000000.0,84.47031018357701,23.285310961021377,-156.34048159270867,-69.47975375142656,86.64753282331947,1000000.0,1000000.0,610,610,2,1421,2.3295081967213114,-6.6864483700848565,-0.33941392257907005,PLL96-rejected-board,safe_range,selection,90301,PAL,10,3,1000000.0,,False,bars,,,,,
9.39555884355984,94.97300524304246,True,5.887076537013802,517,7,0,2.025,2.025,3.5939745722259153,15.038170935426344,-1.2256345658328458,-2.3110259885906146,-67.17102918120092,125.29854843278918,1.9,0.05,610,24,2,72,0.1180327868852459,13.20891426427361,0.33803540008576166,PLL96-IQ-corrected,safe_range,selection,90301,PAL,10,3,1000000.0,,False,bars,,,,,
15.33531080895976,95.7597882288744,True,0.0006273525721455459,0,0,2,0.15,0.3824999999999997,1.1428161219218909,2.2724000402823212,1.8954626332089262,-1.5703086542409395,-63.00084281478965,123.82653837669938,0.15,0.38249999999999973,610,0,2,95,0.1557377049180328,26.86178922757666,0.7140763478396689,floating-PLL-IQ40,safe_range,selection,90301,PAL,10,3,1000000.0,,False,bars,,,,,
4.187736346478162,44.42898719664125,True,89.6543287327478,610,8,0,2.025,2.025,1000000.0,49.2562306389556,27.24878805276972,-25.75838130596644,-23.198151652860474,98.10680356660293,1000000.0,1000000.0,610,610,2,0,0.0,4.476040675947639,0.3905072176009482,HC50,safe_range,selection,90301,PAL,10,3,1000000.0,,False,bars,,,,,
11.153018289397739,98.5842596925381,True,4.1405269761606025,11,0,0,1.2524999999999977,1.1724999999999994,2.218735201225072,1.464815022330644,-2.301107047096042,-5.768422715164348,-64.55796674272561,115.48547344025516,1.0525000000000007,1.1724999999999994,610,1,2,338,0.5540983606557377,17.500312144454913,0.4141656351271162,PLL96-board-fixed,safe_range,selection,90301,PAL,10,3,1000000.0,,False,bars,,,,,
11.594108838631067,96.58981118676732,True,1.472396486825596,0,0,2,0.15,0.06624999999999999,0.7744160941543285,1.9219673078993469,1.8185151827483632,-1.6484386585257926,-60.74295889701994,135.2033261424047,0.15,0.06624999999999999,610,0,2,41,0.06721311475409836,26.095893044914607,0.4956012363588286,RNG-19dd4d261cd8,safe_range,selection,90301,PAL,10,3,1000000.0,,False,bars,,,,,
11.654452202728935,95.44014944232798,True,1.4441656210790463,0,0,2,0.275,0.06624999999999999,0.9551666020673661,1.8596864524098897,2.1836920227803316,-3.276830466907112,-59.499883338880764,131.89851058122807,0.275,0.06624999999999999,610,0,2,69,0.11311475409836065,24.92325348459861,0.49694483212537255,RNG-be7d624325f0,safe_range,selection,90301,PAL,10,3,1000000.0,,False,bars,,,,,
11.673620275824906,94.50313594287577,True,1.4366373902133,0,0,2,0.28874999999999884,0.17249999999999993,0.9785737363004635,2.2932935051029846,2.334043891189281,-4.147835017896815,-60.104815317173156,131.9161167912389,0.28874999999999884,0.17249999999999993,610,0,2,74,0.12131147540983607,24.011191569807167,0.4962188027154904,RNG-6de7d9a9b47e,safe_range,selection,90301,PAL,10,3,1000000.0,,False,bars,,,,,
11.663098848353822,94.15106459164154,True,1.4140526976160603,0,0,2,0.35,0.05,1.0723848289263866,1.8212459526337152,2.4622615371367145,-4.853408751217341,-59.56246699778792,130.27405542415224,0.35,0.05,610,0,2,95,0.1557377049180328,23.368253479352703,0.4975606380407988,RNG-497b69de2e3d,safe_range,selection,90301,PAL,10,3,1000000.0,,False,bars,,,,,
12.020855166031891,95.47371045705736,True,1.780426599749059,0,0,2,0.11374999999999887,0.06624999999999999,0.281260701071467,1.5997421717249583,2.258418492185626,-2.4396616035428464,-54.246762118676855,115.49015078803444,0.11374999999999887,0.06624999999999999,610,0,2,10,0.01639344262295082,24.05784865877208,0.5016337606618184,RNG-49c57570d609,safe_range,selection,90301,PAL,10,3,1000000.0,,True,bars,,,,,
11.669927135922054,92.56982748398867,True,1.402132998745295,0,0,2,0.43874999999999886,0.16374999999999992,1.1318588729151358,2.378429086053179,3.0375689356670623,-6.367703926348833,-59.03687342644152,129.9537716030122,0.43874999999999886,0.1637499999999999,610,0,2,97,0.15901639344262294,21.78246177526865,0.497204912475504,RNG-6155ad8b2b89,safe_range,selection,90301,PAL,10,3,1000000.0,,False,bars,,,,,
12.004102109077078,95.00205065153465,True,1.7841907151819323,0,0,2,0.125,0.06624999999999999,0.2851768217652535,1.391690388566764,2.4245913426107433,-3.230435998630229,-54.24683215024441,116.45013369531603,0.125,0.06624999999999999,610,0,2,11,0.018032786885245903,23.559114983685063,0.5007154833640448,RNG-d468ed53d6c8,safe_range,selection,90301,PAL,10,3,1000000.0,,True,bars,,,,,
11.053794416166465,95.1891337582166,True,1.4303638644918444,8,0,0,1.338749999999999,0.6549999999999999,2.3989446911567667,2.9645270674331576,2.122654522188663,-3.3624833145106554,-68.40774232202112,128.64527978215762,1.2,0.6549999999999999,610,1,2,354,0.580327868852459,24.995136277191502,0.48679260867537505,RNG-7b1f18f0a479,safe_range,selection,90301,PAL,10,3,1000000.0,,False,bars,,,,,
10.978761678919371,95.41852240774249,True,1.656210790464241,8,0,0,1.275,1.2237499999999994,2.3658134536227053,2.3981234530430497,2.178973100909053,-3.3740423510637108,-66.50673636788709,130.93099803442598,1.1737499999999983,1.2237499999999994,610,1,2,364,0.5967213114754099,25.07824435305988,0.48670054314737315,RNG-e95ea18fb0e8,safe_range,selection,90301,PAL,10,3,1000000.0,,False,bars,,,,,
11.079206761409024,95.94459210170172,True,1.6198243412797992,68,0,0,2.025,1.6724999999999999,2.9170222283712217,3.558622565055531,2.12074501345745,-1.6934450490908628,-73.13698912968523,135.49533673966016,1.725,1.6724999999999999,610,3,2,436,0.7147540983606557,25.450899582860504,0.4821627100810953,RNG-05f7d4c3f5f7,safe_range,selection,90301,PAL,10,3,1000000.0,,False,bars,,,,,
12.330708127431231,95.3491760686141,True,0.6744040150564617,28,0,0,1.875,0.44374999999999976,2.5953736430577847,2.9937392232961213,1.412144651921327,-3.3922551649923514,-68.94336851307217,131.76510373241268,1.4487499999999982,0.4437499999999998,610,2,2,417,0.6836065573770492,24.866033207416613,0.5553957775289685,OVP56,safe_range,selection,90301,PAL,12,3,1000000.0,,False,bars,,,,,
12.472073984347558,96.27525729163094,True,0.6317440401505646,3,0,0,1.1387499999999988,1.2162499999999994,2.2047189449065057,2.0902785476893087,1.2176623756840717,-2.6597203167029364,-66.37994144581322,130.59367767031097,1.0924999999999983,1.2162499999999994,610,1,2,311,0.5098360655737705,26.345558177471982,0.5622735576425949,VLP56,safe_range,selection,90301,PAL,12,3,1000000.0,,False,bars,,,,,
13.125859082638174,95.73849900194196,True,1.35633626097867,0,0,2,0.1,0.06624999999999999,0.1754911141555064,1.362798480871543,2.195607139949068,-2.2035116840381987,-53.0246614966756,111.97892447726635,0.1,0.06624999999999999,610,0,2,4,0.006557377049180328,24.50627558823827,0.5606684996597221,RANGE32,safe_range,selection,90301,PAL,12,3,1000000.0,,True,bars,,,,,
-6.646102919719562,-82.51869246199784,False,601.9730238393978,610,8,54,2.025,2.025,1000000.0,83.76340514985552,23.30375965916716,-156.33418742379473,-69.79313384356735,78.34034262151938,1000000.0,1000000.0,610,610,2,1411,2.3131147540983608,-6.689281205690799,-0.3473679478479496,PLL96-rejected-board,safe_range,selection,90301,PAL,12,3,1000000.0,,False,bars,,,,,
9.30121064982616,95.71394076445777,True,5.946047678795483,535,6,0,2.025,2.025,3.605346723964285,15.575777630087767,-1.3907682453111097,-2.0061282539067506,-54.96678956096968,123.04368842521173,1.9149999999999998,0.1,610,27,2,58,0.09508196721311475,12.728365727539348,0.34761532386838384,PLL96-IQ-corrected,safe_range,selection,90301,PAL,12,3,1000000.0,,False,bars,,,,,
16.816289941835436,96.04069714512802,True,0.0,0,0,2,0.05,0.025,0.33009251062962713,1.9734180340374647,1.8397894640760548,-1.3445921533024299,-58.061955566340025,123.03671614434079,0.05,0.025,610,0,2,15,0.02459016393442623,27.62235146099166,0.7766299342399937,floating-PLL-IQ40,safe_range,selection,90301,PAL,12,3,1000000.0,,True,bars,,,,,
4.248087381845164,44.48847017340781,True,89.09347553324969,610,8,0,2.025,2.025,1000000.0,49.151456380857006,27.20913452313401,-25.687788539353285,-7.982101169768903,93.16472335147877,1000000.0,1000000.0,610,610,2,0,0.0,4.487321330860795,0.438112113891836,HC50,safe_range,selection,90301,PAL,12,3,1000000.0,,False,bars,,,,,
11.535882073795133,98.88676058561545,True,3.8933500627352573,8,0,0,1.125,0.6199999999999998,1.9408452259337683,2.5636449117516134,-2.0765507675671673,-4.538428238834191,-60.77264782049384,112.33935321700677,1.025,0.6199999999999999,610,2,2,264,0.43278688524590164,17.649980244822892,0.43788864111046666,PLL96-board-fixed,safe_range,selection,90301,PAL,12,3,1000000.0,,False,bars,,,,,
12.672564449001904,96.87837991934488,True,1.0232120451693854,0,0,2,0.1,0.06624999999999999,0.367275636875934,1.6969076597713535,1.7846206725003035,-1.443058264737013,-56.3382408153616,123.76732016452503,0.1,0.06624999999999999,610,0,2,8,0.013114754098360656,26.670460110317123,0.5495811020369089,RNG-19dd4d261cd8,safe_range,selection,90301,PAL,12,3,1000000.0,,True,bars,,,,,
12.719380124450906,95.8842533776817,True,1.0043914680050188,0,0,2,0.1,0.075,0.46623711690547315,1.536231885314187,2.1005887722696235,-2.8960628902418635,-56.372936991108894,120.32972885000511,0.1,0.075,610,0,2,12,0.019672131147540985,25.65009249395256,0.551022613437552,RNG-be7d624325f0,safe_range,selection,90301,PAL,12,3,1000000.0,,True,bars,,,,,
12.725413464088389,94.94499053013618,True,1.0018820577164367,0,0,2,0.1,0.17249999999999993,0.43821078093149435,1.989636408421248,2.229524602301457,-3.8083440838070013,-56.57205159929059,119.63713943953398,0.1,0.17249999999999993,610,0,2,10,0.01639344262295082,24.686454742608923,0.5501300880079584,RNG-6de7d9a9b47e,safe_range,selection,90301,PAL,12,3,1000000.0,,True,bars,,,,,
12.72101194050287,94.69540340469314,True,0.9767879548306148,0,0,2,0.1,0.06624999999999999,0.5381510544234297,1.4358372748004147,2.364481916083226,-4.312074495417587,-57.56304093795638,117.5742313991138,0.1,0.06624999999999999,610,0,2,17,0.027868852459016394,24.131019379106053,0.552264680118982,RNG-497b69de2e3d,safe_range,selection,90301,PAL,12,3,1000000.0,,False,bars,,,,,
13.125859082638174,95.73849900194196,True,1.35633626097867,0,0,2,0.1,0.06624999999999999,0.1754911141555064,1.362798480871543,2.195607139949068,-2.2035116840381987,-53.0246614966756,111.97892447726635,0.1,0.06624999999999999,610,0,2,4,0.006557377049180328,24.50627558823827,0.5606684996597221,RNG-49c57570d609,safe_range,selection,90301,PAL,12,3,1000000.0,,True,bars,,,,,
12.699105977588205,93.16249070632598,True,0.9818067754077792,0,0,2,0.125,0.06624999999999999,0.511669158606274,1.9266574666178984,2.9044029953288115,-5.858716829991248,-56.58157217801667,115.6823238563414,0.125,0.06624999999999999,610,0,2,14,0.022950819672131147,22.451124295536445,0.551761179826948,RNG-6155ad8b2b89,safe_range,selection,90301,PAL,12,3,1000000.0,,False,bars,,,,,
13.101275854571279,95.3519742938489,True,1.3387703889585947,0,0,2,0.1,0.06624999999999999,0.1766520382643541,1.1339600051314658,2.327305477512633,-2.89271691505594,-52.98723027023026,111.65033880910725,0.1,0.06624999999999999,610,0,2,4,0.006557377049180328,24.071184181720213,0.5596665838102689,RNG-d468ed53d6c8,safe_range,selection,90301,PAL,12,3,1000000.0,,True,bars,,,,,
12.20672672486548,95.67801700857025,True,0.7653701380175658,2,0,1,0.925,0.3587499999999998,1.7367579350617632,2.555894340495205,2.0736375395407847,-2.932493469779994,-61.913917369661114,126.36296055321846,0.925,0.3587499999999998,610,1,2,193,0.3163934426229508,25.894985699185966,0.5441196906773265,RNG-7b1f18f0a479,safe_range,selection,90301,PAL,12,3,1000000.0,,False,bars,,,,,
12.178605385131515,95.8555148865016,True,0.8268506900878294,0,0,1,0.75,0.6224999999999999,1.5830933093881447,1.9029118667278215,2.3407620446188706,-2.9018478068334277,-64.9749375826508,125.56158962501728,0.75,0.6224999999999999,610,0,2,191,0.31311475409836065,25.94820808565779,0.5455184822349467,RNG-e95ea18fb0e8,safe_range,selection,90301,PAL,12,3,1000000.0,,False,bars,,,,,
12.18273701158896,96.24183447900315,True,1.055207026348808,6,0,0,1.375,1.2499999999999996,2.451882132847638,3.208153640380283,2.067765449585485,-1.4792212536337712,-67.16997100587746,124.27567160076909,1.275,1.2499999999999996,610,1,2,368,0.6032786885245902,26.08027164111594,0.534742605908939,RNG-05f7d4c3f5f7,safe_range,selection,90301,PAL,12,3,1000000.0,,False,bars,,,,,
13.39578493420056,96.32844966417873,True,0.5351317440401505,2,0,0,0.85,0.3587499999999998,1.8446485321699746,1.7791431607245574,1.2463131566651482,-2.5037448760761576,-63.16634017990909,126.538021601323,0.85,0.3587499999999998,610,1,2,230,0.3770491803278688,26.398608498026995,0.6062843741369086,OVP56,safe_range,selection,90301,PAL,14,3,1000000.0,,False,bars,,,,,
13.549339115702272,96.8001839462526,True,0.5100376411543287,0,0,2,0.6137499999999989,0.3587499999999998,1.3051364478632048,1.4112361757460703,1.2266840431341455,-2.0354601564741555,-64.90154583555137,126.70231196617375,0.6137499999999989,0.3587499999999998,610,0,2,103,0.16885245901639345,27.286443497877165,0.6136209542111896,VLP56,safe_range,selection,90301,PAL,14,3,1000000.0,,False,bars,,,,,
14.00370779637745,95.76982922431672,True,1.2227101631116688,0,0,2,0.075,0.06624999999999999,0.04259752551883582,1.3344419704883368,2.122676153567707,-2.2979857623883198,-53.28362060841738,111.2506373778436,0.075,0.06624999999999999,610,0,2,0,0.0,24.746252463967885,0.6087052061786283,RANGE32,safe_range,selection,90301,PAL,14,3,1000000.0,,True,bars,,,,,
-6.646053252213285,-82.38390324507179,False,602.150564617315,610,8,54,2.025,2.025,1000000.0,83.45393758848914,23.20891182081075,-156.2785616709404,-69.98024904501877,78.33187124565698,1000000.0,1000000.0,610,610,2,1404,2.301639344262295,-6.690169752582225,-0.3513011730471076,PLL96-rejected-board,safe_range,selection,90301,PAL,14,3,1000000.0,,False,bars,,,,,
9.205294439260538,96.28462621658922,True,6.01693851944793,552,8,0,2.025,2.025,3.6086044202806384,15.796947936831131,-1.3762354832243646,-1.8389583310472901,-54.99183948507236,122.55409112593553,1.95,1000000.0,610,46,2,58,0.09508196721311475,12.381770828771796,0.3537133048982262,PLL96-IQ-corrected,safe_range,selection,90301,PAL,14,3,1000000.0,,False,bars,,,,,
18.100324502560387,96.20003584990826,True,0.0,0,0,2,0.025,0.025,0.14573864998126151,1.8010215688606235,1.8000814874289215,-1.2291418337147961,-57.39786371276108,119.9530141181162,0.025,0.025,610,0,2,1,0.001639344262295082,28.12270250691474,0.8251377233047188,floating-PLL-IQ40,safe_range,selection,90301,PAL,14,3,1000000.0,,True,bars,,,,,
4.283923004444089,44.510074534581335,True,89.03199498117942,610,8,0,2.025,2.025,1000000.0,49.07847235384798,27.187304168511776,-25.6616641890465,-5.727398453095638,91.58410596813876,1000000.0,1000000.0,610,610,2,0,0.0,4.492553869107345,0.4778590999747952,HC50,safe_range,selection,90301,PAL,14,3,1000000.0,,False,bars,,,,,
11.773831180911909,98.73747878790213,True,3.8048933500627355,9,0,0,1.275,0.7575,2.0775223728399608,3.622299146603843,-1.782978377981198,-3.699410266732749,-59.8472208313718,112.4437889511148,1.075,0.7575,610,1,2,289,0.4737704918032787,17.65548220479332,0.4549437845405438,PLL96-board-fixed,safe_range,selection,90301,PAL,14,3,1000000.0,,False,bars,,,,,
13.53235387048995,97.03967861086007,True,0.8914680050188206,0,0,2,0.075,0.06624999999999999,0.16922557455056023,1.613803791825877,1.7779526078810284,-1.3252545526816695,-55.53649104649493,123.52403188853604,0.075,0.06624999999999999,610,0,2,1,0.001639344262295082,26.9958770574108,0.5931756624611847,RNG-19dd4d261cd8,safe_range,selection,90301,PAL,14,3,1000000.0,,True,bars,,,,,
13.567205831985905,96.14756933428355,True,0.8657465495608533,0,0,2,0.075,0.075,0.16976357716291074,1.4203699824416514,2.0344653820887615,-2.6557657174310805,-55.666266715434794,119.36557998580635,0.075,0.075,610,0,2,2,0.003278688524590164,26.136493167090187,0.5944722225775637,RNG-be7d624325f0,safe_range,selection,90301,PAL,14,3,1000000.0,,True,bars,,,,,
13.562768018634143,95.20692106746976,True,0.8626097867001254,0,0,2,0.1,0.075,0.22125526760423794,1.9000676942524888,2.1614521353157685,-3.5880455904173365,-55.86570736125819,117.75507250877321,0.1,0.075,610,0,2,1,0.001639344262295082,25.14105439109105,0.5935741270176008,RNG-6de7d9a9b47e,safe_range,selection,90301,PAL,14,3,1000000.0,,True,bars,,,,,
13.560592583184246,95.01842788451941,True,0.8350062735257215,0,0,2,0.1,0.075,0.22784404718154386,1.3180581712205695,2.280460476425694,-3.9692323432455776,-56.74061699557565,115.17356238161067,0.1,0.075,610,0,2,3,0.004918032786885246,24.66065821732931,0.5959869589119455,RNG-497b69de2e3d,safe_range,selection,90301,PAL,14,3,1000000.0,,True,bars,,,,,
14.00370779637745,95.76982922431672,True,1.2227101631116688,0,0,2,0.075,0.06624999999999999,0.04259752551883582,1.3344419704883368,2.122676153567707,-2.2979857623883198,-53.28362060841738,111.2506373778436,0.075,0.06624999999999999,610,0,2,0,0.0,24.746252463967885,0.6087052061786283,RNG-49c57570d609,safe_range,selection,90301,PAL,14,3,1000000.0,,True,bars,,,,,
13.51231791482508,93.52390827387273,True,0.8531994981179423,0,0,2,0.1,0.075,0.2261491601199324,1.7593797096815058,2.7820094890083573,-5.538875415978573,-55.87524358809164,113.31922399765911,0.1,0.075,610,0,2,2,0.003278688524590164,22.919038585108705,0.5955067805674576,RNG-6155ad8b2b89,safe_range,selection,90301,PAL,14,3,1000000.0,,True,bars,,,,,
13.97131165270201,95.45060571704245,True,1.2020075282308658,0,0,2,0.075,0.06624999999999999,0.041783987834387734,1.1066705363511438,2.2144852506839774,-2.9254827270531343,-53.25582158814748,109.58638590342464,0.075,0.06624999999999999,610,0,2,0,0.0,24.365122009881187,0.6076039085166114,RNG-d468ed53d6c8,safe_range,selection,90301,PAL,14,3,1000000.0,,True,bars,,,,,
13.162359713583719,95.93332796714223,True,0.5821831869510665,0,0,2,0.3524999999999977,0.3587499999999998,1.1388541300395747,2.3686292632818082,2.065471310164886,-2.6971555468886232,-61.67881988794922,123.32129349583401,0.3524999999999977,0.3587499999999998,610,0,2,91,0.14918032786885246,26.439358515059645,0.5918651319186901,RNG-7b1f18f0a479,safe_range,selection,90301,PAL,14,3,1000000.0,,False,bars,,,,,
13.160079867905525,96.023797074367,True,0.622961104140527,0,0,2,0.13874999999999887,0.3587499999999998,0.9769573668903426,1.780970082907181,2.4285717273524017,-2.673057356990953,-63.60068716793615,125.43820292993159,0.13874999999999887,0.3587499999999998,610,0,2,69,0.11311475409836065,26.39542592251315,0.5934913713373047,RNG-e95ea18fb0e8,safe_range,selection,90301,PAL,14,3,1000000.0,,False,bars,,,,,
13.101132722058402,96.39243766301335,True,0.8877038895859474,1,0,1,0.85,1.2149999999999994,1.7414616947134818,2.9676184442471367,2.0617874533753118,-1.3857692889594027,-65.57567197984366,124.00108170049903,0.8400000000000005,1.2149999999999994,610,1,2,181,0.2967213114754098,26.46088751886383,0.5789428304080192,RNG-05f7d4c3f5f7,safe_range,selection,90301,PAL,14,3,1000000.0,,False,bars,,,,,
14.791673868520629,97.20167160632847,True,0.4121706398996236,0,0,2,0.05,0.05,0.39881227351749937,0.630880776605698,1.1515421185690746,-1.645484286133564,-61.63591121975107,128.94049916311437,0.05,0.05,610,0,2,22,0.036065573770491806,27.705202782362065,0.6725287420139702,OVP56,safe_range,selection,90301,PAL,18,3,1000000.0,,True,bars,,,,,
14.97496007081067,97.28394740345374,True,0.40401505646173147,0,0,2,0.05,0.05,0.21178641034437828,0.711325396218294,1.2604719299179779,-1.4311358188248642,-59.72567160196502,124.96300090557216,0.05,0.05,610,0,2,3,0.004918032786885246,28.07706934740586,0.6806417363107524,VLP56,safe_range,selection,90301,PAL,18,3,1000000.0,,True,bars,,,,,
15.136695320053544,95.64093689568524,True,1.0570890840652447,0,0,2,0.075,0.05,0.04031128874149275,1.3838106470743505,2.028406153148589,-2.7315669769477737,-51.014421437879996,108.16506395384963,0.075,0.05,610,0,2,0,0.0,24.981190055869025,0.6707802031872341,RANGE32,safe_range,selection,90301,PAL,18,3,1000000.0,,True,bars,,,,,
-6.651793640946959,-82.40621629721196,False,603.0376411543288,610,8,54,2.025,2.025,1000000.0,83.58573016973482,23.028235836619654,-156.19696237873504,-67.95007629148246,77.41264443951209,1000000.0,1000000.0,610,610,2,1429,2.3426229508196723,-6.69631203811632,-0.35450902842553045,PLL96-rejected-board,safe_range,selection,90301,PAL,18,3,1000000.0,,False,bars,,,,,
9.03464879596348,97.261545618571,True,6.162484316185696,583,8,0,2.025,2.025,3.6687241702037285,15.6135999748322,-1.1767478228813313,-1.6650892117327343,-53.458340104089814,118.09727900467314,1.75,1000000.0,610,80,2,32,0.05245901639344262,11.9396936334213,0.35854034673024054,PLL96-IQ-corrected,safe_range,selection,90301,PAL,18,3,1000000.0,,False,bars,,,,,
19.95235669391565,96.33449549039302,True,0.0,0,0,2,0.025,0.025,0.021111530529818897,1.6671486603778325,1.7622059248982747,-1.1340559891856143,-51.33866174819177,116.59876091102876,0.025,0.025,610,0,2,0,0.0,28.618945995753368,0.8842414774476216,floating-PLL-IQ40,safe_range,selection,90301,PAL,18,3,1000000.0,,True,bars,,,,,
4.31738945759316,44.503713424212386,True,88.93475533249686,610,8,0,2.025,2.025,1000000.0,49.00038346623475,27.174513327354575,-25.647234331956714,-0.8657889205341647,87.86649085484194,1000000.0,1000000.0,610,610,2,0,0.0,4.494841425719151,0.5305974639647122,HC50,safe_range,selection,90301,PAL,18,3,1000000.0,,False,bars,,,,,
11.962331677673596,98.0640539267079,True,3.7095357590966125,23,0,0,1.825,0.8724999999999999,2.433926911997809,5.045296288612995,-1.2244556338824228,-2.939042291955822,-60.00692982697491,111.80724705177843,1.425,0.8724999999999999,610,2,2,375,0.6147540983606558,17.52350207362445,0.47156135441411823,PLL96-board-fixed,safe_range,selection,90301,PAL,18,3,1000000.0,,False,bars,,,,,
14.713202050270294,97.15141209655717,True,0.7559598494353826,0,0,2,0.075,0.06624999999999999,0.025547288201024965,1.6876050987113582,1.77225807682467,-1.242144359973386,-49.83670926320515,116.94545579299466,0.075,0.06624999999999999,610,0,2,0,0.0,27.30707192678758,0.6527844495774681,RNG-19dd4d261cd8,safe_range,selection,90301,PAL,18,3,1000000.0,,True,bars,,,,,
14.725447636944804,96.38102069787939,True,0.7283563362609787,0,0,2,0.075,0.075,0.025786799266164125,1.4882713879237863,1.9378627390760164,-2.4094462933606366,-51.27989356667429,114.89776513470858,0.075,0.075,610,0,2,0,0.0,26.709093340750698,0.6533042477825193,RNG-be7d624325f0,safe_range,selection,90301,PAL,18,3,1000000.0,,True,bars,,,,,
14.704466220724706,95.4170445977332,True,0.732120451693852,0,0,2,0.075,0.075,0.025325746635054037,2.04282892068469,2.0698727232464917,-3.3884219104696602,-50.196573405560855,114.18988544836458,0.075,0.075,610,0,2,0,0.0,25.648094519529035,0.6526542994820658,RNG-6de7d9a9b47e,safe_range,selection,90301,PAL,18,3,1000000.0,,True,bars,,,,,
14.70057278678388,95.30675763931703,True,0.6982434127979925,0,0,2,0.075,0.06624999999999999,0.025647356301301345,1.478942206792369,2.1484587950839416,-3.620292310872611,-50.795660976651305,113.54542411927832,0.075,0.06624999999999999,610,0,2,0,0.0,25.320787411737165,0.6546735567816381,RNG-497b69de2e3d,safe_range,selection,90301,PAL,18,3,1000000.0,,True,bars,,,,,
15.136695320053544,95.64093689568524,True,1.0570890840652447,0,0,2,0.075,0.05,0.04031128874149275,1.3838106470743505,2.028406153148589,-2.7315669769477737,-51.014421437879996,108.16506395384963,0.075,0.05,610,0,2,0,0.0,24.981190055869025,0.6707802031872341,RNG-49c57570d609,safe_range,selection,90301,PAL,18,3,1000000.0,,True,bars,,,,,
14.605202135677475,93.85189429956242,True,0.7239648682559598,0,0,2,0.075,0.06624999999999999,0.025466950617820183,1.8299440754803926,2.5973515500147775,-5.237350955336274,-51.722847508112864,111.93506951161484,0.075,0.06624999999999999,610,0,2,0,0.0,23.470748804588403,0.6542327039097213,RNG-6155ad8b2b89,safe_range,selection,90301,PAL,18,3,1000000.0,,True,bars,,,,,
15.098594260370731,95.41523699125737,True,1.0395232120451692,0,0,2,0.075,0.05,0.039320561508923664,1.1910900427603521,2.0703621259463665,-3.283019912212798,-51.24860875119337,108.44530025358281,0.075,0.05,610,0,2,0,0.0,24.681236823416373,0.6698215689048181,RNG-d468ed53d6c8,safe_range,selection,90301,PAL,18,3,1000000.0,,True,bars,,,,,
14.475425520008399,96.0824220717176,True,0.43287327478042664,0,0,2,0.05,0.05,0.2795323231258438,2.33979246339833,2.0957500025139195,-2.5064310234957317,-51.86914958746062,123.86272051389591,0.05,0.05,610,0,2,8,0.013114754098360656,26.913392574969052,0.6562690929593793,RNG-7b1f18f0a479,safe_range,selection,90301,PAL,18,3,1000000.0,,True,bars,,,,,
14.478510917679046,96.07685584469907,True,0.45922208281053956,0,0,2,0.05,0.05,0.34351873740863054,1.9543717892229955,2.4866779509681955,-2.5015417412250103,-55.94698847714945,122.62657872139505,0.05,0.05,610,0,2,7,0.011475409836065573,26.772335729668598,0.6575691753434435,RNG-e95ea18fb0e8,safe_range,selection,90301,PAL,18,3,1000000.0,,True,bars,,,,,
14.377462941925534,96.51890603838211,True,0.7132998745294855,0,0,2,0.05,0.05,0.5122105340068096,2.703716151104346,2.1025755829316535,-1.3337186406092283,-59.17067049825806,121.54709547545801,0.05,0.05,610,0,2,17,0.027868852459016394,26.819483085964812,0.6417947185150555,RNG-05f7d4c3f5f7,safe_range,selection,90301,PAL,18,3,1000000.0,,False,bars,,,,,
15.453231708738196,97.49997501825827,True,0.37013801756587206,0,0,2,0.05,0.05,0.026004413244615256,0.2843152330304407,1.0903418689666946,-1.3567352532013544,-61.06679076076427,123.95340113929812,0.05,0.05,610,0,2,0,0.0,28.08807907931042,0.703428569933829,OVP56,safe_range,selection,90301,PAL,22,3,1000000.0,,True,bars,0.8246160227493812,-60.615265765321176,16.462913845504513,23.221391008425275,12.142931193695231
15.656466914244964,97.4887669596899,True,0.3588456712672522,0,0,2,0.05,0.04124999999999999,0.021991056304258082,0.43976086147301796,1.2412593710223447,-1.2252523691104424,-59.794086602297064,124.02451830566035,0.05,0.04124999999999999,610,0,2,0,0.0,28.404432029918183,0.7120216162742043,VLP56,safe_range,selection,90301,PAL,22,3,1000000.0,,True,bars,0.8120885898154024,-60.44912911945345,15.464424347158015,23.033574326645812,11.900746201561644
15.66347260552021,95.61277625464018,True,0.9830614805520703,0,0,2,0.06374999999999886,0.05,0.03872983346207417,1.362675922547332,1.9548727024767794,-2.952701480294379,-49.28666933074101,107.41646958363098,0.06374999999999886,0.05,610,0,2,0,0.0,25.124539779571112,0.6995179984621853,RANGE32,safe_range,selection,90301,PAL,22,3,1000000.0,,True,bars,0.7919629574356083,-61.465902862245066,15.623062699014707,22.393447483002948,11.991631572137674
-6.659943846441607,-82.6409899203573,False,603.969887076537,610,8,54,2.025,2.025,1000000.0,84.24853618521423,22.908488902457993,-156.19709210879768,-67.80089631965585,70.11750084030011,1000000.0,1000000.0,610,610,2,1441,2.362295081967213,-6.704284722085918,-0.3555762932743812,PLL96-rejected-board,safe_range,selection,90301,PAL,22,3,1000000.0,contrast;waveform;detail_floor;sync;h_jitter_us;v_jitter_us;h_width_rmse_us;sync_error_ire;black_error_ire;white_error_ire;contrast;stress_waveform;reference_detail;burst_gain;burst_phase_jitter_deg;burst_amplitude_jitter_pct;burst_rmse_ire;h_missing;v_missing;vertical_trains;sync_error_ire;black_error_ire;white_error_ire,False,bars,0.3267477583711716,63.93589959590291,27.050814657173582,34.26077306222463,28.779914457861636
8.948566011651879,98.05799238687155,True,6.249686323713927,599,8,0,2.025,2.025,3.679558088585194,14.84655612410314,-1.132344464576786,-1.6270949972035738,-48.75514243812103,110.81132386824972,1.825,1000000.0,610,146,2,6,0.009836065573770493,11.749736415928814,0.36125334659739505,PLL96-IQ-corrected,safe_range,selection,90301,PAL,22,3,1000000.0,waveform;detail_floor;sync;h_jitter_us;v_jitter_us;h_width_rmse_us;sync_error_ire;stress_waveform;reference_detail;burst_gain;burst_phase_jitter_deg;burst_amplitude_jitter_pct;burst_rmse_ire;h_missing;v_missing;vertical_trains;sync_error_ire,False,bars,0.3776250754750229,-112.45719787278466,26.98202034556626,33.36857106189505,16.860422468782826
20.929469730745737,96.39379777769412,True,0.0,0,0,2,0.025,0.025,0.019364916731037084,1.6406956109975206,1.745781082800014,-1.0671456253823863,-49.58091570135158,114.07243443095301,0.025,0.025,610,0,2,0,0.0,28.838109906308024,0.9099821311547418,floating-PLL-IQ40,safe_range,selection,90301,PAL,22,3,1000000.0,burst_gain,True,bars,0.48707753006861787,13.511247279160637,10.252260632065504,19.64945422440181,6.966627156191794
4.329867111026132,44.504261411911045,True,88.85570890840653,610,8,0,2.025,2.025,1000000.0,48.96403382316964,27.18217581791252,-25.61092170348338,1.091155396323046,84.45207390807046,1000000.0,1000000.0,610,610,2,0,0.0,4.495778734209156,0.5548128796489625,HC50,safe_range,selection,90301,PAL,22,3,1000000.0,contrast;waveform;detail_floor;sync;h_jitter_us;v_jitter_us;h_width_rmse_us;sync_error_ire;black_error_ire;white_error_ire;contrast;stress_waveform;reference_detail;burst_gain;burst_rmse_ire;h_missing;v_missing;vertical_trains;sync_error_ire;black_error_ire;white_error_ire,False,bars,0.4141494975641196,98.48819325169754,14.553147816291569,21.572575215854354,30.722207312162464
11.93637135278339,97.39476428826791,True,3.6304893350062732,0,0,2,0.425,0.3787499999999998,0.12509013143972053,5.618313727271493,-0.8286335950316006,-2.713209442389308,-58.18966389414644,111.44981708815693,0.425,0.37874999999999986,610,0,2,0,0.0,17.148556757710857,0.4776212552217934,PLL96-board-fixed,safe_range,selection,90301,PAL,22,3,1000000.0,waveform;detail_floor;h_jitter_us;v_jitter_us;sync_error_ire;stress_waveform;reference_detail;burst_gain;burst_phase_jitter_deg;burst_amplitude_jitter_pct;burst_rmse_ire,True,bars,0.43192848590026445,-99.52134770310934,24.928935654450854,34.101628230832304,15.466681060730954
15.342091779548424,97.1886228795993,True,0.7082810539523212,0,0,2,0.075,0.05,0.024356471520276347,1.790278667183081,1.7381133224942764,-1.2308648148162398,-49.58080839665437,113.43639077260615,0.075,0.05,610,0,2,0,0.0,27.43252941015694,0.6844975464316444,RNG-19dd4d261cd8,safe_range,selection,90301,PAL,22,3,1000000.0,,True,bars,0.7767614909834923,-61.943094564709746,16.887172545700597,25.311730063603253,12.12888110811442
15.339580338193489,96.46873933450556,True,0.6750313676286073,0,0,2,0.075,0.06624999999999999,0.024545040566139684,1.6010946590164263,1.8755364675221875,-2.3080890122811386,-50.16531871597364,112.429486446947,0.075,0.06624999999999999,610,0,2,0,0.0,26.97496371989336,0.6843567793967412,RNG-be7d624325f0,safe_range,selection,90301,PAL,22,3,1000000.0,,True,bars,0.7703987291698988,-61.56268228610061,17.13018581969438,25.67902404687167,12.074643003667186
15.305102567913828,95.48810134217369,True,0.679422835633626,0,0,2,0.075,0.06624999999999999,0.022970936733756192,2.2015207609761362,2.006053851432997,-3.3204999906261348,-49.02911137248758,111.33870253493514,0.075,0.06624999999999999,610,0,2,0,0.0,25.865544229245153,0.6837482351169349,RNG-6de7d9a9b47e,safe_range,selection,90301,PAL,22,3,1000000.0,,True,bars,0.7597857955303684,-61.71204398739276,16.810870718632547,25.781987397942174,12.065085173384553
15.298231979654524,95.4078869039716,True,0.6474278544542033,0,0,2,0.075,0.06624999999999999,0.02416643112755011,1.6794482872004695,2.067549395676455,-3.4781556770891244,-50.2096231353964,110.71108202009587,0.075,0.06624999999999999,610,0,2,0,0.0,25.62731340957642,0.6853640444873064,RNG-497b69de2e3d,safe_range,selection,90301,PAL,22,3,1000000.0,,True,bars,0.7591023074994624,-61.0796979009455,16.436890236033314,25.757767439572405,11.997121863021464
15.66347260552021,95.61277625464018,True,0.9830614805520703,0,0,2,0.06374999999999886,0.05,0.03872983346207417,1.362675922547332,1.9548727024767794,-2.952701480294379,-49.28666933074101,107.41646958363098,0.06374999999999886,0.05,610,0,2,0,0.0,25.124539779571112,0.6995179984621853,RNG-49c57570d609,safe_range,selection,90301,PAL,22,3,1000000.0,,True,bars,0.7919629574356083,-61.465902862245066,15.623062699014707,22.393447483002948,11.991631572137674
15.169174710852857,93.9739079862858,True,0.6844416562107905,0,0,2,0.075,0.075,0.023082176787424136,1.9667110005443778,2.49034779001624,-5.130390822730412,-50.6852645067517,108.22940801659867,0.075,0.075,610,0,2,0,0.0,23.718326945104224,0.684720668023144,RNG-6155ad8b2b89,safe_range,selection,90301,PAL,22,3,1000000.0,white_error_ire,True,bars,0.7308627774884995,-61.42736989019962,16.844012693338687,26.140174020698705,12.009177864973589
15.63302335832507,95.44017891709,True,0.9611041405269762,0,0,2,0.075,0.05,0.038183658851381544,1.178119557871733,1.9708049585162106,-3.4810702499458066,-50.379650476942096,107.1577635954816,0.075,0.05,610,0,2,0,0.0,24.88612774966915,0.6990559677509229,RNG-d468ed53d6c8,safe_range,selection,90301,PAL,22,3,1000000.0,,True,bars,0.7905187937025551,-61.40493736293413,15.625016913816047,23.00086153665976,11.98603236194266
15.156150568134116,96.1241061206324,True,0.38017565872020076,0,0,2,0.05,0.05,0.04074108571913333,2.3773206477228013,2.1097345666484197,-2.4367795724408823,-48.52229642382126,119.79322745052322,0.05,0.05,610,0,2,0,0.0,27.08319716764524,0.6892647500862336,RNG-7b1f18f0a479,safe_range,selection,90301,PAL,22,3,1000000.0,,True,bars,0.822732454338117,-60.208840371970005,16.48403516025425,24.805645555935307,12.15966747454258
15.148777265803798,96.06651428083092,True,0.3877038895859473,0,0,2,0.05,0.05,0.08740920347685945,2.1245420474942067,2.4880960050616974,-2.444659254444292,-55.01450017724476,122.18685256357982,0.05,0.05,610,0,2,1,0.001639344262295082,26.906730723238297,0.689685927620746,RNG-e95ea18fb0e8,safe_range,selection,90301,PAL,22,3,1000000.0,,True,bars,0.8134889118521088,-60.76715232362883,16.705739691134415,24.758126913222597,12.263954464659593
15.057697811565632,96.57258589149576,True,0.6286072772898369,0,0,2,0.05,0.05,0.09382578903758065,2.590460232709224,2.1168790628967313,-1.3145349994528714,-56.82289326221972,116.76795888642438,0.05,0.05,610,0,2,1,0.001639344262295082,26.968726743869496,0.6752435443340132,RNG-05f7d4c3f5f7,safe_range,selection,90301,PAL,22,3,1000000.0,,True,bars,0.8191514097534611,-60.7889750660617,16.893163707219358,25.073953245621432,12.287770373799946
15.871112353357299,97.58400379470419,True,0.328732747804266,0,0,2,0.05,0.04124999999999999,0.0197058283797243,0.13920592016375877,1.0908936811802001,-1.2614530509027746,-54.470286511253605,124.27083926175074,0.05,0.04124999999999999,610,0,2,0,0.0,28.22818407709583,0.7225001086301696,OVP56,safe_range,selection,90301,PAL,30,3,1000000.0,,True,bars,0.8234986374459965,-60.8917165010504,15.86786249977794,25.666148678498033,12.101970619382593
16.09121288928407,97.56014469682572,True,0.34316185696361357,0,0,2,0.05,0.04124999999999999,0.01776439614768268,0.29981021551709924,1.2507241205254973,-1.162140300397735,-53.94883725900765,123.61435257665649,0.05,0.04124999999999999,610,0,2,0,0.0,28.55632871423294,0.7314827390105879,VLP56,safe_range,selection,90301,PAL,30,3,1000000.0,,True,bars,0.8097289897087816,-60.73129245331239,14.958606749136687,25.198899934740584,11.841656524267238
15.991593129316623,95.67765684984046,True,0.9259723964868256,0,0,2,0.05,0.05,0.03859733278816887,1.2612985986785497,1.875495743842145,-3.0137623996260783,-44.66037587265918,103.41925800246331,0.05,0.05,610,0,2,0,0.0,25.27333746952927,0.7166247365899362,RANGE32,safe_range,selection,90301,PAL,30,3,1000000.0,,True,bars,0.7910656360937196,-61.53570310076312,15.029849914072358,25.762844785929598,11.936544007781759
-6.667284936793546,-82.92116006449315,False,604.5313676286073,610,8,55,2.025,2.025,1000000.0,85.0219670667787,22.8343368690685,-156.22610069728546,-67.83867111104279,67.11006574128736,1000000.0,1000000.0,610,610,2,1458,2.3901639344262295,-6.71122501316183,-0.35576188400972814,PLL96-rejected-board,safe_range,selection,90301,PAL,30,3,1000000.0,contrast;waveform;detail_floor;sync;h_jitter_us;v_jitter_us;h_width_rmse_us;sync_error_ire;black_error_ire;white_error_ire;contrast;stress_waveform;reference_detail;burst_gain;burst_phase_jitter_deg;burst_rmse_ire;h_missing;v_missing;vertical_trains;sync_error_ire;black_error_ire;white_error_ire,False,bars,0.3297135645641944,64.20174754519572,23.540041561147223,31.93689096426737,28.74649426142096
8.899530212042997,98.78179885646944,True,6.318067754077791,610,8,0,2.025,2.025,1000000.0,13.959472391210445,-1.11287845337681,-1.606129805423786,-45.869332097980816,106.99159676754435,1000000.0,1000000.0,610,610,2,0,0.0,11.663531275536648,0.3610086512764779,PLL96-IQ-corrected,safe_range,selection,90301,PAL,30,3,1000000.0,waveform;detail_floor;sync;h_jitter_us;v_jitter_us;h_width_rmse_us;sync_error_ire;stress_waveform;reference_detail;burst_gain;burst_phase_jitter_deg;burst_rmse_ire;h_missing;v_missing;vertical_trains;sync_error_ire,False,bars,0.3808480964860782,-112.75097419164537,23.97637673441123,30.75579146425729,16.93576495551005
21.61302046212525,96.41814371638901,True,0.0,0,0,2,0.025,0.025,0.019232187841749255,1.6363084701079695,1.7459185364030432,-1.0239272573684892,-45.13042297375729,112.10647142090643,0.025,0.025,610,0,2,0,0.0,28.957200139307805,0.9259741585316731,floating-PLL-IQ40,safe_range,selection,90301,PAL,30,3,1000000.0,burst_gain,True,bars,0.4875075176450393,12.862420598873946,7.523944214373473,16.118789351780894,6.848045108879077
4.337877742254995,44.51352338688033,True,88.77478042659975,610,8,0,2.025,2.025,1000000.0,48.943703584972624,27.1856466548948,-25.566588007864013,3.332007063863216,84.29970428474347,1000000.0,1000000.0,610,610,2,0,0.0,4.497085836856399,0.5705663353690679,HC50,safe_range,selection,90301,PAL,30,3,1000000.0,contrast;waveform;detail_floor;sync;h_jitter_us;v_jitter_us;h_width_rmse_us;sync_error_ire;black_error_ire;white_error_ire;contrast;stress_waveform;reference_detail;burst_gain;burst_rmse_ire;h_missing;v_missing;vertical_trains;sync_error_ire;black_error_ire;white_error_ire,False,bars,0.41280766606389796,98.22819216156256,14.634822234943838,23.86972962358705,30.716764302106057
11.858256533095286,96.95577610454322,True,3.5508155583437895,0,0,2,0.25,0.06624999999999999,0.09818016226455874,5.734129461167184,-0.6626935559956928,-2.6637014517366797,-57.509762659777,110.88137694793555,0.25,0.06624999999999999,610,0,2,0,0.0,16.728054883255513,0.4814674327857651,PLL96-board-fixed,safe_range,selection,90301,PAL,30,3,1000000.0,waveform;detail_floor;sync_error_ire;stress_waveform;reference_detail;burst_gain;burst_phase_jitter_deg;burst_rmse_ire,True,bars,0.43549768399601896,-100.46630133674658,23.53056805940708,30.037997011570233,15.49229741141918
15.739138351637688,97.20094532707746,True,0.6982434127979925,0,0,2,0.075,0.05,0.023803326672037623,1.8499439779853677,1.709392464611092,-1.256267972411132,-48.630859875626555,111.4080056512821,0.075,0.05,610,0,2,0,0.0,27.526380400286744,0.7038470609398229,RNG-19dd4d261cd8,safe_range,selection,90301,PAL,30,3,1000000.0,,True,bars,0.772727775512583,-61.7249484377695,16.421747148555376,28.968597188412406,12.014159161081963
15.723941861609559,96.52000398697135,True,0.6568381430363864,0,0,2,0.075,0.05,0.023760243692518578,1.6365799119490667,1.8426351835199923,-2.274331787944085,-47.66105043555951,109.74114339244521,0.075,0.05,610,0,2,0,0.0,27.144327491838695,0.703083317744007,RNG-be7d624325f0,safe_range,selection,90301,PAL,30,3,1000000.0,,True,bars,0.7656533006752944,-61.44169535391313,16.340102069416865,29.436124909147903,11.97280232768989
15.671931655236772,95.50915736809432,True,0.6637390213299875,0,0,2,0.075,0.05,0.021662462812015792,2.2915339225921607,1.9720603260428287,-3.3359568746935677,-47.02956180860647,108.64976601149591,0.075,0.05,610,0,2,0,0.0,25.975809432589855,0.7022514226453469,RNG-6de7d9a9b47e,safe_range,selection,90301,PAL,30,3,1000000.0,,True,bars,0.7566148274107233,-61.56450329518828,16.351270470919335,29.433749712500425,11.96155594243448
15.667018264801802,95.46285252762631,True,0.6279799247176914,0,0,2,0.075,0.05,0.02144856600350143,1.7846574559497497,2.0301821957277184,-3.413214732379634,-46.43103874968857,109.54925552812061,0.075,0.05,610,0,2,0,0.0,25.807383794565215,0.7036314554506505,RNG-497b69de2e3d,safe_range,selection,90301,PAL,30,3,1000000.0,,True,bars,0.7605467660813953,-61.06429693997525,16.295660661245943,28.051238926426038,11.90334388674574
15.991593129316623,95.67765684984046,True,0.9259723964868256,0,0,2,0.05,0.05,0.03859733278816887,1.2612985986785497,1.875495743842145,-3.0137623996260783,-44.66037587265918,103.41925800246331,0.05,0.05,610,0,2,0,0.0,25.27333746952927,0.7166247365899362,RNG-49c57570d609,safe_range,selection,90301,PAL,30,3,1000000.0,,True,bars,0.7910656360937196,-61.53570310076312,15.029849914072358,25.762844785929598,11.936544007781759
15.507454453810293,94.03321232248231,True,0.6681304893350063,0,0,2,0.075,0.075,0.021184203827457823,2.017734943787868,2.4464488449783497,-5.109602508235305,-46.904865483327946,106.8745342359159,0.075,0.075,610,0,2,0,0.0,23.84155654527707,0.702575754426315,RNG-6155ad8b2b89,safe_range,selection,90301,PAL,30,3,1000000.0,white_error_ire,True,bars,0.7270633568442588,-61.35344480855563,16.12204011609981,29.862238268028854,11.90326442773745
15.972113706588232,95.53801788786866,True,0.9040150564617315,0,0,2,0.05,0.05,0.03884869768055822,1.065188962919548,1.8772539885393893,-3.541651595312449,-45.1717952998497,103.91765576354014,0.05,0.05,610,0,2,0,0.0,25.073428289300367,0.7166873320667311,RNG-d468ed53d6c8,safe_range,selection,90301,PAL,30,3,1000000.0,,True,bars,0.7908820155835782,-61.48333349954175,14.899928872709184,25.792027032250832,11.929727752944737
15.585441671851605,96.14710255279134,True,0.3638644918444166,0,0,2,0.05,0.04124999999999999,0.02173329394210115,2.389488851415807,2.1059225469031904,-2.413248773382033,-47.87540347529406,119.50834583785776,0.05,0.04124999999999999,610,0,2,0,0.0,27.202442819341982,0.7093268010431107,RNG-7b1f18f0a479,safe_range,selection,90301,PAL,30,3,1000000.0,,True,bars,0.8192661107047449,-60.520537988327874,16.115048266431742,26.697444675357378,12.10125990278968
15.569909666085618,96.06719869095494,True,0.35194479297365117,0,0,2,0.05,0.05,0.02238357858261128,2.207865917712759,2.4796947215427227,-2.427683902885269,-51.00119925868845,121.06508097971222,0.05,0.05,610,0,2,0,0.0,26.99105623899569,0.7095338866941439,RNG-e95ea18fb0e8,safe_range,selection,90301,PAL,30,3,1000000.0,,True,bars,0.8234753990933554,-60.9199955386596,15.984945503955347,24.31600595627879,12.157656808063448
15.508227921838047,96.60559901466473,True,0.6003764115432874,0,0,2,0.05,0.04124999999999999,0.02242930606353668,2.542595275016987,2.1114925445031814,-1.3019296158133546,-50.200576628565784,115.60227798585997,0.05,0.04124999999999999,610,0,2,0,0.0,27.074852728844142,0.697337179464296,RNG-05f7d4c3f5f7,safe_range,selection,90301,PAL,30,3,1000000.0,,True,bars,0.8274243881597567,-60.93648614877504,15.975158914081383,24.876387224923548,12.186470793205608
5.058249408577391,80.6000604931332,True,64.59100392272562,503,12,0,2.025,2.025,3.675056688905175,16.945406318481112,5.116083144370412,-13.880599099044103,-83.52404773824364,142.3970683036461,1.3199999999999998,1000000.0,506,165,2,10,0.019762845849802372,12.363689698346946,0.2595659847207548,OVP56,safe_range,selection,90301,NTSC,4,3,1000000.0,,False,bars,,,,,
4.790446424164965,84.76811799279311,True,61.794217968672385,487,12,0,2.025,2.025,3.500967911276748,11.083996076198542,2.9622780679994976,-13.070383699658983,-89.02129742754495,150.072456790947,1.9549999999999996,1000000.0,506,75,2,14,0.02766798418972332,13.346387279332754,0.25613368860632335,VLP56,safe_range,selection,90301,NTSC,4,3,1000000.0,,False,bars,,,,,
5.861350564258977,88.59211275708135,True,39.019529333136646,87,0,0,2.025,1.4962499999999994,2.8246652176648195,8.953113448160433,1.8118874582849664,-11.735525494933542,-71.58438621620033,129.27871826054604,1.627499999999999,1.4962499999999994,506,3,2,381,0.7529644268774703,14.000475771696612,0.25501255117686766,RANGE32,safe_range,selection,90301,NTSC,4,3,1000000.0,,False,bars,,,,,
-6.651355168889603,-83.67764415634655,False,605.8458546454043,506,12,31,2.025,2.025,1000000.0,88.6533337774192,21.325811528126877,-156.40778546098605,-74.20384575208483,136.39961726956034,1000000.0,1000000.0,506,506,2,1629,3.219367588932806,-6.666486664292359,-0.2327082520982219,PLL96-rejected-board,safe_range,selection,90301,NTSC,4,3,1000000.0,,False,bars,,,,,
7.901941055371018,92.50069552323272,True,18.049655745453343,353,6,0,2.025,2.025,3.4120964172755017,10.725747506126334,0.26352821240123636,-4.143361159687396,-74.47314247517951,135.68710541066883,1.85,1.8375,506,20,2,167,0.3300395256916996,13.158842147441392,0.23185417438367364,PLL96-IQ-corrected,safe_range,selection,90301,NTSC,4,3,1000000.0,,False,bars,,,,,
10.14333746703886,95.78317054241522,True,2.242095090722438,129,1,0,2.025,1.9562499999999998,3.098181741941682,2.65194888742511,1.289289470907861,-2.569003548147572,-75.56909030246632,137.4057663804494,1.85,1.825,506,6,2,371,0.733201581027668,23.460799351014174,0.4727383034139416,floating-PLL-IQ40,safe_range,selection,90301,NTSC,4,3,1000000.0,,False,bars,,,,,
3.204903019388298,42.664523248037966,True,126.80443873112019,506,12,0,2.025,2.025,1000000.0,49.35189660548793,27.147794023005822,-28.96087462030304,-75.03594887767237,124.45046578600382,1000000.0,1000000.0,506,506,2,0,0.0,4.174503449511118,0.18740327451942493,HC50,safe_range,selection,90301,NTSC,4,3,1000000.0,,False,bars,,,,,
5.820920139288392,90.79243841335028,True,40.88229715775499,74,1,0,2.025,1.98375,2.847816333679258,3.1282653847329254,-1.7766719615818498,-14.469029224630374,-81.20913892889352,124.50962021613556,1.475,1.725,506,3,2,411,0.8122529644268774,11.054000850793111,0.20933297640671958,PLL96-board-fixed,safe_range,selection,90301,NTSC,4,3,1000000.0,,False,bars,,,,,
5.65098614861734,92.68753637722392,True,40.331369461746654,91,0,0,2.025,1.4824999999999995,2.992740715122479,6.839528187807771,1.5870886215705042,-5.944734927093001,-79.41476114930863,147.17096662378998,1.65,1.4824999999999995,506,3,2,403,0.7964426877470355,15.31748010439771,0.2643774093848,RNG-19dd4d261cd8,safe_range,selection,90301,NTSC,4,3,1000000.0,,False,bars,,,,,
5.911791698812886,90.42470582670752,True,37.93423187733881,111,0,0,2.025,1.4962499999999994,3.085932249434726,7.4626717247857615,2.0272204443461788,-8.751838745566388,-76.34368582294121,137.1461645988564,1.6824999999999988,1.4962499999999994,506,3,2,370,0.7312252964426877,15.162967010142916,0.26776346556211766,RNG-be7d624325f0,safe_range,selection,90301,NTSC,4,3,1000000.0,,False,bars,,,,,
5.971540034080624,89.53545515790964,True,36.78646584398811,130,0,0,2.025,1.8675,3.091388121640022,7.8972026732757215,2.261718261627288,-9.40368577690933,-76.19788719702149,136.86580007693289,1.7,1.8674999999999997,506,4,2,379,0.7490118577075099,15.003688939740288,0.2678606260239231,RNG-6de7d9a9b47e,safe_range,selection,90301,NTSC,4,3,1000000.0,,False,bars,,,,,
6.072660752110538,88.11142676078538,True,37.09504556442994,163,0,0,2.025,1.6199999999999997,3.157739289400737,8.106754379675829,2.3334212801057124,-11.56475479143801,-73.40354889623015,133.96400894630847,1.7474999999999994,1.6199999999999997,506,5,2,342,0.6758893280632411,14.691298483615592,0.26919138757193356,RNG-497b69de2e3d,safe_range,selection,90301,NTSC,4,3,1000000.0,,False,bars,,,,,
5.861350564258977,88.59211275708135,True,39.019529333136646,87,0,0,2.025,1.4962499999999994,2.8246652176648195,8.953113448160433,1.8118874582849664,-11.735525494933542,-71.58438621620033,129.27871826054604,1.627499999999999,1.4962499999999994,506,3,2,381,0.7529644268774703,14.000475771696612,0.25501255117686766,RNG-49c57570d609,safe_range,selection,90301,NTSC,4,3,1000000.0,,False,bars,,,,,
6.169276315779441,86.46555126215584,True,35.34667802641442,172,2,0,2.025,2.025,3.188800515483041,8.88981574676606,2.9727908022620224,-12.791131921902679,-72.66701700801056,133.32004736154033,1.75,1.89375,506,4,2,336,0.6640316205533597,14.315164410422103,0.2693208270915752,RNG-6155ad8b2b89,safe_range,selection,90301,NTSC,4,3,1000000.0,,False,bars,,,,,
5.907923360720105,87.75375018737886,True,39.01877669967215,101,1,0,2.025,1.5299999999999994,2.855890598589363,8.954179920038023,1.954707968405627,-13.028769155350837,-69.23917048623112,126.52144076026026,1.6,0.8125,506,3,2,387,0.7648221343873518,13.855961106742942,0.25532210483009277,RNG-d468ed53d6c8,safe_range,selection,90301,NTSC,4,3,1000000.0,,False,bars,,,,,
5.574288421282966,89.93665716349878,True,45.52228246634976,339,6,0,2.025,2.025,3.415284090549669,7.004978078361917,2.1128341834674678,-9.440102353732662,-85.07896196257462,138.49747274659785,1.8599999999999994,1.8,506,11,2,166,0.32806324110671936,15.451166264455438,0.2675308468527022,RNG-7b1f18f0a479,safe_range,selection,90301,NTSC,4,3,1000000.0,,False,bars,,,,,
5.810162292056992,89.85567563038788,True,49.52779776437756,409,10,0,2.025,2.025,3.418036981093638,6.827082996267189,2.6756360699963935,-8.525867545387598,-82.29793511764053,140.58217858352282,1.864999999999999,1.8575,506,21,2,89,0.17588932806324112,16.26826807189837,0.26813957800011484,RNG-e95ea18fb0e8,safe_range,selection,90301,NTSC,4,3,1000000.0,,False,bars,,,,,
5.65947572106508,92.3528977921753,True,43.33437698507076,425,11,0,2.025,2.025,3.4565981813994986,7.343998191772013,2.203198729941714,-5.7661874525069345,-89.14856133491872,145.41952625278446,1.925,1.95,506,23,2,72,0.1422924901185771,16.371248967853948,0.2716139856206313,RNG-05f7d4c3f5f7,safe_range,selection,90301,NTSC,4,3,1000000.0,,False,bars,,,,,
7.4314779369493795,87.80275562973745,True,22.24257677613971,466,10,0,2.025,2.025,3.476114929055137,10.894878803609862,2.7976159256643207,-9.342696741509535,-78.59514676335417,138.25280742091593,1.92625,0.04875,506,53,2,44,0.08695652173913043,16.473310260304622,0.3501277654851485,OVP56,safe_range,selection,90301,NTSC,6,3,1000000.0,,False,bars,,,,,
7.424499172812,91.1604668317122,True,20.18562951768237,406,8,0,2.025,2.025,3.417835572405437,6.804738902633141,1.5189772746153007,-7.844274963148525,-81.2026186158786,143.24729486218746,1.9,1.35,506,23,2,104,0.20553359683794467,18.31142375775153,0.3534048666093804,VLP56,safe_range,selection,90301,NTSC,6,3,1000000.0,,False,bars,,,,,
8.526188746127477,93.81755123181576,True,12.626179000322127,6,0,0,1.125,0.5799999999999993,1.9725741430932324,3.486595364863968,1.72159443283227,-5.4622437157669905,-65.78925985138731,128.7892942323528,1.0262499999999988,0.5799999999999994,506,1,2,268,0.5296442687747036,19.23807247622518,0.3521706786328429,RANGE32,safe_range,selection,90301,NTSC,6,3,1000000.0,,False,bars,,,,,
-6.617951221264139,-83.6273877037447,False,602.0789241556205,506,12,41,2.025,2.025,1000000.0,86.84097936208555,22.338071349747132,-157.03634804352984,-73.26359250287922,132.1840368788067,1000000.0,1000000.0,506,506,2,1338,2.644268774703557,-6.653212285775546,-0.28581322309738333,PLL96-rejected-board,safe_range,selection,90301,NTSC,6,3,1000000.0,,False,bars,,,,,
9.058768704752318,93.61145413821768,True,8.21800479879097,385,9,0,2.025,2.025,3.5079565700733326,12.289550979945945,-0.6472395527178051,-2.9769447692411206,-72.99836894733804,132.89547397980974,1.95,1.8225000000000002,506,16,2,111,0.21936758893280633,14.227047661458341,0.2827761907916626,PLL96-IQ-corrected,safe_range,selection,90301,NTSC,6,3,1000000.0,,False,bars,,,,,
12.01659069409606,95.9658500427767,True,0.3078270869773337,26,0,0,2.01875,1.3937499999999994,2.6727326839772063,2.281307514749386,1.4417367751453656,-1.981707583211576,-69.71080793673845,129.58875950538052,1.475,1.3937499999999994,506,1,2,413,0.8162055335968379,25.67319846474892,0.5669558433541758,floating-PLL-IQ40,safe_range,selection,90301,NTSC,6,3,1000000.0,,False,bars,,,,,
3.841765157552021,44.31538598969246,True,105.45824841119075,506,12,0,2.025,2.025,1000000.0,49.025215436792436,27.098898542165443,-26.54216385044973,-65.14350046307509,120.62169845621517,1000000.0,1000000.0,506,506,2,0,0.0,4.410617982542839,0.27177744585752733,HC50,safe_range,selection,90301,NTSC,6,3,1000000.0,,False,bars,,,,,
8.702767298428778,95.63317891904829,True,13.06044850933416,8,1,0,1.5,1.5024999999999993,2.369769393403427,0.4687963839977463,-2.4502656949227033,-10.077024419187143,-80.57740633570404,122.42747693496736,1.325,0.925,506,1,2,358,0.7075098814229249,14.88576672062827,0.3045743674262899,PLL96-board-fixed,safe_range,selection,90301,NTSC,6,3,1000000.0,,False,bars,,,,,
8.334977771220085,96.1976328758917,True,12.31684664641581,7,0,0,1.375,0.6187499999999995,2.3459170175661828,2.4546187692497754,1.3857578036130496,-2.540482786859556,-71.90999056678693,145.40712535473742,1.2774999999999992,0.6187499999999994,506,2,2,337,0.66600790513834,21.347378893804994,0.3626877271283431,RNG-19dd4d261cd8,safe_range,selection,90301,NTSC,6,3,1000000.0,,False,bars,,,,,
8.485804482036626,94.40188635270529,True,11.632702827192347,12,0,0,1.55,1.4712499999999995,2.5252517712293887,2.891244564732073,1.8344267490195105,-4.874438254705512,-70.37172650928798,139.60329299084455,1.3587499999999992,1.4712499999999995,506,2,2,375,0.741106719367589,20.769091477453333,0.36431374080693096,RNG-be7d624325f0,safe_range,selection,90301,NTSC,6,3,1000000.0,,False,bars,,,,,
8.540864243471667,93.46037974820752,True,11.151017409917301,18,0,0,1.725,1.4712499999999995,2.585761324851611,3.342964438979161,2.0426677494409016,-5.629743216999785,-68.31181045255144,138.95168525645926,1.4,1.4712499999999995,506,2,2,384,0.758893280632411,20.3406717081578,0.3643087243864604,RNG-6de7d9a9b47e,safe_range,selection,90301,NTSC,6,3,1000000.0,,False,bars,,,,,
8.551538793705138,92.5382311177422,True,11.366270580762087,33,0,0,2.025,1.4712499999999995,2.7184700258020014,3.3425025913837247,2.1507019434958057,-7.185295437655771,-67.53378598326195,136.5374567075278,1.4849999999999994,1.4712499999999995,506,2,2,415,0.8201581027667985,19.685808267847186,0.3639451471381189,RNG-497b69de2e3d,safe_range,selection,90301,NTSC,6,3,1000000.0,,False,bars,,,,,
8.526188746127477,93.81755123181576,True,12.626179000322127,6,0,0,1.125,0.5799999999999993,1.9725741430932324,3.486595364863968,1.72159443283227,-5.4622437157669905,-65.78925985138731,128.7892942323528,1.0262499999999988,0.5799999999999994,506,1,2,268,0.5296442687747036,19.23807247622518,0.3521706786328429,RNG-49c57570d609,safe_range,selection,90301,NTSC,6,3,1000000.0,,False,bars,,,,,
8.630238181518175,90.85269305042571,True,10.701695231615423,41,0,0,2.025,1.4712499999999995,2.794427057671243,4.08326931943015,2.7787819608353743,-8.569561340138645,-66.14286683433743,135.76044534267658,1.5449999999999988,1.4712499999999995,506,2,2,432,0.8537549407114624,18.79950426239673,0.36423944039190737,RNG-6155ad8b2b89,safe_range,selection,90301,NTSC,6,3,1000000.0,,False,bars,,,,,
8.541065187300337,93.11002168879385,True,12.674347542049631,6,0,0,1.19375,0.5912499999999994,2.067890531435356,3.421579946537576,1.9001041331174215,-6.601241355203215,-66.10048212111286,123.62260391852104,1.101249999999999,0.5912499999999994,506,1,2,282,0.5573122529644269,18.949263137868662,0.3517713347114779,RNG-d468ed53d6c8,safe_range,selection,90301,NTSC,6,3,1000000.0,,False,bars,,,,,
7.936986645856296,93.78781193357078,True,15.11965366818498,188,2,0,2.025,2.025,3.2192406278695267,3.8846820075188773,1.8055845691596253,-5.461103974248806,-80.52378864951937,138.62409236126018,1.8787499999999995,1.3624999999999985,506,6,2,349,0.6897233201581028,20.811015852630174,0.35852099689233,RNG-7b1f18f0a479,safe_range,selection,90301,NTSC,6,3,1000000.0,,False,bars,,,,,
7.8695965953504174,93.49898840898386,True,17.500233316373993,226,5,0,2.025,2.025,3.263208393262242,4.1653706484231305,1.8934053562521709,-5.565139873508903,-75.75213914233451,138.06398078784932,1.9012500000000003,1.7524999999999995,506,9,2,281,0.5553359683794467,20.820093244140505,0.35348886575012783,RNG-e95ea18fb0e8,safe_range,selection,90301,NTSC,6,3,1000000.0,,False,bars,,,,,
8.019079744410918,95.41109751217974,True,14.254125184018882,315,5,0,2.025,2.025,3.3921109776681475,4.11015715934112,1.8293162865158064,-2.724356000733504,-84.00948072433519,143.88817346074887,1.8625,1.7449999999999997,506,10,2,176,0.34782608695652173,22.021919140132887,0.3605599164476147,RNG-05f7d4c3f5f7,safe_range,selection,90301,NTSC,6,3,1000000.0,,False,bars,,,,,
9.467856361510917,91.54132462564763,True,5.507771693154347,346,8,0,2.025,2.025,3.4018021418800948,7.384077174173299,1.9932446712493044,-6.595874579032293,-79.10504407238984,134.29974176351897,1.825,1.6599999999999995,506,12,2,183,0.3616600790513834,19.913565188512035,0.43821936006220685,OVP56,safe_range,selection,90301,NTSC,8,3,1000000.0,,False,bars,,,,,
9.56828185299469,93.93281687468709,True,4.678369615283878,227,4,0,2.025,2.025,3.2916925274606834,4.687769889123869,1.2170411606188558,-5.215536723969142,-78.22610805566634,135.19094267420684,1.775,1.6962499999999998,506,8,2,300,0.5928853754940712,22.19207376267355,0.44448172462596275,VLP56,safe_range,selection,90301,NTSC,8,3,1000000.0,,False,bars,,,,,
10.638874748315004,95.169877371298,True,3.7985410952924283,0,0,2,0.46249999999999997,0.2799999999999997,1.0604330627778498,2.0034597967790315,2.096996646405323,-3.098533849712911,-61.1169309446977,122.8606103314478,0.4625,0.2799999999999997,506,0,2,80,0.15810276679841898,22.962093789446612,0.44569343766052827,RANGE32,safe_range,selection,90301,NTSC,8,3,1000000.0,,False,bars,,,,,
-6.568142144951546,-82.85515622209618,False,599.8556449015103,506,12,44,2.025,2.025,1000000.0,85.41669447676861,22.955782400940848,-156.66661522956977,-71.34458742125706,131.03981173007554,1000000.0,1000000.0,506,506,2,1222,2.4150197628458496,-6.610139958588531,-0.31196899705367553,PLL96-rejected-board,safe_range,selection,90301,NTSC,8,3,1000000.0,,False,bars,,,,,
9.355234658830266,93.93825600387433,True,6.2987894643357105,432,11,0,2.025,2.025,3.5577867113956936,14.01888682259783,-0.9975604148986639,-2.6283147551660284,-70.92009451734114,129.53842183208394,1.85,0.1,506,26,2,82,0.16205533596837945,13.84289654035019,0.30971718978753354,PLL96-IQ-corrected,safe_range,selection,90301,NTSC,8,3,1000000.0,,False,bars,,,,,
13.807705103765326,95.72092915782832,True,0.03236323897316711,1,0,1,1.0187499999999998,0.025,1.9602343136361111,2.3886590710258155,1.763148091064316,-1.789979428858901,-65.45810447918167,127.21929716149846,0.9949999999999989,0.025,506,1,2,249,0.49209486166007904,26.376428393129828,0.6535613102197303,floating-PLL-IQ40,safe_range,selection,90301,NTSC,8,3,1000000.0,,False,bars,,,,,
4.062782752556341,44.475195135774506,True,97.52323379504888,506,12,0,2.025,2.025,1000000.0,49.21724990276255,27.201412802213017,-25.883129120949697,-52.0854384655636,105.80479405644648,1000000.0,1000000.0,506,506,2,0,0.0,4.430313139193611,0.35077522733842553,HC50,safe_range,selection,90301,NTSC,8,3,1000000.0,,False,bars,,,,,
10.364852679912236,97.56479530294085,True,5.527340163231146,15,1,0,1.60625,1.5024999999999993,2.2075850542830944,0.5164373774355465,-2.461815642192758,-7.514918562913992,-80.04075979823253,116.25217463936632,1.0125,1.0125,506,1,2,311,0.6146245059288538,16.94860537537472,0.37427225787522317,PLL96-board-fixed,safe_range,selection,90301,NTSC,8,3,1000000.0,,False,bars,,,,,
10.293023507116688,96.52494618068239,True,3.369540020531841,0,0,2,0.825,0.34874999999999984,1.590340701683394,1.9800359705753887,1.6673687656813898,-1.8827724253241371,-69.93072579408344,144.11745147387086,0.825,0.3487499999999998,506,0,2,165,0.32608695652173914,25.138530079454586,0.44675840915365206,RNG-19dd4d261cd8,safe_range,selection,90301,NTSC,8,3,1000000.0,,False,bars,,,,,
10.375471218472914,95.13669382615213,True,3.275460837470309,1,0,0,0.95,1.141249999999999,1.780224496355935,2.121056127684555,2.0857327225570925,-3.7833129730630635,-64.47234146480805,126.57197544895585,0.9449999999999988,1.141249999999999,506,1,2,211,0.41699604743083,23.953846434545518,0.44777500640258394,RNG-be7d624325f0,safe_range,selection,90301,NTSC,8,3,1000000.0,,False,bars,,,,,
10.412396906551969,94.19646736179153,True,3.165576351654439,1,0,0,0.96875,1.141249999999999,1.8526543040451529,2.55686743265071,2.256088561992245,-4.597045289344661,-63.47847802733863,126.17512906937169,0.9349999999999966,1.141249999999999,506,1,2,206,0.40711462450592883,23.16666953787817,0.4474054586265016,RNG-6de7d9a9b47e,safe_range,selection,90301,NTSC,8,3,1000000.0,,False,bars,,,,,
10.393435612467915,93.65574539294737,True,3.2197659610978815,2,0,0,1.06875,1.223749999999999,1.9684396013811838,2.271528030061835,2.379561347592579,-5.62806460762473,-63.748694122155776,123.52079306539851,1.025,1.223749999999999,506,1,2,260,0.5138339920948617,22.387359070483136,0.447474086187587,RNG-497b69de2e3d,safe_range,selection,90301,NTSC,8,3,1000000.0,,False,bars,,,,,
10.638874748315004,95.169877371298,True,3.7985410952924283,0,0,2,0.46249999999999997,0.2799999999999997,1.0604330627778498,2.0034597967790315,2.096996646405323,-3.098533849712911,-61.1169309446977,122.8606103314478,0.4625,0.2799999999999997,506,0,2,80,0.15810276679841898,22.962093789446612,0.44569343766052827,RNG-49c57570d609,safe_range,selection,90301,NTSC,8,3,1000000.0,,False,bars,,,,,
10.433810336794242,92.02532018106926,True,3.036876029226263,5,0,1,1.1,1.223749999999999,2.018076679175975,2.9064916020834834,2.986042827659918,-7.094613091484617,-62.24200360761712,120.88123604698809,1.05,1.223749999999999,506,1,2,270,0.5335968379446641,20.98974373009074,0.44724581504108907,RNG-6155ad8b2b89,safe_range,selection,90301,NTSC,8,3,1000000.0,,False,bars,,,,,
10.631582295984476,94.60378581089593,True,3.809830597259812,0,0,2,0.5375000000000001,0.29374999999999973,1.0968485893974798,1.8473374453614162,2.2867823732039105,-4.037555627025029,-62.117159570801874,118.31452570066726,0.5375,0.29374999999999973,506,0,2,90,0.17786561264822134,22.47544754111939,0.44482294586914284,RNG-d468ed53d6c8,safe_range,selection,90301,NTSC,8,3,1000000.0,,False,bars,,,,,
9.753218520699388,94.7422231233004,True,4.1522788236037895,65,1,0,2.025,1.97,2.922499512636494,3.337580062445815,2.010670714411912,-4.041185498701181,-76.15489519603022,130.76370793659595,1.7,1.6375,506,3,2,443,0.8754940711462451,23.844470309516538,0.4394354543485289,RNG-7b1f18f0a479,safe_range,selection,90301,NTSC,8,3,1000000.0,,False,bars,,,,,
9.59929369095509,94.80112173387606,True,5.071244283748837,67,0,0,2.025,1.5399999999999996,2.9531830053902417,3.1427255537802212,1.947553691305706,-4.152505005833364,-74.10054115426624,135.32600834456053,1.75,1.5399999999999996,506,3,2,407,0.8043478260869565,23.61598061085395,0.4346651697443099,RNG-e95ea18fb0e8,safe_range,selection,90301,NTSC,8,3,1000000.0,,False,bars,,,,,
9.779034742206964,95.79947274303782,True,4.130452453133514,191,2,0,2.025,2.025,3.229519719563208,3.7257150732826827,2.020456609666348,-2.0006729371113523,-78.20023006564963,144.27076423798258,1.775,1.6549999999999994,506,5,2,351,0.6936758893280632,24.67108251636438,0.4367670517689088,RNG-05f7d4c3f5f7,safe_range,selection,90301,NTSC,8,3,1000000.0,,False,bars,,,,,
11.080601501948236,93.75792585957616,True,1.4059193116715387,148,2,0,2.025,2.025,3.16509198327155,4.929090234992989,1.657434495889809,-4.765119828609105,-70.19137066843746,134.01954837004217,1.775,1.6112499999999994,506,4,2,387,0.7648221343873518,22.593443103301375,0.5118003504260573,OVP56,safe_range,selection,90301,NTSC,10,3,1000000.0,,False,bars,,,,,
11.212286284282216,95.32600168388774,True,1.2267925471223813,56,1,0,2.025,1.9562499999999998,2.89164385197532,3.235636580163886,1.2043339372128858,-3.7265621003100815,-70.34978110324603,134.20731798310806,1.725,1.6125,506,2,2,425,0.8399209486166008,24.642102444592137,0.5188429961460632,VLP56,safe_range,selection,90301,NTSC,10,3,1000000.0,,False,bars,,,,,
12.07669118401337,95.49986488433966,True,1.8477151553284945,0,0,2,0.1,0.1,0.37354129994794205,1.5575586150339122,2.2231021572517986,-2.4882378417031914,-54.36530124059272,118.33112367844008,0.1,0.1,506,0,2,5,0.009881422924901186,24.09293251194827,0.5182187300064611,RANGE32,safe_range,selection,90301,NTSC,10,3,1000000.0,,True,bars,,,,,
-6.545100904443987,-82.3247101163852,False,599.3099856397534,506,12,44,2.025,2.025,1000000.0,84.4061732975441,23.203431258831927,-156.3094719333648,-71.03519412911356,82.25146719066173,1000000.0,1000000.0,506,506,2,1169,2.3102766798418974,-6.589799678269036,-0.3255721778476474,PLL96-rejected-board,safe_range,selection,90301,NTSC,10,3,1000000.0,,False,bars,,,,,
9.331005742484004,94.4628870234397,True,6.039130919085881,436,11,0,2.025,2.025,3.6060774593534655,15.112788923785812,-1.2210711721049121,-2.4054235920103904,-63.73236686165279,123.72814395859076,1.9049999999999998,0.1,506,25,2,70,0.1383399209486166,13.266032854902774,0.3235553094838767,PLL96-IQ-corrected,safe_range,selection,90301,NTSC,10,3,1000000.0,,False,bars,,,,,
15.453864653017849,95.7614691495055,True,0.0,0,0,2,0.325,0.47499999999999926,1.1149346610537196,2.250860481065629,1.8673980390409641,-1.620531010652434,-62.09605886262894,124.41541167318054,0.325,0.4749999999999993,506,0,2,89,0.17588932806324112,26.894039171917502,0.7285175984325415,floating-PLL-IQ40,safe_range,selection,90301,NTSC,10,3,1000000.0,,False,bars,,,,,
4.1516608955642855,44.443431140107464,True,95.22168066063155,506,12,0,2.025,2.025,1000000.0,49.23701642088906,27.209038489180003,-25.784039869300933,-49.19269945600946,97.36292562428658,1000000.0,1000000.0,506,506,2,0,0.0,4.4293726197834635,0.4109575507494996,HC50,safe_range,selection,90301,NTSC,10,3,1000000.0,,False,bars,,,,,
11.105955590138814,98.39943817568174,True,4.247863273594306,12,0,0,1.3125,0.8424999999999999,2.1468479742861057,1.3879074778968299,-2.268552993082731,-5.78413261695656,-78.15920474564747,115.78875985354789,1.05,0.8424999999999999,506,1,2,295,0.5830039525691699,17.597548751140298,0.4116048758236253,PLL96-board-fixed,safe_range,selection,90301,NTSC,10,3,1000000.0,,False,bars,,,,,
11.66184142883093,96.59693992542654,True,1.4495720526120897,0,0,2,0.16874999999999998,0.08624999999999998,0.8213417514818497,1.882061315537223,1.7663290871965638,-1.7224468096710979,-62.579867281537354,134.65046504948026,0.16875,0.08624999999999998,506,0,2,49,0.09683794466403162,26.152803702902894,0.5122054534805098,RNG-19dd4d261cd8,safe_range,selection,90301,NTSC,10,3,1000000.0,,False,bars,,,,,
11.719864634964651,95.45562303843523,True,1.4209719809613839,1,0,2,0.2875,0.08624999999999998,1.0103217309352501,1.8288548572062922,2.1422338143284914,-3.352456830349932,-61.48536616315866,126.9029420839549,0.24499999999999886,0.08624999999999998,506,1,2,80,0.15810276679841898,24.958026803575137,0.5135122275644183,RNG-be7d624325f0,safe_range,selection,90301,NTSC,10,3,1000000.0,,False,bars,,,,,
11.737780741817351,94.52758872949245,True,1.4134456463164613,1,0,2,0.29375,0.08624999999999998,0.9993141212207937,2.258727080783833,2.2817853772634336,-4.207781025049469,-61.436910584656374,125.22547340682583,0.26999999999999885,0.08624999999999998,506,1,2,74,0.14624505928853754,24.04612027120883,0.5128288950965648,RNG-6de7d9a9b47e,safe_range,selection,90301,NTSC,10,3,1000000.0,,False,bars,,,,,
11.724104025102376,94.18218270214224,True,1.4074245786005233,1,0,2,0.4,0.08624999999999998,1.131676011082415,1.7981751319325427,2.4239487621814617,-4.915645891189201,-59.59648713370636,124.68182358226166,0.4,0.08624999999999998,506,1,2,98,0.19367588932806323,23.403439442149715,0.5138828472879506,RNG-497b69de2e3d,safe_range,selection,90301,NTSC,10,3,1000000.0,,False,bars,,,,,
12.07669118401337,95.49986488433966,True,1.8477151553284945,0,0,2,0.1,0.1,0.37354129994794205,1.5575586150339122,2.2231021572517986,-2.4882378417031914,-54.36530124059272,118.33112367844008,0.1,0.1,506,0,2,5,0.009881422924901186,24.09293251194827,0.5182187300064611,RNG-49c57570d609,safe_range,selection,90301,NTSC,10,3,1000000.0,,True,bars,,,,,
11.72688896047289,92.6104001112221,True,1.380329773878802,1,0,2,0.4,0.08624999999999998,1.16322411707059,2.354412710732933,2.994676052869823,-6.424887943133755,-59.707239882359126,122.44574877880227,0.4,0.08624999999999998,506,1,2,99,0.1956521739130435,21.818933857080225,0.5133147112282053,RNG-6155ad8b2b89,safe_range,selection,90301,NTSC,10,3,1000000.0,,False,bars,,,,,
12.060024554180035,95.03564174490101,True,1.8371782868256028,0,0,2,0.1,0.1,0.47014630638463445,1.3547406367726724,2.3919989487184834,-3.2758542526922696,-54.781618117428216,114.5212243667937,0.1,0.1,506,0,2,8,0.015810276679841896,23.59435846347306,0.5172998358100274,RNG-d468ed53d6c8,safe_range,selection,90301,NTSC,10,3,1000000.0,,True,bars,,,,,
11.127022901958977,95.20817788783907,True,1.4224772478903684,8,0,1,1.29375,0.7174999999999995,2.4375801912460275,2.969114544474472,2.0785559351750176,-3.441616830488562,-72.20678966403456,128.68376813291184,1.1287499999999995,0.7174999999999996,506,1,2,354,0.6996047430830039,25.01601119124915,0.5052525999540947,RNG-7b1f18f0a479,safe_range,selection,90301,NTSC,10,3,1000000.0,,False,bars,,,,,
11.042583141278916,95.44753897844059,True,1.68966212778512,10,0,0,1.525,1.2899999999999996,2.337461725579349,2.3944831430618763,2.137179292045749,-3.4089907350942057,-67.58919484604337,129.07046582067238,1.375,1.2899999999999996,506,2,2,347,0.6857707509881423,25.10183195585583,0.5041882772952376,RNG-e95ea18fb0e8,safe_range,selection,90301,NTSC,10,3,1000000.0,,False,bars,,,,,
11.130318706094886,95.94642405820022,True,1.6234303829098014,66,0,0,2.025,1.5974999999999997,2.905271951751912,3.5298548619345653,2.080690936047991,-1.7508588490619212,-73.0815144776196,132.0761316374551,1.676249999999999,1.5974999999999997,506,2,2,425,0.8399209486166008,25.479480470873735,0.4989801096214873,RNG-05f7d4c3f5f7,safe_range,selection,90301,NTSC,10,3,1000000.0,,False,bars,,,,,
12.40727590744724,95.3714143311845,True,0.7157544247321378,35,1,0,2.025,1.9562499999999998,2.652797415844579,3.02183478000135,1.4186647523451312,-3.413190463006464,-68.19598926084974,133.96711971651243,1.3375,1.5,506,2,2,393,0.7766798418972332,24.82243650885504,0.5749753554190082,OVP56,safe_range,selection,90301,NTSC,12,3,1000000.0,,False,bars,,,,,
12.551850974773537,96.29072597608518,True,0.6766174845785403,7,0,0,1.21875,0.275,2.213877821836616,2.0929657084703313,1.2068063304788794,-2.722119990511021,-66.93165886008887,134.15500027226506,1.05,0.275,506,1,2,311,0.6146245059288538,26.300360172593585,0.5820635259503746,VLP56,safe_range,selection,90301,NTSC,12,3,1000000.0,,False,bars,,,,,
13.20002682845287,95.76158178683987,True,1.3810824073432941,0,0,2,0.1,0.075,0.050845130275447945,1.322402067915087,2.167610535543867,-2.268242973798458,-51.556171917558686,111.39921135640341,0.1,0.075,506,0,2,0,0.0,24.538650113423927,0.5790811811916845,RANGE32,safe_range,selection,90301,NTSC,12,3,1000000.0,,True,bars,,,,,
-6.546410243479154,-82.15487907985488,False,599.9820873235451,506,12,44,2.025,2.025,1000000.0,83.74357543962688,23.266280030748728,-156.27879644845714,-68.49658793230181,82.3512007194187,1000000.0,1000000.0,506,506,2,1145,2.2628458498023716,-6.592622667357802,-0.33015530079092786,PLL96-rejected-board,safe_range,selection,90301,NTSC,12,3,1000000.0,,False,bars,,,,,
9.24176081868889,95.23564154245787,True,6.063967823414126,456,10,0,2.025,2.025,3.619297238415215,15.576497884754376,-1.3735665920907316,-2.114539370939434,-54.98032998977034,122.85067428639974,1.9274999999999998,1.2399999999999998,506,47,2,55,0.10869565217391304,12.800329205013789,0.33306288312116733,PLL96-IQ-corrected,safe_range,selection,90301,NTSC,12,3,1000000.0,,False,bars,,,,,
16.973839594571345,96.04152819582143,True,0.0,0,0,2,0.05,0.025,0.4416733474523931,1.9502285044163894,1.8126823832653067,-1.400184901715062,-57.11899476572994,120.47585179673095,0.05,0.025,506,0,2,13,0.025691699604743084,27.65430096694889,0.790981227277441,floating-PLL-IQ40,safe_range,selection,90301,NTSC,12,3,1000000.0,,True,bars,,,,,
4.21005352658162,44.49591727254709,True,94.81977439059268,506,12,0,2.025,2.025,1000000.0,49.13472891322382,27.170058954062704,-25.727789054162752,-7.190737915053511,91.8885634493154,1000000.0,1000000.0,506,506,2,0,0.0,4.439530930699209,0.45996272301209806,HC50,safe_range,selection,90301,NTSC,12,3,1000000.0,,False,bars,,,,,
11.48264896789791,98.67050766334263,True,4.033362736214013,2,0,0,1.025,0.8424999999999999,2.000100443906327,2.540939089937565,-2.1480473912956617,-4.600912844698507,-61.24418445371314,112.06557793739967,0.975,0.8424999999999999,506,1,2,257,0.5079051383399209,17.71808185268489,0.43548870222095737,PLL96-board-fixed,safe_range,selection,90301,NTSC,12,3,1000000.0,,False,bars,,,,,
12.74405505368425,96.88066543578094,True,1.0446552487152545,0,0,2,0.1,0.061249999999999985,0.4317314506201112,1.672890088304763,1.7471499843290461,-1.5109896070409388,-57.38090222919199,124.1059629147297,0.1,0.061249999999999985,506,0,2,9,0.017786561264822136,26.702091566951637,0.5671021176254144,RNG-19dd4d261cd8,safe_range,selection,90301,NTSC,12,3,1000000.0,,True,bars,,,,,
12.79140872153924,95.89080027747418,True,1.0235815117094713,0,0,2,0.1,0.061249999999999985,0.607484811697122,1.5256564633895406,2.068371509505359,-2.9745720941210174,-56.81220055683875,123.98223404526843,0.1,0.061249999999999985,506,0,2,16,0.03162055335968379,25.661875894634694,0.5686542400830451,RNG-be7d624325f0,safe_range,selection,90301,NTSC,12,3,1000000.0,,False,bars,,,,,
12.796982885232103,94.96665185042987,True,1.0296025794254096,0,0,2,0.1,0.061249999999999985,0.5299304992091839,1.9729287198118943,2.192294098386954,-3.863871610230077,-56.89033217159727,121.14382775372243,0.1,0.061249999999999985,506,0,2,13,0.025691699604743084,24.702682621567913,0.5679004609886358,RNG-6de7d9a9b47e,safe_range,selection,90301,NTSC,12,3,1000000.0,,False,bars,,,,,
12.790815336173011,94.72284290630787,True,1.0010025077747038,0,0,2,0.1,0.075,0.6459110518922259,1.4282047373204492,2.3359759615476916,-4.379900250597829,-55.65297774343595,124.63730667320993,0.1,0.075,506,0,2,23,0.045454545454545456,24.149176065636745,0.5698459719035484,RNG-497b69de2e3d,safe_range,selection,90301,NTSC,12,3,1000000.0,,False,bars,,,,,
13.20002682845287,95.76158178683987,True,1.3810824073432941,0,0,2,0.1,0.075,0.050845130275447945,1.322402067915087,2.167610535543867,-2.268242973798458,-51.556171917558686,111.39921135640341,0.1,0.075,506,0,2,0,0.0,24.538650113423927,0.5790811811916845,RNG-49c57570d609,safe_range,selection,90301,NTSC,12,3,1000000.0,,True,bars,,,,,
12.763774599642357,93.19283411700279,True,1.0077762089551339,0,0,2,0.1,0.075,0.6322230837829192,1.9295725396778511,2.8743216388960553,-5.9222049130261585,-55.142005390375694,122.39309458969848,0.1,0.075,506,0,2,20,0.039525691699604744,22.46850759167001,0.5690647184796298,RNG-6155ad8b2b89,safe_range,selection,90301,NTSC,12,3,1000000.0,,False,bars,,,,,
13.174183755232187,95.37766675984857,True,1.372050805769387,0,0,2,0.1,0.08624999999999998,0.04993820291792584,1.1012927253984595,2.3049263814146603,-2.9620175365750883,-51.79205080082552,110.81437127136718,0.1,0.08624999999999998,506,0,2,0,0.0,24.09724038292103,0.578005916965403,RNG-d468ed53d6c8,safe_range,selection,90301,NTSC,12,3,1000000.0,,True,bars,,,,,
12.293931949704621,95.71003014612114,True,0.8060704404712088,1,0,2,0.84375,0.5249999999999992,1.7572949086705976,2.5453047427805457,2.038691840106567,-2.9922902014927946,-66.88600014291283,128.69605455337862,0.825,0.5249999999999992,506,1,2,187,0.3695652173913043,25.915548842426794,0.5639520157001462,RNG-7b1f18f0a479,safe_range,selection,90301,NTSC,12,3,1000000.0,,False,bars,,,,,
12.268669126216928,95.9008612734979,True,0.8309073447994533,0,0,2,0.81875,0.20874999999999994,1.5949470916918977,1.8880977500529756,2.3058729012777204,-2.9452569637295274,-67.89188684327286,128.4914555394501,0.81875,0.20874999999999994,506,0,2,160,0.31620553359683795,25.983877292973865,0.5647299410356199,RNG-e95ea18fb0e8,safe_range,selection,90301,NTSC,12,3,1000000.0,,False,bars,,,,,
12.2494637424641,96.23988106461637,True,1.0439026152507624,14,0,0,1.7687499999999998,0.5587499999999996,2.3823495610204453,3.1854745922789087,2.041602120239134,-1.5447928331128158,-68.13134713135914,123.8112924917074,1.2862499999999997,0.5587499999999996,506,1,2,362,0.7154150197628458,26.104385500448835,0.5528703531254018,RNG-05f7d4c3f5f7,safe_range,selection,90301,NTSC,12,3,1000000.0,,False,bars,,,,,
13.497244335162872,96.34876301616745,True,0.5539382298663023,6,0,0,0.95,0.9762499999999998,1.9494742881094893,1.7772986943941407,1.2679001791810802,-2.566703812140602,-65.94149043682772,125.18469937189934,0.8762499999999989,0.97625,506,1,2,239,0.4723320158102767,26.35901559505305,0.6273551564016808,OVP56,safe_range,selection,90301,NTSC,14,3,1000000.0,,False,bars,,,,,
13.653255740055467,96.8063291771528,True,0.5245855247511042,1,0,2,0.61875,0.13999999999999985,1.40227096575025,1.3914348113706263,1.2370456549509066,-2.11790306212061,-64.50118778226262,126.15481499516235,0.5899999999999977,0.13999999999999985,506,1,2,131,0.25889328063241107,27.238222619153078,0.6344246472483297,VLP56,safe_range,selection,90301,NTSC,14,3,1000000.0,,False,bars,,,,,
14.093688277710395,95.78489852117528,True,1.2245346467289044,0,0,2,0.075,0.075,0.04643942886556297,1.309279307807521,2.108283952768072,-2.359527767842494,-50.84206514356592,110.75978426248508,0.075,0.075,506,0,2,0,0.0,24.764791179357406,0.6282692549945176,RANGE32,safe_range,selection,90301,NTSC,14,3,1000000.0,,True,bars,,,,,
-6.544273081660798,-81.96791543089913,False,600.6030099317512,506,12,45,2.025,2.025,1000000.0,83.39074404015982,23.17087241471918,-156.21772720481957,-69.97535428606722,82.23501915569938,1000000.0,1000000.0,506,506,2,1150,2.272727272727273,-6.591177138397391,-0.33407288016392733,PLL96-rejected-board,safe_range,selection,90301,NTSC,14,3,1000000.0,,False,bars,,,,,
9.151874983711103,95.7810090334081,True,6.184389177732887,461,10,0,2.025,2.025,3.6385932873998312,15.869521065142404,-1.308899847839833,-1.9300544334101724,-54.9817100139716,121.42153205328154,1.94,1.5725,506,42,2,50,0.09881422924901186,12.445563139489487,0.3399584372243421,PLL96-IQ-corrected,safe_range,selection,90301,NTSC,14,3,1000000.0,,False,bars,,,,,
18.291709038542308,96.18010035154339,True,0.0,0,0,2,0.025,0.025,0.04275585622001645,1.8001221809320325,1.782481373289477,-1.291009508508353,-55.21654085777385,120.13570299790959,0.025,0.025,506,0,2,0,0.0,28.1103097261518,0.838560177720675,floating-PLL-IQ40,safe_range,selection,90301,NTSC,14,3,1000000.0,,True,bars,,,,,
4.24332062495515,44.5022244438504,True,94.84536392838542,506,12,0,2.025,2.025,1000000.0,49.07113381963151,27.149801413277412,-25.710468224588425,-4.33226435409118,91.95313921063016,1000000.0,1000000.0,506,506,2,0,0.0,4.4432926378016955,0.49909886095892525,HC50,safe_range,selection,90301,NTSC,14,3,1000000.0,,False,bars,,,,,
11.726799668368761,98.48308519789138,True,3.9039097803213445,9,0,0,1.4500000000000002,0.8424999999999999,2.103503532841354,3.6228727330250017,-1.8633191024727707,-3.829805391977588,-61.06225847691603,112.28690223599838,1.125,0.8424999999999999,506,2,2,279,0.5513833992094862,17.760185861898158,0.4527671129347887,PLL96-board-fixed,safe_range,selection,90301,NTSC,14,3,1000000.0,,False,bars,,,,,
13.621638706915908,97.03007904008113,True,0.8933759223523107,0,0,2,0.075,0.061249999999999985,0.27817516590253194,1.601194864535181,1.7474461922450093,-1.401165652008248,-55.89378198565738,119.0199504754489,0.075,0.061249999999999985,506,0,2,0,0.0,27.01935072909539,0.6121510450430684,RNG-19dd4d261cd8,safe_range,selection,90301,NTSC,14,3,1000000.0,,True,bars,,,,,
13.658096648576326,96.15178188087809,True,0.8670337510950816,0,0,2,0.075,0.061249999999999985,0.35742062885185255,1.4067728714898629,2.007979517262783,-2.73557412879183,-56.412242486701146,117.06651900868903,0.075,0.061249999999999985,506,0,2,5,0.009881422924901186,26.139809859743227,0.6136933059558806,RNG-be7d624325f0,safe_range,selection,90301,NTSC,14,3,1000000.0,,True,bars,,,,,
13.652387982065527,95.21355311973548,True,0.8745600857400043,0,0,2,0.075,0.061249999999999985,0.35830422408345597,1.8897110057480684,2.1315499213256244,-3.6626250630950987,-55.60868889281214,116.51247307270717,0.075,0.061249999999999985,506,0,2,2,0.003952569169960474,25.133413494714205,0.6129083953176777,RNG-6de7d9a9b47e,safe_range,selection,90301,NTSC,14,3,1000000.0,,True,bars,,,,,
13.650858897276883,95.03985186231566,True,0.847465281018283,0,0,2,0.075,0.061249999999999985,0.3650271390636105,1.3083075157465132,2.253412216258248,-4.047383298203074,-55.02519109032578,114.3484971106949,0.075,0.061249999999999985,506,0,2,7,0.01383399209486166,24.66268543275354,0.6154157489639059,RNG-497b69de2e3d,safe_range,selection,90301,NTSC,14,3,1000000.0,,True,bars,,,,,
14.093688277710395,95.78489852117528,True,1.2245346467289044,0,0,2,0.075,0.075,0.04643942886556297,1.309279307807521,2.108283952768072,-2.359527767842494,-50.84206514356592,110.75978426248508,0.075,0.075,506,0,2,0,0.0,24.764791179357406,0.6282692549945176,RNG-49c57570d609,safe_range,selection,90301,NTSC,14,3,1000000.0,,True,bars,,,,,
13.594775176963342,93.54386146740438,True,0.8482179144827753,0,0,2,0.1,0.075,0.3817071467104099,1.759427869599598,2.763611916421872,-5.614299986811508,-54.381873396806256,113.37758338180487,0.1,0.075,506,0,2,4,0.007905138339920948,22.916847371213063,0.614478558617878,RNG-6155ad8b2b89,safe_range,selection,90301,NTSC,14,3,1000000.0,,True,bars,,,,,
14.060773344693478,95.46902649903141,True,1.2275451805868733,0,0,2,0.075,0.075,0.045931294282508556,1.0926213118565808,2.2030644599703417,-2.9913539960925326,-51.60607214422792,110.51598240795389,0.075,0.075,506,0,2,0,0.0,24.384280034535742,0.6271970950714103,RNG-d468ed53d6c8,safe_range,selection,90301,NTSC,14,3,1000000.0,,True,bars,,,,,
13.274575271838723,95.96000478289817,True,0.5893120026974383,0,0,2,0.3,0.23249999999999976,1.0901230802251303,2.3594518185175235,2.036571637562294,-2.764648352918684,-60.955307492759935,124.18651947905732,0.3,0.23249999999999976,506,0,2,90,0.17786561264822134,26.4472987853367,0.6134201032772214,RNG-7b1f18f0a479,safe_range,selection,90301,NTSC,14,3,1000000.0,,False,bars,,,,,
13.266906767799833,96.05742562594696,True,0.6269436759220512,0,0,2,0.15,0.11999999999999991,1.0293464435215745,1.7536360087511778,2.417186909747897,-2.7363150154740894,-61.212450789434314,128.43302434746855,0.15,0.11999999999999993,506,0,2,66,0.13043478260869565,26.406205374746538,0.6139756805666167,RNG-e95ea18fb0e8,safe_range,selection,90301,NTSC,14,3,1000000.0,,False,bars,,,,,
13.18243322673707,96.3779526542716,True,0.8903653884943417,1,0,1,0.89375,0.5312499999999996,1.7526189738008466,2.957791703281735,2.0463922692091403,-1.4623749243203927,-64.67465882181116,123.9055145998357,0.875,0.5312499999999996,506,1,2,213,0.4209486166007905,26.46944407180943,0.5980235653298311,RNG-05f7d4c3f5f7,safe_range,selection,90301,NTSC,14,3,1000000.0,,False,bars,,,,,
14.91865433642872,97.21995800827752,True,0.4342695090120331,0,0,2,0.05,0.05,0.4865686096098961,0.6440683939513715,1.1499810416935556,-1.7128165947443648,-61.86083406400255,124.75593681551852,0.05,0.05,506,0,2,25,0.04940711462450593,27.667043731238188,0.6931790046449602,OVP56,safe_range,selection,90301,NTSC,18,3,1000000.0,,True,bars,,,,,
15.109228719725316,97.31492397328904,True,0.4305063416895718,0,0,2,0.05,0.05,0.3641072790702443,0.6863516846682766,1.2533015596650052,-1.497258433196222,-61.225562777649586,125.10764446755773,0.05,0.05,506,0,2,7,0.01383399209486166,28.090832460707688,0.7012697382112155,VLP56,safe_range,selection,90301,NTSC,18,3,1000000.0,,True,bars,,,,,
15.24085657601378,95.66717847642852,True,1.077771121152914,0,0,2,0.075,0.05,0.0433867614278097,1.359397427762871,2.0058265160816817,-2.7958346743072497,-50.34437237094063,108.30204311275655,0.075,0.05,506,0,2,0,0.0,25.015032713058662,0.6900649650164404,RANGE32,safe_range,selection,90301,NTSC,18,3,1000000.0,,True,bars,,,,,
-6.548485845161757,-81.98796826943916,False,602.073655721369,506,12,46,2.025,2.025,1000000.0,83.45209426861535,22.94191823270879,-156.16368702438774,-67.86689618754953,75.71146422042095,1000000.0,1000000.0,506,506,2,1159,2.2905138339920947,-6.5956492369623785,-0.3399487921594286,PLL96-rejected-board,safe_range,selection,90301,NTSC,18,3,1000000.0,,False,bars,,,,,
9.002063360606599,96.77365436770513,True,6.289005229297311,485,11,0,2.025,2.025,3.654978665822695,15.731260223645695,-1.1496455511713468,-1.726660371581308,-53.46210634546631,118.06454325830468,1.65,1.65,506,76,2,25,0.04940711462450593,12.018293792370365,0.3460767869055352,PLL96-IQ-corrected,safe_range,selection,90301,NTSC,18,3,1000000.0,,False,bars,,,,,
20.190363753633903,96.31028883341017,True,0.0,0,0,2,0.025,0.025,0.021320071635561044,1.6670853512602664,1.7451368926241988,-1.1958774472885094,-51.73033910097749,117.01245206271089,0.025,0.025,506,0,2,0,0.0,28.598156438491934,0.8955010785143181,floating-PLL-IQ40,safe_range,selection,90301,NTSC,18,3,1000000.0,,True,bars,,,,,
4.275593927106112,44.49576578149489,True,94.71440570556376,506,12,0,2.025,2.025,1000000.0,48.995600104538454,27.140907396404025,-25.699466965818214,-1.2923123969451495,88.97878216836109,1000000.0,1000000.0,506,506,2,0,0.0,4.445467572814189,0.5511465358360421,HC50,safe_range,selection,90301,NTSC,18,3,1000000.0,,False,bars,,,,,
11.92932715874803,97.82814720283297,True,3.7473620197069546,13,0,0,1.725,0.9649999999999999,2.4122101082805516,4.973095937617251,-1.2499655256679474,-3.021223345361317,-59.878379099789306,111.51014438855707,1.525,0.9649999999999999,506,1,2,334,0.6600790513833992,17.6405354072088,0.4713716157793789,PLL96-board-fixed,safe_range,selection,90301,NTSC,18,3,1000000.0,,False,bars,,,,,
14.806966840477823,97.14395061457488,True,0.7902651377168712,0,0,2,0.075,0.05,0.028269419503261527,1.6664835389065564,1.7527510844363614,-1.3130684053241104,-50.86375556890442,115.76887279349718,0.075,0.05,506,0,2,0,0.0,27.33087327861032,0.6710218215395239,RNG-19dd4d261cd8,safe_range,selection,90301,NTSC,18,3,1000000.0,,True,bars,,,,,
14.823623021035978,96.38326201106374,True,0.7511281975632739,0,0,2,0.075,0.05,0.02885324732890433,1.4685762917477925,1.9207219074941337,-2.4860774897488698,-51.186971646068415,114.66860116160315,0.075,0.05,506,0,2,0,0.0,26.707407011533316,0.6718748244243004,RNG-be7d624325f0,safe_range,selection,90301,NTSC,18,3,1000000.0,,True,bars,,,,,
14.79663715109815,95.4211368719181,True,0.760159799137181,0,0,2,0.075,0.05,0.026857845660398498,2.0195056523148063,2.0499650249242816,-3.4609317679584506,-50.86508775178873,112.5672452052262,0.075,0.05,506,0,2,0,0.0,25.631317709597447,0.6710952003206525,RNG-6de7d9a9b47e,safe_range,selection,90301,NTSC,18,3,1000000.0,,True,bars,,,,,
14.800410357875563,95.32542874603234,True,0.7300544605574907,0,0,2,0.075,0.05,0.02805010339366429,1.4607596966984804,2.1264535109715395,-3.6930265482879405,-50.889288455600365,112.06408035157811,0.075,0.05,506,0,2,0,0.0,25.317180001865573,0.673629968114659,RNG-497b69de2e3d,safe_range,selection,90301,NTSC,18,3,1000000.0,,True,bars,,,,,
15.24085657601378,95.66717847642852,True,1.077771121152914,0,0,2,0.075,0.05,0.0433867614278097,1.359397427762871,2.0058265160816817,-2.7958346743072497,-50.34437237094063,108.30204311275655,0.075,0.05,506,0,2,0,0.0,25.015032713058662,0.6900649650164404,RNG-49c57570d609,safe_range,selection,90301,NTSC,18,3,1000000.0,,True,bars,,,,,
14.695961459697637,93.86907903475392,True,0.7330649944154597,0,0,2,0.075,0.061249999999999985,0.02613528954658422,1.820400704001384,2.5826616432173903,-5.317885505745551,-52.42014793162299,111.06895601390055,0.075,0.061249999999999985,506,0,2,0,0.0,23.464317236581714,0.6726832423220884,RNG-6155ad8b2b89,safe_range,selection,90301,NTSC,18,3,1000000.0,,True,bars,,,,,
15.203053844348066,95.44641619901122,True,1.062718451863069,0,0,2,0.075,0.05,0.04284243583528363,1.1698738283376975,2.046013887893082,-3.3487099725115965,-50.896297143057026,108.37648002360471,0.075,0.05,506,0,2,0,0.0,24.71745859775297,0.6891486803736165,RNG-d468ed53d6c8,safe_range,selection,90301,NTSC,18,3,1000000.0,,True,bars,,,,,
14.601184175724118,96.10844155184232,True,0.46211694719824664,0,0,2,0.05,0.05,0.35229695186375104,2.3300475038792396,2.0730693828308846,-2.5716512442171697,-54.75418653428959,119.71535296703375,0.05,0.05,506,0,2,9,0.017786561264822136,26.916090525222636,0.6771885326792522,RNG-7b1f18f0a479,safe_range,selection,90301,NTSC,18,3,1000000.0,,True,bars,,,,,
14.601613198568854,96.11464552577188,True,0.4884591184554757,0,0,2,0.05,0.05,0.23562946560073622,1.9144017036597878,2.469439850322897,-2.564497840296803,-55.68883622852961,123.26908268099491,0.05,0.05,506,0,2,4,0.007905138339920948,26.790514774980593,0.6780970821887897,RNG-e95ea18fb0e8,safe_range,selection,90301,NTSC,18,3,1000000.0,,True,bars,,,,,
14.463173667330496,96.50803931766383,True,0.7541387314212429,0,0,2,0.05,0.05,0.4489131032931656,2.691739575301023,2.084382064222137,-1.407128459814188,-59.68533490432202,120.1837095664658,0.05,0.05,506,0,2,22,0.043478260869565216,26.830408999920515,0.6602018155278655,RNG-05f7d4c3f5f7,safe_range,selection,90301,NTSC,18,3,1000000.0,,True,bars,,,,,
15.596053344208542,97.50835853139559,True,0.37556409878163693,0,0,2,0.05,0.05,0.11889228525884743,0.28220515919099504,1.0795325523416042,-1.430262559749342,-60.15358569578589,123.62798318309815,0.05,0.05,506,0,2,2,0.003952569169960474,28.05487423702639,0.7234581184665473,OVP56,safe_range,selection,90301,NTSC,22,3,1000000.0,,True,bars,0.86908973372636,-48.66219460929838,10.573935576946306,21.75622004915057,11.65366666922638
15.806597411666981,97.50560332783644,True,0.3763167322461292,0,0,2,0.05,0.05,0.1173551583935748,0.4190768060075684,1.2274175805063416,-1.3006484529710742,-58.54801417932059,124.9407610384671,0.05,0.05,506,0,2,2,0.003952569169960474,28.413527675756363,0.7319171285534489,VLP56,safe_range,selection,90301,NTSC,22,3,1000000.0,,True,bars,0.8564449188781011,-48.658914578990185,9.624672754637334,21.356376565407867,11.446688657077761
15.787166656128047,95.63489907135191,True,0.9919709062007965,0,0,2,0.075,0.05,0.03971551503364084,1.3397288786801742,1.9399212999687345,-2.9976679863357614,-49.91750565039392,107.48086813563758,0.075,0.05,506,0,2,0,0.0,25.14738548515314,0.7188049018150103,RANGE32,safe_range,selection,90301,NTSC,22,3,1000000.0,,True,bars,0.8402295867681326,-49.92957468651113,9.725902056966257,20.22722191419121,11.589318685036778
-6.557744970190525,-82.30115823674443,False,602.9783211456887,506,12,46,2.025,2.025,1000000.0,84.21297498173945,22.76058470995777,-156.187183691382,-67.29710089054952,70.06544894781548,1000000.0,1000000.0,506,506,2,1186,2.343873517786561,-6.604447172232348,-0.3439912245336246,PLL96-rejected-board,safe_range,selection,90301,NTSC,22,3,1000000.0,contrast;waveform;detail_floor;sync;h_jitter_us;v_jitter_us;h_width_rmse_us;sync_error_ire;black_error_ire;white_error_ire;contrast;stress_waveform;reference_detail;burst_gain;burst_phase_jitter_deg;burst_amplitude_jitter_pct;burst_rmse_ire;h_missing;v_missing;vertical_trains;sync_error_ire;black_error_ire;white_error_ire,False,bars,0.434143255453725,82.89832031478907,37.61054636393338,32.04957218528702,29.413536943736418
8.937171459265405,97.6352970462699,True,6.343194838740754,498,12,0,2.025,2.025,3.684458491420415,14.90681880793526,-1.1446837073906568,-1.6435742931039328,-51.82844676916168,111.60568894792102,1.5799999999999998,1000000.0,506,173,2,5,0.009881422924901186,11.85540206582244,0.35154318045545435,PLL96-IQ-corrected,safe_range,selection,90301,NTSC,22,3,1000000.0,waveform;detail_floor;sync;h_jitter_us;v_jitter_us;h_width_rmse_us;sync_error_ire;stress_waveform;reference_detail;burst_gain;burst_phase_jitter_deg;burst_rmse_ire;h_missing;v_missing;vertical_trains;sync_error_ire,False,bars,0.4978904330729864,-95.6088841392423,39.43816975672149,29.107749130784786,17.946134741289164
21.2048810475531,96.3619818564076,True,0.0,0,0,2,0.025,0.025,0.01872940238859724,1.641730100835381,1.7275351255442142,-1.136817183780934,-49.20487916871814,113.93044663513142,0.025,0.025,506,0,2,0,0.0,28.803017191095634,0.920305399927445,floating-PLL-IQ40,safe_range,selection,90301,NTSC,22,3,1000000.0,burst_gain,True,bars,0.5878261587182945,4.486877390081927,7.231206700946543,18.605370357688294,6.3372689567320295
4.287623995447506,44.49425214542005,True,94.6639792634428,506,12,0,2.025,2.025,1000000.0,48.962703492237914,27.152756429760746,-25.66017445183672,-0.44499943824658317,84.99073156383157,1000000.0,1000000.0,506,506,2,0,0.0,4.445971662264155,0.5757085342522389,HC50,safe_range,selection,90301,NTSC,22,3,1000000.0,contrast;waveform;detail_floor;sync;h_jitter_us;v_jitter_us;h_width_rmse_us;sync_error_ire;black_error_ire;white_error_ire;contrast;stress_waveform;reference_detail;burst_gain;burst_rmse_ire;h_missing;v_missing;vertical_trains;sync_error_ire;black_error_ire;white_error_ire,False,bars,0.4313508511675713,80.25420406889536,9.051304178820567,19.781496078702204,30.841982193650466
11.922752939543631,97.19221697974466,True,3.6623144382193296,0,0,2,0.275,0.26125,0.11858541225631422,5.585443701856097,-0.8332877394607658,-2.8044437118222647,-59.81167844976218,111.38380350467044,0.275,0.26125,506,0,2,0,0.0,17.28957824757193,0.47857618894891935,PLL96-board-fixed,safe_range,selection,90301,NTSC,22,3,1000000.0,waveform;detail_floor;sync_error_ire;stress_waveform;reference_detail;burst_phase_jitter_deg;burst_rmse_ire,True,bars,0.5945454187468364,-87.82373513754973,35.92034316153262,21.08373780234745,16.516209345874092
15.456943939368,97.17192618359086,True,0.7217754924480758,0,0,2,0.075,0.05,0.02601686895757695,1.7662302451161822,1.7252559356519455,-1.3080022275190801,-48.94743967312679,114.4620231315635,0.075,0.05,506,0,2,0,0.0,27.46657139546855,0.7027685825148727,RNG-19dd4d261cd8,safe_range,selection,90301,NTSC,22,3,1000000.0,,True,bars,0.8228925840030843,-50.889519834798826,11.301779458906335,21.347123335056434,11.847795607895334
15.458251983868017,96.46177443738209,True,0.6909175204038932,0,0,2,0.075,0.061249999999999985,0.025319109625991282,1.5790183844679164,1.8646563018623432,-2.386423662018878,-49.60903889296122,112.2262100405821,0.075,0.061249999999999985,506,0,2,0,0.0,26.980324035036297,0.7029436339626558,RNG-be7d624325f0,safe_range,selection,90301,NTSC,22,3,1000000.0,,True,bars,0.8129318000750066,-50.36205823602827,11.617070818806699,22.330424242380275,11.766684209251979
15.418016359784168,95.48103522308345,True,0.6909175204038932,0,0,2,0.075,0.061249999999999985,0.02368059861971699,2.176135053842816,1.993308277388856,-3.4007432883001862,-50.10146487943413,111.09233948218956,0.075,0.061249999999999985,506,0,2,0,0.0,25.856441585124234,0.7023234485129216,RNG-6de7d9a9b47e,safe_range,selection,90301,NTSC,22,3,1000000.0,,True,bars,0.8041268124344202,-50.52794335766272,11.86317164661003,22.03870881660343,11.77411723349342
15.418057093753907,95.41411385560444,True,0.6818859188299861,0,0,2,0.075,0.07249999999999997,0.024450482346091287,1.6614418477134845,2.0542666093965725,-3.5567709180699,-50.085795830698984,110.73954205479696,0.075,0.07249999999999997,506,0,2,0,0.0,25.628999311068622,0.7042547110172018,RNG-497b69de2e3d,safe_range,selection,90301,NTSC,22,3,1000000.0,,True,bars,0.8015663187098974,-49.807482489511976,12.171911497907336,22.356659675714766,11.67855832174575
15.787166656128047,95.63489907135191,True,0.9919709062007965,0,0,2,0.075,0.05,0.03971551503364084,1.3397288786801742,1.9399212999687345,-2.9976679863357614,-49.91750565039392,107.48086813563758,0.075,0.05,506,0,2,0,0.0,25.14738548515314,0.7188049018150103,RNG-49c57570d609,safe_range,selection,90301,NTSC,22,3,1000000.0,,True,bars,0.8402295867681326,-49.92957468651113,9.725902056966257,20.22722191419121,11.589318685036778
15.279523187128403,93.9857268047727,True,0.6954333211908468,0,0,2,0.075,0.08624999999999998,0.022884829364008003,1.9441128043757487,2.4798245747991543,-5.214057701350708,-51.62648259087335,109.4110659029591,0.075,0.08624999999999998,506,0,2,0,0.0,23.719670408561278,0.703182343275602,RNG-6155ad8b2b89,safe_range,selection,90301,NTSC,22,3,1000000.0,white_error_ire,True,bars,0.7735150290311976,-50.21450606160835,12.386370902704778,23.33629494169972,11.730946645106103
15.757619811555477,95.46980730762033,True,0.9754129699819669,0,0,2,0.075,0.05,0.03948157122510655,1.1578723229628844,1.9554165798550374,-3.52403426455913,-50.291187257678736,106.3217521225118,0.075,0.05,506,0,2,0,0.0,24.914581786725634,0.7184072063706527,RNG-d468ed53d6c8,safe_range,selection,90301,NTSC,22,3,1000000.0,,True,bars,0.8391976225220452,-49.86881531447873,9.871435931410309,20.32749231470114,11.584525800545961
15.302346619639613,96.13181814469135,True,0.39889573618089696,0,0,2,0.05,0.05,0.022531269444192405,2.3643013883408437,2.0958468006294546,-2.5114604198547927,-49.702561262732516,119.85241296790996,0.05,0.05,506,0,2,0,0.0,27.07276426326341,0.709853560295267,RNG-7b1f18f0a479,safe_range,selection,90301,NTSC,22,3,1000000.0,,True,bars,0.8634915453589622,-48.909986541406056,11.302395767589196,20.81889680708499,11.769909134251678
15.299861721676404,96.0884336305473,True,0.43728004287000216,0,0,2,0.05,0.05,0.025270278125136242,2.0911701020159312,2.4748339274239117,-2.5141807246491856,-54.437496901574924,122.3396322829564,0.05,0.05,506,0,2,0,0.0,26.91508779484281,0.7104034092980713,RNG-e95ea18fb0e8,safe_range,selection,90301,NTSC,22,3,1000000.0,,True,bars,0.8676803183703213,-48.62060562708995,10.943505517382272,22.005708675406005,11.718478187596862
15.171759628497972,96.5531540180377,True,0.6961859546553391,0,0,2,0.05,0.05,0.024526141574926937,2.577922582011692,2.1042074926784835,-1.391344589996039,-60.09396884435187,119.84862539691123,0.05,0.05,506,0,2,1,0.001976284584980237,26.973761198512772,0.6941639953539763,RNG-05f7d4c3f5f7,safe_range,selection,90301,NTSC,22,3,1000000.0,,True,bars,0.8750467024594104,-48.62190547739647,10.923205478964205,21.620654633825502,11.73786752218666
16.047050834014055,97.60163206482905,True,0.31836395548022534,0,0,2,0.05,0.05,0.020881038924375022,0.13447749652063481,1.059598532467847,-1.3455531455382295,-58.348144400404614,124.20009260474956,0.05,0.05,506,0,2,0,0.0,28.20224663824264,0.743503047272093,OVP56,safe_range,selection,90301,NTSC,30,3,1000000.0,,True,bars,0.8585322072434015,-48.277271929650404,9.787634756544666,21.70523299489842,11.448993490921248
16.278483235807286,97.58629942269282,True,0.3364271586280395,0,0,2,0.05,0.05,0.01798934686948122,0.27727664510235595,1.2274324546855437,-1.2411909824414928,-56.4097932288969,123.54137006975935,0.05,0.05,506,0,2,0,0.0,28.56850896174997,0.7524427048710072,VLP56,safe_range,selection,90301,NTSC,30,3,1000000.0,,True,bars,0.8480927214440968,-48.249805255269784,9.446672436882505,21.193831920461996,11.222039808217586
16.14213800185434,95.69179954015718,True,0.9069233247131714,0,0,2,0.05,0.061249999999999985,0.03930912756449096,1.2372066177744903,1.8635055474020672,-3.094397224317771,-43.13982714024915,103.93264395539055,0.05,0.061249999999999985,506,0,2,0,0.0,25.287563316499686,0.7371096575733485,RANGE32,safe_range,selection,90301,NTSC,30,3,1000000.0,,True,bars,0.8303872056252851,-49.331137017880145,9.087174219766872,20.513541437290623,11.366616837082512
-6.56669267254205,-82.62618926327062,False,603.6015016542884,506,12,46,2.025,2.025,1000000.0,84.9620452247471,22.717572853689347,-156.25943717684643,-67.22451993216177,66.93575048281758,1000000.0,1000000.0,506,506,2,1200,2.3715415019762847,-6.6129670847568045,-0.3457374856436622,PLL96-rejected-board,safe_range,selection,90301,NTSC,30,3,1000000.0,contrast;waveform;detail_floor;sync;h_jitter_us;v_jitter_us;h_width_rmse_us;sync_error_ire;black_error_ire;white_error_ire;contrast;stress_waveform;reference_detail;burst_gain;burst_phase_jitter_deg;burst_amplitude_jitter_pct;burst_rmse_ire;h_missing;v_missing;vertical_trains;sync_error_ire;black_error_ire;white_error_ire,False,bars,0.43423523937132374,83.95877989219821,37.63826129789146,33.963940559973395,29.445942866350745
8.901088577049515,98.32373790216607,True,6.4131897509385345,506,12,0,2.025,2.025,1000000.0,14.034471687820092,-1.121412284203746,-1.6491077137202492,-41.767206825773975,107.04551708301344,1000000.0,1000000.0,506,506,2,0,0.0,11.777765556872756,0.35191726764909936,PLL96-IQ-corrected,safe_range,selection,90301,NTSC,30,3,1000000.0,waveform;detail_floor;sync;h_jitter_us;v_jitter_us;h_width_rmse_us;sync_error_ire;stress_waveform;reference_detail;burst_gain;burst_phase_jitter_deg;burst_amplitude_jitter_pct;burst_rmse_ire;h_missing;v_missing;vertical_trains;sync_error_ire,False,bars,0.49659156475285066,-95.07177365719453,38.78294902274667,31.123174077646286,17.901561161188283
21.91539909357084,96.37878445394547,True,0.0,0,0,2,0.025,0.025,0.0185970374622288,1.6394208471228942,1.7202058672491256,-1.0971504346755376,-45.14429224464314,112.32439766202788,0.025,0.025,506,0,2,0,0.0,28.914500063468857,0.9355943997661357,floating-PLL-IQ40,safe_range,selection,90301,NTSC,30,3,1000000.0,burst_gain,True,bars,0.5804070320166241,4.642806222700779,6.827794446040219,18.354600640504906,6.248717400302088
4.2952011790223095,44.498373729789385,True,94.70311620359638,506,12,0,2.025,2.025,1000000.0,48.940656678488025,27.14984362528331,-25.62055919009687,2.610349561530626,84.23807493985916,1000000.0,1000000.0,506,506,2,0,0.0,4.44770636721254,0.5899935363440754,HC50,safe_range,selection,90301,NTSC,30,3,1000000.0,contrast;waveform;detail_floor;sync;h_jitter_us;v_jitter_us;h_width_rmse_us;sync_error_ire;black_error_ire;white_error_ire;contrast;stress_waveform;reference_detail;burst_gain;burst_rmse_ire;h_missing;v_missing;vertical_trains;sync_error_ire;black_error_ire;white_error_ire,False,bars,0.42964103943496457,80.6468524364041,8.360791466979457,20.380530558083297,30.842930536268838
11.851537755664767,96.75319332311649,True,3.5719984224802586,0,0,2,0.25,0.1537499999999999,0.0967926862457693,5.729791606456888,-0.6664404680337808,-2.755207199737055,-50.48430908837172,111.37138015576878,0.25,0.1537499999999999,506,0,2,0,0.0,16.86045993099007,0.4839816583055092,PLL96-board-fixed,safe_range,selection,90301,NTSC,30,3,1000000.0,waveform;detail_floor;sync_error_ire;stress_waveform;reference_detail;burst_phase_jitter_deg;burst_rmse_ire,True,bars,0.6036119231655104,-87.73458254837752,35.75571156926878,15.123128587216556,16.5073802939499
15.881099582365286,97.18165095716992,True,0.6653279826111564,0,0,2,0.075,0.075,0.023991516946110226,1.824017084553798,1.6974012178962994,-1.3406879342844031,-46.96347241952276,111.32667342470086,0.075,0.075,506,0,2,0,0.0,27.555115679744517,0.7232454777517563,RNG-19dd4d261cd8,safe_range,selection,90301,NTSC,30,3,1000000.0,,True,bars,0.819582125624485,-49.929023080673495,11.025604209829167,22.954133401619394,11.550932987256113
15.870709621175989,96.51242060420654,True,0.6284489428510357,0,0,2,0.075,0.075,0.023914166340867,1.6130963731985342,1.8320073738265719,-2.353930504897838,-47.62424571326761,109.6586799223179,0.075,0.075,506,0,2,0,0.0,27.14973603135785,0.7228825082775744,RNG-be7d624325f0,safe_range,selection,90301,NTSC,30,3,1000000.0,,True,bars,0.8112302854000389,-49.509455482857625,11.21971122041495,23.687953924728777,11.490288754234903
15.812223313854973,95.50187700118018,True,0.637480544424943,0,0,2,0.075,0.075,0.02186352748282159,2.262537231908549,1.9593495419686764,-3.4139824241892076,-47.781677986195774,108.5699780634121,0.075,0.075,506,0,2,0,0.0,25.963901943306436,0.7220283867443182,RNG-6de7d9a9b47e,safe_range,selection,90301,NTSC,30,3,1000000.0,,True,bars,0.8014918607413932,-49.651797413227136,11.453383604785722,23.637290902104425,11.497181905229425
15.81553116263768,95.46810829321046,True,0.6389858113539274,0,0,2,0.075,0.075,0.02231090943556307,1.75462116508679,2.0183192033561643,-3.4940679456900274,-47.53784727343507,109.46689950054883,0.075,0.075,506,0,2,0,0.0,25.801130079175657,0.7237936565803953,RNG-497b69de2e3d,safe_range,selection,90301,NTSC,30,3,1000000.0,,True,bars,0.8003852069575113,-49.05536445161592,11.41565929780419,24.627395673002624,11.412465747102333
16.14213800185434,95.69179954015718,True,0.9069233247131714,0,0,2,0.05,0.061249999999999985,0.03930912756449096,1.2372066177744903,1.8635055474020672,-3.094397224317771,-43.13982714024915,103.93264395539055,0.05,0.061249999999999985,506,0,2,0,0.0,25.287563316499686,0.7371096575733485,RNG-49c57570d609,safe_range,selection,90301,NTSC,30,3,1000000.0,,True,bars,0.8303872056252851,-49.331137017880145,9.087174219766872,20.513541437290623,11.366616837082512
15.643401403445747,94.04186096985102,True,0.6578016479662339,0,0,2,0.075,0.075,0.021262057727657248,1.9996995709819803,2.4357505883294652,-5.19760386596221,-49.426391182467555,106.79396686228719,0.075,0.075,506,0,2,0,0.0,23.83869406979639,0.7223387512521139,RNG-6155ad8b2b89,safe_range,selection,90301,NTSC,30,3,1000000.0,white_error_ire,True,bars,0.7710240935241478,-49.41411962424713,11.588549626026788,25.094496555351498,11.464074271534
16.120852163129722,95.5523753355595,True,0.8918706554233262,0,0,2,0.05,0.05,0.03930912756449096,1.0448618414647897,1.8652345100776975,-3.6284564023756523,-43.738319006006805,103.8403062217503,0.05,0.05,506,0,2,0,0.0,25.08209112185814,0.7371462668473263,RNG-d468ed53d6c8,safe_range,selection,90301,NTSC,30,3,1000000.0,,True,bars,0.829685049106062,-49.28689520971221,9.162260338854281,20.75803508712216,11.36155066516405
15.763431482121364,96.15462973310191,True,0.3311587243765937,0,0,2,0.05,0.05,0.020969580829337118,2.376222070449547,2.089252084580923,-2.4937087557111624,-47.952166683759835,119.87032639275068,0.05,0.05,506,0,2,0,0.0,27.187444599135993,0.7310354976524406,RNG-7b1f18f0a479,safe_range,selection,90301,NTSC,30,3,1000000.0,,True,bars,0.858152581497333,-48.523415470104304,10.444006528517338,21.654123112793734,11.542797807810418
15.74388338575261,96.08191073225242,True,0.36728513067222207,0,0,2,0.05,0.05,0.024247570270681154,2.188454676563869,2.46177921711811,-2.5053192794283246,-53.84898564271509,120.97118614782545,0.05,0.05,506,0,2,0,0.0,26.99294194116498,0.7310938418206628,RNG-e95ea18fb0e8,safe_range,selection,90301,NTSC,30,3,1000000.0,,True,bars,0.8516238424097533,-48.09308317076935,9.643362841539137,21.334780916711583,11.44794971447309
15.655382544487239,96.58977337375647,True,0.6088804727742371,0,0,2,0.05,0.05,0.022613350843332273,2.5297763402278743,2.0958267557389423,-1.3857315862253217,-52.011387211341244,116.13571824935917,0.05,0.05,506,0,2,0,0.0,27.084899718982705,0.7176409572056781,RNG-05f7d4c3f5f7,safe_range,selection,90301,NTSC,30,3,1000000.0,,True,bars,0.858183325344821,-48.08145548667437,9.624359259035113,21.548136734655497,11.468574245547728
11.668522250913663,92.21255894655215,True,0.6411543287327478,101,0,0,2.025,1.4662499999999994,2.2141506640391104,3.100672608798407,2.356036703067823,-5.42794398857307,-56.887572911594205,120.47290964644364,1.55,1.4662499999999994,610,4,2,237,0.3885245901639344,21.431329109951974,0.524969146434761,OVP56,safe_range,selection_envelope,90351,PAL,30,1.5,1000000.0,stress_waveform;reference_detail;burst_gain;h_missing;vertical_trains,False,bars,0.8284787002326536,-60.27512621316265,18.941158909990378,24.967352038417236,13.659579061364916
11.705330388682174,91.89051995289614,True,0.6380175658720201,240,3,0,2.025,2.025,2.904843055257147,3.8247694011802023,2.4445465936634765,-5.4941904402034165,-54.66213399847713,119.90527109813269,1.85,1.7899999999999998,610,5,2,254,0.4163934426229508,21.432074695994302,0.5260425898487364,VLP56,safe_range,selection_envelope,90351,PAL,30,1.5,1000000.0,stress_waveform;reference_detail;burst_gain;h_missing;v_missing;vertical_trains,False,bars,0.8185454729828268,-60.307870389679344,18.878908738008708,24.486834034883138,13.597914101211243
12.866043644422449,91.10022320202465,True,1.3105395232120451,0,0,2,0.125,0.06624999999999999,0.04182075333893527,4.566851012006095,2.1163352577077013,-6.263161558011242,-39.44458651956511,102.51970545551157,0.125,0.06624999999999999,610,0,2,0,0.0,20.302569780207804,0.5568465174213193,RANGE32,safe_range,selection_envelope,90351,PAL,30,1.5,1000000.0,,True,bars,0.5995850786445488,-68.16105749862396,18.201920375805145,29.47843997530634,12.754941318881476
-6.478683559025632,-78.6349389395992,False,605.7722710163112,610,8,55,2.025,2.025,1000000.0,83.59197378408128,22.35660631259548,-152.27746530944978,-63.13492698622604,64.41779964863318,1000000.0,1000000.0,610,610,2,1399,2.2934426229508196,-6.5252886270236266,-0.36444950314611063,PLL96-rejected-board,safe_range,selection_envelope,90351,PAL,30,1.5,1000000.0,contrast;stress_waveform;reference_detail;burst_gain;burst_phase_jitter_deg;burst_rmse_ire;h_missing;v_missing;vertical_trains;sync_error_ire;black_error_ire;white_error_ire,False,bars,0.3114365579106192,65.43425851086334,24.177647946449316,30.570545810629813,28.314947797665614
9.349835035497735,93.76835152210022,True,5.914680050188205,610,8,0,2.025,2.025,1000000.0,16.16945499994247,-0.11299518210708459,-5.701555797461114,-42.274472118807026,102.47615236066846,1000000.0,1000000.0,610,610,2,0,0.0,12.146340701460083,0.371089978542871,PLL96-IQ-corrected,safe_range,selection_envelope,90351,PAL,30,1.5,1000000.0,stress_waveform;reference_detail;burst_gain;burst_phase_jitter_deg;burst_rmse_ire;h_missing;v_missing;vertical_trains;sync_error_ire,False,bars,0.3568854611110435,-112.36865747355596,23.442592384175224,31.239979489863906,16.408263704806753
16.570800883789826,91.46676363591618,True,0.0,0,0,2,0.025,0.025,0.034221434180598705,4.459700464884453,2.345131564336756,-5.333176324644745,-42.43572429723736,119.76055819113219,0.025,0.025,610,0,2,0,0.0,21.54021855853177,0.8007889029353056,floating-PLL-IQ40,safe_range,selection_envelope,90351,PAL,30,1.5,1000000.0,burst_gain,True,bars,0.3924258479333186,6.169849147464862,9.534398242242329,16.45759156675688,8.633668667787807
4.195991455658445,42.71487371696689,True,88.96486825595986,610,8,0,2.025,2.025,1000000.0,49.51589626663495,26.790822546579882,-27.702974784114716,1.2321240932125335,83.10913236200682,1000000.0,1000000.0,610,610,2,0,0.0,4.445610052027909,0.41733421597530307,HC50,safe_range,selection_envelope,90351,PAL,30,1.5,1000000.0,contrast;stress_waveform;reference_detail;burst_gain;burst_rmse_ire;h_missing;v_missing;vertical_trains;sync_error_ire;black_error_ire;white_error_ire,False,bars,0.38416934947601983,98.76713940056038,16.557939558000957,20.87490474186628,30.493920291545024
12.036798956551127,91.72547739696918,True,3.5131744040150568,309,2,0,2.025,2.025,3.0109000486548925,9.156815698405445,0.30942967487040063,-6.719138547353286,-53.54929313200554,106.03054802122986,1.75,1.75,610,7,2,215,0.3524590163934426,16.591585922405155,0.4868648652526821,PLL96-board-fixed,safe_range,selection_envelope,90351,PAL,30,1.5,1000000.0,reference_detail;burst_gain;burst_phase_jitter_deg;h_missing;v_missing;vertical_trains,False,bars,0.410053838258709,-100.38961923003156,24.917640758073244,30.733101999464175,15.022776179230185
11.469749396822646,91.65560214810809,True,1.1787954830614806,0,0,2,0.275,0.06624999999999999,1.0596400757634332,3.9968197700205934,3.0051352757627647,-6.136731690383969,-47.301408652996564,111.60395026968001,0.275,0.06624999999999999,610,0,2,77,0.12622950819672132,21.358865090956122,0.48695298958464167,RNG-19dd4d261cd8,safe_range,selection_envelope,90351,PAL,30,1.5,1000000.0,stress_waveform;reference_detail,False,bars,0.6804370906773799,-69.95311888139298,18.471409681787144,27.783180937265247,14.557559092944858
11.681618959966391,90.96506001411538,True,1.1386449184441656,0,0,2,0.30249999999999777,0.15624999999999994,1.048053425931406,3.8833105234914194,3.4265530938386894,-7.192946809328913,-45.8281793617123,110.27729653433195,0.3024999999999977,0.15624999999999994,610,0,2,76,0.12459016393442623,20.697859677312724,0.4992268618479992,RNG-be7d624325f0,safe_range,selection_envelope,90351,PAL,30,1.5,1000000.0,stress_waveform;reference_detail,False,bars,0.6660061156496547,-69.1703112812382,18.35069624605907,27.933581749844794,14.300339350073267
11.569682133901306,89.88503643408741,True,1.1386449184441656,0,0,2,0.30249999999999777,0.15624999999999994,1.0505404541956676,4.093309557573939,3.458993922692937,-8.184858227961893,-45.22921796606687,109.98309621604162,0.3024999999999977,0.15624999999999994,610,0,2,76,0.12459016393442623,19.680315163822286,0.49615492221322455,RNG-6de7d9a9b47e,safe_range,selection_envelope,90351,PAL,30,1.5,1000000.0,stress_waveform;reference_detail,False,bars,0.6583873629315444,-68.77244982453024,18.0081967648596,27.88785093210308,14.164345305521788
11.80218897208767,90.0907058047914,True,1.103513174404015,0,0,2,0.28874999999999884,0.15624999999999994,1.0369455856220149,3.9183854790197308,3.8440731199261315,-8.250069939902055,-45.515876605882184,109.50702193451309,0.28874999999999884,0.15624999999999994,610,0,2,75,0.12295081967213115,19.879578276640764,0.5088766282605188,RNG-497b69de2e3d,safe_range,selection_envelope,90351,PAL,30,1.5,1000000.0,stress_waveform;reference_detail,False,bars,0.652113105649308,-68.21476176361304,17.833242483336942,27.139432107386945,14.051881054403633
12.866043644422449,91.10022320202465,True,1.3105395232120451,0,0,2,0.125,0.06624999999999999,0.04182075333893527,4.566851012006095,2.1163352577077013,-6.263161558011242,-39.44458651956511,102.51970545551157,0.125,0.06624999999999999,610,0,2,0,0.0,20.302569780207804,0.5568465174213193,RNG-49c57570d609,safe_range,selection_envelope,90351,PAL,30,1.5,1000000.0,,True,bars,0.5995850786445488,-68.16105749862396,18.201920375805145,29.47843997530634,12.754941318881476
11.675932775131637,88.67838178495025,True,1.1398996235884566,1,0,2,0.575,0.5737499999999998,1.2542227524023306,4.1856688139409925,4.1143251144674515,-10.093896761378751,-45.18061390234309,108.74195681477283,0.5550000000000012,0.5737499999999998,610,1,2,115,0.1885245901639344,18.659914105627784,0.5075686962427794,RNG-6155ad8b2b89,safe_range,selection_envelope,90351,PAL,30,1.5,1000000.0,stress_waveform;reference_detail;h_missing,False,bars,0.6347035921728934,-67.93883310784315,17.754542934905327,27.869298231509333,14.011733396148662
12.851281621546278,90.91331970925641,True,1.2979924717691342,0,0,2,0.125,0.06624999999999999,0.04256143101255015,4.266110330687064,2.2731572831172526,-7.1018627270808725,-40.42280822656807,102.08394473345905,0.125,0.06624999999999999,610,0,2,0,0.0,20.20628687212504,0.5575295944319212,RNG-d468ed53d6c8,safe_range,selection_envelope,90351,PAL,30,1.5,1000000.0,,True,bars,0.5999834071302492,-66.85064751995748,17.912545687333196,28.99313400590303,12.667237022708761
12.248383055398834,90.53540931278644,True,0.9203262233375157,186,0,0,2.025,1.2874999999999999,2.8738192304561574,5.083449488241809,3.0966686635236345,-7.498148257582999,-51.97629568415556,112.89285402116835,1.775,1.2874999999999999,610,5,2,303,0.4967213114754098,20.553000691222437,0.5289822546247662,RNG-7b1f18f0a479,safe_range,selection_envelope,90351,PAL,30,1.5,1000000.0,h_missing;vertical_trains,False,bars,0.6782162109300501,-71.67546539337205,19.0012286882917,29.278487873183497,13.992321024294787
12.005958480483105,90.8491466801581,True,0.6681304893350063,309,2,0,2.025,2.025,3.0314639485067847,5.406460043213728,3.1415525894594416,-6.705137448012507,-50.46608397065009,117.65217142435793,1.775,1.75625,610,8,2,214,0.35081967213114756,20.87747016065855,0.5428938018055008,RNG-e95ea18fb0e8,safe_range,selection_envelope,90351,PAL,30,1.5,1000000.0,burst_gain;h_missing;v_missing;vertical_trains,False,bars,0.7839793447215186,-60.35792129231431,19.367094848897157,26.59239092779352,13.239223656293762
11.89195523516464,91.62879835777983,True,0.7691342534504391,312,3,0,2.025,2.025,3.0332801701465075,5.3191153060752026,2.943638669652928,-5.338224207100889,-52.07624414694733,117.2493046121071,1.775,1.3399999999999999,610,8,2,212,0.3475409836065574,21.662199363719527,0.5246625049649492,RNG-05f7d4c3f5f7,safe_range,selection_envelope,90351,PAL,30,1.5,1000000.0,reference_detail;burst_gain;h_missing;v_missing;vertical_trains,False,bars,0.7847530407299903,-60.381146355356414,19.582307408232854,27.165530837279324,13.265480620254628
11.739381541255561,92.10831668666995,True,0.687154353081432,91,2,0,2.025,2.025,2.3632827638026614,3.0399927066074164,2.217111154622554,-5.768458191566733,-54.472701990780635,119.79260820947744,1.7,1.4774999999999998,506,3,2,243,0.48023715415019763,21.20593754343482,0.5455882237440831,OVP56,safe_range,selection_envelope,90351,NTSC,30,1.5,1000000.0,stress_waveform;burst_gain;h_missing;v_missing;vertical_trains,False,bars,0.8748624590289986,-49.51043834045168,31.398132286549515,38.55602342353312,13.129489656816066
11.777126466840917,91.78040824558569,True,0.6630700822176797,178,3,0,2.025,2.025,2.9441974117559178,3.7489876208173527,2.3040577691012305,-5.82840506239647,-55.5472672217603,121.03969033530268,1.75,1.77,506,5,2,262,0.5177865612648221,21.19750610524479,0.5467951154722986,VLP56,safe_range,selection_envelope,90351,NTSC,30,1.5,1000000.0,stress_waveform;burst_gain;h_missing;v_missing;vertical_trains,False,bars,0.8632088735218244,-49.45182132032173,31.679224048813573,38.91960951824211,13.056860011296315
12.882058840029329,90.91667503319925,True,1.348719168370127,0,0,2,0.125,0.13374999999999995,0.04427445395176854,4.496345798644552,1.970951736670411,-6.589122750258256,-39.88287674395734,102.17614078735537,0.125,0.13374999999999995,506,0,2,0,0.0,20.07789508827159,0.5727298939238956,RANGE32,safe_range,selection_envelope,90351,NTSC,30,1.5,1000000.0,,True,bars,0.6157788417484084,-56.58880236402589,30.986830061682497,68.78608046762716,12.748019317216704
-6.385358367792992,-78.34809334520112,False,601.8192656103707,506,12,44,2.025,2.025,1000000.0,83.41662521529673,22.16321575680468,-152.31017609548945,-62.894625737084425,65.44174085486466,1000000.0,1000000.0,506,506,2,1169,2.3102766798418974,-6.4348803583934036,-0.34874601338085054,PLL96-rejected-board,safe_range,selection_envelope,90351,NTSC,30,1.5,1000000.0,contrast;stress_waveform;reference_detail;burst_gain;burst_phase_jitter_deg;burst_rmse_ire;h_missing;v_missing;vertical_trains;sync_error_ire;black_error_ire;white_error_ire,False,bars,0.4149412842316066,81.72182476805946,39.34857128310134,36.37827490706161,28.81836213094551
9.301292943756753,93.12650848989776,True,6.030851950976467,506,12,0,2.025,2.025,1000000.0,16.141603929077277,-0.2028003676101645,-6.013681796583818,-43.9256365370855,102.13509490650614,1000000.0,1000000.0,506,506,2,0,0.0,12.208460707106628,0.3568855850299196,PLL96-IQ-corrected,safe_range,selection_envelope,90351,NTSC,30,1.5,1000000.0,stress_waveform;reference_detail;burst_phase_jitter_deg;burst_rmse_ire;h_missing;v_missing;vertical_trains;sync_error_ire,False,bars,0.4763796662749946,-96.57782762913948,40.24541144710972,33.57246103342886,17.589596118028116
16.558396599218685,91.25130958533495,True,0.005268434251445808,0,0,2,0.025,0.025,0.03165010661928104,4.4002113862262275,2.19700799460088,-5.653496995628912,-42.491743996363596,118.65151282109977,0.025,0.025,506,0,2,0,0.0,21.284766214193446,0.8105372315996038,floating-PLL-IQ40,safe_range,selection_envelope,90351,NTSC,30,1.5,1000000.0,,True,bars,0.4810451379055043,-4.787379018750752,28.735828003207416,38.14039398768264,8.167422110652312
4.16507330612795,42.62603434365742,True,94.8084848886253,506,12,0,2.025,2.025,1000000.0,49.37875302266296,26.588286900115335,-27.96940660094423,1.9574933624066233,82.80381071963677,1000000.0,1000000.0,506,506,2,0,0.0,4.407998192143889,0.4341303553498284,HC50,safe_range,selection_envelope,90351,NTSC,30,1.5,1000000.0,contrast;stress_waveform;reference_detail;burst_gain;burst_rmse_ire;h_missing;v_missing;vertical_trains;sync_error_ire;black_error_ire;white_error_ire,False,bars,0.39584149658782375,79.5237495630821,30.07791138764811,41.82066613334099,30.441051532404934
11.991373060164229,91.36459892531963,True,3.523829880752754,241,5,0,2.025,2.025,2.9796649647043862,9.038494225398606,0.20231025750423787,-7.078515254774254,-48.31501661769184,105.68306519233121,1.8,1.6199999999999992,506,5,2,212,0.4189723320158103,16.64312275602396,0.48621040791383474,PLL96-board-fixed,safe_range,selection_envelope,90351,NTSC,30,1.5,1000000.0,reference_detail;burst_phase_jitter_deg;burst_rmse_ire;h_missing;v_missing;vertical_trains,False,bars,0.5714558597457031,-88.88721434623831,38.44246796246366,16.35188195810192,16.104524594465808
11.529384473157865,91.5222840561727,True,1.1869029735042915,0,0,2,0.225,0.7874999999999991,1.1075747550141544,3.910119833419315,2.855093121955098,-6.459577624779773,-44.89995352583892,111.2424375483094,0.225,0.7874999999999991,506,0,2,80,0.15810276679841898,21.17646267703074,0.5048067377073021,RNG-19dd4d261cd8,safe_range,selection_envelope,90351,NTSC,30,1.5,1000000.0,stress_waveform;reference_detail,False,bars,0.746283878539971,-58.569347882141365,31.166791461372995,44.15480312214113,14.44065284742499
11.739576123530615,90.84794951668385,True,1.1447554994927251,0,0,2,0.25,0.7874999999999991,1.1077877395464024,3.80047419042073,3.2762320486921865,-7.50662875029714,-44.163509181814796,109.91839994144806,0.25,0.7874999999999991,506,0,2,80,0.15810276679841898,20.554625772682687,0.5168100990506586,RNG-be7d624325f0,safe_range,selection_envelope,90351,NTSC,30,1.5,1000000.0,stress_waveform;reference_detail,False,bars,0.7247553109580789,-57.86582037564692,31.01464760494191,46.86726513178381,14.197043641033625
11.621617911401056,89.77414190476044,True,1.1552923679956166,0,0,2,0.25,0.7874999999999991,1.1112644135568928,4.010620034464004,3.3081471160431892,-8.49708866853858,-42.88850406843134,109.62477977893843,0.25,0.7874999999999991,506,0,2,80,0.15810276679841898,19.5325382704841,0.5139854077543311,RNG-6de7d9a9b47e,safe_range,selection_envelope,90351,NTSC,30,1.5,1000000.0,stress_waveform;reference_detail,False,bars,0.7139795779589054,-57.463282354677226,30.82605295709041,46.99337402554859,14.06194634117878
11.8570459897934,89.98629373423857,True,1.100350125087682,0,0,2,0.25,0.7874999999999991,1.0998871438693207,3.8348018277100993,3.694247746725447,-8.563433040850962,-44.220976862327994,109.14964219875725,0.25,0.7874999999999991,506,0,2,77,0.15217391304347827,19.759188173955234,0.5262744660403584,RNG-497b69de2e3d,safe_range,selection_envelope,90351,NTSC,30,1.5,1000000.0,stress_waveform;reference_detail,False,bars,0.6997090095426951,-57.09785527577595,31.033998656568617,48.41085352250754,13.955259426789494
12.882058840029329,90.91667503319925,True,1.348719168370127,0,0,2,0.125,0.13374999999999995,0.04427445395176854,4.496345798644552,1.970951736670411,-6.589122750258256,-39.88287674395734,102.17614078735537,0.125,0.13374999999999995,506,0,2,0,0.0,20.07789508827159,0.5727298939238956,RNG-49c57570d609,safe_range,selection_envelope,90351,NTSC,30,1.5,1000000.0,,True,bars,0.6157788417484084,-56.58880236402589,30.986830061682497,68.78608046762716,12.748019317216704
11.72446289748541,88.58035099623801,True,1.1372291648478026,0,0,2,0.4125,1.0624999999999996,1.2701114334418393,4.104918862269068,3.9622857612800626,-10.412726821566732,-42.90901032812518,108.3860878739959,0.4125,1.0624999999999996,506,0,2,103,0.20355731225296442,18.551486950869744,0.5249453104179804,RNG-6155ad8b2b89,safe_range,selection_envelope,90351,NTSC,30,1.5,1000000.0,stress_waveform;reference_detail,False,bars,0.6807889341388842,-56.95660352187384,31.13767481473437,50.13141572051658,13.945500713676227
12.870228515277308,90.75154482178691,True,1.351729702228096,0,0,2,0.125,0.12249999999999997,0.04435806961445627,4.192693605028709,2.1254601760970155,-7.410286177630679,-41.21407115564882,100.96503104786609,0.125,0.12249999999999997,506,0,2,0,0.0,20.00096093651949,0.573375124316859,RNG-d468ed53d6c8,safe_range,selection_envelope,90351,NTSC,30,1.5,1000000.0,,True,bars,0.6144039640117789,-55.41956598207013,31.091186349013206,69.65507701740864,12.661336692564925
12.277115261044415,90.40888617287347,True,0.9761656034464591,159,2,0,2.025,2.025,2.853914029571395,5.0203748937764985,2.952226821132478,-7.823077001077189,-51.76153796153791,112.52879961334949,1.825,1.7399999999999998,506,5,2,298,0.5889328063241107,20.40865366325447,0.5456356888356144,RNG-7b1f18f0a479,safe_range,selection_envelope,90351,NTSC,30,1.5,1000000.0,h_missing;v_missing;vertical_trains,False,bars,0.7403763056573116,-59.345171640727195,31.390951420022187,51.89914966295431,13.880396287198288
12.080314017034839,90.75178889921841,True,0.6946806877263545,243,5,0,2.025,2.025,3.017205493895873,5.296788608106998,2.9940285309392265,-7.038468959146956,-47.81943748960179,117.42686512516107,1.7724999999999995,1.6449999999999991,506,6,2,212,0.4189723320158103,20.72631376434704,0.5625507629522355,RNG-e95ea18fb0e8,safe_range,selection_envelope,90351,NTSC,30,1.5,1000000.0,burst_gain;h_missing;v_missing;vertical_trains,False,bars,0.825905174335825,-49.462629563243325,32.19051273236006,40.60167769539088,12.688571605564062
11.966348049782374,91.49968284890352,True,0.7910177711813635,245,5,0,2.025,2.025,3.0306101202809685,5.24507926609509,2.7996379494704047,-5.665885472237855,-48.19663220581689,118.4769022129037,1.775,1.6449999999999991,506,6,2,209,0.41304347826086957,21.47691956980147,0.5451514541100053,RNG-05f7d4c3f5f7,safe_range,selection_envelope,90351,NTSC,30,1.5,1000000.0,burst_gain;h_missing;v_missing;vertical_trains,False,bars,0.8282813163640196,-49.4576071746444,32.25856684368769,43.41655773566459,12.730864599603557
16.627571187349275,97.92040660225625,True,0.3331242158092848,0,0,2,0.05,0.04124999999999999,0.020495901229590142,-0.24442835218749087,1.3090416206115205,-1.322510720592024,-57.61707140040329,120.25705633825048,0.05,0.04124999999999999,610,0,2,0,0.0,28.241131363261673,0.7562745686176288,OVP56,safe_range,selection_envelope,90352,PAL,30,5,1000000.0,,True,bars,0.8316654127599181,-60.44359567338911,8.643646688485319,15.857546112623119,11.84068965723215
17.117052285559833,98.49612728546101,True,0.31367628607277287,0,0,2,0.025,0.04124999999999999,0.013580361906377781,-0.6979525495906208,1.1284312977533497,-0.8297934775791008,-53.299652049811854,117.68832449854081,0.025,0.04124999999999999,610,0,2,0,0.0,28.7345373171302,0.776916401248607,VLP56,safe_range,selection_envelope,90352,PAL,30,5,1000000.0,,True,bars,0.8313334867529341,-60.45931190347075,6.790046928857672,14.11461288882425,11.581262454434949
16.516728759340463,95.8915046545146,True,1.0363864491844417,0,0,2,0.075,0.11499999999999994,0.043277601824409484,0.24290178516782612,1.5385987592563672,-3.8755610440071004,-45.707557796476735,103.93409372171654,0.075,0.11499999999999995,610,0,2,0,0.0,24.819177730633267,0.7462522129632694,RANGE32,safe_range,selection_envelope,90352,PAL,30,5,1000000.0,,True,bars,0.7433024821563592,-60.24366699513484,8.736118718037778,15.6191998859356,11.200195981927775
-6.78212151741285,-82.96442659123679,False,613.5319949811794,610,8,69,2.025,2.025,1000000.0,81.88353122882926,21.99496143494142,-157.67723074138857,-69.52231887572518,61.20825053647323,1000000.0,1000000.0,610,610,2,1572,2.577049180327869,-6.829692690274821,-0.3725832117086367,PLL96-rejected-board,safe_range,selection_envelope,90352,PAL,30,5,1000000.0,contrast;waveform;detail_floor;sync;h_jitter_us;v_jitter_us;h_width_rmse_us;sync_error_ire;black_error_ire;white_error_ire;contrast;stress_waveform;reference_detail;burst_gain;burst_phase_jitter_deg;burst_amplitude_jitter_pct;burst_rmse_ire;h_missing;v_missing;vertical_trains;sync_error_ire;black_error_ire;white_error_ire,False,bars,0.32696715147014177,64.88649360170704,23.16979902758166,35.96274138870371,28.326011893897114
8.92718382807296,99.02738223691144,True,6.417189460476788,221,3,0,2.025,2.025,3.3857566848562586,15.642410504508087,-1.7884074006498507,-1.207940580054147,-43.02548875416457,107.58648182125778,1.8299999999999983,1.4999999999999996,610,8,2,213,0.34918032786885245,11.566972400639742,0.3762844100541643,PLL96-IQ-corrected,safe_range,selection_envelope,90352,PAL,30,5,1000000.0,waveform;detail_floor;sync;h_jitter_us;v_jitter_us;h_width_rmse_us;sync_error_ire;stress_waveform;reference_detail;burst_gain;burst_phase_jitter_deg;burst_amplitude_jitter_pct;burst_rmse_ire;h_missing;v_missing;vertical_trains;sync_error_ire,False,bars,0.38441815293943915,-113.20429855835457,22.231465440207955,34.62495134160493,17.25491296790471
23.527241859883222,97.59586734302603,True,0.0,0,0,2,0.025,0.025,0.009865904194435018,0.3380924998900687,0.9998988439936067,-0.595682201110418,-46.12680638102083,109.91607085667651,0.025,0.025,610,0,2,0,0.0,31.32904630137114,0.9533122491044206,floating-PLL-IQ40,safe_range,selection_envelope,90352,PAL,30,5,1000000.0,,True,bars,0.5239062003712305,17.097591414887145,5.307055062201302,9.67702915957122,6.360818701917567
4.518117219449308,44.75493451403945,True,88.44416562107904,610,8,0,2.025,2.025,1000000.0,48.29058737924097,26.54540258438322,-26.375232115404867,3.4682027902514108,81.36925339412123,1000000.0,1000000.0,610,610,2,0,0.0,4.66644990407192,0.6269868871160388,HC50,safe_range,selection_envelope,90352,PAL,30,5,1000000.0,contrast;waveform;detail_floor;sync;h_jitter_us;v_jitter_us;h_width_rmse_us;sync_error_ire;black_error_ire;white_error_ire;contrast;stress_waveform;reference_detail;burst_gain;burst_rmse_ire;h_missing;v_missing;vertical_trains;sync_error_ire;black_error_ire;white_error_ire,False,bars,0.4176961677023765,98.65221046216098,6.390274219230331,12.230030224401851,30.238837363543976
11.873403272524985,98.65267155654033,True,3.7195734002509413,0,0,2,0.075,0.075,0.04983579594405059,3.6656852828368724,-1.4457116787105377,-2.3175319865539175,-51.852877490007025,112.05168461926296,0.075,0.075,610,0,2,0,0.0,16.90502682127247,0.48343874782676016,PLL96-board-fixed,safe_range,selection_envelope,90352,PAL,30,5,1000000.0,waveform;detail_floor;stress_waveform;reference_detail;burst_gain;burst_phase_jitter_deg;burst_amplitude_jitter_pct;burst_rmse_ire,True,bars,0.43062157395016787,-99.68803555109226,23.22096619069179,29.650990147900398,15.766134995588125
15.654090955213869,98.34867759208198,True,0.7114178168130489,0,0,2,0.05,0.06624999999999999,0.025866143451415025,0.6317281589633558,0.9957976077389858,-0.8055361599862757,-50.231664968652304,113.26697137175772,0.05,0.06624999999999999,610,0,2,0,0.0,28.22801151080354,0.6998111508677362,RNG-19dd4d261cd8,safe_range,selection_envelope,90352,PAL,30,5,1000000.0,reference_detail,True,bars,0.780481342187155,-62.452494477124354,12.975076256786945,20.884005031738226,12.051267935928665
15.739522896570556,97.61274175614079,True,0.6951066499372647,0,0,2,0.05,0.06624999999999999,0.023015497273665374,0.4629757239810018,1.1327658938540532,-1.9022555438693574,-49.944336225961564,111.62712673860098,0.05,0.06624999999999999,610,0,2,0,0.0,28.24931673049917,0.7022997883970113,RNG-be7d624325f0,safe_range,selection_envelope,90352,PAL,30,5,1000000.0,reference_detail,True,bars,0.7724693650957827,-62.00731706985908,12.977093690823452,21.62746707791773,11.947240127967028
15.723581162754051,96.62742002596123,True,0.7038895859473023,0,0,2,0.05,0.06624999999999999,0.021496282560815632,1.1624131054115485,1.2617576128032038,-2.81274920912601,-48.64571440787125,110.57620762357338,0.05,0.06624999999999999,610,0,2,0,0.0,27.159364702311773,0.7019742903581184,RNG-6de7d9a9b47e,safe_range,selection_envelope,90352,PAL,30,5,1000000.0,reference_detail,True,bars,0.7630196548879389,-62.07999664973192,13.244382441091261,21.4485594701739,11.915346067478875
15.765665905293194,96.45371407253924,True,0.6725219573400251,0,0,2,0.05,0.06624999999999999,0.02325905429198223,0.6596154149543538,1.3208827450421505,-3.183331681982459,-49.7948431473568,111.04863080252788,0.05,0.06624999999999999,610,0,2,0,0.0,26.785899901162978,0.706083968905099,RNG-497b69de2e3d,safe_range,selection_envelope,90352,PAL,30,5,1000000.0,reference_detail,True,bars,0.757335699323979,-61.42292417976225,13.173274009352664,21.451230127934775,11.829328655478227
16.516728759340463,95.8915046545146,True,1.0363864491844417,0,0,2,0.075,0.11499999999999994,0.043277601824409484,0.24290178516782612,1.5385987592563672,-3.8755610440071004,-45.707557796476735,103.93409372171654,0.075,0.11499999999999995,610,0,2,0,0.0,24.819177730633267,0.7462522129632694,RNG-49c57570d609,safe_range,selection_envelope,90352,PAL,30,5,1000000.0,,True,bars,0.7433024821563592,-60.24366699513484,8.736118718037778,15.6191998859356,11.200195981927775
15.618109013263688,95.05961618327993,True,0.679422835633626,0,0,2,0.075,0.06624999999999999,0.023214961258410667,1.0647957676320097,1.7432942163537961,-4.857761591386118,-49.14360698325967,108.85082497618292,0.075,0.06624999999999999,610,0,2,0,0.0,24.790360881490304,0.70385723067816,RNG-6155ad8b2b89,safe_range,selection_envelope,90352,PAL,30,5,1000000.0,reference_detail,True,bars,0.7278101844532809,-61.61130679584349,13.20824437682556,21.488834409142978,11.800570615078504
16.403252294774212,95.4999732219791,True,0.9974905897114179,0,0,2,0.075,0.05,0.041783987834387734,0.18754323725618288,1.71421800985555,-4.335994569588221,-47.18989524033446,103.92186010832837,0.075,0.05,610,0,2,0,0.0,24.28620430024808,0.743564334784587,RNG-d468ed53d6c8,safe_range,selection_envelope,90352,PAL,30,5,1000000.0,,True,bars,0.7366524600942779,-60.25251141773392,8.750514538689588,15.919388403024259,11.193408350538341
15.859943472859095,97.33266131165952,True,0.383939774153074,0,0,2,0.05,0.04124999999999999,0.018107149208503707,1.1998860797507496,1.3805623102818922,-2.0197394274498133,-49.18509081140142,120.8006711544126,0.05,0.04124999999999999,610,0,2,0,0.0,29.196243516239345,0.7204026857748957,RNG-7b1f18f0a479,safe_range,selection_envelope,90352,PAL,30,5,1000000.0,burst_phase_jitter_deg,True,bars,0.8320016652513955,-60.05397882183987,15.434254693526416,20.05540874800195,11.943426376939854
15.693916463424888,97.21075729785441,True,0.3450439146800502,0,0,2,0.05,0.04124999999999999,0.021087250440670093,1.16835155023042,1.7600404935102882,-2.0515354418914047,-54.76590400462236,121.773813585546,0.05,0.04124999999999999,610,0,2,0,0.0,28.925887814291606,0.7142365310469401,RNG-e95ea18fb0e8,safe_range,selection_envelope,90352,PAL,30,5,1000000.0,reference_detail;burst_phase_jitter_deg,True,bars,0.8265288154680225,-60.157936354583505,15.24187625180056,20.422226170028786,11.947671253848046
15.714992499601632,97.80747902697594,True,0.4228356336260979,0,0,2,0.05,0.04124999999999999,0.01896394335419149,1.2543264281616548,1.3824496681984693,-0.8551685643754467,-49.18509081124195,120.5572846400611,0.05,0.04124999999999999,610,0,2,0,0.0,29.29921116309081,0.708037682226001,RNG-05f7d4c3f5f7,safe_range,selection_envelope,90352,PAL,30,5,1000000.0,reference_detail;burst_phase_jitter_deg,True,bars,0.8397294764682631,-60.34326090986123,15.656705533342823,18.99163260106647,11.991171285198691
16.777260036894972,97.83588433604156,True,0.3477166605954234,0,0,2,0.05,0.036249999999999984,0.020280883344889387,-0.18253042175977977,1.2931507589618907,-1.5061769090216293,-57.43765638195087,119.71170893033351,0.05,0.036249999999999984,506,0,2,0,0.0,28.096009280073847,0.7754906082981562,OVP56,safe_range,selection_envelope,90352,NTSC,30,5,1000000.0,,True,bars,0.8979272089093715,-48.154227354462044,7.650074055371747,12.04062966833564,11.2610493732624
17.286650635483024,98.40682670451366,True,0.32739555705413237,0,0,2,0.025,0.025,0.012325862139029291,-0.65659821264078,1.117682889429155,-1.0099981019682762,-53.08588454118586,119.05554878209907,0.025,0.025,506,0,2,0,0.0,28.603264577871403,0.7956316238080143,VLP56,safe_range,selection_envelope,90352,NTSC,30,5,1000000.0,,True,bars,0.8995704105903479,-48.1363933453701,6.3370597825558805,10.402515789298118,10.997907197440425
16.591773083715367,95.78831419956681,True,1.062718451863069,0,0,2,0.075,0.08624999999999998,0.04361391879943235,0.26442295190905524,1.531261275961431,-4.066267006867153,-45.7934018511017,103.8118652148705,0.075,0.08624999999999998,506,0,2,0,0.0,24.699004843224376,0.7623902405771749,RANGE32,safe_range,selection_envelope,90352,NTSC,30,5,1000000.0,,True,bars,0.805009371467285,-48.38819173177644,7.502014547919947,12.355357789755544,10.732460327526717
-6.676893978503838,-82.6067929925359,False,612.817498426996,506,12,57,2.025,2.025,1000000.0,81.81623849291739,21.992309420713667,-157.58183689515832,-69.16230308616748,67.00100972228995,1000000.0,1000000.0,506,506,2,1307,2.58300395256917,-6.726780923826449,-0.3596193872869822,PLL96-rejected-board,safe_range,selection_envelope,90352,NTSC,30,5,1000000.0,contrast;waveform;detail_floor;sync;h_jitter_us;v_jitter_us;h_width_rmse_us;sync_error_ire;black_error_ire;white_error_ire;contrast;stress_waveform;reference_detail;burst_gain;burst_phase_jitter_deg;burst_amplitude_jitter_pct;burst_rmse_ire;h_missing;v_missing;vertical_trains;sync_error_ire;black_error_ire;white_error_ire,False,bars,0.44242837057477347,83.3370563439122,35.88217147188368,25.847542689340237,28.91512942701527
8.867517430132231,98.31584656060842,True,6.629195555247812,182,3,0,2.025,2.025,3.4125980743832036,15.805492191900115,-1.6596471453919917,-1.3679078913270264,-48.540072095987085,107.4107376562711,1.75,1.69,506,5,2,175,0.3458498023715415,11.61355426675521,0.36135857210917033,PLL96-IQ-corrected,safe_range,selection_envelope,90352,NTSC,30,5,1000000.0,waveform;detail_floor;sync;h_jitter_us;v_jitter_us;h_width_rmse_us;sync_error_ire;stress_waveform;reference_detail;burst_gain;burst_phase_jitter_deg;burst_amplitude_jitter_pct;burst_rmse_ire;h_missing;v_missing;vertical_trains;sync_error_ire,False,bars,0.5090653124259499,-94.21516915306198,37.09740800914295,27.71424152936092,18.198579592959625
23.950041605803733,97.44665719395911,True,0.0,0,0,2,0.025,0.025,0.00889108448948774,0.3941822314597643,0.9864765418399859,-0.7543663855708499,-46.018704038509185,109.51963522787443,0.025,0.025,506,0,2,0,0.0,30.939121667928802,0.9621148363275962,floating-PLL-IQ40,safe_range,selection_envelope,90352,NTSC,30,5,1000000.0,,True,bars,0.6253274595079668,8.256274150284673,3.9566866327270636,7.9037472601771075,5.512251070733633
4.4681535374856605,44.701246925569045,True,94.35464690953647,506,12,0,2.025,2.025,1000000.0,48.286397908723835,26.48826957120033,-26.48499219798499,4.464062910786694,81.23148126257857,1000000.0,1000000.0,506,506,2,0,0.0,4.611548533222157,0.6420827607843789,HC50,safe_range,selection_envelope,90352,NTSC,30,5,1000000.0,contrast;waveform;detail_floor;sync;h_jitter_us;v_jitter_us;h_width_rmse_us;sync_error_ire;black_error_ire;white_error_ire;contrast;stress_waveform;reference_detail;burst_gain;burst_rmse_ire;h_missing;v_missing;vertical_trains;sync_error_ire;black_error_ire;white_error_ire,False,bars,0.4461543286093917,80.84317022919907,5.6871108371893815,9.432716469285594,30.357293814697712
11.837947601135102,98.28826241252904,True,3.7526304539584,0,0,2,0.075,0.075,0.05051611099793542,3.677207510654476,-1.421102431176471,-2.4901332872681805,-51.82222803880856,111.86314266531829,0.075,0.075,506,0,2,0,0.0,16.98672893154139,0.48556698896853395,PLL96-board-fixed,safe_range,selection_envelope,90352,NTSC,30,5,1000000.0,waveform;detail_floor;stress_waveform;reference_detail;burst_phase_jitter_deg;burst_rmse_ire,True,bars,0.6047646532837347,-86.33584387075116,32.634502459528036,18.037297286383957,16.649073865890458
15.74137163806129,98.20056870937354,True,0.7134965243386611,0,0,2,0.05,0.061249999999999985,0.025874048835890673,0.6572206096551074,0.978040403220326,-0.9746085759392803,-50.219712895678796,113.0351890016455,0.05,0.061249999999999985,506,0,2,0,0.0,28.192105046967015,0.7168299409487947,RNG-19dd4d261cd8,safe_range,selection_envelope,90352,NTSC,30,5,1000000.0,reference_detail;burst_phase_jitter_deg,True,bars,0.8391499450254569,-50.24373309796734,12.799938452661952,21.591512777626754,11.58831327309556
15.827746354122167,97.49456817528167,True,0.6848964526879552,0,0,2,0.05,0.05,0.023019368026681926,0.4899184944668888,1.1149850922274216,-2.0700506825588065,-49.942497432176616,111.3318531876844,0.05,0.05,506,0,2,0,0.0,28.13790040408453,0.7194801754453963,RNG-be7d624325f0,safe_range,selection_envelope,90352,NTSC,30,5,1000000.0,reference_detail;burst_amplitude_jitter_pct,True,bars,0.829420958263263,-49.7369538858198,12.446674795702162,22.635714673145554,11.4676423581917
15.802372056951711,96.50934285462137,True,0.6833911857589706,0,0,2,0.075,0.061249999999999985,0.021464420417833734,1.1857798655803142,1.2431592791059571,-2.9771379896882793,-48.67571095419032,110.36866434143687,0.075,0.061249999999999985,506,0,2,0,0.0,27.000123896232914,0.7190036787020445,RNG-6de7d9a9b47e,safe_range,selection_envelope,90352,NTSC,30,5,1000000.0,reference_detail;burst_phase_jitter_deg;burst_amplitude_jitter_pct,True,bars,0.8195292591457044,-49.81760801541716,12.595166843031501,22.656103841979316,11.455233678871926
15.851253255636896,96.34825717877936,True,0.6532858471792803,0,0,2,0.05,0.061249999999999985,0.02357604800482243,0.6870139108818921,1.3044721682589049,-3.3435727750817668,-49.81932389041751,110.87478179458597,0.05,0.061249999999999985,506,0,2,0,0.0,26.62930490957192,0.7233791398641917,RNG-497b69de2e3d,safe_range,selection_envelope,90352,NTSC,30,5,1000000.0,reference_detail;burst_amplitude_jitter_pct,True,bars,0.8139010046642241,-49.058663733771205,12.062829988129243,23.06213021510546,11.33864769844137
16.591773083715367,95.78831419956681,True,1.062718451863069,0,0,2,0.075,0.08624999999999998,0.04361391879943235,0.26442295190905524,1.531261275961431,-4.066267006867153,-45.7934018511017,103.8118652148705,0.075,0.08624999999999998,506,0,2,0,0.0,24.699004843224376,0.7623902405771749,RNG-49c57570d609,safe_range,selection_envelope,90352,NTSC,30,5,1000000.0,,True,bars,0.805009371467285,-48.38819173177644,7.502014547919947,12.355357789755544,10.732460327526717
15.690745872946412,94.96466190914037,True,0.6562963810372493,0,0,2,0.075,0.075,0.02293873951966385,1.088211470948612,1.7241968678106179,-5.018768542414704,-49.15702679647885,108.60821388710406,0.075,0.075,506,0,2,0,0.0,24.657663607313438,0.7207940425808264,RNG-6155ad8b2b89,safe_range,selection_envelope,90352,NTSC,30,5,1000000.0,white_error_ire;reference_detail;burst_amplitude_jitter_pct,True,bars,0.7842784129963181,-49.31162894974386,12.263147754318002,24.23226013928241,11.364585606961338
16.47837821483854,95.4039702427249,True,1.0190657109225179,0,0,2,0.05,0.075,0.04248052332140082,0.20212176486063962,1.710539793402516,-4.522708870664197,-46.968893488758496,103.79965027036135,0.05,0.075,506,0,2,0,0.0,24.171325944213006,0.7600000477723943,RNG-d468ed53d6c8,safe_range,selection_envelope,90352,NTSC,30,5,1000000.0,,True,bars,0.7963860054141161,-48.365808948331654,7.416318551790906,12.68021356114083,10.725020112438946
16.013762120202855,97.24575739281092,True,0.43803267633449444,0,0,2,0.05,0.05,0.01866333727131262,1.2381199699978342,1.375014560978106,-2.1880591988056137,-49.041984123297276,120.60469876952797,0.05,0.05,506,0,2,0,0.0,29.0352033445608,0.7412853426768355,RNG-7b1f18f0a479,safe_range,selection_envelope,90352,NTSC,30,5,1000000.0,,True,bars,0.9023039075105155,-47.961275637211266,10.923316484231863,22.063721423331394,11.436598544072707
15.859035769106677,97.14543541669018,True,0.35900616256280726,0,0,2,0.05,0.05,0.020492937181094868,1.1927495395496295,1.7509089228371344,-2.219332929332789,-51.80407035116148,120.52742618720279,0.05,0.05,506,0,2,0,0.0,28.819041584336183,0.7360415291707947,RNG-e95ea18fb0e8,safe_range,selection_envelope,90352,NTSC,30,5,1000000.0,,True,bars,0.8918633304545261,-48.217693859286165,11.565304408931636,20.66472257854686,11.46663841680419
15.834896593317279,97.70483433501795,True,0.4560958794823086,0,0,2,0.05,0.05,0.01863021685963838,1.2909870807374115,1.3780941590322182,-1.019532020546639,-49.04198412375309,120.36194165434705,0.05,0.05,506,0,2,0,0.0,29.238373600870766,0.727591192229388,RNG-05f7d4c3f5f7,safe_range,selection_envelope,90352,NTSC,30,5,1000000.0,reference_detail,True,bars,0.9076908898777356,-48.12027218671885,11.134510374150112,20.96954671205164,11.479340960162398
15.780666423030574,97.25424061493777,True,0.39962358845671264,0,0,2,0.05,0.04124999999999999,0.018746584388349474,0.5408008218957505,1.0577303449577489,-1.5707739895795838,-53.869261489344645,123.62655315780253,0.05,0.04124999999999999,610,0,2,0,0.0,27.894543903382683,0.7192166769416609,OVP56,safe_range,selection_envelope,90353,PAL,30,3,500000.0,,True,bars,0.8477310913807627,-60.04691709306728,16.163136241879336,21.775973097000296,12.155217533632758
16.000846399697657,97.09145832536356,True,0.349435382685069,0,0,2,0.05,0.025,0.016352921230987607,0.7160404503830925,1.572188502506026,-1.3392480958176431,-51.54429975579319,121.27555361946958,0.05,0.025,610,0,2,0,0.0,28.04202489839493,0.7284232393567233,VLP56,safe_range,selection_envelope,90353,PAL,30,3,500000.0,,True,bars,0.8507223751610963,-59.905132864144626,16.77950683599487,20.129458026179268,11.959757577785455
15.866379145963629,96.34997090805096,True,0.7302383939774153,0,0,2,0.075,0.05,0.05701775679701837,1.8245969362499623,2.2216162269786026,-0.6404956492711549,-43.14627802605115,109.74934405298154,0.075,0.05,610,0,2,0,0.0,25.283951541080327,0.7131613578860958,RANGE32,safe_range,selection_envelope,90353,PAL,30,3,500000.0,,True,bars,0.7538962132653875,-65.31842552613661,14.561327144197943,19.438213218315436,12.436201674915624
-6.348372071594205,-96.54026588753594,False,652.0539523212045,610,8,39,2.025,2.025,1000000.0,136.27457440988886,39.2005547951401,-142.20028136650262,-56.649237459836286,108.52438256450148,1000000.0,1000000.0,610,610,2,1172,1.9213114754098362,-6.384180748553808,-0.3746843178026553,PLL96-rejected-board,safe_range,selection_envelope,90353,PAL,30,3,500000.0,contrast;waveform;detail_floor;sync;h_jitter_us;v_jitter_us;h_width_rmse_us;sync_error_ire;black_error_ire;white_error_ire;contrast;stress_waveform;reference_detail;burst_gain;burst_phase_jitter_deg;burst_amplitude_jitter_pct;burst_rmse_ire;h_missing;v_missing;vertical_trains;sync_error_ire;black_error_ire;white_error_ire,False,bars,0.27343931428224755,53.78931119622825,32.73484645815808,53.69703143439149,42.98786771563704
9.454944961283397,102.89303441955013,True,5.879548306148055,0,0,2,0.3,0.22999999999999987,0.10425870251053544,2.2197792558427922,2.2388936552596,5.509569279149734,-52.72627384157496,114.14357716069514,0.3,0.2299999999999999,610,0,2,0,0.0,12.515452308473625,0.37448889689510073,PLL96-IQ-corrected,safe_range,selection_envelope,90353,PAL,30,3,500000.0,waveform;detail_floor;white_error_ire;stress_waveform;reference_detail;burst_gain;burst_phase_jitter_deg;burst_amplitude_jitter_pct;burst_rmse_ire,True,bars,0.319415627209331,-122.61869921896944,32.75768461240881,54.869471663535535,17.661370886722242
21.55914355452017,95.95579277747095,True,0.0,0,0,2,0.025,0.025,0.01776439614768268,2.1904050026426978,2.2870529323112683,-0.6121230078479722,-45.688277649094196,112.0927732366977,0.025,0.025,610,0,2,0,0.0,27.49176777973164,0.9312013291509937,floating-PLL-IQ40,safe_range,selection_envelope,90353,PAL,30,3,500000.0,,True,bars,0.5355588667107,13.18395280912682,7.109639580157378,10.216890949144428,6.458529607785279
3.5143821766908125,44.265994090013336,True,95.47741530740277,610,8,0,2.025,2.025,1000000.0,54.66901867271221,32.492048226702565,-20.921467629289943,9.279428610148862,90.26199395004352,1000000.0,1000000.0,610,610,2,0,0.0,3.6256978658637706,0.5562381681793325,HC50,safe_range,selection_envelope,90353,PAL,30,3,500000.0,contrast;waveform;detail_floor;sync;h_jitter_us;v_jitter_us;h_width_rmse_us;sync_error_ire;black_error_ire;white_error_ire;contrast;stress_waveform;reference_detail;burst_gain;burst_rmse_ire;h_missing;v_missing;vertical_trains;sync_error_ire;black_error_ire;white_error_ire,False,bars,0.4076075811243902,98.57204143312441,14.38042043100278,17.83169807367981,35.766488755573555
12.331467869090675,102.27538108250084,True,3.9636135508155586,0,0,2,0.075,0.075,0.06762208146485395,-2.6232599388611746,-2.034419000693757,0.8649657450308643,-50.68570509303965,114.83015849352859,0.075,0.075,610,0,2,0,0.0,16.705203289903558,0.5244710410695097,PLL96-board-fixed,safe_range,selection_envelope,90353,PAL,30,3,500000.0,waveform;detail_floor;stress_waveform;reference_detail;burst_gain;burst_phase_jitter_deg;burst_amplitude_jitter_pct,True,bars,0.4649769848030191,-96.51084279378082,28.130383221007186,31.08711055258259,15.055004752520667
15.478412865383229,97.20944493310435,True,0.5445420326223337,0,0,2,0.075,0.075,0.0223377574934474,1.6629507392539007,2.266943551727676,0.22027234801155354,-45.233371169695964,118.29412481932812,0.075,0.075,610,0,2,0,0.0,26.621721944209526,0.6930798556765817,RNG-19dd4d261cd8,safe_range,selection_envelope,90353,PAL,30,3,500000.0,,True,bars,0.6679577073818934,-68.78445367219526,16.79859208390612,28.465974600546716,12.615894088784453
15.489508596272978,96.53766570831111,True,0.4711417816813049,0,0,2,0.075,0.075,0.021756853075242867,1.5785694328423392,2.559534236298015,-1.2354132943126523,-45.09110957501578,116.89135661822218,0.075,0.075,610,0,2,0,0.0,26.325476345544118,0.69411825415538,RNG-be7d624325f0,safe_range,selection_envelope,90353,PAL,30,3,500000.0,,True,bars,0.6744683595604393,-66.87689383255359,17.08002398869893,27.42306433481,12.431496622242946
15.472838308240455,95.84809819832688,True,0.5062735257214555,0,0,2,0.075,0.075,0.019285389016252607,1.9509402641781073,2.8392690676171926,-1.631545398028568,-46.00270833892157,116.89857805616552,0.075,0.075,610,0,2,0,0.0,25.569775106791212,0.693729965595054,RNG-6de7d9a9b47e,safe_range,selection_envelope,90353,PAL,30,3,500000.0,,True,bars,0.6535194419515439,-67.70820532681134,17.698607340725786,29.341602162592924,12.528476703538445
15.464279675469852,95.58230905856578,True,0.46424090338770385,0,0,2,0.075,0.075,0.025607375986579195,1.9143737903729638,2.9713618644941953,-1.9898772874672128,-44.45557565349703,114.96488361025226,0.075,0.075,610,0,2,0,0.0,25.244113144207564,0.6961913441411455,RNG-497b69de2e3d,safe_range,selection_envelope,90353,PAL,30,3,500000.0,,True,bars,0.6922758601861655,-65.19316618457685,17.035157588476615,26.720874556259638,12.403954844105698
15.866379145963629,96.34997090805096,True,0.7302383939774153,0,0,2,0.075,0.05,0.05701775679701837,1.8245969362499623,2.2216162269786026,-0.6404956492711549,-43.14627802605115,109.74934405298154,0.075,0.05,610,0,2,0,0.0,25.283951541080327,0.7131613578860958,RNG-49c57570d609,safe_range,selection_envelope,90353,PAL,30,3,500000.0,,True,bars,0.7538962132653875,-65.31842552613661,14.561327144197943,19.438213218315436,12.436201674915624
15.36476199418889,94.15942235409042,True,0.5094102885821832,0,0,2,0.075,0.075,0.019964107136821615,2.657796534632217,3.8648722808293567,-2.566064202715271,-45.62743437879421,114.07220045310652,0.075,0.075,610,0,2,0,0.0,23.459245018997294,0.6972957731191557,RNG-6155ad8b2b89,safe_range,selection_envelope,90353,PAL,30,3,500000.0,,True,bars,0.6518893035470826,-67.06682177375812,17.387331624297694,27.030413581152477,12.562622218774491
15.876392515178953,96.36330559362786,True,0.7107904642409034,0,0,2,0.075,0.05,0.058068289362682254,1.6492730778011897,2.223873492441943,-0.9014817485827272,-42.558371765304614,108.84016314874887,0.075,0.05,610,0,2,0,0.0,25.353834052900833,0.7134435731763072,RNG-d468ed53d6c8,safe_range,selection_envelope,90353,PAL,30,3,500000.0,,True,bars,0.7518753352709345,-65.08922046666957,14.643295505725257,19.75848668776062,12.412540411519341
15.36635660446378,96.303315675164,True,0.35006273525721454,0,0,2,0.05,0.05,0.027348689542135856,2.862385160603744,2.124582279378224,-1.6392716741960967,-47.00341463801372,121.62380491439652,0.05,0.05,610,0,2,0,0.0,26.874001502839654,0.6981242202275542,RNG-7b1f18f0a479,safe_range,selection_envelope,90353,PAL,30,3,500000.0,,True,bars,0.8285343286637348,-60.19765797830271,15.76403327930883,21.083646306912936,12.348724306040769
15.411177177782644,96.49150565925068,True,0.3588456712672522,0,0,2,0.05,0.05,0.02625926846520803,1.6650383790804726,2.9245813872481943,-1.6357020247537952,-48.90847212790459,127.27409621970861,0.05,0.05,610,0,2,0,0.0,26.627102499691095,0.701514529991536,RNG-e95ea18fb0e8,safe_range,selection_envelope,90353,PAL,30,3,500000.0,,True,bars,0.8446297907614282,-60.84900368742344,15.967873292063592,19.424097405311393,12.488308265757011
15.327777254236281,96.29449097650613,True,0.5476787954830615,0,0,2,0.05,0.05,0.018526675495566733,3.2335578153785796,2.1281634436662085,-1.3319763090701298,-49.47958035742917,112.20328347160921,0.05,0.05,610,0,2,0,0.0,26.59866562470828,0.6954825808594948,RNG-05f7d4c3f5f7,safe_range,selection_envelope,90353,PAL,30,3,500000.0,,True,bars,0.8441015941361422,-60.784427483276225,15.826854306080534,19.025538955386388,12.47322870521359
15.900930005017555,97.23546675031614,True,0.3800798995685905,0,0,2,0.05,0.05,0.018563798762805228,0.5214062799001513,1.0091862648070342,-1.7152720563189752,-52.57368350923109,123.21847865577114,0.05,0.05,506,0,2,0,0.0,27.762194045075653,0.7381389068416775,OVP56,safe_range,selection_envelope,90353,NTSC,30,3,500000.0,,True,bars,0.9043779068761105,-48.59333401669043,9.663918124099231,14.540087471081536,11.730482874299938
16.14282023145845,97.07709282359244,True,0.3447061267374544,0,0,2,0.05,0.036249999999999984,0.017181603821570992,0.693175003969486,1.5249086810415233,-1.495934429127068,-51.4852014211596,120.91370524339608,0.05,0.036249999999999984,506,0,2,0,0.0,27.98726440171299,0.7476430041142575,VLP56,safe_range,selection_envelope,90353,NTSC,30,3,500000.0,,True,bars,0.9003956304024614,-48.34867415330019,8.914938616641084,12.396352307202676,11.467068591377881
15.976457815761728,96.30958390210374,True,0.7375807952024132,0,0,2,0.075,0.075,0.05817548755084615,1.7815056589179448,2.1797978532416677,-0.7741631914721455,-45.79300695223783,109.60809599085285,0.075,0.075,506,0,2,0,0.0,25.278379565955763,0.7315282221172679,RANGE32,safe_range,selection_envelope,90353,NTSC,30,3,500000.0,,True,bars,0.827948803802441,-53.52203945418768,12.048052201343852,15.215125964035998,12.162356574151817
-6.30171453189201,-96.4483361446081,False,653.7810799989162,506,12,34,2.025,2.025,1000000.0,136.34583602869736,39.080564907584915,-142.15715964854888,-56.640879533232244,108.38415809470722,1000000.0,1000000.0,506,506,2,989,1.9545454545454546,-6.344738463128104,-0.34469711230449673,PLL96-rejected-board,safe_range,selection_envelope,90353,NTSC,30,3,500000.0,contrast;waveform;detail_floor;sync;h_jitter_us;v_jitter_us;h_width_rmse_us;sync_error_ire;black_error_ire;white_error_ire;contrast;stress_waveform;reference_detail;burst_phase_jitter_deg;burst_rmse_ire;h_missing;v_missing;vertical_trains;sync_error_ire;black_error_ire;white_error_ire,False,bars,0.5982414612625058,64.38990530065638,23.538131730859515,24.828414413118605,42.0543384196078
9.387304673254581,102.24260922008594,True,6.2604051576466055,0,0,2,0.3,0.2174999999999999,0.10462383210846031,2.1886857819161425,2.2129097776936257,5.302423814022703,-52.726170565055256,113.9958616386924,0.3,0.2174999999999999,506,0,2,0,0.0,12.706844470911543,0.3408232246652565,PLL96-IQ-corrected,safe_range,selection_envelope,90353,NTSC,30,3,500000.0,waveform;detail_floor;white_error_ire;stress_waveform;reference_detail;burst_phase_jitter_deg;burst_amplitude_jitter_pct;burst_rmse_ire,True,bars,0.689252970111087,-113.81287364087763,24.4359858762054,25.48281359111273,20.442679304459208
21.866936503202126,95.89347530100139,True,0.0,0,0,2,0.025,0.025,0.018057877962865378,2.18478736214096,2.2364753162899973,-0.739458755313455,-45.609680487843185,112.98564579664777,0.025,0.025,506,0,2,0,0.0,27.471896786998297,0.9409179656982433,floating-PLL-IQ40,safe_range,selection_envelope,90353,NTSC,30,3,500000.0,,True,bars,0.6402719318131281,4.661139534137677,7.262764375704199,9.298835831153243,5.685069743484701
3.471395623482108,44.2384334742843,True,101.42563830844124,506,12,0,2.025,2.025,1000000.0,54.63280327035184,32.41996629711663,-21.024936858837254,10.04799292107726,90.13440087577503,1000000.0,1000000.0,506,506,2,0,0.0,3.576038230078806,0.5758170886688759,HC50,safe_range,selection_envelope,90353,NTSC,30,3,500000.0,contrast;waveform;detail_floor;sync;h_jitter_us;v_jitter_us;h_width_rmse_us;sync_error_ire;black_error_ire;white_error_ire;contrast;stress_waveform;reference_detail;burst_gain;burst_rmse_ire;h_missing;v_missing;vertical_trains;sync_error_ire;black_error_ire;white_error_ire,False,bars,0.4366645904575793,79.95793315301005,12.371205787734022,17.33463747488082,35.82210963204136
12.324893271034123,102.07159912804022,True,4.022825867711122,0,0,2,0.075,0.075,0.06742914594832236,-2.6425022400936737,-2.052171733326309,0.7111528146387641,-49.293451306696674,114.68433691039009,0.075,0.075,506,0,2,0,0.0,16.85167599962098,0.5267292119389204,PLL96-board-fixed,safe_range,selection_envelope,90353,NTSC,30,3,500000.0,waveform;detail_floor;stress_waveform;reference_detail;burst_phase_jitter_deg;burst_amplitude_jitter_pct;burst_rmse_ire,True,bars,0.5909811431531804,-81.66000723993727,23.259358849604077,29.424275415991065,15.86164005395967
15.541796310275908,97.14727257926084,True,0.52985395900255,0,0,2,0.075,0.075,0.02217207230986391,1.624556878527652,2.225288371455066,0.07846507077476374,-45.23562870105151,118.15303228154796,0.075,0.075,506,0,2,0,0.0,26.687757684692652,0.7071765330666211,RNG-19dd4d261cd8,safe_range,selection_envelope,90353,NTSC,30,3,500000.0,,True,bars,0.7418380885089715,-58.491101905096286,15.45281952146888,20.85850950259264,12.73714066501328
15.563255223346545,96.487731042229,True,0.4666327479852002,0,0,2,0.075,0.075,0.02277662625494198,1.5416751671019921,2.5168290402051148,-1.3774787336440089,-45.09452787033539,116.70584726137086,0.075,0.075,506,0,2,0,0.0,26.362828708538405,0.7088680278097735,RNG-be7d624325f0,safe_range,selection_envelope,90353,NTSC,30,3,500000.0,,True,bars,0.7400159776745472,-56.707830540425725,14.86210961911629,20.300726284453447,12.499239629986452
15.536416776760975,95.80294375488948,True,0.5020065208163363,0,0,2,0.075,0.075,0.019504737440137348,1.915795026010508,2.795495830204148,-1.7655969559722495,-46.00423907130492,116.81042560226531,0.075,0.075,506,0,2,0,0.0,25.589726455828327,0.7080547229601069,RNG-6de7d9a9b47e,safe_range,selection_envelope,90353,NTSC,30,3,500000.0,,True,bars,0.7253028908407512,-57.54807505775912,15.06511719523876,20.506714333801032,12.63298789271274
15.541524031494852,95.5519762741984,True,0.4673853814496925,0,0,2,0.075,0.075,0.026487374873097262,1.8814579302383172,2.927136166596567,-2.1296880146255432,-44.45392606880728,116.60070951067844,0.075,0.075,506,0,2,0,0.0,25.27002881280936,0.7115082531505308,RNG-497b69de2e3d,safe_range,selection_envelope,90353,NTSC,30,3,500000.0,,True,bars,0.7581991665026865,-55.15194783213804,14.369774537831173,19.569317026369504,12.424859938753217
15.976457815761728,96.30958390210374,True,0.7375807952024132,0,0,2,0.075,0.075,0.05817548755084615,1.7815056589179448,2.1797978532416677,-0.7741631914721455,-45.79300695223783,109.60809599085285,0.075,0.075,506,0,2,0,0.0,25.278379565955763,0.7315282221172679,RNG-49c57570d609,safe_range,selection_envelope,90353,NTSC,30,3,500000.0,,True,bars,0.827948803802441,-53.52203945418768,12.048052201343852,15.215125964035998,12.162356574151817
15.43031577871276,94.1385385051107,True,0.4989959869583674,0,0,2,0.075,0.075,0.020128048587007848,2.613214550684717,3.82081723868188,-2.694165614716255,-45.62506489358729,115.15699185402816,0.075,0.075,506,0,2,0,0.0,23.47860933402146,0.711894800684488,RNG-6155ad8b2b89,safe_range,selection_envelope,90353,NTSC,30,3,500000.0,,True,bars,0.7162680051917085,-56.9961012131709,14.288516778505418,19.655112805993497,12.653087671954589
15.987856414838902,96.32073135904713,True,0.7225281259125681,0,0,2,0.075,0.075,0.05943575267170572,1.6101404689094312,2.182536083520819,-1.0397952502192496,-42.96075970067557,108.69955562475643,0.075,0.075,506,0,2,0,0.0,25.34821464933789,0.7318195848988274,RNG-d468ed53d6c8,safe_range,selection_envelope,90353,NTSC,30,3,500000.0,,True,bars,0.8251039593861359,-53.32269994958519,12.072646712981506,15.154928945054348,12.135758217637527
15.491461106897596,96.26151113983933,True,0.35599562870483825,0,0,2,0.05,0.061249999999999985,0.02742668992346876,2.8422836607813498,2.084319679978719,-1.7812317588219542,-47.00233903771255,121.47187777755936,0.05,0.061249999999999985,506,0,2,0,0.0,26.8729531520386,0.7175226207048568,RNG-7b1f18f0a479,safe_range,selection_envelope,90353,NTSC,30,3,500000.0,,True,bars,0.8955030693940784,-49.16073730751348,15.620002974517174,18.79361785831368,11.9757435284278
15.558988596195316,96.48508839111551,True,0.37857463263960595,0,0,2,0.05,0.05,0.024801584164627445,1.6307283972893467,2.880358914945352,-1.7733006431524496,-49.464522545905474,126.92809169592765,0.05,0.05,506,0,2,0,0.0,26.68678277918033,0.7219221515903257,RNG-e95ea18fb0e8,safe_range,selection_envelope,90353,NTSC,30,3,500000.0,,True,bars,0.8988159561548765,-49.07534993728516,14.476192408685554,20.55851828351873,11.978295680818608
15.463325150934908,96.24964595974951,True,0.5569487637242713,0,0,2,0.05,0.05,0.018430244519362142,3.212878225342318,2.083702703672996,-1.4714403891258192,-49.24472929949047,112.08221126544548,0.05,0.05,506,0,2,0,0.0,26.60340041285432,0.7157243103893051,RNG-05f7d4c3f5f7,safe_range,selection_envelope,90353,NTSC,30,3,500000.0,,True,bars,0.8972512845561689,-49.051131906247235,14.70290931531791,20.36053481166858,11.966457870392238
15.974825390779625,97.6316061640929,True,0.35570890840652447,0,0,2,0.05,0.04124999999999999,0.01838789694604472,0.8824825210401577,0.8822644956768194,-1.1824742035908595,-61.33680647378608,118.17310930273194,0.05,0.04124999999999999,610,0,2,0,0.0,27.248841598266598,0.7278515393587084,OVP56,safe_range,selection_envelope,90354,PAL,30,3,1500000.0,,True,bars,0.8086510264208756,-60.18830038251583,9.049321088865543,23.284695788471783,11.757475886129775
16.088483007618095,97.58429536584457,True,0.3682559598494354,0,0,2,0.05,0.04124999999999999,0.01944411917500516,1.0750139475043436,0.9044941318881627,-1.2900641757647715,-57.28848281948338,118.09513314271175,0.05,0.04124999999999999,610,0,2,0,0.0,27.965172123790087,0.730969227663287,VLP56,safe_range,selection_envelope,90354,PAL,30,3,1500000.0,,True,bars,0.8094117791974443,-60.11860061797437,8.982856067171538,20.45818104153093,11.59573796482273
15.995276725741348,95.32297828562028,True,1.625470514429109,0,0,2,0.05,0.05,0.019861198682726934,2.5032359338850636,1.8992230988725454,-3.0990977602194723,-50.016244428402786,102.69408408867929,0.05,0.05,610,0,2,0,0.0,24.390239997805992,0.7120768304570454,RANGE32,safe_range,selection_envelope,90354,PAL,30,3,1500000.0,,True,bars,0.7896750416760789,-60.09583854131736,9.108525232890749,23.603155639242694,11.542300664215565
-7.6399790596026795,-73.57969204929017,False,667.1499372647428,610,8,61,2.025,2.025,1000000.0,66.99775400252081,-8.41406727738727,-170.41758846991846,-79.46679976483013,50.27307312858248,1000000.0,1000000.0,610,610,2,1944,3.1868852459016392,-7.715860478829345,-0.41644338198932346,PLL96-rejected-board,safe_range,selection_envelope,90354,PAL,30,3,1500000.0,contrast;waveform;detail_floor;sync;h_jitter_us;v_jitter_us;h_width_rmse_us;sync_error_ire;black_error_ire;white_error_ire;contrast;stress_waveform;reference_detail;burst_gain;burst_phase_jitter_deg;burst_amplitude_jitter_pct;burst_rmse_ire;h_missing;v_missing;vertical_trains;sync_error_ire;black_error_ire;white_error_ire,False,bars,0.2285486548140312,70.06195931781801,19.071387274575294,41.12608193181817,14.882781415866651
8.934361359932625,91.16602498872183,True,6.743412797992471,610,8,0,2.025,2.025,1000000.0,12.475269268389198,10.573521652505006,-8.189491512120322,-50.82754625521589,107.81110651560323,1000000.0,1000000.0,610,610,2,0,0.0,10.584099564407435,0.43880632222854093,PLL96-IQ-corrected,safe_range,selection_envelope,90354,PAL,30,3,1500000.0,waveform;detail_floor;sync;h_jitter_us;v_jitter_us;h_width_rmse_us;sync_error_ire;black_error_ire;white_error_ire;stress_waveform;reference_detail;burst_gain;burst_phase_jitter_deg;burst_amplitude_jitter_pct;burst_rmse_ire;h_missing;v_missing;vertical_trains;sync_error_ire;black_error_ire;white_error_ire,False,bars,0.2030638988343002,-109.72388370887091,19.88430859515235,43.25531291288412,17.24057341066197
21.694651517312643,96.61138596727648,True,0.0,0,0,2,0.025,0.025,0.020219086908409987,1.2928600292548253,1.5438828409270187,-1.650345389320327,-46.27076308145206,109.92562455204765,0.025,0.025,610,0,2,0,0.0,29.303487310792647,0.9256243162555724,floating-PLL-IQ40,safe_range,selection_envelope,90354,PAL,30,3,1500000.0,burst_gain,True,bars,0.485460324328686,13.77369736080803,5.77556097883717,12.751142435135876,6.78079851689416
4.967642681493646,44.8810324493411,True,83.23902132998745,610,8,0,2.025,2.025,1000000.0,43.433961622265464,21.928224443546224,-29.974688501306556,-2.8735517616360937,79.7079918918644,1000000.0,1000000.0,610,610,2,0,0.0,5.166099889359767,0.583257584396659,HC50,safe_range,selection_envelope,90354,PAL,30,3,1500000.0,contrast;waveform;detail_floor;sync;h_jitter_us;v_jitter_us;h_width_rmse_us;sync_error_ire;black_error_ire;white_error_ire;contrast;stress_waveform;reference_detail;burst_gain;burst_rmse_ire;h_missing;v_missing;vertical_trains;sync_error_ire;black_error_ire;white_error_ire,False,bars,0.4014555771052595,98.90846677783033,8.642751382436034,24.393533757263132,25.989061171277918
11.942795706988159,93.18325325946032,True,4.0263488080301135,0,0,2,0.125,0.09124999999999998,0.05110460182673232,3.3252971446316364,9.872298478021559,-6.533532605730608,-48.68856668162421,101.25667942562444,0.125,0.09124999999999998,610,0,2,0,0.0,15.192194609703106,0.5375974480987239,PLL96-board-fixed,safe_range,selection_envelope,90354,PAL,30,3,1500000.0,waveform;detail_floor;black_error_ire;white_error_ire;stress_waveform;reference_detail;burst_gain;burst_phase_jitter_deg;burst_amplitude_jitter_pct;black_error_ire,True,bars,0.3687969374991345,-83.43233675209113,17.06313032621182,54.64528255399203,14.534456267454505
15.729472045193969,97.38655404819589,True,0.9077791718946048,0,0,2,0.05,0.05,0.019496742056550682,1.2534886301629455,1.4575236259385427,-2.427858143582419,-48.13819465215995,109.21832505185586,0.05,0.05,610,0,2,0,0.0,26.688168848554852,0.6999047004211655,RNG-19dd4d261cd8,safe_range,selection_envelope,90354,PAL,30,3,1500000.0,,True,bars,0.7833655625681021,-60.029607766790505,10.526032844469979,28.67674551459668,11.702162967728727
15.646815566230918,96.04294334037367,True,0.8688833124215809,0,0,2,0.05,0.05,0.019125341527005214,1.0494806614443677,1.4974058466255455,-4.483497392924334,-49.29982678001228,107.71362011296671,0.05,0.05,610,0,2,0,0.0,25.35884690204356,0.6991597049252015,RNG-be7d624325f0,safe_range,selection_envelope,90354,PAL,30,3,1500000.0,,True,bars,0.7876801364437219,-60.01715896856697,10.44323406294024,29.104050247594877,11.783617290223354
15.582529288043096,95.21065049481375,True,0.8613550815558344,0,0,2,0.05,0.05,0.01909853655023483,1.5915627596248112,1.4851834539693303,-5.230957757078104,-48.46759738713857,106.0454350176237,0.05,0.05,610,0,2,0,0.0,24.498389344908983,0.698275093413506,RNG-6de7d9a9b47e,safe_range,selection_envelope,90354,PAL,30,3,1500000.0,white_error_ire,True,bars,0.7778704961434209,-59.994233446619965,10.84735106813027,28.71180286562294,11.740269465483152
15.506994913168576,95.21666866525602,True,0.8500627352572145,0,0,2,0.05,0.04124999999999999,0.020545830417410333,0.11710346298886888,1.4984661438709566,-5.980027857236085,-50.04462153469602,104.71959188702036,0.05,0.04124999999999999,610,0,2,0,0.0,23.86170119546323,0.6994819065302523,RNG-497b69de2e3d,safe_range,selection_envelope,90354,PAL,30,3,1500000.0,white_error_ire,True,bars,0.7813219417080957,-60.01412286383288,10.854413452712949,28.87094997156524,11.772907830594821
15.995276725741348,95.32297828562028,True,1.625470514429109,0,0,2,0.05,0.05,0.019861198682726934,2.5032359338850636,1.8992230988725454,-3.0990977602194723,-50.016244428402786,102.69408408867929,0.05,0.05,610,0,2,0,0.0,24.390239997805992,0.7120768304570454,RNG-49c57570d609,safe_range,selection_envelope,90354,PAL,30,3,1500000.0,,True,bars,0.7896750416760789,-60.09583854131736,9.108525232890749,23.603155639242694,11.542300664215565
15.185829580554266,93.40298965458543,True,0.8601003764115432,0,0,2,0.05,0.05,0.019017894937896056,1.082041415236778,1.52291080028599,-8.167463598180406,-49.17553382914173,103.98744988812379,0.05,0.05,610,0,2,0,0.0,21.803393873241767,0.696336433705268,RNG-6155ad8b2b89,safe_range,selection_envelope,90354,PAL,30,3,1500000.0,white_error_ire;white_error_ire,True,bars,0.7659965362319727,-60.06832734065755,10.72212543177595,28.815098406133846,11.752171127926905
15.918508213560878,94.74138575468255,True,1.6097867001254706,0,0,2,0.05,0.04124999999999999,0.01962768202410423,2.7254221871230664,1.8993328113291523,-4.055522752972216,-50.70840039684199,102.97384015582,0.05,0.04124999999999999,610,0,2,0,0.0,23.93793920155092,0.7107839466552681,RNG-d468ed53d6c8,safe_range,selection_envelope,90354,PAL,30,3,1500000.0,,True,bars,0.7908365565392048,-60.097815031820964,9.13687890596384,23.538185286490616,11.553134389315863
15.771534850439863,95.56077823439449,True,0.4209535759096612,0,0,2,0.05,0.04124999999999999,0.021874268137640103,2.796908714944277,2.2277002300598236,-3.29917083346407,-52.51950825302862,113.39327451625451,0.05,0.04124999999999999,610,0,2,0,0.0,26.310762076948077,0.7177426179705916,RNG-7b1f18f0a479,safe_range,selection_envelope,90354,PAL,30,3,1500000.0,,True,bars,0.7900095124722866,-60.06474721958525,9.946855085567726,29.23790661291716,11.77135469192864
15.750507190368896,95.12910846720423,True,0.3902132998745295,0,0,2,0.05,0.04124999999999999,0.02247494050758916,3.562836854670048,2.2411380390191176,-3.4466346823306973,-52.75958101391403,111.73929057911212,0.05,0.04124999999999999,610,0,2,0,0.0,25.715010149373573,0.7171882785993621,RNG-e95ea18fb0e8,safe_range,selection_envelope,90354,PAL,30,3,1500000.0,,True,bars,0.7749369675911202,-60.23413523199155,10.027390726547145,27.4278122967494,11.734920158128642
15.588309956846905,96.54100964586887,True,0.9335006273525721,0,0,2,0.05,0.04124999999999999,0.022314811665620913,2.794408782883491,2.2582518040139408,-1.3021245398041492,-52.735283168159995,109.21832476182598,0.05,0.04124999999999999,610,0,2,0,0.0,26.641047055460305,0.6960248769378784,RNG-05f7d4c3f5f7,safe_range,selection_envelope,90354,PAL,30,3,1500000.0,,True,bars,0.79276088125406,-60.19374252062653,9.792511911820785,27.327312557220754,11.776772893449513
16.14019095697455,97.67593101093935,True,0.36653249720772985,0,0,2,0.05,0.05,0.01863021685963838,0.8123907536098178,0.8084896567062508,-1.2531125535722638,-61.279831031662034,117.75745817186237,0.05,0.05,506,0,2,0,0.0,27.279854688483475,0.7481404190645097,OVP56,safe_range,selection_envelope,90354,NTSC,30,3,1500000.0,,True,bars,0.8677707845202085,-47.996778814357874,8.828941376943797,16.922095133915246,11.207862905963893
16.259945654258075,97.61939937255367,True,0.36803776413671435,0,0,2,0.05,0.05,0.019153271942071844,1.0019385591141863,0.8465801228706177,-1.3582704501679317,-59.91448566871101,117.2862563216755,0.05,0.05,506,0,2,0,0.0,28.00987152819993,0.7506687738867674,VLP56,safe_range,selection_envelope,90354,NTSC,30,3,1500000.0,,True,bars,0.8591190528931976,-48.012174015818175,7.717183892411409,13.36204609051572,11.034864949689798
16.08099356509515,95.32550113157669,True,1.6347198848771851,0,0,2,0.05,0.05,0.020280883344889387,2.4212290889625616,1.8686713835252946,-3.169124274368074,-50.07476147432921,102.81483177894154,0.05,0.05,506,0,2,0,0.0,24.45604355756798,0.7286453233050855,RANGE32,safe_range,selection_envelope,90354,NTSC,30,3,1500000.0,,True,bars,0.8434196051373952,-47.97152077905796,8.20370542285998,15.61454597105873,11.021459081845526
-7.518688576803669,-73.54699258715408,False,661.7010419457683,506,12,48,2.025,2.025,1000000.0,67.05677205605166,-8.578970483043234,-170.4519167510588,-79.52415332205165,50.21351682299881,1000000.0,1000000.0,506,506,2,1597,3.156126482213439,-7.5975807605847345,-0.39526124785302874,PLL96-rejected-board,safe_range,selection_envelope,90354,NTSC,30,3,1500000.0,contrast;waveform;detail_floor;sync;h_jitter_us;v_jitter_us;h_width_rmse_us;sync_error_ire;black_error_ire;white_error_ire;contrast;stress_waveform;reference_detail;burst_gain;burst_phase_jitter_deg;burst_amplitude_jitter_pct;burst_rmse_ire;h_missing;v_missing;vertical_trains;sync_error_ire;black_error_ire;white_error_ire,False,bars,0.2939661320048315,76.62328791281834,17.778925404181262,39.81707495815516,16.058876789064907
8.916985408074241,90.9670184051245,True,6.766174845785403,506,12,0,2.025,2.025,1000000.0,12.324841521241918,10.517885266367378,-8.235941991065406,-50.88535330675587,107.52316570384568,1000000.0,1000000.0,506,506,2,0,0.0,10.697380516786923,0.4190419043697288,PLL96-IQ-corrected,safe_range,selection_envelope,90354,NTSC,30,3,1500000.0,waveform;detail_floor;sync;h_jitter_us;v_jitter_us;h_width_rmse_us;sync_error_ire;black_error_ire;white_error_ire;stress_waveform;reference_detail;burst_gain;burst_phase_jitter_deg;burst_amplitude_jitter_pct;burst_rmse_ire;h_missing;v_missing;vertical_trains;sync_error_ire;black_error_ire;white_error_ire,False,bars,0.26438594115261854,-103.33812686212742,18.07215374057746,37.03164217441217,17.983002250606095
22.001678424237163,96.61351876733505,True,0.0,0,0,2,0.025,0.025,0.020219888068873836,1.2338400438140444,1.4786439836594012,-1.7043795797896415,-45.93457315787971,111.04550455569535,0.025,0.025,506,0,2,0,0.0,29.346184030182062,0.9349619322792214,floating-PLL-IQ40,safe_range,selection_envelope,90354,NTSC,30,3,1500000.0,burst_gain,True,bars,0.5843180147227501,4.930535939873426,4.294969913193855,9.102384333215419,6.122767154806979
4.944116859164204,44.882075386804836,True,88.8784858218908,506,12,0,2.025,2.025,1000000.0,43.39433328561874,21.871702009840746,-30.023441112356288,-4.761502370507827,79.59968119509554,1000000.0,1000000.0,506,506,2,0,0.0,5.140393961544688,0.5982721743928675,HC50,safe_range,selection_envelope,90354,NTSC,30,3,1500000.0,contrast;waveform;detail_floor;sync;h_jitter_us;v_jitter_us;h_width_rmse_us;sync_error_ire;black_error_ire;white_error_ire;contrast;stress_waveform;reference_detail;burst_gain;burst_rmse_ire;h_missing;v_missing;vertical_trains;sync_error_ire;black_error_ire;white_error_ire,False,bars,0.42912011505760184,80.91049869251201,7.481906545825088,16.941814518974137,26.126623750823004
11.89861542802749,93.12296651056485,True,4.0341153696785055,0,0,2,0.125,0.07249999999999997,0.05142485595776307,3.1901202111927582,10.003538950535223,-6.595920303651162,-52.0073192226065,101.14517702699581,0.125,0.07249999999999997,506,0,2,0,0.0,15.22283634866245,0.5393476904995567,PLL96-board-fixed,safe_range,selection_envelope,90354,NTSC,30,3,1500000.0,waveform;detail_floor;black_error_ire;white_error_ire;stress_waveform;reference_detail;burst_gain;burst_phase_jitter_deg;burst_amplitude_jitter_pct;burst_rmse_ire;black_error_ire,True,bars,0.48019838119847225,-74.54109003131113,14.65770867348568,52.98135878597684,16.08536841778761
15.827768007752002,97.40658294982454,True,0.9182128266805553,0,0,2,0.05,0.05,0.020969580829337118,1.1599949119140651,1.396751960409225,-2.493191663316896,-48.19609442923295,109.05651581511336,0.05,0.05,506,0,2,0,0.0,26.77783091395199,0.7171783427212773,RNG-19dd4d261cd8,safe_range,selection_envelope,90354,NTSC,30,3,1500000.0,,True,bars,0.8381064113616333,-47.98282081361083,8.777174638466262,20.232953536258915,11.229828446473618
15.744167863838438,96.09367353512293,True,0.876817986133481,0,0,2,0.05,0.05,0.020341695725288912,0.953858869374252,1.4359473044316764,-4.549135658163644,-49.34121117050215,106.92206995088759,0.05,0.05,506,0,2,0,0.0,25.414026098418162,0.7168203494979201,RNG-be7d624325f0,safe_range,selection_envelope,90354,NTSC,30,3,1500000.0,,True,bars,0.8400224102348575,-47.94250002345862,8.817820386469611,21.428415169160953,11.316225060483356
15.677267203100516,95.25856433713523,True,0.8805811534559423,0,0,2,0.05,0.05,0.019881069312188603,1.4936206229827496,1.422693787852903,-5.292654346852307,-48.52684553905299,105.88367975062923,0.05,0.05,506,0,2,0,0.0,24.541977942339265,0.7159518761135917,RNG-6de7d9a9b47e,safe_range,selection_envelope,90354,NTSC,30,3,1500000.0,white_error_ire,True,bars,0.8356296971604757,-47.93319586567046,8.830104590106453,20.642822466207186,11.275391050159001
15.607846488339964,95.29027252418378,True,0.8391863129088681,0,0,2,0.05,0.05,0.020940108459425184,0.021166276704777352,1.4381140014808338,-6.040920875292716,-50.10491958717334,104.36767569725328,0.05,0.05,506,0,2,0,0.0,23.89973005669857,0.7176579215774426,RNG-497b69de2e3d,safe_range,selection_envelope,90354,NTSC,30,3,1500000.0,white_error_ire,True,bars,0.8366719159931595,-47.922545608178346,8.767400945521683,21.24491753091194,11.320136536375628
16.08099356509515,95.32550113157669,True,1.6347198848771851,0,0,2,0.05,0.05,0.020280883344889387,2.4212290889625616,1.8686713835252946,-3.169124274368074,-50.07476147432921,102.81483177894154,0.05,0.05,506,0,2,0,0.0,24.45604355756798,0.7286453233050855,RNG-49c57570d609,safe_range,selection_envelope,90354,NTSC,30,3,1500000.0,,True,bars,0.8434196051373952,-47.97152077905796,8.20370542285998,15.61454597105873,11.021459081845526
15.27677716520805,93.47655683779286,True,0.8753127192044966,0,0,2,0.05,0.05,0.02025040867200954,0.9827241616509904,1.4611160610988638,-8.219131227859943,-49.285594430988795,104.0076675998944,0.05,0.05,506,0,2,0,0.0,21.852815976695336,0.7141132644734676,RNG-6155ad8b2b89,safe_range,selection_envelope,90354,NTSC,30,3,1500000.0,white_error_ire;white_error_ire,True,bars,0.8220568300271466,-47.9021813944324,8.843009777803159,20.620599303416935,11.295483734577289
16.00364416987441,94.74629621512689,True,1.622677749445309,0,0,2,0.05,0.05,0.019849980834510516,2.648967147464195,1.8695619639507843,-4.1253949819576174,-50.76837565577803,102.89234595054594,0.05,0.05,506,0,2,0,0.0,23.996405534720225,0.7275620976771708,RNG-d468ed53d6c8,safe_range,selection_envelope,90354,NTSC,30,3,1500000.0,,True,bars,0.8450139806385633,-47.96738349006875,8.184673577839076,15.288893816595522,11.030677283408647
15.941437204137177,95.61354805285599,True,0.4312589751540641,0,0,2,0.05,0.05,0.02189175671017992,2.7204551625099738,2.170831732666312,-3.360780675763464,-53.98988690714839,112.52717695226562,0.05,0.05,506,0,2,0,0.0,26.377598682046756,0.7386437155088222,RNG-7b1f18f0a479,safe_range,selection_envelope,90354,NTSC,30,3,1500000.0,,True,bars,0.8420896357856171,-48.01466027889065,8.84561572966136,20.316429933109,11.28625670291697
15.90496539676443,95.18438514573701,True,0.40115363657437375,0,0,2,0.05,0.05,0.022965647141254278,3.448040755169525,2.188793691752027,-3.507370808043304,-53.91029125435169,113.33264860352742,0.05,0.05,506,0,2,0,0.0,25.783980419158073,0.7372266329959805,RNG-e95ea18fb0e8,safe_range,selection_envelope,90354,NTSC,30,3,1500000.0,,True,bars,0.8321433111517453,-48.032962773745254,9.058571795429483,18.68669868432333,11.215841279256441
15.7028431366753,96.56119389164941,True,0.9535865995116914,0,0,2,0.05,0.05,0.022722331478659645,2.7203181618192254,2.205995944978471,-1.3664683126501536,-55.15824986950476,110.55589230099531,0.05,0.05,506,0,2,0,0.0,26.745916302228075,0.7141863091978585,RNG-05f7d4c3f5f7,safe_range,selection_envelope,90354,NTSC,30,3,1500000.0,,True,bars,0.8516669195125152,-48.05323897569051,8.915419130566708,18.771630768987325,11.260858149198613
