sinad,contrast,polarity_ok,large_errors,h_missing,v_missing,v_trains,h_jitter_us,v_jitter_us,h_width_rmse_us,sync_error_ire,black_error_ire,white_error_ire,raw_min,raw_max,h_jitter_matched_us,v_jitter_matched_us,h_expected,max_h_gap,expected_v_trains,luma_sinad,detail_corr,model,profile,stage,seed,standard,cnr,rms,cfo_hz,quality_failures,usable,burst_gain,burst_phase_deg,burst_phase_jitter_deg,burst_amplitude_jitter_pct,burst_rmse_ire
0.7492869860110406,55.536186517507716,True,220.68569636135507,610,8,0,2.025,2.025,1000000.0,35.39727680702407,14.01532965324786,-29.59019250666328,-87.39338229478001,148.61773053807676,1000000.0,1000000.0,610,610,2,5.564497150813566,0.11699991687316243,OVP56,balanced,final,30401,PAL,0,3,1000000.0,,False,,,,,
1.1638744576808462,63.2330828970119,True,166.87954830614808,545,8,0,2.025,2.025,3.497174683831331,31.84689605953478,4.891028105461803,-34.40667265789101,-76.66534618732827,132.31508603485295,1.875,1000000.0,610,34,2,6.024894431659168,0.11750919103890854,RANGE32,balanced,final,30401,PAL,0,3,1000000.0,,False,,,,,
-6.836962845053143,-77.77091011223908,False,645.4629861982434,609,8,3,2.025,2.025,3.65,90.42415157651027,18.731728409445747,-147.66105992938273,-77.07219757826486,137.5793675377992,0.875,1000000.0,610,534,2,-6.730597249885281,-0.09790779708315317,PLL96-rejected-board,balanced,final,30401,PAL,0,3,1000000.0,,False,,,,,
2.654766821504182,84.96761514933688,True,115.58406524466751,373,3,0,2.025,2.025,3.285462962450974,11.804474364164953,3.5542871153293807,-12.21945733283624,-78.15712301416323,138.9566221676638,1.8799999999999997,1.5799999999999998,610,9,2,5.536821778539748,0.09521694819558528,PLL96-IQ-corrected,balanced,final,30401,PAL,0,3,1000000.0,,False,,,,,
5.782289273427878,92.14332459886413,True,41.46800501882058,480,6,0,2.025,2.025,3.454242096544257,4.9618613973904,1.4132335443268007,-7.8742280176531905,-80.57258134474465,140.03003735977987,1.88875,0.33375,610,16,2,13.011424336255848,0.2571160332825133,floating-PLL-IQ40,balanced,final,30401,PAL,0,3,1000000.0,,False,,,,,
0.8439942504710982,31.948085982262292,True,221.728356336261,610,8,0,2.025,2.025,1000000.0,52.63427398577231,26.90790560083798,-41.24384264268091,-85.4789857783775,140.03159750683645,1000000.0,1000000.0,610,610,2,2.8525656494265923,0.07156077180309599,HC50,balanced,final,30401,PAL,0,3,1000000.0,,False,,,,,
0.21608159859026677,70.05559624613929,True,196.3249686323714,417,6,0,2.025,2.025,3.380017858738116,17.059419225374167,2.996019148500183,-29.9157375726824,-85.53876896522364,130.96727431585677,1.9,0.27,610,23,2,3.866003849546816,0.08446059245756808,PLL96-board-fixed,balanced,final,30401,PAL,0,3,1000000.0,,False,,,,,
0.40999940056088824,70.41942897119961,True,198.7176913425345,483,6,0,2.025,2.025,3.3978433699817794,29.733154713813686,5.570396551114042,-23.205448216521024,-83.80709902645557,152.29811901870752,1.8849999999999993,1.0525,610,20,2,6.596096926535813,0.1191853711136008,RNG-c2510e3dad79,balanced,final,30401,PAL,0,3,1000000.0,,False,,,,,
2.73545420202029,68.92556627447925,True,135.41844416562108,609,8,0,2.025,2.025,3.7,25.909455908547205,9.336793547353327,-21.126703682899016,-85.39171885171385,145.2161286186305,0.15,1000000.0,610,306,2,8.504277475958368,0.17297816647943548,OVP56,balanced,final,30401,PAL,2,3,1000000.0,,False,,,,,
3.2678158413818097,77.43630657481567,True,91.80928481806775,370,4,0,2.025,2.025,3.2966361485358577,19.76772008967843,2.77252410278117,-22.700561169875098,-72.25795035805963,130.88879454917335,1.85,1.5987499999999994,610,8,2,9.335676618197859,0.17019448203900914,RANGE32,balanced,final,30401,PAL,2,3,1000000.0,,False,,,,,
-6.814835998161534,-81.88677206313292,False,630.0282308657465,610,8,17,2.025,2.025,1000000.0,89.70522287563091,20.658036879901122,-152.90281430939373,-75.02907981255068,135.75424579776754,1000000.0,1000000.0,610,610,2,-6.785847498830507,-0.1606421317811971,PLL96-rejected-board,balanced,final,30401,PAL,2,3,1000000.0,,False,,,,,
5.563551108389645,89.72557276304074,True,48.96047678795483,412,5,0,2.025,2.025,3.3315648717906567,10.88778084862806,1.9089260942718416,-7.072980851168807,-74.92889301843566,136.00377176693223,1.925,1.575,610,18,2,9.67398961802732,0.1609702340265793,PLL96-IQ-corrected,balanced,final,30401,PAL,2,3,1000000.0,,False,,,,,
8.11029889031313,94.19256494656462,True,12.251568381430364,379,6,0,2.025,2.025,3.373698241817105,3.9903233912905574,1.5844813688863368,-4.657949535742885,-76.86687863245128,139.74396452398895,1.875,0.025,610,10,2,18.49344303019999,0.3572091737959321,floating-PLL-IQ40,balanced,final,30401,PAL,2,3,1000000.0,,False,,,,,
2.1347008419841123,38.1354796961669,True,165.60539523212046,610,8,0,2.025,2.025,1000000.0,50.825856883915414,27.168431304392634,-34.14192922141024,-83.15075953506228,131.53065561137635,1000000.0,1000000.0,610,610,2,3.681330409464145,0.11403154713824444,HC50,balanced,final,30401,PAL,2,3,1000000.0,,False,,,,,
2.761255784290164,81.8003512026273,True,102.94981179422835,277,4,0,2.025,2.025,3.1720216102820133,9.437405552563717,0.5586262519698822,-21.417163438119626,-82.93305373625275,127.05842208630514,1.875,1.1537499999999996,610,7,2,7.056853709838826,0.13196960489416182,PLL96-board-fixed,balanced,final,30401,PAL,2,3,1000000.0,,False,,,,,
2.601940602469181,84.14476630544411,True,114.4021329987453,260,5,0,2.025,2.025,3.160691323564695,17.030139008811965,2.7447526845294368,-12.670929996108454,-79.68593790526944,150.0130629249224,1.9,1.185,610,6,2,10.305844261702621,0.17378272026870206,RNG-c2510e3dad79,balanced,final,30401,PAL,2,3,1000000.0,,False,,,,,
5.0738215777905715,80.85680976569341,True,65.64429109159347,607,8,0,2.025,2.025,3.650399521513593,16.93735459727299,5.123866670864125,-13.67490717983504,-87.51926360985082,144.76394355969381,1.6949999999999998,1000000.0,610,280,2,12.4534430612632,0.25108410640169054,OVP56,balanced,final,30401,PAL,4,3,1000000.0,,False,,,,,
5.876862484916325,88.83373187030575,True,39.203262233375156,90,2,0,2.025,2.025,2.8368526879407967,9.192107245446136,1.7001113053762256,-11.607608954781497,-69.85280399485374,129.48314076932385,1.7,1.5625,610,3,2,13.971057485656049,0.2515793382151394,RANGE32,balanced,final,30401,PAL,4,3,1000000.0,,False,,,,,
-6.855148980450848,-84.46099735905781,False,623.4880803011292,610,8,42,2.025,2.025,1000000.0,88.66180248592468,21.313540007927497,-156.66522688249995,-74.37140593897315,133.47454053909857,1000000.0,1000000.0,610,610,2,-6.872103217767372,-0.24117855939818994,PLL96-rejected-board,balanced,final,30401,PAL,4,3,1000000.0,,False,,,,,
7.981891744153162,93.32864044670406,True,17.72961104140527,420,6,0,2.025,2.025,3.4222140993960712,10.773894206798332,0.1750878404594734,-3.913542878896103,-75.67555403415048,134.23071408168101,1.875,1.6462499999999998,610,11,2,13.192424223488334,0.23786686298372642,PLL96-IQ-corrected,balanced,final,30401,PAL,4,3,1000000.0,,False,,,,,
10.091825925735865,95.96865610807602,True,2.506900878293601,162,4,0,2.025,2.025,3.147016195938623,2.5432692368370207,1.2627762172219061,-2.5455074523202703,-75.38786513307157,136.65888335322757,1.7912499999999993,0.6837499999999996,610,5,2,22.965821040640527,0.46100997108554814,floating-PLL-IQ40,balanced,final,30401,PAL,4,3,1000000.0,,False,,,,,
3.293344929287903,42.69906385097904,True,122.5840652446675,610,8,0,2.025,2.025,1000000.0,49.37236921753238,27.093598943875914,-28.866881795114296,-79.13413619413896,129.89941516560717,1000000.0,1000000.0,610,610,2,4.312470192961778,0.17608936120023136,HC50,balanced,final,30401,PAL,4,3,1000000.0,,False,,,,,
5.839738798049183,91.33954002902432,True,40.75784190715182,77,1,0,2.025,1.7712499999999995,2.856537094890254,3.1786317058520384,-1.8822555659487954,-14.209471789775655,-82.78135693693719,126.48194225436899,1.675,1.2925,610,4,2,11.007304209251219,0.21297792585539232,PLL96-board-fixed,balanced,final,30401,PAL,4,3,1000000.0,,False,,,,,
5.193300376306775,93.76828222142078,True,53.05771643663739,50,1,0,2.025,1.7712499999999995,2.7258951675157492,6.972967608369359,1.0717755505096431,-5.038017130109992,-78.49120409071384,148.27038417126371,1.675,1.27,610,3,2,15.465241810692582,0.25562476141181373,RNG-c2510e3dad79,balanced,final,30401,PAL,4,3,1000000.0,,False,,,,,
7.447990209305802,87.96486415389177,True,22.784190715181932,551,8,0,2.025,2.025,3.5367711263241217,10.964322670589219,2.794269332256643,-9.166392200157855,-82.80700684057734,138.24829901327297,1.8275,1000000.0,610,42,2,16.553424752409388,0.3391311933499937,OVP56,balanced,final,30401,PAL,6,3,1000000.0,,False,,,,,
8.546989560858638,93.8402732645155,True,12.75470514429109,5,2,1,1.088749999999999,2.025,1.9681130577953247,3.683281705266309,1.7347380061551416,-5.433659549859571,-66.89617744752626,128.2264994883613,1.05,0.4625,610,1,2,19.062393280467433,0.34481222711010895,RANGE32,balanced,final,30401,PAL,6,3,1000000.0,,False,,,,,
-6.820114833381341,-84.41212395390298,False,619.1179422835634,610,8,58,2.025,2.025,1000000.0,86.9531392713956,22.178258335240226,-157.21099680482268,-72.95609262299018,132.94154028353614,1000000.0,1000000.0,610,610,2,-6.85587426067722,-0.30323873490566394,PLL96-rejected-board,balanced,final,30401,PAL,6,3,1000000.0,,False,,,,,
9.208588341934052,94.41318907461326,True,7.98745294855709,477,7,0,2.025,2.025,3.4937719829967344,12.312551974174966,-0.6730288980191393,-2.8961789756566936,-72.65299076447523,131.9849302674635,1.85,0.35,610,16,2,14.261637967803216,0.29894557170189245,PLL96-IQ-corrected,balanced,final,30401,PAL,6,3,1000000.0,,False,,,,,
11.994297156856415,96.03969267719332,True,0.3575909661229611,28,1,0,1.963749999999999,1.8237499999999995,2.732951685282663,2.27827626940811,1.4193093954039384,-1.9555707842730496,-70.86015946734065,131.87434212951842,1.4487499999999982,1.2474999999999994,610,1,2,25.529555041505922,0.555611452663387,floating-PLL-IQ40,balanced,final,30401,PAL,6,3,1000000.0,,False,,,,,
3.970475868326136,44.363919273485806,True,99.98557089084065,610,8,0,2.025,2.025,1000000.0,49.044598439656234,27.05897926962256,-26.413777631732106,-62.95955333663872,125.34405898575696,1000000.0,1000000.0,610,610,2,4.564380270996226,0.25877553006726645,HC50,balanced,final,30401,PAL,6,3,1000000.0,,False,,,,,
8.795576684075083,96.10593924998052,True,12.691969887076537,9,0,0,1.325,0.5787499999999999,2.3546818957733677,0.49414614881159324,-2.4060157531117716,-9.869284865471398,-81.40564444276227,124.96177806443794,1.2,0.5787499999999999,610,1,2,14.903307073713428,0.31266822938165867,PLL96-board-fixed,balanced,final,30401,PAL,6,3,1000000.0,,False,,,,,
7.691240631812155,96.87336017839284,True,18.61104140526976,6,0,1,1.0137499999999988,1.5899999999999996,1.8769815687967342,2.670584053665414,0.8634573884941034,-2.464196401468292,-74.04988810400218,145.5267813552528,0.95,1.5899999999999996,610,1,2,21.126050264981735,0.3438801543910304,RNG-c2510e3dad79,balanced,final,30401,PAL,6,3,1000000.0,,False,,,,,
9.477082959576823,91.60840811770333,True,5.629861982434128,388,7,0,2.025,2.025,3.419414133739582,7.41257666257957,2.028969165756086,-6.506955210607453,-70.93284117557646,133.7702898884124,1.85,0.175,610,13,2,19.973406167749083,0.42353135799383684,OVP56,balanced,final,30401,PAL,8,3,1000000.0,,False,,,,,
10.67223665709309,95.13828256984642,True,3.759723964868256,0,0,2,0.3524999999999977,0.5787499999999995,1.0427766763412536,2.0998315980270212,2.1381738224477145,-3.083041840397273,-60.68742124901295,124.10731958771825,0.3524999999999977,0.5787499999999997,610,0,2,22.781420380081553,0.434205967416597,RANGE32,balanced,final,30401,PAL,8,3,1000000.0,,False,,,,,
-6.766942051004713,-83.59969230404761,False,616.9033877038896,610,8,60,2.025,2.025,1000000.0,85.49855444288833,22.88282181652964,-156.6328494934715,-71.57554273074558,132.44360998992093,1000000.0,1000000.0,610,610,2,-6.8093759095361674,-0.3332029535699984,PLL96-rejected-board,balanced,final,30401,PAL,8,3,1000000.0,,False,,,,,
9.50892945693611,94.85718240650905,True,6.114805520702634,527,7,0,2.025,2.025,3.564814033913346,14.012722793308974,-0.944982983115822,-2.5468436656283497,-70.69186776108364,128.12065958152996,1.9174999999999993,1.35,610,35,2,13.847015039184827,0.32974242693279315,PLL96-IQ-corrected,balanced,final,30401,PAL,8,3,1000000.0,,False,,,,,
13.787653752033119,95.7359474479999,True,0.026976160602258468,4,0,0,0.85,0.82375,1.9772739342896124,2.415384493419604,1.7771933393329453,-1.7432591822892118,-67.28541525619787,128.38554470931362,0.84375,0.8237499999999999,610,1,2,26.393481926531244,0.6422207558792797,floating-PLL-IQ40,balanced,final,30401,PAL,8,3,1000000.0,,False,,,,,
4.1998926981072255,44.493879426187,True,91.87641154328732,610,8,0,2.025,2.025,1000000.0,49.22591444028469,27.174483518570405,-25.81056818599801,-53.42468282293126,111.43722748108164,1000000.0,1000000.0,610,610,2,4.585584359516982,0.3348813691702308,HC50,balanced,final,30401,PAL,8,3,1000000.0,,False,,,,,
10.505031607643003,97.96527120140796,True,5.364491844416562,4,0,0,1.113749999999999,0.875,2.145454603060941,0.5710816092729419,-2.3295268392954576,-7.3143893673526925,-79.99775680848414,118.52090857195088,1.075,0.875,610,1,2,17.001841463814422,0.3821622401339261,PLL96-board-fixed,balanced,final,30401,PAL,8,3,1000000.0,,False,,,,,
9.672435364349983,97.19160152885414,True,5.108531994981179,0,0,2,0.15,0.5787499999999995,0.8698495960061896,1.9586685300131461,1.1199555836861752,-1.955263183124279,-67.27124320507534,141.07912122149096,0.15,0.5787499999999997,610,0,2,25.14568481692612,0.4252471237540965,RNG-c2510e3dad79,balanced,final,30401,PAL,8,3,1000000.0,,False,,,,,
11.09892646473397,93.79011847891016,True,1.4805520702634882,169,2,0,2.025,2.025,3.1286468516675034,4.899959925610144,1.6931324741452571,-4.735785358079792,-68.68989568814389,130.77468300311952,1.8,1.6875,610,3,2,22.662721656815226,0.4969024772078056,OVP56,balanced,final,30401,PAL,10,3,1000000.0,,False,,,,,
12.144285070580832,95.46480045129586,True,1.7867001254705144,0,0,2,0.125,0.075,0.39920771946279865,1.6144962513136296,2.2723748474328773,-2.428621546299014,-55.34049756345407,114.35843953721144,0.125,0.075,610,0,2,24.084840050154494,0.5066790598524001,RANGE32,balanced,final,30401,PAL,10,3,1000000.0,,True,,,,,
-6.744950144275384,-83.03778575523216,False,616.387703889586,610,8,61,2.025,2.025,1000000.0,84.3612684222525,23.103432474220718,-156.33678799515926,-70.21366653598334,79.35229136070862,1000000.0,1000000.0,610,610,2,-6.790106710100651,-0.347402261697367,PLL96-rejected-board,balanced,final,30401,PAL,10,3,1000000.0,,False,,,,,
9.463509282300173,95.46177309280884,True,6.010664993726474,530,7,0,2.025,2.025,3.6111805548878335,14.98429307856826,-1.068020764940999,-2.346889232524848,-54.74693736186967,123.95638550210907,1.8,0.875,610,27,2,13.220519091597465,0.3430013877292076,PLL96-IQ-corrected,balanced,final,30401,PAL,10,3,1000000.0,,False,,,,,
15.418355222412144,95.75141961904902,True,0.005018820577164367,0,0,2,0.06374999999999886,0.5124999999999996,1.0004220420877792,2.280409316966938,1.8768505820546848,-1.59037539622581,-61.6328644481288,126.01466841430619,0.06374999999999886,0.5124999999999996,610,0,2,26.87788212170166,0.717209556086563,floating-PLL-IQ40,balanced,final,30401,PAL,10,3,1000000.0,,False,,,,,
4.288644320775804,44.43544147048383,True,89.49372647427855,610,8,0,2.025,2.025,1000000.0,49.245771172502884,27.18611776079874,-25.757282526291863,-28.73737187874503,97.91069746007193,1000000.0,1000000.0,610,610,2,4.581738126167735,0.3935455963710516,HC50,balanced,final,30401,PAL,10,3,1000000.0,,False,,,,,
11.225700808449108,98.74077349337259,True,4.171894604767879,7,0,0,1.275,1.5574999999999999,2.1941126656847127,1.4365158461965737,-2.1582860900948786,-5.71754661295355,-67.46077552429153,116.68386839542211,1.025,1.5574999999999999,610,1,2,17.538706595408556,0.4193491212380004,PLL96-board-fixed,balanced,final,30401,PAL,10,3,1000000.0,,False,,,,,
11.138187760252451,97.2214333305973,True,1.6461731493099123,0,0,2,0.1,0.06624999999999999,0.3396523656743711,1.8946275182300476,1.1188534944959396,-1.7871956793078732,-57.6702824960301,134.12777174478816,0.1,0.06624999999999999,610,0,2,26.348707591377313,0.4944522635239255,RNG-c2510e3dad79,balanced,final,30401,PAL,10,3,1000000.0,,True,,,,,
12.409137953784633,95.40048945801664,True,0.7095357590966123,36,0,0,2.025,1.3212499999999994,2.66073957030289,2.9763482265702104,1.4151506501850466,-3.3677801844874478,-66.69316788265057,129.50974831005607,1.575,1.3212499999999994,610,2,2,24.897962062126386,0.5588430853513872,OVP56,balanced,final,30401,PAL,12,3,1000000.0,,False,,,,,
13.23126329037203,95.74730054446682,True,1.3845671267252195,0,0,2,0.1,0.075,0.060792242279023356,1.360148265460836,2.211805603818792,-2.1873757586190132,-51.95973023386054,110.89320405339976,0.1,0.075,610,0,2,24.52913590272788,0.5650590245459178,RANGE32,balanced,final,30401,PAL,12,3,1000000.0,,True,,,,,
-6.747113900855455,-82.87004017979726,False,616.8764115432873,610,8,61,2.025,2.025,1000000.0,83.64016589891304,23.142407702948862,-156.3323987761036,-69.80024608341999,82.15807046399166,1000000.0,1000000.0,610,610,2,-6.793649779981804,-0.3543296504606442,PLL96-rejected-board,balanced,final,30401,PAL,12,3,1000000.0,,False,,,,,
9.351741864478434,96.25887003638367,True,6.080928481806775,545,7,0,2.025,2.025,3.6262424926340238,15.508389845419924,-1.2372529113680437,-2.058250786365791,-54.970223611171114,123.02548177864779,1.8,0.85,610,27,2,12.709745905382695,0.35225450034262423,PLL96-IQ-corrected,balanced,final,30401,PAL,12,3,1000000.0,,False,,,,,
16.89381816182159,96.04283582016552,True,0.0,0,0,2,0.05,0.025,0.3348231732975619,1.9671300839560202,1.8224222597172262,-1.3513802773952117,-57.41180985593242,122.91708909927254,0.05,0.025,610,0,2,27.64545422239426,0.7790416374501915,floating-PLL-IQ40,balanced,final,30401,PAL,12,3,1000000.0,,True,,,,,
4.349393440117652,44.498261677705266,True,88.99811794228356,610,8,0,2.025,2.025,1000000.0,49.141822341758576,27.148366582682403,-25.683967803837586,-8.503859164571502,92.60640957012035,1000000.0,1000000.0,610,610,2,4.592371369908472,0.44262465396223605,HC50,balanced,final,30401,PAL,12,3,1000000.0,,False,,,,,
11.610914708740731,99.10719435018353,True,3.993726474278545,5,0,0,0.975,1.3474999999999997,1.908524537199066,2.5202011402204123,-2.0240253507005157,-4.462568370583362,-61.50391482408956,112.37157611615015,0.925,1.3474999999999997,610,1,2,17.681992629234585,0.4433156098473882,PLL96-board-fixed,balanced,final,30401,PAL,12,3,1000000.0,,False,,,,,
12.311480904053905,97.49275929225985,True,0.7490589711417818,0,0,2,0.1,0.05,0.08551315688243535,1.7452862925604535,0.9484837550847189,-1.4552495755995394,-51.195965293843216,124.44102169683433,0.1,0.05,610,0,2,26.83496757050338,0.5532931084767554,RNG-c2510e3dad79,balanced,final,30401,PAL,12,3,1000000.0,,True,,,,,
13.469453173008892,96.35465211636641,True,0.5232120451693851,4,0,1,0.975,0.5974999999999997,1.9205321367055568,1.7750198833927764,1.2721797039948435,-2.483490181528345,-64.48818209443982,127.91271022438522,0.95,0.5974999999999996,610,1,2,26.380701254144064,0.6096165614114178,OVP56,balanced,final,30401,PAL,14,3,1000000.0,,False,,,,,
14.10611703045192,95.7908718254052,True,1.1794228356336263,0,0,2,0.075,0.06624999999999999,0.043194660416822246,1.327808022158268,2.145726181894243,-2.2598765482090735,-50.870683069319355,110.00574521312862,0.075,0.06624999999999999,610,0,2,24.76788181235472,0.6131476695053505,RANGE32,balanced,final,30401,PAL,14,3,1000000.0,,True,,,,,
-6.748649534367219,-82.792449082719,False,617.4008782936011,610,8,61,2.025,2.025,1000000.0,83.34980622951605,23.10999043240039,-156.27018965721913,-69.70051465784275,82.2483935737861,1000000.0,1000000.0,610,610,2,-6.795961154144015,-0.35962084569887187,PLL96-rejected-board,balanced,final,30401,PAL,14,3,1000000.0,,False,,,,,
9.240388822658046,96.9060051223747,True,6.14930991217064,551,8,0,2.025,2.025,3.6453185673720094,15.790590696993375,-1.230962091607302,-1.8589457174552744,-55.1301541452679,123.1642866875865,1.8049999999999997,1000000.0,610,33,2,12.31802918814504,0.35964598752985016,PLL96-IQ-corrected,balanced,final,30401,PAL,14,3,1000000.0,,False,,,,,
18.18259301851694,96.1938830657055,True,0.0,0,0,2,0.025,0.04124999999999999,0.04006910015068028,1.8039145390127096,1.7876340130658832,-1.237783698611819,-55.98100102196763,122.86232733812994,0.025,0.04124999999999999,610,0,2,28.12191892536156,0.8273749202606514,floating-PLL-IQ40,balanced,final,30401,PAL,14,3,1000000.0,,True,,,,,
4.384179617531662,44.51312928968023,True,88.98870765370138,610,8,0,2.025,2.025,1000000.0,49.07575933076896,27.12837287368829,-25.658072474248034,-5.828781753244137,90.03997909360999,1000000.0,1000000.0,610,610,2,4.596699839469586,0.48178746933845995,HC50,balanced,final,30401,PAL,14,3,1000000.0,,False,,,,,
11.851043472767378,98.94897163824565,True,3.8720200752823084,8,0,0,1.1524999999999979,1.4349999999999998,2.073371754387931,3.60552082828574,-1.6927115328253668,-3.6486106696711884,-60.748407742735935,112.1611023791819,1.025,1.4349999999999998,610,1,2,17.73926091147677,0.459398841376747,PLL96-board-fixed,balanced,final,30401,PAL,14,3,1000000.0,,False,,,,,
13.261573510282062,97.64442448824497,True,0.4918444165621079,0,0,2,0.075,0.05,0.04638576661285544,1.7032705714075158,0.818803704869308,-1.1874096862464747,-50.8448001348364,122.65490480608443,0.075,0.05,610,0,2,27.03755539825808,0.6017401864978336,RNG-c2510e3dad79,balanced,final,30401,PAL,14,3,1000000.0,,True,,,,,
14.875323300665091,97.22429551155744,True,0.4203262233375157,0,0,2,0.05,0.04124999999999999,0.527586330438511,0.6500830931411938,1.1575369561769981,-1.6159011995354888,-63.362237232342174,127.64133841544313,0.05,0.04124999999999999,610,0,2,27.678491708420268,0.6763096625829934,OVP56,balanced,final,30401,PAL,18,3,1000000.0,,False,,,,,
15.238594461021254,95.66574103401882,True,1.035759096612296,0,0,2,0.075,0.05,0.04051411411623054,1.3855525269517461,2.0504132006636464,-2.715934748604308,-50.33930074529442,108.80025123519616,0.075,0.05,610,0,2,25.00417579260467,0.6753730226918424,RANGE32,balanced,final,30401,PAL,18,3,1000000.0,,True,,,,,
-6.753954779696945,-82.838852149164,False,618.3638644918444,610,8,61,2.025,2.025,1000000.0,83.62432950193792,22.881894174622598,-156.1869721399431,-68.00730346982591,75.76973406778512,1000000.0,1000000.0,610,610,2,-6.80154854728841,-0.36419982944979656,PLL96-rejected-board,balanced,final,30401,PAL,18,3,1000000.0,,False,,,,,
9.042272884787677,98.02345674988416,True,6.311794228356336,578,5,0,2.025,2.025,3.6673496049599636,15.520956638465949,-1.127806697908443,-1.6722076758636126,-55.141885547288055,118.10263662247235,1.85,1.6149999999999998,610,65,2,11.810581923096624,0.3661588523391891,PLL96-IQ-corrected,balanced,final,30401,PAL,18,3,1000000.0,,False,,,,,
20.048109897316337,96.34053071956109,True,0.0,0,0,2,0.025,0.025,0.02079367810610542,1.6610663153584502,1.7433171739775732,-1.1295113241869243,-52.06225388315438,115.37378271612039,0.025,0.025,610,0,2,28.6240178138995,0.8862593977272106,floating-PLL-IQ40,balanced,final,30401,PAL,18,3,1000000.0,,True,,,,,
4.417155526038335,44.50524345714037,True,88.95294855708909,610,8,0,2.025,2.025,1000000.0,48.997472722968254,27.118750403205684,-25.647289197217145,-0.3890518835015513,86.88686519284443,1000000.0,1000000.0,610,610,2,4.598393716758492,0.5342998487783934,HC50,balanced,final,30401,PAL,18,3,1000000.0,,False,,,,,
12.031948554014559,98.24243749098285,True,3.79297365119197,27,0,0,1.825,1.3699999999999999,2.430145422665107,5.017018590281147,-1.137274862210415,-2.9026066346078836,-60.918984030183424,111.59905560578602,1.425,1.3699999999999999,610,1,2,17.595435747236746,0.4749561462468197,PLL96-board-fixed,balanced,final,30401,PAL,18,3,1000000.0,,False,,,,,
14.513254245549778,97.76530019249218,True,0.321831869510665,0,0,2,0.075,0.04124999999999999,0.044618143042092086,1.6770451365352126,0.6777704000682041,-0.8443339628820722,-47.21889130244763,121.87709337631478,0.075,0.04124999999999999,610,0,2,27.08106286091371,0.6645309984249194,RNG-c2510e3dad79,balanced,final,30401,PAL,18,3,1000000.0,,True,,,,,
15.54358387437825,97.50537267093151,True,0.35570890840652447,0,0,2,0.05,0.025,0.033326502032240315,0.28139342916350707,1.0980070875811887,-1.3381814346172651,-59.20616827674573,123.96013062332273,0.05,0.025,610,0,2,28.027968262559032,0.7071326494235168,OVP56,balanced,final,30401,PAL,22,3,1000000.0,,True,0.819745624794679,-59.98737933792628,17.262763136447653,23.654448381463826,12.08578009997692
15.779335570435393,95.65189837761228,True,0.9416562107904642,0,0,2,0.05,0.05,0.04006910015068028,1.3520097839111576,1.9816269806505387,-2.919604036255433,-48.877737345747406,107.75336520004592,0.05,0.05,610,0,2,25.135970534748616,0.7046299039210184,RANGE32,balanced,final,30401,PAL,22,3,1000000.0,,True,0.7834713337153167,-61.0410729451364,16.311937717265028,21.79603451808958,11.943716773434767
-6.761681593204571,-83.07039407852001,False,619.3431618569635,610,8,61,2.025,2.025,1000000.0,84.2768975554653,22.69051312538345,-156.19995056960371,-67.84893966351258,70.11876829551088,1000000.0,1000000.0,610,610,2,-6.808925079844953,-0.36744558524325166,PLL96-rejected-board,balanced,final,30401,PAL,22,3,1000000.0,contrast;waveform;detail_floor;sync;h_jitter_us;v_jitter_us;h_width_rmse_us;sync_error_ire;black_error_ire;white_error_ire,False,0.324249235590542,65.11649686683393,26.08401021711974,33.86110243822907,28.76958634664879
8.943789001905968,98.79257632646835,True,6.407779171894605,602,7,0,2.025,2.025,3.6781555330083586,14.826333686335992,-1.0592476980342338,-1.6173923168518392,-53.532291553768815,111.69051798689583,1.7325,1.1,610,205,2,11.601837184110334,0.3696666018760311,PLL96-IQ-corrected,balanced,final,30401,PAL,22,3,1000000.0,waveform;detail_floor;sync;h_jitter_us;v_jitter_us;h_width_rmse_us;sync_error_ire,False,0.3749111179271316,-112.10507561375356,25.678020008733924,34.52208443212628,16.855986538515836
21.027411500876166,96.40142762740325,True,0.0,0,0,2,0.025,0.025,0.01975775423622372,1.6308168383007497,1.7287423712581784,-1.0656650668376784,-49.039064897453464,113.59618612999168,0.025,0.025,610,0,2,28.835934378590075,0.9116801268015271,floating-PLL-IQ40,balanced,final,30401,PAL,22,3,1000000.0,,True,0.4872726851459206,13.871194803038616,10.160093060231674,18.827913903066246,7.019392941830365
4.430013342923952,44.50541504651584,True,88.86700125470514,610,8,0,2.025,2.025,1000000.0,48.959610139194425,27.128678707067717,-25.612554719456398,1.1457956030977101,84.45054684437525,1000000.0,1000000.0,610,610,2,4.599130639760663,0.5595767749007576,HC50,balanced,final,30401,PAL,22,3,1000000.0,contrast;waveform;sync;h_jitter_us;v_jitter_us;h_width_rmse_us;sync_error_ire;black_error_ire;white_error_ire,False,0.4076574269350126,99.11129152986145,15.263326202571784,21.350518825237188,30.73268588786603
12.036968680032384,97.61367157064021,True,3.700125470514429,0,0,2,0.275,0.075,0.11629967650040288,5.602616977940712,-0.7817459234810817,-2.698064062604261,-58.724281115369756,111.43914836631646,0.275,0.075,610,0,2,17.30043433064413,0.4814068961982896,PLL96-board-fixed,balanced,final,30401,PAL,22,3,1000000.0,,True,0.4318243576036136,-99.05501965419212,27.061569718299864,32.43140994772616,15.419483304891042
15.096114520622354,97.77756712978264,True,0.2559598494353827,0,0,2,0.075,0.04124999999999999,0.0426215715413655,1.6639100590857898,0.6614173900580288,-0.7162118017673489,-46.79897149189347,116.15414755775373,0.075,0.04124999999999999,610,0,2,27.050777983275566,0.6929064602419215,RNG-c2510e3dad79,balanced,final,30401,PAL,22,3,1000000.0,,True,0.9197295516163346,-60.716556979754294,16.183450514989584,23.97533537139949,12.807266289389135
15.980939709099726,97.57916233935663,True,0.32810539523212046,0,0,2,0.05,0.04124999999999999,0.021062942362918023,0.1364490413907869,1.103802854283122,-1.2552384607301716,-56.35781109322149,124.29160419819792,0.05,0.04124999999999999,610,0,2,28.15729324618859,0.7267193073710568,OVP56,balanced,final,30401,PAL,30,3,1000000.0,,True,0.8047176162082057,-60.378534863987696,16.07950271356686,26.947354012807395,11.980806186900038
16.114989296130652,95.69917800636956,True,0.9015056461731493,0,0,2,0.05,0.05,0.03890140964195446,1.2487129591643291,1.905055203262895,-3.0121728360674824,-44.4211648741708,103.33651394252342,0.05,0.05,610,0,2,25.26480636942892,0.7220791041485455,RANGE32,balanced,final,30401,PAL,30,3,1000000.0,,True,0.7748301899212386,-61.294141391582706,16.07149181451889,25.5844982848928,11.84863708039842
-6.768895388989331,-83.33303582031516,False,619.9046424090338,610,8,61,2.025,2.025,1000000.0,84.98810139436814,22.668384932560095,-156.24529677384962,-67.73812885174989,68.33010290129405,1000000.0,1000000.0,610,610,2,-6.815964162394285,-0.3669836177744945,PLL96-rejected-board,balanced,final,30401,PAL,30,3,1000000.0,contrast;waveform;detail_floor;sync;h_jitter_us;v_jitter_us;h_width_rmse_us;sync_error_ire;black_error_ire;white_error_ire,False,0.32454619173539556,64.4982612350204,23.38517700917172,32.60491475373678,28.6720153638015
8.896652975819128,99.53110748354011,True,6.375784190715182,610,8,0,2.025,2.025,1000000.0,13.911226776468771,-1.0701118182785736,-1.5649979722324787,-41.786806871312905,107.12455971218426,1000000.0,1000000.0,610,610,2,11.502612603202877,0.371108673622355,PLL96-IQ-corrected,balanced,final,30401,PAL,30,3,1000000.0,waveform;detail_floor;sync;h_jitter_us;v_jitter_us;h_width_rmse_us;sync_error_ire,False,0.3713089505086803,-112.66224787722629,24.133543014795112,30.169808234238893,16.927067551941057
21.704227128110986,96.41799630359404,True,0.0,0,0,2,0.025,0.025,0.019178839090321892,1.6340957714406568,1.728382290597114,-1.0251648227326413,-45.44729269859201,111.79494501714535,0.025,0.025,610,0,2,28.938048763166524,0.9273314965798638,floating-PLL-IQ40,balanced,final,30401,PAL,30,3,1000000.0,,True,0.48199221087758704,13.236302294114575,6.529885826703716,17.004144702608478,6.901267390712449
4.4383814919438125,44.51432396801957,True,88.80677540777917,610,8,0,2.025,2.025,1000000.0,48.941410277160216,27.13233688763765,-25.564342202553366,1.88997348876579,84.46221904404226,1000000.0,1000000.0,610,610,2,4.6003862292244655,0.5762367887114361,HC50,balanced,final,30401,PAL,30,3,1000000.0,contrast;waveform;sync;h_jitter_us;v_jitter_us;h_width_rmse_us;sync_error_ire;black_error_ire;white_error_ire,False,0.40245152307991106,98.55458385990376,15.062693437771609,24.850667652511895,30.709615646578857
11.963966161812923,97.18335700448412,True,3.579046424090339,0,0,2,0.25,0.075,0.09618224675148701,5.717899371154351,-0.621047231915717,-2.6482419777238904,-57.29898346833307,111.454780734791,0.25,0.075,610,0,2,16.89403291073387,0.4851842671945528,PLL96-board-fixed,balanced,final,30401,PAL,30,3,1000000.0,waveform,True,0.4320662783385034,-100.44853625069486,25.013141721067996,29.99651741207514,15.46945655172261
15.498757336549726,97.77662862326186,True,0.23212045169385193,0,0,2,0.075,0.05,0.042669622933786,1.6259791188137243,0.6298658461163099,-0.6630938470768648,-43.23481047370181,114.54303910880412,0.075,0.05,610,0,2,27.029854452753487,0.7116480209126628,RNG-c2510e3dad79,balanced,final,30401,PAL,30,3,1000000.0,,True,0.9290654433743137,-60.752017602264274,14.692051947561389,21.487430226732027,12.640228919216888
0.7547849393402885,55.36747250592802,True,221.31488076780656,506,12,0,2.025,2.025,1000000.0,35.76274649997668,14.137450594912837,-29.537421639512953,-87.36378414480471,149.323887924918,1000000.0,1000000.0,506,506,2,5.5274133558932625,0.12155865870948253,OVP56,balanced,final,30401,NTSC,0,3,1000000.0,,False,,,,,
1.2108439278284602,63.29198298748214,True,166.69928078346132,437,12,0,2.025,2.025,3.4522794926906157,31.463361245981588,4.885389413719131,-34.261330613471806,-78.2214291040206,133.23005623577484,1.8699999999999997,1000000.0,506,46,2,6.05989268055621,0.12119751308076322,RANGE32,balanced,final,30401,NTSC,0,3,1000000.0,,False,,,,,
-6.732771549055629,-77.6863364054836,False,640.9524425966456,504,12,3,2.025,2.025,3.527215615751325,89.7791333921611,19.470242695439463,-148.68469806373736,-77.5711561656188,136.81423510034475,1.45125,1000000.0,506,367,2,-6.628035363832953,-0.09527391718135905,PLL96-rejected-board,balanced,final,30401,NTSC,0,3,1000000.0,,False,,,,,
2.717326748786047,84.65871138113518,True,114.04730150797641,331,8,0,2.025,2.025,3.2693626508628775,12.660877351799517,3.17532771587524,-11.391280451440469,-76.66207291993601,138.22715831392696,1.7899999999999991,1.9224999999999999,506,10,2,5.624729735642387,0.09820531856506824,PLL96-IQ-corrected,balanced,final,30401,NTSC,0,3,1000000.0,,False,,,,,
5.880766307551408,92.26806404575834,True,41.15776100575915,385,12,0,2.025,2.025,3.479473456888281,4.95864594064206,1.6000606756255575,-7.538129564232645,-80.22246227349926,140.0686365766202,1.875,1000000.0,506,21,2,13.386789847536466,0.26391085351543914,floating-PLL-IQ40,balanced,final,30401,NTSC,0,3,1000000.0,,False,,,,,
0.8494812939924394,31.90649711860861,True,225.110411329241,506,12,0,2.025,2.025,1000000.0,52.82346769786246,27.12307322252703,-41.30089281217488,-81.91130418538478,138.89347545825515,1000000.0,1000000.0,506,506,2,2.8185130331778936,0.077052639150203,HC50,balanced,final,30401,NTSC,0,3,1000000.0,,False,,,,,
0.22816253286280025,69.76643599056871,True,197.2471678402731,347,11,0,2.025,2.025,3.3645721736871215,17.244817676664038,2.63278761126851,-30.58481916053288,-84.62375953035027,130.19698525811398,1.8275,0.775,506,11,2,3.8755444704089497,0.0797473724131255,PLL96-board-fixed,balanced,final,30401,NTSC,0,3,1000000.0,,False,,,,,
0.4211959547855195,70.21540731088565,True,199.22358331802977,389,11,0,2.025,2.025,3.423390038978083,29.443642167598668,5.609156501693944,-23.219414818754597,-82.51015987731319,154.06600593198817,1.775,1.825,506,15,2,6.57176262006009,0.12100552419048284,RNG-c2510e3dad79,balanced,final,30401,NTSC,0,3,1000000.0,,False,,,,,
2.762135745795033,68.8272254245486,True,134.94416964960396,506,12,0,2.025,2.025,1000000.0,26.09315439977189,9.41687266759799,-20.99429132531006,-85.75295520649568,147.3812307128312,1000000.0,1000000.0,506,506,2,8.477315784786871,0.1806997916092735,OVP56,balanced,final,30401,NTSC,2,3,1000000.0,,False,,,,,
3.289266853952383,77.22032273130999,True,91.73999825389036,283,7,0,2.025,2.025,3.2679505995464853,20.04852523322377,2.89636829847817,-22.518202686272897,-70.68144043335889,131.58399543284935,1.9,1.985,506,9,2,9.31867851702222,0.17625614961444266,RANGE32,balanced,final,30401,NTSC,2,3,1000000.0,,False,,,,,
-6.707558209353566,-81.96677917780548,False,626.102231708749,506,12,9,2.025,2.025,1000000.0,89.7263148087122,20.511555679745953,-153.70011452997292,-74.9018213483019,135.606756005003,1000000.0,1000000.0,506,506,2,-6.680050523961645,-0.16178616097677753,PLL96-rejected-board,balanced,final,30401,NTSC,2,3,1000000.0,,False,,,,,
5.587002566194947,89.22790418800857,True,48.65775347942451,330,8,0,2.025,2.025,3.3271753606748495,11.051732005536403,1.7741434709191577,-7.182478359932315,-74.98008753608426,135.42696603573074,1.83125,1.6212499999999999,506,13,2,9.726926900946303,0.15805947749752375,PLL96-IQ-corrected,balanced,final,30401,NTSC,2,3,1000000.0,,False,,,,,
8.184597627355625,94.13800967119494,True,12.028588029515273,308,7,0,2.025,2.025,3.3554507705727667,4.044113714212015,1.5505237000405858,-4.5181726493243985,-78.22575131003504,138.13318118718126,1.9,1.9600000000000002,506,9,2,18.619904760554668,0.3714158896512996,floating-PLL-IQ40,balanced,final,30401,NTSC,2,3,1000000.0,,False,,,,,
2.141368615566091,38.2124975290758,True,169.015133953704,506,12,0,2.025,2.025,1000000.0,50.76162353903191,27.221586790379416,-34.116455802791535,-80.86155430380663,129.81991335055244,1000000.0,1000000.0,506,506,2,3.6449751279826668,0.1206309902387827,HC50,balanced,final,30401,NTSC,2,3,1000000.0,,False,,,,,
2.8476544678163163,81.77635215226994,True,101.74400226392147,209,6,0,2.025,2.025,3.2091026232366966,9.298351310436825,0.3139235602488277,-21.512045260029222,-83.53692537476853,128.35410543340478,1.8,1.78125,506,6,2,7.159986208527646,0.13004992197722856,PLL96-board-fixed,balanced,final,30401,NTSC,2,3,1000000.0,,False,,,,,
2.6426669751054233,84.04468908688403,True,113.72065858438677,202,7,0,2.025,2.025,3.177512733421006,17.01081860196008,2.711839342311818,-12.465807829138829,-81.21609953465241,150.22874925166678,1.8424999999999983,1.825,506,6,2,10.323584352140045,0.1797513555314937,RNG-c2510e3dad79,balanced,final,30401,NTSC,2,3,1000000.0,,False,,,,,
5.101702504595108,80.7161494264019,True,65.06591563882023,500,12,0,2.025,2.025,3.6430012809952914,17.073800610237573,5.095876137934645,-13.639174314852411,-86.43960425554579,147.6093888097326,1.925,1000000.0,506,172,2,12.392960349272252,0.2608151742323595,OVP56,balanced,final,30401,NTSC,4,3,1000000.0,,False,,,,,
5.889356153427667,88.61528847072321,True,39.48992524844431,72,7,0,2.025,2.025,2.839307342757375,9.262311682417698,1.7663116489431352,-11.564411153690537,-69.56010687855358,127.8258855373162,1.658749999999999,1.2249999999999999,506,3,2,13.927860009111996,0.25758747591522774,RANGE32,balanced,final,30401,NTSC,4,3,1000000.0,,False,,,,,
-6.7327901508812555,-84.11353620458006,False,619.1388668952666,506,12,32,2.025,2.025,1000000.0,88.60361729661841,21.285750812666375,-156.69293277767338,-75.41855681551658,134.6559121796711,1000000.0,1000000.0,506,506,2,-6.751277065336987,-0.23550307277093388,PLL96-rejected-board,balanced,final,30401,NTSC,4,3,1000000.0,,False,,,,,
7.930232567196333,92.65638434035014,True,18.3356564619604,344,9,0,2.025,2.025,3.413996246390785,10.8504884828909,0.2769555501488097,-3.962805921144264,-74.49778402457699,134.93038436314214,1.875,1.4300000000000002,506,14,2,13.189036804025584,0.2325000736060011,PLL96-IQ-corrected,balanced,final,30401,NTSC,4,3,1000000.0,,False,,,,,
10.162386470367547,95.83722620280233,True,2.42272712220058,115,3,0,2.025,2.025,3.124136197750858,2.6338139792565394,1.2795732584893362,-2.585712123254698,-75.83304889637567,136.84597573004854,1.8625,1.265,506,4,2,22.918411608897618,0.4756851995449759,floating-PLL-IQ40,balanced,final,30401,NTSC,4,3,1000000.0,,False,,,,,
3.2614966703022583,42.67977063337365,True,127.49460361805959,506,12,0,2.025,2.025,1000000.0,49.3917449731673,27.091719727266415,-28.809670276717174,-72.4426766841091,125.94654129856639,1000000.0,1000000.0,506,506,2,4.2476292846581885,0.18710459603639804,HC50,balanced,final,30401,NTSC,4,3,1000000.0,,False,,,,,
5.864581703733357,91.05353138251424,True,40.6181228117182,72,3,0,2.025,2.025,2.8117834468667273,3.0565050023556903,-1.7360239812363938,-14.27093125056523,-81.69771904696492,128.00234439400407,1.6337499999999991,0.7,506,4,2,11.08427355121889,0.2120365617861577,PLL96-board-fixed,balanced,final,30401,NTSC,4,3,1000000.0,,False,,,,,
5.205351347222892,93.56093962911952,True,52.75057425933341,38,6,0,2.025,2.025,2.634724306033445,6.9468811258433645,1.0589656576489654,-5.213151818120117,-79.48875030647754,148.75414012001335,1.55,0.86875,506,2,2,15.35456832327251,0.26270798653619576,RNG-c2510e3dad79,balanced,final,30401,NTSC,4,3,1000000.0,,False,,,,,
7.501858159193256,87.93805262837267,True,22.289240050938233,443,12,0,2.025,2.025,3.5082753642988216,10.898679902145759,2.7721811645128733,-9.1381337683672,-81.65449452889376,139.36085829696728,1.9725000000000001,1000000.0,506,31,2,16.553530487566487,0.3537033654529809,OVP56,balanced,final,30401,NTSC,6,3,1000000.0,,False,,,,,
8.6113050619122,93.88766699103029,True,12.465115438920783,5,0,0,1.2,0.9674999999999999,2.041257036588278,3.553542161922076,1.7362389938570093,-5.343532005595428,-69.06187964605729,127.43059688820225,1.125,0.9674999999999999,506,1,2,19.265723943408947,0.3571795424619909,RANGE32,balanced,final,30401,NTSC,6,3,1000000.0,,False,,,,,
-6.700169620122899,-84.06685736534247,False,614.8706825181309,506,12,50,2.025,2.025,1000000.0,86.94814662535073,22.18564680549307,-157.17486614441844,-72.8411387795477,132.78202335926727,1000000.0,1000000.0,506,506,2,-6.738027782561296,-0.2944357340958601,PLL96-rejected-board,balanced,final,30401,NTSC,6,3,1000000.0,,False,,,,,
9.125981562914344,93.76376910018476,True,8.38809996176622,398,9,0,2.025,2.025,3.4875282090987105,12.35400505156863,-0.6216817659630179,-2.9318762357142583,-71.87968200544059,133.4863406552628,1.85,1.9224999999999999,506,18,2,14.300220814978218,0.2866208297931413,PLL96-IQ-corrected,balanced,final,30401,NTSC,6,3,1000000.0,,False,,,,,
12.089860890109474,96.02347700878559,True,0.2950323180809653,18,0,0,1.95,0.9412499999999997,2.7119378336393685,2.2974565172531634,1.412014317962658,-1.9216020789163126,-72.3098178352106,134.13613705983968,1.55,0.9412499999999998,506,1,2,25.795850275931492,0.5719568955610734,floating-PLL-IQ40,balanced,final,30401,NTSC,6,3,1000000.0,,False,,,,,
3.9205190052988605,44.36010920524827,True,105.14590552342646,506,12,0,2.025,2.025,1000000.0,49.04173110120935,27.0493765023534,-26.4567076059803,-63.59035291799256,122.11752714176816,1000000.0,1000000.0,506,506,2,4.49202970201731,0.276183465476728,HC50,balanced,final,30401,NTSC,6,3,1000000.0,,False,,,,,
8.815260371991162,95.91913743410963,True,12.86024800777922,12,1,0,1.49375,1.1724999999999988,2.4179535233107123,0.35166822355650346,-2.5245440028446264,-9.776247985233864,-80.83034139994486,120.62058457396543,1.2337499999999992,0.2875,506,1,2,15.051799206602483,0.3116881331293961,PLL96-board-fixed,balanced,final,30401,NTSC,6,3,1000000.0,,False,,,,,
7.785465097415928,96.996606137091,True,18.187387669455426,2,0,2,1.0,0.6374999999999995,1.759630882672263,2.3712049834376496,0.8365542827751986,-2.4415225114951666,-76.78495217591022,144.70139096047848,0.975,0.6374999999999995,506,1,2,21.49071086923684,0.3574616521156382,RNG-c2510e3dad79,balanced,final,30401,NTSC,6,3,1000000.0,,False,,,,,
9.525191555370604,91.60502574036327,True,5.533361230947084,338,8,0,2.025,2.025,3.3656522885439237,7.380525119282876,2.0119934451587547,-6.4870796881730906,-75.24426091958085,134.63383825586396,1.825,1.9637499999999999,506,11,2,19.96071788492958,0.4400734509377884,OVP56,balanced,final,30401,NTSC,8,3,1000000.0,,False,,,,,
10.717249569377383,95.18523637027288,True,3.716504047662772,0,0,2,0.5,0.5012499999999995,0.9779037281762595,1.9648504396310396,2.1111045859291813,-3.0916285640424768,-58.80075396059226,121.24868191925265,0.5,0.5012499999999995,506,0,2,22.9897932764087,0.44932686991646154,RANGE32,balanced,final,30401,NTSC,8,3,1000000.0,,False,,,,,
-6.649083493202675,-83.28106482735394,False,612.7527719490497,506,12,53,2.025,2.025,1000000.0,85.58346401472798,22.803881582784218,-156.67538806577085,-70.34784261302025,131.23385204165433,1000000.0,1000000.0,506,506,2,-6.693669322719611,-0.3224580709730917,PLL96-rejected-board,balanced,final,30401,NTSC,8,3,1000000.0,,False,,,,,
9.413890150481471,94.27302782528561,True,6.328142169450908,427,10,0,2.025,2.025,3.5327860863128366,13.91588990151917,-0.8861898158701216,-2.5963707926194872,-70.54825641751533,125.62907873320472,1.9274999999999998,0.575,506,22,2,13.886593552271192,0.3145467029339127,PLL96-IQ-corrected,balanced,final,30401,NTSC,8,3,1000000.0,,False,,,,,
13.871237677850253,95.73451141179387,True,0.02860007165070582,3,0,0,0.95,0.46374999999999966,2.0240944272679124,2.396676169092029,1.7411315092747417,-1.7747002433395207,-65.91398653986104,127.17661786712458,0.925,0.46374999999999966,506,1,2,26.397021947812917,0.6573301483760053,floating-PLL-IQ40,balanced,final,30401,NTSC,8,3,1000000.0,,False,,,,,
4.1391528286750345,44.48977203328337,True,97.46678628521195,506,12,0,2.025,2.025,1000000.0,49.2257627238214,27.14999802515402,-25.881730613779588,-60.081593362747086,113.14796989595683,1000000.0,1000000.0,506,506,2,4.510363706654406,0.3549244300264313,HC50,balanced,final,30401,NTSC,8,3,1000000.0,,False,,,,,
10.449308242240585,97.77352026041592,True,5.59884034235791,1,0,0,1.075,1.34875,2.1699477568196732,0.41576036535435457,-2.3656921271739693,-7.31646860765049,-79.23337585977292,119.07889083033015,1.075,1.3487499999999997,506,1,2,17.05163584743267,0.37936844031744393,PLL96-board-fixed,balanced,final,30401,NTSC,8,3,1000000.0,,False,,,,,
9.74476265670372,97.26450147423958,True,4.993723036906134,0,0,2,0.35,0.2174999999999999,0.8365249323544355,1.8112811995558906,1.0747457574419732,-1.9785278715157057,-66.97383078994179,142.11876888526916,0.35,0.2174999999999999,506,0,2,25.42938249475654,0.4424021009829354,RNG-c2510e3dad79,balanced,final,30401,NTSC,8,3,1000000.0,,False,,,,,
11.143375484081652,93.79813746829953,True,1.3825876742722787,127,2,0,2.025,2.025,3.0909290429068346,4.9199369583282495,1.6675860292907259,-4.713076033277073,-73.95728866553942,129.726123013455,1.752499999999999,1.6774999999999998,506,5,2,22.633394195799127,0.5149628488887418,OVP56,balanced,final,30401,NTSC,10,3,1000000.0,,False,,,,,
12.150542889572618,95.48725502448835,True,1.794278179349544,0,0,2,0.125,0.08624999999999998,0.3975266292320762,1.5668147773483438,2.2616355907475123,-2.468889031855585,-59.17023716931986,112.91145369452025,0.125,0.08624999999999998,506,0,2,24.07513766886415,0.5216809003830198,RANGE32,balanced,final,30401,NTSC,10,3,1000000.0,,True,,,,,
-6.6280772651912345,-82.76265823884691,False,611.9610015444039,506,12,53,2.025,2.025,1000000.0,84.50732460920973,23.106518815592327,-156.3238392665736,-69.16835909702475,79.28522725197644,1000000.0,1000000.0,506,506,2,-6.6752792732687904,-0.33407676438253453,PLL96-rejected-board,balanced,final,30401,NTSC,10,3,1000000.0,,False,,,,,
9.374094413801574,94.83224851147443,True,6.129446934824953,441,12,0,2.025,2.025,3.569449699021707,15.044009410492245,-1.113488585772091,-2.3446911835784827,-55.36804494187203,122.81170650537686,1.895,1000000.0,506,36,2,13.268898011365831,0.3278043305863595,PLL96-IQ-corrected,balanced,final,30401,NTSC,10,3,1000000.0,,False,,,,,
15.523418691934088,95.76667250925816,True,0.0007526334644922584,0,0,2,0.425,0.036249999999999984,1.134779627227922,2.253611858725546,1.8525408114236037,-1.6149634338069048,-62.02145202100478,124.41306435649406,0.425,0.036249999999999984,506,0,2,26.901631907349092,0.7323874169628349,floating-PLL-IQ40,balanced,final,30401,NTSC,10,3,1000000.0,,False,,,,,
4.229014912061978,44.45281648740421,True,95.1983490232323,506,12,0,2.025,2.025,1000000.0,49.23871972965392,27.157752998551224,-25.773125197065895,-13.626138936603034,98.91775236375506,1000000.0,1000000.0,506,506,2,4.509564255693452,0.41621504272092796,HC50,balanced,final,30401,NTSC,10,3,1000000.0,,False,,,,,
11.149651106565834,98.40236751577865,True,4.282484412960951,8,0,0,1.2687499999999998,1.1012499999999998,2.2297037505599357,1.5504425770532761,-2.267750798410814,-5.768565206045912,-63.462616605856184,114.06369301590999,1.075,1.1012499999999998,506,1,2,17.597064355630877,0.4152352726367698,PLL96-board-fixed,balanced,final,30401,NTSC,10,3,1000000.0,,False,,,,,
11.183604182023604,97.28463438642817,True,1.5790250085047581,0,0,2,0.1,0.075,0.24778165991078174,1.8257698128587159,1.087853331243928,-1.810645871089212,-59.91629206160415,130.65103419491018,0.1,0.075,506,0,2,26.376364552879075,0.5117100128078322,RNG-c2510e3dad79,balanced,final,30401,NTSC,10,3,1000000.0,,True,,,,,
12.451204674302634,95.42004695722764,True,0.6984438550488158,18,1,0,1.69375,1.92875,2.5696676046447435,2.9808658287721124,1.4061675108008076,-3.3701766299895857,-69.11743965560485,130.31241137154737,1.45,1.725,506,1,2,24.87798748831615,0.5776336948632196,OVP56,balanced,final,30401,NTSC,12,3,1000000.0,,False,,,,,
13.240673321603522,95.76413099221234,True,1.3810824073432941,0,0,2,0.1,0.08374999999999995,0.043486288784546384,1.315810810835941,2.197306902352406,-2.2435872729239277,-53.05263799781045,113.28958643115448,0.1,0.08374999999999995,506,0,2,24.541834454733316,0.5809279729063642,RANGE32,balanced,final,30401,NTSC,12,3,1000000.0,,True,,,,,
-6.627170245687136,-82.51719298125555,False,612.7061086742513,506,12,53,2.025,2.025,1000000.0,83.72962518971991,23.072088837166337,-156.29856996652745,-69.28932747861911,78.26786347440753,1000000.0,1000000.0,506,506,2,-6.675850900862589,-0.33925739302139807,PLL96-rejected-board,balanced,final,30401,NTSC,12,3,1000000.0,,False,,,,,
9.266205511245461,95.57987742516531,True,6.193420779306794,448,12,0,2.025,2.025,3.6025344287521848,15.613381992129122,-1.2664652798807188,-2.0609386069133637,-54.99402404660745,123.01573151792883,1.9075,1000000.0,506,27,2,12.769329128532103,0.33638216163717666,PLL96-IQ-corrected,balanced,final,30401,NTSC,12,3,1000000.0,,False,,,,,
17.021578231562813,96.05850818856587,True,0.0,0,0,2,0.05,0.036249999999999984,0.3345270539169763,1.9498899219180394,1.8050604037857978,-1.3651866981209972,-58.48246013239856,123.09786032105444,0.05,0.036249999999999984,506,0,2,27.673971169304746,0.793173830722032,floating-PLL-IQ40,balanced,final,30401,NTSC,12,3,1000000.0,,True,,,,,
4.286141729917559,44.512498979248974,True,94.8280533587021,506,12,0,2.025,2.025,1000000.0,49.146445308211256,27.129786229416933,-25.693804180413107,-8.445247424317373,93.9635478084503,1000000.0,1000000.0,506,506,2,4.519408953327114,0.463866798333533,HC50,balanced,final,30401,NTSC,12,3,1000000.0,,False,,,,,
11.522914556357346,98.71932776006568,True,4.106368182269762,7,0,0,1.075,0.7549999999999997,1.984000066160546,2.6067752856640203,-2.0943318135492865,-4.523242328004098,-62.88500919831757,112.37364928679872,1.025,0.7549999999999997,506,1,2,17.75509107330649,0.4388649469493613,PLL96-board-fixed,balanced,final,30401,NTSC,12,3,1000000.0,,False,,,,,
12.349856224661014,97.5684044629013,True,0.7398386955958901,0,0,2,0.075,0.061249999999999985,0.10210240538680151,1.689953772863479,0.9249323952046238,-1.4893313688790502,-52.057404715521415,128.57189044977775,0.075,0.061249999999999985,506,0,2,26.86262263087563,0.5716995220617171,RNG-c2510e3dad79,balanced,final,30401,NTSC,12,3,1000000.0,,True,,,,,
13.52499988474012,96.38733578068548,True,0.5313592259315345,0,0,1,0.875,0.05,1.7543776415273051,1.755490616481748,1.2760483059660679,-2.5145872773838214,-69.9010888046661,127.91661614196408,0.875,0.05,506,0,2,26.377309964696607,0.6289866569373356,OVP56,balanced,final,30401,NTSC,14,3,1000000.0,,False,,,,,
14.131768897139798,95.8255439895652,True,1.2139977782260127,0,0,2,0.075,0.05,0.041256212851087395,1.2913623414043411,2.1335287989307767,-2.301127050177555,-50.943232868721275,112.35344795298681,0.075,0.05,506,0,2,24.796713015232484,0.6303128554846752,RANGE32,balanced,final,30401,NTSC,14,3,1000000.0,,True,,,,,
-6.627960135687835,-82.41070287884749,False,613.2946680434842,506,12,53,2.025,2.025,1000000.0,83.4207602235718,23.043786875073142,-156.22756193987257,-69.99984119713173,82.12335528395423,1000000.0,1000000.0,506,506,2,-6.67758678963142,-0.3425668702171646,PLL96-rejected-board,balanced,final,30401,NTSC,14,3,1000000.0,,False,,,,,
9.156392895110834,96.21951801460285,True,6.282231528116881,458,12,0,2.025,2.025,3.623483878350595,15.838618588105492,-1.2709446427210178,-1.8791759665853676,-54.996076178736836,123.13613414755855,1.8325,1000000.0,506,50,2,12.386673602304779,0.3422231005470868,PLL96-IQ-corrected,balanced,final,30401,NTSC,14,3,1000000.0,,False,,,,,
18.33382295285368,96.20471796603424,True,0.0,0,0,2,0.025,0.025,0.02447572807542473,1.7885027292842317,1.7733759493821168,-1.250275557098075,-57.544097867427894,121.81994484564362,0.025,0.025,506,0,2,28.14101161260649,0.8401695509571058,floating-PLL-IQ40,balanced,final,30401,NTSC,14,3,1000000.0,,True,,,,,
4.319300285636385,44.52437897768674,True,94.90181143822234,506,12,0,2.025,2.025,1000000.0,49.081937142473436,27.115044525036172,-25.668749860978995,-6.791265261698356,93.36216794143303,1000000.0,1000000.0,506,506,2,4.523188333743695,0.5026837383883127,HC50,balanced,final,30401,NTSC,14,3,1000000.0,,False,,,,,
11.752413337886246,98.5554669932407,True,3.9889573618089695,8,0,0,1.125,0.9475,2.1350494713190886,3.660110444482675,-1.781608751945812,-3.731691238702508,-61.0919611987458,112.6430375981387,1.025,0.9475,506,1,2,17.767785663046876,0.4557621404920587,PLL96-board-fixed,balanced,final,30401,NTSC,14,3,1000000.0,,False,,,,,
13.314425593348325,97.71899792779847,True,0.48544858459750667,0,0,2,0.075,0.061249999999999985,0.0453221887215725,1.6588664754857998,0.8007225659488274,-1.2256065517295882,-51.15193117901627,127.61932735703192,0.075,0.061249999999999985,506,0,2,27.052816963355298,0.6214256901300864,RNG-c2510e3dad79,balanced,final,30401,NTSC,14,3,1000000.0,,True,,,,,
14.964287632189826,97.26064891044875,True,0.3763167322461292,0,0,2,0.05,0.036249999999999984,0.5366139631565185,0.6349481085593844,1.1560520011132491,-1.6440282505481287,-62.68068833033947,126.53968659996875,0.05,0.036249999999999984,506,0,2,27.689700861192268,0.6961159319249899,OVP56,balanced,final,30401,NTSC,18,3,1000000.0,,False,,,,,
15.295819760584608,95.71268631708398,True,1.0288499459609173,0,0,2,0.075,0.061249999999999985,0.04022540247098305,1.3565985478979081,2.033451020569649,-2.7325640600345977,-50.43612755892711,107.71935043253788,0.075,0.061249999999999985,506,0,2,25.05050111771148,0.6931650417793057,RANGE32,balanced,final,30401,NTSC,18,3,1000000.0,,True,,,,,
-6.633135032010834,-82.44838073265917,False,614.6313450764223,506,12,54,2.025,2.025,1000000.0,83.63692292759853,22.789618331089848,-156.16456480303154,-67.95939526507706,78.17211674663545,1000000.0,1000000.0,506,506,2,-6.683271633428961,-0.34748233798843936,PLL96-rejected-board,balanced,final,30401,NTSC,18,3,1000000.0,,False,,,,,
8.98160778056554,97.37377143528057,True,6.4410371891247475,488,12,0,2.025,2.025,3.661397729465256,15.484666275129166,-1.0869855316890167,-1.6986433939466528,-53.47984336860811,118.08142166749715,1.8224999999999998,1000000.0,506,93,2,11.899726503865523,0.35018996475688047,PLL96-IQ-corrected,balanced,final,30401,NTSC,18,3,1000000.0,,False,,,,,
20.253523329617757,96.33662739997838,True,0.0,0,0,2,0.025,0.025,0.020583148639242207,1.6567008508564294,1.73155994630349,-1.1531269029257205,-51.20513527346056,115.59198497739848,0.025,0.025,506,0,2,28.63604124290827,0.8971006392494774,floating-PLL-IQ40,balanced,final,30401,NTSC,18,3,1000000.0,,True,,,,,
4.351804318799132,44.51411979572311,True,94.83482705988253,506,12,0,2.025,2.025,1000000.0,49.00415791611912,27.10056755633895,-25.65721394605405,0.01870306076581585,87.34103777117033,1000000.0,1000000.0,506,506,2,4.525449268892055,0.5545351047047313,HC50,balanced,final,30401,NTSC,18,3,1000000.0,,False,,,,,
11.966582533162185,97.9117437327459,True,3.7970358283634438,20,0,0,1.875,1.065,2.470258791694179,5.025107223589533,-1.1957813287688859,-2.9324199504357447,-61.078577046998205,111.46281275793831,1.275,1.065,506,2,2,17.67945105922818,0.47451906191882665,PLL96-board-fixed,balanced,final,30401,NTSC,18,3,1000000.0,,False,,,,,
14.604940048703119,97.84257780632261,True,0.31008498737081047,0,0,2,0.075,0.061249999999999985,0.043628076864664696,1.6465478558488928,0.6593404447735551,-0.8760611226887753,-47.47296477962801,120.20946570910559,0.075,0.061249999999999985,506,0,2,27.10313037408006,0.6852541364276238,RNG-c2510e3dad79,balanced,final,30401,NTSC,18,3,1000000.0,,True,,,,,
15.66272116078925,97.54077948973139,True,0.32513765666065564,0,0,2,0.05,0.05,0.02277662625494198,0.2621699708166465,1.090695775496953,-1.382875481827001,-61.51888661208513,124.90483267439419,0.05,0.05,506,0,2,28.045743363821888,0.7274150545209086,OVP56,balanced,final,30401,NTSC,22,3,1000000.0,,True,0.8843023494043314,-48.54045224296311,11.31102639248167,21.514033841323673,11.655672285409121
15.849193573671517,95.68274911530251,True,0.946812898331261,0,0,2,0.075,0.061249999999999985,0.03907275063131892,1.336906635727737,1.97280248426444,-2.9681635184183963,-49.287010314660776,107.29053013167976,0.075,0.061249999999999985,506,0,2,25.169344460856454,0.7225064957782136,RANGE32,balanced,final,30401,NTSC,22,3,1000000.0,,True,0.8486868155682621,-49.761796362091516,11.039088606431317,20.649388059383046,11.605744722349932
-6.6421770242805,-82.73775139894025,False,615.6760003251377,506,12,54,2.025,2.025,1000000.0,84.3221058964635,22.62427561928509,-156.20498385873384,-67.8066333790402,75.12476521934516,1000000.0,1000000.0,506,506,2,-6.691497463691356,-0.3528677954264779,PLL96-rejected-board,balanced,final,30401,NTSC,22,3,1000000.0,contrast;waveform;detail_floor;sync;h_jitter_us;v_jitter_us;h_width_rmse_us;sync_error_ire;black_error_ire;white_error_ire,False,0.43550379231656944,82.6580982101165,39.84846489222663,35.69009409101915,29.425410369184586
8.900184569677304,98.1640612238966,True,6.5381269060442495,499,12,0,2.025,2.025,3.6822329211654017,14.78476440252064,-1.0304078153341516,-1.6210262514695433,-48.765098758631694,111.6904987329579,1.5399999999999998,1000000.0,506,274,2,11.70591038296429,0.35499521538753065,PLL96-IQ-corrected,balanced,final,30401,NTSC,22,3,1000000.0,waveform;detail_floor;sync;h_jitter_us;v_jitter_us;h_width_rmse_us;sync_error_ire,False,0.5030427686798178,-95.62281535811033,39.74286724088939,29.759760521184745,18.012656790175633
21.267668858700457,96.38695889882027,True,0.0,0,0,2,0.025,0.025,0.02000494010134742,1.6341800332026897,1.720666101141468,-1.090975669023774,-49.584419463026,113.48811061962934,0.025,0.025,506,0,2,28.82944620869025,0.9215738551058374,floating-PLL-IQ40,balanced,final,30401,NTSC,22,3,1000000.0,,True,0.5958574089492918,4.840362955141245,8.237597691929128,17.879020098650194,6.288165590411177
4.363222648422753,44.50858157543663,True,94.81751649019921,506,12,0,2.025,2.025,1000000.0,48.97189126252178,27.116297208259244,-25.62205124783008,0.7707095581526318,85.68599033566767,1000000.0,1000000.0,506,506,2,4.5253314220943555,0.578833315599825,HC50,balanced,final,30401,NTSC,22,3,1000000.0,contrast;waveform;sync;h_jitter_us;v_jitter_us;h_width_rmse_us;sync_error_ire;black_error_ire;white_error_ire,False,0.4386212544061696,80.34276401047764,10.331287125955429,19.828070026512236,30.859203054695826
11.978667504429431,97.35082652029739,True,3.7082250795533573,0,0,2,0.425,0.475,0.12216144634184722,5.6047280365328005,-0.8006485200140373,-2.7253940468777755,-59.83689117524578,111.50124028559372,0.425,0.475,506,0,2,17.379448796825216,0.4822603942085152,PLL96-board-fixed,balanced,final,30401,NTSC,22,3,1000000.0,waveform,True,0.5975726475636676,-87.70933376162893,36.52908477201171,19.367206322986203,16.45422141992982
15.224011747601827,97.84786261331901,True,0.2589059117853369,0,0,2,0.075,0.061249999999999985,0.044302343374346444,1.6424088433314328,0.6531493774991933,-0.7490506334056733,-46.59800218096635,117.17841254888327,0.075,0.061249999999999985,506,0,2,27.073612372800604,0.7147473597457037,RNG-c2510e3dad79,balanced,final,30401,NTSC,22,3,1000000.0,,True,0.9852016578426377,-49.00753652429423,11.770822547877483,20.53867248597446,12.415433028978518
16.108343834440465,97.62169723082373,True,0.3025586527258879,0,0,2,0.05,0.036249999999999984,0.021320071635561044,0.12130934929274821,1.1003061396759481,-1.3025875090112908,-55.43478905474329,124.05205212575294,0.05,0.036249999999999984,506,0,2,28.18326186404999,0.7466978610355429,OVP56,balanced,final,30401,NTSC,30,3,1000000.0,,True,0.8775729707951871,-48.22128029420911,9.787562557699301,20.622384319252724,11.484144737408354
16.21112489192557,95.74014648550008,True,0.911439125500125,0,0,2,0.05,0.05,0.03822584747287839,1.230803591969582,1.8958651031942526,-3.055322475738941,-43.16343298435706,104.00494711020525,0.05,0.05,506,0,2,25.31622537412734,0.7406698104906063,RANGE32,balanced,final,30401,NTSC,30,3,1000000.0,,True,0.8537895073678999,-49.18107381752276,9.317473964496548,19.32249355464958,11.388790326566877
-6.648753910451848,-83.03526842641085,False,616.3563809770387,506,12,54,2.025,2.025,1000000.0,85.05515937285035,22.612708914295535,-156.26642728517984,-67.1381491952327,67.09089552926503,1000000.0,1000000.0,506,506,2,-6.697823702142234,-0.3542030124317629,PLL96-rejected-board,balanced,final,30401,NTSC,30,3,1000000.0,contrast;waveform;detail_floor;sync;h_jitter_us;v_jitter_us;h_width_rmse_us;sync_error_ire;black_error_ire;white_error_ire,False,0.4388983293316042,82.76467013139326,40.230809149587756,35.41656346959437,29.41096605085742
8.864232963079694,98.8908339615931,True,6.586295447771754,506,12,0,2.025,2.025,1000000.0,13.962737822213652,-1.0425994142532262,-1.5964070288878411,-41.78501386838422,107.1024054846267,1000000.0,1000000.0,506,506,2,11.628059379206185,0.356350299206873,PLL96-IQ-corrected,balanced,final,30401,NTSC,30,3,1000000.0,waveform;detail_floor;sync;h_jitter_us;v_jitter_us;h_width_rmse_us;sync_error_ire,False,0.5091387866411885,-95.17158799751199,38.09238748463769,31.435193830259056,17.9748751052604
21.982336668480574,96.40597049069967,True,0.0,0,0,2,0.025,0.025,0.020066588753191793,1.6293545485346723,1.7156229350172083,-1.0473290883680668,-47.52529351945029,111.54602334088148,0.025,0.025,506,0,2,28.935634358337722,0.9367064420806502,floating-PLL-IQ40,balanced,final,30401,NTSC,30,3,1000000.0,,True,0.5943174634442506,4.869304079395987,7.210788499575603,17.453172865639004,6.175807800929317
4.371462397389549,44.517227485003055,True,94.80095855398038,506,12,0,2.025,2.025,1000000.0,48.94983651087066,27.11626805328258,-25.580220981081197,1.6590625267967454,84.27950750511718,1000000.0,1000000.0,506,506,2,4.526998590912666,0.5945260198300831,HC50,balanced,final,30401,NTSC,30,3,1000000.0,contrast;waveform;sync;h_jitter_us;v_jitter_us;h_width_rmse_us;sync_error_ire;black_error_ire;white_error_ire,False,0.4392222159591268,80.58820983545228,8.800528159854768,18.786085624487434,30.85383332524093
11.911684875195363,96.9353806190636,True,3.6457565020005,0,0,2,0.3875,0.23249999999999976,0.1079475242151932,5.71261989630703,-0.6363354422942181,-2.6744901399297207,-57.52150511806653,111.52291181663355,0.3875,0.23249999999999976,506,0,2,16.979622595966788,0.4859831254927337,PLL96-board-fixed,balanced,final,30401,NTSC,30,3,1000000.0,waveform,True,0.6031470477686491,-87.93119268191599,36.04718104397821,16.301824072828975,16.489538959212958
15.625987141614397,97.85405352978695,True,0.24159534210201494,0,0,2,0.075,0.061249999999999985,0.04375529329920672,1.5940629619638425,0.6225024604374223,-0.708426659864375,-43.86674101176009,114.89007898204389,0.075,0.061249999999999985,506,0,2,27.066974840126537,0.7327266503299624,RNG-c2510e3dad79,balanced,final,30401,NTSC,30,3,1000000.0,,True,0.9985257100377489,-48.45319170795609,10.13200826738429,20.643476160106676,12.130996265367347
0.7018747635172407,55.50712721557076,True,220.63425345043916,610,8,0,2.025,2.025,1000000.0,35.81738261779301,14.098206142233682,-29.254114528409424,-91.00189141851955,152.0637670475229,1000000.0,1000000.0,610,610,2,5.542448183217874,0.11674627913676176,OVP56,balanced,final,30402,PAL,0,3,1000000.0,,False,,,,,
1.1559689342722053,63.31137275816626,True,166.03387703889587,544,5,0,2.025,2.025,3.4350783480985934,31.896262753270243,5.055400412084283,-34.06519075326823,-72.76588660178747,138.28649373438463,1.88125,1.7225000000000001,610,51,2,6.044053472688223,0.1180703379975687,RANGE32,balanced,final,30402,PAL,0,3,1000000.0,,False,,,,,
-6.82231105616184,-78.44295454917442,False,640.6066499372648,610,8,4,2.025,2.025,1000000.0,90.84020463949741,19.444361866631322,-149.20932794049494,-77.87096994966508,138.0144248266513,1000000.0,1000000.0,610,610,2,-6.7119694451396406,-0.10000224556521481,PLL96-rejected-board,balanced,final,30402,PAL,0,3,1000000.0,,False,,,,,
2.6612217437941883,85.34344705334993,True,114.78230865746549,383,2,0,2.025,2.025,3.270215003237689,11.79699050442472,3.739776299350755,-11.162745724457386,-76.95620341480314,137.9632631734245,1.875,1.63125,610,10,2,5.587304510305946,0.1050389270135143,PLL96-IQ-corrected,balanced,final,30402,PAL,0,3,1000000.0,,False,,,,,
5.873489797155651,92.53196394175288,True,40.28544542032622,497,6,0,2.025,2.025,3.4538086582478202,5.078623900064643,1.4754894745473046,-6.826190979497841,-79.54798169468528,139.4028163241989,1.8099999999999998,0.8799999999999999,610,33,2,13.58939362794094,0.25948997034924065,floating-PLL-IQ40,balanced,final,30402,PAL,0,3,1000000.0,,False,,,,,
0.8299600012431343,32.016177702231595,True,221.5,610,8,0,2.025,2.025,1000000.0,52.765527764896824,27.05602630492869,-40.76088479894438,-84.11924624734165,137.19418236632595,1000000.0,1000000.0,610,610,2,2.8397168151056897,0.07271458067156593,HC50,balanced,final,30402,PAL,0,3,1000000.0,,False,,,,,
0.1569714171570824,69.92728726331778,True,197.72271016311166,451,4,0,2.025,2.025,3.340748042621103,17.56163990285779,2.8709722776735487,-30.201362223523503,-85.54968622452242,129.9659057747759,1.875,1.56375,610,17,2,3.8142409869346667,0.08520195007261674,PLL96-board-fixed,balanced,final,30402,PAL,0,3,1000000.0,,False,,,,,
0.3738603106787253,70.38994235395124,True,198.53387703889587,492,4,0,2.025,2.025,3.4283951068210583,29.77447032169934,5.78009329356001,-22.866146081543942,-83.6674815128626,152.0865552758363,1.8537499999999998,1.6949999999999998,610,21,2,6.594909904596282,0.11767705566487018,RNG-c2510e3dad79,balanced,final,30402,PAL,0,3,1000000.0,,False,,,,,
2.7070700806114134,68.97584249057996,True,134.73964868255962,609,8,0,2.025,2.025,3.7,26.186391584192886,9.377589323568177,-20.772046782931042,-86.88143629480936,145.98161654256864,0.525,1000000.0,610,412,2,8.505224925895233,0.17295427316077905,OVP56,balanced,final,30402,PAL,2,3,1000000.0,,False,,,,,
3.259416556568449,77.44528706752311,True,90.5771643663739,360,5,0,2.025,2.025,3.23735810499858,20.06138687821497,2.946612631063675,-22.186805552750723,-71.37445136311676,128.3361303147754,1.8887499999999995,1.725,610,9,2,9.368137864337898,0.1721170801177302,RANGE32,balanced,final,30402,PAL,2,3,1000000.0,,False,,,,,
-6.779585547102736,-82.09271578793215,False,622.9510664993726,610,8,15,2.025,2.025,1000000.0,90.06001258346699,20.43732891476541,-153.83025285445484,-75.36979023747911,136.0452788078307,1000000.0,1000000.0,610,610,2,-6.747922567121543,-0.1647953413642446,PLL96-rejected-board,balanced,final,30402,PAL,2,3,1000000.0,,False,,,,,
5.563716325243022,89.79722927810376,True,48.42346298619824,401,3,0,2.025,2.025,3.3374291025209906,10.818331593670756,1.769195522873646,-6.604696870739333,-75.59614267751337,136.5842718044397,1.85,1.7850000000000001,610,13,2,9.70071121383944,0.16466511423560232,PLL96-IQ-corrected,balanced,final,30402,PAL,2,3,1000000.0,,False,,,,,
8.146238388959336,94.3301984339866,True,11.56210790464241,379,4,0,2.025,2.025,3.3433949876271045,3.9304124690363897,1.5481008345753984,-4.250079850150496,-78.01686932572774,136.95194259830805,1.8125,1.7537499999999997,610,9,2,18.993988988610862,0.3605703060044826,floating-PLL-IQ40,balanced,final,30402,PAL,2,3,1000000.0,,False,,,,,
2.123944318634258,38.222408165538944,True,164.54015056461733,610,8,0,2.025,2.025,1000000.0,50.81092995497433,27.202664221149742,-33.97280467540393,-78.86897049522187,132.30466083673184,1000000.0,1000000.0,610,610,2,3.658758317317149,0.11324877874852962,HC50,balanced,final,30402,PAL,2,3,1000000.0,,False,,,,,
2.7436332554579423,81.62275613390341,True,102.469887076537,289,4,0,2.025,2.025,3.1877302005934727,9.976220130474063,0.38529791688829784,-21.29017716738742,-82.08136923988215,127.62132481073989,1.825,1.75125,610,12,2,7.0408723610856665,0.13606795286406612,PLL96-board-fixed,balanced,final,30402,PAL,2,3,1000000.0,,False,,,,,
2.581133219615857,84.09225974477565,True,113.35006273525721,273,4,0,2.025,2.025,3.153909895052926,17.253602247007578,2.7057046855985036,-12.347787020283612,-82.40395383137027,150.92332624049868,1.85,1.66875,610,7,2,10.32116338114363,0.17470178576442127,RNG-c2510e3dad79,balanced,final,30402,PAL,2,3,1000000.0,,False,,,,,
5.034537211492106,80.84132690914083,True,65.16750313676286,605,8,0,2.025,2.025,3.490791457535096,17.036636349871387,5.049969715879082,-13.519806892912964,-86.77961100072596,143.42537168225368,1.6849999999999998,1000000.0,610,163,2,12.449369799305082,0.2500367374525441,OVP56,balanced,final,30402,PAL,4,3,1000000.0,,False,,,,,
5.843466792500597,88.78497663486958,True,39.0633626097867,102,2,0,2.025,2.025,2.891092415390886,9.354287246003983,1.6806221681633111,-11.415977610000123,-69.11194839432275,128.45617926604226,1.7662499999999994,1.4,610,3,2,13.968100811732748,0.25107619512126567,RANGE32,balanced,final,30402,PAL,4,3,1000000.0,,False,,,,,
-6.8118995177861,-84.41944795944083,False,615.9567126725219,610,8,39,2.025,2.025,1000000.0,88.87243023800588,21.46592920469653,-156.92724772075448,-74.4459620918816,135.47935265297752,1000000.0,1000000.0,610,610,2,-6.826319289079037,-0.24406076859218584,PLL96-rejected-board,balanced,final,30402,PAL,4,3,1000000.0,,False,,,,,
7.951943409854386,93.1316062474475,True,17.63237139272271,408,6,0,2.025,2.025,3.4184397315178456,10.767936672220193,0.10238950919110798,-3.85710666974043,-74.25324292747808,134.49414551050054,1.8,0.96875,610,17,2,13.156868926685517,0.23995797315018,PLL96-IQ-corrected,balanced,final,30402,PAL,4,3,1000000.0,,False,,,,,
10.122530244503023,96.01880619212503,True,2.1781681304893348,166,2,0,2.025,2.025,3.176327797477305,2.559186292338031,1.2557307820173038,-2.344108765186301,-77.46575581182469,136.53030956837569,1.75,1.1125,610,6,2,23.64796072032101,0.4629290385770092,floating-PLL-IQ40,balanced,final,30402,PAL,4,3,1000000.0,,False,,,,,
3.264584956725824,42.71885339851798,True,122.34504391468005,610,8,0,2.025,2.025,1000000.0,49.313588270706894,27.1246120545343,-28.798229585436168,-74.64188993774408,123.37447706732962,1000000.0,1000000.0,610,610,2,4.274228387799974,0.1768815563039699,HC50,balanced,final,30402,PAL,4,3,1000000.0,,False,,,,,
5.824543475267474,91.12491479566276,True,40.29046424090338,95,0,0,2.025,0.8325,2.81678093829977,3.3330929836763947,-2.00474581526156,-14.072457065262775,-82.0915604903922,127.83835034189988,1.575,0.8324999999999999,610,3,2,11.034788987453418,0.21450075988518927,PLL96-board-fixed,balanced,final,30402,PAL,4,3,1000000.0,,False,,,,,
5.1799519419241955,93.84218923853828,True,52.42158092848181,51,0,0,2.025,1.3699999999999999,2.7212224148582584,6.868493243274846,0.9895602444030679,-4.919174601014663,-80.77345931463103,150.43311704872556,1.5525000000000007,1.3699999999999999,610,4,2,15.566248236110372,0.25421262308606113,RNG-c2510e3dad79,balanced,final,30402,PAL,4,3,1000000.0,,False,,,,,
7.41166030664314,88.00042097213705,True,22.514429109159348,561,6,0,2.025,2.025,3.5134853182605803,10.826736510738293,2.735213660745065,-9.090864435964425,-84.8687040440567,140.46069922879093,1.9699999999999995,0.9974999999999999,610,36,2,16.58577632499178,0.336496389806466,OVP56,balanced,final,30402,PAL,6,3,1000000.0,,False,,,,,
8.531269174104207,93.88160699604224,True,12.440401505646173,5,0,2,1.15,1.1087499999999997,2.0515691434639054,3.5765013042786675,1.7168191927385448,-5.435333863063658,-63.27007940391561,127.10675622439493,1.075,1.1087499999999997,610,1,2,19.13705485868236,0.3431011739532594,RANGE32,balanced,final,30402,PAL,6,3,1000000.0,,False,,,,,
-6.773606644454068,-84.25595496289813,False,611.1888331242158,610,8,53,2.025,2.025,1000000.0,86.97397395761551,22.33059285418233,-157.32775513971916,-73.50950323859261,132.69326274247103,1000000.0,1000000.0,610,610,2,-6.8074441017327345,-0.3021847125440449,PLL96-rejected-board,balanced,final,30402,PAL,6,3,1000000.0,,False,,,,,
9.15219353270113,94.2280228027139,True,7.914680050188206,467,7,0,2.025,2.025,3.4734287336624847,12.155615642233158,-0.6697243906138939,-2.823337807149766,-72.2574221959158,133.95163035011376,1.875,1.0,610,17,2,14.229785676465985,0.2940630305681723,PLL96-IQ-corrected,balanced,final,30402,PAL,6,3,1000000.0,,False,,,,,
11.998149998282619,96.10016848900835,True,0.22082810539523212,33,0,0,2.025,1.107499999999999,2.7274953594598865,2.2685498049535653,1.423142688470141,-1.8120310077625001,-73.05723424010297,132.78428548103804,1.5299999999999983,1.1074999999999993,610,3,2,25.97508624359774,0.5555603898844805,floating-PLL-IQ40,balanced,final,30402,PAL,6,3,1000000.0,,False,,,,,
3.9251997997411188,44.35433458520639,True,99.97490589711418,610,8,0,2.025,2.025,1000000.0,49.0445144559643,27.10171495749067,-26.424734804384777,-65.35378118042483,121.22694720050416,1000000.0,1000000.0,610,610,2,4.515384523866359,0.25885902386791226,HC50,balanced,final,30402,PAL,6,3,1000000.0,,False,,,,,
8.758533994463162,95.95788119944082,True,12.712045169385195,21,0,0,1.6887499999999989,0.6674999999999998,2.3017121496907373,0.5775789461782032,-2.53432587514074,-9.756023153710334,-80.9067278430967,123.12328441139539,1.2900000000000005,0.6674999999999998,610,2,2,14.880939352354215,0.3113115721514187,PLL96-board-fixed,balanced,final,30402,PAL,6,3,1000000.0,,False,,,,,
7.69183353318838,97.01853645872184,True,18.08720200752823,2,0,2,1.05,0.28624999999999984,1.7582921494719634,2.4332206125268994,0.8394600830850021,-2.3596692067162124,-73.46939072913567,147.03048639664016,1.0324999999999989,0.2862499999999998,610,1,2,21.40175107054969,0.34143958446213335,RNG-c2510e3dad79,balanced,final,30402,PAL,6,3,1000000.0,,False,,,,,
9.439678658919435,91.62315164566178,True,5.462358845671267,404,5,0,2.025,2.025,3.3994493771728918,7.409552405928778,2.0023146381885013,-6.40659292769357,-72.99763920101752,141.8828377875056,1.9,1.8724999999999998,610,14,2,20.028639379833866,0.41985220890824404,OVP56,balanced,final,30402,PAL,8,3,1000000.0,,False,,,,,
10.65064923765716,95.23092126992634,True,3.640526976160602,0,0,2,0.3887499999999989,0.08249999999999998,1.0399075857427167,1.9712382532131818,2.1228247907308626,-3.026185959700583,-59.99455183072226,126.63244319186576,0.3887499999999989,0.08249999999999998,610,0,2,22.95507037791595,0.43116359844502766,RANGE32,balanced,final,30402,PAL,8,3,1000000.0,,False,,,,,
-6.719286521039699,-83.41083047453392,False,609.3626097867001,610,8,56,2.025,2.025,1000000.0,85.48935527893359,23.032160012471905,-156.69632694504938,-70.28024737076531,127.0442839097566,1000000.0,1000000.0,610,610,2,-6.759837474226832,-0.32816238304327244,PLL96-rejected-board,balanced,final,30402,PAL,8,3,1000000.0,,False,,,,,
9.449671404145803,94.64653368011307,True,6.183814303638645,507,8,0,2.025,2.025,3.5491443998341046,13.919863275363813,-0.947396865631623,-2.5192996902254268,-69.49522017271912,127.716898478689,1.8449999999999995,1000000.0,610,28,2,13.816566591763479,0.32230837887731445,PLL96-IQ-corrected,balanced,final,30402,PAL,8,3,1000000.0,,False,,,,,
13.754652479132625,95.80422198871403,True,0.014429109159347553,5,0,1,1.038749999999999,0.7087499999999995,2.014459097262949,2.392739913072587,1.7864454424127205,-1.6662835275193588,-68.57864376412253,131.6183260795102,0.975,0.7087499999999995,610,1,2,26.482192919737603,0.6397937158267067,floating-PLL-IQ40,balanced,final,30402,PAL,8,3,1000000.0,,False,,,,,
4.160842393657679,44.54567125850394,True,91.75094102885822,610,8,0,2.025,2.025,1000000.0,49.23199248609757,27.24397190977482,-25.76618246638381,-49.02313274035848,108.02426713583812,1000000.0,1000000.0,610,610,2,4.540028975247541,0.33742052791168914,HC50,balanced,final,30402,PAL,8,3,1000000.0,,False,,,,,
10.46756153325063,97.87226486368877,True,5.351944792973651,11,0,0,1.3,0.6674999999999998,2.180962984761892,0.5572850488516914,-2.4328105408982803,-7.237989008548838,-79.46061601116311,115.39982141514567,1.1025000000000005,0.6674999999999998,610,1,2,16.99209962726948,0.37973737219636017,PLL96-board-fixed,balanced,final,30402,PAL,8,3,1000000.0,,False,,,,,
9.641122873069124,97.2756128069753,True,4.959849435382686,0,0,2,0.2,0.075,0.8843157491882044,1.8187404224216595,1.1056038799965258,-1.8928169878486987,-66.00628342827197,145.33316078312703,0.2,0.075,610,0,2,25.332229762289664,0.42177270063891575,RNG-c2510e3dad79,balanced,final,30402,PAL,8,3,1000000.0,,False,,,,,
11.04340074237964,93.78133662058302,True,1.4554579673776664,179,2,0,2.025,2.025,3.1273594341172894,4.991532926255087,1.6855118658076158,-4.6566186734850525,-70.4155260682856,131.2666843991949,1.775,1.975,610,4,2,22.644912726171498,0.49258712771835167,OVP56,balanced,final,30402,PAL,10,3,1000000.0,,False,,,,,
12.087043866494165,95.53827364357372,True,1.784818067754078,0,0,2,0.1,0.06624999999999999,0.3324261905012112,1.5785642914033537,2.2712211243924187,-2.3529989319594895,-53.407544470377374,114.44527787182567,0.1,0.06624999999999999,610,0,2,24.131238123364362,0.5021867078254221,RANGE32,balanced,final,30402,PAL,10,3,1000000.0,,True,,,,,
-6.698096467420209,-82.91212904288832,False,608.8789209535759,610,8,57,2.025,2.025,1000000.0,84.482114337787,23.31681824211564,-156.36048968501592,-69.57581142342002,82.1696104925848,1000000.0,1000000.0,610,610,2,-6.741157048326169,-0.3417726445581003,PLL96-rejected-board,balanced,final,30402,PAL,10,3,1000000.0,,False,,,,,
9.421416464228756,95.1511558883798,True,5.99435382685069,541,7,0,2.025,2.025,3.5945031504438445,15.18986336114918,-1.1489608425732787,-2.2830984204884652,-56.711330902188735,124.03133257414022,1.7799999999999998,0.05,610,26,2,13.196882558501851,0.33891447147352116,PLL96-IQ-corrected,balanced,final,30402,PAL,10,3,1000000.0,,False,,,,,
15.376460325021393,95.82210847034946,True,0.0012547051442910917,0,0,2,0.05,0.025,1.1314337886207866,2.263649437717583,1.8952668703821147,-1.5149183672440705,-61.98692448037131,123.02572067320763,0.05,0.025,610,0,2,26.953040177477384,0.7147273315595994,floating-PLL-IQ40,balanced,final,30402,PAL,10,3,1000000.0,,False,,,,,
4.247281680382679,44.48181327790151,True,89.42722710163112,610,8,0,2.025,2.025,1000000.0,49.26012653678441,27.25006830577678,-25.706805011761546,-20.357850432189515,98.05573204902628,1000000.0,1000000.0,610,610,2,4.535139940690318,0.3959210273152675,HC50,balanced,final,30402,PAL,10,3,1000000.0,,False,,,,,
11.20929486281059,98.70029285437079,True,4.15495608531995,8,0,0,1.175,1.1699999999999995,2.1959113320152728,1.4659546417452682,-2.261440525122739,-5.655963835812011,-63.6051977541556,112.85270823658196,1.075,1.1699999999999995,610,1,2,17.555484743021317,0.41834897887042943,PLL96-board-fixed,balanced,final,30402,PAL,10,3,1000000.0,,False,,,,,
11.083399940159078,97.2867790766379,True,1.5457967377666249,0,0,2,0.1,0.08249999999999998,0.21156375235723962,1.857717613131651,1.1140865644406612,-1.7023560258584676,-60.033451579704334,131.79787574307875,0.1,0.08249999999999998,610,0,2,26.327742672300705,0.49034226232345174,RNG-c2510e3dad79,balanced,final,30402,PAL,10,3,1000000.0,,True,,,,,
12.3545481866032,95.38786223997282,True,0.7264742785445419,35,0,0,2.025,0.5212499999999999,2.6582292242573162,3.078475974186489,1.4187834844010785,-3.3037205422610194,-65.83547192095573,130.7101724492999,1.5,0.5212499999999999,610,2,2,24.874582998822913,0.5549125722742482,OVP56,balanced,final,30402,PAL,12,3,1000000.0,,False,,,,,
13.187692497791595,95.807189279655,True,1.368883312421581,0,0,2,0.1,0.06624999999999999,0.044133274313598626,1.3354937236831896,2.2024599342766615,-2.129677908709039,-51.701395765474636,112.5162844425835,0.1,0.06624999999999999,610,0,2,24.56750066515539,0.5612658041683173,RANGE32,balanced,final,30402,PAL,12,3,1000000.0,,True,,,,,
-6.698820070910612,-82.71843586953962,False,609.2678795483062,610,8,58,2.025,2.025,1000000.0,83.81572747006796,23.330012719193352,-156.3450660746687,-69.33035771087822,82.2628754007834,1000000.0,1000000.0,610,610,2,-6.743108715238794,-0.35016035626189246,PLL96-rejected-board,balanced,final,30402,PAL,12,3,1000000.0,,False,,,,,
9.323068442827404,95.98937479633486,True,6.0483061480552065,540,8,0,2.025,2.025,3.6191048123613583,15.588462110814845,-1.293982806872592,-1.9920783282252654,-54.84647341109491,123.1194395666351,1.8275,1000000.0,610,40,2,12.709895513820804,0.34885323163538756,PLL96-IQ-corrected,balanced,final,30402,PAL,12,3,1000000.0,,False,,,,,
16.865209691318785,96.09942110961346,True,0.0,0,0,2,0.05,0.025,0.35285428655605644,1.9550287599957548,1.836219308833437,-1.2971403880464385,-59.90389493880769,122.38268368107404,0.05,0.025,610,0,2,27.712660300016033,0.7775406906741325,floating-PLL-IQ40,balanced,final,30402,PAL,12,3,1000000.0,,True,,,,,
4.30785723362249,44.535428408488016,True,88.9560853199498,610,8,0,2.025,2.025,1000000.0,49.15485480935647,27.207083822368396,-25.64553010325314,-7.86189215132368,94.16604558092439,1000000.0,1000000.0,610,610,2,4.546407748026416,0.4440235124109643,HC50,balanced,final,30402,PAL,12,3,1000000.0,,False,,,,,
11.565192675346228,98.99847674799842,True,3.964240903387704,5,0,0,1.0524999999999978,0.1962499999999999,1.9486361515787571,2.545606874144811,-2.073797027298734,-4.467125229565894,-61.75215803087799,112.3974530454438,1.025,0.19624999999999987,610,1,2,17.65556757750348,0.4398068825278071,PLL96-board-fixed,balanced,final,30402,PAL,12,3,1000000.0,,False,,,,,
12.2556776863043,97.54193739377465,True,0.7195734002509411,0,0,2,0.08874999999999886,0.08249999999999998,0.14461650813869592,1.7168158374509965,0.9406995517676424,-1.4020684507091696,-51.327232956697166,126.78466206482278,0.08874999999999886,0.08249999999999998,610,0,2,26.784634306268828,0.5495645176725014,RNG-c2510e3dad79,balanced,final,30402,PAL,12,3,1000000.0,,True,,,,,
13.438436202981876,96.38772691666031,True,0.535759096612296,3,0,0,1.025,0.5137499999999999,1.9249446385843147,1.7850854131386984,1.2669759750273604,-2.439468346762113,-65.04027146570569,125.88474672368218,1.025,0.5137499999999999,610,2,2,26.417022660048602,0.6074541268364247,OVP56,balanced,final,30402,PAL,14,3,1000000.0,,False,,,,,
14.070144515778942,95.84416052197817,True,1.2189460476787954,0,0,2,0.075,0.06624999999999999,0.04275358291955209,1.3009270471604637,2.1327270411375947,-2.216826733965419,-51.00237722109736,110.03430601400919,0.075,0.06624999999999999,610,0,2,24.813242522393605,0.6099441729920667,RANGE32,balanced,final,30402,PAL,14,3,1000000.0,,True,,,,,
-6.699205300764797,-82.57125790508697,False,609.5853199498118,610,8,58,2.025,2.025,1000000.0,83.39318069890737,23.24791682325851,-156.29470592027678,-69.1748754411112,78.18290621492707,1000000.0,1000000.0,610,610,2,-6.744289454836344,-0.35676074607072505,PLL96-rejected-board,balanced,final,30402,PAL,14,3,1000000.0,,False,,,,,
9.212000573356105,96.60731568904008,True,6.0959849435382685,562,7,0,2.025,2.025,3.641687523777038,15.888596889598375,-1.2973849557399113,-1.8223010183957928,-55.00385409343072,121.68544197381505,1.7825,0.05,610,55,2,12.312486985640934,0.3568667941613437,PLL96-IQ-corrected,balanced,final,30402,PAL,14,3,1000000.0,,False,,,,,
18.163445996244718,96.2458774641144,True,0.0,0,0,2,0.025,0.025,0.025040950068395344,1.7848116547087203,1.7988629377242842,-1.1905918524111256,-57.274806794536424,119.5301189986622,0.025,0.025,610,0,2,28.18559334097218,0.8263476502215772,floating-PLL-IQ40,balanced,final,30402,PAL,14,3,1000000.0,,True,,,,,
4.343079587029191,44.54404114688675,True,88.92659974905898,610,8,0,2.025,2.025,1000000.0,49.08053603601851,27.17987626559897,-25.631453870841952,-5.03243242020222,90.53990997752473,1000000.0,1000000.0,610,610,2,4.5513599670720595,0.48299905969620543,HC50,balanced,final,30402,PAL,14,3,1000000.0,,False,,,,,
11.804833945566799,98.87296304392261,True,3.8958594730238394,6,0,0,1.125,0.1962499999999999,2.062338695277702,3.6468039994284203,-1.8219391680929524,-3.6641244150205643,-59.98718018366801,112.27171480946888,1.025,0.19624999999999987,610,1,2,17.68786369813844,0.45589354204645477,PLL96-board-fixed,balanced,final,30402,PAL,14,3,1000000.0,,False,,,,,
13.231594970813418,97.69901255252795,True,0.4560853199498118,0,0,2,0.075,0.06624999999999999,0.04629732846451099,1.6667881303577505,0.7993959533057714,-1.1505921018628067,-49.25388995390817,121.62638723759775,0.075,0.06624999999999999,610,0,2,26.97919560297081,0.5998787632424225,RNG-c2510e3dad79,balanced,final,30402,PAL,14,3,1000000.0,,True,,,,,
14.850218155883896,97.28337114117998,True,0.38833124215809284,0,0,2,0.05,0.04124999999999999,0.5359676020915847,0.6072686933785826,1.1422894557407401,-1.5688069608148747,-62.43853204887812,124.10394682512839,0.05,0.04124999999999999,610,0,2,27.80003323475059,0.6744089160251,OVP56,balanced,final,30402,PAL,18,3,1000000.0,,False,,,,,
15.205123136957239,95.74517894768238,True,1.040150564617315,0,0,2,0.075,0.06624999999999999,0.04080390932733581,1.3543843660718804,2.0301518215368914,-2.626841041538074,-51.05832828467147,108.24096948382098,0.075,0.06624999999999999,610,0,2,25.08351088659923,0.6724770524618202,RANGE32,balanced,final,30402,PAL,18,3,1000000.0,,True,,,,,
-6.705548880455613,-82.61874762716062,False,610.5376411543288,610,8,58,2.025,2.025,1000000.0,83.54050453373793,23.04749826828271,-156.23698894022175,-68.02798025857679,75.81292905568404,1000000.0,1000000.0,610,610,2,-6.751070008759256,-0.3615321079363695,PLL96-rejected-board,balanced,final,30402,PAL,18,3,1000000.0,,False,,,,,
9.051124022779586,97.71188249243205,True,6.2390213299874535,583,8,0,2.025,2.025,3.679724224771521,15.524376639760227,-1.1975631474444928,-1.6133798113954112,-55.32510506569235,118.16402854148947,1.7899999999999998,1000000.0,610,68,2,11.889996115844037,0.3630719573376511,PLL96-IQ-corrected,balanced,final,30402,PAL,18,3,1000000.0,,False,,,,,
20.025198198545738,96.41094021184917,True,0.0,0,0,2,0.025,0.025,0.020719635100274438,1.6342242247012686,1.7504003690837489,-1.072612761287607,-52.10181910326834,116.39428456747586,0.025,0.025,610,0,2,28.73841436901307,0.8850175126210735,floating-PLL-IQ40,balanced,final,30402,PAL,18,3,1000000.0,,True,,,,,
4.3762551520475785,44.545435863661936,True,88.86260978670013,610,8,0,2.025,2.025,1000000.0,49.00241671424196,27.171888153374223,-25.60263747573635,-0.8817347519558325,86.73279467922717,1000000.0,1000000.0,610,610,2,4.553669123882761,0.5353206910604112,HC50,balanced,final,30402,PAL,18,3,1000000.0,,False,,,,,
11.9936014599027,98.2139772476032,True,3.7779171894604766,18,0,0,1.775,0.06624999999999999,2.4340769884029907,5.010462986933159,-1.238462781661517,-2.8662655144629086,-61.30308834911307,111.81067549116219,1.5974999999999966,0.06624999999999999,610,1,2,17.558798317625325,0.472721350571197,PLL96-board-fixed,balanced,final,30402,PAL,18,3,1000000.0,,False,,,,,
14.488616879111358,97.84244733350741,True,0.29234629861982436,0,0,2,0.075,0.06624999999999999,0.04431861171406766,1.6503210393732513,0.6595641924665855,-0.7798241732534644,-46.49742979319514,119.1613716755663,0.075,0.06624999999999999,610,0,2,27.006342650212424,0.6634315058254028,RNG-c2510e3dad79,balanced,final,30402,PAL,18,3,1000000.0,,True,,,,,
15.528785075999448,97.56855019671094,True,0.3481806775407779,0,0,2,0.05,0.04124999999999999,0.023148664232255495,0.26252944732060524,1.076243265511266,-1.2805855756589548,-62.51102662648812,124.14974352375167,0.05,0.04124999999999999,610,0,2,28.166522345700923,0.705815004944237,OVP56,balanced,final,30402,PAL,22,3,1000000.0,,True,0.814522850381475,-60.08705366144221,16.872257554616883,25.40279286653603,12.065027944201736
15.749831522976214,95.70905145082577,True,0.9918444165621079,0,0,2,0.05,0.05,0.03996668694767895,1.3401107139931765,1.9573292977091687,-2.8561049107091256,-49.581882586144786,107.52772930736957,0.05,0.05,610,0,2,25.198640899284676,0.7019574173676982,RANGE32,balanced,final,30402,PAL,22,3,1000000.0,,True,0.7804779921065429,-61.1988380091024,16.466547236979295,24.159183290452955,11.944840305996369
-6.7140665608946595,-82.8630521671114,False,611.4717691342535,610,8,58,2.025,2.025,1000000.0,84.21266207935528,22.900524051176223,-156.25757439006185,-68.07440711943902,70.16086943010627,1000000.0,1000000.0,610,610,2,-6.759118907146394,-0.3642975870161004,PLL96-rejected-board,balanced,final,30402,PAL,22,3,1000000.0,contrast;waveform;detail_floor;sync;h_jitter_us;v_jitter_us;h_width_rmse_us;sync_error_ire;black_error_ire;white_error_ire,False,0.32426786729353985,65.08710113546572,28.253960190803962,33.24490839147066,28.776146913563693
8.968673447208186,98.45684526180182,True,6.286700125470515,605,8,0,2.025,2.025,3.675,14.79002059098964,-1.119945729914252,-1.555244670154467,-51.88279187490025,110.95134344866808,1.46,1000000.0,610,160,2,11.712992655164214,0.3657274334570234,PLL96-IQ-corrected,balanced,final,30402,PAL,22,3,1000000.0,waveform;detail_floor;sync;h_jitter_us;v_jitter_us;h_width_rmse_us;sync_error_ire,False,0.3753318654632628,-112.83240415778651,28.986850276363043,35.47232566116349,16.904193420454448
21.00519584773926,96.47541029536939,True,0.0,0,0,2,0.025,0.025,0.019938429817981086,1.6027142852294307,1.7315527224917369,-1.0075482046427815,-49.30486009633498,115.09831872051144,0.025,0.025,610,0,2,28.970177434927468,0.9104825586340635,floating-PLL-IQ40,balanced,final,30402,PAL,22,3,1000000.0,,True,0.4847634096313015,13.412124783156232,10.827129248388555,19.099146629574403,7.038124906186729
4.389219448233607,44.544542314532144,True,88.82685069008784,610,8,0,2.025,2.025,1000000.0,48.96278766586543,27.179568532937925,-25.56899998315825,0.7648473660563013,85.17776527849237,1000000.0,1000000.0,610,610,2,4.554716519581589,0.5604610594281271,HC50,balanced,final,30402,PAL,22,3,1000000.0,contrast;waveform;sync;h_jitter_us;v_jitter_us;h_width_rmse_us;sync_error_ire;black_error_ire;white_error_ire,False,0.4051299079388025,98.83160087146464,15.15750071855012,23.417968817446646,30.74225781565213
11.998629772967993,97.6014118437212,True,3.6813048933500627,0,0,2,0.275,0.075,0.11614098978481595,5.591650830655384,-0.8371923304475181,-2.646305061587748,-59.9086546957318,111.7051671768457,0.275,0.075,610,0,2,17.262655180565357,0.47881272638810984,PLL96-board-fixed,balanced,final,30402,PAL,22,3,1000000.0,waveform,True,0.42649219871648764,-99.31521388122368,26.67376839910735,34.92491731646207,15.42674674349301
15.083973007474585,97.85318182997123,True,0.22584692597239647,0,0,2,0.075,0.06624999999999999,0.04066556927660258,1.6363014395480862,0.6423745334146843,-0.6570088530837003,-46.220633724567094,115.77768008398603,0.075,0.06624999999999999,610,0,2,26.992495845413416,0.6923311347113915,RNG-c2510e3dad79,balanced,final,30402,PAL,22,3,1000000.0,,True,0.915810653544791,-60.739382255477445,16.095850397375198,25.00947527125909,12.773907995477252
15.974547822986818,97.64620274975714,True,0.3186951066499373,0,0,2,0.05,0.025,0.021184203827457823,0.1252477867066098,1.0899437433155226,-1.2096562302720473,-56.34081242887631,124.34099223659658,0.05,0.025,610,0,2,28.30300660838813,0.7258008954415645,OVP56,balanced,final,30402,PAL,30,3,1000000.0,,True,0.8015889356523836,-59.84092037233537,16.085679409910984,27.322299986255587,11.923497520132319
16.104378038157172,95.7568248188298,True,0.9027603513174404,0,0,2,0.05,0.05,0.03888823835001032,1.2344591496827677,1.8839586322145594,-2.956065858753521,-43.98924947152813,103.82238696753078,0.05,0.05,610,0,2,25.339014257992538,0.7205582779747217,RANGE32,balanced,final,30402,PAL,30,3,1000000.0,,True,0.779124093940787,-60.64469424344453,15.793249244370822,25.24314558099756,11.785091210329403
-6.722879113530724,-83.1801862741889,False,612.1398996235885,610,8,58,2.025,2.025,1000000.0,85.0142796485488,22.810327330163457,-156.28699538645,-68.0199374321805,67.00249467501195,1000000.0,1000000.0,610,610,2,-6.767651701392183,-0.3642190710582242,PLL96-rejected-board,balanced,final,30402,PAL,30,3,1000000.0,contrast;waveform;detail_floor;sync;h_jitter_us;v_jitter_us;h_width_rmse_us;sync_error_ire;black_error_ire;white_error_ire,False,0.3258877885209873,65.88640122794386,22.65440948345817,32.092935503508805,28.732731440099606
8.920367869443226,99.1189121146322,True,6.331242158092848,610,8,0,2.025,2.025,1000000.0,14.051555449479325,-1.1436772175580099,-1.517628044750391,-41.80608485272025,107.19016896749756,1000000.0,1000000.0,610,610,2,11.608855835688153,0.3674364456852327,PLL96-IQ-corrected,balanced,final,30402,PAL,30,3,1000000.0,waveform;detail_floor;sync;h_jitter_us;v_jitter_us;h_width_rmse_us;sync_error_ire,False,0.3757293118695421,-112.19441919353002,22.580336636119387,33.28395127480125,16.91251849231825
21.704066470114014,96.49450524668401,True,0.0,0,0,2,0.025,0.025,0.020040941700985387,1.6020678328467652,1.7336051673891117,-0.9694008287329908,-45.63913381554647,111.94347937838666,0.025,0.025,610,0,2,29.079118128430007,0.926641328862964,floating-PLL-IQ40,balanced,final,30402,PAL,30,3,1000000.0,,True,0.48385955160545746,13.16935935174241,6.930263958646568,16.17245863371649,6.886894762171479
4.396872018396918,44.547574852206594,True,88.8030112923463,610,8,0,2.025,2.025,1000000.0,48.94576426258241,27.184067062032945,-25.52971049654255,1.6699170362739864,84.35457490539159,1000000.0,1000000.0,610,610,2,4.555625431999771,0.5764988549956288,HC50,balanced,final,30402,PAL,30,3,1000000.0,contrast;waveform;sync;h_jitter_us;v_jitter_us;h_width_rmse_us;sync_error_ire;black_error_ire;white_error_ire,False,0.405715662663897,99.29896652919248,15.049666462859404,23.920374549704405,30.758003265609315
11.908380818763593,97.10685605340294,True,3.5865746549560855,0,0,2,0.25,0.075,0.0909704059246652,5.709443549011889,-0.6671334593937204,-2.593972089599427,-57.33856109837701,111.52136082050444,0.25,0.075,610,0,2,16.787720866568428,0.482802336219827,PLL96-board-fixed,balanced,final,30402,PAL,30,3,1000000.0,waveform,True,0.4312244927378135,-99.31891386806112,24.252379969748805,31.41409110457389,15.397199667151007
15.486929635303401,97.84655732754422,True,0.1976160602258469,0,0,2,0.075,0.06624999999999999,0.039670776294437174,1.599529085230998,0.619773161236638,-0.6160737094526049,-43.40176957175211,115.53711684220195,0.075,0.06624999999999999,610,0,2,26.974609957230445,0.7110330049860283,RNG-c2510e3dad79,balanced,final,30402,PAL,30,3,1000000.0,,True,0.9297271100324919,-60.41371293942946,14.452194694360236,21.541583997607,12.613914531897088
0.7239061338333407,55.37310544581942,True,221.48723383117527,506,12,0,2.025,2.025,1000000.0,35.55082518450127,13.92807522683076,-29.687329676617544,-89.78198860922066,148.30337070610057,1000000.0,1000000.0,506,506,2,5.520667693928051,0.12259933584507046,OVP56,balanced,final,30402,NTSC,0,3,1000000.0,,False,,,,,
1.1703047239064548,63.157338275320214,True,166.8595917113982,451,10,0,2.025,2.025,3.4924252448562294,31.4140451203251,4.665996505355792,-34.8062652141211,-72.8604275713439,134.25282534433873,1.9075,0.74375,506,58,2,6.023760990113207,0.12027109064409827,RANGE32,balanced,final,30402,NTSC,0,3,1000000.0,,False,,,,,
-6.714909800476492,-77.60859101553467,False,636.4042785707189,504,12,1,2.025,2.025,3.376990153968471,90.53083390211604,19.417568379105276,-148.2872032097143,-77.53882744110793,138.08624239134033,1.4625,1000000.0,506,310,2,-6.602607896609617,-0.096920051642039,PLL96-rejected-board,balanced,final,30402,NTSC,0,3,1000000.0,,False,,,,,
2.60418113122828,84.52623634674559,True,116.94719824666508,312,9,0,2.025,2.025,3.308589161903914,12.31221526025706,3.5158990233120284,-11.921294378935192,-77.02703606272097,137.9366630952494,1.9,1.8125,506,9,2,5.48988117981449,0.09585617999536289,PLL96-IQ-corrected,balanced,final,30402,NTSC,0,3,1000000.0,,False,,,,,
5.856625842448793,92.31513602663514,True,41.101313495922234,408,9,0,2.025,2.025,3.423791310634384,4.782280182734382,1.3585486010938552,-7.4159983547818,-79.39889856540796,139.17050653385627,1.875,1.5625,506,22,2,13.360684923729405,0.26394643047639055,floating-PLL-IQ40,balanced,final,30402,NTSC,0,3,1000000.0,,False,,,,,
0.8272409936895792,31.92694465801397,True,224.71527876038257,506,12,0,2.025,2.025,1000000.0,52.70748879403081,27.035464258740024,-41.32798767233839,-79.80031091375014,141.25636902576903,1000000.0,1000000.0,506,506,2,2.8030858377458774,0.07558295527195942,HC50,balanced,final,30402,NTSC,0,3,1000000.0,,False,,,,,
0.17765893473886296,69.45155337586593,True,198.17968070277902,353,10,0,2.025,2.025,3.360178663939579,17.294133141179472,2.4960301352695726,-30.75052833397018,-84.97777874582535,130.90479010517728,1.8550000000000004,1.20875,506,13,2,3.827538022742234,0.07856991945389692,PLL96-board-fixed,balanced,final,30402,NTSC,0,3,1000000.0,,False,,,,,
0.39365667181452263,70.26953102303341,True,199.30637299912394,399,9,0,2.025,2.025,3.387324330721127,29.571019777562427,5.300928424347293,-23.364145672358475,-84.36167159528671,153.7191097018566,1.9349999999999994,1.4575,506,18,2,6.555183730833586,0.12231754342447969,RNG-c2510e3dad79,balanced,final,30402,NTSC,0,3,1000000.0,,False,,,,,
2.7185905006553424,68.71090563279604,True,135.8262560699889,506,12,0,2.025,2.025,1000000.0,26.187555724432375,9.273736273520793,-21.14317625483271,-84.956590844889,144.1140079421834,1000000.0,1000000.0,506,506,2,8.436536873685146,0.18313271324937241,OVP56,balanced,final,30402,NTSC,2,3,1000000.0,,False,,,,,
3.2694590302326105,77.26647447214263,True,91.83407743695189,299,7,0,2.025,2.025,3.3188171238333206,19.66650314287667,2.839125667649219,-22.883533371517967,-69.99565706667282,128.69961051254197,1.9,1.6800000000000002,506,7,2,9.335705806835726,0.17791347058581242,RANGE32,balanced,final,30402,NTSC,2,3,1000000.0,,False,,,,,
-6.679246669814707,-81.78409003208115,False,619.5091625597967,506,12,10,2.025,2.025,1000000.0,90.37570309028482,20.525343019178806,-153.14060673207203,-74.96705113789852,135.4371040926698,1000000.0,1000000.0,506,506,2,-6.648757608712518,-0.16014908729470062,PLL96-rejected-board,balanced,final,30402,NTSC,2,3,1000000.0,,False,,,,,
5.528440815965911,89.29336993362432,True,49.78971421002086,346,9,0,2.025,2.025,3.350174902150633,10.770035375731549,1.9996508427072963,-7.104249388629626,-76.3216453404269,135.49034961370245,1.925,1.9224999999999999,506,18,2,9.67173247772147,0.1600774372899888,PLL96-IQ-corrected,balanced,final,30402,NTSC,2,3,1000000.0,,False,,,,,
8.150441119333037,94.13601458440493,True,11.949561515743587,311,8,0,2.025,2.025,3.4006791365466382,3.9380552702108065,1.5126825491852416,-4.696154260528937,-77.88987853939355,137.78519164139428,1.8824999999999996,1.3149999999999997,506,11,2,18.618392288867433,0.36752515101122274,floating-PLL-IQ40,balanced,final,30402,NTSC,2,3,1000000.0,,False,,,,,
2.09278758839464,38.07422730257498,True,169.19426071825316,506,12,0,2.025,2.025,1000000.0,50.72518513367972,27.188830693094527,-34.49562616373417,-77.06882401302812,132.65911754028787,1000000.0,1000000.0,506,506,2,3.6000067175529464,0.11971005840861645,HC50,balanced,final,30402,NTSC,2,3,1000000.0,,False,,,,,
2.762337822891729,81.2419648939695,True,102.72919946894183,229,5,0,2.025,2.025,3.2004840140497075,9.585432294970062,0.5505042627076733,-21.86784604043424,-82.38323459212758,129.42759010849016,1.9,1.3074999999999997,506,6,2,7.0758978243459385,0.13075246366420445,PLL96-board-fixed,balanced,final,30402,NTSC,2,3,1000000.0,,False,,,,,
2.5883935119595285,83.8746293173796,True,114.03149620522207,207,6,0,2.025,2.025,3.2354420539210613,16.89332627677768,2.7861086805127053,-12.929686443880646,-83.18670447102936,149.52589741950905,1.9,1.70625,506,6,2,10.250246013741487,0.18178634887888287,RNG-c2510e3dad79,balanced,final,30402,NTSC,2,3,1000000.0,,False,,,,,
5.065877901892966,80.64288579415765,True,65.50093778129676,501,12,0,2.025,2.025,3.660157100453476,17.040267330334917,5.070421452030424,-13.760681420295892,-85.36196056028993,142.17098288185517,1.17,1000000.0,506,295,2,12.350241754891623,0.2620780902201715,OVP56,balanced,final,30402,NTSC,4,3,1000000.0,,False,,,,,
5.870104025743509,88.59102772611271,True,39.53583588977833,65,1,0,2.025,1.9012499999999999,2.8985951323868258,9.078174331929477,1.7212472276368598,-11.766191653879835,-67.42502769177418,128.22519532273913,1.725,1.5125,506,4,2,13.928532833691598,0.2587175797304572,RANGE32,balanced,final,30402,NTSC,4,3,1000000.0,,False,,,,,
-6.697732787088846,-83.89989247829851,False,612.0994861018705,506,12,34,2.025,2.025,1000000.0,88.83105469853002,21.396430915990802,-156.36679629458982,-73.82235248209965,134.3104977021763,1000000.0,1000000.0,506,506,2,-6.712906161493639,-0.2328927545451992,PLL96-rejected-board,balanced,final,30402,NTSC,4,3,1000000.0,,False,,,,,
7.879406005582677,92.60904375225316,True,18.4033934737647,345,10,0,2.025,2.025,3.4248492508874526,10.768128370721971,0.2812674904810999,-4.020266958198496,-74.42736951236733,134.67542113390994,1.9,1.39375,506,14,2,13.090908094027236,0.23134084421308673,PLL96-IQ-corrected,balanced,final,30402,NTSC,4,3,1000000.0,,False,,,,,
10.12477960204615,95.77799703631175,True,2.458853528496208,123,1,0,2.025,1.8187499999999996,3.1527788832526893,2.6381084578195493,1.2841280159602444,-2.6957673131158266,-77.05727033841461,135.5755938642745,1.7974999999999994,1.5375,506,6,2,23.051221298922812,0.4701684100922035,floating-PLL-IQ40,balanced,final,30402,NTSC,4,3,1000000.0,,False,,,,,
3.2398953705604123,42.71606820892545,True,126.8721757429245,506,12,0,2.025,2.025,1000000.0,49.31144579016895,27.12110369285122,-28.84155013093291,-67.45887397582797,131.67494605818592,1000000.0,1000000.0,506,506,2,4.217534543375054,0.18846820012734855,HC50,balanced,final,30402,NTSC,4,3,1000000.0,,False,,,,,
5.860286385503564,90.92860471144377,True,40.772412671939115,67,1,0,2.025,1.9425,2.844462710133393,3.138114730759746,-1.6753758393006108,-14.441625134240237,-82.19614374184604,126.61830123454888,1.7274999999999991,1.6625,506,3,2,11.057753804089224,0.21384401820019505,PLL96-board-fixed,balanced,final,30402,NTSC,4,3,1000000.0,,False,,,,,
5.202156266281319,93.64637674221187,True,52.57370539517773,31,1,0,2.025,1.6949999999999996,2.701386339991882,6.72685925571131,1.11518136504612,-4.994245866637352,-78.41323283145114,150.7621288163104,1.65,1.225,506,2,2,15.425640877732851,0.2647182405246774,RNG-c2510e3dad79,balanced,final,30402,NTSC,4,3,1000000.0,,False,,,,,
7.452102203467349,87.82370596500061,True,22.412671939114965,458,12,0,2.025,2.025,3.5001339260091178,10.912172335475153,2.7936182061353105,-9.369268903255358,-81.32014511688043,143.46341960735754,1.925,1000000.0,506,43,2,16.462428425800717,0.35264942248650305,OVP56,balanced,final,30402,NTSC,6,3,1000000.0,,False,,,,,
8.534823376368756,93.70590520704557,True,12.969379860130596,4,0,0,1.1375,0.9137499999999996,2.006670586476386,3.617410025000066,1.7268339760188895,-5.659754166762272,-68.19747966445077,125.72962359503171,1.0737499999999998,0.9137499999999996,506,1,2,19.045230609627872,0.35525304466377017,RANGE32,balanced,final,30402,NTSC,6,3,1000000.0,,False,,,,,
-6.660373419584731,-83.84097060697128,False,607.2736003275461,506,12,38,2.025,2.025,1000000.0,86.93192006056816,22.213662494228906,-157.02945310565877,-73.22856438117773,131.39816027042025,1000000.0,1000000.0,506,506,2,-6.6963070245592355,-0.2914411363702434,PLL96-rejected-board,balanced,final,30402,NTSC,6,3,1000000.0,,False,,,,,
9.056602372764495,93.56914044741178,True,8.40089473066259,384,10,0,2.025,2.025,3.5285994876526146,12.3021235335377,-0.5920744141112417,-3.1127449376873497,-72.41220776617226,133.31323550551747,1.925,0.9075,506,15,2,14.16760106856489,0.2842292405356684,PLL96-IQ-corrected,balanced,final,30402,NTSC,6,3,1000000.0,,False,,,,,
12.023144336317708,95.92726138069027,True,0.3364271586280395,20,0,0,1.7687499999999998,1.3299999999999994,2.7298638493160183,2.3211758954477384,1.4180271943019216,-2.0653812584863087,-74.3816593496771,136.29900394142078,1.425,1.3299999999999994,506,2,2,25.389342185573266,0.5666945992046852,floating-PLL-IQ40,balanced,final,30402,NTSC,6,3,1000000.0,,False,,,,,
3.881790586323217,44.318575183153364,True,104.98258406163164,506,12,0,2.025,2.025,1000000.0,49.05193143058845,27.080679619470626,-26.530697759461102,-66.70305453055695,117.66276510059052,1000000.0,1000000.0,506,506,2,4.450435417388232,0.2743865719035021,HC50,balanced,final,30402,NTSC,6,3,1000000.0,,False,,,,,
8.779025590158911,95.748806389019,True,13.000990465639273,14,1,0,1.46875,1.7362499999999996,2.3059633500003236,0.5325705009480334,-2.5137461964889445,-9.98245605233445,-81.64500262601922,121.82454046596868,1.0862499999999997,1.15,506,1,2,14.94332778221575,0.30949129837774136,PLL96-board-fixed,balanced,final,30402,NTSC,6,3,1000000.0,,False,,,,,
7.743491431060007,96.88021375796902,True,18.167066565914133,0,0,1,1.025,0.8862499999999996,1.7307684812166884,2.507438951083034,0.8481616481412126,-2.5064134450907245,-74.9564334933111,147.3212894796524,1.025,0.8862499999999998,506,0,2,21.312527804086518,0.3576482279816623,RNG-c2510e3dad79,balanced,final,30402,NTSC,6,3,1000000.0,,False,,,,,
9.49376117720979,91.53502056898475,True,5.5107822270123155,335,11,0,2.025,2.025,3.3563318444832597,7.410234844613571,1.9824620217620104,-6.640239629319003,-71.3091701150986,140.1177984576675,1.9,0.6,506,11,2,19.906433148133317,0.4390698350521576,OVP56,balanced,final,30402,NTSC,8,3,1000000.0,,False,,,,,
10.665735727259246,95.11156705445771,True,3.831656967730088,0,0,2,0.2,0.22249999999999998,1.0014854333052128,2.0126439039964854,2.0918494616376124,-3.2082064886984085,-64.15617272599741,126.38321069467963,0.2,0.22249999999999998,506,0,2,22.84925700947373,0.44713212004492,RANGE32,balanced,final,30402,NTSC,8,3,1000000.0,,False,,,,,
-6.60776838444362,-83.03871575153187,False,605.0119367667468,506,12,47,2.025,2.025,1000000.0,85.50826818284587,22.912880576434436,-156.58153458078456,-72.04403283035873,129.68124777524184,1000000.0,1000000.0,506,506,2,-6.6502906038743435,-0.3174047672388877,PLL96-rejected-board,balanced,final,30402,NTSC,8,3,1000000.0,,False,,,,,
9.367946772721261,94.04178628719352,True,6.276210460400943,425,10,0,2.025,2.025,3.554120804271856,13.985623646630003,-0.9472577136877952,-2.68832671531633,-69.03326174221476,128.47868633421567,1.95,1.48875,506,22,2,13.830877898321665,0.3118134687047446,PLL96-IQ-corrected,balanced,final,30402,NTSC,8,3,1000000.0,,False,,,,,
13.821519309524817,95.68337854884334,True,0.039136940153597435,6,0,0,1.075,1.3049999999999993,2.0883971126201066,2.4311637596879625,1.7569322970147887,-1.8235132865981682,-64.07283455628897,128.27041010046884,1.0,1.3049999999999993,506,1,2,26.25563835001984,0.6537925483016885,floating-PLL-IQ40,balanced,final,30402,NTSC,8,3,1000000.0,,False,,,,,
4.098570155808471,44.46461233629157,True,97.54882333284161,506,12,0,2.025,2.025,1000000.0,49.226097787743726,27.18815955654957,-25.885561550732877,-58.41244564320043,116.46086362179614,1000000.0,1000000.0,506,506,2,4.469610418953013,0.3504091016475655,HC50,balanced,final,30402,NTSC,8,3,1000000.0,,False,,,,,
10.425480005164891,97.6061136851072,True,5.650019417943384,9,0,1,1.125,0.08624999999999998,2.1190361927814982,0.5730084327497823,-2.463746881260199,-7.4882639235932436,-80.14296937970738,115.90922535650736,0.9799999999999998,0.08624999999999998,506,1,2,16.99309746256931,0.3785617542893595,PLL96-board-fixed,balanced,final,30402,NTSC,8,3,1000000.0,,False,,,,,
9.704630395151607,97.19673452503854,True,4.983938801867735,0,0,2,0.15,0.13374999999999995,0.8549589419908529,1.8864771743003712,1.07824216676315,-2.036887861733991,-68.78873377951953,144.17539161157546,0.15,0.13374999999999995,506,0,2,25.235197095268976,0.44122038933287416,RNG-c2510e3dad79,balanced,final,30402,NTSC,8,3,1000000.0,,False,,,,,
11.122033594471896,93.72984602264815,True,1.380329773878802,141,5,0,2.025,2.025,3.154859265688625,4.962233689984995,1.6529641597553641,-4.820338745462416,-70.25724639409296,131.69164583733937,1.85,1.0249999999999997,506,7,2,22.567157684255395,0.513833013954465,OVP56,balanced,final,30402,NTSC,10,3,1000000.0,,False,,,,,
12.128027238668661,95.44953629987842,True,1.8296519521806802,0,0,2,0.125,0.08624999999999998,0.41027742951563945,1.597292047638307,2.2388328489924616,-2.508952982857873,-54.575771445358555,116.71717026019004,0.125,0.08624999999999998,506,0,2,24.050850113114038,0.5207868399669054,RANGE32,balanced,final,30402,NTSC,10,3,1000000.0,,True,,,,,
-6.584956062125644,-82.50011193656195,False,604.5829356919863,506,12,48,2.025,2.025,1000000.0,84.36724648849221,23.220596759761136,-156.27585393803088,-70.51117144808097,127.81298064799407,1000000.0,1000000.0,506,506,2,-6.630178578257345,-0.33045886259336715,PLL96-rejected-board,balanced,final,30402,NTSC,10,3,1000000.0,,False,,,,,
9.358200168459163,94.64664835388407,True,6.066225723807603,426,11,0,2.025,2.025,3.5681982936070136,15.044381223089113,-1.1551461348171068,-2.389089371632417,-54.870591453118,128.42084617932778,1.95,1.4,506,24,2,13.255854662138827,0.32801890147843854,PLL96-IQ-corrected,balanced,final,30402,NTSC,10,3,1000000.0,,False,,,,,
15.473349681728642,95.71747074042145,True,0.0022579003934767752,0,0,2,0.275,0.4662499999999993,1.2270572384380292,2.2917999082578433,1.8707156861597432,-1.6481076385745137,-64.36676147688628,130.12304459945096,0.275,0.46624999999999933,506,0,2,26.82831515440432,0.7291936697341064,floating-PLL-IQ40,balanced,final,30402,NTSC,10,3,1000000.0,,False,,,,,
4.188259579336446,44.4244941563576,True,95.29920190747424,506,12,0,2.025,2.025,1000000.0,49.25952810968,27.197733285660764,-25.795425414745594,-47.16416067054223,97.75539967640512,1000000.0,1000000.0,506,506,2,4.467712710504551,0.41166518244645844,HC50,balanced,final,30402,NTSC,10,3,1000000.0,,False,,,,,
11.154002103578877,98.35328531019127,True,4.296784448786303,6,0,0,1.2625,0.5537499999999995,2.1614526365386775,1.5088970661725567,-2.249870894470956,-5.86928044252876,-79.052388342099,114.67535665486534,1.075,0.5537499999999995,506,1,2,17.592359988885388,0.41630359980637077,PLL96-board-fixed,balanced,final,30402,NTSC,10,3,1000000.0,,False,,,,,
11.176799011117119,97.23891731923462,True,1.5210722317388543,0,0,2,0.1,0.08624999999999998,0.28511318049451806,1.870290335310727,1.088448739086508,-1.8526343611522194,-60.81617746789381,135.495304846407,0.1,0.08624999999999998,506,0,2,26.33084231254597,0.511888255766306,RNG-c2510e3dad79,balanced,final,30402,NTSC,10,3,1000000.0,,True,,,,,
12.45503317373599,95.35326940013833,True,0.6623174487531874,22,1,0,1.9,1.8462499999999997,2.5916707911440877,3.0191119840065084,1.416418716995451,-3.4701869605682005,-66.33869150729011,130.49580185575377,1.475,1.6,506,1,2,24.805627058133247,0.5776364915130306,OVP56,balanced,final,30402,NTSC,12,3,1000000.0,,False,,,,,
13.234963108011087,95.72688875802353,True,1.377319240020833,0,0,2,0.1,0.08624999999999998,0.044828945864829106,1.343915453188795,2.178019423475977,-2.2754374574091796,-51.49911267243521,113.00104034376395,0.1,0.08624999999999998,506,0,2,24.504922801414125,0.5806053071755147,RANGE32,balanced,final,30402,NTSC,12,3,1000000.0,,True,,,,,
-6.583185324739879,-82.24943364797292,False,605.4597536781198,506,12,49,2.025,2.025,1000000.0,83.57117040476642,23.248125535786727,-156.28168285650008,-69.80029540576597,81.99879142213214,1000000.0,1000000.0,506,506,2,-6.629878070532314,-0.33858421979981473,PLL96-rejected-board,balanced,final,30402,NTSC,12,3,1000000.0,,False,,,,,
9.253768918961416,95.35115579870296,True,6.069236257665572,442,10,0,2.025,2.025,3.611167033487928,15.652203803075368,-1.3191738594128688,-2.120943108072491,-54.94713135722632,122.96337392739085,1.7924999999999998,1.2325,506,37,2,12.754460701449446,0.33693029570216537,PLL96-IQ-corrected,balanced,final,30402,NTSC,12,3,1000000.0,,False,,,,,
16.995477785965797,96.00703417416923,True,0.0,0,0,2,0.05,0.05,0.4118084693337666,1.9836181510103048,1.8210922279655655,-1.4110281234001227,-59.74074381473406,122.63444350942149,0.05,0.05,506,0,2,27.58617830438979,0.7916434220736162,floating-PLL-IQ40,balanced,final,30402,NTSC,12,3,1000000.0,,True,,,,,
4.247314448899041,44.48477807311636,True,94.94170101184044,506,12,0,2.025,2.025,1000000.0,49.159008742002804,27.163556897341092,-25.724138268133146,-8.57260172150658,92.94583673449759,1000000.0,1000000.0,506,506,2,4.4782046018015,0.4610617065490448,HC50,balanced,final,30402,NTSC,12,3,1000000.0,,False,,,,,
11.520805894070064,98.63796312324604,True,4.085294445263979,1,0,0,0.975,0.6499999999999997,1.9359426030686546,2.613487231980803,-2.0807811779275034,-4.660079412631699,-61.32256628906849,112.19500156928024,0.975,0.6499999999999997,506,1,2,17.708469494573347,0.4393014484976269,PLL96-board-fixed,balanced,final,30402,NTSC,12,3,1000000.0,,False,,,,,
12.366840649358972,97.50883878092812,True,0.6976912215843235,0,0,2,0.075,0.08624999999999998,0.05007405582927826,1.735063866153415,0.9307735916762853,-1.5219301699743015,-50.33480429183244,126.6547162190152,0.075,0.08624999999999998,506,0,2,26.79973699808871,0.572622318726025,RNG-c2510e3dad79,balanced,final,30402,NTSC,12,3,1000000.0,,True,,,,,
13.530825018365286,96.33313206018549,True,0.52985395900255,1,0,1,0.95,0.7474999999999996,1.9457767163019937,1.7863463536726099,1.2572721791486163,-2.5830766593423102,-64.28562100594111,127.8246760423522,0.9449999999999988,0.7474999999999996,506,1,2,26.319627658005018,0.6287534678574427,OVP56,balanced,final,30402,NTSC,14,3,1000000.0,,False,,,,,
14.11727196690337,95.76348967760427,True,1.2501241845216413,0,0,2,0.075,0.075,0.04304377769688637,1.3339475135806773,2.108562572480588,-2.3618236144887397,-51.241071000094095,113.05119538611481,0.075,0.075,506,0,2,24.739753107166194,0.6288005796967121,RANGE32,balanced,final,30402,NTSC,14,3,1000000.0,,True,,,,,
-6.584623864002998,-82.15387953952967,False,606.0565920154621,506,12,49,2.025,2.025,1000000.0,83.30787316471456,23.19101623468935,-156.21094514533863,-69.98352634751132,78.09580192850848,1000000.0,1000000.0,506,506,2,-6.63214451478936,-0.34198923799149483,PLL96-rejected-board,balanced,final,30402,NTSC,14,3,1000000.0,,False,,,,,
9.159033324106382,95.93070249629392,True,6.201699747416209,453,11,0,2.025,2.025,3.6350868121786952,15.907958156598559,-1.3108586915847251,-1.9414595632929077,-54.960340826580705,121.42198710386214,1.95,1.25,506,36,2,12.417234751149604,0.3415663622800412,PLL96-IQ-corrected,balanced,final,30402,NTSC,14,3,1000000.0,,False,,,,,
18.31963006409412,96.15965080550764,True,0.0,0,0,2,0.025,0.036249999999999984,0.025513501037252133,1.8240090343489375,1.7853929118408365,-1.296833854952162,-55.73957684252144,121.33306793784459,0.025,0.036249999999999984,506,0,2,28.063510414007837,0.839390938494727,floating-PLL-IQ40,balanced,final,30402,NTSC,14,3,1000000.0,,True,,,,,
4.282212683308816,44.502699668565754,True,94.86116923113975,506,12,0,2.025,2.025,1000000.0,49.085637218987095,27.140924344308722,-25.701834599225396,-4.6629328638996554,91.7032874946407,1000000.0,1000000.0,506,506,2,4.483128747328945,0.5013176745112148,HC50,balanced,final,30402,NTSC,14,3,1000000.0,,False,,,,,
11.759972076288124,98.51164179319095,True,3.9550888559068182,7,0,0,1.35,1.015,2.04255454226227,3.6535380097843326,-1.8171781329422314,-3.816485477156481,-60.61680755115633,112.11652621080705,1.025,1.015,506,1,2,17.756114579878176,0.45531556067845746,PLL96-board-fixed,balanced,final,30402,NTSC,14,3,1000000.0,,False,,,,,
13.332630750644622,97.66840183015235,True,0.4846959511330144,0,0,2,0.075,0.075,0.0474003010280463,1.695525195996093,0.791125655486894,-1.255862035640755,-49.4159195472701,124.01477025838778,0.075,0.075,506,0,2,26.98595251032538,0.6214160966566784,RNG-c2510e3dad79,balanced,final,30402,NTSC,14,3,1000000.0,,True,,,,,
14.976991380472313,97.21880463807688,True,0.4109378716127731,0,0,2,0.05,0.061249999999999985,0.46045308713759914,0.6300512551190285,1.1511993181548499,-1.7213524600976664,-64.43641827482188,125.28414299981713,0.05,0.061249999999999985,506,0,2,27.661851061429484,0.6958544187643766,OVP56,balanced,final,30402,NTSC,18,3,1000000.0,,True,,,,,
15.289059613984639,95.64775603337442,True,1.068739519579007,0,0,2,0.075,0.061249999999999985,0.03959091703235037,1.3744546311490338,2.0139454050450256,-2.7959145803873335,-50.94015013808343,109.27791027863208,0.075,0.061249999999999985,506,0,2,24.981757312650252,0.6922219669955948,RANGE32,balanced,final,30402,NTSC,18,3,1000000.0,,True,,,,,
-6.587689058298372,-82.13227474361659,False,607.2894056303004,506,12,49,2.025,2.025,1000000.0,83.3566440656547,22.94879758910864,-156.14871913557488,-67.864320636483,78.12590769920766,1000000.0,1000000.0,506,506,2,-6.635552751120743,-0.34681389763356585,PLL96-rejected-board,balanced,final,30402,NTSC,18,3,1000000.0,,False,,,,,
9.005220007910193,97.05540980660106,True,6.346958006063215,470,11,0,2.025,2.025,3.6613550542570072,15.525840627894873,-1.1943369686378909,-1.7477964867818738,-53.43577573867806,117.269372876473,1.95,1.05,506,49,2,11.978890433985466,0.3491990596904883,PLL96-IQ-corrected,balanced,final,30402,NTSC,18,3,1000000.0,,False,,,,,
20.227548109964978,96.2836549812399,True,0.0,0,0,2,0.025,0.036249999999999984,0.02194810624151735,1.685469771033741,1.7397958876586055,-1.2122438484284643,-52.05400042539603,114.68484445318586,0.025,0.036249999999999984,506,0,2,28.535495052650802,0.8963730077798474,floating-PLL-IQ40,balanced,final,30402,NTSC,18,3,1000000.0,,True,,,,,
4.314375059730779,44.48569254141462,True,94.90105880475785,506,12,0,2.025,2.025,1000000.0,49.00370158576839,27.125832551158066,-25.704195193105065,-0.6829712434682165,85.95014056468128,1000000.0,1000000.0,506,506,2,4.485628502880591,0.5524806263476549,HC50,balanced,final,30402,NTSC,18,3,1000000.0,,False,,,,,
11.955633086711302,97.81179901232291,True,3.830904334265595,18,0,0,1.7125000000000001,1.3749999999999993,2.438126495780362,5.060324401213197,-1.2149222024702067,-3.0120191964949394,-60.774243646026754,111.48831698777457,1.4074999999999989,1.3749999999999993,506,1,2,17.636804254907236,0.47411715599631266,PLL96-board-fixed,balanced,final,30402,NTSC,18,3,1000000.0,,False,,,,,
14.634373865636194,97.7980108090138,True,0.3003007523324111,0,0,2,0.075,0.061249999999999985,0.044980232812575766,1.6780367291784068,0.6476189760797617,-0.9237603703993831,-47.83242474676836,119.72675567175261,0.075,0.061249999999999985,506,0,2,27.046001383102706,0.6858623468686853,RNG-c2510e3dad79,balanced,final,30402,NTSC,18,3,1000000.0,,True,,,,,
15.662979045378812,97.49651866906665,True,0.36502723027874534,0,0,2,0.05,0.061249999999999985,0.02266790665445007,0.28065909983654563,1.0907549137451864,-1.4421631841811442,-60.36240827881307,124.15309521954964,0.05,0.061249999999999985,506,0,2,28.015126994582072,0.7265169868359765,OVP56,balanced,final,30402,NTSC,22,3,1000000.0,,True,0.8775705770512111,-48.248237959139814,10.96962210396742,22.145168614385625,11.59259630331677
15.834227596499703,95.61831032821675,True,0.9934761731297812,0,0,2,0.075,0.061249999999999985,0.03806394141919142,1.361384798215506,1.9488591808208768,-3.017894881445662,-48.85062173525749,106.5906788279762,0.075,0.061249999999999985,506,0,2,25.108482134248785,0.7207887263369994,RANGE32,balanced,final,30402,NTSC,22,3,1000000.0,,True,0.844642337833934,-49.369329091162854,10.70550093489564,19.673048597990782,11.51735916214993
-6.598091441809263,-82.44194573858728,False,608.0284916924318,506,12,49,2.025,2.025,1000000.0,84.14076894048321,22.74877697970388,-156.16049171496283,-67.70607201510285,74.37749683966703,1000000.0,1000000.0,506,506,2,-6.645823034918718,-0.348099963186512,PLL96-rejected-board,balanced,final,30402,NTSC,22,3,1000000.0,contrast;waveform;detail_floor;sync;h_jitter_us;v_jitter_us;h_width_rmse_us;sync_error_ire;black_error_ire;white_error_ire,False,0.43418097974130376,82.069656221075,39.60430462247573,32.19189078380268,29.327081852052864
8.923313878653248,97.90475401263066,True,6.377815978107398,496,12,0,2.025,2.025,3.6700817429588675,14.788876273698198,-1.10782291266958,-1.6758724002439909,-47.251577764391406,110.72088675285022,1.8549999999999998,1000000.0,506,117,2,11.787239965622387,0.35323275701908796,PLL96-IQ-corrected,balanced,final,30402,NTSC,22,3,1000000.0,waveform;detail_floor;sync;h_jitter_us;v_jitter_us;h_width_rmse_us;sync_error_ire,False,0.49762290300452106,-96.71135609736557,37.84418885043133,29.620769509902857,18.007757073445422
21.249112992450797,96.33995900280519,True,0.0,0,0,2,0.025,0.025,0.020066588753191793,1.6599214941478886,1.725156993658421,-1.1501351213594646,-49.96151655810843,113.00454493527477,0.025,0.025,506,0,2,28.741980566376792,0.9211776603370091,floating-PLL-IQ40,balanced,final,30402,NTSC,22,3,1000000.0,,True,0.5906166407001978,4.88015250459369,8.124666467501934,17.982802850847868,6.360098484005128
4.327137979631425,44.48798390415177,True,94.80321645437385,506,12,0,2.025,2.025,1000000.0,48.9679415562726,27.135282889792425,-25.665924953462525,0.8842259567379998,84.99762310758777,1000000.0,1000000.0,506,506,2,4.48662518654136,0.5775869386161732,HC50,balanced,final,30402,NTSC,22,3,1000000.0,contrast;waveform;sync;h_jitter_us;v_jitter_us;h_width_rmse_us;sync_error_ire;black_error_ire;white_error_ire,False,0.4355185760964515,80.77791907199385,10.055116408786247,19.587999312667915,30.866072044098853
11.96210429000844,97.24158992731068,True,3.7797252586801218,0,0,2,0.475,0.3424999999999999,0.15378540435582752,5.597882660124868,-0.8218390506800307,-2.807427122040073,-58.44997603587204,111.34364665495522,0.475,0.3424999999999999,506,0,2,17.34850192882584,0.48118634153880674,PLL96-board-fixed,balanced,final,30402,NTSC,22,3,1000000.0,waveform,True,0.5901037974414914,-86.66113446495149,36.59216158292916,21.100494910891,16.39925349127408
15.234803568934927,97.8068249172174,True,0.2528848440693988,0,0,2,0.075,0.061249999999999985,0.04307246398977191,1.6653744141533215,0.6313203973563052,-0.798706920196841,-46.703610259869436,115.7474282748529,0.075,0.061249999999999985,506,0,2,27.018236659053553,0.7141924750675445,RNG-c2510e3dad79,balanced,final,30402,NTSC,22,3,1000000.0,,True,0.9806875573998097,-48.88911498719982,11.889194717167854,20.157711226297003,12.306354529385493
16.102404540632968,97.58264199892332,True,0.32363238973167113,0,0,2,0.05,0.05,0.021087058391832496,0.14290994937988227,1.075648098283729,-1.3566280268458626,-57.701043945059794,124.18860436959937,0.05,0.05,506,0,2,28.155806806002815,0.7457294391679816,OVP56,balanced,final,30402,NTSC,30,3,1000000.0,,True,0.8799206149736638,-48.12572684720459,10.345170696051508,20.715684193129274,11.45206701032885
16.18707405395088,95.67789881555605,True,0.9249865278609856,0,0,2,0.05,0.061249999999999985,0.037966466377185544,1.2431729571010264,1.8750575223875974,-3.105895972263843,-44.11549577384628,103.22979350366879,0.05,0.061249999999999985,506,0,2,25.26395469834743,0.7386583016748602,RANGE32,balanced,final,30402,NTSC,30,3,1000000.0,,True,0.8460874899727086,-49.13364138528493,9.46709791159344,19.79359411353184,11.360353845826506
-6.606742191383374,-82.78431546543689,False,608.7118828781907,506,12,50,2.025,2.025,1000000.0,84.92562519120209,22.755834044450996,-156.2255556417543,-67.68480129371383,66.90393831346915,1000000.0,1000000.0,506,506,2,-6.654103413482202,-0.3491293346962518,PLL96-rejected-board,balanced,final,30402,NTSC,30,3,1000000.0,contrast;waveform;detail_floor;sync;h_jitter_us;v_jitter_us;h_width_rmse_us;sync_error_ire;black_error_ire;white_error_ire,False,0.4408719404377849,82.76133988061653,38.40247434018,32.67449951794451,29.379293428921276
8.888263989497439,98.61892395841951,True,6.360505408424076,506,12,0,2.025,2.025,1000000.0,13.953789396738415,-1.142514256821976,-1.6282348933936444,-45.595653329598605,107.03466790146575,1000000.0,1000000.0,506,506,2,11.69690949048643,0.3555492395981763,PLL96-IQ-corrected,balanced,final,30402,NTSC,30,3,1000000.0,waveform;detail_floor;sync;h_jitter_us;v_jitter_us;h_width_rmse_us;sync_error_ire,False,0.5017110774852291,-96.18957108491955,39.32230099266932,34.65176264997842,17.985395554330037
21.97607503063757,96.36596465097193,True,0.0,0,0,2,0.025,0.025,0.019881069312188603,1.6519556233359303,1.7273279334174008,-1.1049551604321386,-45.99597769508932,112.09419491140011,0.025,0.025,506,0,2,28.85972073689523,0.9366140347385714,floating-PLL-IQ40,balanced,final,30402,NTSC,30,3,1000000.0,,True,0.5870148434777254,4.817075971765636,7.239479760759109,17.81349270718149,6.175665618114247
4.335284331786358,44.497246675429764,True,94.79192695240647,506,12,0,2.025,2.025,1000000.0,48.94778296887498,27.138233033770383,-25.624932420083848,1.8792178772836223,84.23201284766384,1000000.0,1000000.0,506,506,2,4.4881174600585965,0.5934885816470553,HC50,balanced,final,30402,NTSC,30,3,1000000.0,contrast;waveform;sync;h_jitter_us;v_jitter_us;h_width_rmse_us;sync_error_ire;black_error_ire;white_error_ire,False,0.436264113192706,80.78593652449082,8.803999269826477,17.904325005115055,30.85009462964165
11.884605081589312,96.80892315789465,True,3.690914509870035,0,0,2,0.25,0.16499999999999987,0.10112387230227644,5.749503216780918,-0.6565276629147504,-2.758964728553145,-57.48124536306267,111.36162756201492,0.25,0.16499999999999987,506,0,2,16.90532310468906,0.485923059746429,PLL96-board-fixed,balanced,final,30402,NTSC,30,3,1000000.0,waveform,True,0.5985947285289197,-86.93911725613891,36.14358586708058,15.454812860295142,16.42540601168118
15.63395545908158,97.81186629518278,True,0.2122426369868169,0,0,2,0.075,0.061249999999999985,0.043528873702977915,1.6145862094091992,0.6100588072138178,-0.7496701948369006,-43.789036907533685,115.37189164333711,0.075,0.061249999999999985,506,0,2,27.0183693954292,0.7323185060206776,RNG-c2510e3dad79,balanced,final,30402,NTSC,30,3,1000000.0,,True,0.9859201058928236,-48.52481273233697,10.801312544828024,20.423443654700794,12.070649970694479
