sinad,contrast,polarity_ok,large_errors,h_missing,v_missing,v_trains,h_jitter_us,v_jitter_us,h_width_rmse_us,sync_error_ire,black_error_ire,white_error_ire,raw_min,raw_max,h_jitter_matched_us,v_jitter_matched_us,h_expected,max_h_gap,expected_v_trains,luma_sinad,detail_corr,model,profile,stage,seed,standard,cnr,rms,cfo_hz,quality_failures,usable,burst_gain,burst_phase_deg,burst_phase_jitter_deg,burst_amplitude_jitter_pct,burst_rmse_ire
5.063545864390519,80.9218627986192,True,64.81053952321204,601,8,0,2.025,2.025,3.603557270253936,16.9136562962816,5.098273161297214,-13.704878091776537,-82.86003300165461,146.46327546354462,1.9649999999999999,1000000.0,610,218,2,12.476524379557368,0.25053257772559223,OVP56,balanced,selection,30301,PAL,4,3,1000000.0,,False,,,,,
5.8291683928111295,88.71799929474238,True,39.28670012547052,86,3,0,2.025,2.025,2.862108293476644,9.344002268061294,1.6779879991469195,-11.704575594817346,-68.87106434274331,129.127531890598,1.675,1.5849999999999997,610,3,2,13.937741379060164,0.2492565010929695,RANGE32,balanced,selection,30301,PAL,4,3,1000000.0,,False,,,,,
-6.79837014033855,-84.23673539286195,False,611.8776662484316,610,8,44,2.025,2.025,1000000.0,88.48110977725376,21.4150779530666,-156.60613655384373,-74.92608113638136,135.85574140475575,1000000.0,1000000.0,610,610,2,-6.813463140377564,-0.24179422447033147,PLL96-rejected-board,balanced,selection,30301,PAL,4,3,1000000.0,,False,,,,,
8.007305527211305,93.04390703323278,True,17.121706398996235,418,7,0,2.025,2.025,3.4330349789459857,10.805667023300625,0.20944991636644789,-3.993452202693453,-74.03787296513283,135.07995973568225,1.8974999999999995,0.6,610,11,2,13.23312183401624,0.240778275705999,PLL96-IQ-corrected,balanced,selection,30301,PAL,4,3,1000000.0,,False,,,,,
10.078018493183334,95.92988581775464,True,2.446047678795483,145,3,0,2.025,2.025,3.1220958548516284,2.565384038400332,1.2756283646127098,-2.507813334005437,-74.59037363046636,136.31141874795475,1.775,1.6149999999999998,610,4,2,23.077468346026173,0.4591246088238833,floating-PLL-IQ40,balanced,selection,30301,PAL,4,3,1000000.0,,False,,,,,
3.2687789219524936,42.74714748285237,True,122.31744040150565,610,8,0,2.025,2.025,1000000.0,49.30609398925829,27.149355227305122,-28.86146246378797,-80.78366101720883,132.0947294458919,1000000.0,1000000.0,610,610,2,4.273186461130612,0.17455203660695487,HC50,balanced,selection,30301,PAL,4,3,1000000.0,,False,,,,,
5.864458936200539,91.32902227224389,True,40.212672521957344,70,0,0,2.025,1.7062499999999998,2.8086244903471482,3.1280082314751385,-1.731283466556901,-14.097068013102454,-82.150503964265,128.70825076264177,1.8,1.70625,610,2,2,11.104772119656282,0.21328102999759252,PLL96-board-fixed,balanced,selection,30301,PAL,4,3,1000000.0,,False,,,,,
4.6126324243323955,93.84126249585778,True,68.09033877038897,72,2,0,2.025,2.025,2.86624616883682,7.785426249198302,1.5843154344673926,-3.741529642304785,-78.37568522368693,149.31805963497854,1.675,1.74375,610,3,2,15.279963919556112,0.2454103553967793,RNG-bc1697bf00fe,balanced,selection,30301,PAL,4,3,1000000.0,,False,,,,,
7.696256492295128,92.74028371052938,True,25.48180677540778,91,1,0,2.025,1.9287499999999997,2.9019139007025276,4.095377783975339,2.225523787490686,-5.736999917330582,-73.83590954918108,142.34532523895112,1.8,1.5474999999999994,610,4,2,15.571997640494333,0.2640307586891279,RNG-3d5d0a4cc2ff,balanced,selection,30301,PAL,4,3,1000000.0,,False,,,,,
7.2337656932889685,94.64227907298284,True,28.655583437892098,65,1,0,2.025,1.9287499999999997,2.870189633475477,3.0260383042585235,1.8055626391418043,-3.456020892764888,-83.97306142343729,154.72337193737053,1.7449999999999988,1.5474999999999994,610,2,2,15.311679053464374,0.25515186464239675,RNG-f3b5a772da6c,balanced,selection,30301,PAL,4,3,1000000.0,,False,,,,,
5.1658345647851025,93.7164117600001,True,52.31618569636135,48,2,0,2.025,2.025,2.6581092770662424,6.941843399876746,1.008951160154628,-5.093452526072289,-79.22169330396032,147.58682851330434,1.5,1.5375,610,2,2,15.431322343073008,0.25367682115354645,RNG-c2510e3dad79,balanced,selection,30301,PAL,4,3,1000000.0,,False,,,,,
5.496346354625351,90.97681825135938,True,48.3030112923463,125,1,0,2.025,1.9462499999999998,2.9517387414773255,8.587790414044576,1.6402674836951445,-7.643952184240073,-74.50611748980381,143.8679707463197,1.8,1.77,610,4,2,15.474641321886706,0.25814901126599293,RNG-0940539bbf6f,balanced,selection,30301,PAL,4,3,1000000.0,,False,,,,,
5.241678093609314,92.17889515443046,True,51.2892095357591,122,4,0,2.025,2.025,2.994656913694406,10.163672219360723,1.7779416667081798,-5.1084243258187545,-66.91543720369154,136.74190510023493,1.65,1.6412499999999999,610,5,2,14.975969013128033,0.25322362262169823,RNG-fd019b4a81f6,balanced,selection,30301,PAL,4,3,1000000.0,,False,,,,,
5.420081913729238,91.60710738544242,True,49.34818067754078,56,2,0,2.025,2.025,2.6883674403966507,7.244348305479208,1.350898596547854,-7.7889956439918535,-76.01907774395632,143.96609161325605,1.55,1.54375,610,2,2,15.364391504942898,0.255950202901118,RNG-c5e6c02d20da,balanced,selection,30301,PAL,4,3,1000000.0,,False,,,,,
4.991764592039635,91.24016117692314,True,60.59033877038896,112,2,0,2.025,2.025,2.9769909135901633,7.967690449546731,1.7308875480929136,-7.408774167910501,-74.06019903585315,140.04566107546094,1.75,1.74375,610,4,2,15.22940276091729,0.24918835865745184,RNG-3f495a5b43bd,balanced,selection,30301,PAL,4,3,1000000.0,,False,,,,,
5.520535403801081,89.73778650053085,True,46.157465495608534,159,3,0,2.025,2.025,3.0676906891145044,11.135286513815059,2.012285704743365,-7.559880947623835,-66.9966538760649,134.43642656341046,1.775,1.6149999999999998,610,5,2,14.620789073405264,0.2517512671395743,RNG-11e21c2af606,balanced,selection,30301,PAL,4,3,1000000.0,,False,,,,,
5.419611340035916,92.94994856372308,True,47.09284818067754,80,2,0,2.025,2.025,2.7959267458080026,8.414095751761016,1.7152238791348668,-5.692039576123886,-73.5219439151085,133.22391250902132,1.7,1.7375,610,4,2,14.980142080602787,0.25363309324783373,RNG-9ea16fe0c391,balanced,selection,30301,PAL,4,3,1000000.0,,False,,,,,
7.413529884914758,93.01476828655821,True,24.91969887076537,167,5,0,2.025,2.025,3.1563774614989,3.7692543983619933,2.70042814807882,-6.340510540754592,-75.02218731345275,136.12775346248517,1.825,0.9024999999999999,610,4,2,17.38921943339355,0.2814037444285044,RNG-95fcc6a14938,balanced,selection,30301,PAL,4,3,1000000.0,,False,,,,,
5.186173800933536,88.78870758325021,True,58.35884567126725,64,0,0,2.025,1.6737499999999998,2.7000385799712814,10.435616715531655,2.572313937525587,-9.043597644268893,-65.43198437891236,135.2582441922943,1.55,1.67375,610,2,2,14.694658594104775,0.2635172666969167,RNG-6f794502cea4,balanced,selection,30301,PAL,4,3,1000000.0,,False,,,,,
5.904757274971239,88.62909299117786,True,43.727728983688834,196,3,0,2.025,2.025,3.12780695192373,11.476590648344937,1.6818190459049103,-9.675764216060557,-67.27118672228593,130.11824490562446,1.8,1.8099999999999998,610,7,2,15.138489662996903,0.2628942648254799,RNG-d5fa32b9ac54,balanced,selection,30301,PAL,4,3,1000000.0,,False,,,,,
4.705349527525545,92.14054394393493,True,64.01756587202009,95,2,0,2.025,2.025,2.941584796755799,8.539159286356446,1.2810943751920847,-5.526214976226196,-81.53905372897029,150.22547008130783,1.675,1.5375,610,4,2,15.12685498595198,0.24789706625576932,RNG-9b9a46f61eea,balanced,selection,30301,PAL,4,3,1000000.0,,False,,,,,
5.788334829267837,87.01068036437685,True,42.85257214554579,98,1,0,2.025,1.92,2.786134448661016,12.081705959576848,3.016038994835513,-10.289708127420868,-66.27119012590347,130.09132387192923,1.7362499999999996,1.6875,610,3,2,13.905589746028369,0.27877107352563135,RNG-e84fd33487ba,balanced,selection,30301,PAL,4,3,1000000.0,,False,,,,,
5.990953762295378,91.9633227205684,True,36.6405269761606,115,3,0,2.025,2.025,3.034986229646094,8.180797997235935,0.4940487127483869,-7.217219813919174,-76.59773935073471,136.99964480916833,1.8,1.7899999999999998,610,3,2,15.552695212679033,0.2762027830515466,RNG-e54cf66f3964,balanced,selection,30301,PAL,4,3,1000000.0,,False,,,,,
7.44027593901799,87.98183374576274,True,22.158720200752825,544,8,0,2.025,2.025,3.5517094689058046,10.905974680131237,2.7649181866547017,-9.222679690144714,-78.67445545564433,139.5068356852085,1.86875,1000000.0,610,42,2,16.592501619383786,0.33713198617720613,OVP56,balanced,selection,30301,PAL,6,3,1000000.0,,False,,,,,
8.537598688378958,93.87564111507703,True,12.537641154328732,7,0,1,1.238749999999999,0.94,2.0092128191335235,3.5709673933204567,1.7276960501725398,-5.393003811870744,-65.93678592489452,132.63200355638162,1.0974999999999995,0.9399999999999998,610,1,2,19.198107616666885,0.3431379249973612,RANGE32,balanced,selection,30301,PAL,6,3,1000000.0,,False,,,,,
-6.76308051627703,-84.23586587916733,False,607.5526976160602,610,8,54,2.025,2.025,1000000.0,86.83699425971093,22.225704144032466,-157.28325360909386,-74.25858801511372,133.14911365673834,1000000.0,1000000.0,610,610,2,-6.798014513388421,-0.30102641347653947,PLL96-rejected-board,balanced,selection,30301,PAL,6,3,1000000.0,,False,,,,,
9.155544869599241,94.0705962116553,True,7.8136762860727735,465,8,0,2.025,2.025,3.4849633897052934,12.319196739532112,-0.5629799876627035,-2.8846511752119492,-73.59511744611446,132.59982657377918,1.8699999999999997,1000000.0,610,20,2,14.172947578030454,0.29524256043948405,PLL96-IQ-corrected,balanced,selection,30301,PAL,6,3,1000000.0,,False,,,,,
11.976776435331216,96.0230745965755,True,0.32496863237139273,32,2,0,2.025,2.025,2.7353306844488103,2.279750801948008,1.4310919374485438,-1.9077813534034906,-70.2292166262601,130.99134161977,1.4537499999999994,0.875,610,2,2,25.627888871254587,0.5533362676871235,floating-PLL-IQ40,balanced,selection,30301,PAL,6,3,1000000.0,,False,,,,,
3.9213054867867307,44.337009271930086,True,100.02321204516939,610,8,0,2.025,2.025,1000000.0,49.03791739789824,27.121120542596394,-26.48787642750795,-65.19574352443749,120.41953524960303,1000000.0,1000000.0,610,610,2,4.507595779292817,0.25734578788588935,HC50,balanced,selection,30301,PAL,6,3,1000000.0,,False,,,,,
8.761494625944838,95.96776022177569,True,12.616687578419072,16,1,0,1.475,1.6662499999999993,2.328313955509625,0.5456466010454016,-2.3812065159092133,-9.957333891495296,-81.13671144212049,121.76230639464623,1.2175000000000011,0.9774999999999998,610,1,2,14.859445522210724,0.3097205582449005,PLL96-board-fixed,balanced,selection,30301,PAL,6,3,1000000.0,,False,,,,,
7.001496652516819,97.07184405200171,True,27.170639899623588,6,0,0,1.25,0.99125,2.1723241322973856,2.6689168747466367,1.185075166401582,-1.736050073089011,-73.9402372631097,145.5997121276947,1.15,0.99125,610,1,2,21.387261455511513,0.328806619259988,RNG-bc1697bf00fe,balanced,selection,30301,PAL,6,3,1000000.0,,False,,,,,
10.018645331355316,94.45147229278922,True,9.994981179422837,15,0,0,1.55,1.7325,2.4033220618080113,2.6073606485833096,2.021586109215695,-3.8992357058725045,-74.35560253498289,138.13873134383235,1.3,1.7325,610,1,2,19.384883349461134,0.34920760581626004,RNG-3d5d0a4cc2ff,balanced,selection,30301,PAL,6,3,1000000.0,,False,,,,,
9.703377737759718,95.8950392535542,True,11.08720200752823,11,0,0,1.5137499999999988,1.4962499999999996,2.329430813136258,2.000020600916045,1.7395038714701778,-1.9398455168009805,-82.97579043556615,153.1288317184464,1.2775000000000005,1.4962499999999994,610,1,2,19.33969441423581,0.3415309889925973,RNG-f3b5a772da6c,balanced,selection,30301,PAL,6,3,1000000.0,,False,,,,,
7.699920247529497,96.9601796723081,True,18.143036386449182,1,0,2,1.025,0.99125,1.7736922493494465,2.420229408207841,0.868120964480982,-2.4575700103047478,-73.04278361397337,145.24141766163515,1.0150000000000006,0.99125,610,1,2,21.392562287677606,0.3423497244172255,RNG-c2510e3dad79,balanced,selection,30301,PAL,6,3,1000000.0,,False,,,,,
7.881461537162819,94.66907687625952,True,16.8594730238394,11,0,0,1.5,0.99125,2.3209132139982143,4.320363382816947,1.3616433519041795,-4.4666429251025415,-70.39229712111623,137.75293774121175,1.3775000000000006,0.99125,610,2,2,20.916180224271063,0.34432195434791835,RNG-0940539bbf6f,balanced,selection,30301,PAL,6,3,1000000.0,,False,,,,,
7.696383533512576,95.90947510946457,True,17.85194479297365,16,0,0,1.7,1.5387499999999996,2.621051423374418,4.235087190411325,1.7360595419607434,-2.055949309144104,-65.2821786405023,135.20528850164186,1.4675000000000011,1.5387499999999996,610,1,2,20.874308090014402,0.3399958983729455,RNG-fd019b4a81f6,balanced,selection,30301,PAL,6,3,1000000.0,,False,,,,,
7.856553572979897,95.34156770305503,True,17.153074027603513,1,0,1,1.05,0.99125,1.8159203472943328,2.6627647925164695,1.2686608125165133,-4.519225074507849,-70.67711519322812,142.13091871290334,1.05,0.99125,610,1,2,20.963469351183303,0.3433820795439474,RNG-c5e6c02d20da,balanced,selection,30301,PAL,6,3,1000000.0,,False,,,,,
7.3322295077751996,94.8977865354363,True,23.10288582183187,15,0,0,1.5637499999999989,1.1475,2.4704524897681557,3.189016219627477,1.4175809000120825,-4.654236544848537,-71.61632632564738,137.3181753479869,1.25,1.1475,610,1,2,20.838531296269203,0.33280970704236357,RNG-3f495a5b43bd,balanced,selection,30301,PAL,6,3,1000000.0,,False,,,,,
8.05658264172166,93.99173331601537,True,15.037013801756586,26,0,0,1.8887499999999988,1.5387499999999996,2.708456047448233,4.748242694338108,1.8331780195434304,-4.4547540504662075,-63.81406879020354,132.91897904148894,1.542500000000001,1.5387499999999996,610,2,2,20.124839052178135,0.33925890892350347,RNG-11e21c2af606,balanced,selection,30301,PAL,6,3,1000000.0,,False,,,,,
7.9536544232429565,96.77308407503232,True,16.29422835633626,3,0,1,1.2637499999999988,1.4537499999999997,2.0909122714388038,3.28666038472867,1.7074395018884552,-1.8736160861050637,-67.61122557515104,132.78543177924598,1.1674999999999982,1.4537499999999997,610,1,2,20.761312941103014,0.3434855569618394,RNG-9ea16fe0c391,balanced,selection,30301,PAL,6,3,1000000.0,,False,,,,,
9.5443639727238,94.75404094003342,True,7.859473023839398,42,1,0,2.025,1.8499999999999996,2.6526391157051523,2.006242041301778,2.932697682647234,-4.4285615777136345,-76.55733363366433,133.24300787549976,1.5,1.3674999999999997,610,2,2,21.085077257538437,0.36437710192916745,RNG-95fcc6a14938,balanced,selection,30301,PAL,6,3,1000000.0,,False,,,,,
7.2961354032960815,93.2167805787813,True,23.37452948557089,4,0,0,1.175,1.0125,1.7904835298396526,4.450436049930522,2.5370069630425816,-5.643093365867432,-63.90090593347996,133.95163380844275,1.15,1.0124999999999997,610,1,2,19.18403674323329,0.34339046591949707,RNG-6f794502cea4,balanced,selection,30301,PAL,6,3,1000000.0,,False,,,,,
8.046911087201975,92.95772893682846,True,15.848808030112925,30,0,0,1.9274999999999978,1.4549999999999996,2.5860207332422185,6.100542625182517,1.4582712991416844,-6.0195875647611095,-65.7951632213818,125.94176578663948,1.55,1.4549999999999996,610,2,2,20.01372124409306,0.3444102067230352,RNG-d5fa32b9ac54,balanced,selection,30301,PAL,6,3,1000000.0,,False,,,,,
7.187650745150229,95.94198769069799,True,23.766624843161857,6,0,0,1.4387499999999989,0.9824999999999999,2.251103252329623,2.8260097964478583,0.5929850085928362,-3.5699251996754615,-76.6483084646629,147.4158118378675,1.3712500000000005,0.9824999999999999,610,2,2,20.931108932631922,0.334055359920077,RNG-9b9a46f61eea,balanced,selection,30301,PAL,6,3,1000000.0,,False,,,,,
8.080585772513214,91.82817141839894,True,14.543287327478042,9,0,1,1.35,1.0225,1.9561706411688753,5.878914163998003,2.5926762016105225,-6.694244222970456,-64.53354502760119,127.92187237453632,1.225,1.0225,610,1,2,18.51140978939322,0.36305261496960595,RNG-e84fd33487ba,balanced,selection,30301,PAL,6,3,1000000.0,,False,,,,,
8.261012409211531,95.41741127100198,True,12.281681304893349,23,1,0,1.8137499999999989,1.8937499999999998,2.491382934585963,3.5668770118287276,0.03214422413850013,-4.547810883887815,-76.13653259134136,133.61267637518708,1.375,1.4549999999999996,610,1,2,20.60098472217282,0.35655999676025696,RNG-e54cf66f3964,balanced,selection,30301,PAL,6,3,1000000.0,,False,,,,,
9.455241956860462,91.62386345980957,True,5.4974905897114175,415,5,0,2.025,2.025,3.3503501539161773,7.432556792689458,1.9939477739654097,-6.469747182905777,-73.81441654316927,138.97509184539274,1.85,1.47,610,20,2,20.001566432480104,0.4218102943383827,OVP56,balanced,selection,30301,PAL,8,3,1000000.0,,False,,,,,
10.642132295912054,95.16259824995629,True,3.748431618569636,0,0,2,0.41374999999999884,0.6124999999999996,0.9864621543512012,2.029583148039995,2.1129247963482136,-3.041296766887302,-63.03140591466249,122.62614033232971,0.41374999999999884,0.6124999999999996,610,0,2,22.911515670537565,0.43238998223701175,RANGE32,balanced,selection,30301,PAL,8,3,1000000.0,,False,,,,,
-6.7114003579722015,-83.41379719287744,False,605.1994981179423,610,8,54,2.025,2.025,1000000.0,85.52659537640776,22.93191068351442,-156.6957724706733,-71.85912838285336,126.6532177400661,1000000.0,1000000.0,610,610,2,-6.752804073699492,-0.32955504875273806,PLL96-rejected-board,balanced,selection,30301,PAL,8,3,1000000.0,,False,,,,,
9.434604154332009,94.51716268528635,True,6.037641154328733,518,7,0,2.025,2.025,3.547103457017092,13.99414861903771,-0.8953474454516777,-2.5382682494335955,-68.99552187490565,129.1667966455451,1.8725,0.775,610,33,2,13.741573004475372,0.32445729801449263,PLL96-IQ-corrected,balanced,selection,30301,PAL,8,3,1000000.0,,False,,,,,
13.748942121481214,95.73362490090204,True,0.0451693851944793,5,0,0,1.113749999999999,1.0974999999999993,2.0646695951628877,2.3957720653667995,1.78041002698472,-1.7296878133863394,-66.00170352421483,128.8285562805113,1.05,1.097499999999999,610,1,2,26.347554987189767,0.6390293699715938,floating-PLL-IQ40,balanced,selection,30301,PAL,8,3,1000000.0,,False,,,,,
4.148221815323486,44.49343615460168,True,91.95294855708909,610,8,0,2.025,2.025,1000000.0,49.220651679156006,27.217428098784303,-25.80774045947222,-48.628740664739055,104.47307613042828,1000000.0,1000000.0,610,610,2,4.5302893932196495,0.3327654940724819,HC50,balanced,selection,30301,PAL,8,3,1000000.0,,False,,,,,
10.456798497816347,97.87009789076409,True,5.235884567126726,10,0,0,1.3,0.94875,2.153448058734333,0.5873842583000488,-2.353805585181361,-7.405799343215759,-79.11254548157126,117.04853985558701,1.176249999999999,0.9487499999999999,610,1,2,16.91192417653555,0.3795549235624403,PLL96-board-fixed,balanced,selection,30301,PAL,8,3,1000000.0,,False,,,,,
8.89942475399896,97.36586811934318,True,8.714554579673777,0,0,1,0.8137499999999989,0.5874999999999996,1.262956215250293,1.957396040972027,1.4543387741494576,-1.3308988307426604,-69.24828433836103,143.2968018934103,0.8137499999999989,0.5874999999999997,610,0,2,25.817919829832228,0.40723598943173356,RNG-bc1697bf00fe,balanced,selection,30301,PAL,8,3,1000000.0,,False,,,,,
11.428285635987915,94.6817446579445,True,5.744667503136762,1,0,1,0.85,1.3999999999999995,1.6157238079713132,2.5363549856255947,2.125223666599984,-3.140880070962561,-68.20339847483399,130.907238303545,0.8400000000000005,1.3999999999999995,610,1,2,21.253942629342077,0.41099483168646045,RNG-3d5d0a4cc2ff,balanced,selection,30301,PAL,8,3,1000000.0,,False,,,,,
11.180686732102469,95.85949975718195,True,6.103513174404015,1,0,1,0.75,0.7137499999999999,1.5268344104430487,2.144612549165031,1.9374962432591054,-1.380164268962085,-70.79041966063438,140.28115587064275,0.75,0.7137499999999999,610,1,2,21.372122164098606,0.4034947352268713,RNG-f3b5a772da6c,balanced,selection,30301,PAL,8,3,1000000.0,,False,,,,,
9.648466102321562,97.2310375800272,True,5.068381430363865,0,0,2,0.35499999999999543,0.5962499999999996,0.858186230696681,1.888734412153098,1.0917381268143256,-1.8988781433760988,-67.74788511090586,144.74690647045657,0.35499999999999543,0.5962499999999996,610,0,2,25.304821939167887,0.42366561183885937,RNG-c2510e3dad79,balanced,selection,30301,PAL,8,3,1000000.0,,False,,,,,
9.755515901258974,95.49144951651463,True,4.705771643663739,1,0,2,0.788749999999999,0.5962499999999996,1.3351256682732535,3.2964011769390917,1.519545688929025,-3.4467305305636584,-66.52457576783715,131.9656311015881,0.775,0.5962499999999996,610,1,2,24.134478802457615,0.42492024751104085,RNG-0940539bbf6f,balanced,selection,30301,PAL,8,3,1000000.0,,False,,,,,
9.492999440127457,96.27607347525753,True,5.214554579673776,1,0,0,1.075,1.4437499999999996,2.241925852273798,3.281472027573467,1.9893844843164066,-1.5414416381116514,-62.92464675906497,133.97353001109337,1.0650000000000006,1.4437499999999996,610,1,2,24.68571818848352,0.4155837925301142,RNG-fd019b4a81f6,balanced,selection,30301,PAL,8,3,1000000.0,,False,,,,,
9.751794675562506,96.03320968981953,True,4.803011292346299,0,0,2,0.45,0.5962499999999996,0.929718801133078,1.9562631345452983,1.5173911277569336,-3.4351066109053754,-66.08905457899166,132.75185196625785,0.45,0.5962499999999996,610,0,2,24.342625811453278,0.42453508070759977,RNG-c5e6c02d20da,balanced,selection,30301,PAL,8,3,1000000.0,,False,,,,,
9.200302723778318,95.59784008416091,True,6.954203262233375,2,0,1,0.9524999999999977,0.5874999999999996,1.7288976751250005,2.4518948507465006,1.6807058768739427,-3.717660854171031,-68.95077988542374,140.45217450945995,0.9162499999999995,0.5874999999999997,610,1,2,24.418733105672818,0.41204499338636963,RNG-3f495a5b43bd,balanced,selection,30301,PAL,8,3,1000000.0,,False,,,,,
9.943609648581509,94.79846841436216,True,4.163739021329988,5,0,0,1.113749999999999,1.5049999999999997,2.263854726598086,3.3806237207647456,2.0522164915420946,-3.633390821866405,-65.19440543927185,128.00513344979754,1.075,1.5049999999999997,610,1,2,23.579202210391013,0.41681389520623424,RNG-11e21c2af606,balanced,selection,30301,PAL,8,3,1000000.0,,False,,,,,
9.829260503419576,97.23149429796818,True,4.794855708908407,0,0,2,0.8,0.7187499999999998,1.4471775101561106,2.436029264267406,1.9786651226074257,-1.1031081208768663,-64.57720346955324,131.54161975531298,0.8,0.7187499999999998,610,0,2,24.501683997701083,0.4244484834772883,RNG-9ea16fe0c391,balanced,selection,30301,PAL,8,3,1000000.0,,False,,,,,
11.113857454451491,95.27751070247312,True,3.167503136762861,2,0,2,1.025,0.9124999999999999,1.8346690396900929,1.3865652944780875,3.502094075972073,-3.2195926512015745,-67.32892870466131,133.68493870578533,1.025,0.9124999999999999,610,1,2,22.50224927700993,0.43735755759002626,RNG-95fcc6a14938,balanced,selection,30301,PAL,8,3,1000000.0,,False,,,,,
9.043481330882308,94.80545535556944,True,7.5658720200752825,0,0,2,0.25,0.9474999999999999,0.6966555055711703,2.1163206734767215,2.935536932870195,-4.248724649416679,-61.44861972217508,126.3552813628272,0.25,0.9475,610,0,2,22.11957989801987,0.4197525259390409,RNG-6f794502cea4,balanced,selection,30301,PAL,8,3,1000000.0,,False,,,,,
9.771764614950264,94.28355500900379,True,4.867001254705144,1,0,1,0.925,0.875,1.636920719432593,4.282041051811432,1.7087612873491116,-4.644611608148739,-64.34481457691722,127.47890056308695,0.9150000000000006,0.875,610,1,2,23.155527326284112,0.42070507945138585,RNG-d5fa32b9ac54,balanced,selection,30301,PAL,8,3,1000000.0,,False,,,,,
9.171016197155673,96.6802047104538,True,6.639899623588456,0,0,1,0.825,0.5962499999999996,1.3962401943533458,1.8507622145141742,0.7043886481694205,-2.813894932688225,-71.76732838604038,143.9830001197907,0.825,0.5962499999999996,610,0,2,25.160064096294498,0.41511351118765644,RNG-9b9a46f61eea,balanced,selection,30301,PAL,8,3,1000000.0,,False,,,,,
9.711007059659151,93.34819677994564,True,4.304893350062735,0,0,1,0.575,0.6199999999999997,1.0709363721130933,3.622025225554803,2.7862765286478246,-5.519737800582421,-58.34405094132575,124.04165420728951,0.575,0.6199999999999996,610,0,2,21.48730162952408,0.4319819096320462,RNG-e84fd33487ba,balanced,selection,30301,PAL,8,3,1000000.0,,False,,,,,
9.79225684059861,96.14997561886003,True,4.077791718946048,3,1,1,1.0,1.6224999999999994,1.7187181178711408,2.478303226819278,0.19202996562024732,-3.59252210324657,-67.07154750385466,127.16006683091383,0.975,0.7324999999999997,610,1,2,23.697371586652146,0.41869927985164046,RNG-e54cf66f3964,balanced,selection,30301,PAL,8,3,1000000.0,,False,,,,,
11.072341505167076,93.79724504621853,True,1.4096612296110413,182,1,0,2.025,1.7712499999999995,3.097915101963248,4.973636831335991,1.6546072721116805,-4.667909731030122,-69.79589372033192,135.0885655415579,1.825,1.2925,610,5,2,22.645384633436542,0.49457118872972405,OVP56,balanced,selection,30301,PAL,10,3,1000000.0,,False,,,,,
12.09507759391046,95.48145595866093,True,1.7622333751568382,0,0,2,0.125,0.09124999999999998,0.29829776629577565,1.6252547348111348,2.2497314612001746,-2.404201774451552,-58.11420704097799,117.03326206045803,0.125,0.09124999999999998,610,0,2,24.086420136953276,0.5039071351221563,RANGE32,balanced,selection,30301,PAL,10,3,1000000.0,,True,,,,,
-6.687770877615788,-82.84447119189598,False,604.8381430363866,610,8,56,2.025,2.025,1000000.0,84.37393271452393,23.24683198676674,-156.36238724908398,-69.65548775501145,82.19291266152264,1000000.0,1000000.0,610,610,2,-6.731803864404623,-0.34210736774215067,PLL96-rejected-board,balanced,selection,30301,PAL,10,3,1000000.0,,False,,,,,
9.39794210577722,95.14222114100492,True,5.877666248431618,526,7,0,2.025,2.025,3.6058814390355307,15.093026205787435,-1.1724869896127101,-2.3154054916024753,-56.70724338940889,122.90817556370747,1.95,1.0,610,37,2,13.114311215910618,0.33888224033520337,PLL96-IQ-corrected,balanced,selection,30301,PAL,10,3,1000000.0,,False,,,,,
15.38141825020112,95.77269556912101,True,0.0018820577164366374,0,0,2,0.275,0.025,1.1782593441035014,2.2619268436390634,1.8789767710656635,-1.5463963969369834,-61.451287209802345,126.26609768446399,0.275,0.025,610,0,2,26.91304833977445,0.7146950282462488,floating-PLL-IQ40,balanced,selection,30301,PAL,10,3,1000000.0,,False,,,,,
4.2363968041471995,44.44226394116607,True,89.42910915934756,610,8,0,2.025,2.025,1000000.0,49.250379320007006,27.226870101190887,-25.739071877604303,-26.538941765164722,96.5068395773318,1000000.0,1000000.0,610,610,2,4.526828281325853,0.3909183803776201,HC50,balanced,selection,30301,PAL,10,3,1000000.0,,False,,,,,
11.180630898597892,98.68949061577248,True,4.102258469259724,10,1,0,1.4024999999999979,1.351249999999999,2.1988233122134515,1.440939742373086,-2.2527845600847263,-5.688463183530986,-79.74029725017184,113.43252672825353,1.225,0.09249999999999999,610,1,2,17.488706083300404,0.4144855893184702,PLL96-board-fixed,balanced,selection,30301,PAL,10,3,1000000.0,,False,,,,,
10.385389296177976,97.3544337997181,True,2.6505646173149313,0,0,2,0.16374999999999884,0.05,0.5577701874134302,1.9916705533458041,1.6044861479493309,-1.1970618122554946,-65.5539263375946,141.74832376764192,0.16374999999999887,0.05,610,0,2,27.210297197665447,0.4757508039911266,RNG-bc1697bf00fe,balanced,selection,30301,PAL,10,3,1000000.0,,False,,,,,
12.18666266210083,94.92709327163662,True,4.652446675031368,0,1,2,0.15,1.359999999999999,0.7671221769876226,2.4324762512196667,2.094238267755826,-2.712332785215315,-63.305562610637125,130.18003594655204,0.15,0.10999999999999996,610,0,2,22.09787601831318,0.4468775060934969,RNG-3d5d0a4cc2ff,balanced,selection,30301,PAL,10,3,1000000.0,,False,,,,,
11.934368588852418,95.91830376168879,True,4.866373902132999,0,0,2,0.15,0.125,0.669754206199044,2.15394369026728,2.0139981681798047,-1.0870650696604875,-67.53594404884578,139.47927140586376,0.15,0.125,610,0,2,22.229355004744118,0.43696574414729517,RNG-f3b5a772da6c,balanced,selection,30301,PAL,10,3,1000000.0,,False,,,,,
11.108581793981784,97.26031143913197,True,1.555207026348808,0,0,2,0.1,0.075,0.30028333614640207,1.8766655974549664,1.1073100118418386,-1.7192951789071882,-60.34360890369301,139.06600846292173,0.1,0.075,610,0,2,26.336828690696116,0.4927567929269482,RNG-c2510e3dad79,balanced,selection,30301,PAL,10,3,1000000.0,,True,,,,,
11.19130422041843,95.902021101786,True,1.4818067754077793,0,0,2,0.125,0.075,0.5373193558433703,2.810192923008416,1.5139455253109964,-3.008259092201887,-57.641713708015146,133.0954521187706,0.125,0.075,610,0,2,25.151528348158834,0.4941583722401927,RNG-0940539bbf6f,balanced,selection,30301,PAL,10,3,1000000.0,,False,,,,,
10.760108570944864,96.29333664482748,True,1.754077791718946,1,0,1,0.9887499999999989,0.7174999999999996,1.803155872398225,3.1347505794845385,2.076095731871913,-1.477637991894314,-53.75875255610095,129.72945772931718,0.9650000000000005,0.7174999999999996,610,1,2,25.805270624762123,0.47425806438127444,RNG-fd019b4a81f6,balanced,selection,30301,PAL,10,3,1000000.0,,False,,,,,
11.192869400619724,96.30098973089305,True,1.497490589711418,0,0,2,0.11374999999999887,0.06624999999999999,0.3199897539343265,1.8609580249333202,1.536534639416732,-2.95661854187227,-59.08748240894668,132.14672102789245,0.11374999999999887,0.06624999999999999,610,0,2,25.331830534669848,0.4940629083853976,RNG-c5e6c02d20da,balanced,selection,30301,PAL,10,3,1000000.0,,True,,,,,
10.666609115432399,95.87921278835172,True,2.087202007528231,0,0,2,0.325,0.05,1.0663370926128226,2.3576396558222807,1.8159936067644866,-3.2431326931181625,-61.98343116848171,128.49663446919152,0.325,0.05,610,0,2,25.63985165539588,0.48114207005081355,RNG-3f495a5b43bd,balanced,selection,30301,PAL,10,3,1000000.0,,False,,,,,
11.2247774933967,95.02970102965828,True,1.7559598494353827,1,0,1,0.95,0.7174999999999996,1.8097686939993096,3.2171655329031807,2.1302881109145395,-3.2734697724139408,-56.80863839948823,125.51314074999634,0.95,0.7174999999999996,610,1,2,24.664981699424683,0.47557389977858305,RNG-11e21c2af606,balanced,selection,30301,PAL,10,3,1000000.0,,False,,,,,
11.155037084740307,97.28034583851957,True,1.7553324968632371,0,0,2,0.5,0.09124999999999998,0.9966079765968129,2.311976441806216,2.072159835453891,-0.9453659169177285,-61.23631792664839,128.30353835961012,0.5,0.09124999999999998,610,0,2,25.49554061092149,0.48915724668747923,RNG-9ea16fe0c391,balanced,selection,30301,PAL,10,3,1000000.0,,False,,,,,
12.16581420657363,95.61925864779795,True,2.3074027603513176,0,0,2,0.3524999999999977,0.1,0.93641932249446,0.9573517484878845,3.801936354586113,-2.288138584092905,-66.56917932044838,126.170309780209,0.3524999999999977,0.1,610,0,2,22.781896419147834,0.4901904451077501,RNG-95fcc6a14938,balanced,selection,30301,PAL,10,3,1000000.0,,False,,,,,
10.370429031778015,95.39426826955977,True,2.3343789209535757,0,0,2,0.125,0.075,0.17999886156288442,1.7216264606281861,3.0825507102477747,-3.504054926671269,-53.69634699124877,129.52240698347492,0.125,0.075,610,0,2,23.157636687267026,0.48467200396750487,RNG-6f794502cea4,balanced,selection,30301,PAL,10,3,1000000.0,,True,,,,,
11.160081422525714,94.92802388061841,True,1.6982434127979924,0,0,2,0.15,0.09124999999999998,0.7274182394482333,3.408602891604203,1.7999095600001775,-4.085565225216033,-55.02059181526633,124.39974155478494,0.15,0.09124999999999998,610,0,2,24.493305485707037,0.48832370972341815,RNG-d5fa32b9ac54,balanced,selection,30301,PAL,10,3,1000000.0,,False,,,,,
10.65189291749302,96.9209085988367,True,1.8801756587202008,0,0,2,0.15,0.10749999999999997,0.673714623147385,1.8458433654578266,0.7552378219868461,-2.362559643831492,-64.20166245405532,140.15307013805096,0.15,0.10749999999999997,610,0,2,26.736230314716835,0.4829738625636993,RNG-9b9a46f61eea,balanced,selection,30301,PAL,10,3,1000000.0,,False,,,,,
10.78443863119209,94.03174551232182,True,1.444792973651192,0,0,2,0.175,0.1,0.5006522385193402,2.848913184894635,2.7673573439926815,-4.945676213202589,-55.71402381222167,119.1660386944004,0.175,0.1,610,0,2,22.91107500013006,0.4813214666421499,RNG-e84fd33487ba,balanced,selection,30301,PAL,10,3,1000000.0,,False,,,,,
10.727205596780184,96.43984971664274,True,1.9598494353826852,0,1,2,0.275,1.403749999999999,0.9815198151545305,2.2804066180854847,0.22633411081145957,-2.9652901018583844,-60.073718662818386,121.3274135948205,0.275,0.21999999999999992,610,0,2,24.50895492237937,0.4607547061323076,RNG-e54cf66f3964,balanced,selection,30301,PAL,10,3,1000000.0,,False,,,,,
12.379450070220315,95.39094920225382,True,0.6756587202007529,35,1,0,2.025,1.6837499999999994,2.6012735175377997,3.0462657805910487,1.4284506547031397,-3.315153861772035,-66.62097055786687,133.24462301687416,1.4824999999999988,1.035,610,2,2,24.886495488648034,0.5567819969050695,OVP56,balanced,selection,30301,PAL,12,3,1000000.0,,False,,,,,
13.195518458181121,95.76214459433689,True,1.299874529485571,0,0,2,0.1,0.075,0.05777642039879557,1.3702979418083243,2.205715237577807,-2.1600512787461055,-53.00792220177616,111.23863729559312,0.1,0.075,610,0,2,24.553311682364235,0.5631445350675427,RANGE32,balanced,selection,30301,PAL,12,3,1000000.0,,True,,,,,
-6.689050701135349,-82.69979208720393,False,605.2659974905897,610,8,56,2.025,2.025,1000000.0,83.77050677114889,23.33018966553658,-156.3553420323111,-69.46234901803474,82.3054127668702,1000000.0,1000000.0,610,610,2,-6.734535849910934,-0.35023702130532774,PLL96-rejected-board,balanced,selection,30301,PAL,12,3,1000000.0,,False,,,,,
9.280251421489853,95.89089173357459,True,5.929109159347553,547,6,0,2.025,2.025,3.6080515121441534,15.690393673600342,-1.28798488684026,-2.0179994945725124,-54.98653444315716,123.09807212618722,1.95,1.94,610,42,2,12.593723482767787,0.3482707941673334,PLL96-IQ-corrected,balanced,selection,30301,PAL,12,3,1000000.0,,False,,,,,
16.86999509647406,96.06417196672326,True,0.0,0,0,2,0.05,0.025,0.445819608082484,1.954965111125261,1.8342914962379249,-1.3110403764638594,-59.438231843874334,122.84518691300923,0.05,0.025,610,0,2,27.675964270580337,0.7777833828991575,floating-PLL-IQ40,balanced,selection,30301,PAL,12,3,1000000.0,,True,,,,,
4.295915441611251,44.50702232285244,True,89.03513174404016,610,8,0,2.025,2.025,1000000.0,49.15145368982597,27.192495863320993,-25.654756964687323,-8.552619337142971,92.95260176322961,1000000.0,1000000.0,610,610,2,4.536969793305739,0.4392797844262207,HC50,balanced,selection,30301,PAL,12,3,1000000.0,,False,,,,,
11.551856507478547,99.02091025209671,True,3.9341279799247175,8,0,0,1.1024999999999978,0.9974999999999997,2.024681591799747,2.565509877604029,-2.093970960362809,-4.478864738900759,-63.88082118295298,112.31165844469726,0.975,0.9974999999999996,610,2,2,17.602510390630997,0.437910469932935,PLL96-board-fixed,balanced,selection,30301,PAL,12,3,1000000.0,,False,,,,,
11.625078684245056,97.55817119856943,True,0.9491844416562107,0,0,2,0.1,0.06624999999999999,0.2096249578433343,1.8800480195245846,1.6676414658369225,-0.9422268255296673,-55.8884505337587,131.18176516365625,0.1,0.06624999999999999,610,0,2,27.94551931994083,0.5364332715928477,RNG-bc1697bf00fe,balanced,selection,30301,PAL,12,3,1000000.0,,True,,,,,
12.643876508913142,95.34237542945029,True,4.150564617314931,0,0,2,0.15,0.7424999999999995,0.2156005717927878,2.228135020843429,1.9110194721584735,-2.318706032645293,-62.475400428314465,130.2506679317962,0.15,0.7424999999999995,610,0,2,22.841914115376603,0.4697641433682868,RNG-3d5d0a4cc2ff,balanced,selection,30301,PAL,12,3,1000000.0,,False,,,,,
12.36605860599271,96.22300706269162,True,4.285445420326223,0,0,2,0.15,0.125,0.23483295423224276,1.99154081219276,1.9170205789827317,-0.7472878691967066,-67.57967040488667,137.8602079667767,0.15,0.125,610,0,2,22.963251988760632,0.45737572647939995,RNG-f3b5a772da6c,balanced,selection,30301,PAL,12,3,1000000.0,,True,,,,,
12.274643637527356,97.52449857016131,True,0.7032622333751568,0,0,2,0.075,0.09124999999999998,0.09918727112940631,1.7293234970420108,0.9542303527294721,-1.3995518276355938,-54.161214478274914,124.17400290754449,0.075,0.09124999999999998,610,0,2,26.79800834814042,0.5518459198463562,RNG-c2510e3dad79,balanced,selection,30301,PAL,12,3,1000000.0,,True,,,,,
12.357751380179302,96.42717094316741,True,0.6900878293601004,0,0,2,0.075,0.09124999999999998,0.15026615731024362,2.2899629253916687,1.357461972865402,-2.5683693723261483,-51.4227250678406,123.77494397114381,0.075,0.09124999999999998,610,0,2,25.856614031451244,0.5538931327368706,RNG-0940539bbf6f,balanced,selection,30301,PAL,12,3,1000000.0,,True,,,,,
11.694662684143502,96.53827549273403,True,0.9272271016311167,0,0,2,0.6,0.7012499999999995,1.438994412092273,2.8765522315069108,2.0357538514618803,-1.305731987390252,-53.88136875303365,128.8749368607684,0.6,0.7012499999999995,610,0,2,26.451275430271025,0.5201151474792506,RNG-fd019b4a81f6,balanced,selection,30301,PAL,12,3,1000000.0,,False,,,,,
12.354113005692504,96.70519443609633,True,0.6982434127979925,0,0,2,0.075,0.09124999999999998,0.09855513560489053,1.6789147891644773,1.3843731380056512,-2.4853206421888316,-54.161213349896435,123.65738430669819,0.075,0.09124999999999998,610,0,2,25.942641930848602,0.5536323347738697,RNG-c5e6c02d20da,balanced,selection,30301,PAL,12,3,1000000.0,,True,,,,,
11.887605129559056,96.26698134768544,True,0.8067754077791719,0,0,2,0.125,0.06624999999999999,0.5884153141848137,2.12726507503887,1.858785490588246,-2.807574559009588,-55.894681739103234,128.63465272850058,0.125,0.06624999999999999,610,0,2,26.499787596382923,0.5417862600629184,RNG-3f495a5b43bd,balanced,selection,30301,PAL,12,3,1000000.0,,False,,,,,
12.175771067346554,95.41831145404085,True,1.204516938519448,0,0,2,0.6137499999999989,0.7012499999999995,1.4353935029101677,2.9600678681483963,2.0877806293864585,-2.9132608540237177,-53.91916455498171,127.29961985419206,0.6137499999999989,0.7012499999999995,610,0,2,25.361792353240986,0.5226017801060786,RNG-11e21c2af606,balanced,selection,30301,PAL,12,3,1000000.0,,False,,,,,
12.18602063953796,97.55604055695446,True,0.9265997490589711,0,0,2,0.35,0.075,0.8123136608518641,2.0350765216733278,2.0050757824608607,-0.7226538560778095,-53.457218281163875,117.97384115245478,0.35,0.075,610,0,2,26.068003976929475,0.5430264867915531,RNG-9ea16fe0c391,balanced,selection,30301,PAL,12,3,1000000.0,,False,,,,,
12.936224866281467,96.02892116587381,True,2.0037641154328734,0,0,2,0.16374999999999884,0.10749999999999997,0.36623359919637066,0.6557948039218909,3.8902428122704076,-1.469331385789351,-63.85705104104301,123.65070341106787,0.16374999999999887,0.10749999999999997,610,0,2,22.905544738071843,0.5327088402692028,RNG-95fcc6a14938,balanced,selection,30301,PAL,12,3,1000000.0,,True,,,,,
11.464261820531895,95.94476399860784,True,0.7998745294855708,0,0,2,0.1,0.09124999999999998,0.06790935375829203,1.4545209826202394,3.0914533226346768,-2.910676951847688,-57.51920937982076,126.70410843667395,0.1,0.09124999999999998,610,0,2,23.798828370905753,0.54183355493859,RNG-6f794502cea4,balanced,selection,30301,PAL,12,3,1000000.0,,True,,,,,
12.322899252882465,95.54839365647284,True,0.8212045169385194,0,0,2,0.1,0.075,0.1419059374443762,2.743878535767692,1.7509048061559422,-3.6703046653360354,-52.96630250284574,121.9760417104491,0.1,0.075,610,0,2,25.472722713672724,0.5478672109819294,RNG-d5fa32b9ac54,balanced,selection,30301,PAL,12,3,1000000.0,,True,,,,,
11.810922368734872,97.26043640883961,True,0.6938519447929736,0,0,2,0.08874999999999886,0.08249999999999998,0.2868211872275529,1.7039520469730176,0.6939057997025925,-1.9662040662367608,-57.99039079520598,134.52285724890214,0.08874999999999886,0.08249999999999998,610,0,2,27.620830588733362,0.5397316462282561,RNG-9b9a46f61eea,balanced,selection,30301,PAL,12,3,1000000.0,,True,,,,,
11.53631589528116,94.6098632397978,True,0.6442910915934755,0,0,2,0.1,0.09124999999999998,0.22837182077609786,2.4442079240519954,2.629643850910321,-4.472775380199624,-52.440016021158385,118.87546124230215,0.1,0.09124999999999998,610,0,2,23.785290107962908,0.5186904087986407,RNG-e84fd33487ba,balanced,selection,30301,PAL,12,3,1000000.0,,True,,,,,
11.361910587216723,96.84774096800612,True,1.328732747804266,0,0,2,0.1,0.7937499999999995,0.5360106128139445,2.034197979047206,0.13926849881427808,-2.3816933360603127,-57.648932539597794,117.05979850844173,0.1,0.7937499999999995,610,0,2,24.87506528488504,0.4917433300938985,RNG-e54cf66f3964,balanced,selection,30301,PAL,12,3,1000000.0,,False,,,,,
13.425187952413234,96.36015537748713,True,0.5495608531994981,2,0,1,1.038749999999999,0.4612499999999998,1.9196616212581787,1.8280730123355153,1.2619817128251976,-2.43658867374429,-67.6489415849234,130.94925975739102,1.025,0.4612499999999998,610,1,2,26.420494972128132,0.6067227662750981,OVP56,balanced,selection,30301,PAL,14,3,1000000.0,,False,,,,,
14.064279700949982,95.80714219170177,True,1.1900878293601005,0,0,2,0.075,0.075,0.05325472348787939,1.3259067256220503,2.1414641891129222,-2.249336443806417,-51.246910777728296,110.33684140661308,0.075,0.075,610,0,2,24.795219548740786,0.6107869145584628,RANGE32,balanced,selection,30301,PAL,14,3,1000000.0,,True,,,,,
-6.69006464156028,-82.58657356813329,False,605.6229611041405,610,8,56,2.025,2.025,1000000.0,83.4665669189493,23.221976307852074,-156.3160518066239,-69.52212664006598,81.97654656457021,1000000.0,1000000.0,610,610,2,-6.736316066648136,-0.354500866818119,PLL96-rejected-board,balanced,selection,30301,PAL,14,3,1000000.0,,False,,,,,
9.178857414940666,96.5574782471516,True,6.001254705144291,569,5,0,2.025,2.025,3.6395691248599946,15.832640011672227,-1.2262966416643026,-1.8146787887379703,-55.01099393673088,123.07340606316959,1.9,1.9300000000000002,610,101,2,12.246112597493914,0.35434745517286564,PLL96-IQ-corrected,balanced,selection,30301,PAL,14,3,1000000.0,,False,,,,,
18.159073166174764,96.2234911777633,True,0.0,0,0,2,0.025,0.025,0.11243395146761921,1.7839237357200648,1.795788067544648,-1.1913832581512314,-56.405473614426484,119.381093125907,0.025,0.025,610,0,2,28.163857754349316,0.8263806751648496,floating-PLL-IQ40,balanced,selection,30301,PAL,14,3,1000000.0,,True,,,,,
4.331027567384702,44.525830263796934,True,89.07340025094103,610,8,0,2.025,2.025,1000000.0,49.080776863275275,27.169531188499967,-25.630299819489604,-4.771198245264621,93.0872930125704,1000000.0,1000000.0,610,610,2,4.541942763533571,0.47828909635257016,HC50,balanced,selection,30301,PAL,14,3,1000000.0,,False,,,,,
11.786516075484252,98.89596711703086,True,3.8544542032622333,7,0,0,1.225,0.6724999999999999,2.060819394186704,3.6319266146755034,-1.8298512744366457,-3.6686519224263865,-60.47499636029161,112.39395157587367,1.125,0.6725,610,2,2,17.658167658449106,0.4535406198301404,PLL96-board-fixed,balanced,selection,30301,PAL,14,3,1000000.0,,False,,,,,
12.683889798342328,97.60966189508568,True,0.45922208281053956,0,0,2,0.075,0.06624999999999999,0.05313916156473754,1.880367994815563,1.7657382804567454,-0.7818154707875454,-54.60864038310594,130.50625238945213,0.075,0.06624999999999999,610,0,2,28.326492616661127,0.5883568839180853,RNG-bc1697bf00fe,balanced,selection,30301,PAL,14,3,1000000.0,,True,,,,,
12.90637450422875,95.60133640896123,True,3.945420326223337,0,0,2,0.15,0.125,0.06506617060636848,2.1209721873220952,1.7737846776254576,-2.114321659465593,-62.62593985152736,130.38652857084372,0.15,0.125,610,0,2,23.328010666166715,0.48287368744188186,RNG-3d5d0a4cc2ff,balanced,selection,30301,PAL,14,3,1000000.0,,True,,,,,
12.596404190891509,96.39788418853263,True,4.035131744040151,0,0,2,0.125,0.125,0.06395438948521227,1.9154290555992257,1.8453164452409507,-0.5780259789022134,-68.01089334475185,138.00855839339604,0.125,0.125,610,0,2,23.43852779830202,0.46757263701221635,RNG-f3b5a772da6c,balanced,selection,30301,PAL,14,3,1000000.0,,True,,,,,
13.221693123970653,97.67230909631226,True,0.486198243412798,0,0,2,0.075,0.09124999999999998,0.09266102510640864,1.6756571013003991,0.8158466989048901,-1.14772730928847,-50.295407778617125,121.91408956528286,0.075,0.09124999999999998,610,0,2,26.984186529161278,0.5995802102079206,RNG-c2510e3dad79,balanced,selection,30301,PAL,14,3,1000000.0,,True,,,,,
13.30881720358796,96.76693945796227,True,0.4880803011292346,0,0,2,0.075,0.09124999999999998,0.14552054668738956,1.9723692680258962,1.2065236802943533,-2.253135049282037,-50.622315506433374,121.01035373698863,0.075,0.09124999999999998,610,0,2,26.272328079672242,0.602201975325433,RNG-0940539bbf6f,balanced,selection,30301,PAL,14,3,1000000.0,,True,,,,,
12.38558861140052,96.66159560350052,True,0.698870765370138,0,0,2,0.35499999999999543,0.09124999999999998,1.088874908138566,2.7219876025747496,2.028724025183965,-1.210578238377509,-52.0939259958762,127.27517506584778,0.35499999999999543,0.09124999999999998,610,0,2,26.840941438880023,0.5538218243444588,RNG-fd019b4a81f6,balanced,selection,30301,PAL,14,3,1000000.0,,False,,,,,
13.301947944203578,96.94832877896985,True,0.4880803011292346,0,0,2,0.075,0.09124999999999998,0.09119538563247451,1.6132518223259806,1.242423132015769,-2.146493793123668,-49.206031908731646,121.01035373648818,0.075,0.09124999999999998,610,0,2,26.29329144756757,0.6018960449207641,RNG-c5e6c02d20da,balanced,selection,30301,PAL,14,3,1000000.0,,True,,,,,
12.914810962692458,96.4507156395825,True,0.4611041405269762,0,0,2,0.075,0.06624999999999999,0.27688437842607416,2.0178098902874906,1.934198352737238,-2.5313035717710415,-56.064279405395574,128.87321815387494,0.075,0.06624999999999999,610,0,2,27.007632222326894,0.5928196346709158,RNG-3f495a5b43bd,balanced,selection,30301,PAL,14,3,1000000.0,,True,,,,,
12.899243735068321,95.6697168546637,True,1.0846925972396488,0,0,2,0.35499999999999543,0.09124999999999998,1.0851073641825857,2.7886510109198945,2.0783313850439775,-2.676002138492631,-50.78125858564142,123.28837419296764,0.35499999999999543,0.09124999999999998,610,0,2,25.803112382765732,0.5586004219070693,RNG-11e21c2af606,balanced,selection,30301,PAL,14,3,1000000.0,,False,,,,,
13.002362583564643,97.70177586593094,True,0.6656210790464241,0,0,2,0.1,0.075,0.719423864436892,1.8700219500540707,1.9479662822262729,-0.593672413694111,-51.33673965231419,118.07462992197907,0.1,0.075,610,0,2,26.49494429001967,0.585897807671352,RNG-9ea16fe0c391,balanced,selection,30301,PAL,14,3,1000000.0,,False,,,,,
13.518255436941303,96.18604845379998,True,1.8889585947302383,0,0,2,0.125,0.125,0.15123806008962207,0.6938598809833689,3.9372617057098385,-0.9138456403880353,-63.676744405673304,122.87526546282635,0.125,0.125,610,0,2,22.873193600073755,0.5667619781510634,RNG-95fcc6a14938,balanced,selection,30301,PAL,14,3,1000000.0,,True,,,,,
12.372363204045309,96.24245792225315,True,0.33688833124215806,0,0,2,0.075,0.09124999999999998,0.05699978429639946,1.317893781017583,3.0907385765167805,-2.5741466218796765,-52.83707632982689,126.30436035994802,0.075,0.09124999999999998,610,0,2,24.19490611353488,0.5886799705261272,RNG-6f794502cea4,balanced,selection,30301,PAL,14,3,1000000.0,,True,,,,,
13.29408760260039,95.91496258123198,True,0.5715181932245922,0,0,2,0.1,0.075,0.043619536155560266,2.3735699009050792,1.6950884073739756,-3.4498093101679945,-51.99174791704114,122.0958176962342,0.1,0.075,610,0,2,26.085290339667537,0.5974261998064069,RNG-d5fa32b9ac54,balanced,selection,30301,PAL,14,3,1000000.0,,True,,,,,
12.726042188212647,97.41089770564231,True,0.42973651191969886,0,0,2,0.075,0.08249999999999998,0.1308938375986871,1.6391664678531055,0.6784371135150387,-1.7454281024409588,-54.126957536114546,134.70008661874547,0.075,0.08249999999999998,610,0,2,28.13815900580247,0.584624779171554,RNG-9b9a46f61eea,balanced,selection,30301,PAL,14,3,1000000.0,,True,,,,,
12.063421837755941,94.93245245294128,True,0.4002509410288582,0,0,2,0.125,0.09124999999999998,0.05528428763234987,2.2239264525879108,2.541147642661701,-4.196297909607228,-48.8353317502572,118.33692793904402,0.125,0.09124999999999998,610,0,2,24.3282727920029,0.5448293141228298,RNG-e84fd33487ba,balanced,selection,30301,PAL,14,3,1000000.0,,True,,,,,
11.780557329700173,97.07225148514786,True,1.0828105395232122,0,0,2,0.1,0.09874999999999996,0.25211604470957416,1.8922901958573581,0.07230459840002768,-2.0031498030942276,-56.03809950326751,117.12479545258512,0.1,0.09874999999999996,610,0,2,25.02669327333102,0.5121952261907139,RNG-e54cf66f3964,balanced,selection,30301,PAL,14,3,1000000.0,,True,,,,,
14.84428469594632,97.25251204886062,True,0.41593475533249685,0,0,2,0.05,0.06624999999999999,0.5561660693725494,0.6295884543937138,1.1569064021188646,-1.5585922151174405,-63.34500831352591,125.03736907667498,0.05,0.06624999999999999,610,0,2,27.777243273622126,0.6737834948853398,OVP56,balanced,selection,30301,PAL,18,3,1000000.0,,False,,,,,
15.207740924293631,95.70741864923073,True,1.0175658720200753,0,0,2,0.075,0.075,0.04069075699612914,1.372495040938056,2.0433433056671437,-2.6566251049717526,-51.014619773807816,108.31338967527257,0.075,0.075,610,0,2,25.06644310658732,0.6733887362793093,RANGE32,balanced,selection,30301,PAL,18,3,1000000.0,,True,,,,,
-6.694250830138561,-82.58474654532954,False,606.7057716436638,610,8,56,2.025,2.025,1000000.0,83.64818403280428,22.92941628253783,-156.21855781701245,-68.0072419930149,78.23884901066147,1000000.0,1000000.0,610,610,2,-6.740913940373112,-0.357978610564226,PLL96-rejected-board,balanced,selection,30301,PAL,18,3,1000000.0,,False,,,,,
9.004508088637627,97.61967020606922,True,6.20702634880803,589,8,0,2.025,2.025,3.6762671932532975,15.521555990375685,-1.0534556814782963,-1.6271433264232475,-55.16822514347127,119.31621486546636,1.65,1000000.0,610,83,2,11.796798086298763,0.36106812129394583,PLL96-IQ-corrected,balanced,selection,30301,PAL,18,3,1000000.0,,False,,,,,
19.99466387682273,96.37190015341181,True,0.0,0,0,2,0.025,0.025,0.021280715506275076,1.642302115976585,1.7578728812767608,-1.0753277327480797,-52.86903900494748,116.19475313233595,0.025,0.025,610,0,2,28.68025917643926,0.8845831053871677,floating-PLL-IQ40,balanced,selection,30301,PAL,18,3,1000000.0,,True,,,,,
4.363764927014267,44.5213846992314,True,88.98682559598495,610,8,0,2.025,2.025,1000000.0,49.00416693135348,27.16476124506449,-25.60873637654599,-0.8648319348737559,87.6649482715266,1000000.0,1000000.0,610,610,2,4.543725372734814,0.5303365066514605,HC50,balanced,selection,30301,PAL,18,3,1000000.0,,False,,,,,
11.961374653064496,98.18933420226048,True,3.723337515683814,25,0,0,1.8024999999999978,1.3449999999999995,2.410204445702785,5.017321079672992,-1.190435188439745,-2.859966104994244,-60.51647454341825,111.79337960510237,1.2649999999999977,1.3449999999999995,610,1,2,17.48058887477262,0.4699340205077495,PLL96-board-fixed,balanced,selection,30301,PAL,18,3,1000000.0,,False,,,,,
14.24531033890866,97.54401068407951,True,0.22961104140526978,0,0,2,0.05,0.06624999999999999,0.027960012429932273,1.984660952038013,1.9492154782641995,-0.6169130798959995,-49.36041834803919,128.38834762529257,0.05,0.06624999999999999,610,0,2,28.535031100460337,0.663264232300243,RNG-bc1697bf00fe,balanced,selection,30301,PAL,18,3,1000000.0,,True,,,,,
13.13681705523438,95.81384424682315,True,3.9792973651191965,0,0,2,0.125,0.125,0.04553867029024101,1.9972186313938127,1.5880244924157676,-2.1443061256154197,-61.77408940598958,128.56966937316957,0.125,0.125,610,0,2,23.661749892477552,0.49231377201119736,RNG-3d5d0a4cc2ff,balanced,selection,30301,PAL,18,3,1000000.0,,True,,,,,
12.781982678004564,96.48597904466827,True,4.0388958594730235,0,0,2,0.125,0.125,0.044341724420574394,1.8653536430447932,1.7445163582705998,-0.6203872202230484,-67.77438421080916,136.50609367418252,0.125,0.125,610,0,2,23.77463807264466,0.47273200869458837,RNG-f3b5a772da6c,balanced,selection,30301,PAL,18,3,1000000.0,,True,,,,,
14.480448568329978,97.80816462155285,True,0.3111668757841907,0,0,2,0.075,0.09124999999999998,0.04359604057822637,1.6609399488202832,0.6694922963773995,-0.7868542262965753,-47.41242040124934,121.25982078829894,0.075,0.09124999999999998,610,0,2,27.032741661721783,0.6626994203952029,RNG-c2510e3dad79,balanced,selection,30301,PAL,18,3,1000000.0,,True,,,,,
14.585555808795492,97.15026753645674,True,0.31430363864491845,0,0,2,0.075,0.09124999999999998,0.03960615534211326,1.6795553637452718,1.030558779497885,-1.8173758353330505,-48.98437218391108,120.74880387215019,0.075,0.09124999999999998,610,0,2,26.631711561108368,0.6664926756698223,RNG-0940539bbf6f,balanced,selection,30301,PAL,18,3,1000000.0,,True,,,,,
13.164318376471458,96.75824895885125,True,0.5439146800501882,0,0,2,0.075,0.1,0.5203935301572342,2.5663679889301094,2.0585237762293795,-1.1068906877507956,-50.74428821548372,126.22563659776536,0.075,0.1,610,0,2,27.201678050238634,0.5914968709623185,RNG-fd019b4a81f6,balanced,selection,30301,PAL,18,3,1000000.0,,False,,,,,
14.57961733088905,97.22593011381069,True,0.31618569636135513,0,0,2,0.075,0.09124999999999998,0.0402476961971779,1.5821657591318146,1.0746460353035743,-1.694455821928684,-47.80075048910484,120.748803872274,0.075,0.09124999999999998,610,0,2,26.606133172395023,0.666349995438217,RNG-c5e6c02d20da,balanced,selection,30301,PAL,18,3,1000000.0,,True,,,,,
14.41069407461535,96.5331584578147,True,0.2509410288582183,0,0,2,0.05,0.06624999999999999,0.0331878656473945,1.9676345700010558,2.09071528418239,-2.2525473692208173,-49.366776611115455,124.65272755174941,0.05,0.06624999999999999,610,0,2,27.428587632982605,0.6655900660632222,RNG-3f495a5b43bd,balanced,selection,30301,PAL,18,3,1000000.0,,True,,,,,
13.799684688027536,95.9856284738607,True,1.0294855708908406,0,0,2,0.075,0.1,0.5209976243613438,2.5625258849389154,2.1211418122667687,-2.3759131220799508,-50.41865266538284,122.57372608846508,0.075,0.1,610,0,2,26.297782080694518,0.6040707762967277,RNG-11e21c2af606,balanced,selection,30301,PAL,18,3,1000000.0,,False,,,,,
14.078226660621079,97.82840854877406,True,0.43663739021329984,0,0,2,0.075,0.075,0.08435507506086751,1.7458132780447575,1.8622420107532,-0.44686417071354023,-50.584436851987476,117.42387280840943,0.075,0.075,610,0,2,27.006596389171538,0.6413789436707252,RNG-9ea16fe0c391,balanced,selection,30301,PAL,18,3,1000000.0,,True,,,,,
14.316966828115405,96.05921383819779,True,1.8707653701380176,0,0,2,0.125,0.125,0.042885187935489975,1.0423208972025018,3.9657940821031183,-0.7286808543902136,-62.0172420842539,121.21937697198116,0.125,0.125,610,0,2,22.727895290103234,0.6169141617222039,RNG-95fcc6a14938,balanced,selection,30301,PAL,18,3,1000000.0,,True,,,,,
13.570969326903574,96.54611104434366,True,0.11480552070263489,0,0,2,0.075,0.075,0.05131468329154411,1.18993847327937,3.122636659582284,-2.159437361321722,-54.00752415451707,122.25224236469644,0.075,0.075,610,0,2,24.649916238516496,0.6494612895373498,RNG-6f794502cea4,balanced,selection,30301,PAL,18,3,1000000.0,,True,,,,,
14.681413966659651,96.3030140795433,True,0.3299874529485571,0,0,2,0.075,0.075,0.0394116567594486,2.019755567265409,1.6070939454190505,-3.2727926521870656,-50.66524678358489,118.78837820315304,0.075,0.075,610,0,2,26.791136434997288,0.6671634397235006,RNG-d5fa32b9ac54,balanced,selection,30301,PAL,18,3,1000000.0,,True,,,,,
13.916516227473455,97.51746231830766,True,0.26223337515683814,0,0,2,0.05,0.09124999999999998,0.030835363985708804,1.561278100484875,0.7038092008888468,-1.5195845643839132,-51.18161943927132,128.75735751569164,0.05,0.09124999999999998,610,0,2,28.684757987863115,0.6421129456319847,RNG-9b9a46f61eea,balanced,selection,30301,PAL,18,3,1000000.0,,True,,,,,
12.646380853968019,95.25346828673898,True,0.2603513174404015,0,0,2,0.1,0.09124999999999998,0.053752620980702714,2.064441625908491,2.4359861770894207,-3.851936737903391,-47.897892730622914,114.8173781532113,0.1,0.09124999999999998,610,0,2,24.932878903365385,0.5734513201795758,RNG-e84fd33487ba,balanced,selection,30301,PAL,18,3,1000000.0,,True,,,,,
12.22515177022309,97.29906739373737,True,0.9422835633626098,0,0,2,0.075,0.09874999999999996,0.09177775186669654,1.747834085868434,0.011527690424242638,-1.5143299860241262,-54.16097254023505,115.48103924399977,0.075,0.09874999999999996,610,0,2,25.113616328061212,0.5330908091883214,RNG-e54cf66f3964,balanced,selection,30301,PAL,18,3,1000000.0,,True,,,,,
15.510017648934939,97.53561408749995,True,0.34253450439146804,0,0,2,0.05,0.05,0.09222877826895251,0.2719456188961234,1.0899939615315561,-1.2857138362986904,-61.86982494739754,124.00770497785182,0.05,0.05,610,0,2,28.132926796838614,0.7045292021214109,OVP56,balanced,selection,30301,PAL,22,3,1000000.0,,True,0.822906744308673,-60.10571604468075,15.412176261311147,25.600537817450377,12.102025254419402
15.740957162426614,95.67749900066228,True,0.9328732747804266,0,0,2,0.05,0.06624999999999999,0.0402731452646574,1.3389107591135074,1.9769389233174186,-2.8797202714327423,-50.14606199352269,106.814832741844,0.05,0.06624999999999999,610,0,2,25.197328589453928,0.7019663559184773,RANGE32,balanced,selection,30301,PAL,22,3,1000000.0,,True,0.7831403087372635,-61.36939212119921,16.402569790802307,23.59401709251571,11.999856269694387
-6.704427627169225,-82.88285968419082,False,607.5771643663738,610,8,57,2.025,2.025,1000000.0,84.37168381209081,22.834077902162626,-156.229989155256,-67.93704575019095,75.8241193135455,1000000.0,1000000.0,610,610,2,-6.750522456051753,-0.36048801057810403,PLL96-rejected-board,balanced,selection,30301,PAL,22,3,1000000.0,contrast;waveform;detail_floor;sync;h_jitter_us;v_jitter_us;h_width_rmse_us;sync_error_ire;black_error_ire;white_error_ire,False,0.3254715877291068,64.7823288640191,26.434223997621327,34.09446636971076,28.790593947826014
8.917746246569601,98.47127828489565,True,6.236511919698871,604,8,0,2.025,2.025,3.683352186980405,14.703843644648709,-1.0499623598913173,-1.5558842233628492,-48.7837584768246,111.1506588503439,1.65,1000000.0,610,186,2,11.613693206819967,0.3649583674092333,PLL96-IQ-corrected,balanced,selection,30301,PAL,22,3,1000000.0,waveform;detail_floor;sync;h_jitter_us;v_jitter_us;h_width_rmse_us;sync_error_ire,False,0.37898444401586806,-112.55964380747207,26.61384825687577,33.36254413608198,16.902032039094685
20.958750261251254,96.42996736604363,True,0.0,0,0,2,0.025,0.025,0.019731808388870037,1.6188830279637967,1.7397558936019908,-1.0143009178373268,-50.47170003193683,113.24912177361914,0.025,0.025,610,0,2,28.896538292849545,0.9099491687722635,floating-PLL-IQ40,balanced,selection,30301,PAL,22,3,1000000.0,,True,0.48763628067194065,13.613760480667676,9.3098213610778,19.69152153104872,7.010019866137071
4.37650782886174,44.521131540825124,True,88.88331242158092,610,8,0,2.025,2.025,1000000.0,48.968626099706995,27.175371340283274,-25.57230038357617,0.7470973456724295,84.50001714365497,1000000.0,1000000.0,610,610,2,4.544290094987368,0.5557993149412562,HC50,balanced,selection,30301,PAL,22,3,1000000.0,contrast;waveform;sync;h_jitter_us;v_jitter_us;h_width_rmse_us;sync_error_ire;black_error_ire;white_error_ire,False,0.40996291605676227,98.78262804780168,15.19979483462461,22.7792928490548,30.751662472262225
11.954963467465001,97.54140496161418,True,3.6781681304893348,0,0,2,0.425,0.33499999999999974,0.12675004445952592,5.584180728579396,-0.7966296350285381,-2.6478655656033636,-58.22170957432904,111.69450735124788,0.425,0.3349999999999998,610,0,2,17.170462521349332,0.47585803748767425,PLL96-board-fixed,balanced,selection,30301,PAL,22,3,1000000.0,waveform,True,0.4313188654222785,-98.89871936458559,25.536430675144874,31.566245319091284,15.45567425991443
15.11779783052907,97.43498552123424,True,0.1549560853199498,0,0,2,0.05,0.05,0.025647356301301345,2.0786170993900566,2.0272087686975975,-0.650450854593004,-45.75763573786196,123.03265466411064,0.05,0.05,610,0,2,28.56746462740975,0.7031829776809191,RNG-bc1697bf00fe,balanced,selection,30301,PAL,22,3,1000000.0,,True,0.8322535141875159,-57.88237306197692,17.880385570981485,28.303998992529603,12.064261193711134
13.199113523902145,95.87105504513796,True,4.11543287327478,0,0,2,0.125,0.09124999999999998,0.046341568635584154,1.9155399388835617,1.4906176208913373,-2.303017408280586,-61.78996824184507,129.0106263577066,0.125,0.09124999999999998,610,0,2,23.635086132566624,0.4927939380892917,RNG-3d5d0a4cc2ff,balanced,selection,30301,PAL,22,3,1000000.0,,True,0.4612259495293103,-93.84764983995666,35.67369981052709,38.22375208532982,15.4936083773556
12.806350115821852,96.44544949022503,True,4.157465495608531,0,0,2,0.125,0.075,0.044721359549995794,1.889735780069201,1.6662108426880111,-0.7849864701306872,-64.83159130802356,136.55717859730134,0.125,0.075,610,0,2,23.73012187812991,0.469532058700279,RNG-f3b5a772da6c,balanced,selection,30301,PAL,22,3,1000000.0,,True,0.5056343280316068,-99.28522755311505,35.11104292250198,38.085939482886914,16.363463130393956
15.068049482819585,97.81932667051464,True,0.2553324968632371,0,0,2,0.075,0.09124999999999998,0.04211372191780836,1.649816982791694,0.6544716166867145,-0.65810146041188,-46.0706323803789,116.2715557716305,0.075,0.09124999999999998,610,0,2,27.011561870811903,0.6912859492955031,RNG-c2510e3dad79,balanced,selection,30301,PAL,22,3,1000000.0,,True,0.924958610643642,-60.976449373090226,15.158074952034504,24.368011955493063,12.836426799327736
15.194232941844392,97.28876315651358,True,0.2509410288582183,0,0,2,0.075,0.075,0.03892773885623228,1.5640367279795555,0.9929060168629703,-1.6413933800612417,-47.272163889831425,116.2330375306088,0.075,0.075,610,0,2,26.749743475712012,0.6960214260854415,RNG-0940539bbf6f,balanced,selection,30301,PAL,22,3,1000000.0,,True,0.9047314083142859,-60.95719399652135,15.164139470217807,24.547281002915962,12.683040643706848
13.452721639896554,96.78275657388407,True,0.4742785445420326,0,0,2,0.075,0.1,0.03335723187005761,2.498241567972141,2.0777663138032647,-1.0764002571256226,-50.569993982489486,125.16140065104314,0.075,0.1,610,0,2,27.34289086525406,0.6053002837062588,RNG-fd019b4a81f6,balanced,selection,30301,PAL,22,3,1000000.0,,True,0.8275793709392797,-60.55495140791783,16.44061238635809,31.043945850888118,13.138078412697556
15.190500791320751,97.3285393660685,True,0.25031367628607276,0,0,2,0.075,0.075,0.03921619354381011,1.558667135162472,1.035790131897004,-1.5132698984809625,-47.32887006194609,116.23303763988285,0.075,0.075,610,0,2,26.716674627904474,0.6960441195900181,RNG-c5e6c02d20da,balanced,selection,30301,PAL,22,3,1000000.0,,True,0.9047206855824608,-60.94499347405423,15.093423663863932,24.676052972470732,12.69373953234222
15.23625728779236,96.50105243261254,True,0.1806775407779172,0,0,2,0.05,0.05,0.024545040566139684,1.9617397338084528,2.1661596500348557,-2.2305251126463004,-46.47753636756471,120.53333781088507,0.05,0.05,610,0,2,27.533315458903587,0.7040726231386272,RNG-3f495a5b43bd,balanced,selection,30301,PAL,22,3,1000000.0,,True,0.8270816770532741,-57.8090976700087,17.667767437188928,28.40404118241103,12.035235868617093
14.17539045379117,96.14073523590906,True,1.0006273525721456,0,0,2,0.075,0.1,0.03303314282035792,2.4409720550998015,2.146541016675319,-2.2493828670096927,-50.425389738703444,119.7123754321354,0.075,0.1,610,0,2,26.515858449997047,0.6233234093267023,RNG-11e21c2af606,balanced,selection,30301,PAL,22,3,1000000.0,,True,0.8151891067271946,-61.33983691128957,17.21458663684241,31.070673329519533,13.152998597972406
14.626179810939995,97.87632300346839,True,0.3588456712672522,0,0,2,0.075,0.075,0.032955509004876433,1.728464606031738,1.8170974040041494,-0.386915153865629,-50.23272069803518,114.79004601256385,0.075,0.075,610,0,2,27.25137097618857,0.6691240970641269,RNG-9ea16fe0c391,balanced,selection,30301,PAL,22,3,1000000.0,,True,0.8898627575659876,-52.58578882841401,20.1551319220875,28.60361589005451,12.026186855568286
14.768782019195179,95.82912092459425,True,1.8475533249686324,0,0,2,0.125,0.125,0.03701185011831114,1.283747095758676,3.9366533136724793,-0.9892725231930529,-57.850682532350255,120.5415710760691,0.125,0.125,610,0,2,22.701008747171095,0.6455226443193562,RNG-95fcc6a14938,balanced,selection,30301,PAL,22,3,1000000.0,,True,0.628198993658427,-67.61010688840088,19.618829532499173,28.855849006467608,12.786616486166215
14.105886834672845,96.66242562146903,True,0.07653701380175659,0,0,2,0.075,0.09124999999999998,0.04997950399585945,1.1434826510968499,3.1336858744271905,-1.930626148403457,-54.887837304322645,125.02974110238888,0.075,0.09124999999999998,610,0,2,24.86844558268164,0.6753413678422339,RNG-6f794502cea4,balanced,selection,30301,PAL,22,3,1000000.0,,True,0.9130732039471623,-42.732895994863426,18.402575619573113,30.503342426263494,11.47209032458568
15.405034204534402,96.42285580267952,True,0.22082810539523212,0,0,2,0.075,0.075,0.03756142510259301,1.8977733609144878,1.55317405142864,-3.306509049893118,-47.07265790551409,116.9282104317375,0.075,0.075,610,0,2,27.036631833726915,0.7021334879477661,RNG-d5fa32b9ac54,balanced,selection,30301,PAL,22,3,1000000.0,,True,0.8125561282875728,-52.276308759400315,19.92972054729248,31.615223211882505,11.371722150026441
14.46152655516906,97.54288947167626,True,0.21957340025094105,0,0,2,0.05,0.06624999999999999,0.02956307510791233,1.5162635380224556,0.7193439678549467,-1.4596570577298913,-50.55381686450335,127.00440789499525,0.05,0.06624999999999999,610,0,2,28.903819133552755,0.6678807973576061,RNG-9b9a46f61eea,balanced,selection,30301,PAL,22,3,1000000.0,,True,0.8277029031553151,-61.83229203932168,16.874753372103648,28.56402985320013,12.518446563743494
12.865437746076637,95.40068591670533,True,0.23462986198243413,0,0,2,0.1,0.09124999999999998,0.05332201895013009,2.041614501744788,2.3894355188908833,-3.5981402449535866,-47.95545401542186,114.21672524692683,0.1,0.09124999999999998,610,0,2,25.238995559232883,0.5839611993828083,RNG-e84fd33487ba,balanced,selection,30301,PAL,22,3,1000000.0,,True,0.6723070199792318,-46.30093663399584,17.86075396139123,33.772730684534345,11.901768093292302
12.39234231737199,97.39188616656647,True,0.8814303638644918,0,0,2,0.075,0.05,0.03708099243547831,1.695433980483102,-0.005935413400245664,-1.2585038224203906,-53.12562555118397,112.81236423590529,0.075,0.05,610,0,2,25.112307504226408,0.5411028535777895,RNG-e54cf66f3964,balanced,selection,30301,PAL,22,3,1000000.0,,True,0.6721151015892814,-54.06755020989225,24.34160108115038,40.294216586526105,12.420842876757327
15.939049368679065,97.61193199225865,True,0.30614805520702637,0,0,2,0.05,0.05,0.021184203827457823,0.12298506181904814,1.1017638700533712,-1.2054273127007744,-58.335744589535345,124.33522222631623,0.05,0.05,610,0,2,28.25396880024521,0.7240280459914936,OVP56,balanced,selection,30301,PAL,30,3,1000000.0,,True,0.8019043686764109,-60.38698889925782,15.662736745279904,26.950266956342205,11.987370790999329
16.07609388366282,95.73219111998253,True,0.8613550815558344,0,0,2,0.05,0.06624999999999999,0.039294495505721665,1.2338545228953552,1.898626827905806,-2.96127471784631,-45.62132519412273,104.06338138980993,0.05,0.06624999999999999,610,0,2,25.325157413406863,0.7195346502692384,RANGE32,balanced,selection,30301,PAL,30,3,1000000.0,,True,0.7729751872540049,-61.38781155871554,15.589264088634582,26.75058976362146,11.881665857417422
-6.71157878779489,-83.12817516898093,False,607.9184441656212,610,8,57,2.025,2.025,1000000.0,85.06168277981493,22.74913847468755,-156.26979700118986,-67.79314338829876,68.36511705858626,1000000.0,1000000.0,610,610,2,-6.757385776895131,-0.3601391353990152,PLL96-rejected-board,balanced,selection,30301,PAL,30,3,1000000.0,contrast;waveform;detail_floor;sync;h_jitter_us;v_jitter_us;h_width_rmse_us;sync_error_ire;black_error_ire;white_error_ire,False,0.3290036425469398,65.30965954316412,22.640767736854468,30.527794710531253,28.758535249931796
8.860401690116667,99.19861691532377,True,6.2992471769134255,610,8,0,2.025,2.025,1000000.0,13.90045037393573,-1.1142757807054822,-1.5434736454519553,-41.79554409953677,107.1780137338651,1000000.0,1000000.0,610,610,2,11.498217367415126,0.36600225843561024,PLL96-IQ-corrected,balanced,selection,30301,PAL,30,3,1000000.0,waveform;detail_floor;sync;h_jitter_us;v_jitter_us;h_width_rmse_us;sync_error_ire,False,0.37776733660454775,-112.23254147194847,22.755098952142056,31.91295860962323,16.909624759571173
21.640814077165565,96.45124939880384,True,0.0,0,0,2,0.025,0.025,0.020040941700985387,1.6143534126862107,1.7377263427930632,-0.9742714624547634,-45.050425326463866,112.27207102678534,0.025,0.025,610,0,2,29.00468405222717,0.9259319326954893,floating-PLL-IQ40,balanced,selection,30301,PAL,30,3,1000000.0,,True,0.48488216875034795,13.238205618195597,7.076766897469309,15.996651309504308,6.888623538021431
4.384643412427312,44.52692788902576,True,88.78419071518192,610,8,0,2.025,2.025,1000000.0,48.947471947486044,27.176593136006606,-25.532233293225133,2.663760619837774,84.34354238871452,1000000.0,1000000.0,610,610,2,4.545424194578269,0.572290221317905,HC50,balanced,selection,30301,PAL,30,3,1000000.0,contrast;waveform;sync;h_jitter_us;v_jitter_us;h_width_rmse_us;sync_error_ire;black_error_ire;white_error_ire,False,0.4037362412365154,98.59389216162118,15.233848859538465,23.970167499259453,30.732652001841508
11.86519644554201,97.06814428548206,True,3.605395232120452,0,0,2,0.275,0.3637499999999999,0.10849661927195069,5.696989095467619,-0.6489732262898029,-2.606259841467043,-50.522166816938245,111.51029336442741,0.275,0.3637499999999999,610,0,2,16.714494447680146,0.47991839546241155,PLL96-board-fixed,balanced,selection,30301,PAL,30,3,1000000.0,waveform,True,0.43347952326678857,-100.4203968061379,25.43248828447544,30.80860671711757,15.476508879057985
15.690250519724522,97.33671736579056,True,0.10163111668757842,0,0,2,0.05,0.05,0.02420879124967812,2.138443600649214,2.0353948575452763,-0.7855906945522954,-42.95878436874508,119.83587469623296,0.05,0.05,610,0,2,28.628231812558166,0.7285160628336753,RNG-bc1697bf00fe,balanced,selection,30301,PAL,30,3,1000000.0,,True,0.8307967259269913,-58.130991368392486,17.251897131094896,29.763653355036425,11.906477294326631
13.251177642187834,95.92109804722789,True,4.069636135508156,0,0,2,0.125,0.075,0.04313531891275313,1.9592022824871356,1.4208247638048321,-2.336325514525845,-57.81816475343385,129.0326828027174,0.125,0.075,610,0,2,23.724348975529832,0.4950290730247693,RNG-3d5d0a4cc2ff,balanced,selection,30301,PAL,30,3,1000000.0,,True,0.457617255468285,-94.58314852393276,29.707114229964137,38.03415052801857,15.21561860553902
12.831722423928188,96.4095108045529,True,4.126097867001255,0,0,2,0.125,0.075,0.04328943762439131,2.0819777713255707,1.5990004826735607,-0.8203578323368994,-63.251037428257916,136.5813475984729,0.125,0.075,610,0,2,23.79725559458015,0.46962802119385066,RNG-f3b5a772da6c,balanced,selection,30301,PAL,30,3,1000000.0,,True,0.49841245546698737,-100.29513177716451,29.764030545284346,40.343323696084624,16.113880500939082
15.455608424351643,97.8178220094663,True,0.22208281053952322,0,0,2,0.075,0.075,0.041091660834820666,1.6112335368008848,0.624092994540779,-0.6172363477107499,-43.87695656130312,114.44506920777289,0.075,0.075,610,0,2,26.98285422448938,0.7094287693950347,RNG-c2510e3dad79,balanced,selection,30301,PAL,30,3,1000000.0,,True,0.9300440749654839,-60.93169934784321,15.04766717149425,22.388516400383704,12.6857652702181
15.615430594425861,97.36216413497722,True,0.21957340025094105,0,0,2,0.075,0.075,0.03821048264032473,1.472746036008748,0.9612634716371498,-1.5481423128399574,-45.34422324983831,114.01744583258818,0.075,0.075,610,0,2,26.796135955889415,0.7157580291302696,RNG-0940539bbf6f,balanced,selection,30301,PAL,30,3,1000000.0,,True,0.9072483422076644,-60.95110477305534,15.165275306325155,23.02589807688146,12.542158190759217
13.719401104797246,96.77982759568562,True,0.44416562107904645,0,0,2,0.075,0.075,0.03202522059406244,2.460436666649502,2.0987792492498314,-1.0646180702884198,-49.022172642945606,123.86941932850766,0.075,0.075,610,0,2,27.45296991846577,0.6173051855151852,RNG-fd019b4a81f6,balanced,selection,30301,PAL,30,3,1000000.0,,True,0.8419986516152748,-60.52772169601209,16.26569115472531,25.21289658581654,12.941449606806597
15.613702519788477,97.37943933669084,True,0.21957340025094105,0,0,2,0.075,0.075,0.03826407380640874,1.5084601342631125,1.0074750497958402,-1.4323495503166346,-43.8769565613031,114.2965959608658,0.075,0.075,610,0,2,26.755514858991614,0.7158929025091537,RNG-c5e6c02d20da,balanced,selection,30301,PAL,30,3,1000000.0,,True,0.9070885889943858,-60.94930647406762,15.113742102401115,23.311817331256602,12.551045502339706
15.781473962594726,96.46386575721307,True,0.13801756587202008,0,0,2,0.05,0.06624999999999999,0.023587124856929754,1.925648013558877,2.172492102975103,-2.3299198214744568,-43.229152254269806,118.12478028208315,0.05,0.06624999999999999,610,0,2,27.58362993821497,0.7288275314049123,RNG-3f495a5b43bd,balanced,selection,30301,PAL,30,3,1000000.0,,True,0.8212950390188916,-58.11585473877682,16.874591872575735,30.264565560747585,11.883995320956105
14.395039644627289,96.2047169478221,True,1.0131744040150563,0,0,2,0.075,0.09124999999999998,0.032501576254335626,2.3882847938025296,2.164078926536606,-2.205264837070061,-49.584789891787224,119.7314288897337,0.075,0.09124999999999998,610,0,2,26.620503843789052,0.6342936159824957,RNG-11e21c2af606,balanced,selection,30301,PAL,30,3,1000000.0,,True,0.8276383506961842,-60.943004277030326,16.73812511386117,25.164430044964362,12.92700271939374
14.93394674576195,97.90072817916162,True,0.30175658720200754,0,0,2,0.075,0.075,0.034504692006911225,1.7412246028905525,1.7932008990155655,-0.36246134578891503,-47.955961324216446,114.90148081384075,0.075,0.075,610,0,2,27.368153980327815,0.6845706067023986,RNG-9ea16fe0c391,balanced,selection,30301,PAL,30,3,1000000.0,,True,0.8802541189297771,-52.329076051994335,18.58055811011018,29.89705267107343,11.842806270892993
15.07334955233846,95.8356246068248,True,1.8130489335006272,0,0,2,0.125,0.1,0.039580277420146234,1.3622235293176148,3.9207304321521526,-1.0242112368173428,-56.63512374816081,120.07308303557659,0.125,0.1,610,0,2,22.748406732297095,0.6648097161635984,RNG-95fcc6a14938,balanced,selection,30301,PAL,30,3,1000000.0,,True,0.6232092630346873,-66.62293277184239,17.591683964758765,29.610436926101155,12.583176115117686
14.3685747933153,96.7924776998735,True,0.07214554579673776,0,0,2,0.1,0.06624999999999999,0.04784280955618627,1.017556671416302,3.1662725054940286,-1.762236452035634,-49.534070858288565,123.96694982557443,0.1,0.06624999999999999,610,0,2,24.981967223759817,0.6881537134679221,RNG-6f794502cea4,balanced,selection,30301,PAL,30,3,1000000.0,,True,0.9162948053973243,-41.36064850390629,15.74822156105155,27.745348499873327,11.10016608888383
15.852991106384335,96.47154311964687,True,0.17565872020075282,0,0,2,0.1,0.075,0.035268292544669545,1.8175306944297045,1.5210226477824145,-3.389506449304666,-45.4041275255628,111.67015935527883,0.1,0.075,610,0,2,27.153517358695034,0.7233297753274648,RNG-d5fa32b9ac54,balanced,selection,30301,PAL,30,3,1000000.0,,True,0.808115770701712,-51.44170857553198,18.799021960658415,32.78875800292626,11.033646832718164
14.804173597169864,97.56718105190167,True,0.18820577164366376,0,0,2,0.05,0.05,0.028215360309183528,1.483153300268413,0.7098700108536701,-1.4128273249694572,-47.455425171624654,125.99301411866637,0.05,0.05,610,0,2,29.072437507034095,0.6842224529637135,RNG-9b9a46f61eea,balanced,selection,30301,PAL,30,3,1000000.0,,True,0.8344858747302072,-61.6482320748503,16.488479696640916,23.14674240398282,12.349297860861984
13.013729206671144,95.49087232020038,True,0.24717691342534506,0,0,2,0.1,0.08249999999999998,0.05439684175981748,2.058761907719066,2.3678091495044056,-3.4004639117980773,-42.10960393328661,111.31361066933377,0.1,0.08249999999999998,610,0,2,25.422017026248934,0.5915392077313112,RNG-e84fd33487ba,balanced,selection,30301,PAL,30,3,1000000.0,,True,0.666387404727951,-46.133759294155695,14.734187704579401,36.707055330404195,11.769380128272374
12.498186723806937,97.47975456225235,True,0.8161856963613551,0,0,2,0.075,0.05,0.034623265181136204,1.672161419609019,-0.017928152939034523,-1.0285126546576289,-49.41553403095773,112.79202107366766,0.075,0.05,610,0,2,25.103489137883315,0.5468178553016252,RNG-e54cf66f3964,balanced,selection,30301,PAL,30,3,1000000.0,,True,0.6778966766763728,-53.4901293782226,18.821776128509978,37.933305840011656,12.151153268909086
5.072081292422871,80.60124411495535,True,65.8561807765371,497,12,0,2.025,2.025,3.6366097612413073,16.929810089963496,5.1866890339302225,-13.9819294778427,-85.79596187988165,144.1388416888982,1.8800000000000001,1000000.0,506,132,2,12.363521909534699,0.25811307631117947,OVP56,balanced,selection,30301,NTSC,4,3,1000000.0,,False,,,,,
5.842544684339877,88.4156552740354,True,40.11912682475983,68,2,0,2.025,2.025,2.8321433506982148,9.098195991897347,1.815582486550656,-12.137635214825373,-69.74567114605227,127.77217151160275,1.7,1.9274999999999998,506,3,2,13.86425558096276,0.2537253417394427,RANGE32,balanced,selection,30301,NTSC,4,3,1000000.0,,False,,,,,
-6.693451763834659,-84.03988710102007,False,608.099239238094,506,12,32,2.025,2.025,1000000.0,88.6469760983309,21.411203753645495,-156.58547855128344,-75.72162818107364,134.76244559713945,1000000.0,1000000.0,506,506,2,-6.709999433791699,-0.23120885323929027,PLL96-rejected-board,balanced,selection,30301,NTSC,4,3,1000000.0,,False,,,,,
7.887094943839652,92.43200699295166,True,18.27469315133653,360,5,0,2.025,2.025,3.3823923354570957,10.667855322913322,0.17636414600992134,-4.303394576591939,-74.31417222040075,134.95198208908238,1.875,1.5524999999999995,506,14,2,13.094762533633892,0.2252843250618465,PLL96-IQ-corrected,balanced,selection,30301,NTSC,4,3,1000000.0,,False,,,,,
10.139674004541703,95.73390271048198,True,2.3723006800795985,114,3,0,2.025,2.025,3.0753937756001264,2.646091106035114,1.282894148490469,-2.712884352030623,-75.62937682198478,137.93683784175215,1.825,1.1449999999999998,506,4,2,22.970401169566745,0.4712159588664511,floating-PLL-IQ40,balanced,selection,30301,NTSC,4,3,1000000.0,,False,,,,,
3.2249570082129204,42.59028314076858,True,127.39149283342415,506,12,0,2.025,2.025,1000000.0,49.358614434515644,27.075461734919163,-29.013177973056337,-74.81829204750632,132.58972461728328,1000000.0,1000000.0,506,506,2,4.205436825611482,0.18480545537322723,HC50,balanced,selection,30301,NTSC,4,3,1000000.0,,False,,,,,
5.875330549065772,90.99254463393541,True,40.96358157192015,62,2,0,2.025,2.025,2.887684756773929,2.973053523214093,-1.65241928921638,-14.454788626057425,-82.07410209754464,127.31015775384685,1.625,1.5599999999999998,506,2,2,11.097880989753753,0.2110069015789634,PLL96-board-fixed,balanced,selection,30301,NTSC,4,3,1000000.0,,False,,,,,
4.643257116646842,93.57261712121459,True,68.29847636881448,62,0,0,2.025,1.3699999999999997,2.8409063472550224,7.6727817152751365,1.7123546241503753,-3.9798351009472257,-74.78941321171894,149.18907571253553,1.675,1.3699999999999997,506,2,2,15.242472640652522,0.25277752438737355,RNG-bc1697bf00fe,balanced,selection,30301,NTSC,4,3,1000000.0,,False,,,,,
7.5631861313179085,92.11643725877035,True,27.126415327229978,66,3,0,2.025,2.025,2.9628365746665506,4.264851608663011,2.392384316265794,-6.246620780224609,-75.76397842315312,147.0664624057977,1.725,0.8399999999999999,506,3,2,15.103383918631607,0.24883141130760172,RNG-3d5d0a4cc2ff,balanced,selection,30301,NTSC,4,3,1000000.0,,False,,,,,
7.097628813377841,93.97068896823704,True,30.352202356043797,60,2,0,2.025,2.025,2.922125949931757,3.242555167495824,1.9744180226003438,-3.9962691053773733,-82.10148265117746,154.32076898959144,1.7,0.8137499999999994,506,3,2,14.804520874710164,0.2397098355963165,RNG-f3b5a772da6c,balanced,selection,30301,NTSC,4,3,1000000.0,,False,,,,,
5.213052927410883,93.583409030545,True,52.980127466003545,40,1,0,2.025,1.5162499999999994,2.638704518193495,6.571547264099222,1.1758398305247888,-5.282546374981097,-81.07003993408254,148.0981854333763,1.575,0.9625,506,2,2,15.506390460270541,0.25883863506467686,RNG-c2510e3dad79,balanced,selection,30301,NTSC,4,3,1000000.0,,False,,,,,
5.533295393755875,90.74606873560539,True,48.87676981759175,102,3,0,2.025,2.025,2.9867780518793356,8.40974572022145,1.7944270725133704,-7.883135567994721,-73.5838032379375,142.31410544271193,1.675,1.9300000000000002,506,4,2,15.448308251002743,0.2637546933906635,RNG-0940539bbf6f,balanced,selection,30301,NTSC,4,3,1000000.0,,False,,,,,
5.2704852358758805,91.87339590737733,True,51.45980786772918,97,1,0,2.025,1.9562499999999998,2.9347365792743734,9.936279472051524,1.903262812263023,-5.4814005642887755,-66.70636555631255,138.8999386883466,1.775,1.675,506,3,2,14.897088690876632,0.2585493699038672,RNG-fd019b4a81f6,balanced,selection,30301,NTSC,4,3,1000000.0,,False,,,,,
5.462286695468226,91.45181843316101,True,49.895835528514276,46,1,0,2.025,1.9562499999999998,2.676987782369677,6.932617733635309,1.5201634613908108,-8.015823193974494,-75.08610249664297,142.0360237910942,1.6,1.5,506,2,2,15.397572344009735,0.2615459585565264,RNG-c5e6c02d20da,balanced,selection,30301,NTSC,4,3,1000000.0,,False,,,,,
5.022083721788854,90.97661569839455,True,61.07470037661779,85,1,0,2.025,1.8462499999999997,2.9510895668937227,7.883783119607094,1.850587994941766,-7.699056201040678,-73.09864032718558,139.4687295085111,1.7,1.5625,506,2,2,15.175890396712946,0.2565211544523085,RNG-3f495a5b43bd,balanced,selection,30301,NTSC,4,3,1000000.0,,False,,,,,
5.522079289225076,89.39626807529142,True,47.27892897247469,123,3,0,2.025,2.025,3.034825066684831,10.920355891227706,2.20750815072265,-8.048148521444364,-67.80666923836974,133.43962938702683,1.75,1.9300000000000002,506,3,2,14.51263519595874,0.25567070264744174,RNG-11e21c2af606,balanced,selection,30301,NTSC,4,3,1000000.0,,False,,,,,
5.433673040444436,92.5918601487759,True,47.96758859248511,63,1,0,2.025,1.9562499999999998,2.6809318525830026,8.264959154010883,1.872297362272027,-6.1321987474932,-72.73511920801923,135.60206046047944,1.6724999999999994,1.5125,506,3,2,14.915819611601812,0.25842957994243243,RNG-9ea16fe0c391,balanced,selection,30301,NTSC,4,3,1000000.0,,False,,,,,
7.392621992018176,92.69932382425958,True,25.81081203129751,145,4,0,2.025,2.025,3.1335290809860123,3.8344443708886153,2.799172399294571,-6.584423367686288,-79.26472754388405,135.66962979072184,1.775,1.7262499999999998,506,4,2,17.32341848755645,0.2782447820304133,RNG-95fcc6a14938,balanced,selection,30301,NTSC,4,3,1000000.0,,False,,,,,
5.218590097312992,88.5665712572237,True,58.71971026622151,55,2,0,2.025,2.025,2.714437206107005,10.36154042411106,2.615383957455067,-9.245738458977788,-68.30373771051514,132.85856243411666,1.7,0.9349999999999993,506,2,2,14.625499786180953,0.2736156366354487,RNG-6f794502cea4,balanced,selection,30301,NTSC,4,3,1000000.0,,False,,,,,
5.918924171648295,88.25220889797956,True,44.5453642294388,153,4,0,2.025,2.025,3.1227813654001864,11.45753663555693,1.8429356007859528,-9.90956324176767,-66.39708666460196,133.8627755191171,1.7,1.6199999999999999,506,4,2,14.967012633029897,0.2690183071768083,RNG-d5fa32b9ac54,balanced,selection,30301,NTSC,4,3,1000000.0,,False,,,,,
4.713657872935391,91.87356575594113,True,64.71368317743784,81,2,0,2.025,2.025,2.9167238369747093,8.228971311034297,1.383871077013714,-5.81707547676046,-80.33722807877507,148.683371957594,1.6699999999999988,1.6999999999999993,506,3,2,14.995827837887388,0.253180500858509,RNG-9b9a46f61eea,balanced,selection,30301,NTSC,4,3,1000000.0,,False,,,,,
5.8128690748017355,86.76194028019533,True,43.172560790204926,73,1,0,2.025,1.5712499999999994,2.839613788266408,12.012098738957263,3.0571127122282413,-10.388691930338284,-65.25459413328178,129.9970389184631,1.7,0.8625,506,3,2,13.847722364206728,0.2856777778661749,RNG-e84fd33487ba,balanced,selection,30301,NTSC,4,3,1000000.0,,False,,,,,
5.991777824034521,91.65152413376188,True,37.29900923330734,116,0,0,2.025,1.06125,3.0425249930499065,8.173512435497054,0.559847086981361,-7.429189845941021,-75.15448319860202,136.68106050515814,1.75,1.06125,506,5,2,15.412560439390031,0.2813408960829299,RNG-e54cf66f3964,balanced,selection,30301,NTSC,4,3,1000000.0,,False,,,,,
7.461321059404671,87.85324584075673,True,22.67759891861624,460,12,0,2.025,2.025,3.557052471163266,10.86976204389925,2.756064051911525,-9.397721088929272,-81.50618119646792,140.49519660315045,1.9375,1000000.0,506,51,2,16.503898238030136,0.35116470730309907,OVP56,balanced,selection,30301,NTSC,6,3,1000000.0,,False,,,,,
8.538999761574464,93.70592724095333,True,12.914437617222664,1,0,1,1.0187499999999998,0.5199999999999999,2.0495664839856325,3.465555591265407,1.7173456138113588,-5.787256541686775,-65.03828990129763,125.96116934411694,0.9949999999999989,0.5199999999999999,506,1,2,19.079897890070704,0.3528553847944348,RANGE32,balanced,selection,30301,NTSC,6,3,1000000.0,,False,,,,,
-6.658739228118426,-83.93325892168943,False,603.338079941716,506,12,46,2.025,2.025,1000000.0,86.85914357967793,22.216013456614302,-157.24039299733022,-73.66248439128836,132.35513320913424,1000000.0,1000000.0,506,506,2,-6.695512788365151,-0.28799294162483985,PLL96-rejected-board,balanced,selection,30301,NTSC,6,3,1000000.0,,False,,,,,
9.115407045251489,93.6971915316071,True,8.282731276737303,395,8,0,2.025,2.025,3.4952976777172866,12.113166143446932,-0.695276793714891,-2.984909711296501,-72.47213750049887,132.76994488305883,1.9,0.4437499999999998,506,25,2,14.27482175546913,0.2842343892942211,PLL96-IQ-corrected,balanced,selection,30301,NTSC,6,3,1000000.0,,False,,,,,
12.043208138704518,95.93254340697814,True,0.3725535649236679,25,0,0,1.96875,1.0312499999999996,2.7542586567787617,2.2689081252694403,1.3924429377399867,-2.080640794713026,-71.12109613929033,129.80548255048956,1.55,1.0312499999999996,506,1,2,25.42107530926304,0.5672499680674273,floating-PLL-IQ40,balanced,selection,30301,NTSC,6,3,1000000.0,,False,,,,,
3.884253525211365,44.31533058532231,True,105.20461093365687,506,12,0,2.025,2.025,1000000.0,49.007441362613456,27.030947397738974,-26.539921631219002,-63.92896580388385,117.57453886790293,1000000.0,1000000.0,506,506,2,4.453717818221274,0.27308694854666943,HC50,balanced,selection,30301,NTSC,6,3,1000000.0,,False,,,,,
8.78681635837727,95.77073005841933,True,12.921211318403092,10,0,0,1.44375,0.5449999999999999,2.3639268604618255,0.377795947925236,-2.4003265169659214,-10.02464921710669,-80.9691899228913,123.60588475298997,1.18125,0.5449999999999999,506,1,2,14.987753485859734,0.3080182517259404,PLL96-board-fixed,balanced,selection,30301,NTSC,6,3,1000000.0,,False,,,,,
7.071556921894478,97.02808814857129,True,26.914172690243163,1,0,0,1.1,0.8824999999999994,2.1532588127885335,2.5773318489435275,1.1336260798007394,-1.8737460031028823,-72.50322555397271,146.9935249276012,1.1,0.8824999999999994,506,1,2,21.507695865331794,0.34292338568188085,RNG-bc1697bf00fe,balanced,selection,30301,NTSC,6,3,1000000.0,,False,,,,,
9.917180226820962,94.12467955396363,True,10.60460551469592,6,1,1,1.19375,1.1724999999999988,2.447857226228687,2.639420781189352,1.9604638983332436,-4.12339646259811,-71.92646252134367,140.00128178772601,1.1262499999999989,0.45,506,1,2,19.196967200306364,0.33779651533075417,RNG-3d5d0a4cc2ff,balanced,selection,30301,NTSC,6,3,1000000.0,,False,,,,,
9.59866004575354,95.5491588958493,True,11.759145249227046,5,1,1,1.2875,1.1724999999999988,2.369017573062101,2.0455923235288975,1.7073822913766001,-2.143034481519124,-77.60004785403166,152.80309915673843,1.175,0.3125,506,1,2,19.117227932131243,0.3302067940119137,RNG-f3b5a772da6c,balanced,selection,30301,NTSC,6,3,1000000.0,,False,,,,,
7.752993541672101,96.91355957815202,True,18.26566154976262,1,0,2,0.95,0.3462499999999998,1.8224633123200245,2.2678269009258316,0.8407320432801946,-2.5780128309941523,-79.83870766836607,147.60777206343616,0.9449999999999988,0.3462499999999998,506,1,2,21.47457017204828,0.3548374346294284,RNG-c2510e3dad79,balanced,selection,30301,NTSC,6,3,1000000.0,,False,,,,,
7.931918670585242,94.59573445860397,True,16.907158146354092,11,1,0,1.4625000000000001,1.4062499999999991,2.3458188680322616,4.209267367896034,1.3341883231462954,-4.5944763616630535,-66.63866031045545,140.33805302285026,1.3,0.7,506,1,2,20.938135924906454,0.35732900303720816,RNG-0940539bbf6f,balanced,selection,30301,NTSC,6,3,1000000.0,,False,,,,,
7.758909187322228,95.85107542545896,True,17.863755279723755,13,0,0,1.66875,1.1749999999999996,2.5952840871281526,4.125121130605847,1.707634396422835,-2.1551871082214964,-64.57230665874542,134.93182930999563,1.5,1.1749999999999996,506,1,2,20.939278060236557,0.35256789852892945,RNG-fd019b4a81f6,balanced,selection,30301,NTSC,6,3,1000000.0,,False,,,,,
7.907867402711086,95.31208695775459,True,17.231543169550257,1,0,1,0.95,0.3349999999999998,1.8745913746153264,2.527208672609057,1.2447053066912337,-4.623562874105564,-67.65289614313583,141.26709381921577,0.95,0.3349999999999998,506,1,2,21.022408277630333,0.3561795839467538,RNG-c5e6c02d20da,balanced,selection,30301,NTSC,6,3,1000000.0,,False,,,,,
7.3947748849769805,94.8508028042592,True,23.12767373038261,5,0,0,1.35,1.38375,2.4626313961317012,3.105761634545962,1.3739821752041759,-4.8149751256494016,-70.54671856589982,135.3760862470268,1.225,1.3837499999999998,506,1,2,20.89397320438775,0.3467158157883646,RNG-3f495a5b43bd,balanced,selection,30301,NTSC,6,3,1000000.0,,False,,,,,
8.091659857388438,93.90504296215288,True,15.149006373300177,23,0,0,1.94375,1.5737499999999998,2.650034669096238,4.676816142009757,1.7959429709139099,-4.602222725293892,-63.94160357568747,131.74552356249643,1.5,1.5737499999999998,506,1,2,20.08343409053845,0.35081701393885856,RNG-11e21c2af606,balanced,selection,30301,NTSC,6,3,1000000.0,,False,,,,,
7.980346761899872,96.63113663279395,True,16.347951482236343,2,0,1,1.1437499999999998,0.7399999999999999,2.056207030235641,3.2603306650261596,1.685302881882165,-2.1253683597120405,-67.09934673569782,132.1543020001174,1.125,0.7399999999999999,506,1,2,20.66537860812268,0.35576169559724524,RNG-9ea16fe0c391,balanced,selection,30301,NTSC,6,3,1000000.0,,False,,,,,
9.548780047264412,94.6393527592639,True,8.202199496036632,24,1,0,1.95,1.8324999999999998,2.6388554510026325,2.012245569507548,2.9191552912979173,-4.5207298031489636,-73.09190519839345,132.97904650915473,1.625,1.3625,506,1,2,21.28929335614654,0.36844731716999396,RNG-95fcc6a14938,balanced,selection,30301,NTSC,6,3,1000000.0,,False,,,,,
7.365297817260425,93.2285384707804,True,23.342926901227393,0,0,0,1.04375,0.6849999999999998,1.8140318250930971,4.325202331925738,2.5092629612653043,-5.79926083160074,-63.99874311692077,133.33254240000267,1.04375,0.6849999999999998,506,0,2,19.196489337045087,0.3595377952196205,RNG-6f794502cea4,balanced,selection,30301,NTSC,6,3,1000000.0,,False,,,,,
8.101131338908264,92.8761128297973,True,15.782723750402658,26,1,0,2.0125,1.5574999999999994,2.572588879255033,6.03198932437384,1.437629757942999,-6.0683075152664046,-63.02593831261018,127.95303063596754,1.4274999999999978,1.0875,506,2,2,20.0436850894461,0.3573856382294513,RNG-d5fa32b9ac54,balanced,selection,30301,NTSC,6,3,1000000.0,,False,,,,,
7.233409516109219,95.8765657243722,True,23.798270147245212,7,0,0,1.3625,0.9399999999999995,2.2360539740242182,2.6840858598685595,0.5562959988618791,-3.7228523561440285,-76.43037684778616,149.3600833259521,1.2,0.9399999999999995,506,1,2,20.87373555779339,0.3461879671907119,RNG-9b9a46f61eea,balanced,selection,30301,NTSC,6,3,1000000.0,,False,,,,,
8.123320721323973,91.73182913192709,True,14.858489856006166,2,1,1,1.21875,1.0212499999999987,2.088425918595227,5.7437745983997015,2.6424185295549187,-6.87679890102252,-62.31182328490209,127.53087443940723,1.15,0.1875,506,1,2,18.43376517487744,0.3749146242668039,RNG-e84fd33487ba,balanced,selection,30301,NTSC,6,3,1000000.0,,False,,,,,
8.329855995502166,95.31369989606993,True,12.215993762173847,19,0,0,1.9,0.9399999999999998,2.536336547085606,3.4627753619796193,-0.011601583941051175,-4.768573955200475,-70.8692888205437,131.24482682616315,1.4349999999999994,0.9399999999999998,506,1,2,20.65029499123512,0.36904924932250804,RNG-e54cf66f3964,balanced,selection,30301,NTSC,6,3,1000000.0,,False,,,,,
9.506451157330908,91.60343711708022,True,5.544650732914468,335,3,0,2.025,2.025,3.412443903101246,7.249326747334709,1.9730354877925242,-6.621233500377479,-70.87412426816807,137.5652701566725,1.875,1.4249999999999998,506,13,2,19.983157155941548,0.4388770078115766,OVP56,balanced,selection,30301,NTSC,8,3,1000000.0,,False,,,,,
10.701215865794396,95.18880159969177,True,3.7202672149852334,0,0,2,0.2,0.1,0.9200963656782845,1.8900012641660984,2.075002873607248,-3.1270465167106294,-59.59936770295474,120.63927046964346,0.2,0.1,506,0,2,23.0849619832887,0.4467350344693013,RANGE32,balanced,selection,30301,NTSC,8,3,1000000.0,,False,,,,,
-6.607379819677597,-83.100668111941,False,601.2261904403507,506,12,48,2.025,2.025,1000000.0,85.46031141256225,22.907617915181707,-156.65428724389398,-70.30922187253637,128.7214670086183,1000000.0,1000000.0,506,506,2,-6.651047554284448,-0.31522976037150613,PLL96-rejected-board,balanced,selection,30301,NTSC,8,3,1000000.0,,False,,,,,
9.3876306295754,94.05057887458675,True,6.270189392685005,426,11,0,2.025,2.025,3.579021994553819,13.933459418355469,-0.9693140449415396,-2.6699891670105154,-68.46245375806939,131.2128927741953,1.95125,1.5,506,33,2,13.826413620893302,0.31092035916096106,PLL96-IQ-corrected,balanced,selection,30301,NTSC,8,3,1000000.0,,False,,,,,
13.855467370517701,95.69673121433605,True,0.037631673224612916,2,0,0,0.99375,0.13374999999999995,2.0722960604849847,2.3759472355072013,1.7242158768269265,-1.8321788154579404,-65.35628501981307,127.29275644499472,0.9712499999999992,0.13374999999999995,506,1,2,26.35803399810934,0.6547386810314106,floating-PLL-IQ40,balanced,selection,30301,NTSC,8,3,1000000.0,,False,,,,,
4.107350203447603,44.48885059310988,True,97.34184913010624,506,12,0,2.025,2.025,1000000.0,49.18858366910146,27.149649572907034,-25.865420098663385,-50.32569087996845,109.6131103013717,1000000.0,1000000.0,506,506,2,4.4757620814349846,0.35214842810766245,HC50,balanced,selection,30301,NTSC,8,3,1000000.0,,False,,,,,
10.41265214943963,97.58382720606575,True,5.44906628292395,5,0,1,1.19375,0.7099999999999997,2.10095026499155,0.4398316400292145,-2.3399098446447955,-7.563676185528329,-79.05567946988516,116.22081183828527,1.025,0.7099999999999997,506,1,2,16.964877178850394,0.3743854260221028,PLL96-board-fixed,balanced,selection,30301,NTSC,8,3,1000000.0,,False,,,,,
8.975137279401396,97.35661145839332,True,8.762158793618873,0,0,2,0.6749999999999999,0.08624999999999998,1.2691254263570984,1.9182934733986166,1.406083123457199,-1.4642688767694418,-71.94042680096125,144.1625771979576,0.675,0.08624999999999998,506,0,2,25.885835053880317,0.4243296065506375,RNG-bc1697bf00fe,balanced,selection,30301,NTSC,8,3,1000000.0,,False,,,,,
11.32844819739097,94.47276484284673,True,6.078267859239479,0,0,2,0.3,0.2174999999999999,1.6856616029101723,2.465182595006049,2.0803297872438997,-3.2414184249566436,-67.50033650777578,134.69774614764222,0.3,0.2174999999999999,506,0,2,21.18757361745219,0.40092032573643493,RNG-3d5d0a4cc2ff,balanced,selection,30301,NTSC,8,3,1000000.0,,False,,,,,
11.080315209089749,95.61735993022758,True,6.492216264710221,0,0,2,0.33749999999999997,0.13624999999999998,1.5764889599078906,2.1206309638501364,1.9230673823715767,-1.4731677789110724,-72.8448309802941,152.13407922756397,0.3375,0.13624999999999998,506,0,2,21.28505096700549,0.3930816553537756,RNG-f3b5a772da6c,balanced,selection,30301,NTSC,8,3,1000000.0,,False,,,,,
9.730591941116353,97.24138698958272,True,5.025333642414809,0,0,2,0.21875,0.14499999999999993,0.7612772058782026,1.779221917039939,1.0461300038272003,-2.0299445785900314,-70.64045630346853,143.17310113744824,0.21875,0.14499999999999993,506,0,2,25.563041107862094,0.4400609103768643,RNG-c2510e3dad79,balanced,selection,30301,NTSC,8,3,1000000.0,,False,,,,,
9.820610562649211,95.48881427365728,True,4.716753921972984,0,0,2,0.41875,0.14499999999999993,1.331044643089492,3.236301392653416,1.478413667871991,-3.5534577029493244,-66.2276043280777,132.43178430917695,0.41875,0.14499999999999993,506,0,2,24.2214114364263,0.44095210948414215,RNG-0940539bbf6f,balanced,selection,30301,NTSC,8,3,1000000.0,,False,,,,,
9.579271714588435,96.26816612803873,True,5.144249729804587,2,0,1,1.1,1.3424999999999996,2.239248175364449,3.1985698086984504,1.9620195593266399,-1.6481668788920425,-62.7634698115288,133.45000407756334,1.1,1.3424999999999996,506,1,2,24.894217122705832,0.4317615737721278,RNG-fd019b4a81f6,balanced,selection,30301,NTSC,8,3,1000000.0,,False,,,,,
9.827246091562081,96.06724051674665,True,4.783738300312795,0,0,2,0.225,0.14499999999999993,0.8186763574581042,1.8560441685742084,1.4702917244932603,-3.537366661549233,-65.62410646072549,132.39310694662896,0.225,0.14499999999999993,506,0,2,24.522669224441632,0.44087907934840903,RNG-c5e6c02d20da,balanced,selection,30301,NTSC,8,3,1000000.0,,False,,,,,
9.26524661700518,95.59131732706895,True,7.1116336059873495,1,0,2,0.9,0.08624999999999998,1.7367062258342614,2.4109569191529316,1.6299373825573662,-3.856566969874401,-70.7201994316784,132.96585527213114,0.8949999999999989,0.08624999999999998,506,1,2,24.401030413006907,0.4286663311749169,RNG-3f495a5b43bd,balanced,selection,30301,NTSC,8,3,1000000.0,,False,,,,,
9.998022977222384,94.80484385098616,True,4.155289357461759,1,0,1,1.1375,1.3424999999999996,2.240741954119326,3.2908971337022823,2.018647189323489,-3.7085950930641784,-61.538565050909675,128.29325448892186,1.1,1.3424999999999996,506,1,2,23.710773284318837,0.4319358983724408,RNG-11e21c2af606,balanced,selection,30301,NTSC,8,3,1000000.0,,False,,,,,
9.894850163466232,97.2165772562911,True,4.818359439679438,0,0,2,0.7937500000000001,0.08624999999999998,1.317579339624576,2.395022057674695,1.9422129866424975,-1.2153363645197384,-64.30547677815376,130.53633739647464,0.79375,0.08624999999999998,506,0,2,24.642017052061085,0.440808568624991,RNG-9ea16fe0c391,balanced,selection,30301,NTSC,8,3,1000000.0,,False,,,,,
11.082225945352352,95.19254845060867,True,3.4643718370578656,3,0,1,0.8875,0.1,1.813312613477012,1.2955316468545288,3.466490598686151,-3.3757074499360216,-67.65286582253313,130.48434294487043,0.85,0.1,506,1,2,22.52676071453738,0.43968890285491385,RNG-95fcc6a14938,balanced,selection,30301,NTSC,8,3,1000000.0,,False,,,,,
9.134483516758289,94.85677067001573,True,7.4939714059494165,0,0,2,0.2,0.08624999999999998,0.6126698764182517,2.052276158464757,2.8707304906345015,-4.357134393181377,-61.35563012036491,128.58383900698524,0.2,0.08624999999999998,506,0,2,22.177245218281133,0.43838329970656376,RNG-6f794502cea4,balanced,selection,30301,NTSC,8,3,1000000.0,,False,,,,,
9.825853750170415,94.26845269204293,True,4.817606806214946,0,0,2,0.7937500000000001,0.40749999999999975,1.5975466770568847,4.164749751034559,1.6595239330273226,-4.755534450519057,-59.46913117220658,124.03467641624826,0.79375,0.40749999999999975,506,0,2,23.146319262086298,0.43575459966864666,RNG-d5fa32b9ac54,balanced,selection,30301,NTSC,8,3,1000000.0,,False,,,,,
9.231989176865913,96.64458006567288,True,6.807569686332477,0,0,2,0.71875,0.14499999999999993,1.3888509162573688,1.819320282220972,0.6601643349924068,-2.9628595798450075,-78.3430447153781,142.75014479653808,0.71875,0.14499999999999993,506,0,2,25.098921018616288,0.43032598715521875,RNG-9b9a46f61eea,balanced,selection,30301,NTSC,8,3,1000000.0,,False,,,,,
9.792888981885202,93.35472169171977,True,4.3502214247652535,0,0,2,0.55,0.075,1.1383805717276436,3.5124872052240375,2.741744514192471,-5.610849730211986,-59.222676069712215,125.01066907065885,0.55,0.075,506,0,2,21.55441983630517,0.4469466298442329,RNG-e84fd33487ba,balanced,selection,30301,NTSC,8,3,1000000.0,,False,,,,,
9.845781067312316,96.06207361309255,True,4.107873449198746,0,0,1,0.875,0.08624999999999998,1.7439197733523546,2.4480035113952057,0.1464080950453259,-3.7056306794325007,-66.84132360194924,124.39176409699564,0.875,0.08624999999999998,506,0,2,23.64266407408263,0.43205948126056454,RNG-e54cf66f3964,balanced,selection,30301,NTSC,8,3,1000000.0,,False,,,,,
11.12236442134094,93.80706554007959,True,1.4292509490707987,132,1,0,2.025,1.6399999999999995,3.104972454604109,4.815416477175457,1.6255288264808947,-4.833474296229449,-69.18511078332585,135.71733245302374,1.775,1.1625,506,5,2,22.64195154388364,0.5128696477414074,OVP56,balanced,selection,30301,NTSC,10,3,1000000.0,,False,,,,,
12.130727368412742,95.4822801826246,True,1.8108361155683739,0,0,2,0.125,0.075,0.31845220724685713,1.537897128315977,2.2196065743023023,-2.5142006307489186,-55.8635505924621,117.14957639348685,0.125,0.075,506,0,2,24.075972173539625,0.5194733243799172,RANGE32,balanced,selection,30301,NTSC,10,3,1000000.0,,True,,,,,
-6.585170139764074,-82.51312721260106,False,601.0154530702929,506,12,49,2.025,2.025,1000000.0,84.2840142631802,23.161392027597643,-156.3277710244213,-69.95380539272026,79.23225742940156,1000000.0,1000000.0,506,506,2,-6.631572602754961,-0.3278106792580717,PLL96-rejected-board,balanced,selection,30301,NTSC,10,3,1000000.0,,False,,,,,
9.332605031894904,94.60333969853384,True,6.12192060018003,443,11,0,2.025,2.025,3.6074053024123884,15.1119660984437,-1.1615009819385986,-2.446010175327528,-55.2730335456853,124.77714798988919,1.95,1.5,506,38,2,13.188775559243924,0.3231751679513006,PLL96-IQ-corrected,balanced,selection,30301,NTSC,10,3,1000000.0,,False,,,,,
15.496177235651782,95.73350595993128,True,0.0,0,0,2,0.2,0.025,1.1894759408386502,2.2401327193183125,1.8323031562226122,-1.6574621123215352,-61.530626635013,123.91835882659535,0.2,0.025,506,0,2,26.86330632700748,0.7294261267087636,floating-PLL-IQ40,balanced,selection,30301,NTSC,10,3,1000000.0,,False,,,,,
4.1927909641574,44.435442229254235,True,95.17953318661998,506,12,0,2.025,2.025,1000000.0,49.21593729261594,27.16331319636206,-25.809246240783807,-14.706503098291563,97.14474051519355,1000000.0,1000000.0,506,506,2,4.472141336926526,0.41127489471039813,HC50,balanced,selection,30301,NTSC,10,3,1000000.0,,False,,,,,
11.120650212023701,98.36711773750838,True,4.299794982644272,4,0,0,1.2625,0.8399999999999996,2.1224689050697654,1.4327279068011918,-2.2224038796102423,-5.926893786108205,-68.29966883879825,115.90256784155167,1.1737499999999996,0.8399999999999995,506,1,2,17.522785644958493,0.4116756353227896,PLL96-board-fixed,balanced,selection,30301,NTSC,10,3,1000000.0,,False,,,,,
10.472809992622969,97.35767636388684,True,2.5574485123446937,0,0,2,0.125,0.075,0.5694058948786267,1.9479205865794276,1.5641100864077437,-1.3254063327133963,-60.816548095579556,136.0734368576253,0.125,0.075,506,0,2,27.221157073494645,0.4954136696826114,RNG-bc1697bf00fe,balanced,selection,30301,NTSC,10,3,1000000.0,,False,,,,,
12.10365511589723,94.73971192500208,True,4.809327838105531,0,0,2,0.15,0.15,0.8985213754025756,2.3899862883834406,2.0192239928344606,-2.7611942579871678,-67.75390235705292,129.92519974267663,0.15,0.15,506,0,2,22.344117983635545,0.4386329098527036,RNG-3d5d0a4cc2ff,balanced,selection,30301,NTSC,10,3,1000000.0,,False,,,,,
11.862449978148806,95.71667978404302,True,5.0035072719445335,0,0,2,0.15,0.15,0.8121065480923949,2.1350820870842036,1.9477428700284496,-1.12029983841979,-71.56499695717068,137.7199258121917,0.15,0.15,506,0,2,22.528173781466293,0.42918660823147187,RNG-f3b5a772da6c,balanced,selection,30301,NTSC,10,3,1000000.0,,False,,,,,
11.173109850926767,97.24871826681908,True,1.5451565026026064,0,0,2,0.1,0.075,0.22032920930804498,1.8257991220158847,1.054574383582349,-1.8703345435214656,-60.332197066039704,129.18914339703414,0.1,0.075,506,0,2,26.373921759952104,0.5101495513835336,RNG-c2510e3dad79,balanced,selection,30301,NTSC,10,3,1000000.0,,True,,,,,
11.253950405728673,95.89184017786324,True,1.4894616262301794,0,0,2,0.1,0.075,0.6049491207822174,2.7695514474931757,1.4679424578176303,-3.14664926976168,-55.35528181311011,126.07332642310399,0.1,0.075,506,0,2,25.156443802200275,0.5116337837651719,RNG-0940539bbf6f,balanced,selection,30301,NTSC,10,3,1000000.0,,False,,,,,
10.829149873849328,96.2661496143433,True,1.7423464702995781,0,0,1,0.96875,0.5137499999999994,1.8136371994708171,3.105793117577377,2.0378414621761203,-1.599427786400717,-56.22815655085703,131.13487265716984,0.96875,0.5137499999999993,506,0,2,25.776901144193857,0.4918983745625084,RNG-fd019b4a81f6,balanced,selection,30301,NTSC,10,3,1000000.0,,False,,,,,
11.25683820729525,96.31118379135968,True,1.4977405943395943,0,0,2,0.1,0.075,0.2377689864324002,1.7996779614691418,1.4823636675286884,-3.0963700324283505,-57.656606074071526,126.07333611363183,0.1,0.075,506,0,2,25.364232505920377,0.5115321589397964,RNG-c5e6c02d20da,balanced,selection,30301,NTSC,10,3,1000000.0,,True,,,,,
10.747139086888458,95.89489126660577,True,2.041894589167497,0,0,2,0.3,0.075,1.1297965380506811,2.3035200641537807,1.7741947346259639,-3.3785787448263394,-60.193795191434226,130.12256466223215,0.3,0.075,506,0,2,25.61689450536258,0.50053644454902,RNG-3f495a5b43bd,balanced,selection,30301,NTSC,10,3,1000000.0,,False,,,,,
11.263384088097514,95.00114776301346,True,1.7062200640039498,1,0,1,0.96875,0.5137499999999994,1.8078911186876556,3.1721576108200553,2.0987306563611052,-3.3952120058268216,-56.79866835903087,127.90296511985883,0.95,0.5137499999999993,506,1,2,24.63601409971496,0.49154052219492095,RNG-11e21c2af606,balanced,selection,30301,NTSC,10,3,1000000.0,,False,,,,,
11.228610235917198,97.28087909075526,True,1.7001989962880117,0,0,2,0.56875,0.075,0.9058358226242806,2.2616330389311314,2.0098974974590713,-1.0641675089609506,-62.96054020165597,127.767933973792,0.56875,0.075,506,0,2,25.59886100143947,0.5078736309963209,RNG-9ea16fe0c391,balanced,selection,30301,NTSC,10,3,1000000.0,,False,,,,,
12.135870584104083,95.57918304261572,True,2.43627452456144,0,0,2,0.325,0.15874999999999995,0.9716586609296929,0.8752689902254129,3.7543161256805018,-2.4434309485112506,-67.30031524769696,128.755526146142,0.325,0.15874999999999995,506,0,2,22.8792435256301,0.4944358979285059,RNG-95fcc6a14938,balanced,selection,30301,NTSC,10,3,1000000.0,,False,,,,,
10.452565254002442,95.448323569002,True,2.2842425647340043,0,0,2,0.1,0.08624999999999998,0.30574012770930087,1.6687394921383567,3.040072369960732,-3.6511933371679253,-57.15625552521185,127.40428882438349,0.1,0.08624999999999998,506,0,2,23.154220284930403,0.5041019701441578,RNG-6f794502cea4,balanced,selection,30301,NTSC,10,3,1000000.0,,True,,,,,
11.211815698617771,94.9061367612822,True,1.6678357573148446,0,0,2,0.14375,0.22249999999999998,0.7589526601285521,3.3645889479195983,1.7590268571054812,-4.192187155395061,-55.73629272823132,122.80057677978024,0.14375,0.22249999999999998,506,0,2,24.44553762050361,0.504688081661967,RNG-d5fa32b9ac54,balanced,selection,30301,NTSC,10,3,1000000.0,,False,,,,,
10.723894680397276,96.90262568991308,True,1.8853468285531074,0,0,2,0.11875,0.075,0.7423739429332398,1.79806365594242,0.7099757854301186,-2.4985991467810904,-67.37250211026556,139.0504365353126,0.11875,0.075,506,0,2,26.634129564385127,0.500832731805721,RNG-9b9a46f61eea,balanced,selection,30301,NTSC,10,3,1000000.0,,False,,,,,
10.859322153273352,94.02973752177834,True,1.4427983514316594,0,0,2,0.175,0.1424999999999999,0.6125539421273937,2.7805444750964616,2.720147619393345,-5.068563463029523,-51.78531153566693,118.85704329659734,0.175,0.1424999999999999,506,0,2,22.912824362933137,0.4970405524316174,RNG-e84fd33487ba,balanced,selection,30301,NTSC,10,3,1000000.0,,False,,,,,
10.76733614204607,96.35387653519031,True,2.0930736647529704,0,0,2,0.25,0.075,1.0618880474402386,2.253644855730167,0.18132165562556765,-3.0846632232409488,-57.77126281190975,122.04291091283557,0.25,0.075,506,0,2,24.423990364329782,0.4744932215638018,RNG-e54cf66f3964,balanced,selection,30301,NTSC,10,3,1000000.0,,False,,,,,
12.44816685309306,95.38729368351783,True,0.7315597274864751,22,0,0,1.8625,0.8374999999999991,2.6554600794346497,2.965478037156772,1.359385940273902,-3.46142298997766,-68.18451810849405,130.23161852971617,1.521249999999999,0.8374999999999991,506,1,2,24.84226629146456,0.5760176360423811,OVP56,balanced,selection,30301,NTSC,12,3,1000000.0,,False,,,,,
13.24373822849556,95.75140992470953,True,1.3675350049824335,0,0,2,0.1,0.08624999999999998,0.05272935971064006,1.2930279751556997,2.1547138378511574,-2.2724059679582442,-51.09932030799152,111.3750336940542,0.1,0.08624999999999998,506,0,2,24.5472354370423,0.5798157773630305,RANGE32,balanced,selection,30301,NTSC,12,3,1000000.0,,True,,,,,
-6.584344235310329,-82.30526240714485,False,601.4263909419058,506,12,49,2.025,2.025,1000000.0,83.58346467075486,23.194282627971685,-156.3042469944726,-69.42054863991456,86.69645431064623,1000000.0,1000000.0,506,506,2,-6.632139403136326,-0.33400248379972636,PLL96-rejected-board,balanced,selection,30301,NTSC,12,3,1000000.0,,False,,,,,
9.234954938713694,95.38290530825833,True,6.172347042301012,441,10,0,2.025,2.025,3.6204148721042793,15.645924738936433,-1.367428037364284,-2.124018474411259,-54.98408296365395,123.04317008471799,1.95,1.4274999999999998,506,35,2,12.688343770729784,0.3339726355009777,PLL96-IQ-corrected,balanced,selection,30301,NTSC,12,3,1000000.0,,False,,,,,
17.010348931838294,96.00998448810343,True,0.0,0,0,2,0.05,0.025,0.37257947397418106,1.9355306467182758,1.7866278308133945,-1.4269102745534925,-59.295684514122975,121.8176286106341,0.05,0.025,506,0,2,27.608230167279114,0.7915289006123922,floating-PLL-IQ40,balanced,selection,30301,NTSC,12,3,1000000.0,,True,,,,,
4.249725445012475,44.4839846534806,True,94.80396908783835,506,12,0,2.025,2.025,1000000.0,49.11797953790638,27.128786119851714,-25.74847129417391,-8.273017113407214,92.74501757293328,1000000.0,1000000.0,506,506,2,4.481893341241125,0.45879375612736717,HC50,balanced,selection,30301,NTSC,12,3,1000000.0,,False,,,,,
11.500267027517072,98.72986498835074,True,4.013041632672722,1,1,0,1.025,1.5574999999999994,1.9342400713110426,2.47384293808713,-2.117364561201597,-4.673129433900208,-61.242043309003925,112.1967167064769,1.025,0.875,506,1,2,17.64103685656209,0.43684015437824253,PLL96-board-fixed,balanced,selection,30301,NTSC,12,3,1000000.0,,False,,,,,
11.732092637164213,97.55497641265984,True,0.9362760298283694,0,0,2,0.075,0.061249999999999985,0.11946748610879092,1.8374317013544823,1.6143862389895345,-1.0754239214353303,-59.51810828501436,130.87660790984987,0.075,0.061249999999999985,506,0,2,27.97881751252103,0.5575826377766954,RNG-bc1697bf00fe,balanced,selection,30301,NTSC,12,3,1000000.0,,True,,,,,
12.549493185815216,95.13469831906295,True,4.382584663738421,0,0,2,0.125,0.15,0.3844205382099511,2.1920322141994593,1.8426048825269128,-2.397910596897635,-63.36709536090788,130.07561122150696,0.125,0.15,506,0,2,23.06829607356842,0.4617281274762786,RNG-3d5d0a4cc2ff,balanced,selection,30301,NTSC,12,3,1000000.0,,True,,,,,
12.287504172151388,96.00501567144403,True,4.4683848786905385,0,0,2,0.125,0.15,0.2727721471645789,1.980786654810727,1.8613114770326924,-0.8205615770448917,-67.7961922981382,137.5953097115487,0.125,0.15,506,0,2,23.24661733915366,0.4498758131929868,RNG-f3b5a772da6c,balanced,selection,30301,NTSC,12,3,1000000.0,,True,,,,,
12.364190050337031,97.51962697668515,True,0.7451071298473358,0,0,2,0.075,0.075,0.09048071006176196,1.6779777596079717,0.8916346342237477,-1.543320424059771,-52.18269848641219,124.95176129257374,0.075,0.075,506,0,2,26.868622310634905,0.5709359818533674,RNG-c2510e3dad79,balanced,selection,30301,NTSC,12,3,1000000.0,,True,,,,,
12.449186720314511,96.42151444625149,True,0.7285491936285061,0,0,2,0.075,0.075,0.09059667166621546,2.260210038105921,1.2924093619422456,-2.7015995771852372,-52.65755451648349,123.31864286602777,0.075,0.075,506,0,2,25.90353326417405,0.5730421155690499,RNG-0940539bbf6f,balanced,selection,30301,NTSC,12,3,1000000.0,,True,,,,,
11.780333947260965,96.50462564776281,True,0.9724024361239978,0,0,2,0.675,0.075,1.3837388487648339,2.850567670723648,1.9972626035999224,-1.4313757910926221,-52.20850252091958,127.36705400251157,0.675,0.075,506,0,2,26.447483732817933,0.5391029645135426,RNG-fd019b4a81f6,balanced,selection,30301,NTSC,12,3,1000000.0,,False,,,,,
12.445734720953967,96.71694114301955,True,0.7315597274864751,0,0,2,0.075,0.075,0.08892473612922433,1.62179280503319,1.3184942296469142,-2.616767746221297,-51.44084216181598,123.32143249798494,0.075,0.075,506,0,2,26.00552194965832,0.5727598096364959,RNG-c5e6c02d20da,balanced,selection,30301,NTSC,12,3,1000000.0,,True,,,,,
11.986652553721008,96.28209518493216,True,0.8414442133023449,0,0,2,0.1,0.061249999999999985,0.6128331553404932,2.077591684888851,1.809825770203838,-2.935639537538472,-59.2837243018724,128.06432722455702,0.1,0.061249999999999985,506,0,2,26.488541327373255,0.5625934039104128,RNG-3f495a5b43bd,balanced,selection,30301,NTSC,12,3,1000000.0,,False,,,,,
12.218537664542872,95.38000800617148,True,1.284745323888285,1,0,2,0.7375,0.075,1.384695788158025,2.9314517337948653,2.047114548197252,-3.0358645126466945,-52.16161228804571,126.49191414179901,0.6949999999999988,0.075,506,1,2,25.328143392524062,0.5385327714214774,RNG-11e21c2af606,balanced,selection,30301,NTSC,12,3,1000000.0,,False,,,,,
12.265239640627325,97.54322423723079,True,0.961112934156614,0,0,2,0.3625,0.061249999999999985,0.8164169040783159,1.990788442650561,1.9551520320783176,-0.8471917491329847,-53.49528243734999,121.35002308084756,0.3625,0.061249999999999985,506,0,2,26.215585750974626,0.5624479980902557,RNG-9ea16fe0c391,balanced,selection,30301,NTSC,12,3,1000000.0,,False,,,,,
12.899798375988343,95.96231729353366,True,2.1427474734094596,0,0,2,0.175,0.14749999999999996,0.34845615179434003,0.5869027172027,3.8373167165762796,-1.6156604268268961,-64.12845883140105,122.55031331055545,0.175,0.14749999999999996,506,0,2,22.998659599883133,0.537530430017266,RNG-95fcc6a14938,balanced,selection,30301,NTSC,12,3,1000000.0,,True,,,,,
11.56593750071044,95.99224623306718,True,0.7458597633118281,0,0,2,0.1,0.07249999999999997,0.06232683521045954,1.385383622021942,3.036948939392874,-3.0406947852821204,-53.75845269904056,122.83788837152636,0.1,0.07249999999999997,506,0,2,23.821628014882826,0.561370600800766,RNG-6f794502cea4,balanced,selection,30301,NTSC,12,3,1000000.0,,True,,,,,
12.400803326041927,95.50226851486258,True,0.8233810101545307,0,0,2,0.1,0.11124999999999999,0.20830698120555713,2.7288447367479667,1.7149543085816494,-3.7943812776541828,-53.401666822196745,122.29047152533695,0.1,0.11124999999999999,506,0,2,25.401188491093865,0.5657853541417402,RNG-d5fa32b9ac54,balanced,selection,30301,NTSC,12,3,1000000.0,,True,,,,,
11.908827559575684,97.22359351489078,True,0.7548913648857352,0,0,2,0.075,0.08624999999999998,0.2644350380113484,1.6677386171555746,0.652104572335796,-2.099654683714717,-56.45990332224839,132.00364060678876,0.075,0.08624999999999998,506,0,2,27.50699778826826,0.5589100510166679,RNG-9b9a46f61eea,balanced,selection,30301,NTSC,12,3,1000000.0,,True,,,,,
11.613177557183409,94.60624822361275,True,0.672854317256079,0,0,2,0.125,0.061249999999999985,0.18898130279560493,2.3797860249293534,2.5769530930378997,-4.582579917839976,-49.35136867508609,117.05363314326073,0.125,0.061249999999999985,506,0,2,23.78471740512335,0.5349317807295252,RNG-e84fd33487ba,balanced,selection,30301,NTSC,12,3,1000000.0,,True,,,,,
11.39891797715634,96.74806445852681,True,1.4819352915852568,0,0,2,0.1,0.075,0.6517601207044748,2.007388398278058,0.09722813748312795,-2.5156104012632166,-56.06025872299195,119.8811442443986,0.1,0.075,506,0,2,24.790617917320674,0.5059431544665934,RNG-e54cf66f3964,balanced,selection,30301,NTSC,12,3,1000000.0,,False,,,,,
13.518611398097764,96.34916262028351,True,0.5479171621503641,1,0,1,0.875,0.15124999999999986,1.853798615527235,1.7241326337764897,1.2248042802414272,-2.601831559299251,-68.34100068014698,126.51526988897677,0.875,0.15124999999999983,506,1,2,26.35563427161786,0.626414500166161,OVP56,balanced,selection,30301,NTSC,14,3,1000000.0,,False,,,,,
14.129271422393137,95.79179866089476,True,1.1876556069687838,0,0,2,0.075,0.08624999999999998,0.044856490534626134,1.2492624079133945,2.086678522396185,-2.3621256434846756,-50.811438465250156,111.30694959644575,0.075,0.08624999999999998,506,0,2,24.79201566352362,0.6281559326177347,RANGE32,balanced,selection,30301,NTSC,14,3,1000000.0,,True,,,,,
-6.584403938280929,-82.20189899851407,False,601.9953818410618,506,12,49,2.025,2.025,1000000.0,83.30814928586078,23.118225766741467,-156.2679454278083,-69.75869325148555,82.07773940386471,1000000.0,1000000.0,506,506,2,-6.633015247863901,-0.3386584635207589,PLL96-rejected-board,balanced,selection,30301,NTSC,14,3,1000000.0,,False,,,,,
9.124186344549091,95.98217586326626,True,6.301047364729188,461,12,0,2.025,2.025,3.6290437216067453,15.892220992942386,-1.3847179163488652,-1.9849798698069112,-55.152423593477934,122.92392129909896,1.89,1000000.0,506,36,2,12.315377455917178,0.33879566486457036,PLL96-IQ-corrected,balanced,selection,30301,NTSC,14,3,1000000.0,,False,,,,,
18.322049951554316,96.1555468046912,True,0.0,0,0,2,0.025,0.025,0.02561014343263849,1.7700310866854552,1.7455104238827415,-1.3154489768012159,-55.74960212992877,120.52393601621651,0.025,0.025,506,0,2,28.080984290680156,0.8388002928222419,floating-PLL-IQ40,balanced,selection,30301,NTSC,14,3,1000000.0,,True,,,,,
4.2850353229458795,44.50008741941361,True,94.82504282484413,506,12,0,2.025,2.025,1000000.0,49.04541629730524,27.104342876639304,-25.729445221859283,-2.9622069917369203,91.81657621043013,1000000.0,1000000.0,506,506,2,4.487231768603538,0.49890322971952544,HC50,balanced,selection,30301,NTSC,14,3,1000000.0,,False,,,,,
11.733416374290018,98.55000513923757,True,3.9076729476438055,4,0,0,1.2625,0.8449999999999995,2.115837111704711,3.5753813100010796,-1.9016857508711862,-3.892056099164752,-60.66480407746527,112.42523939631394,1.175,0.8449999999999995,506,1,2,17.675260755700396,0.4530208330749859,PLL96-board-fixed,balanced,selection,30301,NTSC,14,3,1000000.0,,False,,,,,
12.813935211804548,97.59217486240486,True,0.468890648378677,0,0,2,0.075,0.061249999999999985,0.03528539766727236,1.8298163731649515,1.7120679403881234,-0.921091059692866,-54.579268720711255,129.28764718034398,0.075,0.061249999999999985,506,0,2,28.36401190646282,0.6097992978884963,RNG-bc1697bf00fe,balanced,selection,30301,NTSC,14,3,1000000.0,,True,,,,,
12.785300493028606,95.370801019921,True,4.140989321636406,0,0,2,0.125,0.15,0.16474018351100955,2.0808996915071725,1.7055164101841385,-2.2736476889559025,-62.425260151596184,130.19589736517807,0.125,0.15,506,0,2,23.349675067677985,0.4742936681865676,RNG-3d5d0a4cc2ff,balanced,selection,30301,NTSC,14,3,1000000.0,,True,,,,,
12.482388376705575,96.14808611259608,True,4.247863273594306,0,0,2,0.125,0.15,0.07265776075291928,1.8954585661749015,1.7885307652844644,-0.7412793793558317,-67.71368944773731,137.7243337888506,0.125,0.15,506,0,2,23.48021261566752,0.4592761638983714,RNG-f3b5a772da6c,balanced,selection,30301,NTSC,14,3,1000000.0,,True,,,,,
13.3282143785038,97.67290642777435,True,0.4801801503460609,0,0,2,0.075,0.075,0.048418669838532394,1.6262113847573771,0.7574346455514037,-1.2797567928194442,-50.235045437349115,124.41908077296705,0.075,0.075,506,0,2,27.089653157752956,0.6196147857316161,RNG-c2510e3dad79,balanced,selection,30301,NTSC,14,3,1000000.0,,True,,,,,
13.414663036906557,96.76704290026433,True,0.4741590826301228,0,0,2,0.075,0.075,0.043486288784546384,1.934233446591345,1.1473744229255027,-2.3818079001362573,-50.237586636843105,121.93353572446591,0.075,0.075,506,0,2,26.345131315760682,0.6219787736912528,RNG-0940539bbf6f,balanced,selection,30301,NTSC,14,3,1000000.0,,True,,,,,
12.488619861050447,96.62132177124425,True,0.6826385522944783,0,0,2,0.275,0.075,1.0180055143626323,2.6853785545428845,1.9911658298322434,-1.342578696332331,-52.375818927082875,127.37167490091431,0.275,0.075,506,0,2,26.856993565216435,0.5734980291637414,RNG-fd019b4a81f6,balanced,selection,30301,NTSC,14,3,1000000.0,,False,,,,,
13.40874237545198,96.95683075825427,True,0.47716961648809186,0,0,2,0.075,0.075,0.04458027799117846,1.5598271750707577,1.185612080337574,-2.2760594338686944,-50.23758663684312,123.48648712283912,0.075,0.075,506,0,2,26.379605547168076,0.6217793297004537,RNG-c5e6c02d20da,balanced,selection,30301,NTSC,14,3,1000000.0,,True,,,,,
13.03859025401021,96.45514241404061,True,0.4846959511330144,0,0,2,0.075,0.061249999999999985,0.3014314498726568,1.9592207530944437,1.8801638964844936,-2.671691962979177,-53.18132225691092,123.60396323045194,0.075,0.061249999999999985,506,0,2,27.001941171899716,0.614063195241021,RNG-3f495a5b43bd,balanced,selection,30301,NTSC,14,3,1000000.0,,True,,,,,
12.952640109510982,95.6294367564635,True,1.107123826268112,0,0,2,0.275,0.075,1.0235999789937706,2.741797223742765,2.040638328789685,-2.8117898045664993,-51.14592365681423,124.776939843084,0.275,0.075,506,0,2,25.786993317436128,0.5752842178744819,RNG-11e21c2af606,balanced,selection,30301,NTSC,14,3,1000000.0,,False,,,,,
13.100567013559095,97.67669667569764,True,0.6826385522944783,0,0,2,0.125,0.061249999999999985,0.6581495423975487,1.8351193080285346,1.8920287397907283,-0.7237887446336814,-51.746248694823535,121.53029864843833,0.125,0.061249999999999985,506,0,2,26.654026934291466,0.6053187253144655,RNG-9ea16fe0c391,balanced,selection,30301,NTSC,14,3,1000000.0,,False,,,,,
13.492307594651551,96.09808353723925,True,2.006520816336361,0,0,2,0.125,0.11124999999999999,0.12128878092983968,0.6211155899795313,3.8877543679480038,-1.0973027379267162,-62.54033052360486,122.11810040685651,0.125,0.11124999999999999,506,0,2,22.950496158970815,0.5730376149906183,RNG-95fcc6a14938,balanced,selection,30301,NTSC,14,3,1000000.0,,True,,,,,
12.472876175863622,96.27692702523233,True,0.32287975626717885,0,0,2,0.075,0.075,0.056407607481776624,1.2314947931814486,3.0362275258176137,-2.7233686221608906,-56.13892486326091,125.9649225687308,0.075,0.075,506,0,2,24.243016338138915,0.6070297643624283,RNG-6f794502cea4,balanced,selection,30301,NTSC,14,3,1000000.0,,True,,,,,
13.385868330245845,95.87847930984977,True,0.5509276960083332,0,0,2,0.075,0.11124999999999999,0.04428840085838374,2.3415167842690954,1.6554518671269915,-3.5789453568249137,-51.473649738544516,118.16556911471238,0.075,0.11124999999999999,506,0,2,26.028915951777325,0.6160444725930663,RNG-d5fa32b9ac54,balanced,selection,30301,NTSC,14,3,1000000.0,,True,,,,,
12.843378378366186,97.36832323310563,True,0.4756643495591073,0,0,2,0.075,0.075,0.12636605337922174,1.599198190107875,0.6414465755454096,-1.8802426143736328,-55.066053688180865,131.4767389400697,0.075,0.075,506,0,2,28.029114537769857,0.6041316219993551,RNG-9b9a46f61eea,balanced,selection,30301,NTSC,14,3,1000000.0,,True,,,,,
12.144446940024764,94.9075423667468,True,0.40792733775480405,0,0,2,0.1,0.061249999999999985,0.05338122643746938,2.1841364683317663,2.4773673783975174,-4.313731413659481,-49.645799024575865,116.58320643337623,0.1,0.061249999999999985,506,0,2,24.31296504752445,0.5607231192535314,RNG-e84fd33487ba,balanced,selection,30301,NTSC,14,3,1000000.0,,True,,,,,
11.82775266636112,96.97031748347243,True,1.2139977782260127,0,0,2,0.09375,0.061249999999999985,0.2713670377366427,1.853117575844451,0.03275878867867012,-2.1318612989462706,-56.29007392298039,118.5357907548291,0.09375,0.061249999999999985,506,0,2,24.944359266497838,0.5267178143390648,RNG-e54cf66f3964,balanced,selection,30301,NTSC,14,3,1000000.0,,True,,,,,
14.939433137648564,97.18517229548458,True,0.4312589751540641,0,0,2,0.05,0.05,0.5332218983550614,0.6329753257658697,1.1256864025727598,-1.7487195394152342,-62.56431599977466,123.8686306511095,0.05,0.05,506,0,2,27.605848945319348,0.6928319733223106,OVP56,balanced,selection,30301,NTSC,18,3,1000000.0,,False,,,,,
15.281282177194582,95.65909043573791,True,1.0378815475348244,0,0,2,0.075,0.075,0.0417472869583096,1.3373887468074501,1.9941694672807493,-2.7893811254059626,-50.987611113957236,108.08422644186169,0.075,0.075,506,0,2,25.025061976977522,0.6907769453166638,RANGE32,balanced,selection,30301,NTSC,18,3,1000000.0,,True,,,,,
-6.588354984962556,-82.19747974380097,False,603.3538852444705,506,12,49,2.025,2.025,1000000.0,83.47320969129918,22.874828843919495,-156.158901979647,-69.32570726314026,78.10840921705005,1000000.0,1000000.0,506,506,2,-6.637254742548486,-0.34317029879695776,PLL96-rejected-board,balanced,selection,30301,NTSC,18,3,1000000.0,,False,,,,,
8.971158992038733,97.000378783845,True,6.419963452118965,481,12,0,2.025,2.025,3.667148074457861,15.631878917893701,-1.1552841028783818,-1.7961391402407227,-55.289910469337094,117.31814827878972,1.9,1000000.0,506,105,2,11.887613588613846,0.34622135328710896,PLL96-IQ-corrected,balanced,selection,30301,NTSC,18,3,1000000.0,,False,,,,,
20.212878766177194,96.27326789272632,True,0.0,0,0,2,0.025,0.025,0.020702819116429263,1.6461009685228032,1.7122514979760288,-1.233374191259969,-52.80516984773564,116.77918378502739,0.025,0.025,506,0,2,28.54122875050865,0.8956744030539706,floating-PLL-IQ40,balanced,selection,30301,NTSC,18,3,1000000.0,,True,,,,,
4.315744927177854,44.47875072946976,True,94.74150051028549,506,12,0,2.025,2.025,1000000.0,48.97373167052313,27.094997216656413,-25.730609834360244,-0.6072437634526437,86.3593731211833,1000000.0,1000000.0,506,506,2,4.488334814604088,0.5497730358118633,HC50,balanced,selection,30301,NTSC,18,3,1000000.0,,False,,,,,
11.921843716550505,97.84782244899405,True,3.7518778204939083,2,0,0,1.0125,0.7499999999999996,1.8578094232656384,5.00396263233008,-1.2681820505238874,-3.0814037708125657,-60.01254670047497,111.49094653571137,0.975,0.7499999999999997,506,1,2,17.580680949605142,0.46993728611846536,PLL96-board-fixed,balanced,selection,30301,NTSC,18,3,1000000.0,,False,,,,,
14.398148821181325,97.48903489041494,True,0.25589537792736783,0,0,2,0.05,0.05,0.028681500283249194,1.9638168492022252,1.9030563940824134,-0.7886549480869134,-49.442525358293125,125.2386429701208,0.05,0.05,506,0,2,28.532273606990085,0.6846264548126201,RNG-bc1697bf00fe,balanced,selection,30301,NTSC,18,3,1000000.0,,True,,,,,
13.00051362518343,95.57101094719687,True,4.090562879515424,0,0,2,0.125,0.13624999999999998,0.044204653413404446,1.9778070408210788,1.5521200734698082,-2.381035616929413,-62.4913357705997,128.23345754877624,0.125,0.13624999999999998,506,0,2,23.528246559565147,0.4855680251763687,RNG-3d5d0a4cc2ff,balanced,selection,30301,NTSC,18,3,1000000.0,,True,,,,,
12.634477289250343,96.21048576814115,True,4.162063058642189,0,0,2,0.125,0.13624999999999998,0.04481516718128101,1.8664443635826895,1.7054610308368643,-0.8761978311067837,-67.781537144736,137.8311022936746,0.125,0.13624999999999998,506,0,2,23.626667510854553,0.4651465243432191,RNG-f3b5a772da6c,balanced,selection,30301,NTSC,18,3,1000000.0,,True,,,,,
14.607754059086513,97.77293948602443,True,0.3063218200483492,0,0,2,0.075,0.075,0.044455422447438706,1.642690410878204,0.6257156951207566,-0.9622671539150462,-47.516482767319125,120.10430058347063,0.075,0.075,506,0,2,27.12793812683956,0.6834590792046638,RNG-c2510e3dad79,balanced,selection,30301,NTSC,18,3,1000000.0,,True,,,,,
14.711795360963047,97.12141415277642,True,0.31836395548022534,0,0,2,0.075,0.075,0.04077437194016144,1.670748898277259,0.9838895405895721,-1.985408033989406,-48.86149231695478,119.19895658020044,0.075,0.075,506,0,2,26.704042317599743,0.6868713468380615,RNG-0940539bbf6f,balanced,selection,30301,NTSC,18,3,1000000.0,,True,,,,,
13.265783726067381,96.69219754797373,True,0.559206664117748,0,0,2,0.075,0.075,0.4246074681117662,2.552011943470473,2.026921333064935,-1.2718164871778557,-49.71757874101013,127.40360613980698,0.075,0.075,506,0,2,27.202147542636826,0.6117370924651401,RNG-fd019b4a81f6,balanced,selection,30301,NTSC,18,3,1000000.0,,True,,,,,
14.70624146729886,97.20241755308794,True,0.314600788157764,0,0,2,0.075,0.075,0.041435458645966275,1.5605004121655384,1.0299209558741178,-1.8628326150352361,-48.05952117736561,119.1989565801953,0.075,0.075,506,0,2,26.690727117144668,0.6867481971816948,RNG-c5e6c02d20da,balanced,selection,30301,NTSC,18,3,1000000.0,,True,,,,,
14.553598631735085,96.50404428677759,True,0.27922701532662786,0,0,2,0.05,0.05,0.028072112109010776,1.9386900703757934,2.042530643529144,-2.4136598044641104,-50.1204800915636,121.81299031003974,0.05,0.05,506,0,2,27.373249359614263,0.6866758366897645,RNG-3f495a5b43bd,balanced,selection,30301,NTSC,18,3,1000000.0,,True,,,,,
13.855447782738992,95.91283402201988,True,1.0551921172181464,0,0,2,0.075,0.075,0.42457110420946487,2.5400793621384414,2.087231604034367,-2.5436873953637495,-49.71757312282781,120.53743095473996,0.075,0.075,506,0,2,26.250161999226478,0.6213979759125628,RNG-11e21c2af606,balanced,selection,30301,NTSC,18,3,1000000.0,,True,,,,,
14.186863747031195,97.77298715529669,True,0.4756643495591073,0,0,2,0.075,0.05,0.20563936735730987,1.7387741802391095,1.8228678768796942,-0.6166202852824116,-49.93305975782155,115.18201547723027,0.075,0.05,506,0,2,27.146912618227248,0.6611638628101137,RNG-9ea16fe0c391,balanced,selection,30301,NTSC,18,3,1000000.0,,True,,,,,
14.330587425086165,95.96023132998377,True,1.8717994261922466,0,0,2,0.125,0.1,0.04088025993280758,1.038425740338349,3.9200590500962855,-0.8774250187955922,-59.30409556758304,120.94500036270819,0.125,0.1,506,0,2,22.81457872128273,0.6271189731320975,RNG-95fcc6a14938,balanced,selection,30301,NTSC,18,3,1000000.0,,True,,,,,
13.692412575969971,96.52341861187507,True,0.11063711928036199,0,0,2,0.075,0.075,0.05011104270308605,1.1511474272413469,3.07781080258658,-2.331180317542301,-58.11498049885729,120.43646243463195,0.075,0.075,506,0,2,24.67883515839737,0.6679225974308334,RNG-6f794502cea4,balanced,selection,30301,NTSC,18,3,1000000.0,,True,,,,,
14.804673560430128,96.2404858706953,True,0.331911357841086,0,0,2,0.075,0.075,0.03937192173800859,2.012760134072322,1.5572931972944155,-3.433074474112801,-49.40714472099797,118.00928232294888,0.075,0.075,506,0,2,26.68737048277526,0.6869389266212752,RNG-d5fa32b9ac54,balanced,selection,30301,NTSC,18,3,1000000.0,,True,,,,,
14.034945516454563,97.44999497107858,True,0.2935270511519808,0,0,2,0.075,0.05,0.028938738619459132,1.5436984039092767,0.674114886219868,-1.6968870978207127,-51.60951458093694,128.24983623865123,0.075,0.05,506,0,2,28.49442919081879,0.662160705452356,RNG-9b9a46f61eea,balanced,selection,30301,NTSC,18,3,1000000.0,,True,,,,,
12.730982244454612,95.1802825526544,True,0.2987954854034266,0,0,2,0.1,0.05,0.05196247505873107,2.0537108516097633,2.381949224466938,-4.014187657269123,-48.473665088466674,113.84632180002953,0.1,0.05,506,0,2,24.83994088594983,0.5899126537454554,RNG-e84fd33487ba,balanced,selection,30301,NTSC,18,3,1000000.0,,True,,,,,
12.274203317570558,97.16390018395781,True,1.0265920455674404,0,0,2,0.075,0.08624999999999998,0.03702765764708915,1.736344414458945,-0.026256289923162056,-1.6717622014238929,-55.03554826030865,116.65471543018023,0.075,0.08624999999999998,506,0,2,25.017148940926614,0.548738351013398,RNG-e54cf66f3964,balanced,selection,30301,NTSC,18,3,1000000.0,,True,,,,,
15.628233242201304,97.46661861578717,True,0.3830904334265596,0,0,2,0.05,0.05,0.024776670462543716,0.2857814972814961,1.0575995042851976,-1.470221956346449,-61.49454055362109,123.9422601595,0.05,0.05,506,0,2,27.94615413408822,0.7241427481389994,OVP56,balanced,selection,30301,NTSC,22,3,1000000.0,,True,0.8895605044081001,-48.45039177509697,10.610504316719263,22.356967759708663,11.656312485066412
15.83996917530726,95.6177461198679,True,0.9445549979377843,0,0,2,0.05,0.061249999999999985,0.03945027389856674,1.3105749708157814,1.9286173990530349,-3.045805595259056,-49.30789137059491,106.67090420096434,0.05,0.061249999999999985,506,0,2,25.12292838168552,0.7207497965832769,RANGE32,balanced,selection,30301,NTSC,22,3,1000000.0,,True,0.8506463190261594,-49.509869078073606,10.25624450776845,19.753031876905553,11.557754300981637
-6.597967282345154,-82.50864839097505,False,604.2133926609206,506,12,49,2.025,2.025,1000000.0,84.2386518058307,22.722906494853465,-156.19813622594936,-67.69844415979865,75.69964931544234,1000000.0,1000000.0,506,506,2,-6.646610602237709,-0.3467220164466793,PLL96-rejected-board,balanced,selection,30301,NTSC,22,3,1000000.0,contrast;waveform;detail_floor;sync;h_jitter_us;v_jitter_us;h_width_rmse_us;sync_error_ire;black_error_ire;white_error_ire,False,0.44055316264170513,82.23213954814028,36.492588814255136,33.48596344905763,29.335595897706654
8.891361674331762,97.8635055490178,True,6.398137081648689,501,12,0,2.025,2.025,3.6701839190972434,14.92336032021108,-1.1309515958576,-1.6972907164161193,-48.76416298920272,111.39684645336371,1.69,1000000.0,506,228,2,11.697136927907101,0.35152114747726215,PLL96-IQ-corrected,balanced,selection,30301,NTSC,22,3,1000000.0,waveform;detail_floor;sync;h_jitter_us;v_jitter_us;h_width_rmse_us;sync_error_ire,False,0.5047940969047537,-95.53842372125027,38.79469067833268,32.53097996894798,17.964169874270244
21.208184540080993,96.32713605392159,True,0.0,0,0,2,0.025,0.025,0.019974044422522076,1.6233535517907947,1.6985005417196568,-1.1656111012992818,-50.01469779095516,113.9968248617981,0.025,0.025,506,0,2,28.742833812865662,0.9201086773282671,floating-PLL-IQ40,balanced,selection,30301,NTSC,22,3,1000000.0,,True,0.5953292655970976,4.927976359421251,8.340496900941735,17.741213070105992,6.274191668610386
4.327626761446729,44.478668568474255,True,94.70537410398987,506,12,0,2.025,2.025,1000000.0,48.938673191740314,27.10790373888558,-25.690455059485963,1.0626629045142408,84.244688335132,1000000.0,1000000.0,506,506,2,4.489013040038106,0.5736525445890885,HC50,balanced,selection,30301,NTSC,22,3,1000000.0,contrast;waveform;sync;h_jitter_us;v_jitter_us;h_width_rmse_us;sync_error_ire;black_error_ire;white_error_ire,False,0.43645010261637024,80.58079353362007,10.001550745869084,20.213124756223365,30.840551252715507
11.916152476247744,97.20916550439331,True,3.6713460397932365,0,0,2,0.425,0.35124999999999984,0.12458924607346393,5.627093584023602,-0.8561055519129774,-2.8331303475729586,-58.30377956586346,111.5310452770247,0.425,0.35124999999999984,506,0,2,17.238189046423194,0.47673251143085976,PLL96-board-fixed,balanced,selection,30301,NTSC,22,3,1000000.0,waveform,True,0.5983349697763918,-87.65155292002929,35.47015371932083,23.550209288950064,16.486447655396038
15.295271577571643,97.38810473686391,True,0.18213729840712653,0,0,2,0.05,0.05,0.02708681694429807,2.070066459365852,1.9766052709126551,-0.8027559021958418,-46.32184188434424,122.7968135060793,0.05,0.05,506,0,2,28.55639446151865,0.7247328001453576,RNG-bc1697bf00fe,balanced,selection,30301,NTSC,22,3,1000000.0,,True,0.893140368726375,-46.10323627511876,11.530948181426107,21.9191618625234,11.485888923272709
12.946136064027025,95.63629989768245,True,4.199694731866802,0,0,2,0.125,0.12249999999999997,0.043486288784546384,1.892758842375586,1.4509411113345645,-2.6780635248796383,-61.755914619918755,128.6875284624427,0.125,0.12249999999999997,506,0,2,23.19713959358363,0.478621295414451,RNG-3d5d0a4cc2ff,balanced,selection,30301,NTSC,22,3,1000000.0,,True,0.5988369202799675,-72.91833892026989,39.94936286987774,30.822617246144947,14.759775106851558
12.494448506652041,96.1479919080273,True,4.233563237768954,0,0,2,0.125,0.12249999999999997,0.04305812323226112,1.8864240561402177,1.6263859691372746,-1.2213465164403339,-64.47111243375579,137.13380815444455,0.125,0.12249999999999997,506,0,2,23.212160409736914,0.4512677453025735,RNG-f3b5a772da6c,balanced,selection,30301,NTSC,22,3,1000000.0,,True,0.6754406633297181,-77.11537774551037,38.050869769486965,33.960189964265986,15.687701448854298
15.227250029127328,97.80188526370091,True,0.267937513359244,0,0,2,0.075,0.061249999999999985,0.04246598266606422,1.6275807542282545,0.609678333977556,-0.8160397388650112,-45.17750103576712,116.8370686486426,0.075,0.061249999999999985,506,0,2,27.128948306598147,0.7130684450166912,RNG-c2510e3dad79,balanced,selection,30301,NTSC,22,3,1000000.0,,True,0.9885437566345743,-48.800659636193366,11.503321663192391,20.483978310253313,12.327900665260332
15.352105985396655,97.27994850069362,True,0.2694427802882285,0,0,2,0.075,0.061249999999999985,0.038898494641508866,1.5532357443957243,0.9469748476783988,-1.784677111646874,-46.184835012090296,116.20315807460977,0.075,0.061249999999999985,506,0,2,26.85161963867237,0.717365072767192,RNG-0940539bbf6f,balanced,selection,30301,NTSC,22,3,1000000.0,,True,0.9636958036277812,-48.81698089602344,11.514066085389496,20.66100868045679,12.178622105342503
13.566883916678417,96.72210849821194,True,0.518564457035166,0,0,2,0.075,0.075,0.16055963762166875,2.491740713643078,2.0434620420141347,-1.237650944968416,-49.544497824609735,127.0384368660601,0.075,0.075,506,0,2,27.353503857068226,0.6262264856955357,RNG-fd019b4a81f6,balanced,selection,30301,NTSC,22,3,1000000.0,,True,0.8756787114614205,-48.23959439948907,16.271427385344104,25.713943054870267,12.67750603157415
15.348112560686268,97.32315971995723,True,0.267937513359244,0,0,2,0.075,0.061249999999999985,0.03940328129832716,1.5320467634395698,0.9908904397836609,-1.6602780605809382,-47.2104209271083,116.20315807445988,0.075,0.061249999999999985,506,0,2,26.826089099263577,0.7173535631301075,RNG-c5e6c02d20da,balanced,selection,30301,NTSC,22,3,1000000.0,,True,0.9660165349381638,-48.82122843403249,11.541354696200239,20.243545344241042,12.19531367860164
15.401421446623111,96.4775445539325,True,0.2047163023418943,0,0,2,0.05,0.05,0.02604059615718012,1.9444558850412625,2.1144119557633156,-2.3768659092391675,-46.821803898068474,121.85818035201939,0.05,0.05,506,0,2,27.473996659504273,0.7252673386785949,RNG-3f495a5b43bd,balanced,selection,30301,NTSC,22,3,1000000.0,,True,0.8892610500817217,-46.11199197682424,11.432889490670043,22.794250629543672,11.484835334033365
14.245328937336284,96.06857285025283,True,1.0408920813927933,0,0,2,0.075,0.075,0.16057117663764695,2.4359221771088784,2.109861122537496,-2.404777809886613,-49.54444417397238,120.60645307949159,0.075,0.075,506,0,2,26.478127595273435,0.6411689371378467,RNG-11e21c2af606,balanced,selection,30301,NTSC,22,3,1000000.0,,True,0.8609189148680216,-48.97248330119781,16.272152603261006,24.45237180910007,12.681938126166722
14.746079814087947,97.82466216419056,True,0.36577986374323757,0,0,2,0.075,0.061249999999999985,0.0330998907369559,1.7171399284258406,1.7681031866085801,-0.5505458580889276,-49.59263694087071,114.64577566420076,0.075,0.061249999999999985,506,0,2,27.40841219602678,0.6888641225754776,RNG-9ea16fe0c391,balanced,selection,30301,NTSC,22,3,1000000.0,,True,0.9197030386123617,-42.844467177673955,12.951490931855199,23.092585707282918,11.676809074803078
14.803414807476262,95.68279174750509,True,1.8793257608371694,0,0,2,0.125,0.1,0.03740931062902831,1.2532231997533276,3.8875055835735903,-1.1945361040686295,-59.367807876103825,120.6685441827141,0.125,0.1,506,0,2,22.769029007365216,0.6577755748801981,RNG-95fcc6a14938,balanced,selection,30301,NTSC,22,3,1000000.0,,True,0.6882155447300563,-55.09597605604693,12.900404800015083,21.201148189193763,12.552380147755608
14.245175230528687,96.67040246010458,True,0.07526334644922583,0,0,2,0.075,0.10874999999999994,0.047465402419841235,1.0546719217330762,3.0906446919228157,-2.0979611494711587,-49.748937511254596,124.54215795428613,0.075,0.10874999999999994,506,0,2,24.919284269360414,0.6942515365918207,RNG-6f794502cea4,balanced,selection,30301,NTSC,22,3,1000000.0,,True,0.9363852891011959,-31.939224268989257,17.61033859421743,30.220583184382914,10.76074724130683
15.586632843261823,96.36653159629178,True,0.2513795771404143,0,0,2,0.075,0.075,0.038193521169022075,1.8855044731268384,1.511441818684764,-3.466085138667012,-46.698419147743394,117.34379658104251,0.075,0.075,506,0,2,26.925669539894205,0.7243283098755238,RNG-d5fa32b9ac54,balanced,selection,30301,NTSC,22,3,1000000.0,,True,0.8642909262373342,-39.667588267854974,12.456982380243742,22.43600445989374,10.431899550915052
14.600600971331584,97.47958835585892,True,0.2551427444628756,0,0,2,0.05,0.05,0.030273783646656803,1.4992743700108269,0.6842777572285477,-1.6239205225727997,-50.40134717980825,125.61506490793755,0.05,0.05,506,0,2,28.714543146217153,0.6888022940862604,RNG-9b9a46f61eea,balanced,selection,30301,NTSC,22,3,1000000.0,,True,0.8856823492672947,-49.49018420177823,15.184423175724264,24.517845750244696,11.998546339931027
12.961661680661267,95.3208446346079,True,0.2664322464302595,0,0,2,0.1,0.05,0.052705929645181726,2.035122651919523,2.335708382255009,-3.777712058185133,-45.39229480421298,111.33911323789911,0.1,0.05,506,0,2,25.130751490206137,0.6015129001905823,RNG-e84fd33487ba,balanced,selection,30301,NTSC,22,3,1000000.0,,True,0.7541742803345726,-37.15841741549232,14.757190115795924,29.936104685373678,11.728769196026738
12.451328515540022,97.25435962869147,True,0.9596076672276295,0,0,2,0.075,0.07249999999999997,0.03699428435716542,1.68717940944361,-0.04988216942294494,-1.415272450693782,-52.76285750583385,113.4271178276997,0.075,0.07249999999999997,506,0,2,25.02645387568645,0.5578190308892003,RNG-e54cf66f3964,balanced,selection,30301,NTSC,22,3,1000000.0,,True,0.7341861368692667,-42.885870477325184,34.15010243543553,48.33809712807279,12.023770772822507
16.0684857090918,97.54457093966597,True,0.32287975626717885,0,0,2,0.05,0.036249999999999984,0.021174738846497995,0.13843354947719452,1.0536731758262123,-1.3855395745761216,-57.724073370746304,123.40575592165575,0.05,0.036249999999999984,506,0,2,28.07629377850182,0.7432039514106042,OVP56,balanced,selection,30301,NTSC,30,3,1000000.0,,True,0.8830420538014496,-48.54867019231549,10.162664722393078,22.350701345698,11.516839031548562
16.186763787964473,95.65477738142651,True,0.8707969184175429,0,0,2,0.05,0.05,0.039762138624377205,1.226742990297911,1.851689911077261,-3.1410162359828564,-44.22307196610845,103.32848484275462,0.05,0.05,506,0,2,25.24992296167298,0.7382319904629595,RANGE32,balanced,selection,30301,NTSC,30,3,1000000.0,,True,0.8465408334390278,-49.42407673794604,9.151942635073667,20.411292122989696,11.397276238263602
-6.606388034751537,-82.86291278880232,False,604.7718466915738,506,12,49,2.025,2.025,1000000.0,85.05282953891727,22.676003032100287,-156.2607028638695,-67.65300700354807,67.02837051647035,1000000.0,1000000.0,506,506,2,-6.654569505831357,-0.347236788994483,PLL96-rejected-board,balanced,selection,30301,NTSC,30,3,1000000.0,contrast;waveform;detail_floor;sync;h_jitter_us;v_jitter_us;h_width_rmse_us;sync_error_ire;black_error_ire;white_error_ire,False,0.4413571984980318,82.64815625844739,37.072457541203,33.84230294264118,29.335141180684463
8.858792130814773,98.60301901935645,True,6.450068790698655,506,12,0,2.025,2.025,1000000.0,13.976061130411605,-1.0965886963510292,-1.6767253749842927,-45.61895000397368,107.01190223130763,1000000.0,1000000.0,506,506,2,11.622592199882469,0.3536463297988765,PLL96-IQ-corrected,balanced,selection,30301,NTSC,30,3,1000000.0,waveform;detail_floor;sync;h_jitter_us;v_jitter_us;h_width_rmse_us;sync_error_ire,False,0.509047236936528,-95.17099488458678,40.88137069813069,32.20445905826176,17.938294577473155
21.894561461016654,96.3344357563619,True,0.0,0,0,2,0.025,0.025,0.018991364794529467,1.6297342580228118,1.7019885208380543,-1.1271813207484211,-47.02746000993456,111.25514423548191,0.025,0.025,506,0,2,28.821022566300503,0.9351152999673109,floating-PLL-IQ40,balanced,selection,30301,NTSC,30,3,1000000.0,,True,0.5890558768275214,4.822184015143026,7.106861938943292,18.27423839542366,6.173373886123224
4.335455524884594,44.482277464486245,True,94.68128983312612,506,12,0,2.025,2.025,1000000.0,48.91975142362999,27.109976524066333,-25.649621001055216,1.6399201076522019,84.20999483486196,1000000.0,1000000.0,506,506,2,4.490063617502054,0.5897558528549504,HC50,balanced,selection,30301,NTSC,30,3,1000000.0,contrast;waveform;sync;h_jitter_us;v_jitter_us;h_width_rmse_us;sync_error_ire;black_error_ire;white_error_ire,False,0.4354964188770273,80.51705217215735,9.192317909323416,20.020492942935004,30.821145707982676
11.82639978032471,96.72466368241933,True,3.6043616614534253,0,0,2,0.25,0.3287499999999999,0.09433038399091523,5.728489547099258,-0.6782137258606626,-2.7844694104383967,-57.506988669207374,111.43222097205472,0.25,0.3287499999999999,506,0,2,16.77069827173892,0.4809189183104987,PLL96-board-fixed,balanced,selection,30301,NTSC,30,3,1000000.0,waveform,True,0.6052994644601214,-88.06406461489664,35.42670812521264,17.46027055105015,16.519441060100103
15.88738311260214,97.27874408653514,True,0.13697929053759103,0,0,2,0.05,0.05,0.024826472865485977,2.1391449969640464,1.9886926622241574,-0.9383185127938158,-44.65461524823375,119.66229716901694,0.05,0.05,506,0,2,28.59928086720355,0.7496521704755601,RNG-bc1697bf00fe,balanced,selection,30301,NTSC,30,3,1000000.0,,True,0.8931867531491596,-46.12461773011944,11.280794274331424,22.075240204559254,11.284999902830284
12.936825263412416,95.68879442542392,True,4.123678751953084,0,0,2,0.125,0.12249999999999997,0.04308679997418943,1.9800727874021686,1.3833688485574989,-2.7105373430045274,-58.366366897210504,128.84092232965688,0.125,0.12249999999999997,506,0,2,23.251303126632887,0.47664228009246346,RNG-3d5d0a4cc2ff,balanced,selection,30301,NTSC,30,3,1000000.0,,True,0.5896847278539729,-73.86634742846422,41.675909702994744,25.28158389575056,14.497834068386297
12.436699154700484,96.0959709417259,True,4.184642062576956,0,0,2,0.125,0.075,0.04305812323226112,2.098101582203696,1.5617158076233704,-1.2663680898240985,-62.878353011812244,136.38038185802205,0.125,0.075,506,0,2,23.237923418264433,0.44582568643556897,RNG-f3b5a772da6c,balanced,selection,30301,NTSC,30,3,1000000.0,,True,0.6415730136543514,-78.53981754100198,41.85059085955168,29.165470178038156,15.461883712948685
15.614711257691676,97.78947250353946,True,0.24460587595998398,0,0,2,0.075,0.061249999999999985,0.04168807091863326,1.6021835189524862,0.5836584393924967,-0.7743883144085878,-43.77606976445076,115.36406190674248,0.075,0.061249999999999985,506,0,2,27.126468074171108,0.7302878769087167,RNG-c2510e3dad79,balanced,selection,30301,NTSC,30,3,1000000.0,,True,0.9907014624881652,-48.738028673768724,11.153603545643993,21.04574121030084,12.123859625421531
15.771340587135253,97.349483586378,True,0.24535850942447623,0,0,2,0.075,0.061249999999999985,0.038047712920726576,1.46192580058659,0.9240466762314755,-1.6914135609273322,-43.75005748280299,115.25920060214432,0.075,0.061249999999999985,506,0,2,26.92543941997328,0.7359527756670423,RNG-0940539bbf6f,balanced,selection,30301,NTSC,30,3,1000000.0,,True,0.9645157527569925,-48.77437523932793,10.750318002872897,21.415786366380956,11.983866903678084
13.813973024683062,96.71096523024295,True,0.44555901097941697,0,0,2,0.075,0.075,0.034183011290253015,2.4643274041239716,2.063816107059613,-1.222877956969329,-48.990079954398404,124.28906690777495,0.075,0.075,506,0,2,27.471660513306855,0.6368327562008003,RNG-fd019b4a81f6,balanced,selection,30301,NTSC,30,3,1000000.0,,True,0.8800369595156081,-48.249772025217794,17.21698908032881,23.265873953756756,12.463637565351215
15.769504557040072,97.36831221615908,True,0.24460587595998398,0,0,2,0.075,0.061249999999999985,0.03843530573929037,1.4903527496065474,0.9700839576852179,-1.5759427474648957,-43.75005748280301,115.25920060214429,0.075,0.061249999999999985,506,0,2,26.890911540139946,0.7360604774186852,RNG-c5e6c02d20da,balanced,selection,30301,NTSC,30,3,1000000.0,,True,0.9641143582232938,-48.76482729900583,10.811418489628357,22.023707778103223,11.99708663869026
15.96281746315164,96.43229447667565,True,0.1497740594339594,0,0,2,0.05,0.05,0.023862459974768543,1.9083602480728943,2.124425295590448,-2.4781096893217236,-45.717519787806864,117.94622574876732,0.05,0.05,506,0,2,27.516581208589944,0.7495213212915534,RNG-3f495a5b43bd,balanced,selection,30301,NTSC,30,3,1000000.0,,True,0.8857725360461781,-46.23905120702913,11.115807530892749,22.383231112913556,11.306358900248677
14.468672758690495,96.12577415640281,True,1.0416447148572856,0,0,2,0.075,0.075,0.034363207643141984,2.3968688915444494,2.12708020105632,-2.3503955580321585,-49.54273119674778,120.23643206091432,0.075,0.075,506,0,2,26.598934984336843,0.6517929440560184,RNG-11e21c2af606,balanced,selection,30301,NTSC,30,3,1000000.0,,True,0.873140811193464,-48.68195461037723,17.2699540289151,21.83065540602479,12.430171140266498
15.073629754026134,97.83813076026632,True,0.3093323539063182,0,0,2,0.075,0.05,0.0337099931231621,1.7364602067377688,1.7446931769997658,-0.5253405796582454,-47.993555191518126,114.75514452967158,0.075,0.05,506,0,2,27.53772694719156,0.7046377451324869,RNG-9ea16fe0c391,balanced,selection,30301,NTSC,30,3,1000000.0,,True,0.9195040797982444,-42.14291521340706,12.462889141670143,22.506578283385355,11.38625431560452
15.127635650248267,95.6987049024104,True,1.8567467569024014,0,0,2,0.125,0.1,0.03824200037766559,1.3620596512347722,3.866664459831961,-1.2253810840084551,-56.87351229502648,124.04883422566206,0.125,0.1,506,0,2,22.86177403307885,0.6775713121798914,RNG-95fcc6a14938,balanced,selection,30301,NTSC,30,3,1000000.0,,True,0.6858236722835571,-54.29159503578378,11.62371281210128,22.253720768344138,12.298462614423364
14.50501694407789,96.78313072895352,True,0.0579527767659039,0,0,2,0.075,0.075,0.047763725962141616,0.9656680637533129,3.1248046217081797,-1.9033300222475653,-49.4182949728786,125.1636762518367,0.075,0.075,506,0,2,25.01855076012174,0.7062463622277702,RNG-6f794502cea4,balanced,selection,30301,NTSC,30,3,1000000.0,,True,0.934041774455775,-31.506517957295262,19.165044239548678,29.705402672146533,10.48805896928231
16.072044748673285,96.39962413781693,True,0.1934268003745104,0,0,2,0.09375,0.08624999999999998,0.036388331535490315,1.8189832188827906,1.4776705633989373,-3.556685622094025,-44.97307067559965,111.36783961030821,0.09375,0.08624999999999998,506,0,2,27.025038836259306,0.7461704824691369,RNG-d5fa32b9ac54,balanced,selection,30301,NTSC,30,3,1000000.0,,True,0.8426302408915608,-38.228139577483766,11.818555659724483,24.606348411606938,9.901201278253447
14.943510971829081,97.49569507313662,True,0.21901633816724722,0,0,2,0.05,0.061249999999999985,0.029108967961957645,1.4718666395459574,0.6684712232791634,-1.578310699635987,-47.649059467262774,125.28663038080543,0.05,0.061249999999999985,506,0,2,28.88206295540019,0.7041763306867629,RNG-9b9a46f61eea,balanced,selection,30301,NTSC,30,3,1000000.0,,True,0.8843841679247744,-49.541923052925455,17.152477551770474,24.641534008557123,11.80027295156486
13.118243967856788,95.41267031826074,True,0.2483690432824453,0,0,2,0.1,0.05,0.055100518996429516,2.0540866105324924,2.3207342420355306,-3.56063131792321,-42.09274513753394,111.34804758250303,0.1,0.05,506,0,2,25.3317698323579,0.609287300515105,RNG-e84fd33487ba,balanced,selection,30301,NTSC,30,3,1000000.0,,True,0.7579536832051552,-37.0575830080464,14.809711606522105,28.559393577755987,11.621359975846802
12.556279423408741,97.31914815858026,True,0.9039127908552024,0,0,2,0.075,0.08624999999999998,0.034327244046012,1.6735468006092844,-0.06414370294619012,-1.2042511998134056,-51.344502963051355,112.5646717084594,0.075,0.08624999999999998,506,0,2,25.024853404226647,0.5627606220457139,RNG-e54cf66f3964,balanced,selection,30301,NTSC,30,3,1000000.0,,True,0.7291195393418752,-42.396830214391635,34.45021399947249,58.05287707176052,11.803289897957859
11.648574143633535,92.0945421715315,True,0.6731493099121706,103,1,0,2.025,1.9024999999999999,2.351998552157104,3.0968487137980647,2.315491350456835,-5.561821043559758,-53.763143266146315,121.50723867695024,1.725,1.6524999999999999,610,3,2,21.261288539256604,0.5225860843849145,OVP56,balanced,selection_envelope,30351,PAL,30,1.5,1000000.0,h_missing;v_missing;vertical_trains,False,0.825372212284477,-60.73230757152947,17.345848026070165,26.40914333264985,13.749318390374171
12.854754637906014,91.0167069703555,True,1.2973651191969886,0,0,2,0.125,0.075,0.043853799581164206,4.564576004560643,2.0734793584576168,-6.378225385406718,-39.48552665295334,102.37568439455495,0.125,0.075,610,0,2,20.176855919814347,0.5554879929997099,RANGE32,balanced,selection_envelope,30351,PAL,30,1.5,1000000.0,,True,0.5970186901427224,-68.49140246108696,17.724238296953054,30.670174450781467,12.806612719837656
-6.503237784286519,-78.8041131728352,False,607.6260978670012,610,8,67,2.025,2.025,1000000.0,83.50114602742212,22.349549829900628,-152.25475129140327,-63.156108897346336,64.31344967638499,1000000.0,1000000.0,610,610,2,-6.550152843121105,-0.36637627345058155,PLL96-rejected-board,balanced,selection_envelope,30351,PAL,30,1.5,1000000.0,contrast;stress_waveform;h_missing;v_missing;vertical_trains;sync_error_ire;black_error_ire;white_error_ire,False,0.3101207968656031,65.3007401612614,22.617146014345362,32.53454217652209,28.259929251741244
9.327961189687084,93.93779343633857,True,5.853826850690088,610,8,0,2.025,2.025,1000000.0,16.228512028733434,-0.13391601401554565,-5.826701975624784,-42.50556082880786,102.21238319672548,1000000.0,1000000.0,610,610,2,12.065292832754738,0.37116412846207386,PLL96-IQ-corrected,balanced,selection_envelope,30351,PAL,30,1.5,1000000.0,stress_waveform;h_missing;v_missing;vertical_trains;sync_error_ire,False,0.35670232872246377,-112.27686283690015,24.122903839015336,30.792795288757787,16.40283544339853
16.539165352082776,91.35104257155302,True,0.0056461731493099125,0,0,2,0.025,0.025,0.033126063236879964,4.463503155873288,2.3120241051292547,-5.471367994047636,-42.33795192085575,118.8643594458591,0.025,0.025,610,0,2,21.362105035841644,0.8007468085546052,floating-PLL-IQ40,balanced,selection_envelope,30351,PAL,30,1.5,1000000.0,,True,0.3928686176501616,6.30283229547267,9.364496937341771,16.931282051625516,8.639505476073257
4.208464920356031,42.662409042897266,True,88.85194479297365,610,8,0,2.025,2.025,1000000.0,49.47480136632564,26.731762565718164,-27.814253383636128,2.064386946120443,82.90977344445577,1000000.0,1000000.0,610,610,2,4.457815649560887,0.41660625209866337,HC50,balanced,selection_envelope,30351,PAL,30,1.5,1000000.0,contrast;stress_waveform;h_missing;v_missing;vertical_trains;sync_error_ire;black_error_ire;white_error_ire,False,0.3862360661025763,98.41336415267824,15.501048838097958,22.392592240978246,30.425824171078833
12.023487798204668,91.70389812840689,True,3.4811794228356336,305,4,0,2.025,2.025,2.9871116593749507,9.150908680253188,0.25328011905931996,-6.847927426989194,-53.52628929789332,105.88507278324764,1.85,1.3125,610,10,2,16.58168845697287,0.4830278493668216,PLL96-board-fixed,balanced,selection_envelope,30351,PAL,30,1.5,1000000.0,h_missing;v_missing;vertical_trains,False,0.40513235873321923,-100.73426986020112,22.97913371054503,30.79736395980246,15.035719058742059
10.471247328452783,92.6207729461338,True,1.001254705144291,0,0,2,0.2,0.08249999999999998,0.07802637217055756,4.3706646079548825,2.694914609351051,-5.108014060449583,-46.08673420111537,118.57467919002886,0.2,0.08249999999999998,610,0,2,22.36420087925694,0.4670582802434895,RNG-bc1697bf00fe,balanced,selection_envelope,30351,PAL,30,1.5,1000000.0,stress_waveform,True,0.7429637440341887,-68.52045897733392,19.830703451511717,32.774604805820886,15.258262634032672
13.055449541474385,90.80225660163305,True,3.9291091593475533,1,0,2,0.2824999999999932,0.075,1.0795432311162592,4.872465915296038,2.2656502265377707,-6.57936455318098,-54.157360084259864,121.8220051787317,0.2,0.075,610,1,2,20.12457910718193,0.5017935228308831,RNG-3d5d0a4cc2ff,balanced,selection_envelope,30351,PAL,30,1.5,1000000.0,h_missing,False,0.4295126181192642,-94.76674739440968,30.624175743234737,37.09986154268066,15.085460450220438
12.773978520922089,91.25613384785832,True,3.9924717691342537,263,4,0,2.025,2.025,2.5701603186183886,4.998617333700704,2.43554515216756,-5.141911889303785,-58.927369081743905,130.15284799851753,1.6349999999999993,0.9037499999999996,610,6,2,20.58296054574882,0.47743595023254864,RNG-f3b5a772da6c,balanced,selection_envelope,30351,PAL,30,1.5,1000000.0,h_missing;v_missing;vertical_trains,False,0.46479807074777046,-100.38011221779304,30.750845409385512,40.0001880242946,15.909484059034451
11.588059876806437,92.10319037986439,True,0.7176913425345044,0,0,2,0.08874999999999886,0.075,0.04799248575063174,4.9016925041965065,2.124508344459416,-5.672805953303201,-40.50955817495121,114.38004279259869,0.08874999999999886,0.075,610,0,2,21.89712834985913,0.5078850503711883,RNG-c2510e3dad79,balanced,selection_envelope,30351,PAL,30,1.5,1000000.0,,True,0.770507545626944,-70.45729638420275,18.811532380520244,26.780399523187487,14.73412060395389
11.746405443965315,91.12048657146272,True,0.7089084065244667,0,0,2,0.08874999999999886,0.075,0.04195528454961716,4.6060246310917705,2.607856137720161,-6.874010393869186,-41.47779533348295,114.02211708666098,0.08874999999999886,0.075,610,0,2,20.892393997424477,0.5183711413553359,RNG-0940539bbf6f,balanced,selection_envelope,30351,PAL,30,1.5,1000000.0,,True,0.7449358545069298,-68.72422731329252,18.320844701063468,26.18440234819684,14.254631029616554
11.977231972504608,91.59916858633655,True,0.6555834378920954,306,5,0,2.025,2.025,3.0264143469363387,5.323815174396619,2.8958118977928113,-5.419164083394928,-45.53314450358421,118.6479310519889,1.825,1.35,610,10,2,21.6031262887555,0.5368825093784956,RNG-fd019b4a81f6,balanced,selection_envelope,30351,PAL,30,1.5,1000000.0,h_missing;v_missing;vertical_trains,False,0.7854502255524962,-60.65252687739532,18.445696746808213,28.99063029644074,13.323166531794447
11.74294967484688,91.02799763223439,True,0.7089084065244667,0,0,2,0.08874999999999886,0.075,0.04146398793027471,4.916179382393821,2.6076706608498665,-6.823217644033014,-41.25823686499882,114.02211708666098,0.08874999999999886,0.075,610,0,2,20.847401161088385,0.5183761076600726,RNG-c5e6c02d20da,balanced,selection_envelope,30351,PAL,30,1.5,1000000.0,,True,0.7447942908599963,-68.72001943390785,18.32040096904959,26.18748078639563,14.254048439049008
10.739568184875894,91.66189918671421,True,0.8255959849435383,0,0,2,0.7774999999999977,0.3437499999999998,1.349186913614586,4.217387930613017,2.88670735755931,-6.579060187360958,-44.79026633589932,117.2071336018542,0.7774999999999977,0.34374999999999983,610,0,2,21.309145466574513,0.47713103007728375,RNG-3f495a5b43bd,balanced,selection_envelope,30351,PAL,30,1.5,1000000.0,stress_waveform,False,0.7349247988664319,-68.42707117631156,20.117987774514305,32.59045598966922,15.092800401866953
12.013748595501383,91.05904730046736,True,0.6656210790464241,306,5,0,2.025,2.025,3.0265841735970964,5.653267929868208,2.9608409113397225,-6.668175099458626,-45.52840641313421,116.99253734954985,1.825,1.35,610,10,2,21.07200140338735,0.5393510960872171,RNG-11e21c2af606,balanced,selection_envelope,30351,PAL,30,1.5,1000000.0,h_missing;v_missing;vertical_trains,False,0.7857077903683735,-60.64248415864455,18.127198542095787,28.456930637283786,13.323291341045064
12.216179820886824,92.87838718703502,True,0.9516938519447931,0,0,2,0.1,0.075,0.0588395289234578,4.837385047851731,2.2056463453216497,-4.935630745024042,-39.80525664645949,108.03688943276717,0.1,0.075,610,0,2,22.51798481702034,0.5203246229831463,RNG-9ea16fe0c391,balanced,selection_envelope,30351,PAL,30,1.5,1000000.0,,True,0.7141695903608594,-69.3356544389114,18.153083855631813,27.763710249043754,14.082009178380078
12.57958235768784,90.68760444602802,True,2.1681304893350064,158,0,2,2.025,0.8874999999999993,1.795317548390123,4.52370233983519,4.101256507110318,-6.1456626581849045,-52.09536837780066,117.92120146971604,1.775,0.8874999999999993,610,4,2,20.54702248755603,0.5081003665412877,RNG-95fcc6a14938,balanced,selection_envelope,30351,PAL,30,1.5,1000000.0,h_missing,False,0.5485258394268162,-86.08203043974778,19.526496813649207,27.742195876222958,14.83773261353452
11.535923299987743,90.63298093095946,True,0.4065244667503137,0,0,2,0.075,0.075,0.0430044793701963,4.228999059845946,4.303948065308575,-6.591836445779041,-52.86865673152677,121.50445281947938,0.075,0.075,610,0,2,19.99222106104265,0.5459051008063935,RNG-6f794502cea4,balanced,selection_envelope,30351,PAL,30,1.5,1000000.0,,True,0.7765769260254063,-46.89710712009147,16.83024243067739,34.77092254802266,12.701228455553546
11.597755686191618,90.67801941057161,True,0.8406524466750314,0,0,2,0.1,0.09124999999999998,0.08333469944235439,5.591860441634854,2.40313800719445,-7.49378955248062,-44.50215835471619,114.77889210023793,0.1,0.09124999999999998,610,0,2,20.291131112465003,0.510386276585981,RNG-d5fa32b9ac54,balanced,selection_envelope,30351,PAL,30,1.5,1000000.0,,True,0.6967909907646208,-64.7271727750984,18.808900233835367,26.41395761075711,13.955307345780335
11.094123371161286,91.77571854285519,True,0.6875784190715182,0,0,2,0.1,0.3512499999999998,0.34158952214513877,4.5119711697664275,1.7935397689711396,-6.260440432665014,-45.151657707963764,119.01359914405174,0.1,0.35124999999999973,610,0,2,21.13649199007829,0.501761197334793,RNG-9b9a46f61eea,balanced,selection_envelope,30351,PAL,30,1.5,1000000.0,,True,0.758235699709533,-65.77859086860019,17.541127404712718,26.51586799065611,13.891652402983174
11.662166830877368,90.22716559976344,True,0.3952321204516938,0,0,2,0.1,0.1,0.04100429805540382,5.077053309702454,3.832760351069826,-7.966967939562958,-38.8794043881659,107.66361754833918,0.1,0.1,610,0,2,20.02908155917709,0.5298181500553858,RNG-e84fd33487ba,balanced,selection_envelope,30351,PAL,30,1.5,1000000.0,,True,0.5996550179717703,-50.067918220681406,18.625312181873056,34.37304232441498,12.523508384532501
12.437550482100288,92.2504582543784,True,0.9372647427854454,0,0,2,0.075,0.075,0.03730138660456138,4.611892953474661,0.8814003535651752,-5.376491504419037,-45.12068349580592,107.62466532826869,0.075,0.075,610,0,2,20.380919730199622,0.5511068099463184,RNG-e54cf66f3964,balanced,selection_envelope,30351,PAL,30,1.5,1000000.0,,True,0.6272010984231741,-53.566364971016334,20.376227924752527,39.67735376787156,11.91448668694275
11.75303400397597,92.15988879641647,True,0.7255386597705371,98,2,0,2.025,2.025,2.329824808801272,2.9230274753313936,2.13044809458379,-5.761629767619276,-53.71118571927845,120.09873260739587,1.5162499999999994,1.1562499999999996,506,3,2,21.180134837989293,0.5466670558831443,OVP56,balanced,selection_envelope,30351,NTSC,30,1.5,1000000.0,h_missing;v_missing;vertical_trains,False,0.8785637157210087,-47.31058363734533,30.757664206341392,37.402062316586154,12.766903482677545
12.91417119153725,90.96890298711418,True,1.3201190967194214,0,0,2,0.1,0.13374999999999995,0.044469312596956675,4.392641138606668,1.8797934829756688,-6.616134108825865,-39.50745816896816,102.16624732855252,0.1,0.13374999999999995,506,0,2,20.047054130612988,0.5758830352562716,RANGE32,balanced,selection_envelope,30351,NTSC,30,1.5,1000000.0,,True,0.6166814541204773,-54.467125499586416,31.5928433029679,71.03872587025623,12.47198435685647
-6.417039161173789,-78.57685944999335,False,600.1137981798313,506,12,55,2.025,2.025,1000000.0,83.3193910917593,22.09948820404284,-152.43219476751014,-63.35638461785048,64.115785967807,1000000.0,1000000.0,506,506,2,-6.467111906522734,-0.35376841377477847,PLL96-rejected-board,balanced,selection_envelope,30351,NTSC,30,1.5,1000000.0,contrast;stress_waveform;h_missing;v_missing;vertical_trains;sync_error_ire;black_error_ire;white_error_ire,False,0.4229206278975272,83.28539141601618,38.90296490554723,35.56429039930472,28.795757575967105
9.289804075555457,93.56429717220045,True,6.166325974585074,506,12,0,2.025,2.025,1000000.0,16.02435178653322,-0.3053722543217576,-6.048959939960416,-38.796122588142126,102.41242144591499,1000000.0,1000000.0,506,506,2,12.14218258375901,0.35961347194188065,PLL96-IQ-corrected,balanced,selection_envelope,30351,NTSC,30,1.5,1000000.0,stress_waveform;h_missing;v_missing;vertical_trains;sync_error_ire,False,0.47851732717782386,-94.4289008637374,39.68852672894156,31.362643783944026,17.4191361206698
16.571269286136832,91.29771085940939,True,0.0007526334644922584,0,0,2,0.025,0.025,0.03348942373311736,4.299125593556644,2.122168261458567,-5.669009069166767,-42.59520332099266,119.48646815738215,0.025,0.025,506,0,2,21.265103926986903,0.8114179901942985,floating-PLL-IQ40,balanced,selection_envelope,30351,NTSC,30,1.5,1000000.0,,True,0.4836244469815292,-2.8306600239565247,29.20381493982276,38.67798514370866,8.064065145001905
4.189896721289803,42.64482960752919,True,94.7987006535869,506,12,0,2.025,2.025,1000000.0,49.31300654247298,26.541054788229506,-28.003367595106106,2.1867192170102783,82.6504003678819,1000000.0,1000000.0,506,506,2,4.434031929718223,0.43453517295204236,HC50,balanced,selection_envelope,30351,NTSC,30,1.5,1000000.0,contrast;stress_waveform;h_missing;v_missing;vertical_trains;sync_error_ire;black_error_ire;white_error_ire,False,0.3962145608507243,81.69688909285578,30.028118665195183,40.467133069749266,30.486115190420506
11.995372489932045,91.47675794792401,True,3.620919597672255,264,4,0,2.025,2.025,3.0056240327835884,8.977206345444124,0.04151147546112402,-7.0711417672691335,-53.69064339107282,106.5169067519929,1.85,1.1774999999999998,506,7,2,16.623786569099682,0.487925586329055,PLL96-board-fixed,balanced,selection_envelope,30351,NTSC,30,1.5,1000000.0,h_missing;v_missing;vertical_trains,False,0.5753256548624309,-85.93143095749322,37.36825708348707,15.0653369838244,15.820201487339979
10.601555363710084,92.6785567758192,True,1.060460551469592,0,0,2,0.175,0.13374999999999995,0.06903126976619797,4.1738939888293904,2.4910006990966678,-5.306930304907153,-46.25438723089394,118.50638036615564,0.175,0.13374999999999995,506,0,2,22.319551921965086,0.49192360451065614,RNG-bc1697bf00fe,balanced,selection_envelope,30351,NTSC,30,1.5,1000000.0,stress_waveform,True,0.77600095158538,-54.55927880065813,31.636428764210194,62.88826668211723,14.68756924202705
12.706144990523182,90.61439653484439,True,4.106368182269762,0,0,2,0.15,0.4199999999999996,0.39221204285598477,4.73385743430537,2.069374387438721,-7.072914810105505,-53.72778702711402,122.79672339183273,0.15,0.4199999999999996,506,0,2,19.767270748366744,0.4793876271971187,RNG-3d5d0a4cc2ff,balanced,selection_envelope,30351,NTSC,30,1.5,1000000.0,,True,0.5635719966949386,-72.87327962059074,44.22188290826419,26.009095514455748,14.272576864920204
12.329338724806773,90.98880678407758,True,4.204963166118247,0,0,2,0.6375,0.6224999999999999,0.23604845586825296,4.8467879957359195,2.242375170605581,-5.718427216122405,-59.09153157261209,129.9372944871465,0.6375,0.6224999999999999,506,0,2,20.113990575536125,0.4482044484077651,RNG-f3b5a772da6c,balanced,selection_envelope,30351,NTSC,30,1.5,1000000.0,,False,0.6183321912400541,-77.4518787697788,43.02146491083039,28.877851955462976,15.165477564025084
11.69217202892516,92.14825961661698,True,0.7405913290603823,0,0,2,0.075,0.125,0.04931597324793767,4.710577556714881,1.9313166271461797,-5.8791564837192665,-40.67872728014815,114.16501735993498,0.075,0.125,506,0,2,21.8351729358392,0.531761323345833,RNG-c2510e3dad79,balanced,selection_envelope,30351,NTSC,30,1.5,1000000.0,,True,0.8383786163812792,-56.66564922337308,30.9849585373304,45.30315474056477,14.156227273849579
11.851654361296454,91.17702287896826,True,0.7383334286669055,0,0,2,0.075,0.11124999999999999,0.04304377769688637,4.414054863703431,2.415978527074999,-7.082448227230207,-41.64676574700862,113.81093823782402,0.075,0.11124999999999999,506,0,2,20.85091732926578,0.5418934454859069,RNG-0940539bbf6f,balanced,selection_envelope,30351,NTSC,30,1.5,1000000.0,,True,0.8006681640612483,-55.047324044175596,30.91438216049381,48.64035098125702,13.658340146761045
12.089302586307493,91.62670800070075,True,0.6946806877263545,264,4,0,2.025,2.025,3.043284929341488,5.144041698511633,2.705952863355732,-5.628116969089075,-45.69621914368611,118.2556283571729,1.825,1.2025,506,7,2,21.561293651889095,0.5599960165757419,RNG-fd019b4a81f6,balanced,selection_envelope,30351,NTSC,30,1.5,1000000.0,h_missing;v_missing;vertical_trains,False,0.8346568228769446,-47.21939143863542,31.404806592754305,41.667128766665684,12.378784405000163
11.848414123544917,91.08229335528077,True,0.7383334286669055,0,0,2,0.075,0.11124999999999999,0.042524115455314496,4.7257423199633175,2.415710550834177,-7.024729383626204,-41.42720210918512,113.81093823782402,0.075,0.11124999999999999,506,0,2,20.808343061893876,0.54189519328302,RNG-c5e6c02d20da,balanced,selection_envelope,30351,NTSC,30,1.5,1000000.0,,True,0.8006678707722232,-55.03906311551349,30.922637116850538,48.600533078629276,13.656512127886224
10.86224317826427,91.72145105110434,True,0.8986443566037565,0,0,2,0.7,0.7599999999999998,1.2675521638742495,4.026891920140737,2.6877028267763614,-6.780233765359772,-46.063804103622196,116.5782114579859,0.7,0.7599999999999998,506,0,2,21.262282514626296,0.5015269062254702,RNG-3f495a5b43bd,balanced,selection_envelope,30351,NTSC,30,1.5,1000000.0,stress_waveform,False,0.7665764675116659,-54.637625045666795,31.97043814349737,62.45885477315807,14.52221905992832
12.12569360767789,91.09887598628764,True,0.6969385881198313,264,4,0,2.025,2.025,3.0434953840761056,5.470454151697093,2.7709408288916144,-6.876112075882211,-45.624977984407295,116.78055297411768,1.825,1.2025,506,7,2,21.05923454368196,0.5624256329707741,RNG-11e21c2af606,balanced,selection_envelope,30351,NTSC,30,1.5,1000000.0,h_missing;v_missing;vertical_trains,False,0.8289598463563426,-47.22777527811352,31.355292485612424,43.491030024379185,12.400282017668884
12.31448613264481,92.89624040112746,True,0.9588550337631373,0,0,2,0.075,0.125,0.05933175302480155,4.624328280769766,2.017654004726798,-5.147799212746724,-39.97461720436297,107.80029643188834,0.075,0.125,506,0,2,22.4755454589601,0.5435121195144553,RNG-9ea16fe0c391,balanced,selection_envelope,30351,NTSC,30,1.5,1000000.0,,True,0.7776651604345899,-55.792699392151064,31.576134157728973,47.90279313784455,13.543508058423075
12.604192604424574,90.94824650666659,True,2.278221497018066,133,0,1,2.025,1.6199999999999999,1.836038908627657,4.3848347695373056,3.912741024160249,-6.3178309465375095,-50.74261414925995,119.14436841458775,1.725,1.6199999999999999,506,4,2,20.736487756866794,0.522649500711776,RNG-95fcc6a14938,balanced,selection_envelope,30351,NTSC,30,1.5,1000000.0,h_missing;vertical_trains,False,0.657134711949052,-68.14716100539538,32.92300755975109,35.48935580054991,14.26117955864356
11.661258758663882,90.73208514681194,True,0.45534324601781634,0,0,2,0.075,0.061249999999999985,0.04449707988820249,3.9840736187892083,4.117290704656359,-6.7981299608249675,-46.15064719310665,120.36348098293973,0.075,0.061249999999999985,506,0,2,20.029560849770935,0.5681942992434162,RNG-6f794502cea4,balanced,selection_envelope,30351,NTSC,30,1.5,1000000.0,,True,0.8178758954773266,-35.008011347953165,34.25640423594522,61.09046645241733,12.044989786548268
11.693493255142043,90.68585576498872,True,0.8632705837726203,0,0,2,0.1,0.11124999999999999,0.049090039883975214,5.386849857579058,2.2074983131650536,-7.706192555464399,-44.67024212936181,114.56442387610707,0.1,0.11124999999999999,506,0,2,20.210684274840823,0.5325266610918248,RNG-d5fa32b9ac54,balanced,selection_envelope,30351,NTSC,30,1.5,1000000.0,,True,0.7185650025170984,-52.22638757794675,31.62088397491101,53.511420977976755,13.628203213686474
11.216133277032391,91.82117240777579,True,0.7082280900872151,0,0,2,0.1,0.1,0.41518395608609965,4.310948898581393,1.6028152946502272,-6.468898819504246,-45.36097286336626,119.69351433484931,0.1,0.1,506,0,2,21.030324407679885,0.5261684823261675,RNG-9b9a46f61eea,balanced,selection_envelope,30351,NTSC,30,1.5,1000000.0,,True,0.8131053278848721,-52.20620723997232,31.200077602696936,44.683416077075314,13.193250706238139
11.762858041130556,90.26066440513468,True,0.39814310271640474,0,0,2,0.1,0.125,0.04069856898941978,4.903720207836437,3.64778207964641,-8.179007674220205,-39.82051036182666,107.45338544506782,0.1,0.125,506,0,2,20.03219019986091,0.5497212809477691,RNG-e84fd33487ba,balanced,selection_envelope,30351,NTSC,30,1.5,1000000.0,,True,0.6562266713810363,-39.33550825310654,35.83212221241765,67.4076059716412,12.133226931643094
12.489524155549,92.18800366219227,True,0.9565971333696605,0,0,2,0.075,0.1,0.03785242824589556,4.426867379710209,0.6916609951837779,-5.593643488947705,-46.26830840352679,107.38170041942365,0.075,0.1,506,0,2,20.215422052769508,0.569584469360435,RNG-e54cf66f3964,balanced,selection_envelope,30351,NTSC,30,1.5,1000000.0,,True,0.6906382544634491,-42.209070865450926,33.472747392077366,60.268606619778566,11.510576383881151
16.603659891418353,97.91322860401749,True,0.3174404015056462,0,0,2,0.05,0.04124999999999999,0.02064532654613923,-0.23677895238478905,1.2992575378038802,-1.3494962461891502,-58.460975916535766,118.06385045762325,0.05,0.04124999999999999,610,0,2,28.251091882069023,0.7548448923362897,OVP56,balanced,selection_envelope,30352,PAL,30,5,1000000.0,,True,0.8354379116275363,-60.26867111322332,8.786459827601414,15.139839263188117,11.81619653002255
16.48963389677,95.88442858496187,True,1.0156838143036386,0,0,2,0.075,0.075,0.043853799581164206,0.23539065433486164,1.534293987676091,-3.909421150388809,-45.70786966952218,104.14623147171689,0.075,0.075,610,0,2,24.8036134599543,0.7449997806943498,RANGE32,balanced,selection_envelope,30352,PAL,30,5,1000000.0,,True,0.7442028606956788,-60.37967084127336,9.390406963485775,15.185985658671392,11.2237702614517
-6.736707849460934,-82.78166952701567,False,609.9046424090338,610,8,58,2.025,2.025,1000000.0,81.99489191656428,21.990392458642116,-157.6855295749228,-69.50685641290686,68.32138697521314,1000000.0,1000000.0,610,610,2,-6.782387664905762,-0.3673700934838703,PLL96-rejected-board,balanced,selection_envelope,30352,PAL,30,5,1000000.0,contrast;waveform;detail_floor;sync;h_jitter_us;v_jitter_us;h_width_rmse_us;sync_error_ire;black_error_ire;white_error_ire,False,0.3270119804464475,65.37644178083255,23.379290287719574,33.90716173264613,28.333377106181114
8.931802851945402,98.47266474686204,True,6.287954830614805,228,1,0,2.025,2.01625,3.38360885749573,15.671404814962482,-1.6882615476621075,-1.2628618999461902,-43.02662369510301,107.55127347330064,1.9,1.9549999999999996,610,5,2,11.651766510069423,0.37042991672324915,PLL96-IQ-corrected,balanced,selection_envelope,30352,PAL,30,5,1000000.0,waveform;detail_floor;sync;h_jitter_us;v_jitter_us;h_width_rmse_us;sync_error_ire,False,0.3868771941122432,-112.46763891576187,23.590962598551954,32.60325631547396,17.25678880559922
23.490084091805624,97.5825628301203,True,0.0,0,0,2,0.025,0.025,0.008824332975302801,0.33383502106659335,0.9862524204548516,-0.6274074829637498,-46.24435236620254,110.46939711696889,0.025,0.025,610,0,2,31.328148473393217,0.952823012672811,floating-PLL-IQ40,balanced,selection_envelope,30352,PAL,30,5,1000000.0,,True,0.5222050829349428,17.018666797090155,5.489991381877256,9.779983606630744,6.36224299056376
4.476085204505905,44.7439418840975,True,88.34378920953576,610,8,0,2.025,2.025,1000000.0,48.27654994905521,26.519485663586266,-26.402968743693084,4.164104533107391,83.03726116658744,1000000.0,1000000.0,610,610,2,4.623134023191429,0.623483134184499,HC50,balanced,selection_envelope,30352,PAL,30,5,1000000.0,contrast;waveform;sync;h_jitter_us;v_jitter_us;h_width_rmse_us;sync_error_ire;black_error_ire;white_error_ire,False,0.41820530249512056,98.68730896077045,7.015561768974807,11.745597519536823,30.222386840153234
11.837333345533093,98.44745949469105,True,3.596612296110414,0,0,2,0.075,0.075,0.050479260471057996,3.622811154661355,-1.4072958493104102,-2.352964843087436,-53.44924327670631,111.93311480095669,0.075,0.075,610,0,2,16.82784943842436,0.4815960752176442,PLL96-board-fixed,balanced,selection_envelope,30352,PAL,30,5,1000000.0,waveform,True,0.43299816820796977,-99.8885332828467,21.383111983539322,28.66417142743436,15.786541857619033
15.32157857645183,98.48619344637267,True,0.1656210790464241,0,0,2,0.05,0.05,0.025786799266164125,0.9539903624167503,1.284558493155713,-0.3066904304635205,-45.01980107354664,120.56568690899466,0.05,0.05,610,0,2,30.213787171809404,0.714129924629868,RNG-bc1697bf00fe,balanced,selection_envelope,30352,PAL,30,5,1000000.0,,True,0.8517189568306581,-58.150773549990625,15.561824409442531,22.055416908149756,11.908778912202077
13.076958949555962,97.05657443093165,True,4.095357590966123,0,0,2,0.125,0.075,0.0369148333063118,0.5155593658542974,0.6948913573888741,-2.109068666058904,-60.31356939393992,129.63816329341176,0.125,0.075,610,0,2,23.71675470939689,0.4903482420785936,RNG-3d5d0a4cc2ff,balanced,selection_envelope,30352,PAL,30,5,1000000.0,,True,0.4947950926496365,-87.78413802345936,32.35532329414233,26.37219313075512,15.09292287587455
12.581209679766408,97.53829440347508,True,4.185069008782936,0,0,2,0.125,0.075,0.03775188628443335,0.5843771831606307,0.843321787173107,-0.6137947337374088,-65.01675378533277,137.26760410286352,0.125,0.075,610,0,2,23.76866194893315,0.4614400021932844,RNG-f3b5a772da6c,balanced,selection_envelope,30352,PAL,30,5,1000000.0,,True,0.5477220996467652,-93.47766063413007,31.233331650386603,30.638074373516943,16.180004538321093
17.044859943045864,98.03460022447771,True,0.027603513174404015,0,0,2,0.05,0.05,0.050600897419632106,0.4080681141852177,0.21818377476183207,-1.53484179890199,-43.87803230717854,113.25303786916187,0.05,0.05,610,0,2,27.24706534153995,0.7838679135598621,RNG-c2510e3dad79,balanced,selection_envelope,30352,PAL,30,5,1000000.0,,True,0.972317314581465,-60.42809542822628,8.190654959623622,13.440989130609372,12.208686375242456
17.104071292080878,97.20142325898757,True,0.03952321204516939,0,0,2,0.05,0.05,0.03894089678760558,0.4566214578207369,0.6048217958534808,-2.984749734397338,-44.41104430345075,112.22591778053429,0.05,0.05,610,0,2,26.496966115290604,0.7871611042184582,RNG-0940539bbf6f,balanced,selection_envelope,30352,PAL,30,5,1000000.0,,True,0.935132681791231,-60.422440455044644,7.9794385272901955,13.362996708187485,11.967010360208436
15.95039090841652,97.85643533346123,True,0.3456712672521957,0,0,2,0.05,0.05,0.018107149208503707,1.2441446438795642,1.3754881651917417,-0.7964707617774588,-48.336648259686726,120.52854111841832,0.05,0.05,610,0,2,29.78294634268096,0.7238832345341447,RNG-fd019b4a81f6,balanced,selection_envelope,30352,PAL,30,5,1000000.0,,True,0.8340160696691007,-60.46426028071972,16.52142638642223,20.45270898910134,11.98371854840701
17.07796841332461,97.24288112121457,True,0.03889585947302384,0,0,2,0.05,0.05,0.0393856510444695,0.32744328983739784,0.6664756894027379,-2.9335731251285897,-43.95968383258956,112.22506451488779,0.05,0.05,610,0,2,26.449393340535686,0.7863189777168047,RNG-c5e6c02d20da,balanced,selection_envelope,30352,PAL,30,5,1000000.0,,True,0.9346352244327181,-60.420730103867854,8.029926937437109,13.381008808461475,11.968355521326119
15.521343663654847,97.53412458549175,True,0.1524466750313676,0,0,2,0.05,0.05,0.024586748396673186,0.8733290082800296,1.4270283674236823,-1.9665096381141196,-45.094926076402835,118.83715624832503,0.05,0.05,610,0,2,29.249478660007032,0.7174322567213739,RNG-3f495a5b43bd,balanced,selection_envelope,30352,PAL,30,5,1000000.0,,True,0.840775509930109,-57.836306823193915,15.559578955804716,22.52427516186944,11.802359494288666
15.89547298891615,97.12337434102515,True,0.4165621079046424,0,0,2,0.05,0.05,0.019601564005849375,1.3793000942353757,1.6245483638340072,-2.0354368072027835,-48.35818426914594,120.33565086079473,0.05,0.05,610,0,2,28.7431541457234,0.7211141026638265,RNG-11e21c2af606,balanced,selection_envelope,30352,PAL,30,5,1000000.0,,True,0.8397719656735263,-60.18817292902112,15.416680321208798,19.43859208815624,11.962070944880939
14.902358113645814,99.07526537316596,True,0.3481806775407779,0,0,2,0.075,0.06624999999999999,0.03144406952346852,0.4442352325634817,0.9942958758601341,-0.09695034608106486,-50.25661873301921,114.27595246618462,0.075,0.06624999999999999,610,0,2,29.026046973911118,0.6845008732391697,RNG-9ea16fe0c391,balanced,selection_envelope,30352,PAL,30,5,1000000.0,,True,0.9100516086790373,-52.14950474279526,16.709423011942828,22.140900733578185,11.783917894204622
15.096007600087852,96.80803362023364,True,1.8858218318695108,0,0,2,0.1,0.075,0.03063534870315555,0.40461546311192426,3.1960786177435088,-0.574914726230336,-58.297579775518415,120.42643510049827,0.1,0.075,610,0,2,23.426458409491595,0.6635460665340654,RNG-95fcc6a14938,balanced,selection_envelope,30352,PAL,30,5,1000000.0,,True,0.6554906833499439,-66.80325873803872,17.056395800218787,23.43927365432786,12.48029754203192
16.206853088334082,97.17589085859487,True,0.028858218318695106,0,0,2,0.075,0.04124999999999999,0.045177246557945264,0.3385911802397146,2.5836136074240508,-2.656360663344458,-51.25735860298207,117.32876963930009,0.075,0.04124999999999999,610,0,2,25.797257612732892,0.7706473624886983,RNG-6f794502cea4,balanced,selection_envelope,30352,PAL,30,5,1000000.0,,True,0.9421557206279162,-39.48549830790956,13.674749137247336,21.316958664579403,9.977082382556599
15.699667467108132,97.42615033512692,True,0.1656210790464241,0,0,2,0.075,0.09124999999999998,0.03749316877669895,0.5607995677930883,0.9042515645723266,-3.2934878145228885,-45.831778258375984,112.0747365269362,0.075,0.09124999999999998,610,0,2,27.906769711435405,0.7171868767333355,RNG-d5fa32b9ac54,balanced,selection_envelope,30352,PAL,30,5,1000000.0,,True,0.8409769589253122,-51.656440571519965,16.699995466743733,26.104593616475736,11.043928083646572
16.71546006378058,98.91267753950096,True,0.10351317440401506,0,0,2,0.05,0.05,0.02808797654209908,0.2849089941346909,-0.249015958112995,-0.5671925374626305,-48.04861993473692,121.62649932355372,0.05,0.05,610,0,2,29.217645543122735,0.7713288676144158,RNG-9b9a46f61eea,balanced,selection_envelope,30352,PAL,30,5,1000000.0,,True,0.8386439728949329,-60.64009653253502,9.022456978608158,14.48474286349547,11.63007718183289
14.310302354199608,96.50653095808279,True,0.24905897114178166,0,0,2,0.075,0.06624999999999999,0.040539395937172276,0.6916071906663536,1.5354315859467755,-4.1651765450189195,-43.740919309966834,117.28185955454545,0.075,0.06624999999999999,610,0,2,26.225802710937632,0.653991580047182,RNG-e84fd33487ba,balanced,selection_envelope,30352,PAL,30,5,1000000.0,,True,0.7066794998215487,-48.30830061206273,14.479018192602016,36.40304952165592,10.70063702411306
12.282017068644413,98.44614502444954,True,0.8670012547051443,0,0,2,0.05,0.05,0.03831759001970287,0.6666320356681261,-0.7864882504559659,-1.0241855840451424,-50.734044223509535,113.22363827286527,0.05,0.05,610,0,2,24.467367796693157,0.5436736625305812,RNG-e54cf66f3964,balanced,selection_envelope,30352,PAL,30,5,1000000.0,,True,0.655643637313546,-53.01317696019628,22.589852232222803,45.6222765798874,12.416381031454854
16.760140252301365,97.86071286398781,True,0.3386850590215163,0,0,2,0.05,0.025,0.020881038924375022,-0.2266898324756113,1.2990339428740303,-1.5055393836895237,-57.5412797291438,118.2813377448115,0.05,0.025,506,0,2,28.13251250262642,0.7740733580561305,OVP56,balanced,selection_envelope,30352,NTSC,30,5,1000000.0,,True,0.8907210366055537,-48.034000213937304,7.633361198265611,12.119251571515424,11.215126031396997
16.589951747488527,95.80466726467624,True,1.034118380212363,0,0,2,0.075,0.08624999999999998,0.04354305942070923,0.25994081043232814,1.5287356187418668,-4.05778608475502,-45.53264707650349,104.18822744918502,0.075,0.08624999999999998,506,0,2,24.704060630174776,0.7621858036561812,RANGE32,balanced,selection_envelope,30352,NTSC,30,5,1000000.0,,True,0.7974526331445302,-48.371828895649244,6.944668520059275,13.149979464940367,10.74657989606227
-6.628231680811019,-82.3034642107475,False,609.4622584422896,506,12,46,2.025,2.025,1000000.0,81.89476250382214,21.904222457018893,-157.60038241822005,-69.3511997249042,68.22661477154101,1000000.0,1000000.0,506,506,2,-6.676111952337136,-0.35423152579162137,PLL96-rejected-board,balanced,selection_envelope,30352,NTSC,30,5,1000000.0,contrast;waveform;detail_floor;sync;h_jitter_us;v_jitter_us;h_width_rmse_us;sync_error_ire;black_error_ire;white_error_ire,False,0.43584751022595464,83.4182587273513,36.49257827907914,25.899096413521793,28.834924292280007
8.910247368601436,97.73424084999178,True,6.386847579681305,190,6,0,2.025,2.025,3.396496240077524,15.788765286513858,-1.5658493800350735,-1.3698917059989784,-42.967138466858685,107.40097791832478,1.8,0.1,506,6,2,11.742001317454458,0.3566640698985267,PLL96-IQ-corrected,balanced,selection_envelope,30352,NTSC,30,5,1000000.0,waveform;detail_floor;sync;h_jitter_us;v_jitter_us;h_width_rmse_us;sync_error_ire,False,0.5132819872384402,-95.5764502164884,35.6817775469548,27.656149234096457,18.31423936758872
23.952491317370317,97.47042644898303,True,0.0,0,0,2,0.025,0.025,0.009560500094416398,0.38642381028132905,0.9767130249889109,-0.765009803819133,-45.99694764948606,110.04297225630019,0.025,0.025,506,0,2,31.060158770661435,0.9618598661971152,floating-PLL-IQ40,balanced,selection_envelope,30352,NTSC,30,5,1000000.0,,True,0.6239720213881317,8.338511991114395,4.246911695452735,8.127705370544374,5.554152836701703
4.430336841990657,44.6958335735469,True,94.25304139183001,506,12,0,2.025,2.025,1000000.0,48.284549926112284,26.480524243802606,-26.494155138945224,3.462825518699873,82.33903201335262,1000000.0,1000000.0,506,506,2,4.572124920537296,0.6398113658408151,HC50,balanced,selection_envelope,30352,NTSC,30,5,1000000.0,contrast;waveform;sync;h_jitter_us;v_jitter_us;h_width_rmse_us;sync_error_ire;black_error_ire;white_error_ire,False,0.443909788691187,80.76846912887537,5.541615866096799,8.6352371818686,30.34160646998808
11.840990889530822,98.13906211187789,True,3.681130274831636,0,0,2,0.075,0.075,0.04802163132483958,3.6990330361457215,-1.4253080379434304,-2.497741157172113,-58.85201341688575,111.93837065935439,0.075,0.075,506,0,2,16.993684356643865,0.4843197149363634,PLL96-board-fixed,balanced,selection_envelope,30352,NTSC,30,5,1000000.0,waveform,True,0.5905670009305244,-86.15825470919884,32.24493507037107,18.50827949074683,16.707944510916132
15.540093521980713,98.4090082426066,True,0.18740573265857235,0,0,2,0.05,0.05,0.026300182599044496,0.9890216435487378,1.2853581633669995,-0.4442435899116153,-46.118053247256135,120.409861578427,0.05,0.05,506,0,2,30.145949969821753,0.7373573320440482,RNG-bc1697bf00fe,balanced,selection_envelope,30352,NTSC,30,5,1000000.0,,True,0.8843071993042757,-45.97186449759845,12.838194320343069,24.041480652051646,11.227741993590136
12.80849275444654,96.71137910904872,True,4.363768827126115,0,0,2,0.125,0.08624999999999998,0.03880311608855426,0.585966497928435,0.7107972063905641,-2.5678680865634456,-60.021098883968214,129.4581513706769,0.125,0.08624999999999998,506,0,2,23.127220687555173,0.47416206728035803,RNG-3d5d0a4cc2ff,balanced,selection_envelope,30352,NTSC,30,5,1000000.0,,True,0.6066927402397789,-70.62770317667679,38.147412326725245,24.18554816659983,14.597013667351808
12.257058561583134,97.14919156266153,True,4.481179647586907,0,0,2,0.125,0.075,0.04002531313680887,0.6571258481465581,0.8629008739166952,-1.1297497461015638,-64.92677611199298,137.07700182667116,0.125,0.075,506,0,2,23.07918839998323,0.44062408810730547,RNG-f3b5a772da6c,balanced,selection_envelope,30352,NTSC,30,5,1000000.0,,True,0.7122512855016548,-75.4301880422988,36.713983230537025,30.911350784992795,15.659926703019316
17.242971593442853,98.03035123520374,True,0.04365274094055099,0,0,2,0.05,0.05,0.051002789972512654,0.4410599362662653,0.22501515274357956,-1.669569168597999,-43.76269457579556,112.99195860754178,0.05,0.05,506,0,2,27.273264757919492,0.8033743864797128,RNG-c2510e3dad79,balanced,selection_envelope,30352,NTSC,30,5,1000000.0,,True,1.0351840633315228,-48.25161504447488,6.596041389765276,11.036289813264677,11.679081827118601
17.302013561859024,97.20821663828153,True,0.05494224290793487,0,0,2,0.05,0.05,0.03827428573620415,0.469193544958716,0.6111149314435039,-3.1207243075789006,-45.02219057291343,111.87866883470905,0.05,0.05,506,0,2,26.48961781703784,0.8064584556004808,RNG-0940539bbf6f,balanced,selection_envelope,30352,NTSC,30,5,1000000.0,,True,0.9939686211320709,-48.23217756828587,6.43634493164754,11.245717157716356,11.417624647765656
16.096343108937265,97.7748500017523,True,0.3469640271309311,0,0,2,0.05,0.05,0.019023856460363288,1.284437536251252,1.3746715630683068,-0.9414566692576444,-49.119090613052805,121.03912091228425,0.05,0.05,506,0,2,29.701678890319968,0.7440443179209341,RNG-fd019b4a81f6,balanced,selection_envelope,30352,NTSC,30,5,1000000.0,,True,0.8883811150360104,-48.28528863967964,10.878007520151213,23.707610145045585,11.430732894259187
17.276036132627425,97.24501436034929,True,0.05193170904996583,0,0,2,0.05,0.05,0.0386915439485494,0.35863158587893823,0.6718687955924357,-3.0684618528162875,-44.050534245507095,111.87866883468801,0.05,0.05,506,0,2,26.448660632827504,0.8056371572328154,RNG-c5e6c02d20da,balanced,selection_envelope,30352,NTSC,30,5,1000000.0,,True,0.991489459603963,-48.23674652308675,6.594009609882006,11.574359998663674,11.420413149557254
15.73015700456409,97.47524173602764,True,0.17837413108466527,0,0,2,0.05,0.05,0.024900989710000473,0.8921730060699553,1.4238933987401108,-2.111616049467826,-45.007240724702505,118.68372841829647,0.05,0.05,506,0,2,29.10738776530849,0.7402962435756228,RNG-3f495a5b43bd,balanced,selection_envelope,30352,NTSC,30,5,1000000.0,,True,0.8769046959100943,-45.764234231037335,12.161034360660251,23.459884180629366,11.145919920320665
16.035633214529945,97.05952858762792,True,0.41169050507726535,0,0,2,0.05,0.05,0.020311312294251805,1.411356256796325,1.6216154993390675,-2.1718744120586555,-48.812638577373576,120.15606726459505,0.05,0.05,506,0,2,28.627527358719863,0.7414483222730595,RNG-11e21c2af606,balanced,selection_envelope,30352,NTSC,30,5,1000000.0,,True,0.8889143526180687,-48.506903989590604,11.00689335089934,23.087286764833035,11.500868679880755
15.0944208596324,99.00324610881525,True,0.3416955928794853,0,0,2,0.075,0.061249999999999985,0.029572046409637516,0.48863527796117223,0.9998004878948193,-0.24529619833526517,-50.07061625463381,113.73902574298346,0.075,0.061249999999999985,506,0,2,29.188562314578107,0.7075847541645663,RNG-9ea16fe0c391,balanced,selection_envelope,30352,NTSC,30,5,1000000.0,,True,0.9211402898130854,-41.05408459182682,14.536401341066036,25.766746790983074,11.043933004301069
15.135873514366743,96.76939255759672,True,1.9199679679197512,0,0,2,0.1,0.1,0.030558050762494033,0.4357949388158737,3.1837283303071815,-0.7475142768906119,-58.47861892474131,122.45946971452834,0.1,0.1,506,0,2,23.533024651478605,0.6765758580775071,RNG-95fcc6a14938,balanced,selection_envelope,30352,NTSC,30,5,1000000.0,,True,0.700252516619702,-53.6247991626461,12.852520156104745,23.58551597754858,12.033261156544366
16.38213566982614,97.14400145598822,True,0.03462113936664389,0,0,2,0.075,0.036249999999999984,0.045783150153136734,0.34141423604230403,2.578077404469803,-2.784059583340658,-51.14576175460764,119.76126645490073,0.075,0.036249999999999984,506,0,2,25.750764241154087,0.7874175306676422,RNG-6f794502cea4,balanced,selection_envelope,30352,NTSC,30,5,1000000.0,,True,0.9501628674227762,-31.074743855927093,11.452672674172819,14.793908751433985,9.377394720996312
15.893348050690058,97.34397135974146,True,0.1723530633687272,0,0,2,0.075,0.075,0.03803147749736278,0.5898149371212802,0.9033081958419109,-3.426087735377156,-46.92688928950353,110.67783699442835,0.075,0.075,506,0,2,27.769770987703367,0.7392210007230396,RNG-d5fa32b9ac54,balanced,selection_envelope,30352,NTSC,30,5,1000000.0,,True,0.8561619822581524,-38.40458202844492,11.447129335216516,21.89928755887128,9.987804445551259
16.91733677207201,98.82400457212414,True,0.1211739877832536,0,0,2,0.05,0.05,0.028291257605786917,0.3272382409779357,-0.24684456828521148,-0.7073723732883658,-46.496685801870235,121.11832929602518,0.05,0.05,506,0,2,29.09028612177037,0.7906920940549835,RNG-9b9a46f61eea,balanced,selection_envelope,30352,NTSC,30,5,1000000.0,,True,0.8916439287217195,-48.24533525549831,7.323552941501788,14.185997227785341,11.041786724563865
14.408899946258543,96.42379918411295,True,0.291269150758504,0,0,2,0.075,0.08374999999999995,0.04196860298322588,0.7213514536011513,1.5313437730317119,-4.308608256693467,-43.643367018494985,115.15890394046845,0.075,0.08374999999999995,506,0,2,26.119441515139897,0.6717935281065667,RNG-e84fd33487ba,balanced,selection_envelope,30352,NTSC,30,5,1000000.0,,True,0.7769972949332764,-38.267071625276806,14.371228809995173,31.16141582690723,10.34745734594715
12.382450710089456,98.26195315556907,True,0.8595074164501592,0,0,2,0.05,0.061249999999999985,0.03732667454262524,0.710644041904698,-0.7773252936986391,-1.1739120961953415,-50.64053793935659,113.01135466015621,0.05,0.061249999999999985,506,0,2,24.430135558346432,0.5624954528844682,RNG-e54cf66f3964,balanced,selection_envelope,30352,NTSC,30,5,1000000.0,,True,0.7422826657565756,-43.993390706076084,31.518172257774687,39.04782793925998,11.81915312710299
15.773105177017763,97.37519475355779,True,0.3619824341279799,0,0,2,0.05,0.04124999999999999,0.019417754255522675,0.559175357994174,1.0655196900195543,-1.3983523345412021,-53.32797386090101,123.55583473558653,0.05,0.04124999999999999,610,0,2,28.102920802275086,0.7184607246101291,OVP56,balanced,selection_envelope,30353,PAL,30,3,500000.0,,True,0.8545719543009537,-60.28433535299602,16.16459106691539,21.131110246770977,12.16383648403808
15.859311263089024,96.49062580739471,True,0.7245922208281054,0,0,2,0.075,0.05,0.06001195236142137,1.770574241308921,2.2433902162664916,-0.4688485398718451,-45.844022206861354,109.92606765081973,0.075,0.05,610,0,2,25.350333525790425,0.7126432878641252,RANGE32,balanced,selection_envelope,30353,PAL,30,3,500000.0,,True,0.7555661293055942,-65.62054023103695,13.899860724945517,20.219018021419387,12.466114656171612
-6.358181317984889,-96.69490340191882,False,655.3168130489336,610,8,36,2.025,2.025,1000000.0,136.39270832329774,39.31165092612685,-142.24693432671668,-56.77354800470806,108.69463629482158,1000000.0,1000000.0,610,610,2,-6.393787158316389,-0.37653071669047705,PLL96-rejected-board,balanced,selection_envelope,30353,PAL,30,3,500000.0,contrast;waveform;detail_floor;sync;h_jitter_us;v_jitter_us;h_width_rmse_us;sync_error_ire;black_error_ire;white_error_ire,False,0.26774919137659636,54.62131008067115,33.50911217694583,59.92905450931987,43.09370205498171
9.445859912017013,102.97593895102294,True,5.920953575909661,0,0,2,0.3,0.09124999999999998,0.09637380264400473,2.1441703363577544,2.2858427462802458,5.664342205170263,-52.78888935157086,114.2929933252783,0.3,0.09124999999999998,610,0,2,12.51037361242436,0.37406080026891914,PLL96-IQ-corrected,balanced,selection_envelope,30353,PAL,30,3,500000.0,waveform;detail_floor,True,0.32447164600211564,-122.0968899697221,32.48279172396073,51.64343520648001,17.670893928516357
21.580052103970434,96.09054943911956,True,0.0,0,0,2,0.025,0.025,0.018526675495566733,2.1500877960357743,2.302546504033868,-0.44799715820979913,-45.42127734845397,112.56103177056957,0.025,0.025,610,0,2,27.626221193507803,0.9309828826259509,floating-PLL-IQ40,balanced,selection_envelope,30353,PAL,30,3,500000.0,,True,0.5373913908975876,13.27591191206349,6.763558970339919,10.662971862471876,6.449630912625871
3.5194904654067605,44.32829129749533,True,95.51882057716436,610,8,0,2.025,2.025,1000000.0,54.70431770094362,32.5666847322982,-20.789713725294263,10.088018645277906,90.4044383544894,1000000.0,1000000.0,610,610,2,3.631541629017278,0.5555370703183569,HC50,balanced,selection_envelope,30353,PAL,30,3,500000.0,contrast;waveform;sync;h_jitter_us;v_jitter_us;h_width_rmse_us;sync_error_ire;black_error_ire;white_error_ire,False,0.4096342265364621,98.37411555604602,12.91336809183757,18.776959560808287,35.81357760866037
12.280958073169801,102.33390074864131,True,3.9291091593475533,0,0,2,0.075,0.06624999999999999,0.06778854538375861,-2.657447258823987,-2.018870294432975,1.0311846812457057,-49.35278097319169,115.11874425313522,0.075,0.06624999999999999,610,0,2,16.578239116760084,0.5244144422448374,PLL96-board-fixed,balanced,selection_envelope,30353,PAL,30,3,500000.0,,True,0.4596050346952216,-96.86521389777798,28.548709058825104,33.47409308428311,15.069900239336908
13.131407836013311,96.23563994333941,True,2.795483061480552,0,0,0,0.075,0.05,0.5360173030605708,4.485294261041525,2.070635224152052,-0.8507165077666966,-61.18179849591817,126.77152292357076,0.075,0.05,610,0,2,22.55354846623689,0.6104717945772669,RNG-bc1697bf00fe,balanced,selection_envelope,30353,PAL,30,3,500000.0,sync;h_width_rmse_us,False,0.7993089196330716,-66.07803130720657,16.157085161062334,21.741752568046056,12.955952460026872
13.486483315496109,95.52833135908936,True,3.4303638644918446,0,0,2,0.1,0.09124999999999998,0.027646776707151266,2.7339377018649627,2.1986080729124784,-1.6358157787242362,-54.04729904893877,136.61466612285824,0.1,0.09124999999999998,610,0,2,23.17595823910073,0.5207728061810064,RNG-3d5d0a4cc2ff,balanced,selection_envelope,30353,PAL,30,3,500000.0,,True,0.5894141655930354,-74.74690710749888,25.035720108315243,30.042894598432735,14.041114845522769
13.009687999619867,96.45178790171647,True,3.810539523212045,0,0,2,0.1,0.09124999999999998,0.029441523036156343,2.2274703218676772,1.2835411129320418,-1.2885738020213773,-58.931466111586225,144.64742323934308,0.1,0.09124999999999998,610,0,2,23.279841971121556,0.4900060088794564,RNG-f3b5a772da6c,balanced,selection_envelope,30353,PAL,30,3,500000.0,,True,0.6488623478915083,-81.72018506266366,24.51478636583211,29.180001836505017,15.137257983740447
14.954214976825199,98.3026822613139,True,0.18883312421580928,0,0,2,0.075,0.06624999999999999,0.06055582710789533,2.2143472359244756,-0.8302473209199439,-2.269820994998105,-46.54055978112099,121.4991581176651,0.075,0.06624999999999999,610,0,2,25.65609702430485,0.6879947216373252,RNG-c2510e3dad79,balanced,selection_envelope,30353,PAL,30,3,500000.0,,True,0.8637736328823593,-64.62121298581539,18.560154442201647,24.307946687971913,12.948851233106842
15.021794059393752,96.41470252807036,True,0.18130489335006272,0,0,2,0.075,0.06624999999999999,0.03328035407283274,6.264013436254774,-0.20858863558416949,-2.420818894535779,-41.25210207074838,121.26050671964373,0.075,0.06624999999999999,610,0,2,24.16202322397983,0.6972693855814092,RNG-0940539bbf6f,balanced,selection_envelope,30353,PAL,30,3,500000.0,,True,0.8519424344767568,-64.68646772772516,18.467962391925237,23.841568357930107,12.800094035566971
8.76617159648709,89.05271326405943,True,14.082810539523212,610,8,0,2.025,2.025,1000000.0,23.168839506280392,2.1268504075201973,-1.0152936969534372,-52.3972252830389,129.01121038648017,1000000.0,1000000.0,610,610,2,14.836744096329475,0.42297994611706297,RNG-fd019b4a81f6,balanced,selection_envelope,30353,PAL,30,3,500000.0,waveform;sync;h_jitter_us;v_jitter_us;h_width_rmse_us;sync_error_ire,False,0.8837692279684806,-62.022541480263854,24.45567954092604,30.50165347995326,14.015621556943602
15.136922904807989,97.974118117379,True,0.18255959849435383,0,0,2,0.075,0.06624999999999999,0.05820047321085296,2.141095387545552,-0.16010528143199113,-2.3917754790189094,-45.81067588249276,121.26050671964373,0.075,0.06624999999999999,610,0,2,25.884535796501147,0.6945558345960189,RNG-c5e6c02d20da,balanced,selection_envelope,30353,PAL,30,3,500000.0,,True,0.8547210335010592,-64.64801013715676,18.445361313175166,23.120115316622996,12.810077367042245
13.664636236057232,95.58498031843243,True,2.4265997490589712,0,0,0,0.075,0.05,0.5358012614797382,4.781493710432682,2.3395680588408183,-1.6470307325829119,-58.23929972552373,124.75283261681068,0.075,0.05,610,0,2,22.78054512492147,0.6312678391544014,RNG-3f495a5b43bd,balanced,selection_envelope,30353,PAL,30,3,500000.0,sync;h_width_rmse_us,False,0.7950650909472035,-65.78046277195344,16.74842302155716,22.12905466315243,12.941315452528881
12.076461261382205,93.06575686500294,True,5.126725219573401,120,1,0,2.025,1.7187499999999996,1.7263818038467218,11.833283421596832,2.1788931452094933,-1.4651329419994423,-51.675820119421445,118.7311149505669,1.775,0.8199999999999992,610,4,2,19.24954849433998,0.5413605829576709,RNG-11e21c2af606,balanced,selection_envelope,30353,PAL,30,3,500000.0,sync;h_jitter_us;v_jitter_us;h_width_rmse_us;sync_error_ire,False,0.8852705008532049,-61.9581618958512,24.138968083236225,29.96353251261462,13.933665556888707
14.02832651811335,97.53931091454298,True,0.22961104140526978,0,0,2,0.075,0.08249999999999998,0.09640037752459918,3.1312404402369043,2.1387025297193345,0.19500144572148745,-44.21258863217425,122.76134950072733,0.075,0.08249999999999998,610,0,2,25.70802044307075,0.6412629926339058,RNG-9ea16fe0c391,balanced,selection_envelope,30353,PAL,30,3,500000.0,,True,0.8568695394069519,-58.18298052731932,17.180893768300987,26.681396782673712,13.08925399296443
14.71993859325748,96.41061167365743,True,1.6041405269761606,0,0,2,0.1,0.075,0.025163400432204615,0.5599534910294569,6.298687671554799,0.653504986595919,-53.51920807604703,130.13353312790403,0.1,0.075,610,0,2,21.451170740196346,0.6612623300946258,RNG-95fcc6a14938,balanced,selection_envelope,30353,PAL,30,3,500000.0,,True,0.5188103134357054,-82.70508618445002,20.577066657862726,19.54046092745265,13.49536084196542
9.104242423905003,88.03453151420038,True,18.616060225846926,610,8,0,2.025,2.025,1000000.0,25.479481993519173,3.3388722272987197,-1.2346636802586641,-56.67705056515309,127.096008358456,1000000.0,1000000.0,610,610,2,14.228625081287888,0.4930883139363667,RNG-6f794502cea4,balanced,selection_envelope,30353,PAL,30,3,500000.0,waveform;sync;h_jitter_us;v_jitter_us;h_width_rmse_us;sync_error_ire,False,0.8973134515210055,-49.436118381518355,27.96669451233116,31.24672319779392,12.490774523509375
14.825330595115595,94.79338318913807,True,0.21141781681304894,0,0,2,0.1,0.06624999999999999,0.028106209570012152,6.480456980921375,2.8750988160091606,-1.969600500512405,-41.149497309816084,119.45547146374687,0.1,0.06624999999999999,610,0,2,24.020010864123947,0.6886099955205983,RNG-d5fa32b9ac54,balanced,selection_envelope,30353,PAL,30,3,500000.0,,True,0.8195726302560776,-54.36889132244893,18.808505247591675,19.98044855413189,11.5515975291937
15.015201779796282,98.1177293441058,True,0.17189460476787954,0,0,2,0.075,0.06624999999999999,0.05596581216374458,0.3341218797133589,0.4488440832629185,-1.6258787855952574,-47.45885918306603,127.82085275717589,0.075,0.06624999999999999,610,0,2,28.119012772631024,0.6885476197301008,RNG-9b9a46f61eea,balanced,selection_envelope,30353,PAL,30,3,500000.0,,True,0.7844348423314833,-66.15041122294213,17.085002999079677,21.587729518599,12.771502635216887
9.530902527175453,88.78709692281893,True,14.370138017565871,610,8,0,2.025,2.025,1000000.0,20.236561536755957,3.7302884112453794,-2.097422503544583,-46.97238983675372,120.47606414992853,1000000.0,1000000.0,610,610,2,16.05161660326859,0.45925801805258687,RNG-e84fd33487ba,balanced,selection_envelope,30353,PAL,30,3,500000.0,waveform;sync;h_jitter_us;v_jitter_us;h_width_rmse_us;sync_error_ire,False,0.5919131404689761,-55.0151413378154,34.216533848374354,32.683327035000985,13.826504303163373
13.15247875420696,96.09927971127614,True,0.7936010037641155,0,0,2,0.075,0.06624999999999999,0.03945063318904265,2.0092804483849194,0.7286721339838862,-2.7386434188990108,-46.48744895633996,120.40512923907741,0.075,0.06624999999999999,610,0,2,24.794802677016605,0.5810361786808407,RNG-e54cf66f3964,balanced,selection_envelope,30353,PAL,30,3,500000.0,,True,0.6548092335192128,-56.333271892095055,38.074182298270195,29.127326061135765,12.836903737703466
15.909191194107331,97.36106182635297,True,0.37556409878163693,0,0,2,0.05,0.036249999999999984,0.01863021685963838,0.4850917553147863,1.0487325711121107,-1.5592271958447321,-52.70731951972628,123.74327929325574,0.05,0.036249999999999984,506,0,2,27.964065519781368,0.7376312520834492,OVP56,balanced,selection_envelope,30353,NTSC,30,3,500000.0,,True,0.9119417643213843,-48.43098580181373,9.893665697601715,14.245613108548172,11.720201882467707
15.986234418904122,96.41172905830116,True,0.7345702613444441,0,0,2,0.075,0.075,0.057341463865695566,1.782296069458461,2.2219057193394796,-0.6284750874585902,-45.76881531151339,109.7611313666074,0.075,0.075,506,0,2,25.325795084490778,0.7314373303193087,RANGE32,balanced,selection_envelope,30353,NTSC,30,3,500000.0,,True,0.8309229301131911,-53.18858353545051,11.569206569430476,15.080114053016523,12.143495138556718
-6.305291580621714,-96.61278029745763,False,653.8638696800103,506,12,27,2.025,2.025,1000000.0,136.48584885540097,39.205729545681955,-142.1733628203349,-56.661532559339314,108.53588703896756,1000000.0,1000000.0,506,506,2,-6.347844149251851,-0.34586160237503955,PLL96-rejected-board,balanced,selection_envelope,30353,NTSC,30,3,500000.0,contrast;waveform;detail_floor;sync;h_jitter_us;v_jitter_us;h_width_rmse_us;sync_error_ire;black_error_ire;white_error_ire,False,0.5958667717765394,64.02500873397018,22.983437161192406,24.61183680311389,42.128543233046614
9.389286581109978,102.4622778707182,True,6.196431313164764,0,0,2,0.3,0.11124999999999999,0.10170240629719789,2.1326635717212343,2.2494874683950554,5.487689012503875,-52.81215461769899,114.1165822004211,0.3,0.11124999999999999,506,0,2,12.691293300230306,0.34364134522840495,PLL96-IQ-corrected,balanced,selection_envelope,30353,NTSC,30,3,500000.0,waveform;detail_floor,True,0.6924806288491514,-112.75565159526687,24.4402787782336,24.68920593338074,20.372749808579005
21.865209829163234,95.98777947551298,True,0.0,0,0,2,0.025,0.025,0.01846372364689991,2.189184232571458,2.281866845138593,-0.6009694379886872,-45.57627460733006,113.31616152466626,0.025,0.025,506,0,2,27.520721492627587,0.9403989485834705,floating-PLL-IQ40,balanced,selection_envelope,30353,NTSC,30,3,500000.0,,True,0.641341299365253,4.48138989958668,7.266911732147466,9.964918597663464,5.680589237719135
3.460896448604518,44.2852751231437,True,101.62884934385414,506,12,0,2.025,2.025,1000000.0,54.68655419637026,32.50202628010232,-20.897903588725406,9.325688771149636,90.27080080085383,1000000.0,1000000.0,506,506,2,3.565421224435687,0.5740793519656219,HC50,balanced,selection_envelope,30353,NTSC,30,3,500000.0,contrast;waveform;sync;h_jitter_us;v_jitter_us;h_width_rmse_us;sync_error_ire;black_error_ire;white_error_ire,False,0.44068222018767406,80.40255101403422,12.480293746135597,17.138046255304243,35.900800952924854
12.296487472587339,102.18250259722379,True,4.092068146444409,0,0,2,0.075,0.05,0.0650896311178008,-2.6702375434581684,-2.0379880539987427,0.8566055413612939,-50.69709269158864,114.94864415417274,0.075,0.05,506,0,2,16.744873317012527,0.5271680076906693,PLL96-board-fixed,balanced,selection_envelope,30353,NTSC,30,3,500000.0,,True,0.5887009138847087,-80.87453687952886,23.83551704224991,30.497416741922976,15.783875752389708
13.189655300580988,96.17353348266877,True,2.9081757067980867,0,0,0,0.075,0.075,0.5251423202539851,4.398434136473673,2.0528897668794963,-1.0043309935642324,-61.11986891778867,126.58628674757202,0.075,0.075,506,0,2,22.41953531497224,0.6291266208457428,RNG-bc1697bf00fe,balanced,selection_envelope,30353,NTSC,30,3,500000.0,sync;h_width_rmse_us,False,0.879016476855769,-53.39737786023394,13.993445667924222,20.010893804110506,12.622211828037342
13.41409423407702,95.32203355313449,True,3.497487709495525,0,0,2,0.1,0.1,0.02805010339366429,2.765149946234676,2.1755274879163986,-1.8131879192701332,-53.99448078236616,135.8280405526775,0.1,0.1,506,0,2,23.190147393236057,0.5228176044602392,RNG-3d5d0a4cc2ff,balanced,selection_envelope,30353,NTSC,30,3,500000.0,,True,0.6782758731838028,-62.77237326196203,19.913912529873016,27.94002969363398,14.267725772822635
12.93925949537436,96.22184143300838,True,3.882083409851069,0,0,2,0.1,0.1,0.029821603968282907,2.2619895753718184,1.2620281690294592,-1.4592175989108123,-58.875662954144474,144.43847963789784,0.1,0.1,506,0,2,23.30174697058037,0.4928815860508209,RNG-f3b5a772da6c,balanced,selection_envelope,30353,NTSC,30,3,500000.0,,True,0.7455821054935242,-67.79265277161588,19.495615873917508,30.193466938759112,15.382618774914139
15.080215700518844,98.22958077681967,True,0.19869523462595623,0,0,2,0.075,0.075,0.05884049249719323,2.2165653805157546,-0.8396777135626696,-2.4262487102155124,-46.384946079698246,120.97122149093516,0.075,0.075,506,0,2,25.685452857458124,0.7066603128646312,RNG-c2510e3dad79,balanced,selection_envelope,30353,NTSC,30,3,500000.0,,True,0.9141534202230737,-52.8740855260606,14.5741161760218,16.34905221854305,12.638904691638718
15.139296767489427,96.28909997314571,True,0.19869523462595623,0,0,2,0.075,0.061249999999999985,0.032611165914338144,6.285606269893228,-0.22209967363055547,-2.577006653868665,-41.18919511659092,120.9541814862929,0.075,0.061249999999999985,506,0,2,24.078305545986417,0.7160668092529412,RNG-0940539bbf6f,balanced,selection_envelope,30353,NTSC,30,3,500000.0,,True,0.897687568847636,-52.60679362220994,13.636457675190401,15.23038911292139,12.44699495721714
8.66800057933299,88.70712555069346,True,14.900637330017732,506,12,0,2.025,2.025,1000000.0,23.246671314786322,2.119113979750891,-1.1769959630181062,-52.34685628534936,128.81830338069634,1000000.0,1000000.0,506,506,2,14.626875653974068,0.4342296368235602,RNG-fd019b4a81f6,balanced,selection_envelope,30353,NTSC,30,3,500000.0,waveform;sync;h_jitter_us;v_jitter_us;h_width_rmse_us;sync_error_ire,False,0.9580328502598,-49.86291938205266,26.939673434047616,36.3427401540342,13.437580875678027
15.270433956224531,97.90288039357027,True,0.19869523462595623,0,0,2,0.075,0.075,0.05670245130670916,2.1580598620677125,-0.17410222302803635,-2.548263528554455,-45.580955553940775,120.95418154182181,0.075,0.075,506,0,2,25.93232579306808,0.7133406685844152,RNG-c5e6c02d20da,balanced,selection_envelope,30353,NTSC,30,3,500000.0,,True,0.8988222665770346,-52.57324238215581,13.545658764711064,15.596349088771644,12.45417971463954
13.733937963836564,95.51950778422305,True,2.5228273729780506,0,0,0,0.075,0.061249999999999985,0.5243149115581336,4.722587322838349,2.320969613498584,-1.7994907937286737,-58.1943385296197,124.43377446449284,0.075,0.061249999999999985,506,0,2,22.64117642148595,0.650264465906684,RNG-3f495a5b43bd,balanced,selection_envelope,30353,NTSC,30,3,500000.0,sync;h_width_rmse_us,False,0.8703393767288756,-53.206497329967,14.183205723544866,20.442274919514198,12.608173169858231
12.019566901827478,92.81138550048574,True,5.48519268921958,101,2,0,2.025,2.025,1.7559440498412358,11.94570239852155,2.172533691392752,-1.6230112762156397,-51.59902394786677,117.86962436821864,1.2,0.9799999999999999,506,4,2,18.999132005060293,0.5545742269935318,RNG-11e21c2af606,balanced,selection_envelope,30353,NTSC,30,3,500000.0,sync;h_jitter_us;v_jitter_us;h_width_rmse_us;sync_error_ire,False,0.9579236629726773,-49.848141431642595,26.633438932805454,36.049180178041475,13.364100385874963
14.178081087661244,97.47764739960162,True,0.24460587595998398,0,0,2,0.075,0.075,0.09541101021142799,3.118804432697037,2.1212510838063814,0.03591902403304373,-44.171956890504916,122.28712733117189,0.075,0.075,506,0,2,25.798021087037625,0.6632621218785602,RNG-9ea16fe0c391,balanced,selection_envelope,30353,NTSC,30,3,500000.0,,True,0.9302257750221992,-45.73373804010095,21.74943310279526,32.27385310843164,12.510330235097001
14.679564549537456,96.33149612008756,True,1.6143987813358944,0,0,2,0.1,0.075,0.024526141574926937,0.5554007476761207,6.2769595283408535,0.5093306497648884,-53.1820706440305,130.3506097058433,0.1,0.075,506,0,2,21.56177049685725,0.6639548178933447,RNG-95fcc6a14938,balanced,selection_envelope,30353,NTSC,30,3,500000.0,,True,0.5798279082365856,-73.61347055764232,14.497731504213752,17.618050963497883,14.342855513862395
8.980674708659624,87.59459812880732,True,19.823612821261595,506,12,0,2.025,2.025,1000000.0,25.60176273286558,3.310206795439483,-1.3964812392135024,-56.26433824782457,126.77116586364662,1000000.0,1000000.0,506,506,2,13.984774595862158,0.5013200020877248,RNG-6f794502cea4,balanced,selection_envelope,30353,NTSC,30,3,500000.0,waveform;sync;h_jitter_us;v_jitter_us;h_width_rmse_us;sync_error_ire,False,0.9345176735387714,-39.51088035410049,24.10334699571351,29.798369021402486,11.89900535321914
14.931326759964147,94.62999068841089,True,0.19116889998103365,0,0,2,0.1,0.08624999999999998,0.02735905310059661,6.509837958057403,2.8559431685145733,-2.131499254860206,-41.11392630013098,119.05662313246503,0.1,0.08624999999999998,506,0,2,23.86281627459054,0.7054145774615858,RNG-d5fa32b9ac54,balanced,selection_envelope,30353,NTSC,30,3,500000.0,,True,0.8066014912430373,-45.7445387243249,17.46066367694874,20.40569939493126,11.449773436193567
15.157006399764064,98.06085017353315,True,0.19794260116146398,0,0,2,0.075,0.075,0.05327700005797873,0.32783002213241674,0.43675206001323585,-1.7744233400103213,-47.412894653672446,126.58246499765207,0.075,0.075,506,0,2,27.99633813850209,0.7078503304419564,RNG-9b9a46f61eea,balanced,selection_envelope,30353,NTSC,30,3,500000.0,,True,0.8375922267227947,-54.20184067669824,11.254453293199319,16.22279141856056,12.559506916370335
9.52173841996727,88.50878952944421,True,15.217496018568973,506,12,0,2.025,2.025,1000000.0,20.151115535105017,3.692363275967975,-2.239394913788666,-46.92915997320732,116.3560292156595,1000000.0,1000000.0,506,506,2,15.900703870489396,0.46958228661933976,RNG-e84fd33487ba,balanced,selection_envelope,30353,NTSC,30,3,500000.0,waveform;sync;h_jitter_us;v_jitter_us;h_width_rmse_us;sync_error_ire,False,0.7977062951561458,-46.611307842095265,44.5220524899137,56.036416161096845,13.461175744467457
13.22509455542809,95.982195432534,True,0.8459600140892986,0,0,2,0.075,0.08624999999999998,0.04016394269105212,2.0238660125598975,0.710564011612646,-2.8990452601919863,-46.44485727942308,120.15223167898912,0.075,0.08624999999999998,506,0,2,24.663540950587823,0.5975768741226071,RNG-e54cf66f3964,balanced,selection_envelope,30353,NTSC,30,3,500000.0,,True,0.7115020418531596,-47.12999043964538,23.259511561167944,44.46535855049657,12.965584975873613
15.978046528008097,97.62894361180818,True,0.3676286072772898,0,0,2,0.05,0.05,0.01952300030690996,0.9088186099390769,0.8927171637606356,-1.1565036380599107,-61.19795608202353,117.75150375418194,0.05,0.05,610,0,2,27.25784602648772,0.7289879777455852,OVP56,balanced,selection_envelope,30354,PAL,30,3,1500000.0,,True,0.8055620693038974,-60.10047999015022,9.614526855391686,22.864266592265245,11.725291392650174
15.992945362058304,95.31363938126745,True,1.6198243412797992,0,0,2,0.05,0.05,0.01957541114029219,2.514416167051436,1.92336777287079,-3.076790071290578,-49.01080803732005,102.78307674124666,0.05,0.05,610,0,2,24.398569344471394,0.7128997485753572,RANGE32,balanced,selection_envelope,30354,PAL,30,3,1500000.0,,True,0.780956816092477,-59.97582346711031,9.21251983590937,22.696354428273743,11.521438903090754
-7.633785250152493,-73.57506271960825,False,667.8186951066499,610,8,64,2.025,2.025,1000000.0,67.02508568513612,-8.404338405950819,-170.37909740715244,-79.4376089950974,50.29725491489867,1000000.0,1000000.0,610,610,2,-7.709675283211727,-0.41711627551167896,PLL96-rejected-board,balanced,selection_envelope,30354,PAL,30,3,1500000.0,contrast;waveform;detail_floor;sync;h_jitter_us;v_jitter_us;h_width_rmse_us;sync_error_ire;white_error_ire,False,0.2276984060660393,69.7959013106577,19.251297825390527,42.53175151891237,14.922653290474269
8.952670824114769,91.12293374718811,True,6.706398996235884,610,8,0,2.025,2.025,1000000.0,12.448929289946937,10.59236957549588,-8.16917739018079,-50.79947700024074,107.69141413702523,1000000.0,1000000.0,610,610,2,10.613864099601468,0.44027406874177444,PLL96-IQ-corrected,balanced,selection_envelope,30354,PAL,30,3,1500000.0,waveform;sync;h_jitter_us;v_jitter_us;h_width_rmse_us;sync_error_ire;black_error_ire,False,0.19848476653750413,-110.18431105672148,18.411546820859634,41.85099972101353,17.098804165752963
21.688867540446694,96.60531009275981,True,0.0,0,0,2,0.025,0.025,0.021424667872399397,1.3247931300347109,1.5702815033667528,-1.6304738584547551,-45.98925826561306,109.93934524372294,0.025,0.025,610,0,2,29.289161390098908,0.9258155477988583,floating-PLL-IQ40,balanced,selection_envelope,30354,PAL,30,3,1500000.0,,True,0.4823897535565475,13.741929012561956,5.851761370770422,12.667433242209018,6.799423058746462
4.965132194183251,44.888789081088404,True,83.21141781681304,610,8,0,2.025,2.025,1000000.0,43.46274519468407,21.965067846561,-29.951338560355218,-2.7951658013738268,79.00655283712108,1000000.0,1000000.0,610,610,2,5.1638323529369075,0.5837548610756708,HC50,balanced,selection_envelope,30354,PAL,30,3,1500000.0,contrast;waveform;sync;h_jitter_us;v_jitter_us;h_width_rmse_us;sync_error_ire;black_error_ire;white_error_ire,False,0.3949038324112238,98.9888453909978,8.953362247004568,23.535966470436524,26.00711013091494
11.929480227207335,93.06487806937237,True,4.063989962358846,0,0,2,0.125,0.1,0.050428491816484525,3.3638682893644316,9.877827434329838,-6.513388771444406,-48.66056419560209,101.33888727065083,0.125,0.1,610,0,2,15.155759731426102,0.5396308685209547,PLL96-board-fixed,balanced,selection_envelope,30354,PAL,30,3,1500000.0,waveform,True,0.3698667008884456,-83.06310903901675,16.94158291253537,54.5404878611763,14.521421656121454
15.787360855445884,97.66310847223254,True,0.2271016311166876,0,0,2,0.05,0.05,0.017207747016301962,1.7873575377991564,1.9797467453599276,-0.741912255575825,-49.217562513001376,112.96407782733668,0.05,0.05,610,0,2,28.97057724979909,0.7321090339634412,RNG-bc1697bf00fe,balanced,selection_envelope,30354,PAL,30,3,1500000.0,,True,0.8753978989672269,-51.09587081222501,10.184786158942558,28.674866115950543,10.971850070592538
14.08539877237919,95.51660355394316,True,3.4065244667503136,0,0,2,0.1,0.125,0.04190641407927439,1.396169721626334,2.0441769814338984,-3.574006518149738,-71.86330315164619,119.74676402571497,0.1,0.125,610,0,2,23.180333753035104,0.5535135816827557,RNG-3d5d0a4cc2ff,balanced,selection_envelope,30354,PAL,30,3,1500000.0,,True,0.26539124579246814,-95.92207763768185,21.21107677927478,38.62390066534344,13.275898094400068
13.863430130169785,96.46097321018571,True,3.459849435382685,0,0,2,0.1,0.125,0.035887460707962796,1.9896258670867866,2.2239199733620136,-1.1105039349814938,-76.22435884162408,127.23863973053905,0.1,0.125,610,0,2,23.588356960278745,0.5409322156668842,RNG-f3b5a772da6c,balanced,selection_envelope,30354,PAL,30,3,1500000.0,,True,0.2707357002885953,-94.17149655212039,20.743025393871935,38.89817106231332,13.270606824190288
15.671967652632684,95.96777606171256,True,0.47929736511919696,0,0,2,0.05,0.05,0.02425107738015696,1.0679869319878814,2.4226691614088516,-2.78906204159681,-46.87764160683717,109.41300501611722,0.05,0.05,610,0,2,25.246208763593682,0.7189536153029351,RNG-c2510e3dad79,balanced,selection_envelope,30354,PAL,30,3,1500000.0,,True,0.9093833535495567,-60.13229027954392,9.958065906417254,23.26965181359285,12.460276792195481
15.71927772700552,95.37049015448014,True,0.4498117942283564,0,0,2,0.05,0.05,0.023082176787424136,1.3534932390454204,2.410235854142952,-3.7179323772973354,-48.298003040238136,109.41300501605305,0.05,0.05,610,0,2,24.675333355643943,0.7226708805656075,RNG-0940539bbf6f,balanced,selection_envelope,30354,PAL,30,3,1500000.0,,True,0.8886468247648854,-60.11240211612767,9.824128336702817,23.009746402752153,12.355599360923641
14.377601369396915,96.67124687918822,True,0.5727728983688833,0,0,2,0.075,0.05,0.03335723187005761,2.828929024516132,2.1872184660734355,-1.100979829069545,-56.684614993469566,116.80555595799377,0.075,0.05,610,0,2,26.96788492114292,0.6494705522521864,RNG-fd019b4a81f6,balanced,selection_envelope,30354,PAL,30,3,1500000.0,,True,0.7950372802651974,-60.145389617359335,15.045459555970009,44.82368233680268,12.806762619941882
15.719014454988091,95.4063224083869,True,0.4510664993726474,0,0,2,0.05,0.05,0.023214961258410667,1.3761752845608846,2.429444128163571,-3.635893985647762,-47.873193963565264,109.41300501605305,0.05,0.05,610,0,2,24.67806810669579,0.7227432549902569,RNG-c5e6c02d20da,balanced,selection_envelope,30354,PAL,30,3,1500000.0,,True,0.8897731461138438,-60.124291601902286,9.848760265698655,23.020899741092336,12.372178584031923
15.83818884844123,96.20209440533233,True,0.23400250941028858,0,0,2,0.05,0.05,0.019178839090321892,1.999391841921274,2.0458863422058036,-2.8402536137121066,-50.27199682802536,112.30579477713157,0.05,0.05,610,0,2,27.227190932870307,0.7315813512102831,RNG-3f495a5b43bd,balanced,selection_envelope,30354,PAL,30,3,1500000.0,,True,0.8730544857843046,-51.81133952387055,10.31748504441582,28.72754816842816,11.094120098561755
15.057019563227394,95.78246067113123,True,0.9648682559598495,0,0,2,0.075,0.05,0.033234142033777725,2.7496489143447054,2.162314253733861,-2.927015304669578,-56.69430982054749,114.52573132300883,0.075,0.05,610,0,2,26.0531643135317,0.6703918003279282,RNG-11e21c2af606,balanced,selection_envelope,30354,PAL,30,3,1500000.0,,True,0.7472001236472489,-63.6150018232432,16.171503296824998,41.58630602101588,12.780067879306097
14.984172701938004,97.1774486853343,True,0.8889585947302384,0,0,2,0.05,0.05,0.02363052346741947,2.438719928528075,1.7708037098914104,-1.7060677742851225,-54.48444826335141,104.84973175151269,0.05,0.05,610,0,2,26.07002146824786,0.6791981492505426,RNG-9ea16fe0c391,balanced,selection_envelope,30354,PAL,30,3,1500000.0,,True,0.9034857198296777,-54.694643320781125,13.457420144088369,35.75120233959991,12.06093767419679
15.303693857924547,95.89833826603139,True,1.8946047678795483,0,0,2,0.075,0.075,0.01909853655023483,1.153269979582499,2.219256925824593,-3.4416096940224103,-67.94606170643472,113.5137947765984,0.075,0.075,610,0,2,23.056316479011528,0.6779023208156563,RNG-95fcc6a14938,balanced,selection_envelope,30354,PAL,30,3,1500000.0,,True,0.651510593462439,-60.24758460336146,10.592443549565461,27.75790097531452,11.236844270433359
14.771520821303035,95.5276517200811,True,0.1273525721455458,0,0,2,0.05,0.05,0.039085341682352344,2.0312807168111444,3.1506531574048933,-3.492970322973075,-56.42461452802863,112.371971381025,0.05,0.05,610,0,2,24.22863679463886,0.7051589515466392,RNG-6f794502cea4,balanced,selection_envelope,30354,PAL,30,3,1500000.0,,True,0.9379997706884551,-36.124442915450324,15.749691446821531,36.22139141098962,10.398626714157299
15.69911456757864,95.24891048097098,True,0.6097867001254704,0,0,2,0.05,0.05,0.02319288330642772,2.715398387148161,1.0080335116427666,-5.2405861102926465,-50.06601557338389,105.15450555519142,0.05,0.05,610,0,2,25.043528581717474,0.7191035949842588,RNG-d5fa32b9ac54,balanced,selection_envelope,30354,PAL,30,3,1500000.0,,True,0.8032827214585563,-50.30610651750906,11.168662314398697,30.63969753646209,10.588891943092682
15.314747619870463,97.55322584308395,True,0.3067754077791719,0,0,2,0.05,0.06624999999999999,0.022769335145120504,0.9966889086510843,1.159207380310886,-1.571415194645136,-55.07128057598226,121.67331916141036,0.05,0.06624999999999999,610,0,2,28.84125508474069,0.7089473872433245,RNG-9b9a46f61eea,balanced,selection_envelope,30354,PAL,30,3,1500000.0,,True,0.812722214794001,-60.43512438917314,12.86114186157611,23.49038441255786,12.26132946159008
13.435004698580963,95.11273120320561,True,0.3462986198243413,0,0,2,0.075,0.075,0.030231348402436638,1.7601751493416344,1.6094158249666242,-4.995855487264775,-49.09345896750169,106.75073850668834,0.075,0.075,610,0,2,24.434786714211654,0.6128564484887175,RNG-e84fd33487ba,balanced,selection_envelope,30354,PAL,30,3,1500000.0,,True,0.7470207877523103,-43.78335122438498,18.46149727177103,62.883430678816595,11.31912441844821
13.52937708260102,97.89371875333318,True,1.3124215809284818,0,0,2,0.05,0.05749999999999997,0.03674792288096803,0.3164811997078069,-0.41614620423718574,-2.355593393087603,-53.3994782891999,104.79587224347743,0.05,0.057499999999999975,610,0,2,24.527367236752163,0.5943366155762334,RNG-e54cf66f3964,balanced,selection_envelope,30354,PAL,30,3,1500000.0,,True,0.7163390519085224,-56.243447530318306,21.925759832466056,26.450681301479722,13.776026726775642
16.12356396543985,97.7205057337688,True,0.3778219991751137,0,0,2,0.05,0.05,0.0185970374622288,0.8191815154423175,0.8703486899450166,-1.176708679259872,-61.29136816170884,117.84312591419065,0.05,0.05,506,0,2,27.31953406104457,0.748014657253604,OVP56,balanced,selection_envelope,30354,NTSC,30,3,1500000.0,,True,0.8656642466683112,-48.42542952919992,8.62830685242535,14.754957953872937,11.230342209275724
16.065481169070374,95.37073362769472,True,1.6414935860576156,0,0,2,0.05,0.05,0.020432574937512774,2.4367231544999077,1.8851136181784887,-3.108847949466091,-49.10314955175349,102.8607553573719,0.05,0.05,506,0,2,24.473543394836415,0.7287883631662897,RANGE32,balanced,selection_envelope,30354,NTSC,30,3,1500000.0,,True,0.8506783379396341,-48.50407718803263,8.341688133324048,15.76823386668485,11.111909037034872
-7.516078168977753,-73.58372174708147,False,662.4634596452988,506,12,53,2.025,2.025,1000000.0,67.07045427054709,-8.488712598021166,-170.45950911254465,-79.54676039995006,50.25831773757679,1000000.0,1000000.0,506,506,2,-7.5949875457616915,-0.3953790454231699,PLL96-rejected-board,balanced,selection_envelope,30354,NTSC,30,3,1500000.0,contrast;waveform;detail_floor;sync;h_jitter_us;v_jitter_us;h_width_rmse_us;sync_error_ire;white_error_ire,False,0.2942529088829513,75.58702177270983,17.385696994949612,39.1000829047178,16.102887816536974
8.906253396498485,90.8818816278883,True,6.936270008760653,506,12,0,2.025,2.025,1000000.0,12.387907290942724,10.413463343442709,-8.188205696399518,-50.89305167864491,107.59778238882409,1000000.0,1000000.0,506,506,2,10.70226113606542,0.4157718917885758,PLL96-IQ-corrected,balanced,selection_envelope,30354,NTSC,30,3,1500000.0,waveform;sync;h_jitter_us;v_jitter_us;h_width_rmse_us;sync_error_ire;black_error_ire,False,0.26497004083544295,-104.47108454142109,17.000070395308686,34.718588780917976,18.170820096680888
22.011711322451376,96.65642118007855,True,0.0,0,0,2,0.025,0.025,0.01978765734995453,1.2324075655765965,1.5051613827265367,-1.6427498091898838,-45.92052121930368,110.74153107762585,0.025,0.025,506,0,2,29.42571959346241,0.9351056326667874,floating-PLL-IQ40,balanced,selection_envelope,30354,NTSC,30,3,1500000.0,,True,0.5873298716408579,4.73563959288842,4.224054511375788,9.8180449645136,6.085970932604172
4.943506347868327,44.91409112975812,True,88.78816980615173,506,12,0,2.025,2.025,1000000.0,43.418351856998704,21.915966249717798,-29.97191161894228,-2.8643848072280207,79.69615830670186,1000000.0,1000000.0,506,506,2,5.13882899570556,0.6009272013839274,HC50,balanced,selection_envelope,30354,NTSC,30,3,1500000.0,contrast;waveform;sync;h_jitter_us;v_jitter_us;h_width_rmse_us;sync_error_ire;black_error_ire;white_error_ire,False,0.4297223386066138,80.42133353185558,8.366223498692193,16.714847290868377,26.125343053600538
11.8682896113424,93.08983743390041,True,4.119915584630623,0,0,2,0.125,0.1,0.05260036519808899,3.2263587222378045,10.04119481376017,-6.530754352819076,-48.86683592178434,101.27164655285155,0.125,0.1,506,0,2,15.178887996938492,0.5402573038097456,PLL96-board-fixed,balanced,selection_envelope,30354,NTSC,30,3,1500000.0,waveform;black_error_ire,True,0.49612407687328863,-74.90385372468431,15.275422881189213,45.23405124084216,16.232895015765394
16.005731059435327,97.76374609099094,True,0.2370795413150614,0,0,2,0.05,0.05,0.017712571181666782,1.6854880367478609,1.9162744731800085,-0.7618169756263272,-49.31784748261264,113.60164295160708,0.05,0.05,506,0,2,29.111893787050306,0.753823280186802,RNG-bc1697bf00fe,balanced,selection_envelope,30354,NTSC,30,3,1500000.0,,True,0.9085299741060188,-40.00710418788924,8.715046469609645,20.283535542389057,10.239357275234592
13.8856233231724,95.41077391158083,True,3.5396351835070914,0,0,2,0.125,0.13624999999999998,0.0436987983843624,1.3502256807680713,1.9680974715673418,-3.580798611603346,-71.96835514171046,119.40754207721214,0.125,0.13624999999999998,506,0,2,23.19818522498921,0.5416868234680442,RNG-3d5d0a4cc2ff,balanced,selection_envelope,30354,NTSC,30,3,1500000.0,,True,0.3342616597361926,-83.0334311491404,17.67758091247556,36.80959138092639,14.399992988347249
13.677262845354994,96.32577830954186,True,3.5576983866549052,0,0,2,0.11875,0.125,0.037227269107703714,1.9526780785376516,2.1465927429007605,-1.1262583415306233,-76.3317721050388,127.2413904307172,0.11875,0.125,506,0,2,23.613906723953654,0.5299768004935749,RNG-f3b5a772da6c,balanced,selection_envelope,30354,NTSC,30,3,1500000.0,,True,0.34297956652530953,-80.71853988070532,17.14550837482875,36.86930747287467,14.322987487459626
15.793606611308286,96.11642681321746,True,0.4666327479852002,0,0,2,0.05,0.05,0.02406861896686912,0.9756673450666987,2.368452257185417,-2.8055426479661167,-46.53710675909046,109.37966738453416,0.05,0.05,506,0,2,25.39691162573611,0.7373115952035242,RNG-c2510e3dad79,balanced,selection_envelope,30354,NTSC,30,3,1500000.0,,True,0.9647200087829515,-48.668563912071136,8.666301241361525,16.18903462173293,11.977411736821752
15.836967087880085,95.52021433405825,True,0.4417958436569557,0,0,2,0.05,0.05,0.022503842447484067,1.2539975720192944,2.356456707570069,-3.740980995594791,-46.9237002419755,109.38046958820904,0.05,0.05,506,0,2,24.805329486103275,0.7406416750960833,RNG-0940539bbf6f,balanced,selection_envelope,30354,NTSC,30,3,1500000.0,,True,0.9490837180214611,-48.6687935251486,8.514140436125578,15.94339220869263,11.877079015599321
14.456853017857977,96.74729461164003,True,0.6133962735611906,0,0,2,0.075,0.075,0.03361826508069048,2.733296375262121,2.136697756568737,-1.1163424430533975,-55.50458370308273,116.80264298124665,0.075,0.075,506,0,2,27.07270061604865,0.6671961927420498,RNG-fd019b4a81f6,balanced,selection_envelope,30354,NTSC,30,3,1500000.0,,True,0.8508082114289938,-48.569334443346335,11.046826481665917,35.95739526176831,12.39661181451353
15.837731717820569,95.55567627215295,True,0.4433011105859402,0,0,2,0.05,0.05,0.02258602352115183,1.2801725085497253,2.3739068730585933,-3.656619343761269,-46.56270905907424,109.38046958820904,0.05,0.05,506,0,2,24.812866051625598,0.7407484897736287,RNG-c5e6c02d20da,balanced,selection_envelope,30354,NTSC,30,3,1500000.0,,True,0.9487526163570246,-48.692297184264525,8.75077285053688,15.76249934327421,11.895938601868423
16.041122890238842,96.31838844722786,True,0.2506269436759221,0,0,2,0.05,0.05,0.01869639901072876,1.8950781560255638,1.9838433887270865,-2.868256351340401,-50.229950689259084,112.1385898314313,0.05,0.05,506,0,2,27.335053086210014,0.7529484658522199,RNG-3f495a5b43bd,balanced,selection_envelope,30354,NTSC,30,3,1500000.0,,True,0.9115173984233611,-40.72732320358682,8.698522629784986,20.077553044080886,10.380748624712403
15.099976322619785,95.84679431629618,True,1.0205709778515024,0,0,2,0.075,0.075,0.033507859971085845,2.6474670205830027,2.1115701848087753,-2.944372577798738,-55.53442356611171,114.98530646197263,0.075,0.075,506,0,2,26.15360908673931,0.6844679070160138,RNG-11e21c2af606,balanced,selection_envelope,30354,NTSC,30,3,1500000.0,,True,0.7891924677751252,-52.045509319744525,12.914248626814112,34.45607687486289,12.576425929174992
15.118255531074404,97.27313028389452,True,0.894128555816803,0,0,2,0.05,0.05,0.02266790665445007,2.3378894732401347,1.7230841728168396,-1.7253065789716644,-54.455625145699436,104.85227527639667,0.05,0.05,506,0,2,26.187696789874252,0.6996720590235602,RNG-9ea16fe0c391,balanced,selection_envelope,30354,NTSC,30,3,1500000.0,,True,0.9432030284917067,-43.235361285888345,9.885855689374418,23.905350175120404,11.389175216860703
15.327549479437772,95.95190354139392,True,1.93953643799655,0,0,2,0.075,0.075,0.01795498323376831,1.0593761437959912,2.1765258341337606,-3.4780149464422294,-66.8183229469412,111.6365599666784,0.075,0.075,506,0,2,23.151862225217734,0.6894405042681824,RNG-95fcc6a14938,balanced,selection_envelope,30354,NTSC,30,3,1500000.0,,True,0.7178739550645254,-49.3088835792444,9.125070899673041,18.715017025466942,11.04558373448051
14.894976871716068,95.64600573527746,True,0.12418452164122265,0,0,2,0.05,0.05,0.03707766125886148,1.9280896986179428,3.1390080166928747,-3.5094965211978937,-53.4970702386786,112.47077653761274,0.05,0.05,506,0,2,24.322352868832446,0.7222583742848182,RNG-6f794502cea4,balanced,selection_envelope,30354,NTSC,30,3,1500000.0,,True,0.9632210960450869,-27.551732615657677,9.83157295249765,28.40287005562888,9.960673865524672
15.832544284584975,95.3477062771023,True,0.5704961660851319,0,0,2,0.05,0.05,0.02365450428824349,2.623465725101986,0.9647692993500181,-5.2643096455770975,-50.151963368202594,105.21323163094327,0.05,0.05,506,0,2,25.135093867600474,0.737823877352426,RNG-d5fa32b9ac54,balanced,selection_envelope,30354,NTSC,30,3,1500000.0,,True,0.8852075110278448,-40.649677477757386,9.035025042016427,19.683462868885645,10.300253155160801
15.48477452581407,97.65699263720906,True,0.3003007523324111,0,0,2,0.05,0.05,0.022857826606091626,0.8900242946820116,1.1090327653299028,-1.584236137352973,-54.324564336446365,119.71755764205626,0.05,0.05,506,0,2,28.875149574925597,0.7294575290512842,RNG-9b9a46f61eea,balanced,selection_envelope,30354,NTSC,30,3,1500000.0,,True,0.8763437031133214,-48.6566779037727,9.287362125906833,15.978952072808646,11.822173958231907
13.50691413616788,95.2193289399144,True,0.3537377283113614,0,0,2,0.075,0.13124999999999992,0.02913017668459787,1.6686918684793899,1.5381688012252706,-4.992725172678709,-49.77388175511142,106.74287519413333,0.075,0.13124999999999992,506,0,2,24.561958174625737,0.6288430403129361,RNG-e84fd33487ba,balanced,selection_envelope,30354,NTSC,30,3,1500000.0,,True,0.8237513231096343,-33.68533982723698,14.713273180247457,51.53402512962471,11.428560533812913
13.547098082977943,97.90104241952002,True,1.33968756679622,0,0,2,0.075,0.05,0.03726043371927676,0.2142476621944874,-0.4825149703532226,-2.3924471611701055,-54.80266768962605,105.34604217721953,0.075,0.05,506,0,2,24.489552321095196,0.6081784258002401,RNG-e54cf66f3964,balanced,selection_envelope,30354,NTSC,30,3,1500000.0,,True,0.7821121193164529,-44.73641847981688,17.914819626604547,32.0277265319224,13.517597269326961
