sinad,contrast,polarity_ok,large_errors,h_missing,v_missing,v_trains,h_jitter_us,v_jitter_us,h_width_rmse_us,sync_error_ire,black_error_ire,white_error_ire,raw_min,raw_max,h_jitter_matched_us,v_jitter_matched_us,h_expected,max_h_gap,expected_v_trains,false_sync_pulses,false_sync_per_line,luma_sinad,detail_corr,model,profile,stage,seed,standard,cnr,rms,cfo_hz,quality_failures,usable,image_pattern,burst_gain,burst_phase_deg,burst_phase_jitter_deg,burst_amplitude_jitter_pct,burst_rmse_ire
5.007749265823602,80.6636522087357,True,65.30928481806775,606,8,0,2.025,2.025,3.569029104672586,17.11526264589817,5.053748582422148,-13.881192699553056,-84.23498889057521,141.67736475781953,1.6462499999999998,1000000.0,610,249,2,3,0.004918032786885246,12.378668692313058,0.2468872457421977,OVP56,safe_range,selection,80301,PAL,4,3,1000000.0,,False,bars,,,,,
4.720807961007162,84.78564994393575,True,62.7741530740276,586,7,0,2.025,2.025,3.5859607615440146,11.260934777497589,2.901185196274797,-13.057617393545232,-91.96100768188117,150.07854236261807,1.875,1.275,610,112,2,17,0.027868852459016394,13.288334756118214,0.24314213331699858,VLP56,safe_range,selection,80301,PAL,4,3,1000000.0,,False,bars,,,,,
5.78227454569019,88.45554628485712,True,39.525094102885824,102,2,0,2.025,2.025,2.8612029864250386,9.548582797841611,1.7206026840896498,-11.736347870060845,-69.01235675730193,135.99645612810264,1.7412499999999995,0.64375,610,4,2,417,0.6836065573770492,13.804348307148427,0.24482835542765088,RANGE32,safe_range,selection,80301,PAL,4,3,1000000.0,,False,bars,,,,,
-6.758783185608836,-84.20672407118626,False,604.0056461731493,610,8,45,2.025,2.025,1000000.0,88.67605497689718,21.487007792290427,-156.82107895663322,-76.07215625335962,134.14382989883984,1000000.0,1000000.0,610,610,2,1959,3.2114754098360656,-6.771794906105662,-0.23702655401016537,PLL96-rejected-board,safe_range,selection,80301,PAL,4,3,1000000.0,,False,bars,,,,,
7.89956712924776,92.92005933606616,True,17.898996235884567,408,4,0,2.025,2.025,3.453648164414603,10.799705256053635,0.08325513130006516,-4.172638382636384,-74.52330599510458,135.3735378421825,1.825,1.8912499999999999,610,10,2,178,0.29180327868852457,13.058103775906222,0.23380570051540292,PLL96-IQ-corrected,safe_range,selection,80301,PAL,4,3,1000000.0,,False,bars,,,,,
10.092625527055212,95.86675362386568,True,2.319949811794228,152,2,0,2.025,2.025,3.1043698950696657,2.6104707085439767,1.2480919467342062,-2.5596595141621368,-76.20509653704865,136.1936102479783,1.8,1.43125,610,3,2,364,0.5967213114754099,23.28803074271251,0.46069318685068583,floating-PLL-IQ40,safe_range,selection,80301,PAL,4,3,1000000.0,,False,bars,,,,,
3.2253716185852865,42.61148541141723,True,122.56336260978671,610,8,0,2.025,2.025,1000000.0,49.36615268562655,27.09374249973687,-28.952305642648344,-79.75654520770529,123.69946654822114,1000000.0,1000000.0,610,610,2,0,0.0,4.2279037832419295,0.17547254515154195,HC50,safe_range,selection,80301,PAL,4,3,1000000.0,,False,bars,,,,,
5.769781297563167,90.8427518160568,True,40.63111668757842,94,1,0,2.025,1.5612499999999991,2.846874348509528,3.4706501328387187,-1.6563403413402995,-14.530752451278332,-82.49185074890629,126.37075189689169,1.75,0.5949999999999998,610,3,2,436,0.7147540983606557,10.93610543301946,0.20619459964842504,PLL96-board-fixed,safe_range,selection,80301,PAL,4,3,1000000.0,,False,bars,,,,,
5.616831218074035,94.4455742771645,True,41.82936010037641,32,2,0,2.025,2.025,2.481714050415092,5.419494404799021,0.2580675510428348,-5.608596563149148,-79.04784261616035,147.7422165408911,1.6,0.3,610,2,2,381,0.6245901639344262,15.438522629758475,0.2633375151066224,RNG-6bfe707c5168,safe_range,selection,80301,PAL,4,3,1000000.0,,False,bars,,,,,
5.492427947929381,92.74899061925974,True,40.66436637390213,76,3,0,2.025,2.025,2.7357149405512002,11.399054768708421,1.7624231743813883,-3.102270808160737,-74.43137483284625,151.13753745191616,1.8087499999999992,0.25,610,3,2,395,0.6475409836065574,14.944866210187929,0.26493239168207894,RNG-9acb593cb4b5,safe_range,selection,80301,PAL,4,3,1000000.0,,False,bars,,,,,
5.836845280447035,90.64182374200718,True,38.45671267252196,82,3,0,2.025,2.025,2.793479878135057,10.786386368744562,1.9286566433833818,-6.816468526000007,-71.38266187666284,138.24401068960066,1.825,0.25,610,3,2,393,0.6442622950819672,15.146947407911263,0.26983174820032696,RNG-9eaa767b9394,safe_range,selection,80301,PAL,4,3,1000000.0,,False,bars,,,,,
5.870706039465137,92.29188162232988,True,39.39962358845671,34,2,0,2.025,2.025,2.538894064926039,6.1310842968778285,0.6814612732887498,-8.10857972454322,-74.8891787817433,134.62264312609642,1.625,0.31875,610,2,2,387,0.6344262295081967,15.391273422662872,0.26626416584903617,RNG-80057c8f88f8,safe_range,selection,80301,PAL,4,3,1000000.0,,False,bars,,,,,
5.930995558661519,91.82684852487644,True,38.86574654956085,74,2,0,2.025,2.025,2.8268704183142703,7.37281617659831,0.8382170664757193,-7.921753681107474,-73.44549180375144,133.54281741478826,1.725,0.35625,610,2,2,420,0.6885245901639344,15.525302487656955,0.2684235848943744,RNG-73849a906c4b,safe_range,selection,80301,PAL,4,3,1000000.0,,False,bars,,,,,
5.96186417747314,91.08185057509603,True,37.730238393977416,36,2,0,2.025,2.025,2.6010681101403033,6.614835636024694,1.3341268635477392,-8.845895258495258,-74.90010659181164,134.12667104354387,1.7,0.31875,610,2,2,387,0.6344262295081967,15.228529315975996,0.2664282051376114,RNG-01b8a571b2c9,safe_range,selection,80301,PAL,4,3,1000000.0,,False,bars,,,,,
6.037120851043484,90.09957046073552,True,38.41530740276035,51,2,0,2.025,2.025,2.694666517148352,6.673760441110338,1.1611841794658733,-10.596262839198685,-74.7041750747785,133.94912193864138,1.7,0.31875,610,3,2,393,0.6442622950819672,15.035042595089447,0.26715228164702676,RNG-d385d45a71f7,safe_range,selection,80301,PAL,4,3,1000000.0,,False,bars,,,,,
6.098304938159593,89.68296626811977,True,37.831869510664994,101,2,0,2.025,2.025,2.9241892651718304,7.857727045492721,1.304242676537029,-10.367107049717173,-75.27278647109287,131.91855680096137,1.8,0.35625,610,3,2,418,0.6852459016393443,15.15671228007151,0.26943404154744255,RNG-13b0939bfaad,safe_range,selection,80301,PAL,4,3,1000000.0,,False,bars,,,,,
5.78227454569019,88.45554628485712,True,39.525094102885824,102,2,0,2.025,2.025,2.8612029864250386,9.548582797841611,1.7206026840896498,-11.736347870060845,-69.01235675730193,135.99645612810264,1.7412499999999995,0.64375,610,4,2,417,0.6836065573770492,13.804348307148427,0.24482835542765088,RNG-49c57570d609,safe_range,selection,80301,PAL,4,3,1000000.0,,False,bars,,,,,
6.039805192965732,92.22683416517195,True,46.5702634880803,434,5,0,2.025,2.025,3.423143574525933,7.057727739370015,2.077823362334996,-6.657737094907628,-77.44189287732209,134.19184952650522,1.9,1.5875,610,19,2,134,0.21967213114754097,16.304541756963296,0.26694800079568104,RNG-fb16ed729c77,safe_range,selection,80301,PAL,4,3,1000000.0,,False,bars,,,,,
5.959346058603381,89.15858941033493,True,45.40715181932246,487,6,0,2.025,2.025,3.4530871659443756,6.989437117867113,1.6959092558442628,-10.988880609690039,-79.44000150625294,133.34750877314087,1.925,1.21,610,22,2,100,0.16393442622950818,14.975577881400833,0.25898412186498204,RNG-774ab9d6fe43,safe_range,selection,80301,PAL,4,3,1000000.0,,False,bars,,,,,
4.749160315042104,85.74885180453644,True,62.4447929736512,599,7,0,2.025,2.025,3.580288523162751,10.85288684494759,3.7470758179334145,-11.673062858615634,-82.40001580256666,136.1697732083278,1.475,1.95,610,86,2,10,0.01639344262295082,13.253479137264396,0.2442700507084193,RNG-f3c2ceb92881,safe_range,selection,80301,PAL,4,3,1000000.0,,False,bars,,,,,
7.402654050081365,87.90270287836218,True,22.306775407779174,547,6,0,2.025,2.025,3.5407814019659467,10.794307715135776,2.7645372243261774,-9.288530316402825,-79.97170261210906,139.62383577087013,1.625,1.2550000000000001,610,31,2,55,0.09016393442622951,16.563948901420446,0.33501397249384235,OVP56,safe_range,selection,80301,PAL,6,3,1000000.0,,False,bars,,,,,
7.387876822955719,91.20857661862368,True,20.410915934755334,485,6,0,2.025,2.025,3.46113492947039,6.828747922846943,1.5194289824054361,-7.729659136999587,-83.57271733201142,145.4491801271916,1.85,1.23125,610,16,2,123,0.20163934426229507,18.349421357419313,0.33803316462656535,VLP56,safe_range,selection,80301,PAL,6,3,1000000.0,,False,bars,,,,,
8.482110487537907,93.72755999353183,True,12.812421580928481,4,0,1,1.113749999999999,1.1324999999999992,2.0313597012773483,3.611038585624793,1.716170065183583,-5.531332574979973,-66.0049738616865,127.08264887660253,1.075,1.1324999999999992,610,1,2,266,0.4360655737704918,19.083985482340253,0.33976618494958055,RANGE32,safe_range,selection,80301,PAL,6,3,1000000.0,,False,bars,,,,,
-6.718917896886207,-83.97193182856309,False,599.3902132998745,610,8,61,2.025,2.025,1000000.0,86.85022607156698,22.283352678154145,-157.26495788668916,-75.56808834535128,133.22648826416815,1000000.0,1000000.0,610,610,2,1602,2.6262295081967215,-6.7518152479903755,-0.2948915611232271,PLL96-rejected-board,safe_range,selection,80301,PAL,6,3,1000000.0,,False,bars,,,,,
9.136409271461293,93.92518780485263,True,7.964240903387704,474,5,0,2.025,2.025,3.4895813944975593,12.28030540696043,-0.6071389818297517,-3.0409252891356107,-72.55817746958039,133.37992696865547,1.85,1.5399999999999998,610,18,2,117,0.1918032786885246,14.187717009970566,0.2899944458725993,PLL96-IQ-corrected,safe_range,selection,80301,PAL,6,3,1000000.0,,False,bars,,,,,
11.958659707811705,95.94067056260202,True,0.30175658720200754,30,1,0,1.988749999999999,1.7887499999999996,2.6606657515327456,2.3007082540408117,1.4220756119324156,-2.0325497366806,-70.49820047865344,130.95191534564168,1.625,1.1474999999999995,610,2,2,430,0.7049180327868853,25.5271091421806,0.5526313890405278,floating-PLL-IQ40,safe_range,selection,80301,PAL,6,3,1000000.0,,False,bars,,,,,
3.8979737555374916,44.3302376615352,True,99.85069008782936,610,8,0,2.025,2.025,1000000.0,49.00783474124447,27.0726464497245,-26.468736485802985,-61.10462365154606,117.59730000318534,1000000.0,1000000.0,610,610,2,0,0.0,4.479689697940688,0.25921782155745693,HC50,safe_range,selection,80301,PAL,6,3,1000000.0,,False,bars,,,,,
8.725999509016582,95.81035934139591,True,12.708908406524467,14,1,0,1.55,1.6487499999999993,2.3138017830564417,0.6306299333337547,-2.4533941346525867,-9.937199253894311,-81.28405715120603,123.28497616992472,1.23125,0.7024999999999995,610,1,2,371,0.6081967213114754,14.837807473492353,0.3047733804022093,PLL96-board-fixed,safe_range,selection,80301,PAL,6,3,1000000.0,,False,bars,,,,,
8.37284474481654,97.85855913901867,True,12.454830614805521,3,0,2,0.788749999999999,0.7399999999999997,1.5632198506552755,1.6422808921967706,0.05431847880386497,-2.1314185826892116,-75.48738537944052,143.03763441908887,0.7424999999999983,0.7399999999999997,610,1,2,183,0.3,21.814027100934442,0.36384721541368475,RNG-6bfe707c5168,safe_range,selection,80301,PAL,6,3,1000000.0,,False,bars,,,,,
8.11956995751155,96.35746800377711,True,12.361982434127981,5,0,1,1.0,0.7099999999999995,1.8707538697868071,3.8664902139493353,1.4761353955818846,-1.7338530538049304,-69.23461211288075,145.77474115915868,0.9699999999999989,0.7099999999999995,610,1,2,237,0.3885245901639344,20.74412024103525,0.35602633025537345,RNG-9acb593cb4b5,safe_range,selection,80301,PAL,6,3,1000000.0,,False,bars,,,,,
8.32679227102474,94.62376778526207,True,11.808030112923463,6,0,0,1.05,0.7887499999999996,1.9375643548380719,3.7986281833608047,1.7543180863728443,-4.580118222091718,-67.55426346690703,132.1682186548552,1.0,0.7887499999999996,610,1,2,255,0.4180327868852459,20.546430326844963,0.359342973872439,RNG-9eaa767b9394,safe_range,selection,80301,PAL,6,3,1000000.0,,False,bars,,,,,
8.526752428527404,96.12962472506946,True,11.700125470514429,4,0,1,0.8387499999999989,0.7399999999999997,1.6297221310464072,2.13178451687274,0.509013311003756,-4.1403414278062165,-70.12112074128326,130.8205032645692,0.8,0.7399999999999997,610,1,2,194,0.3180327868852459,21.510694060010387,0.3651025141679214,RNG-80057c8f88f8,safe_range,selection,80301,PAL,6,3,1000000.0,,False,bars,,,,,
8.544668732579465,95.70199916788724,True,11.584065244667503,6,0,1,1.0637499999999989,1.1299999999999994,2.0298874059402165,3.395889577346015,0.5250509030521052,-4.078898541491383,-69.04705649395694,128.88481516388288,1.025,1.1299999999999994,610,1,2,304,0.49836065573770494,21.57906351997498,0.36608843279851244,RNG-73849a906c4b,safe_range,selection,80301,PAL,6,3,1000000.0,,False,bars,,,,,
8.634328697623111,94.85579850041795,True,10.961104140526977,4,0,1,0.9,0.7399999999999997,1.6923943507982593,2.5421980292070945,1.2286422240776471,-4.9756884654852405,-70.81310429853437,130.85892058156708,0.84375,0.7399999999999997,610,1,2,211,0.34590163934426227,21.068824752813164,0.3657632165411214,RNG-01b8a571b2c9,safe_range,selection,80301,PAL,6,3,1000000.0,,False,bars,,,,,
8.62451063190114,94.35213237316707,True,11.289209535759097,4,0,0,0.95,0.7399999999999997,1.7745426594379232,2.3889283773935097,1.077004328466204,-6.104568431941627,-68.4917320565524,131.2390220903439,0.9,0.7399999999999997,610,1,2,227,0.3721311475409836,20.630831659649466,0.3648873535886511,RNG-d385d45a71f7,safe_range,selection,80301,PAL,6,3,1000000.0,,False,bars,,,,,
8.638334136578756,93.97325654301135,True,11.138644918444166,8,0,1,1.25,1.1299999999999994,2.20457938522992,3.5100323288265556,1.0631736468608342,-6.070312388609231,-68.2512443488608,126.65789617933295,1.0987499999999983,1.1299999999999994,610,1,2,327,0.5360655737704918,20.67258463413253,0.3657937870515922,RNG-13b0939bfaad,safe_range,selection,80301,PAL,6,3,1000000.0,,False,bars,,,,,
8.482110487537907,93.72755999353183,True,12.812421580928481,4,0,1,1.113749999999999,1.1324999999999992,2.0313597012773483,3.611038585624793,1.716170065183583,-5.531332574979973,-66.0049738616865,127.08264887660253,1.075,1.1324999999999992,610,1,2,266,0.4360655737704918,19.083985482340253,0.33976618494958055,RNG-49c57570d609,safe_range,selection,80301,PAL,6,3,1000000.0,,False,bars,,,,,
8.101095146821258,95.81849743966012,True,16.166875784190715,214,2,0,2.025,2.025,3.2473882279503172,4.224470321976127,1.4399610231247553,-3.665832741791484,-72.4225970324128,131.91932158765917,1.8,1.55,610,7,2,352,0.5770491803278689,21.08608450020551,0.34926719103232595,RNG-fb16ed729c77,safe_range,selection,80301,PAL,6,3,1000000.0,,False,bars,,,,,
8.20724348022306,93.9889728017884,True,14.190715181932246,268,5,0,2.025,2.025,3.228575922195437,2.8808651477751686,0.8919078738897323,-6.968506274421685,-75.0905003905852,133.9373719625433,1.85,1.1324999999999998,610,7,2,292,0.4786885245901639,19.881060864316716,0.3478702352942154,RNG-774ab9d6fe43,safe_range,selection,80301,PAL,6,3,1000000.0,,False,bars,,,,,
7.3928014179997605,91.40810871673656,True,21.574027603513176,544,7,0,2.025,2.025,3.4993519421675088,7.855051537883498,2.8399698783276803,-5.761647542943868,-80.7034026848887,133.19897710267384,1.8625,1.95,610,32,2,67,0.10983606557377049,18.306710305773674,0.3407075064153383,RNG-f3c2ceb92881,safe_range,selection,80301,PAL,6,3,1000000.0,,False,bars,,,,,
9.406937910835254,91.48984944418504,True,5.663111668757842,389,5,0,2.025,2.025,3.3691989696117055,7.434295600965316,2.003014275319455,-6.617333463186209,-76.03403251622329,135.1449290732586,1.875,1.2349999999999999,610,12,2,172,0.2819672131147541,19.89615368558193,0.41797482580369427,OVP56,safe_range,selection,80301,PAL,8,3,1000000.0,,False,bars,,,,,
9.524746768264997,93.87589355840072,True,4.743412797992471,253,3,0,2.025,2.025,3.225018728367221,4.741250599438599,1.2682913302327625,-5.209738389043383,-74.26029279934666,143.22591709939357,1.825,1.51,610,6,2,291,0.47704918032786886,22.242848904950215,0.424395311915664,VLP56,safe_range,selection,80301,PAL,8,3,1000000.0,,False,bars,,,,,
10.594101303640425,95.07059393835999,True,3.812421580928482,0,0,2,0.4,0.5962499999999996,1.0571681551185323,2.0537206804508457,2.09110258542003,-3.1745432741514175,-60.55877804430303,119.8280318455933,0.4,0.5962499999999996,610,0,2,81,0.13278688524590163,22.80411751441457,0.4281603339786551,RANGE32,safe_range,selection,80301,PAL,8,3,1000000.0,,False,bars,,,,,
-6.663733143464303,-83.09917604424315,False,597.1160602258469,610,8,61,2.025,2.025,1000000.0,85.38873738983987,22.929746905777428,-156.63571216866168,-72.149393360961,132.7791611732734,1000000.0,1000000.0,610,610,2,1455,2.3852459016393444,-6.703519293426531,-0.32336660909058107,PLL96-rejected-board,safe_range,selection,80301,PAL,8,3,1000000.0,,False,bars,,,,,
9.428287762274326,94.32829197908981,True,6.030740276035132,522,6,0,2.025,2.025,3.5677602711326792,13.987893490133718,-0.9185981887902858,-2.667830518191292,-70.33186505408467,131.4688758661328,1.8912499999999999,0.8099999999999999,610,35,2,68,0.11147540983606558,13.747759258769394,0.31903483229358615,PLL96-IQ-corrected,safe_range,selection,80301,PAL,8,3,1000000.0,,False,bars,,,,,
13.739871657774671,95.66859050402277,True,0.024466750313676285,3,0,1,0.913749999999999,0.5699999999999996,1.9862449152262023,2.4209155766871233,1.7552861881110993,-1.8273307268506618,-66.8578062039256,129.32325915717215,0.9,0.5699999999999996,610,1,2,274,0.4491803278688525,26.34951665080969,0.6387403462571469,floating-PLL-IQ40,safe_range,selection,80301,PAL,8,3,1000000.0,,False,bars,,,,,
4.121565706410185,44.472430777913665,True,91.69887076537015,610,8,0,2.025,2.025,1000000.0,49.192775906325984,27.176209301851966,-25.86898815058902,-54.000633791328056,111.37051450180837,1000000.0,1000000.0,610,610,2,0,0.0,4.499457988767017,0.3342838844733241,HC50,safe_range,selection,80301,PAL,8,3,1000000.0,,False,bars,,,,,
10.469946511539023,97.73372034387755,True,5.148682559598495,8,0,1,1.4024999999999979,0.7899999999999999,2.13050342653992,0.6444511814510986,-2.418707561707035,-7.418868236104793,-77.28515352771674,122.87447412642913,1.225,0.7899999999999999,610,1,2,324,0.5311475409836065,16.9598921196324,0.37636030608360027,PLL96-board-fixed,safe_range,selection,80301,PAL,8,3,1000000.0,,False,bars,,,,,
10.36963481727587,98.01015529028543,True,3.225219573400251,0,0,2,0.15,0.5874999999999996,0.5751781619922534,1.3893127520541602,0.29140540548010346,-1.7610101405174385,-64.59557256294354,140.0339074366538,0.15,0.5874999999999997,610,0,2,36,0.05901639344262295,26.049332061501897,0.44784504479730836,RNG-6bfe707c5168,safe_range,selection,80301,PAL,8,3,1000000.0,,False,bars,,,,,
10.082972275570468,96.85178020396411,True,3.308030112923463,0,0,2,0.23874999999999885,0.5962499999999996,0.8108864811093485,1.9536406280967895,1.7676003429745788,-1.6775635179538924,-64.8162937370558,135.6399912472572,0.23874999999999885,0.5962499999999996,610,0,2,57,0.09344262295081968,24.941576817333324,0.43512627435189427,RNG-9acb593cb4b5,safe_range,selection,80301,PAL,8,3,1000000.0,,False,bars,,,,,
10.192222875791163,95.42722077957532,True,3.1913425345043915,0,0,2,0.275,0.5962499999999996,0.9202514357054994,2.0294520388689126,2.074609266271774,-3.969175139645039,-61.98193211700491,126.5964920290734,0.275,0.5962499999999996,610,0,2,65,0.10655737704918032,23.91800485099146,0.4372032481094169,RNG-9eaa767b9394,safe_range,selection,80301,PAL,8,3,1000000.0,,False,bars,,,,,
10.467320655832882,96.6173406594596,True,3.0508155583437895,0,0,2,0.2,0.5874999999999996,0.6405356045183888,1.6823883984439403,0.7693784912961766,-3.34348844474152,-63.95766853168749,126.74792394888343,0.2,0.5874999999999997,610,0,2,41,0.06721311475409836,25.152931024754032,0.44840461412732774,RNG-80057c8f88f8,safe_range,selection,80301,PAL,8,3,1000000.0,,False,bars,,,,,
10.453945123831662,96.34096332425369,True,3.0501882057716436,0,0,2,0.375,0.5874999999999996,1.0756350583206762,2.6424834190728355,0.732033270181304,-3.2704052712750404,-59.94924906011407,126.29429832534339,0.375,0.5874999999999997,610,0,2,103,0.16885245901639345,25.061176526538503,0.44846134498283285,RNG-73849a906c4b,safe_range,selection,80301,PAL,8,3,1000000.0,,False,bars,,,,,
10.570642725559418,95.3594732239304,True,2.8155583437892093,0,0,2,0.25,0.5874999999999996,0.6792896482572867,1.9966123465343728,1.5085393974895451,-4.202521226332322,-62.40993431559385,125.70852108231696,0.25,0.5874999999999997,610,0,2,43,0.07049180327868852,24.174184460873185,0.44970235376969997,RNG-01b8a571b2c9,safe_range,selection,80301,PAL,8,3,1000000.0,,False,bars,,,,,
10.54076431312588,95.16105172069992,True,2.9058971141781678,0,0,2,0.25,0.5874999999999996,0.7718039598622284,1.7043595911274039,1.384428847446508,-4.848091750903855,-64.40712253550605,126.98148853716387,0.25,0.5874999999999997,610,0,2,54,0.08852459016393442,23.689706523376557,0.44865465452159714,RNG-d385d45a71f7,safe_range,selection,80301,PAL,8,3,1000000.0,,False,bars,,,,,
10.523956769004734,94.95340914953049,True,2.8870765370138014,0,0,2,0.6024999999999977,0.5874999999999996,1.2404248016403856,2.4672076123969617,1.3194661045786664,-4.819040648015761,-61.195674800909835,127.11940698365672,0.6024999999999977,0.5874999999999997,610,0,2,123,0.20163934426229507,23.6677900607354,0.44857991045442347,RNG-13b0939bfaad,safe_range,selection,80301,PAL,8,3,1000000.0,,False,bars,,,,,
10.594101303640425,95.07059393835999,True,3.812421580928482,0,0,2,0.4,0.5962499999999996,1.0571681551185323,2.0537206804508457,2.09110258542003,-3.1745432741514175,-60.55877804430303,119.8280318455933,0.4,0.5962499999999996,610,0,2,81,0.13278688524590163,22.80411751441457,0.4281603339786551,RNG-49c57570d609,safe_range,selection,80301,PAL,8,3,1000000.0,,False,bars,,,,,
9.779357142904985,96.72136649270459,True,4.984943538268507,56,0,0,2.025,1.4449999999999998,2.882292391727103,3.2507387181250427,1.6361356204487822,-2.389183068761924,-65.76678021289246,128.9186417935977,1.6337500000000005,1.4449999999999998,610,2,2,454,0.7442622950819672,23.862414495269036,0.42393275690595345,RNG-fb16ed729c77,safe_range,selection,80301,PAL,8,3,1000000.0,,False,bars,,,,,
9.965936819518115,95.61070757449,True,3.8099121706398997,80,1,0,2.025,1.8674999999999997,2.910800885057724,1.0878107685167298,0.9782271379681767,-5.406965603688565,-73.74492151980499,132.37330442572483,1.775,1.4774999999999998,610,3,2,425,0.6967213114754098,22.999377520976047,0.4264575881134478,RNG-774ab9d6fe43,safe_range,selection,80301,PAL,8,3,1000000.0,,False,bars,,,,,
9.41870951817797,93.24265250123386,True,5.599121706398996,412,5,0,2.025,2.025,3.380076148953936,6.364181967651404,2.6045095114333714,-4.097789682429758,-75.38359468140807,131.72303447525158,1.825,1.8174999999999997,610,15,2,185,0.30327868852459017,21.563210558827734,0.4264643667106431,RNG-f3c2ceb92881,safe_range,selection,80301,PAL,8,3,1000000.0,,False,bars,,,,,
11.03084751905678,93.70090345282371,True,1.4397741530740276,166,2,0,2.025,2.025,3.1521453887474484,4.884348463789709,1.6770666191255572,-4.824168854100346,-68.71301934686261,130.68207979488432,1.775,0.95,610,4,2,372,0.6098360655737705,22.59599282252757,0.4913821966052681,OVP56,safe_range,selection,80301,PAL,10,3,1000000.0,,False,bars,,,,,
11.159592505404717,95.25072043201958,True,1.2672521957340026,60,1,0,2.025,1.9812499999999997,2.912877365330464,3.2480261640798855,1.2332696871136868,-3.756786602274596,-69.33349024439671,130.32867998709514,1.625,1.6299999999999994,610,3,2,435,0.7131147540983607,24.613426683491376,0.4977243605491023,VLP56,safe_range,selection,80301,PAL,10,3,1000000.0,,False,bars,,,,,
12.063596825042396,95.405339379055,True,1.7772898368883312,0,0,2,0.125,0.125,0.3215660322775932,1.6024801038312013,2.2357643458089207,-2.5177823397324564,-58.03934756066706,117.77214205895716,0.125,0.125,610,0,2,10,0.01639344262295082,24.030455248213805,0.5009433652080773,RANGE32,safe_range,selection,80301,PAL,10,3,1000000.0,,True,bars,,,,,
-6.640852881081595,-82.55616944342532,False,596.6505646173149,610,8,60,2.025,2.025,1000000.0,84.36344356477031,23.187322352244077,-156.2985130513661,-69.43767103561355,81.86546013810577,1000000.0,1000000.0,610,610,2,1409,2.3098360655737706,-6.6831140321136235,-0.33807558597048143,PLL96-rejected-board,safe_range,selection,80301,PAL,10,3,1000000.0,,False,bars,,,,,
9.412397424194591,94.93142733164036,True,5.7754077791718945,538,7,0,2.025,2.025,3.606687461431118,15.101155384936249,-1.095470887066002,-2.474238651804835,-59.068549798914965,122.70811830567688,1.8950000000000002,0.05,610,31,2,55,0.09016393442622951,13.15760051601606,0.336914784028295,PLL96-IQ-corrected,safe_range,selection,80301,PAL,10,3,1000000.0,,False,bars,,,,,
15.366996739592809,95.67180471694991,True,0.0025094102885821834,0,0,2,0.05,0.05,1.141009942342568,2.2929785310090374,1.8676819156741378,-1.6920696445732728,-63.3479015403116,125.32931096060337,0.05,0.05,610,0,2,92,0.15081967213114755,26.7677342831866,0.7140157818570247,floating-PLL-IQ40,safe_range,selection,80301,PAL,10,3,1000000.0,,False,bars,,,,,
4.208409744762599,44.404092956553505,True,89.29109159347554,610,8,0,2.025,2.025,1000000.0,49.22421063127319,27.18304399329979,-25.84019255466668,-22.32155837399673,96.95332538158799,1000000.0,1000000.0,610,610,2,0,0.0,4.494615159689739,0.3923482171189595,HC50,safe_range,selection,80301,PAL,10,3,1000000.0,,False,bars,,,,,
11.188972459578403,98.55029787751488,True,4.021957340025095,7,0,0,1.3574999999999933,0.10749999999999997,2.1132211840701043,1.485388508651245,-2.2737758562689,-5.799106561673009,-63.75310724702207,113.12927844303529,1.1724999999999994,0.10749999999999997,610,1,2,339,0.5557377049180328,17.518213799245355,0.4125503330823838,PLL96-board-fixed,safe_range,selection,80301,PAL,10,3,1000000.0,,False,bars,,,,,
11.831046733128156,97.92494537498405,True,1.2007528230865747,0,0,2,0.1,0.09124999999999998,0.18966104364209807,1.5683326975284737,0.38371450139511154,-1.8070349619676604,-57.760645778191105,123.01690402424971,0.1,0.09124999999999998,610,0,2,5,0.00819672131147541,27.231025863823042,0.5180140932543912,RNG-6bfe707c5168,safe_range,selection,80301,PAL,10,3,1000000.0,,True,bars,,,,,
11.456507686247475,96.84710081371978,True,1.2760351317440402,0,0,2,0.1,0.09874999999999996,0.26529445441053534,1.6593253880368768,1.9141584567063747,-1.6585350829089274,-60.03527009822088,129.5423588954991,0.1,0.09874999999999996,610,0,2,5,0.00819672131147541,26.409049291421233,0.49815147608804705,RNG-9acb593cb4b5,safe_range,selection,80301,PAL,10,3,1000000.0,,True,bars,,,,,
11.530174069490037,95.63307514828288,True,1.2465495608531993,0,0,2,0.1,0.10749999999999997,0.3923643652040374,1.7168347159728268,2.2088394906210764,-3.653302889926861,-55.18322668414281,126.56008562752011,0.1,0.10749999999999997,610,0,2,5,0.00819672131147541,25.09254444378214,0.5004208431529831,RNG-9eaa767b9394,safe_range,selection,80301,PAL,10,3,1000000.0,,True,bars,,,,,
11.916164177604273,96.71493194844078,True,1.1511919698870765,0,0,2,0.1,0.09124999999999998,0.23392148745910873,1.7346297041055356,0.8723567082125311,-3.185589570257453,-56.975988597370254,119.5255002220536,0.1,0.09124999999999998,610,0,2,6,0.009836065573770493,26.1872406128384,0.5193169706382079,RNG-80057c8f88f8,safe_range,selection,80301,PAL,10,3,1000000.0,,True,bars,,,,,
11.90181376125151,96.59967232659739,True,1.1480552070263488,0,0,2,0.1,0.1,0.3835500694012516,2.2975075188427017,0.8186952949085853,-3.0908815944736285,-57.9716236813411,121.14028566503866,0.1,0.1,610,0,2,15,0.02459016393442623,26.17291537615166,0.5192400022351368,RNG-73849a906c4b,safe_range,selection,80301,PAL,10,3,1000000.0,,True,bars,,,,,
12.002943277772824,95.51581411719064,True,1.1072772898368883,0,0,2,0.1,0.09124999999999998,0.29185142469818554,1.9518680915415418,1.6004784040783935,-4.032245571585963,-58.20584955005043,119.48128731366624,0.1,0.09124999999999998,610,0,2,7,0.011475409836065573,25.021886202736766,0.5207702960557741,RNG-01b8a571b2c9,safe_range,selection,80301,PAL,10,3,1000000.0,,True,bars,,,,,
11.98652107143218,95.44624216000982,True,1.110414052697616,0,0,2,0.1,0.11624999999999999,0.27112961935539853,1.5984423776734176,1.4805948579895547,-4.435685190676431,-57.75463875294939,118.28920264981316,0.1,0.11624999999999999,610,0,2,6,0.009836065573770493,24.686764602724885,0.5205131797507683,RNG-d385d45a71f7,safe_range,selection,80301,PAL,10,3,1000000.0,,True,bars,,,,,
11.969919658173804,95.40158941953143,True,1.111668757841907,0,0,2,0.1,0.1,0.4453654789451755,1.9707378751207596,1.399925779612748,-4.3836846398384015,-57.78538282260552,119.23633218648284,0.1,0.1,610,0,2,17,0.027868852459016394,24.74433779539851,0.5203238038338242,RNG-13b0939bfaad,safe_range,selection,80301,PAL,10,3,1000000.0,,True,bars,,,,,
12.063596825042396,95.405339379055,True,1.7772898368883312,0,0,2,0.125,0.125,0.3215660322775932,1.6024801038312013,2.2357643458089207,-2.5177823397324564,-58.03934756066706,117.77214205895716,0.125,0.125,610,0,2,10,0.01639344262295082,24.030455248213805,0.5009433652080773,RNG-49c57570d609,safe_range,selection,80301,PAL,10,3,1000000.0,,True,bars,,,,,
11.159548987106485,97.08091263441501,True,1.8017565872020076,9,0,0,1.038749999999999,0.6174999999999997,2.308730401084511,2.640327972326746,1.77508929231825,-1.6504172528800387,-66.54823491817827,126.96720162457207,0.975,0.6174999999999997,610,1,2,334,0.5475409836065573,25.352203532367454,0.48961025648696255,RNG-fb16ed729c77,safe_range,selection,80301,PAL,10,3,1000000.0,,False,bars,,,,,
11.287203007077322,96.27116484678409,True,1.551442910915935,13,0,0,1.6387499999999988,0.8774999999999998,2.3954075617595167,0.013661906473872743,1.1499897611535512,-4.736521069089841,-68.46956232584975,129.8815752222131,1.3149999999999948,0.8774999999999998,610,1,2,354,0.580327868852459,24.32439938202183,0.4908429938606522,RNG-774ab9d6fe43,safe_range,selection,80301,PAL,10,3,1000000.0,,False,bars,,,,,
10.878482449793086,94.11131718600033,True,1.5119196988707653,191,4,0,2.025,2.025,3.196660931313361,5.086285229252884,2.5193400778778874,-3.5351141964723385,-72.75564244368309,123.89415457818647,1.7549999999999983,0.5737499999999999,610,6,2,354,0.580327868852459,23.033011376909545,0.4954538267869696,RNG-f3c2ceb92881,safe_range,selection,80301,PAL,10,3,1000000.0,,False,bars,,,,,
12.335919118221168,95.27589895070562,True,0.7252195734002509,27,1,0,1.9299999999999955,1.6574999999999993,2.60657710627898,3.0155619213732425,1.4110350207267603,-3.4844017148186883,-67.52028785092239,126.78708673407021,1.444999999999999,0.8249999999999996,610,2,2,386,0.6327868852459017,24.766810852376775,0.5528664137510202,OVP56,safe_range,selection,80301,PAL,12,3,1000000.0,,False,bars,,,,,
12.476374875310034,96.18635733987222,True,0.697616060225847,5,1,0,1.025,1.6574999999999993,2.1967723788088565,2.1149589252319476,1.2069625976765053,-2.7662802268911584,-69.95536823941609,126.79911685204087,1.019999999999999,0.6974999999999993,610,2,2,310,0.5081967213114754,26.200794013644476,0.5595976258969871,VLP56,safe_range,selection,80301,PAL,12,3,1000000.0,,False,bars,,,,,
13.153894328362728,95.67530865030092,True,1.3739021329987453,0,0,2,0.1,0.1,0.0578915747430445,1.3583626054278726,2.1706800982082806,-2.2883525186971223,-56.02409585522746,111.88216505636441,0.1,0.1,610,0,2,0,0.0,24.464415857232275,0.5591701814615956,RANGE32,safe_range,selection,80301,PAL,12,3,1000000.0,,True,bars,,,,,
-6.641659443955801,-82.37960831715537,False,597.2233375156837,610,8,60,2.025,2.025,1000000.0,83.72920759542603,23.212516085390128,-156.28433703044195,-69.7824399492938,81.99878582502438,1000000.0,1000000.0,610,610,2,1390,2.278688524590164,-6.685234309533751,-0.34697145622643305,PLL96-rejected-board,safe_range,selection,80301,PAL,12,3,1000000.0,,False,bars,,,,,
9.306812784546624,95.63339736538951,True,5.822459222082811,552,6,0,2.025,2.025,3.6282001332474136,15.695932997631772,-1.284457622882491,-2.1657447951908253,-54.95032102770807,122.92642842658492,1.95,1.0474999999999999,610,65,2,55,0.09016393442622951,12.676994783209025,0.34538821756312216,PLL96-IQ-corrected,safe_range,selection,80301,PAL,12,3,1000000.0,,False,bars,,,,,
16.8474195194226,95.96168909074105,True,0.0,0,0,2,0.05,0.04124999999999999,0.4710023754769376,1.9907636192849434,1.8137553985780337,-1.4576826261306604,-59.45725799767786,124.39186541922166,0.05,0.04124999999999999,610,0,2,18,0.029508196721311476,27.525202574204116,0.776664158926777,floating-PLL-IQ40,safe_range,selection,80301,PAL,12,3,1000000.0,,True,bars,,,,,
4.267641095638432,44.4627678683808,True,88.84378920953576,610,8,0,2.025,2.025,1000000.0,49.122372660249134,27.146910521162777,-25.7722061105342,-8.87427109393829,91.61287611561806,1000000.0,1000000.0,610,610,2,0,0.0,4.505162685567158,0.4399029620094405,HC50,safe_range,selection,80301,PAL,12,3,1000000.0,,False,bars,,,,,
11.55894918082208,98.87901055591242,True,3.8638644918444167,5,0,2,1.1524999999999979,0.075,1.968203075677771,2.5899598714780554,-2.122163271175351,-4.605352476042627,-60.892538443380786,112.22499360180575,1.075,0.075,610,1,2,272,0.4459016393442623,17.625058603989316,0.43597951155047565,PLL96-board-fixed,safe_range,selection,80301,PAL,12,3,1000000.0,,False,bars,,,,,
13.003926959781369,98.07761105739134,True,0.759723964868256,0,0,2,0.075,0.09124999999999998,0.0572240348449358,1.536901619357289,0.3530960370813598,-1.8358621886509099,-57.74543149888529,117.74468196228491,0.075,0.09124999999999998,610,0,2,0,0.0,27.76863164769077,0.5769093325845325,RNG-6bfe707c5168,safe_range,selection,80301,PAL,12,3,1000000.0,,True,bars,,,,,
12.514757412115456,96.99109267383933,True,0.814930991217064,0,0,2,0.075,0.06624999999999999,0.047606653344075246,1.5413221583114964,1.9309902389530424,-1.4848275832962323,-54.79298345431067,126.14015190736637,0.075,0.06624999999999999,610,0,2,0,0.0,26.98977567796571,0.5495284654258211,RNG-9acb593cb4b5,safe_range,selection,80301,PAL,12,3,1000000.0,,True,bars,,,,,
12.583947291304495,95.93229733156983,True,0.7979924717691342,0,0,2,0.075,0.06624999999999999,0.1306274266383746,1.5484582130132034,2.1887739203139245,-3.324959560187595,-56.2268547830127,121.96866255743797,0.075,0.06624999999999999,610,0,2,0,0.0,25.76552280110573,0.5525573273929645,RNG-9eaa767b9394,safe_range,selection,80301,PAL,12,3,1000000.0,,True,bars,,,,,
13.093623883765746,96.9810309460381,True,0.7252195734002509,0,0,2,0.08874999999999886,0.09124999999999998,0.05441567397148078,1.6362384653066042,0.8399469501204431,-3.110399274542886,-56.66972176299015,115.43622200655184,0.08874999999999886,0.09124999999999998,610,0,2,0,0.0,26.797798700267,0.579213994721282,RNG-80057c8f88f8,safe_range,selection,80301,PAL,12,3,1000000.0,,True,bars,,,,,
13.080149615143178,96.99000056154247,True,0.7245922208281054,0,0,2,0.075,0.09124999999999998,0.102654322052535,1.883254399001459,0.7739464400168136,-3.005709400365642,-57.66813790553264,116.03730117806901,0.075,0.09124999999999998,610,0,2,2,0.003278688524590164,26.869439711575485,0.5790072397163475,RNG-73849a906c4b,safe_range,selection,80301,PAL,12,3,1000000.0,,True,bars,,,,,
13.163097753912885,95.8568993029176,True,0.7277289836888332,0,0,2,0.1,0.09124999999999998,0.054085163566663895,1.7697334562044438,1.5241752966870805,-3.9345109989085927,-58.10670508204883,113.45201668049774,0.1,0.09124999999999998,610,0,2,0,0.0,25.62680605640713,0.580676158108424,RNG-01b8a571b2c9,safe_range,selection,80301,PAL,12,3,1000000.0,,True,bars,,,,,
13.172273285618232,95.84328228591077,True,0.7132998745294855,0,0,2,0.075,0.11624999999999999,0.04641888747863415,1.4102463371130598,1.4023138741330923,-4.213110256551941,-55.11554309539893,114.30780204138784,0.075,0.11624999999999999,610,0,2,0,0.0,25.404043475175584,0.5816733238996796,RNG-d385d45a71f7,safe_range,selection,80301,PAL,12,3,1000000.0,,True,bars,,,,,
13.155686626446876,95.91076216626007,True,0.7101631116687579,0,0,2,0.1,0.09124999999999998,0.13903576023077954,1.5079053919857675,1.3041206704207455,-4.1520829077516055,-57.472950229263276,114.27776769062356,0.1,0.09124999999999998,610,0,2,3,0.004918032786885246,25.508164527989372,0.581267206572425,RNG-13b0939bfaad,safe_range,selection,80301,PAL,12,3,1000000.0,,True,bars,,,,,
13.153894328362728,95.67530865030092,True,1.3739021329987453,0,0,2,0.1,0.1,0.0578915747430445,1.3583626054278726,2.1706800982082806,-2.2883525186971223,-56.02409585522746,111.88216505636441,0.1,0.1,610,0,2,0,0.0,24.464415857232275,0.5591701814615956,RNG-49c57570d609,safe_range,selection,80301,PAL,12,3,1000000.0,,True,bars,,,,,
12.257824503944505,97.43829987000835,True,1.0363864491844417,0,0,2,0.8137499999999989,0.06624999999999999,1.5697029060031564,2.169634592193054,1.7783624880640045,-1.0018540100347353,-63.78899654354114,123.08541966957449,0.8137499999999989,0.06624999999999999,610,0,2,167,0.27377049180327867,26.294830360205736,0.5432562474661105,RNG-fb16ed729c77,safe_range,selection,80301,PAL,12,3,1000000.0,,False,bars,,,,,
12.329961698388725,96.70304896078704,True,1.00564617314931,0,0,1,0.875,0.06624999999999999,1.6828827238685058,-0.6180919200024745,1.240831950532754,-4.264906328511303,-68.77675982758127,123.05419639896573,0.875,0.06624999999999999,610,0,2,181,0.2967213114754098,25.01950262912372,0.5435228893927928,RNG-774ab9d6fe43,safe_range,selection,80301,PAL,12,3,1000000.0,,False,bars,,,,,
12.03475948313342,94.78445026271895,True,0.6599749058971142,52,1,0,2.025,1.6574999999999993,2.754840762267037,3.990846427426508,2.5204369532584456,-3.0263301905621915,-71.08949812265422,122.70451049620334,1.6074999999999988,0.8099999999999996,610,3,2,429,0.7032786885245902,23.98488359906111,0.5520238647220959,RNG-f3c2ceb92881,safe_range,selection,80301,PAL,12,3,1000000.0,,False,bars,,,,,
13.387238396942053,96.24806029537557,True,0.5495608531994981,0,0,0,0.925,0.4074999999999997,1.8716823106850018,1.807117526052348,1.2450233049496804,-2.596010456828704,-65.15479509628682,125.66488130846699,0.925,0.40749999999999975,610,0,2,230,0.3770491803278688,26.26075372100944,0.6036790897995503,OVP56,safe_range,selection,80301,PAL,14,3,1000000.0,,False,bars,,,,,
13.541286745273363,96.71360037948014,True,0.5370138017565872,0,0,2,0.525,0.05,1.3883539315838243,1.4020066688927917,1.2119974713912944,-2.1429057632324775,-64.91817120346826,125.0754234394062,0.525,0.05,610,0,2,123,0.20163934426229507,27.11748748501174,0.6106502006402966,VLP56,safe_range,selection,80301,PAL,14,3,1000000.0,,False,bars,,,,,
14.0228291568931,95.71960822139161,True,1.204516938519448,0,0,2,0.075,0.09124999999999998,0.043958810825366144,1.3270483569277052,2.109646921932053,-2.3804253945700338,-50.99556077903638,110.05000040807022,0.075,0.09124999999999998,610,0,2,0,0.0,24.71011280586591,0.6070886532744769,RANGE32,safe_range,selection,80301,PAL,14,3,1000000.0,,True,bars,,,,,
-6.642330140978005,-82.25684771659907,False,597.6925972396488,610,8,61,2.025,2.025,1000000.0,83.42836936465942,23.163496568622815,-156.23821564154318,-69.9536285858052,82.05770016486713,1000000.0,1000000.0,610,610,2,1391,2.280327868852459,-6.686584109638418,-0.3520561056819,PLL96-rejected-board,safe_range,selection,80301,PAL,14,3,1000000.0,,False,bars,,,,,
9.212582012038329,96.2597280440578,True,5.877666248431618,564,6,0,2.025,2.025,3.6408237839927047,15.892199906656762,-1.2805783131296424,-1.9404344322701927,-54.96897033515803,123.04463979267953,1.95,1.6649999999999998,610,71,2,53,0.08688524590163935,12.322790828111039,0.3531162140310446,PLL96-IQ-corrected,safe_range,selection,80301,PAL,14,3,1000000.0,,False,bars,,,,,
18.13158543392776,96.12669152762034,True,0.0,0,0,2,0.025,0.025,0.17011326988264006,1.8128148440749254,1.7742849014668411,-1.3366233131809537,-55.946314970590066,120.80441166199762,0.025,0.025,610,0,2,1,0.001639344262295082,28.021657810554004,0.8252264459245631,floating-PLL-IQ40,safe_range,selection,80301,PAL,14,3,1000000.0,,True,bars,,,,,
4.303293434154233,44.48534293483592,True,88.87202007528231,610,8,0,2.025,2.025,1000000.0,49.04562385369513,27.123000756667608,-25.74249638567684,-5.405550830455276,88.25013546689127,1000000.0,1000000.0,610,610,2,0,0.0,4.510762183127729,0.4789848986944271,HC50,safe_range,selection,80301,PAL,14,3,1000000.0,,False,bars,,,,,
11.792902538483002,98.7405602907145,True,3.752823086574655,6,0,0,1.175,0.075,2.0569969732630247,3.5969971111824126,-1.7993773815772411,-3.787069256594703,-60.854170578506825,112.24160641379817,1.025,0.075,610,1,2,303,0.4967213114754098,17.661917674390352,0.4526615861075299,PLL96-board-fixed,safe_range,selection,80301,PAL,14,3,1000000.0,,False,bars,,,,,
13.941953218465823,98.09502839541977,True,0.5934755332496864,0,0,2,0.075,0.06624999999999999,0.04938141948308021,1.5384992642265927,0.3396559058690509,-2.0434540370306995,-49.02683103915093,113.77598512907915,0.075,0.06624999999999999,610,0,2,0,0.0,28.05779187788485,0.6241607971748934,RNG-6bfe707c5168,safe_range,selection,80301,PAL,14,3,1000000.0,,True,bars,,,,,
13.373378035987749,97.01594781292204,True,0.6304893350062735,0,0,2,0.075,0.05,0.03602992836108501,1.5693958029569637,1.977504486584298,-1.3813479984697772,-51.00368783244948,124.04219384423908,0.075,0.05,610,0,2,0,0.0,27.279181031240466,0.5920664099373321,RNG-9acb593cb4b5,safe_range,selection,80301,PAL,14,3,1000000.0,,True,bars,,,,,
13.441091369453162,96.07525848163392,True,0.6217063989962359,0,0,2,0.075,0.05,0.03523922925786721,1.5264384108784563,2.1888577844352257,-3.134708853676882,-51.1212931375998,120.36938290644696,0.075,0.05,610,0,2,0,0.0,26.165132510405865,0.5957506392145386,RNG-9eaa767b9394,safe_range,selection,80301,PAL,14,3,1000000.0,,True,bars,,,,,
14.040596116882288,97.09054359676536,True,0.5721455457967378,0,0,2,0.075,0.06624999999999999,0.04545985438445374,1.6025059450582941,0.825979842290257,-3.2222823006176124,-49.4377211876307,113.4317225434626,0.075,0.06624999999999999,610,0,2,0,0.0,27.12169226528392,0.6277042505628779,RNG-80057c8f88f8,safe_range,selection,80301,PAL,14,3,1000000.0,,True,bars,,,,,
14.025298372837467,97.17797420204266,True,0.5765370138017566,0,0,2,0.075,0.06624999999999999,0.04468698053693264,1.6447794380688532,0.7430033768056905,-3.1212644602546717,-50.92573062008333,113.4342626088339,0.075,0.06624999999999999,610,0,2,0,0.0,27.226296220217463,0.6272311642020736,RNG-73849a906c4b,safe_range,selection,80301,PAL,14,3,1000000.0,,True,bars,,,,,
14.092949576953206,96.05060833088547,True,0.5746549560853199,0,0,2,0.075,0.06624999999999999,0.03964494055330907,1.662342186775118,1.4488809289042142,-4.012078844035686,-51.16890687619093,113.69989232970656,0.075,0.06624999999999999,610,0,2,0,0.0,25.982592708492113,0.6290286858379458,RNG-01b8a571b2c9,safe_range,selection,80301,PAL,14,3,1000000.0,,True,bars,,,,,
14.139593236470018,96.0726037441906,True,0.5589711417816814,0,0,2,0.075,0.06624999999999999,0.039812573184944446,1.3056952103343393,1.3253289556673413,-4.197828714609989,-52.05408817754849,114.60380569968953,0.075,0.06624999999999999,610,0,2,0,0.0,25.852877512445453,0.6318400253201424,RNG-d385d45a71f7,safe_range,selection,80301,PAL,14,3,1000000.0,,True,bars,,,,,
14.120312142848984,96.1822335048863,True,0.5570890840652446,0,0,2,0.075,0.06624999999999999,0.03905911870611471,1.2847266632097671,1.209950237792668,-4.149737781418593,-51.60930763813636,114.87702289656258,0.075,0.06624999999999999,610,0,2,0,0.0,25.94657158910513,0.6311115512312045,RNG-13b0939bfaad,safe_range,selection,80301,PAL,14,3,1000000.0,,True,bars,,,,,
14.0228291568931,95.71960822139161,True,1.204516938519448,0,0,2,0.075,0.09124999999999998,0.043958810825366144,1.3270483569277052,2.109646921932053,-2.3804253945700338,-50.99556077903638,110.05000040807022,0.075,0.09124999999999998,610,0,2,0,0.0,24.71011280586591,0.6070886532744769,RNG-49c57570d609,safe_range,selection,80301,PAL,14,3,1000000.0,,True,bars,,,,,
13.137178930785009,97.53788737220371,True,0.8143036386449185,0,0,2,0.3,0.05,0.9792027955199568,2.007472615911083,1.8225013533920043,-0.5580465209173405,-59.76871806226282,123.03315075184679,0.3,0.05,610,0,2,69,0.11311475409836065,26.762103020775626,0.5863237999017185,RNG-fb16ed729c77,safe_range,selection,80301,PAL,14,3,1000000.0,,False,bars,,,,,
13.203892494810162,96.73778134843923,True,0.8074027603513174,0,0,2,0.3887499999999989,0.05,1.0725338658721333,-0.6132459436209483,1.3560538726406934,-3.9897062569189896,-66.62591652689402,122.56466197800805,0.3887499999999989,0.05,610,0,2,72,0.1180327868852459,25.470098575241803,0.5873948067260298,RNG-774ab9d6fe43,safe_range,selection,80301,PAL,14,3,1000000.0,,False,bars,,,,,
12.991501755238641,95.1080578501902,True,0.4611041405269762,5,0,1,1.15,0.05,2.2099257214247894,3.3198065264647143,2.621901327312934,-2.6467412838196616,-65.8819274801208,118.4392836859646,1.05,0.05,610,1,2,335,0.5491803278688525,24.411545617978962,0.6004348214940733,RNG-f3c2ceb92881,safe_range,selection,80301,PAL,14,3,1000000.0,,False,bars,,,,,
14.812899037492599,97.12204975189408,True,0.44416562107904645,0,0,2,0.05,0.025,0.49654544308570625,0.6565509386286101,1.1370779349103195,-1.7298942284528007,-64.14906597492094,124.98777092932917,0.05,0.025,610,0,2,19,0.03114754098360656,27.55975387448611,0.6719602103324814,OVP56,safe_range,selection,80301,PAL,18,3,1000000.0,,True,bars,,,,,
14.996888403071186,97.20549878586282,True,0.42973651191969886,0,0,2,0.05,0.025,0.27672891688911544,0.7148305556456372,1.2394324213649317,-1.5208002704463446,-61.995456818234764,124.26216357149866,0.05,0.025,610,0,2,9,0.014754098360655738,27.916435575823733,0.6798422038605134,VLP56,safe_range,selection,80301,PAL,18,3,1000000.0,,True,bars,,,,,
15.17585528073635,95.59395726018344,True,1.052697616060226,0,0,2,0.075,0.05,0.039463616777740074,1.395433779147227,2.013476247253071,-2.8018974760095703,-50.93779387854753,108.13926169996512,0.075,0.05,610,0,2,0,0.0,24.937622612067432,0.6707396727300639,RANGE32,safe_range,selection,80301,PAL,18,3,1000000.0,,True,bars,,,,,
-6.645780206271653,-82.26915270568371,False,598.7082810539523,610,8,61,2.025,2.025,1000000.0,83.60897055661505,22.91709716593807,-156.15629913640396,-67.87872659603889,75.68124859993691,1000000.0,1000000.0,610,610,2,1416,2.321311475409836,-6.6904045881856185,-0.35727488944315017,PLL96-rejected-board,safe_range,selection,80301,PAL,18,3,1000000.0,,False,bars,,,,,
9.046813871386,97.27601929162559,True,6.070890840652447,582,8,0,2.025,2.025,3.6716578583211463,15.63054993820786,-1.1604402663649438,-1.7665110372654074,-55.113516007690706,117.96872728826114,1.95,1000000.0,610,54,2,24,0.03934426229508197,11.874894490515393,0.3593519650727826,PLL96-IQ-corrected,safe_range,selection,80301,PAL,18,3,1000000.0,,False,bars,,,,,
19.983199700824414,96.26018097016238,True,0.0,0,0,2,0.025,0.025,0.020595638564241035,1.675007415678659,1.736596320102283,-1.234133439333841,-54.46268245428326,116.79945769842348,0.025,0.025,610,0,2,0,0.0,28.497471578899813,0.8844820021963407,floating-PLL-IQ40,safe_range,selection,80301,PAL,18,3,1000000.0,,True,bars,,,,,
4.335024334872529,44.46755200409325,True,88.86260978670013,610,8,0,2.025,2.025,1000000.0,48.96960569204744,27.114162487497968,-25.734780317364567,-1.3077574766905542,86.40816877827208,1000000.0,1000000.0,610,610,2,0,0.0,4.512130785530744,0.5300184603032666,HC50,safe_range,selection,80301,PAL,18,3,1000000.0,,False,bars,,,,,
11.991813330546313,98.02890326637743,True,3.656210790464241,34,0,0,2.025,0.18874999999999992,2.3619926612073163,5.014520630136318,-1.21456389377458,-3.014378600608212,-60.88068683288951,111.59800555195486,1.475,0.18874999999999992,610,2,2,368,0.6032786885245902,17.51846681043612,0.47020222806729683,PLL96-board-fixed,safe_range,selection,80301,PAL,18,3,1000000.0,,False,bars,,,,,
15.209049657384233,97.91095194880022,True,0.4617314930991217,0,0,2,0.05,0.04124999999999999,0.044457107713272444,1.5596610755635387,0.39714910205599163,-2.731303049999542,-46.91968624530131,112.02058842322427,0.05,0.04124999999999999,610,0,2,0,0.0,28.07025829777747,0.6871732489509553,RNG-6bfe707c5168,safe_range,selection,80301,PAL,18,3,1000000.0,,True,bars,,,,,
14.602635604291159,96.94183648744884,True,0.5106649937264742,0,0,2,0.075,0.05,0.029020908234479816,1.7426183290325197,2.0694672930537696,-1.3026395897686354,-48.83899910536416,120.34999290520139,0.075,0.05,610,0,2,0,0.0,27.50020387580883,0.6528546038476677,RNG-9acb593cb4b5,safe_range,selection,80301,PAL,18,3,1000000.0,,True,bars,,,,,
14.665372738494964,96.15132069441532,True,0.5,0,0,2,0.075,0.05,0.028106209570012152,1.6440889570544728,2.212238489143468,-2.985423935299167,-48.91362703448351,118.10088356980131,0.075,0.05,610,0,2,0,0.0,26.54402711831534,0.6570451005443837,RNG-9eaa767b9394,safe_range,selection,80301,PAL,18,3,1000000.0,,True,bars,,,,,
15.330368779889973,97.07906508073985,True,0.42973651191969886,0,0,2,0.05,0.04124999999999999,0.040209492395310395,1.5849651759110581,0.8779579419588579,-3.6430492959839067,-48.28053007379606,110.44039227798842,0.05,0.04124999999999999,610,0,2,0,0.0,27.23959404512538,0.6928622760426195,RNG-80057c8f88f8,safe_range,selection,80301,PAL,18,3,1000000.0,,True,bars,,,,,
15.311782467262379,97.23166049717118,True,0.4284818067754078,0,0,2,0.05,0.04124999999999999,0.04072850936886637,1.4593211496723155,0.7756181822356237,-3.544636245291782,-49.55282317167273,111.15904326845964,0.05,0.04124999999999999,610,0,2,0,0.0,27.384640558141562,0.6919656265816867,RNG-73849a906c4b,safe_range,selection,80301,PAL,18,3,1000000.0,,True,bars,,,,,
15.346039717536586,96.15779987635213,True,0.4523212045169385,0,0,2,0.05,0.05,0.03478564335478873,1.5308623509446346,1.4021904334794673,-4.435537945012384,-48.386662433749,111.98938906880949,0.05,0.05,610,0,2,0,0.0,26.138169009703645,0.6937857489953985,RNG-01b8a571b2c9,safe_range,selection,80301,PAL,18,3,1000000.0,,True,bars,,,,,
15.467127377940454,96.2585433471769,True,0.4102885821831869,0,0,2,0.05,0.04124999999999999,0.034578847888723466,1.2080293570869551,1.270670472475952,-4.380509242345274,-49.3957071087888,111.60509112511863,0.05,0.04124999999999999,610,0,2,0,0.0,26.258965570115123,0.6994605870229086,RNG-d385d45a71f7,safe_range,selection,80301,PAL,18,3,1000000.0,,True,bars,,,,,
15.444089822842358,96.35250347897555,True,0.4127979924717691,0,0,2,0.05,0.04124999999999999,0.03478564335478873,1.2097978305802495,1.135118749615784,-4.356548018472971,-50.213073261023595,109.99463230961399,0.05,0.04124999999999999,610,0,2,0,0.0,26.32558458282933,0.6983989651346951,RNG-13b0939bfaad,safe_range,selection,80301,PAL,18,3,1000000.0,,True,bars,,,,,
15.17585528073635,95.59395726018344,True,1.052697616060226,0,0,2,0.075,0.05,0.039463616777740074,1.395433779147227,2.013476247253071,-2.8018974760095703,-50.93779387854753,108.13926169996512,0.075,0.05,610,0,2,0,0.0,24.937622612067432,0.6707396727300639,RNG-49c57570d609,safe_range,selection,80301,PAL,18,3,1000000.0,,True,bars,,,,,
14.329831897878229,97.38467251927632,True,0.6662484316185696,0,0,2,0.05,0.05,0.25723546016677623,2.108040471831371,1.8936094547135618,-0.08730145027958577,-54.952320632118045,120.6648943776957,0.05,0.05,610,0,2,2,0.003278688524590164,27.055232411365466,0.6451070826752282,RNG-fb16ed729c77,safe_range,selection,80301,PAL,18,3,1000000.0,,True,bars,,,,,
14.512191883682181,96.32297763532442,True,0.6072772898368883,0,0,2,0.125,0.05,0.29982064310648604,0.24857486326728448,1.6763853541584908,-3.7260273120539225,-65.96071873693046,122.6451035258633,0.125,0.05,610,0,2,6,0.009836065573770493,26.07361263994499,0.6537714979832366,RNG-774ab9d6fe43,safe_range,selection,80301,PAL,18,3,1000000.0,,True,bars,,,,,
14.344356672360705,95.21506112228873,True,0.32747804265997493,0,0,2,0.225,0.05,0.9653632629783446,2.7744781125972615,2.8167132077533403,-2.1139003864667596,-65.94752990382686,117.3021802225073,0.225,0.05,610,0,2,62,0.10163934426229508,24.437451024935765,0.668737538034545,RNG-f3c2ceb92881,safe_range,selection,80301,PAL,18,3,1000000.0,,False,bars,,,,,
15.497887075502188,97.40578823698242,True,0.38519447929736517,0,0,2,0.05,0.025,0.022565932541674626,0.3047923232537898,1.0774799620937958,-1.4487190178859388,-60.00706140143126,124.29324253462329,0.05,0.025,610,0,2,0,0.0,27.947138283197177,0.7036220004511633,OVP56,safe_range,selection,80301,PAL,22,3,1000000.0,,True,bars,0.8224046022322817,-60.26495481274355,15.456257202984869,25.827460053197342,12.106976690200137
15.696454184968257,97.3904760952722,True,0.38143036386449186,0,0,2,0.05,0.025,0.024145223197947218,0.453058061159646,1.2250329399912674,-1.3334237037781504,-60.96712322959074,123.90395220100382,0.05,0.025,610,0,2,0,0.0,28.221828640903745,0.711963885742064,VLP56,safe_range,selection,80301,PAL,22,3,1000000.0,,True,bars,0.8162117222543669,-60.34324132676275,15.543811801487099,25.537963173118467,11.890618527784572
15.725463322223764,95.55467291798786,True,0.9698870765370138,0,0,2,0.05,0.05,0.038623869286861,1.373727967311643,1.9455828081976045,-3.040156337847979,-49.53371723431421,106.71165607844893,0.05,0.05,610,0,2,0,0.0,25.053731085892995,0.7006645182618501,RANGE32,safe_range,selection,80301,PAL,22,3,1000000.0,,True,bars,0.789179626577573,-61.43060293353338,15.858109837584779,23.505852316515842,11.977137006879103
-6.65240214055088,-82.48993641408512,False,599.6988707653701,610,8,61,2.025,2.025,1000000.0,84.21637819618613,22.78979320178407,-156.1748484004025,-67.91511550530687,75.69621206690385,1000000.0,1000000.0,610,610,2,1427,2.339344262295082,-6.696812091569827,-0.35871774874579276,PLL96-rejected-board,safe_range,selection,80301,PAL,22,3,1000000.0,contrast;waveform;detail_floor;sync;h_jitter_us;v_jitter_us;h_width_rmse_us;sync_error_ire;black_error_ire;white_error_ire;contrast;stress_waveform;reference_detail;burst_gain;burst_phase_jitter_deg;burst_amplitude_jitter_pct;burst_rmse_ire;h_missing;v_missing;vertical_trains;sync_error_ire;black_error_ire;white_error_ire,False,bars,0.32004733830822235,64.99569413215603,26.522534011627503,34.457804989902144,28.740107889964307
8.98553489225627,98.08000381284599,True,6.115432873274781,601,8,0,2.025,2.025,3.6806268336913606,14.828434058113677,-1.0824788854302043,-1.6981945905910485,-53.500323274799214,111.28044480032653,1.98,1000000.0,610,156,2,3,0.004918032786885246,11.727273604945243,0.36462662088472086,PLL96-IQ-corrected,safe_range,selection,80301,PAL,22,3,1000000.0,waveform;detail_floor;sync;h_jitter_us;v_jitter_us;h_width_rmse_us;sync_error_ire;stress_waveform;reference_detail;burst_gain;burst_phase_jitter_deg;burst_amplitude_jitter_pct;burst_rmse_ire;h_missing;v_missing;vertical_trains;sync_error_ire,False,bars,0.37765498141528864,-112.02167257030433,25.68715495224393,33.84827585186571,16.860327926615316
20.94766907956557,96.31529077701938,True,0.0,0,0,2,0.025,0.025,0.020142931884858092,1.6486659597079998,1.7218800473538771,-1.1772715349493106,-50.18974200145354,114.2318222330106,0.025,0.025,610,0,2,0,0.0,28.709647854447013,0.9100261816651408,floating-PLL-IQ40,safe_range,selection,80301,PAL,22,3,1000000.0,burst_gain,True,bars,0.4917676849700744,13.613127864929856,10.77996713021827,19.34700077295877,6.973955124529485
4.347636710800484,44.46686222511252,True,88.78230865746549,610,8,0,2.025,2.025,1000000.0,48.93477808070654,27.12415532603583,-25.69590896946919,-1.0432715966950425,84.98816546375517,1000000.0,1000000.0,610,610,2,0,0.0,4.512659467633846,0.5555185585047747,HC50,safe_range,selection,80301,PAL,22,3,1000000.0,contrast;waveform;detail_floor;sync;h_jitter_us;v_jitter_us;h_width_rmse_us;sync_error_ire;black_error_ire;white_error_ire;contrast;stress_waveform;reference_detail;burst_gain;burst_rmse_ire;h_missing;v_missing;vertical_trains;sync_error_ire;black_error_ire;white_error_ire,False,bars,0.4109017071606207,98.87861191315345,14.785319499641087,22.843670131692477,30.694876235519033
11.966685717856734,97.3470240579589,True,3.5903387703889584,0,0,2,0.28874999999999884,0.3637499999999999,0.1194934664514766,5.61412621586052,-0.8376140135231754,-2.8014638573058073,-59.23984979424125,111.31632498532747,0.28874999999999884,0.3637499999999999,610,0,2,0,0.0,17.127252844754047,0.4769937892458752,PLL96-board-fixed,safe_range,selection,80301,PAL,22,3,1000000.0,waveform;detail_floor;v_jitter_us;sync_error_ire;stress_waveform;reference_detail;burst_gain;burst_phase_jitter_deg;burst_rmse_ire,True,bars,0.42757642622120196,-99.30013352628804,27.149526087945528,32.604876643573995,15.450286861685623
15.806860853407379,97.76426206303472,True,0.40338770388958595,0,0,2,0.05,0.04124999999999999,0.04169807559344581,1.56266487078331,0.4442914507543352,-3.197156701992986,-46.470743457534624,110.77783247773388,0.05,0.04124999999999999,610,0,2,0,0.0,27.87508654949159,0.7163953960600759,RNG-6bfe707c5168,safe_range,selection,80301,PAL,22,3,1000000.0,,True,bars,0.8929334895400056,-57.59471297518168,14.8879951395901,22.68758120785334,11.963803492078958
15.289447413061989,96.90405552234213,True,0.4604767879548306,0,0,2,0.075,0.05,0.02596498272421633,1.8442086495537644,2.098482494721967,-1.2754000922154773,-48.90075915688408,118.72675951729516,0.075,0.05,610,0,2,0,0.0,27.585676594068673,0.6862557790706146,RNG-9acb593cb4b5,safe_range,selection,80301,PAL,22,3,1000000.0,,True,bars,0.8020489259275919,-62.466619307577204,16.558204407933104,25.799104773275022,12.433185731838458
15.344259753377983,96.18129905538446,True,0.44165621079046424,0,0,2,0.075,0.05,0.025406530721030933,1.7234208138917255,2.2211055575030554,-2.9310429538150564,-48.82573704906123,116.47627610017241,0.075,0.05,610,0,2,0,0.0,26.69928854659586,0.6903626724203925,RNG-9eaa767b9394,safe_range,selection,80301,PAL,22,3,1000000.0,,True,bars,0.7949529351091043,-61.80102345942107,16.30660094192134,25.985225158417528,12.2902696114722
15.942979696930617,97.0133276322084,True,0.3751568381430364,0,0,2,0.05,0.04124999999999999,0.03750682997911137,1.5916130406445246,0.9223517145899325,-3.9597751765063216,-47.69750396756367,110.79762702846642,0.05,0.04124999999999999,610,0,2,0,0.0,27.12510140452562,0.7230833292931973,RNG-80057c8f88f8,safe_range,selection,80301,PAL,22,3,1000000.0,,True,bars,0.8641555930312235,-56.519802324678615,14.309382934139515,22.78314448767568,11.625655557532605
15.924559018720139,97.19395553485563,True,0.3751568381430364,0,0,2,0.05,0.04124999999999999,0.038183658851381544,1.4153107874464537,0.8108802065054463,-3.842811650125691,-47.05811200482186,110.70661691353533,0.05,0.04124999999999999,610,0,2,0,0.0,27.304361676356905,0.7220007157823013,RNG-73849a906c4b,safe_range,selection,80301,PAL,22,3,1000000.0,,True,bars,0.8668710823129402,-56.60168977300149,14.57318133292685,22.780234325457137,11.670628790117139
15.927477085093155,96.14572692186275,True,0.38833124215809284,0,0,2,0.05,0.05,0.03199321137007806,1.481546576397068,1.3963771330652024,-4.773247888579671,-47.44883058029426,110.09888921444994,0.05,0.05,610,0,2,0,0.0,26.049371217829297,0.7235014142972221,RNG-01b8a571b2c9,safe_range,selection,80301,PAL,22,3,1000000.0,,True,bars,0.8355362196084368,-57.11272257087939,14.27327528684041,23.18593585556189,11.548032095441464
16.09435411349427,96.28515269276679,True,0.349435382685069,0,0,2,0.05,0.04124999999999999,0.030768836693567243,1.196682135563353,1.2557920026065545,-4.557971491068741,-49.1649948676633,109.50636449267597,0.05,0.04124999999999999,610,0,2,0,0.0,26.350802541724757,0.7303136756426915,RNG-d385d45a71f7,safe_range,selection,80301,PAL,22,3,1000000.0,,True,bars,0.8035815271456268,-55.90038547531721,14.39921629064769,23.946029335716638,11.205186589640517
16.073497215819625,96.35446195091085,True,0.35382685069008785,0,0,2,0.05,0.04124999999999999,0.031929096653597236,1.261805466023601,1.110615802830898,-4.538436442361119,-48.689556518027906,109.79461858121877,0.05,0.04124999999999999,610,0,2,0,0.0,26.40753710371356,0.7293065765538775,RNG-13b0939bfaad,safe_range,selection,80301,PAL,22,3,1000000.0,,True,bars,0.8132825319020536,-56.01250090255948,14.578769499071978,23.59940970651133,11.2551508458612
15.725463322223764,95.55467291798786,True,0.9698870765370138,0,0,2,0.05,0.05,0.038623869286861,1.373727967311643,1.9455828081976045,-3.040156337847979,-49.53371723431421,106.71165607844893,0.05,0.05,610,0,2,0,0.0,25.053731085892995,0.7006645182618501,RNG-49c57570d609,safe_range,selection,80301,PAL,22,3,1000000.0,,True,bars,0.789179626577573,-61.43060293353338,15.858109837584779,23.505852316515842,11.977137006879103
14.94048221431261,97.2234214903067,True,0.6317440401505646,0,0,2,0.05,0.04124999999999999,0.1460511644012153,2.2352607169119327,1.9027473642148922,0.04179485695619933,-50.614746800315125,119.0215017389863,0.05,0.04124999999999999,610,0,2,0,0.0,27.092274408262817,0.674515194148815,RNG-fb16ed729c77,safe_range,selection,80301,PAL,22,3,1000000.0,,True,bars,0.8118791853807098,-60.10344113614313,16.707604121355693,26.123226423651655,12.15772638285775
15.279442819169606,95.96217197703025,True,0.534504391468005,0,0,2,0.175,0.05,0.05868259998486439,0.8205957064309435,2.014600527628762,-3.6107734939690364,-64.6935714403643,122.69346769252178,0.175,0.05,610,0,2,0,0.0,26.232448037802804,0.6924547036793887,RNG-774ab9d6fe43,safe_range,selection,80301,PAL,22,3,1000000.0,,True,bars,0.7908914958091506,-59.434411672807585,16.028876828791347,27.509705859536744,11.895976123577762
15.030406532435968,95.1590466779984,True,0.2961104140526976,0,0,2,0.075,0.025,0.33973078782577437,2.6212199340870566,2.948752685506485,-1.8327667153010987,-61.99619774365865,117.2231371435274,0.075,0.025,610,0,2,6,0.009836065573770493,24.22176611786249,0.7039246895128584,RNG-f3c2ceb92881,safe_range,selection,80301,PAL,22,3,1000000.0,h_width_rmse_us,True,bars,0.9449459619787917,-36.52762158968649,16.534616957938844,27.936873077058777,10.174348236883436
15.92193940893412,97.48111276571309,True,0.3331242158092848,0,0,2,0.05,0.04124999999999999,0.02147243753677006,0.1650268235093289,1.0815240576688199,-1.3713578147423695,-56.24784357564528,124.13282930897171,0.05,0.04124999999999999,610,0,2,0,0.0,28.07310942371554,0.7230575548633613,OVP56,safe_range,selection,80301,PAL,30,3,1000000.0,,True,bars,0.8094385500267516,-60.45406163278661,16.204132089090056,25.50127307443033,12.003223573400257
16.13663869416614,97.46099917718253,True,0.3456712672521957,0,0,2,0.05,0.04124999999999999,0.018581896707438175,0.31167346878215424,1.2396469005907893,-1.280057315048985,-56.38923463523237,123.49143550258444,0.05,0.04124999999999999,610,0,2,0,0.0,28.35120255515608,0.7318781870583211,VLP56,safe_range,selection,80301,PAL,30,3,1000000.0,,True,bars,0.7944452945783372,-60.5670345399266,15.790251627590933,24.71710829454507,11.756732420582502
16.054113534784975,95.5998769475632,True,0.8977415307402761,0,0,2,0.05,0.05,0.03839772448858968,1.2772134057422881,1.8699097940082061,-3.1395887099592836,-43.51759032352626,103.89082757077392,0.05,0.05,610,0,2,0,0.0,25.176334065973105,0.7181863045205308,RANGE32,safe_range,selection,80301,PAL,30,3,1000000.0,,True,bars,0.7799541116350306,-61.36641381821937,16.3154167968333,24.51515945476466,11.85211375236283
-6.660610804642624,-82.78655105100191,False,600.530112923463,610,8,61,2.025,2.025,1000000.0,84.93050988880645,22.769068822348952,-156.21500331836967,-67.94142078302625,66.88041271838682,1000000.0,1000000.0,610,610,2,1443,2.365573770491803,-6.704721831734757,-0.35851038944927505,PLL96-rejected-board,safe_range,selection,80301,PAL,30,3,1000000.0,contrast;waveform;detail_floor;sync;h_jitter_us;v_jitter_us;h_width_rmse_us;sync_error_ire;black_error_ire;white_error_ire;contrast;stress_waveform;reference_detail;burst_gain;burst_phase_jitter_deg;burst_rmse_ire;h_missing;v_missing;vertical_trains;sync_error_ire;black_error_ire;white_error_ire,False,bars,0.32542077881165443,65.25914502715604,22.691375740685977,32.20065274654348,28.700875407048844
8.956280361500017,98.72242289129767,True,6.128607277289837,610,8,0,2.025,2.025,1000000.0,13.955411571654343,-1.1311075802159567,-1.6930124792864771,-45.58971739063955,106.87018481013757,1000000.0,1000000.0,610,610,2,0,0.0,11.673823736903364,0.36480315545348463,PLL96-IQ-corrected,safe_range,selection,80301,PAL,30,3,1000000.0,waveform;detail_floor;sync;h_jitter_us;v_jitter_us;h_width_rmse_us;sync_error_ire;stress_waveform;reference_detail;burst_gain;burst_phase_jitter_deg;burst_rmse_ire;h_missing;v_missing;vertical_trains;sync_error_ire,False,bars,0.3703574742046243,-111.89699710093015,23.757133911797734,34.05553681390314,16.896391209855217
21.602859218282525,96.32499399259456,True,0.0,0,0,2,0.025,0.025,0.0200153629519517,1.6608995763668017,1.722198492543678,-1.138230000158478,-45.77263507049035,112.12470182980789,0.025,0.025,610,0,2,0,0.0,28.79214445242559,0.9256340001980989,floating-PLL-IQ40,safe_range,selection,80301,PAL,30,3,1000000.0,burst_gain,True,bars,0.48081682022414296,13.12912784844477,7.408954006380293,15.827993861670903,6.896332912013564
4.354966891847921,44.46787851859977,True,88.732747804266,610,8,0,2.025,2.025,1000000.0,48.91824804959077,27.126217766287947,-25.658816407204984,2.6080758732789633,84.20389379142497,1000000.0,1000000.0,610,610,2,0,0.0,4.513354312728776,0.5712506979174755,HC50,safe_range,selection,80301,PAL,30,3,1000000.0,contrast;waveform;detail_floor;sync;h_jitter_us;v_jitter_us;h_width_rmse_us;sync_error_ire;black_error_ire;white_error_ire;contrast;stress_waveform;reference_detail;burst_gain;burst_rmse_ire;h_missing;v_missing;vertical_trains;sync_error_ire;black_error_ire;white_error_ire,False,bars,0.4040373278116921,98.595755995237,15.274817708241628,24.00540797593025,30.67042121206782
11.859201936363498,96.79363354388424,True,3.5012547051442913,0,0,2,0.25,0.45749999999999996,0.09433763916875611,5.736386707546018,-0.6766238489366008,-2.7601561265401653,-57.47317263094417,110.75622890319258,0.25,0.4574999999999999,610,0,2,0,0.0,16.616355314054438,0.48151903179119593,PLL96-board-fixed,safe_range,selection,80301,PAL,30,3,1000000.0,waveform;detail_floor;v_jitter_us;sync_error_ire;stress_waveform;reference_detail;burst_gain;burst_phase_jitter_deg;burst_rmse_ire,True,bars,0.43152476270200313,-100.63391294639091,24.28190661672608,28.614193039752454,15.48204687336828
16.196086281276276,97.66804265040145,True,0.3230865746549561,0,0,2,0.05,0.05,0.04107919181288746,1.565379711545203,0.4500392519343636,-3.5272096107063797,-43.83487604029924,109.55040713919644,0.05,0.05,610,0,2,0,0.0,27.684057116311955,0.7353864555133838,RNG-6bfe707c5168,safe_range,selection,80301,PAL,30,3,1000000.0,,True,bars,0.8909129610531266,-57.49448683350527,14.852482901790411,22.084431711613817,11.836509826541423
15.749478911125504,96.88293560094229,True,0.4077791718946048,0,0,2,0.075,0.06624999999999999,0.026376063415746394,1.9051883210250948,2.0978588246679837,-1.2704244216626788,-44.98161652778685,116.61806594274609,0.075,0.06624999999999999,610,0,2,0,0.0,27.64910444083755,0.7082563762811893,RNG-9acb593cb4b5,safe_range,selection,80301,PAL,30,3,1000000.0,,True,bars,0.7941397389679187,-61.835999009734984,17.14606323143973,27.571704482675415,12.220694250772159
15.794475446207201,96.1928651696072,True,0.3946047678795483,0,0,2,0.075,0.06624999999999999,0.025707210189705627,1.7668304988933445,2.2183133942050475,-2.9272144000107714,-44.26443815564744,114.01807869183742,0.075,0.06624999999999999,610,0,2,0,0.0,26.78307948798821,0.7121052373080181,RNG-9eaa767b9394,safe_range,selection,80301,PAL,30,3,1000000.0,,True,bars,0.7885910395860758,-61.358513442423984,16.96806531305183,26.994302619809847,12.107587335745968
16.341185603470215,96.93961390051686,True,0.3086574654956085,0,0,2,0.05,0.05,0.036100951352070906,1.5875497673116896,0.938115398754257,-4.244010715347566,-43.84123408691687,109.16887049750005,0.05,0.05,610,0,2,0,0.0,26.949951905535983,0.7427785320870498,RNG-80057c8f88f8,safe_range,selection,80301,PAL,30,3,1000000.0,,True,bars,0.8644106689767292,-56.36602195410565,13.944096660578523,21.239834631395937,11.47311900589023
16.325864066398903,97.1401583603645,True,0.30614805520702637,0,0,2,0.05,0.05,0.03710861329028436,1.3974836740673588,0.8170889467337906,-4.095607145555453,-45.50145373771787,109.1688704584237,0.05,0.05,610,0,2,0,0.0,27.16401037766312,0.7416366488119736,RNG-73849a906c4b,safe_range,selection,80301,PAL,30,3,1000000.0,,True,bars,0.869202934851292,-56.46598924518913,14.160387886559127,21.338662582419683,11.525042357802606
16.292123129246434,96.08680513007269,True,0.3199498117942283,0,0,2,0.05,0.05,0.0311823037246091,1.4574073065351556,1.3928053470022412,-5.09154957425408,-45.36867919682281,108.99865932563804,0.05,0.05,610,0,2,0,0.0,25.87326119110349,0.7424148357877509,RNG-01b8a571b2c9,safe_range,selection,80301,PAL,30,3,1000000.0,white_error_ire,True,bars,0.8373116116383831,-56.95749694632154,14.051809970235606,21.804697713222332,11.388493702340368
16.48764967532211,96.25061971664685,True,0.28795483061480553,0,0,2,0.05,0.05,0.030434018929427004,1.1815030022150304,1.2527480067893328,-4.792066319196541,-43.96360337477331,108.64821666835414,0.05,0.05,610,0,2,0,0.0,26.273920634447123,0.749822252920316,RNG-d385d45a71f7,safe_range,selection,80301,PAL,30,3,1000000.0,,True,bars,0.794056125576388,-55.65800084403245,13.616116275977495,21.87368955577846,10.993778245809201
16.473125779671708,96.30222352931872,True,0.2929736511919699,0,0,2,0.05,0.05,0.03144406952346852,1.3004978482734693,1.0977804979347698,-4.765099486210457,-47.6793643366576,108.64821666866081,0.05,0.05,610,0,2,0,0.0,26.333460848494607,0.7490421677277456,RNG-13b0939bfaad,safe_range,selection,80301,PAL,30,3,1000000.0,,True,bars,0.8048737062395857,-55.80408048308619,13.89154530053468,21.930305683494268,11.054933862257437
16.054113534784975,95.5998769475632,True,0.8977415307402761,0,0,2,0.05,0.05,0.03839772448858968,1.2772134057422881,1.8699097940082061,-3.1395887099592836,-43.51759032352626,103.89082757077392,0.05,0.05,610,0,2,0,0.0,25.176334065973105,0.7181863045205308,RNG-49c57570d609,safe_range,selection,80301,PAL,30,3,1000000.0,,True,bars,0.7799541116350306,-61.36641381821937,16.3154167968333,24.51515945476466,11.85211375236283
15.32147373507225,97.12045733584281,True,0.5941028858218319,0,0,2,0.05,0.04124999999999999,0.02425107738015696,2.294552815297883,1.8744624382891193,0.04282444943913211,-47.906227977898084,117.9191795847706,0.05,0.04124999999999999,610,0,2,0,0.0,27.157877599767765,0.6929771578360332,RNG-fb16ed729c77,safe_range,selection,80301,PAL,30,3,1000000.0,,True,bars,0.8042297061920374,-60.51600583857808,17.31672638145736,24.821277111758867,12.023292572228748
15.711971734974062,95.87099328567517,True,0.47051442910915936,0,0,2,0.175,0.05,0.056503300353339295,1.0561134013322284,2.0937292429173278,-3.45020568011626,-64.46710329519941,120.54067461533504,0.175,0.05,610,0,2,0,0.0,26.444999648731155,0.7135665143868273,RNG-774ab9d6fe43,safe_range,selection,80301,PAL,30,3,1000000.0,,True,bars,0.7794622215843845,-59.87836822578815,17.178614853214246,25.364075277792598,11.755375139508413
15.391295365627249,95.04536153509606,True,0.24153074027603513,0,0,2,0.075,0.025,0.029993168621111475,2.3863305096793272,3.2644681539697213,-1.705270606917556,-55.36919888595235,116.6211099734993,0.075,0.025,610,0,2,0,0.0,23.908885065191058,0.7239306734274524,RNG-f3c2ceb92881,safe_range,selection,80301,PAL,30,3,1000000.0,,True,bars,0.9192536759522392,-37.15797994430858,15.671756785465668,28.334384925220927,10.006276247500857
5.07831241490574,80.60316064118273,True,65.14117898526946,498,12,0,2.025,2.025,3.6937870133509323,16.908048081436096,5.022307403608375,-13.98647699027911,-82.95021587526307,144.348067957279,0.925,1000000.0,506,135,2,5,0.009881422924901186,12.350300657105358,0.2590580488278553,OVP56,safe_range,selection,80301,NTSC,4,3,1000000.0,,False,bars,,,,,
4.8180456424598255,84.72942673800296,True,62.05387651392221,482,12,0,2.025,2.025,3.5350440532379976,11.078806386052117,2.949602882202981,-13.152569611243647,-89.0666885024076,149.83026322057754,1.8912499999999994,1000000.0,506,68,2,18,0.03557312252964427,13.312988963063416,0.25621889143680543,VLP56,safe_range,selection,80301,NTSC,4,3,1000000.0,,False,bars,,,,,
5.87352762709819,88.52630937762693,True,39.366493360267576,70,3,0,2.025,2.025,2.794957779793049,8.97943517127289,1.7208794432615346,-11.862682047896152,-68.85777946968085,128.5234530939071,1.63125,1.185,506,4,2,398,0.7865612648221344,13.902213959522147,0.25465279767911425,RANGE32,safe_range,selection,80301,NTSC,4,3,1000000.0,,False,bars,,,,,
-6.652608564600615,-83.74415301223411,False,602.1218242630965,506,12,45,2.025,2.025,1000000.0,88.61673196953474,21.43143740944823,-156.4068610749646,-74.41384220739141,136.1074044232599,1000000.0,1000000.0,506,506,2,1580,3.122529644268775,-6.6684958632693725,-0.23224530676822136,PLL96-rejected-board,safe_range,selection,80301,NTSC,4,3,1000000.0,,False,bars,,,,,
7.9498253331311775,92.38126364002059,True,17.76290239548179,341,6,0,2.025,2.025,3.389099057897604,10.893613832296435,0.2753912573557463,-4.167069614106592,-74.61776734532727,137.1938119497785,1.875,1.4375,506,10,2,152,0.30039525691699603,13.194724614831765,0.23008852296173074,PLL96-IQ-corrected,safe_range,selection,80301,NTSC,4,3,1000000.0,,False,bars,,,,,
10.199537328655888,95.71854798049664,True,2.242095090722438,118,2,0,2.025,2.025,3.151017467814837,2.6513387507027035,1.2516835716326544,-2.6221610125895642,-75.41438962777653,135.12229720171464,1.6912499999999995,1.43,506,3,2,369,0.7292490118577075,23.39011981505446,0.4731343753448782,floating-PLL-IQ40,safe_range,selection,80301,NTSC,4,3,1000000.0,,False,bars,,,,,
3.2138614277290385,42.54765456664513,True,127.47352988105382,506,12,0,2.025,2.025,1000000.0,49.28113949509174,27.0588517559886,-29.148917172120495,-75.1483630350603,128.9355953918373,1000000.0,1000000.0,506,506,2,0,0.0,4.1799652373225715,0.1860768804886772,HC50,safe_range,selection,80301,NTSC,4,3,1000000.0,,False,bars,,,,,
5.830694484864576,90.69051575916679,True,40.68360192312903,64,0,0,2.025,1.315,2.8487749907572204,3.107125955336584,-1.6917232954759118,-14.722712189119852,-81.53511234186563,125.65658873721378,1.675,1.315,506,2,2,395,0.7806324110671937,11.02567745056611,0.20813940881279322,PLL96-board-fixed,safe_range,selection,80301,NTSC,4,3,1000000.0,,False,bars,,,,,
5.703233747729849,94.34485718859362,True,41.365487841959016,26,1,0,2.0125,1.5712499999999994,2.505240341098368,5.136159728961173,0.26189142638531504,-5.85149138043196,-78.76063275127497,144.3178097529522,1.4,1.15,506,2,2,368,0.7272727272727273,15.492502787684852,0.2748624947806517,RNG-6bfe707c5168,safe_range,selection,80301,NTSC,4,3,1000000.0,,False,bars,,,,,
5.604398553007669,92.82448371853708,True,40.011500239337444,54,0,0,2.025,1.52,2.7184473053955616,10.540464984042877,1.784209908361531,-3.221512305215646,-73.6059941329467,147.76945365269395,1.7,1.52,506,2,2,375,0.741106719367589,15.089969061202295,0.2767251324976585,RNG-9acb593cb4b5,safe_range,selection,80301,NTSC,4,3,1000000.0,,False,bars,,,,,
5.940289139237135,90.72723100949163,True,38.043363729690185,62,0,0,2.025,1.52,2.795643681219469,10.014567253682177,1.9458580207982996,-6.912642735419951,-70.84918929398673,135.2180273271957,1.7,1.52,506,2,2,384,0.758893280632411,15.25917322054546,0.2816236747731932,RNG-9eaa767b9394,safe_range,selection,80301,NTSC,4,3,1000000.0,,False,bars,,,,,
5.9556416540171595,92.22328471886001,True,39.11586641659166,29,1,0,2.025,1.5712499999999994,2.561044544990496,5.809744613843511,0.6798858072045051,-8.343739277936272,-74.22663663561296,135.05892377482314,1.4049999999999998,1.15,506,2,2,374,0.7391304347826086,15.439567831188768,0.2779758349106999,RNG-80057c8f88f8,safe_range,selection,80301,NTSC,4,3,1000000.0,,False,bars,,,,,
6.016004946886962,91.73890505529153,True,38.55364921861594,60,2,0,2.025,2.025,2.827739851570762,7.000144915933513,0.8634316182563614,-8.165778483304042,-71.81755551789409,134.5897591583106,1.6,1.055,506,3,2,408,0.8063241106719368,15.543252909079508,0.27997239835149174,RNG-73849a906c4b,safe_range,selection,80301,NTSC,4,3,1000000.0,,False,bars,,,,,
6.045363799713444,91.0244031227093,True,37.4194305876261,34,1,0,2.025,1.7087499999999995,2.5621901941701544,6.282334137906898,1.3372127688372075,-9.08472464581567,-75.102119122034,133.97600483918484,1.4112499999999997,1.325,506,2,2,378,0.7470355731225297,15.270064464140985,0.27818222239354556,RNG-01b8a571b2c9,safe_range,selection,80301,NTSC,4,3,1000000.0,,False,bars,,,,,
6.118601627044166,90.06728372916758,True,38.249585298961065,41,1,0,2.025,1.7087499999999995,2.6454911936942787,6.321139485355617,1.1709281143325418,-10.828257124425448,-74.45743951423472,132.7201333758855,1.525,1.325,506,2,2,386,0.7628458498023716,15.076241196649319,0.27907669233914667,RNG-d385d45a71f7,safe_range,selection,80301,NTSC,4,3,1000000.0,,False,bars,,,,,
6.173703396773806,89.62161078422956,True,37.55791514509268,81,3,0,2.025,2.025,2.9394029505806705,7.488818421200892,1.3307934186764532,-10.610256314233327,-73.35005289108241,133.83056732802197,1.65,1.295,506,4,2,402,0.7944664031620553,15.159170264915765,0.281209432411319,RNG-13b0939bfaad,safe_range,selection,80301,NTSC,4,3,1000000.0,,False,bars,,,,,
5.87352762709819,88.52630937762693,True,39.366493360267576,70,3,0,2.025,2.025,2.794957779793049,8.97943517127289,1.7208794432615346,-11.862682047896152,-68.85777946968085,128.5234530939071,1.63125,1.185,506,4,2,398,0.7865612648221344,13.902213959522147,0.25465279767911425,RNG-49c57570d609,safe_range,selection,80301,NTSC,4,3,1000000.0,,False,bars,,,,,
6.113770347789288,92.11980575087941,True,45.95128354111035,357,11,0,2.025,2.025,3.409059436503086,6.906403845170927,2.067252197838699,-6.799229996577156,-72.48365275967782,134.4301207120498,1.89,1.75,506,14,2,141,0.27865612648221344,16.307470497744387,0.27879536336092375,RNG-fb16ed729c77,safe_range,selection,80301,NTSC,4,3,1000000.0,,False,bars,,,,,
6.064507148813742,89.2584039455013,True,44.59278013770182,396,11,0,2.025,2.025,3.451990532484647,6.603282541437398,1.7158719811626204,-10.956049733256894,-79.63881181248487,135.27079350220853,1.93875,0.225,506,20,2,113,0.22332015810276679,15.101364947312387,0.27209934974379635,RNG-774ab9d6fe43,safe_range,selection,80301,NTSC,4,3,1000000.0,,False,bars,,,,,
4.830003410900849,85.63514228936667,True,62.000439537943265,488,12,0,2.025,2.025,3.5834302312480175,10.762016797889006,3.7798916798019055,-11.922098453576899,-86.28549811161491,136.17804419583615,1.8362499999999997,1000000.0,506,95,2,5,0.009881422924901186,13.262643596339922,0.2558814160008849,RNG-f3c2ceb92881,safe_range,selection,80301,NTSC,4,3,1000000.0,,False,bars,,,,,
7.475722477086371,87.75504375584184,True,22.140971258433257,468,12,0,2.025,2.025,3.5348662782718043,10.86497911505775,2.6933945592873245,-9.46439862290552,-78.84293020526522,141.01858054374782,1.7825,1000000.0,506,55,2,50,0.09881422924901186,16.453129136240875,0.3499266491966536,OVP56,safe_range,selection,80301,NTSC,6,3,1000000.0,,False,bars,,,,,
7.46891283231184,91.06917219946016,True,19.980160581875985,379,11,0,2.025,2.025,3.450138363081899,6.860172822508176,1.473836429618371,-7.966590789091355,-87.52537246013024,146.03392159190685,1.825,0.175,506,14,2,106,0.20948616600790515,18.21453396877502,0.3528164715380225,VLP56,safe_range,selection,80301,NTSC,6,3,1000000.0,,False,bars,,,,,
8.573051576833183,93.67264901822045,True,12.492210243642505,6,0,1,1.175,0.8924999999999998,1.8958072159373167,3.504286416676097,1.7058899333844209,-5.672510942307793,-67.00621801702101,124.00715350620798,1.0762499999999988,0.8924999999999998,506,1,2,250,0.49407114624505927,19.09815526841365,0.35240776308489385,RANGE32,safe_range,selection,80301,NTSC,6,3,1000000.0,,False,bars,,,,,
-6.6178862753592895,-83.64000826055349,False,598.1125457977463,506,12,52,2.025,2.025,1000000.0,86.7652178285826,22.229860112821225,-157.14859065792686,-73.09904649345857,132.6215358914627,1000000.0,1000000.0,506,506,2,1282,2.533596837944664,-6.652977345176493,-0.28899903619348816,PLL96-rejected-board,safe_range,selection,80301,NTSC,6,3,1000000.0,,False,bars,,,,,
9.147374262034685,93.44935134699723,True,7.9733989228309845,376,9,0,2.025,2.025,3.4900228674586957,12.2665487263561,-0.6826915623109683,-3.204841903411012,-72.08415098487899,133.84042686005762,1.875,1.3575,506,14,2,110,0.21739130434782608,14.296430685084447,0.2850091512818772,PLL96-IQ-corrected,safe_range,selection,80301,NTSC,6,3,1000000.0,,False,bars,,,,,
12.073296536418944,95.793057402563,True,0.2754638480041666,20,1,0,1.8937499999999998,1.5574999999999994,2.7183631944223574,2.3329056874708485,1.394961173726147,-2.164950805812211,-73.78474754018268,133.66574260503933,1.475,1.025,506,1,2,403,0.7964426877470355,25.50775286787801,0.566109228894455,floating-PLL-IQ40,safe_range,selection,80301,NTSC,6,3,1000000.0,,False,bars,,,,,
3.857003998245036,44.21639181604489,True,105.27535847931914,506,12,0,2.025,2.025,1000000.0,49.00018394015184,27.005903289630183,-26.719276535552527,-61.430004181296155,116.52556106235055,1000000.0,1000000.0,506,506,2,0,0.0,4.422562372673898,0.2691641911718877,HC50,safe_range,selection,80301,NTSC,6,3,1000000.0,,False,bars,,,,,
8.730369679126293,95.51653273264021,True,12.901642848326293,12,0,0,1.425,1.145,2.349826098311893,0.5792856675897678,-2.453357915459239,-10.208425798915977,-81.27650289533938,123.67671195150139,1.3087499999999992,1.145,506,1,2,320,0.6324110671936759,14.836444367562848,0.30303835776613025,PLL96-board-fixed,safe_range,selection,80301,NTSC,6,3,1000000.0,,False,bars,,,,,
8.448700317625365,97.66911076131157,True,12.124925112970283,1,0,2,0.84375,0.6749999999999996,1.4496090288880183,1.6322271901534955,0.04910618185968473,-2.4880075587125083,-73.78385970300387,144.47761100633272,0.825,0.6749999999999996,506,1,2,158,0.31225296442687744,21.56834144751441,0.37796193827243524,RNG-6bfe707c5168,safe_range,selection,80301,NTSC,6,3,1000000.0,,False,bars,,,,,
8.286975177437126,96.37796526142915,True,11.647002863017699,2,0,2,1.1437499999999998,0.93375,1.7498742160010807,3.408602998295478,1.4725567206093624,-1.9546881399591503,-68.5621753949863,145.23417967045185,1.1,0.9337499999999999,506,1,2,203,0.40118577075098816,21.004448697474842,0.37396060364551326,RNG-9acb593cb4b5,safe_range,selection,80301,NTSC,6,3,1000000.0,,False,bars,,,,,
8.480216680853442,94.65479153212783,True,11.117901537479641,4,0,1,1.16875,0.93375,1.8485865306645999,3.3926348089059486,1.7476507522456028,-4.778500197801702,-67.14483928008086,131.4509701440914,1.1237499999999998,0.9337499999999999,506,1,2,223,0.4407114624505929,20.689381381463896,0.37693119896761335,RNG-9eaa767b9394,safe_range,selection,80301,NTSC,6,3,1000000.0,,False,bars,,,,,
8.599443653812425,95.97545429064617,True,11.398633819735254,1,0,2,0.84375,0.6749999999999996,1.505374036609842,2.102866804184729,0.5046314522838947,-4.469758454893547,-70.52244922465198,129.9403789457757,0.8149999999999977,0.6749999999999996,506,1,2,173,0.34189723320158105,21.247550878756726,0.37945336298868654,RNG-80057c8f88f8,safe_range,selection,80301,NTSC,6,3,1000000.0,,False,bars,,,,,
8.613066790303032,95.5224659685961,True,11.291007234312861,2,0,0,1.04375,0.6749999999999996,2.0346337810564026,3.415201502361631,0.5215864230021332,-4.388787545826388,-69.80689254542855,133.70731788138943,1.0,0.6749999999999996,506,1,2,275,0.5434782608695652,21.307447743256752,0.3801940049600438,RNG-73849a906c4b,safe_range,selection,80301,NTSC,6,3,1000000.0,,False,bars,,,,,
8.704509125526577,94.71788892512686,True,10.738574271375542,2,0,2,0.85,0.6862499999999996,1.5886014333019118,2.5048482616355803,1.2221205012775296,-5.298558337378885,-69.71597824394335,129.5890791309095,0.85,0.6862499999999996,506,1,2,190,0.37549407114624506,20.820765140713632,0.38012713836865963,RNG-01b8a571b2c9,safe_range,selection,80301,NTSC,6,3,1000000.0,,False,bars,,,,,
8.695844271249257,94.22955122423365,True,11.028338155205063,3,0,2,0.9187500000000001,0.6862499999999996,1.6711555685793105,2.342965961043714,1.0755950426783132,-6.421850882765767,-71.10844403327329,124.54516677464015,0.9,0.6862499999999996,506,1,2,196,0.38735177865612647,20.401454669556415,0.3796935626762719,RNG-d385d45a71f7,safe_range,selection,80301,NTSC,6,3,1000000.0,,False,bars,,,,,
8.703826815199216,93.82880707837984,True,10.852221924513874,5,0,0,1.175,0.7824999999999998,2.193136522059495,3.520795635897832,1.0623506490901622,-6.363434924537887,-66.53934029586996,128.81326988846052,1.1,0.7824999999999998,506,1,2,305,0.6027667984189723,20.443187071310437,0.38026139297054296,RNG-13b0939bfaad,safe_range,selection,80301,NTSC,6,3,1000000.0,,False,bars,,,,,
8.573051576833183,93.67264901822045,True,12.492210243642505,6,0,1,1.175,0.8924999999999998,1.8958072159373167,3.504286416676097,1.7058899333844209,-5.672510942307793,-67.00621801702101,124.00715350620798,1.0762499999999988,0.8924999999999998,506,1,2,250,0.49407114624505927,19.09815526841365,0.35240776308489385,RNG-49c57570d609,safe_range,selection,80301,NTSC,6,3,1000000.0,,False,bars,,,,,
8.210491697495447,95.76326193591032,True,15.525323105546306,163,3,0,2.025,2.025,3.2159587482668273,4.193144316095491,1.4026553576202487,-3.776249581655032,-68.40301427674356,128.91091005837325,1.85,1.565,506,5,2,330,0.6521739130434783,21.11680010710743,0.36707475750507546,RNG-fb16ed729c77,safe_range,selection,80301,NTSC,6,3,1000000.0,,False,bars,,,,,
8.304548379541327,93.97579195973124,True,13.651265778960584,210,6,0,2.025,2.025,3.269330506305452,2.8279652025899096,0.809096548862931,-7.142695918673358,-75.28908706323865,131.7880797764089,1.85,1.51875,506,8,2,266,0.525691699604743,19.92416820929836,0.36319706431087345,RNG-774ab9d6fe43,safe_range,selection,80301,NTSC,6,3,1000000.0,,False,bars,,,,,
7.459756404690613,91.23854260838068,True,21.0481474679905,437,12,0,2.025,2.025,3.4877126448080014,7.885329973365231,2.774005848303497,-6.118724711330781,-84.5112150010222,132.54279903894894,1.8,1000000.0,506,38,2,51,0.1007905138339921,18.165549690554677,0.3555086545032788,RNG-f3c2ceb92881,safe_range,selection,80301,NTSC,6,3,1000000.0,,False,bars,,,,,
9.511583372671119,91.42064476942164,True,5.392618773087032,329,9,0,2.025,2.025,3.3550219546799065,7.39612110189669,1.986237792784325,-6.724428278531246,-73.05934757658864,133.80993121259016,1.875,1.415,506,17,2,174,0.3438735177865613,19.847137117368845,0.4372603388921698,OVP56,safe_range,selection,80301,NTSC,8,3,1000000.0,,False,bars,,,,,
9.63346778968478,93.81638279708098,True,4.54891665939121,201,5,0,2.025,2.025,3.2821280831342277,4.703790404742252,1.2220143752576262,-5.33471867276352,-75.77347977509068,135.14128554936445,1.8450000000000002,1.395,506,5,2,274,0.541501976284585,22.146963999169685,0.4436731863597753,VLP56,safe_range,selection,80301,NTSC,8,3,1000000.0,,False,bars,,,,,
10.689787064735462,94.99340412597586,True,3.632209099639639,0,0,2,0.2,0.14499999999999993,0.9978113400617028,1.981662255803468,2.0612663227233208,-3.3418475087157873,-60.74677890765827,117.93372274992615,0.2,0.14499999999999993,506,0,2,74,0.14624505928853754,22.87075777556288,0.4447718939393149,RANGE32,safe_range,selection,80301,NTSC,8,3,1000000.0,,False,bars,,,,,
-6.564547751837832,-82.77344940559259,False,595.8990507786746,506,12,52,2.025,2.025,1000000.0,85.40205158737075,22.85196437525618,-156.51776872841367,-70.57241442869443,83.22264474053247,1000000.0,1000000.0,506,506,2,1169,2.3102766798418974,-6.606565912757006,-0.3127261303541835,PLL96-rejected-board,safe_range,selection,80301,NTSC,8,3,1000000.0,,False,bars,,,,,
9.394676420541767,93.79019862590383,True,6.181378643874918,437,11,0,2.025,2.025,3.551210499884899,13.988300057898714,-0.9768352808729706,-2.871837808467161,-69.38282343040213,130.69252145160996,1.8949999999999996,1.675,506,26,2,68,0.13438735177865613,13.83133025221316,0.3081776338661544,PLL96-IQ-corrected,safe_range,selection,80301,NTSC,8,3,1000000.0,,False,bars,,,,,
13.842473649755773,95.52419198529569,True,0.030105338579690336,1,0,2,0.9187500000000001,0.9987499999999998,2.0141682557264766,2.4350380301705465,1.727767236763193,-1.9984317852156979,-65.9729275916879,126.45996974161744,0.8949999999999989,0.9987499999999997,506,1,2,262,0.5177865612648221,26.137908710005348,0.6516325644466618,floating-PLL-IQ40,safe_range,selection,80301,NTSC,8,3,1000000.0,,False,bars,,,,,
4.084218134698338,44.40974384703284,True,97.46829155214094,506,12,0,2.025,2.025,1000000.0,49.17458910421848,27.102623186912542,-25.999792048781906,-51.19051629398416,101.59640276732674,1000000.0,1000000.0,506,506,2,0,0.0,4.448306161084435,0.34921681797104076,HC50,safe_range,selection,80301,NTSC,8,3,1000000.0,,False,bars,,,,,
10.447259171635805,97.5104718791924,True,5.334665996321128,2,0,0,1.175,0.6499999999999997,2.2512047590264848,0.543207003068857,-2.4484981189680184,-7.582105691000934,-79.2667264001119,118.49415106441191,1.175,0.6499999999999997,506,1,2,281,0.5553359683794467,17.045531926462168,0.37311632137662043,PLL96-board-fixed,safe_range,selection,80301,NTSC,8,3,1000000.0,,False,bars,,,,,
10.471639742081496,97.89251039257903,True,3.0195654595429406,0,0,2,0.15,0.11124999999999999,0.6710753640752838,1.3934262542351488,0.26684339122210826,-1.956075607860545,-66.27347888115389,133.23938058643702,0.15,0.11124999999999999,506,0,2,39,0.07707509881422925,25.910217801452422,0.46598771881452394,RNG-6bfe707c5168,safe_range,selection,80301,NTSC,8,3,1000000.0,,False,bars,,,,,
10.226078865333736,96.78945280132454,True,2.997739089072665,0,0,2,0.16874999999999998,0.09749999999999996,0.8884983668111535,1.852012337543551,1.732496326534294,-1.8423735577375588,-61.26460331777497,134.53039815176234,0.16875,0.09749999999999996,506,0,2,57,0.11264822134387352,25.092225667710494,0.4547468561221697,RNG-9acb593cb4b5,safe_range,selection,80301,NTSC,8,3,1000000.0,,False,bars,,,,,
10.328052579650635,95.38464654201,True,2.923981009552424,0,0,2,0.25,0.11124999999999999,0.9531490350432887,1.9446980906428288,2.0449000759727674,-4.11056358489208,-60.54102178223781,124.97156707398642,0.25,0.11124999999999999,506,0,2,65,0.12845849802371542,23.964822429958843,0.45673550914962674,RNG-9eaa767b9394,safe_range,selection,80301,NTSC,8,3,1000000.0,,False,bars,,,,,
10.567294614644977,96.53687584965665,True,2.8419439619227678,0,0,2,0.15,0.11124999999999999,0.7450213541784009,1.6603473625021126,0.7400678535766335,-3.516056046842014,-64.96827859845544,127.39248849823153,0.15,0.11124999999999999,506,0,2,44,0.08695652173913043,25.023877990036073,0.4668078029843085,RNG-80057c8f88f8,safe_range,selection,80301,NTSC,8,3,1000000.0,,False,bars,,,,,
10.558313476827937,96.25328062441768,True,2.84269659538726,0,0,2,0.3125,0.11124999999999999,1.1479036572483383,2.6007303554420806,0.7091932100743952,-3.4380416579166706,-60.44288317919744,127.41083105334897,0.3125,0.11124999999999999,506,0,2,88,0.17391304347826086,24.981512913357435,0.4669963826532367,RNG-73849a906c4b,safe_range,selection,80301,NTSC,8,3,1000000.0,,False,bars,,,,,
10.66772210213706,95.2949324681291,True,2.6876541017018547,0,0,2,0.175,0.2599999999999998,0.7377993128805126,1.9566515919940342,1.4861906206624869,-4.367837480167696,-62.12815846437409,127.06375142425554,0.175,0.2599999999999998,506,0,2,46,0.09090909090909091,24.058107194862416,0.4678751504190375,RNG-01b8a571b2c9,safe_range,selection,80301,NTSC,8,3,1000000.0,,False,bars,,,,,
10.640813834709157,95.11229957031401,True,2.780980651298895,0,0,2,0.175,0.1,0.7739394119947215,1.6510058390773354,1.3725121848023678,-4.998154609452984,-63.22993302805558,126.77244950918552,0.175,0.1,506,0,2,51,0.1007905138339921,23.60277857940233,0.46713901363843396,RNG-d385d45a71f7,safe_range,selection,80301,NTSC,8,3,1000000.0,,False,bars,,,,,
10.626121648735982,94.89856530652665,True,2.760659547757604,0,0,2,0.55,0.1,1.2797265718950395,2.4009571068976943,1.3019685776202867,-4.969506501846463,-63.30116414869559,128.33409819450105,0.55,0.1,506,0,2,109,0.21541501976284586,23.60729439247905,0.46711156938615506,RNG-13b0939bfaad,safe_range,selection,80301,NTSC,8,3,1000000.0,,False,bars,,,,,
10.689787064735462,94.99340412597586,True,3.632209099639639,0,0,2,0.2,0.14499999999999993,0.9978113400617028,1.981662255803468,2.0612663227233208,-3.3418475087157873,-60.74677890765827,117.93372274992615,0.2,0.14499999999999993,506,0,2,74,0.14624505928853754,22.87075777556288,0.4447718939393149,RNG-49c57570d609,safe_range,selection,80301,NTSC,8,3,1000000.0,,False,bars,,,,,
9.891719494567223,96.65378606306295,True,4.733311858191813,62,0,0,2.025,1.2562499999999999,2.854415636540363,3.1970587441390723,1.6086269820314048,-2.4685581965572294,-68.20277793112285,131.2131684344427,1.6962499999999991,1.25625,506,3,2,416,0.8221343873517787,23.98322435802781,0.44267348527418265,RNG-fb16ed729c77,safe_range,selection,80301,NTSC,8,3,1000000.0,,False,bars,,,,,
10.053997247471058,95.57694516101193,True,3.693172410263512,80,0,0,2.025,1.5274999999999996,2.9577006200334877,1.0447515150546114,0.9528897083104978,-5.556358342459074,-69.43008108441438,129.7408410640129,1.675,1.5274999999999996,506,3,2,416,0.8221343873517787,23.00229304988852,0.4441461060290175,RNG-774ab9d6fe43,safe_range,selection,80301,NTSC,8,3,1000000.0,,False,bars,,,,,
9.499203781205527,93.12725794908496,True,5.456592617568873,346,10,0,2.025,2.025,3.367118691292304,6.381824006604655,2.5338650078096663,-4.258278134684144,-75.90517522839725,132.19987374343216,1.877499999999999,1.4012499999999999,506,14,2,162,0.3201581027667984,21.438686186771147,0.44392822803186005,RNG-f3c2ceb92881,safe_range,selection,80301,NTSC,8,3,1000000.0,,False,bars,,,,,
11.125207496635808,93.63937833931833,True,1.3998982439556007,136,3,0,2.025,2.025,3.1203798278847836,4.921251606745194,1.6239855938134318,-4.948888464799595,-69.17549447397933,132.45412733714537,1.6887500000000002,1.6349999999999998,506,6,2,355,0.7015810276679841,22.495767709592158,0.5114088045499838,OVP56,safe_range,selection,80301,NTSC,10,3,1000000.0,,False,bars,,,,,
11.268576536772336,95.21259096366248,True,1.2124925112970282,43,0,0,2.025,1.2925,2.881594231180883,3.237769504786812,1.186400823637776,-3.8998571722056936,-73.36072244229135,130.93360370595465,1.575,1.2925,506,3,2,420,0.8300395256916996,24.52558450865563,0.5188557322248202,VLP56,safe_range,selection,80301,NTSC,10,3,1000000.0,,False,bars,,,,,
12.140455534366396,95.35213442081624,True,1.7190148329003183,0,0,2,0.1,0.14499999999999993,0.381200387169092,1.568545438938732,2.1971352099839763,-2.6873547339353494,-58.044874074321456,116.17000616506837,0.1,0.14499999999999993,506,0,2,9,0.017786561264822136,24.011707376203965,0.519118037400851,RANGE32,safe_range,selection,80301,NTSC,10,3,1000000.0,,True,bars,,,,,
-6.5432401721163505,-82.23495121196659,False,595.5550972854015,506,12,54,2.025,2.025,1000000.0,84.29976196682489,23.086916136395043,-156.2213670749288,-69.40171939411975,81.81036512633233,1000000.0,1000000.0,506,506,2,1128,2.2292490118577075,-6.587855820123326,-0.32535344384542175,PLL96-rejected-board,safe_range,selection,80301,NTSC,10,3,1000000.0,,False,bars,,,,,
9.382533294709686,94.390664384686,True,5.890109493116414,450,11,0,2.025,2.025,3.6116472053225643,15.03382679020351,-1.1406709841498859,-2.5899549188217548,-55.209438006429245,122.62915503549786,1.8125,1.15,506,41,2,60,0.11857707509881422,13.260234411458589,0.3241927876075052,PLL96-IQ-corrected,safe_range,selection,80301,NTSC,10,3,1000000.0,,False,bars,,,,,
15.487924097041903,95.57849454295174,True,0.0030105338579690336,0,0,2,0.51875,0.3937499999999997,1.1034995312255549,2.2898139272405746,1.8307977004019806,-1.821609973997718,-62.67589932877217,125.2839203943015,0.51875,0.3937499999999997,506,0,2,90,0.17786561264822134,26.65113302381318,0.727276068063098,floating-PLL-IQ40,safe_range,selection,80301,NTSC,10,3,1000000.0,,False,bars,,,,,
4.167043199875478,44.35939873378965,True,95.23071226220546,506,12,0,2.025,2.025,1000000.0,49.191206551510405,27.113408251483733,-25.950856035064852,-15.442088278924125,96.47022029922161,1000000.0,1000000.0,506,506,2,0,0.0,4.444167857694206,0.40787566171179296,HC50,safe_range,selection,80301,NTSC,10,3,1000000.0,,False,bars,,,,,
11.147152449240947,98.25409813711869,True,4.207221066511725,5,0,0,1.325,0.6774999999999997,2.17480125046909,1.474150271164502,-2.27008291573381,-6.000619563177707,-66.11920241252686,113.51097911175682,1.125,0.6774999999999997,506,1,2,299,0.5909090909090909,17.59176096045459,0.4100029853531523,PLL96-board-fixed,safe_range,selection,80301,NTSC,10,3,1000000.0,,False,bars,,,,,
11.937447758453583,97.86257340548917,True,1.135723897918818,0,0,2,0.1,0.11124999999999999,0.19930710011964642,1.553611842491804,0.34114580614716883,-1.9727338607041918,-62.69982586161373,123.34362444990765,0.1,0.11124999999999999,506,0,2,5,0.009881422924901186,27.190562122005556,0.5378919516259405,RNG-6bfe707c5168,safe_range,selection,80301,NTSC,10,3,1000000.0,,True,bars,,,,,
11.592065419261976,96.81332122837654,True,1.1319607305963566,0,0,2,0.1,0.09749999999999996,0.2831656870528466,1.623335055042871,1.8716112946018988,-1.7929641123222804,-60.74800926017742,126.5899505110309,0.1,0.09749999999999996,506,0,2,7,0.01383399209486166,26.491789497012753,0.5193777637948834,RNG-9acb593cb4b5,safe_range,selection,80301,NTSC,10,3,1000000.0,,True,bars,,,,,
11.663351900029522,95.61747062147192,True,1.115402794377527,0,0,2,0.125,0.09749999999999996,0.34097446672224846,1.6860571002898204,2.175097331548962,-3.768738055452759,-58.51903970842828,122.76075785324093,0.125,0.09749999999999996,506,0,2,9,0.017786561264822136,25.114963399449515,0.5217701740577741,RNG-9eaa767b9394,safe_range,selection,80301,NTSC,10,3,1000000.0,,True,bars,,,,,
12.020815640024018,96.67537999121683,True,1.0785237546174065,0,0,2,0.1,0.11124999999999999,0.19977445286074563,1.7144003310657039,0.8198876606407228,-3.3417267675149356,-61.06918277465046,118.91711195294687,0.1,0.11124999999999999,506,0,2,4,0.007905138339920948,26.132095877629542,0.539297458814427,RNG-80057c8f88f8,safe_range,selection,80301,NTSC,10,3,1000000.0,,True,bars,,,,,
12.006799451909725,96.55601758082922,True,1.074760587294945,0,0,2,0.1,0.11124999999999999,0.40783155962684886,2.2624701716381312,0.7726947956650966,-3.2460720592317607,-56.682723157577776,118.91667714396561,0.1,0.11124999999999999,506,0,2,19,0.037549407114624504,26.13586918865511,0.539222744611594,RNG-73849a906c4b,safe_range,selection,80301,NTSC,10,3,1000000.0,,True,bars,,,,,
12.106848466172863,95.49703558401708,True,1.046160515644239,0,0,2,0.1,0.11124999999999999,0.2152045400802368,1.9043985452402061,1.5568234987582557,-4.180325431471291,-59.445601816453845,117.67818893175786,0.1,0.11124999999999999,506,0,2,6,0.011857707509881422,24.97704012690992,0.5406767399093454,RNG-01b8a571b2c9,safe_range,selection,80301,NTSC,10,3,1000000.0,,True,bars,,,,,
12.092201633262729,95.42928051864934,True,1.0740079538304528,0,0,2,0.1,0.1,0.25800906164188897,1.5630768166947464,1.4444358979755756,-4.582220247930693,-59.322252324895764,116.13929423618492,0.1,0.1,506,0,2,9,0.017786561264822136,24.65071566282286,0.5406989018843678,RNG-d385d45a71f7,safe_range,selection,80301,NTSC,10,3,1000000.0,,True,bars,,,,,
12.074167160711394,95.38898524172126,True,1.0785237546174065,0,0,2,0.1,0.1,0.5297766420991341,1.915966603694277,1.3546040092808973,-4.528652864415018,-54.925693828921105,117.66643238113588,0.1,0.1,506,0,2,26,0.05138339920948617,24.718840135113844,0.5403772178979379,RNG-13b0939bfaad,safe_range,selection,80301,NTSC,10,3,1000000.0,,False,bars,,,,,
12.140455534366396,95.35213442081624,True,1.7190148329003183,0,0,2,0.1,0.14499999999999993,0.381200387169092,1.568545438938732,2.1971352099839763,-2.6873547339353494,-58.044874074321456,116.17000616506837,0.1,0.14499999999999993,506,0,2,9,0.017786561264822136,24.011707376203965,0.519118037400851,RNG-49c57570d609,safe_range,selection,80301,NTSC,10,3,1000000.0,,True,bars,,,,,
11.270073149600597,97.05162562183476,True,1.724283267151764,6,0,0,1.18125,0.9949999999999999,2.2465114622454077,2.586120581875143,1.7494953236728352,-1.712714651719361,-65.78263354331493,123.20705730858035,1.0762499999999988,0.9949999999999999,506,1,2,301,0.5948616600790514,25.485224017182247,0.5097265853921418,RNG-fb16ed729c77,safe_range,selection,80301,NTSC,10,3,1000000.0,,False,bars,,,,,
11.386612104053635,96.24929313624892,True,1.4608615545794736,5,0,0,1.09375,0.9612499999999999,2.428635359739877,0.0301248522803079,1.1263021926156165,-4.86730464959441,-67.15932877551899,126.98320796772373,1.025,0.96125,506,1,2,362,0.7154150197628458,24.31754103996915,0.5111029033658641,RNG-774ab9d6fe43,safe_range,selection,80301,NTSC,10,3,1000000.0,,False,bars,,,,,
10.976989694513293,94.04701356004414,True,1.4683878892243962,155,4,0,2.025,2.025,3.2139068028369984,5.072702917067629,2.483555815786963,-3.662553553116447,-71.76949565185636,125.45755420448975,1.7875,1.3225,506,4,2,347,0.6857707509881423,22.98611469624991,0.5151961992496552,RNG-f3c2ceb92881,safe_range,selection,80301,NTSC,10,3,1000000.0,,False,bars,,,,,
12.4609214020425,95.21832410255165,True,0.652533213714788,23,1,0,1.925,1.7774999999999996,2.571706118561848,3.03062140092379,1.3586936193433028,-3.611113213457808,-65.83971448773033,128.25420002570965,1.5,1.3375,506,1,2,390,0.7707509881422925,24.66219122945826,0.5751589136916717,OVP56,safe_range,selection,80301,NTSC,12,3,1000000.0,,False,bars,,,,,
12.610295720528166,96.14041519953918,True,0.6149015404901751,3,0,0,1.125,0.7849999999999995,2.0874729912182355,2.119782794768173,1.1717812037243702,-2.904799915361671,-67.0467498552925,129.76926602101014,1.0724999999999993,0.7849999999999995,506,1,2,289,0.5711462450592886,26.121781725156303,0.5821785713113233,VLP56,safe_range,selection,80301,NTSC,12,3,1000000.0,,False,bars,,,,,
13.25287327885355,95.60956758815273,True,1.2839926904237928,0,0,2,0.1,0.075,0.047543406420566314,1.3218636201432938,2.1399474473292774,-2.46757942003761,-54.36139474231736,111.99051709781145,0.1,0.075,506,0,2,0,0.0,24.42167207284706,0.5790589969253799,RANGE32,safe_range,selection,80301,NTSC,12,3,1000000.0,,True,bars,,,,,
-6.543427828155183,-82.0471906996071,False,596.107530248339,506,12,53,2.025,2.025,1000000.0,83.62551726456957,23.147765034738676,-156.22356027145273,-68.02963344562042,81.85208655824343,1000000.0,1000000.0,506,506,2,1117,2.207509881422925,-6.589308055900686,-0.33260924953823273,PLL96-rejected-board,safe_range,selection,80301,NTSC,12,3,1000000.0,,False,bars,,,,,
9.281061353668644,95.10773703356627,True,5.90516216240626,453,12,0,2.025,2.025,3.6280549911582,15.591455887368298,-1.3037082762039904,-2.2787806207694583,-54.760065747007076,122.7155976610996,1.95,1000000.0,506,43,2,61,0.12055335968379446,12.78519188896669,0.33221784597026055,PLL96-IQ-corrected,safe_range,selection,80301,NTSC,12,3,1000000.0,,False,bars,,,,,
16.99101863460261,95.85467059303119,True,0.0,0,0,2,0.05,0.05,0.3148714368422935,1.9946279772697892,1.7809447504554772,-1.5977084668133605,-58.71218541995539,124.71120525005844,0.05,0.05,506,0,2,9,0.017786561264822136,27.380058258277494,0.789490345128115,floating-PLL-IQ40,safe_range,selection,80301,NTSC,12,3,1000000.0,,True,bars,,,,,
4.224535218028747,44.4129769739009,True,94.74451104414345,506,12,0,2.025,2.025,1000000.0,49.09561808811488,27.08054333071812,-25.887538389348094,-6.581496407075406,90.85835885341825,1000000.0,1000000.0,506,506,2,0,0.0,4.453612374125005,0.4569084152635894,HC50,safe_range,selection,80301,NTSC,12,3,1000000.0,,False,bars,,,,,
11.537450491885286,98.4929250276092,True,3.9731520590546325,1,0,2,1.025,0.7224999999999996,1.948459343142984,2.645900645501909,-2.1139514507473605,-4.792095328844975,-60.81716982899064,112.35574528036432,1.025,0.7224999999999996,506,1,2,240,0.4743083003952569,17.74811495733998,0.43540648922418645,PLL96-board-fixed,safe_range,selection,80301,NTSC,12,3,1000000.0,,False,bars,,,,,
13.123371481379351,98.01604717537727,True,0.6969385881198313,0,0,2,0.075,0.04749999999999996,0.05101489745991704,1.5243565549112679,0.31733769528176414,-1.9914986864626771,-59.69587418771425,122.30567531421363,0.075,0.047499999999999966,506,0,2,2,0.003952569169960474,27.766366994339062,0.5977257281727868,RNG-6bfe707c5168,safe_range,selection,80301,NTSC,12,3,1000000.0,,True,bars,,,,,
12.661056795331127,96.9407897120865,True,0.6886596200104165,0,0,2,0.1,0.075,0.09015248391326344,1.5383598761798039,1.8996518741419612,-1.6234751598457418,-55.45621668565681,124.74414923373376,0.1,0.075,506,0,2,2,0.003952569169960474,27.0341984141915,0.5718350200185539,RNG-9acb593cb4b5,safe_range,selection,80301,NTSC,12,3,1000000.0,,True,bars,,,,,
12.727922775110713,95.90207664485814,True,0.6766174845785403,0,0,2,0.075,0.075,0.14129902695971705,1.5446501761613491,2.162133841836841,-3.4440138131279383,-56.57643974648392,122.31847424072123,0.075,0.075,506,0,2,3,0.005928853754940711,25.76160883170666,0.5749954755481683,RNG-9eaa767b9394,safe_range,selection,80301,NTSC,12,3,1000000.0,,True,bars,,,,,
13.212041693266483,96.93989685581435,True,0.6721016837915867,0,0,2,0.075,0.061249999999999985,0.047879955290048834,1.6240749210354963,0.7908336933915752,-3.2524802009134888,-58.512173810756096,120.38506849932318,0.075,0.061249999999999985,506,0,2,1,0.001976284584980237,26.770789954038115,0.6001449110086948,RNG-80057c8f88f8,safe_range,selection,80301,NTSC,12,3,1000000.0,,True,bars,,,,,
13.19653107015219,96.94111822420567,True,0.672854317256079,0,0,2,0.075,0.061249999999999985,0.1526729887765884,1.8756499598171035,0.730133470287769,-3.1458095681288265,-53.098052985506605,120.38506849932318,0.075,0.061249999999999985,506,0,2,4,0.007905138339920948,26.83557011517695,0.5998465014193123,RNG-73849a906c4b,safe_range,selection,80301,NTSC,12,3,1000000.0,,True,bars,,,,,
13.28150120292921,95.83387690213308,True,0.666833249540141,0,0,2,0.075,0.061249999999999985,0.04196860298322588,1.7369392447711869,1.4796948921842321,-4.070678216576899,-57.498798851479314,119.0198735369217,0.075,0.061249999999999985,506,0,2,1,0.001976284584980237,25.597507877826846,0.6014102218020084,RNG-01b8a571b2c9,safe_range,selection,80301,NTSC,12,3,1000000.0,,True,bars,,,,,
13.294386312919261,95.82610895713152,True,0.6833911857589706,0,0,2,0.075,0.061249999999999985,0.04242233079638162,1.3840705576844756,1.3678727724476245,-4.346258574362635,-55.44161830498952,118.65478596793798,0.075,0.061249999999999985,506,0,2,1,0.001976284584980237,25.379050496619552,0.6026938173833006,RNG-d385d45a71f7,safe_range,selection,80301,NTSC,12,3,1000000.0,,True,bars,,,,,
13.27416291241641,95.88765449980284,True,0.6864017196169397,0,0,2,0.075,0.061249999999999985,0.15018927452324343,1.4948059743174558,1.2620559045855566,-4.281776346341729,-55.04170321858335,117.47194577554765,0.075,0.061249999999999985,506,0,2,4,0.007905138339920948,25.47811482434165,0.6020405886219089,RNG-13b0939bfaad,safe_range,selection,80301,NTSC,12,3,1000000.0,,True,bars,,,,,
13.25287327885355,95.60956758815273,True,1.2839926904237928,0,0,2,0.1,0.075,0.047543406420566314,1.3218636201432938,2.1399474473292774,-2.46757942003761,-54.36139474231736,111.99051709781145,0.1,0.075,506,0,2,0,0.0,24.42167207284706,0.5790589969253799,RNG-49c57570d609,safe_range,selection,80301,NTSC,12,3,1000000.0,,True,bars,,,,,
12.394755389613856,97.36767252124184,True,0.9520813325827069,0,0,2,0.6875,0.40124999999999955,1.6553851963278348,2.1514708686565016,1.7504811792346304,-1.1053733820403038,-62.76158361324768,123.41905483275195,0.6875,0.4012499999999995,506,0,2,162,0.3201581027667984,26.40487519397794,0.56497378178165,RNG-fb16ed729c77,safe_range,selection,80301,NTSC,12,3,1000000.0,,False,bars,,,,,
12.448846855714564,96.67935654852775,True,0.9453076314022766,0,0,2,0.6625000000000001,0.5937499999999998,1.7585263070899089,-0.5913704126126363,1.206138225045347,-4.4014936240592695,-68.4547526120581,124.75512313517328,0.6625,0.5937499999999998,506,0,2,202,0.39920948616600793,25.0022692193049,0.5649993736578666,RNG-774ab9d6fe43,safe_range,selection,80301,NTSC,12,3,1000000.0,,False,bars,,,,,
12.152261068617872,94.71936885333577,True,0.5629698314402093,30,1,0,2.025,1.6262499999999995,2.8493936403464963,3.977877872983295,2.489621080928723,-3.1457589179574486,-66.97400022421178,120.16957586780606,1.675,1.3,506,2,2,404,0.7984189723320159,23.922245553157996,0.5729111807603315,RNG-f3c2ceb92881,safe_range,selection,80301,NTSC,12,3,1000000.0,,False,bars,,,,,
13.532587742230863,96.18180637296254,True,0.5283486920735654,2,0,0,0.95,0.21874999999999972,1.8112471723772117,1.8282572318961439,1.1978677253033614,-2.76265557587311,-64.27046684004503,125.61519218522203,0.9462499999999991,0.21874999999999972,506,1,2,226,0.44664031620553357,26.14106675926386,0.6262506379142652,OVP56,safe_range,selection,80301,NTSC,14,3,1000000.0,,False,bars,,,,,
13.697493307773517,96.65151206513545,True,0.4944801861714137,0,0,2,0.625,0.04749999999999996,1.3362806584036586,1.4399683221836328,1.1834704331332448,-2.2974659534043607,-65.01052128432903,125.21611267198101,0.625,0.047499999999999966,506,0,2,135,0.26679841897233203,27.02198232153134,0.6336752531967399,VLP56,safe_range,selection,80301,NTSC,14,3,1000000.0,,False,bars,,,,,
14.138304031125857,95.63663473136988,True,1.1409923321702637,0,0,2,0.075,0.061249999999999985,0.04334403688625274,1.3173299719694969,2.0768194807318,-2.566066722118733,-51.02795882632566,109.35630095083742,0.075,0.061249999999999985,506,0,2,0,0.0,24.648665533401832,0.627758390183885,RANGE32,safe_range,selection,80301,NTSC,14,3,1000000.0,,True,bars,,,,,
-6.542150459478751,-81.89805928070398,False,596.5681419286082,506,12,53,2.025,2.025,1000000.0,83.2780474161526,23.057736593866554,-156.15890139391593,-69.47133354491656,81.89533059285587,1000000.0,1000000.0,506,506,2,1112,2.197628458498024,-6.5887410267020545,-0.3377793053784343,PLL96-rejected-board,safe_range,selection,80301,NTSC,14,3,1000000.0,,False,bars,,,,,
9.176142289850906,95.6580165183827,True,6.012788747828652,464,12,0,2.025,2.025,3.6308061055625758,15.911365668750053,-1.2687288721984147,-2.15252428875147,-54.906775257556994,122.67585923925175,1.8,1000000.0,506,58,2,53,0.10474308300395258,12.417400370469963,0.3368369470249439,PLL96-IQ-corrected,safe_range,selection,80301,NTSC,14,3,1000000.0,,False,bars,,,,,
18.293607988123505,95.99188979875814,True,0.0,0,0,2,0.025,0.036249999999999984,0.11529520453914517,1.837249859701995,1.7491348198715597,-1.4991536720899057,-56.38803145679453,120.01523835920328,0.025,0.036249999999999984,506,0,2,2,0.003952569169960474,27.81013437418542,0.8373390969820245,floating-PLL-IQ40,safe_range,selection,80301,NTSC,14,3,1000000.0,,True,bars,,,,,
4.258039489448006,44.420745776214716,True,94.81525858980574,506,12,0,2.025,2.025,1000000.0,49.02795673312573,27.057648050849476,-25.870121910225418,-4.383382749603626,88.12955985979305,1000000.0,1000000.0,506,506,2,0,0.0,4.45776858706858,0.4963120859314225,HC50,safe_range,selection,80301,NTSC,14,3,1000000.0,,False,bars,,,,,
11.783180615632658,98.39176544925563,True,3.8369254019815333,4,0,1,1.225,0.7499999999999996,2.0284256720844653,3.6376661162529906,-1.8733301083207325,-3.978215826814226,-60.23649817521305,111.71665772301326,1.0724999999999993,0.7499999999999997,506,1,2,270,0.5335968379446641,17.8040182947917,0.45275087429073346,PLL96-board-fixed,safe_range,selection,80301,NTSC,14,3,1000000.0,,False,bars,,,,,
14.088127229151963,97.99812192834435,True,0.5509276960083332,0,0,2,0.075,0.061249999999999985,0.04866041479867847,1.5507655405658658,0.3223310176464649,-2.24174566328931,-50.90733504017953,113.63897568851762,0.075,0.061249999999999985,506,0,2,0,0.0,28.001761928401052,0.6460138627590611,RNG-6bfe707c5168,safe_range,selection,80301,NTSC,14,3,1000000.0,,True,bars,,,,,
13.532335468500724,96.9367693951936,True,0.5704961660851319,0,0,2,0.075,0.075,0.03558169911981389,1.5857227894220598,1.948613555201317,-1.5513897149992262,-50.926270808384864,122.3539770653144,0.075,0.075,506,0,2,0,0.0,27.2882594642283,0.6147344652250111,RNG-9acb593cb4b5,safe_range,selection,80301,NTSC,14,3,1000000.0,,True,bars,,,,,
13.597182156359136,96.0153657802132,True,0.556196130259779,0,0,2,0.075,0.075,0.03512752037572586,1.5468405742453282,2.160848386952719,-3.2931508350215273,-50.6212924799526,119.14240912347812,0.075,0.075,506,0,2,0,0.0,26.118763556754722,0.6185697735992173,RNG-9eaa767b9394,safe_range,selection,80301,NTSC,14,3,1000000.0,,True,bars,,,,,
14.18680124094088,97.01415173906346,True,0.532864492860519,0,0,2,0.075,0.061249999999999985,0.04484272031464406,1.6069134592859726,0.8045507765662858,-3.4019871886780506,-51.05701076322356,113.01212421324975,0.075,0.061249999999999985,506,0,2,0,0.0,27.05127965838606,0.6495483587936387,RNG-80057c8f88f8,safe_range,selection,80301,NTSC,14,3,1000000.0,,True,bars,,,,,
14.170562905372684,97.09817925277945,True,0.5321118593960267,0,0,2,0.075,0.061249999999999985,0.044162720135906164,1.650891296143981,0.7265830293779472,-3.295746102198925,-49.19084438346696,113.01212421318202,0.075,0.061249999999999985,506,0,2,0,0.0,27.16156271229201,0.6490544642051463,RNG-73849a906c4b,safe_range,selection,80301,NTSC,14,3,1000000.0,,True,bars,,,,,
14.234627472386357,95.98774234828505,True,0.52985395900255,0,0,2,0.075,0.061249999999999985,0.03952847075210474,1.6546328268938992,1.4288879315515022,-4.196597926098652,-51.99226038080218,110.90353711369782,0.075,0.061249999999999985,506,0,2,0,0.0,25.893781392370222,0.6506060135149686,RNG-01b8a571b2c9,safe_range,selection,80301,NTSC,14,3,1000000.0,,True,bars,,,,,
14.282311340844661,96.02281178424943,True,0.5291013255380577,0,0,2,0.075,0.061249999999999985,0.03962210326564802,1.3055674955015322,1.3120548297188164,-4.365561599776561,-52.65695505488848,111.34732871576121,0.075,0.061249999999999985,506,0,2,0,0.0,25.773456504694565,0.6534509805763441,RNG-d385d45a71f7,safe_range,selection,80301,NTSC,14,3,1000000.0,,True,bars,,,,,
14.261928880355244,96.1294345843875,True,0.5283486920735654,0,0,2,0.075,0.075,0.03896195062927348,1.2896015664918137,1.1964556741508783,-4.312072682028224,-50.78014161537558,112.09275869270091,0.075,0.075,506,0,2,0,0.0,25.871555944461594,0.6526801262959147,RNG-13b0939bfaad,safe_range,selection,80301,NTSC,14,3,1000000.0,,True,bars,,,,,
14.138304031125857,95.63663473136988,True,1.1409923321702637,0,0,2,0.075,0.061249999999999985,0.04334403688625274,1.3173299719694969,2.0768194807318,-2.566066722118733,-51.02795882632566,109.35630095083742,0.075,0.061249999999999985,506,0,2,0,0.0,24.648665533401832,0.627758390183885,RNG-49c57570d609,safe_range,selection,80301,NTSC,14,3,1000000.0,,True,bars,,,,,
13.278891460389197,97.42219200341675,True,0.7526334644922584,0,0,2,0.31875,0.24374999999999974,1.0520161097896348,2.032457509249234,1.7938764823260525,-0.6988386474252509,-57.80207730553729,122.58577986575953,0.31875,0.24374999999999974,506,0,2,78,0.1541501976284585,26.83992025291817,0.6078618597739571,RNG-fb16ed729c77,safe_range,selection,80301,NTSC,14,3,1000000.0,,False,bars,,,,,
13.339335886651906,96.69384245878997,True,0.7616650660661655,0,0,2,0.4,0.23249999999999976,1.087839833777275,-0.581420341926839,1.3357128581386772,-4.148964663238977,-66.6518512827987,125.02653939206259,0.4,0.23249999999999976,506,0,2,87,0.17193675889328064,25.398397236082154,0.6098538844814431,RNG-774ab9d6fe43,safe_range,selection,80301,NTSC,14,3,1000000.0,,False,bars,,,,,
13.1184955635017,95.00522202056037,True,0.3838430668910518,6,1,0,1.36875,1.2824999999999989,2.1880530729395025,3.346172291784517,2.594653900002438,-2.7899571650069137,-65.62323237785759,118.95228218033587,1.25,0.55,506,2,2,290,0.5731225296442688,24.313427923104317,0.6211175893977006,RNG-f3c2ceb92881,safe_range,selection,80301,NTSC,14,3,1000000.0,,False,bars,,,,,
14.942513466455194,97.04803952271,True,0.4335168755475408,0,0,2,0.05,0.036249999999999984,0.49867908522367943,0.6901707153466021,1.0959185803449214,-1.9128615789029308,-61.0548030399854,124.64335802468315,0.05,0.036249999999999984,506,0,2,14,0.02766798418972332,27.437243162735513,0.6915944401692502,OVP56,safe_range,selection,80301,NTSC,18,3,1000000.0,,True,bars,,,,,
15.133570029239127,97.15011530548264,True,0.40566943736132727,0,0,2,0.05,0.05,0.3209403642287837,0.746419028913732,1.2077213984681758,-1.6800146246062932,-59.13225354628568,124.32849171544913,0.05,0.05,506,0,2,6,0.011857707509881422,27.839776381437215,0.6997286195186766,VLP56,safe_range,selection,80301,NTSC,18,3,1000000.0,,True,bars,,,,,
15.274808457904193,95.51542772622679,True,1.0183130774580256,0,0,2,0.075,0.05,0.04145036080744284,1.407105225541137,1.9868431659417354,-2.97963080186391,-50.90544019827677,107.8802910123197,0.075,0.05,506,0,2,0,0.0,24.863439678919388,0.6894890177325544,RANGE32,safe_range,selection,80301,NTSC,18,3,1000000.0,,True,bars,,,,,
-6.546405526291411,-81.89230859771504,False,597.9981455111435,506,12,54,2.025,2.025,1000000.0,83.4477151593557,22.813593494162596,-156.09478951633224,-67.85995698603377,75.54831352783714,1000000.0,1000000.0,506,506,2,1145,2.2628458498023716,-6.593572310696942,-0.33881282402203583,PLL96-rejected-board,safe_range,selection,80301,NTSC,18,3,1000000.0,,False,bars,,,,,
9.026560983956555,96.69731912872705,True,6.223526117886484,487,12,0,2.025,2.025,3.6582009527261237,15.629637912847254,-1.1904864034960876,-1.938915226256934,-55.0539614922226,117.78834231957075,1.8599999999999999,1000000.0,506,79,2,22,0.043478260869565216,11.998808049115386,0.34183951531069356,PLL96-IQ-corrected,safe_range,selection,80301,NTSC,18,3,1000000.0,,False,bars,,,,,
20.175048285834443,96.1272843363939,True,0.0,0,0,2,0.025,0.036249999999999984,0.021550565595138235,1.7118313978157789,1.7124471433387338,-1.3971463011491365,-52.99802988512019,117.75474389381873,0.025,0.036249999999999984,506,0,2,0,0.0,28.272894016690174,0.8948004532152396,floating-PLL-IQ40,safe_range,selection,80301,NTSC,18,3,1000000.0,,True,bars,,,,,
4.28979592414935,44.41661273677709,True,94.70988990477682,506,12,0,2.025,2.025,1000000.0,48.954246673350355,27.05115112033524,-25.852092192940443,-0.3334710179560574,88.13728789212291,1000000.0,1000000.0,506,506,2,0,0.0,4.45967830374075,0.5481749232116676,HC50,safe_range,selection,80301,NTSC,18,3,1000000.0,,False,bars,,,,,
11.960210212832035,97.6855803872288,True,3.693925043728004,30,1,0,2.025,1.4749999999999992,2.445541572317423,5.066488945550617,-1.2675322011834207,-3.193861939533531,-59.67214305220375,111.29918233464622,1.425,0.725,506,2,2,337,0.66600790513834,17.631345627127338,0.46934011674944176,PLL96-board-fixed,safe_range,selection,80301,NTSC,18,3,1000000.0,,False,bars,,,,,
15.340960892268958,97.82660891962932,True,0.43803267633449444,0,0,2,0.05,0.036249999999999984,0.044036680722005575,1.5806990797742029,0.3757675466093201,-2.9061625030135003,-46.730435034641545,111.91414978565817,0.05,0.036249999999999984,506,0,2,0,0.0,28.018265504073977,0.7070035675098312,RNG-6bfe707c5168,safe_range,selection,80301,NTSC,18,3,1000000.0,,True,bars,,,,,
14.735347272968394,96.86357436416858,True,0.48921175191996796,0,0,2,0.075,0.075,0.031098943209934053,1.7546852399838089,2.044176788340594,-1.4666810092383007,-48.48411545870377,122.26197639158084,0.075,0.075,506,0,2,0,0.0,27.50055673424603,0.6729438211058097,RNG-9acb593cb4b5,safe_range,selection,80301,NTSC,18,3,1000000.0,,True,bars,,,,,
14.79632712966425,96.0903126992671,True,0.48544858459750667,0,0,2,0.075,0.075,0.030456831369581095,1.6542238039926407,2.1857941587861065,-3.142668217538778,-48.79108797603306,119.62835352069195,0.075,0.075,506,0,2,0,0.0,26.493458010505222,0.6772353441507658,RNG-9eaa767b9394,safe_range,selection,80301,NTSC,18,3,1000000.0,,True,bars,,,,,
15.462587773913905,97.00494702156895,True,0.4124431385417576,0,0,2,0.05,0.036249999999999984,0.04104610345325914,1.6067569056443363,0.8582895766610886,-3.8076404210521138,-46.983306708067374,111.40541496559001,0.05,0.036249999999999984,506,0,2,0,0.0,27.173779831098685,0.7124504736799054,RNG-80057c8f88f8,safe_range,selection,80301,NTSC,18,3,1000000.0,,True,bars,,,,,
15.443406185601878,97.16606860725362,True,0.4162063058642189,0,0,2,0.05,0.036249999999999984,0.040955726602051344,1.4607245764996952,0.7570604292319149,-3.708638648964999,-46.97673745166968,111.41016071870177,0.05,0.036249999999999984,506,0,2,0,0.0,27.324058983682686,0.7115360127839468,RNG-73849a906c4b,safe_range,selection,80301,NTSC,18,3,1000000.0,,True,bars,,,,,
15.474015502031719,96.09457252239007,True,0.4177115727932034,0,0,2,0.05,0.05,0.03554696831688659,1.5507900441886966,1.3812651579165516,-4.603862373316414,-48.498688155601805,109.97730104067344,0.05,0.05,506,0,2,0,0.0,26.05030252886642,0.7133075119587879,RNG-01b8a571b2c9,safe_range,selection,80301,NTSC,18,3,1000000.0,,True,bars,,,,,
15.599443215457525,96.20217434094357,True,0.41169050507726535,0,0,2,0.05,0.05,0.035092340076087976,1.2267974740474512,1.2456081176026343,-4.538528020271009,-48.38654747420724,110.79681642122608,0.05,0.05,506,0,2,0,0.0,26.169089041266943,0.7187821833942079,RNG-d385d45a71f7,safe_range,selection,80301,NTSC,18,3,1000000.0,,True,bars,,,,,
15.574306045313435,96.30209878533435,True,0.4162063058642189,0,0,2,0.05,0.05,0.0360130081900038,1.2142806069391237,1.1121885321011897,-4.513669884340774,-49.197535574800035,112.23150947945376,0.05,0.05,506,0,2,0,0.0,26.230331588804553,0.7177248952721669,RNG-13b0939bfaad,safe_range,selection,80301,NTSC,18,3,1000000.0,,True,bars,,,,,
15.274808457904193,95.51542772622679,True,1.0183130774580256,0,0,2,0.075,0.05,0.04145036080744284,1.407105225541137,1.9868431659417354,-2.97963080186391,-50.90544019827677,107.8802910123197,0.075,0.05,506,0,2,0,0.0,24.863439678919388,0.6894890177325544,RNG-49c57570d609,safe_range,selection,80301,NTSC,18,3,1000000.0,,True,bars,,,,,
14.44746335336655,97.26873768687445,True,0.6382331778894351,0,0,2,0.05,0.05,0.3750592838514494,2.145625060662479,1.8693278536447748,-0.2521976541746746,-53.39710750623553,121.12195074408908,0.05,0.05,506,0,2,6,0.011857707509881422,27.11937707403173,0.6639358279213211,RNG-fb16ed729c77,safe_range,selection,80301,NTSC,18,3,1000000.0,,True,bars,,,,,
14.6413013776383,96.28649062832929,True,0.562217197975717,0,0,2,0.1,0.05,0.19469241983169489,0.2674468579798914,1.6887369488206374,-3.8711561735496565,-65.06042583658564,122.59862088455128,0.1,0.05,506,0,2,5,0.009881422924901186,25.97788382975697,0.6744260545962045,RNG-774ab9d6fe43,safe_range,selection,80301,NTSC,18,3,1000000.0,,True,bars,,,,,
14.465103501237708,95.11295550812056,True,0.30707445351284146,0,0,2,0.075,0.31999999999999956,0.9744183427662719,2.7892952265381927,2.8101802622350833,-2.2738593962520866,-62.45996900217068,116.60367845117713,0.075,0.31999999999999956,506,0,2,56,0.11067193675889328,24.35578352801068,0.687935303198269,RNG-f3c2ceb92881,safe_range,selection,80301,NTSC,18,3,1000000.0,,False,bars,,,,,
15.616288854081088,97.3171153326304,True,0.36728513067222207,0,0,2,0.05,0.036249999999999984,0.13424783140577784,0.35445286250217883,1.05070747114436,-1.6412595919646706,-59.57128009309179,123.4932727547376,0.05,0.036249999999999984,506,0,2,0,0.0,27.78016390441782,0.7218348865452996,OVP56,safe_range,selection,80301,NTSC,22,3,1000000.0,,True,bars,0.8901090182707387,-48.523080808546425,11.839198667983972,21.187122932792967,11.695801226975792
15.823779429066295,97.33264570037339,True,0.35975879602729954,0,0,2,0.05,0.05,0.021174738846497995,0.4815878594068035,1.199994654013654,-1.482085115884078,-58.15817028072757,123.69038310898168,0.05,0.05,506,0,2,0,0.0,28.110060506268987,0.7301876855088985,VLP56,safe_range,selection,80301,NTSC,22,3,1000000.0,,True,bars,0.8771659524714519,-48.5145575008076,10.955091375007125,21.459286596189088,11.501831007852442
15.811650097172942,95.4790721703933,True,0.923481260932001,0,0,2,0.075,0.05,0.03856363766811462,1.3767183229042659,1.9231319083618492,-3.2106407868049818,-48.79434495607206,107.41537011152053,0.075,0.05,506,0,2,0,0.0,24.973486776276918,0.7178541083825677,RANGE32,safe_range,selection,80301,NTSC,22,3,1000000.0,,True,bars,0.8519565118452826,-49.72388026690219,10.592315867930177,20.263893939925648,11.628982932822552
-6.554234634191091,-82.15727570617817,False,598.8252896886205,506,12,54,2.025,2.025,1000000.0,84.14147199248426,22.6271931434972,-156.11382832411746,-67.92222298067186,69.91234071439135,1000000.0,1000000.0,506,506,2,1158,2.2885375494071147,-6.600894285591875,-0.34152844846106645,PLL96-rejected-board,safe_range,selection,80301,NTSC,22,3,1000000.0,contrast;waveform;detail_floor;sync;h_jitter_us;v_jitter_us;h_width_rmse_us;sync_error_ire;black_error_ire;white_error_ire;contrast;stress_waveform;reference_detail;burst_gain;burst_phase_jitter_deg;burst_amplitude_jitter_pct;burst_rmse_ire;h_missing;v_missing;vertical_trains;sync_error_ire;black_error_ire;white_error_ire,False,bars,0.4366419164787122,81.00656335324608,39.15267266023448,36.80200391332673,29.24270442550397
8.951689553178529,97.48457945998402,True,6.302552631658172,501,12,0,2.025,2.025,3.6950135317749515,14.823485961577282,-1.156857436485342,-1.8510393688069682,-53.43950495702075,110.51073460886019,1.69,1000000.0,506,175,2,5,0.009881422924901186,11.838217412663505,0.34501276423532595,PLL96-IQ-corrected,safe_range,selection,80301,NTSC,22,3,1000000.0,waveform;detail_floor;sync;h_jitter_us;v_jitter_us;h_width_rmse_us;sync_error_ire;stress_waveform;reference_detail;burst_gain;burst_phase_jitter_deg;burst_amplitude_jitter_pct;burst_rmse_ire;h_missing;v_missing;vertical_trains;sync_error_ire,False,bars,0.49784249609124953,-96.88254766552896,36.82053542581916,34.85290885636222,18.136446189798598
21.17463396493818,96.17610033783188,True,0.0,0,0,2,0.025,0.025,0.01975642188083654,1.688361217865605,1.699162441911621,-1.3419786717096427,-50.93420727394239,113.21380162837292,0.025,0.025,506,0,2,0,0.0,28.460368158055424,0.9197936672198169,floating-PLL-IQ40,safe_range,selection,80301,NTSC,22,3,1000000.0,burst_gain,True,bars,0.5937869978907333,4.80778597023148,8.01665884634741,17.642686858541786,6.275314202329685
4.302079092975947,44.414393912952995,True,94.6639792634428,506,12,0,2.025,2.025,1000000.0,48.92187400552686,27.060304911215564,-25.820400493892343,0.4430371316721562,85.23603135925538,1000000.0,1000000.0,506,506,2,0,0.0,4.460012285388882,0.573702485965798,HC50,safe_range,selection,80301,NTSC,22,3,1000000.0,contrast;waveform;detail_floor;sync;h_jitter_us;v_jitter_us;h_width_rmse_us;sync_error_ire;black_error_ire;white_error_ire;contrast;stress_waveform;reference_detail;burst_gain;burst_rmse_ire;h_missing;v_missing;vertical_trains;sync_error_ire;black_error_ire;white_error_ire,False,bars,0.43728269344397375,80.38634907813926,9.707166107638274,18.993687928793914,30.783243254281178
11.952004380055715,97.0578097302261,True,3.614145896491825,0,0,2,0.475,0.3737499999999998,0.16638893196316246,5.616828941548578,-0.8787214001056124,-2.9859560743162397,-58.60991084980431,111.1325593313328,0.475,0.3737499999999998,506,0,2,0,0.0,17.285916287543454,0.4763111485905938,PLL96-board-fixed,safe_range,selection,80301,NTSC,22,3,1000000.0,waveform;detail_floor;h_jitter_us;v_jitter_us;sync_error_ire;stress_waveform;reference_detail;burst_phase_jitter_deg;burst_rmse_ire,True,bars,0.599610897760536,-86.63025445504758,35.20986700655007,21.081032912076417,16.37825840268163
15.930868191755456,97.67997364589853,True,0.3695430310656989,0,0,2,0.05,0.036249999999999984,0.04255315206877326,1.5821856703546375,0.4256706775186322,-3.3777730048826484,-45.60560520719919,109.61623339501432,0.05,0.036249999999999984,506,0,2,0,0.0,27.834227795093224,0.7349910453256644,RNG-6bfe707c5168,safe_range,selection,80301,NTSC,22,3,1000000.0,,True,bars,0.9612078402771551,-46.359590237140324,10.413308974953228,18.420786501507244,11.583302914372206
15.406974622434175,96.81495192575309,True,0.4327642420830486,0,0,2,0.075,0.075,0.02885324732890433,1.860609121526512,2.073993688571083,-1.4471107889690673,-46.96899134047355,117.71487881167667,0.075,0.075,506,0,2,0,0.0,27.56615911274347,0.7045174578265794,RNG-9acb593cb4b5,safe_range,selection,80301,NTSC,22,3,1000000.0,,True,bars,0.8654527589460921,-51.039488631578386,12.049259081776276,21.886922297885175,12.157330162099724
15.461191048819735,96.10864154126874,True,0.4237326405091415,0,0,2,0.075,0.075,0.028094103582895862,1.734662092909633,2.1961162341880587,-3.0998509559640652,-46.86240998001669,114.11423504985683,0.075,0.075,506,0,2,0,0.0,26.635961643264785,0.7087913650781751,RNG-9eaa767b9394,safe_range,selection,80301,NTSC,22,3,1000000.0,,True,bars,0.8556524428365384,-50.31404439371419,11.631010828262411,21.981669335284735,11.983536903143149
16.069129756286927,96.93662247150229,True,0.3507271944533924,0,0,2,0.05,0.036249999999999984,0.03856363766811462,1.6091519012559192,0.901582480333834,-4.138132549035987,-46.146300838816,109.12630907138461,0.05,0.036249999999999984,506,0,2,0,0.0,27.061918096514837,0.7415024357015146,RNG-80057c8f88f8,safe_range,selection,80301,NTSC,22,3,1000000.0,,True,bars,0.9329125255758021,-45.43997813052555,9.946449580016399,19.07938374759798,11.236332057330678
16.05011517482242,97.12190520593641,True,0.3507271944533924,0,0,2,0.05,0.036249999999999984,0.03837097882267635,1.4252026142595673,0.7896693500365763,-4.01989461018511,-46.274438163303216,109.12630890385321,0.05,0.036249999999999984,506,0,2,0,0.0,27.247618626120797,0.7404135067409838,RNG-73849a906c4b,safe_range,selection,80301,NTSC,22,3,1000000.0,,True,bars,0.9354698829991133,-45.53309796706107,10.180664910395498,19.111494770863487,11.284845638339984
16.047876406295806,96.07817812274091,True,0.3454587602019466,0,0,2,0.05,0.05,0.03281882232521803,1.499745322502503,1.3775163596048698,-4.9596070047283085,-47.39597540081927,108.70219405256475,0.05,0.05,506,0,2,0,0.0,25.957560272112286,0.7418248979842016,RNG-01b8a571b2c9,safe_range,selection,80301,NTSC,22,3,1000000.0,,True,bars,0.9079812869886932,-45.88887026856152,10.330018372996562,19.04271579533448,11.166071574090713
16.217366534238568,96.2197551688644,True,0.33567452516354723,0,0,2,0.05,0.05,0.031766968948981164,1.2140311737170562,1.2367317419046688,-4.735221615206978,-47.75977826352252,109.07492044074428,0.05,0.05,506,0,2,0,0.0,26.246257592303486,0.7482154210441804,RNG-d385d45a71f7,safe_range,selection,80301,NTSC,22,3,1000000.0,,True,bars,0.8716960509319516,-44.90942094187877,10.549655124283415,20.595482400440012,10.861489709036107
16.194636467939954,96.2891265656783,True,0.34846929405991567,0,0,2,0.05,0.05,0.03281882232521803,1.2767930660437465,1.0931045667425519,-4.7139878884924356,-48.37506240813272,109.0749204407357,0.05,0.05,506,0,2,0,0.0,26.29756624297702,0.7472537005936498,RNG-13b0939bfaad,safe_range,selection,80301,NTSC,22,3,1000000.0,,True,bars,0.8798348873507631,-44.99746442074367,10.504165564624245,20.480049288127375,10.904706768761313
15.811650097172942,95.4790721703933,True,0.923481260932001,0,0,2,0.075,0.05,0.03856363766811462,1.3767183229042659,1.9231319083618492,-3.2106407868049818,-48.79434495607206,107.41537011152053,0.075,0.05,506,0,2,0,0.0,24.973486776276918,0.7178541083825677,RNG-49c57570d609,safe_range,selection,80301,NTSC,22,3,1000000.0,,True,bars,0.8519565118452826,-49.72388026690219,10.592315867930177,20.263893939925648,11.628982932822552
15.039726731530072,97.10434329202346,True,0.5968383373423609,0,0,2,0.05,0.05,0.02577839583254949,2.2642132096484264,1.8790676875641654,-0.1421989808221428,-49.46524898831047,119.73433928891032,0.05,0.05,506,0,2,0,0.0,27.138799635568738,0.6918935404401222,RNG-fb16ed729c77,safe_range,selection,80301,NTSC,22,3,1000000.0,,True,bars,0.8773888821974261,-48.53491172482799,11.978975061218508,22.087961685589047,11.802292642766172
15.391995826614478,95.91769813100169,True,0.47716961648809186,0,0,2,0.175,0.05,0.05953957065942196,0.8410181626646415,1.9977087207070006,-3.779186642544365,-65.12669499508178,122.67967108362896,0.175,0.05,506,0,2,0,0.0,26.129857791526664,0.7111440348014331,RNG-774ab9d6fe43,safe_range,selection,80301,NTSC,22,3,1000000.0,,True,bars,0.8581231741051061,-47.636777236890545,12.164728620388919,23.40259120571758,11.521552885976412
15.152927143625428,95.03876515406955,True,0.2641743460367827,0,0,2,0.075,0.12874999999999986,0.32277858941782567,2.6480106060185213,2.916835112249344,-2.0004002398141636,-59.92385621425665,116.66696735120303,0.075,0.12874999999999986,506,0,2,3,0.005928853754940711,24.120671047629724,0.7218520097652286,RNG-f3c2ceb92881,safe_range,selection,80301,NTSC,22,3,1000000.0,h_width_rmse_us,True,bars,0.9402827208439355,-26.850504651628274,12.121011747937159,24.237734180236398,9.385962905596855
16.058707743670467,97.40122798594884,True,0.31008498737081047,0,0,2,0.05,0.05,0.020402326845520895,0.20701242978373202,1.0502130614708483,-1.5560501316015865,-58.26727954525993,123.17065098802856,0.05,0.05,506,0,2,0,0.0,27.914005855604437,0.7414881591985876,OVP56,safe_range,selection,80301,NTSC,30,3,1000000.0,,True,bars,0.876315001800134,-48.725538345744404,9.534162402927825,20.618787382921223,11.55185286807639
16.28740082257022,97.40409134946542,True,0.33040609091210144,0,0,2,0.05,0.05,0.017289101870203116,0.3333634120961872,1.2107299475318472,-1.4351244352705037,-56.3320375406484,123.2751557492799,0.05,0.05,506,0,2,0,0.0,28.237863144470804,0.7504545105677234,VLP56,safe_range,selection,80301,NTSC,30,3,1000000.0,,True,bars,0.8663418597192973,-48.7544107442068,9.085113316758001,21.113160910829905,11.336398593502759
16.164149700262985,95.53283730874452,True,0.8549916156632056,0,0,2,0.05,0.05,0.03883493496728228,1.2841351567561328,1.845770896510456,-3.305599523037846,-43.08728831841404,103.12861282449897,0.05,0.05,506,0,2,0,0.0,25.092077102696425,0.7362660030731488,RANGE32,safe_range,selection,80301,NTSC,30,3,1000000.0,,True,bars,0.8516924612638452,-49.63791389772311,8.77555509527414,20.195641644452035,11.448772924466395
-6.562222566993193,-82.46556519130529,False,599.5530862487844,506,12,54,2.025,2.025,1000000.0,84.85289799996097,22.554716614921578,-156.16052134659995,-67.66091589093895,66.78808068340253,1000000.0,1000000.0,506,506,2,1160,2.292490118577075,-6.608658795532825,-0.3420365832977887,PLL96-rejected-board,safe_range,selection,80301,NTSC,30,3,1000000.0,contrast;waveform;detail_floor;sync;h_jitter_us;v_jitter_us;h_width_rmse_us;sync_error_ire;black_error_ire;white_error_ire;contrast;stress_waveform;reference_detail;burst_gain;burst_phase_jitter_deg;burst_amplitude_jitter_pct;burst_rmse_ire;h_missing;v_missing;vertical_trains;sync_error_ire;black_error_ire;white_error_ire,False,bars,0.43587508227216437,81.41781930382598,40.40233130241739,36.797069889862584,29.231116507777852
8.907437670021382,98.21953867393441,True,6.334163237166847,506,12,0,2.025,2.025,1000000.0,14.051684776426562,-1.1957328086414483,-1.8555033642032623,-41.71343393004215,106.82254423372605,1000000.0,1000000.0,506,506,2,0,0.0,11.729631044326254,0.3474438775288406,PLL96-IQ-corrected,safe_range,selection,80301,NTSC,30,3,1000000.0,waveform;detail_floor;sync;h_jitter_us;v_jitter_us;h_width_rmse_us;sync_error_ire;stress_waveform;reference_detail;burst_gain;burst_phase_jitter_deg;burst_amplitude_jitter_pct;burst_rmse_ire;h_missing;v_missing;vertical_trains;sync_error_ire,False,bars,0.5009234039320586,-97.01019872069654,39.93482649350073,36.85686869620944,18.098826391648757
21.876359737213935,96.19723383433656,True,0.0,0,0,2,0.025,0.025,0.0196938023195718,1.6883948652666716,1.6893317928790603,-1.3022047594131887,-45.7716828691148,110.94737889336382,0.025,0.025,506,0,2,0,0.0,28.563287241137925,0.9352393310313318,floating-PLL-IQ40,safe_range,selection,80301,NTSC,30,3,1000000.0,burst_gain,True,bars,0.5947625569983532,4.49582927816548,7.113733464939156,16.989277844410886,6.151628873702482
4.309707705195378,44.418927088926424,True,94.60376858628341,506,12,0,2.025,2.025,1000000.0,48.901228193128695,27.05897289677039,-25.77695186774088,2.5808950144836302,84.05514552635857,1000000.0,1000000.0,506,506,2,0,0.0,4.461413566863766,0.5888392088079478,HC50,safe_range,selection,80301,NTSC,30,3,1000000.0,contrast;waveform;detail_floor;sync;h_jitter_us;v_jitter_us;h_width_rmse_us;sync_error_ire;black_error_ire;white_error_ire;contrast;stress_waveform;reference_detail;burst_gain;burst_rmse_ire;h_missing;v_missing;vertical_trains;sync_error_ire;black_error_ire;white_error_ire,False,bars,0.43992005797289846,80.18332318116383,8.490021548160444,19.056251772714912,30.757233664485504
11.863281961073787,96.59201963648806,True,3.5275930480752153,0,0,2,0.25,0.1537499999999999,0.1063741718034856,5.748340466068402,-0.7443390005101285,-2.939938857556692,-57.412958219064315,111.14209893064525,0.25,0.1537499999999999,506,0,2,0,0.0,16.81972832229695,0.48103437455302944,PLL96-board-fixed,safe_range,selection,80301,NTSC,30,3,1000000.0,waveform;detail_floor;sync_error_ire;stress_waveform;reference_detail;burst_phase_jitter_deg;burst_rmse_ire,True,bars,0.6056617569564698,-87.07096314669144,34.332090904889874,15.682194703326507,16.412781632350185
16.344254600416992,97.59436577152347,True,0.32589029012514786,0,0,2,0.05,0.05,0.04133099306987787,1.5807604335918957,0.4195714576850823,-3.7134886748426417,-43.582513775851936,108.9027201388907,0.05,0.05,506,0,2,0,0.0,27.629751359971483,0.754720092471337,RNG-6bfe707c5168,safe_range,selection,80301,NTSC,30,3,1000000.0,,True,bars,0.9725877320733245,-46.261041898911635,8.697824757641262,17.358310991115335,11.426433252974002
15.893935219755278,96.80241296621324,True,0.37857463263960595,0,0,2,0.05,0.061249999999999985,0.027313868836729073,1.9150842782527393,2.067627755445844,-1.4382169318828042,-44.64096897749838,116.4282013981843,0.05,0.061249999999999985,506,0,2,0,0.0,27.639219728048253,0.7273214132223166,RNG-9acb593cb4b5,safe_range,selection,80301,NTSC,30,3,1000000.0,,True,bars,0.8585184288786152,-50.36790563046861,10.569876757668794,20.686374137617026,11.854063388526656
15.938802068966728,96.12612871217168,True,0.36577986374323757,0,0,2,0.05,0.075,0.026253175979524035,1.775257558817029,2.1886915441758807,-3.0960406280662505,-44.67486621429663,113.81554668706808,0.05,0.075,506,0,2,0,0.0,26.724967943817518,0.7313388860188589,RNG-9eaa767b9394,safe_range,selection,80301,NTSC,30,3,1000000.0,,True,bars,0.8499445083643742,-49.83355987289713,10.496024606777672,21.176671082837323,11.717734562793787
16.48999248763043,96.87652107870464,True,0.3063218200483492,0,0,2,0.05,0.05,0.03727700496035363,1.6011886874794132,0.907625075552153,-4.422603939853005,-42.930646172535546,108.96034229161525,0.05,0.05,506,0,2,0,0.0,26.889795665032217,0.7616904023980654,RNG-80057c8f88f8,safe_range,selection,80301,NTSC,30,3,1000000.0,,True,bars,0.9427049238891334,-45.325459536049564,8.81007153705982,17.709029186740292,11.070068706582337
16.47419246941093,97.07925005473561,True,0.30707445351284146,0,0,2,0.05,0.05,0.03772167680771589,1.4065219136592955,0.7864813051411482,-4.273616284191745,-45.67795170361153,108.96034212403826,0.05,0.05,506,0,2,0,0.0,27.106090187711025,0.7605565671979102,RNG-73849a906c4b,safe_range,selection,80301,NTSC,30,3,1000000.0,,True,bars,0.9493984383881292,-45.42070909301937,8.680624560146702,17.76539980223947,11.12220417277562
16.435068094578348,96.03712795122321,True,0.3078270869773337,0,0,2,0.05,0.05,0.0313560453665265,1.4689802994786698,1.3690453508174594,-5.273020540656864,-45.37875661832605,107.48715959701453,0.05,0.05,506,0,2,0,0.0,25.794145222312217,0.7613250316885469,RNG-01b8a571b2c9,safe_range,selection,80301,NTSC,30,3,1000000.0,white_error_ire,True,bars,0.9162174480887071,-45.82186971006726,8.65346156987963,18.325799168928587,11.004954173521817
16.630589423743896,96.19965813290467,True,0.28524808304256594,0,0,2,0.05,0.036249999999999984,0.030638785515513058,1.1923600836887918,1.2270116558234003,-4.954492465269304,-44.081478789000855,107.92255551488175,0.05,0.036249999999999984,506,0,2,0,0.0,26.18266550348809,0.7680066951135301,RNG-d385d45a71f7,safe_range,selection,80301,NTSC,30,3,1000000.0,,True,bars,0.8766259313219504,-44.77324204834401,9.81808447373327,19.354715078619854,10.66460845557738
16.614775237673026,96.25106017483337,True,0.2935270511519808,0,0,2,0.05,0.05,0.03190276729791355,1.3065875788616323,1.075951537629534,-4.931083076771412,-47.852413978960506,108.5546531366687,0.05,0.05,506,0,2,0,0.0,26.232528246373413,0.7673354310410142,RNG-13b0939bfaad,safe_range,selection,80301,NTSC,30,3,1000000.0,,True,bars,0.884360768240501,-44.8834033535461,9.85503998990164,19.162474595553974,10.714372064376601
16.164149700262985,95.53283730874452,True,0.8549916156632056,0,0,2,0.05,0.05,0.03883493496728228,1.2841351567561328,1.845770896510456,-3.305599523037846,-43.08728831841404,103.12861282449897,0.05,0.05,506,0,2,0,0.0,25.092077102696425,0.7362660030731488,RNG-49c57570d609,safe_range,selection,80301,NTSC,30,3,1000000.0,,True,bars,0.8516924612638452,-49.63791389772311,8.77555509527414,20.195641644452035,11.448772924466395
15.44234807744681,97.00643149330008,True,0.568238265691655,0,0,2,0.05,0.05,0.023233009432114628,2.3115719339608902,1.845865877544968,-0.1469629128825433,-47.86836730833916,119.75113652673393,0.05,0.05,506,0,2,0,0.0,27.190570400338224,0.7110005224241883,RNG-fb16ed729c77,safe_range,selection,80301,NTSC,30,3,1000000.0,,True,bars,0.8807034387292938,-48.709684626803565,9.509460960703853,20.174686221745528,11.588330687459957
15.853874799089576,95.8279914747923,True,0.41018523814828084,0,0,2,0.175,0.05,0.059310931212254815,1.0883124640295638,2.06511281732631,-3.62090012588339,-64.41222567047463,121.12038479806988,0.175,0.05,506,0,2,0,0.0,26.325559913316283,0.7330789951928821,RNG-774ab9d6fe43,safe_range,selection,80301,NTSC,30,3,1000000.0,,True,bars,0.8578899026733737,-47.975707908012204,10.124962436975373,21.575027603259933,11.342688676537282
15.551275431984799,94.92964889688903,True,0.23406900745709236,0,0,2,0.075,0.075,0.03015113445777636,2.405212614516537,3.2379753084781027,-1.8698792969885283,-55.325451180381094,116.07512729583324,0.075,0.075,506,0,2,0,0.0,23.792969109520897,0.7432141597451977,RNG-f3c2ceb92881,safe_range,selection,80301,NTSC,30,3,1000000.0,,True,bars,0.9277184750678766,-25.867509758529067,11.54964049203517,24.57791380227034,8.974815271562864
11.65881531417883,92.15041423507289,True,0.6580928481806776,97,4,0,2.025,2.025,2.3126643032090137,3.126586551582778,2.328655179513015,-5.490484963321832,-54.160552436394255,120.34967980183518,1.625,1.7012499999999995,610,5,2,242,0.39672131147540984,21.346490970496834,0.5237576658650224,OVP56,safe_range,selection_envelope,80351,PAL,30,1.5,1000000.0,stress_waveform;reference_detail;burst_gain;h_missing;v_missing;vertical_trains,False,bars,0.8193977149274442,-60.78799830547863,16.668731109688355,25.376968670430493,13.736090250933135
11.694034012295603,91.83155912059381,True,0.6524466750313676,223,6,0,2.025,2.025,2.928631053062376,3.837564117519577,2.4268253279897234,-5.561383864271523,-52.61386213032013,121.3431698339788,1.8,0.0475,610,8,2,278,0.4557377049180328,21.344874451529453,0.5246767535669118,VLP56,safe_range,selection_envelope,80351,PAL,30,1.5,1000000.0,stress_waveform;reference_detail;burst_gain;h_missing;v_missing;vertical_trains,False,bars,0.8095727740040557,-60.8557791957102,17.213928203542043,25.339996154288855,13.677345743605168
12.846850486936818,91.02639573171956,True,1.2967377666248432,0,0,2,0.1,0.075,0.0416489033173862,4.5767939372266415,2.0911574200658967,-6.325930016930344,-41.08039679639967,102.8084225975295,0.1,0.075,610,0,2,0,0.0,20.197905889312864,0.5551947414400973,RANGE32,safe_range,selection_envelope,80351,PAL,30,1.5,1000000.0,,True,bars,0.5952938609262282,-68.52886211622696,17.589779956393333,29.769142035889846,12.785315350521598
-6.516667074889767,-78.89619317754713,False,607.060225846926,610,8,64,2.025,2.025,1000000.0,83.54690304779616,22.358673186710504,-152.27483065487374,-63.31591839021649,64.39499170068422,1000000.0,1000000.0,610,610,2,1421,2.3295081967213114,-6.564152541673516,-0.36709932881964324,PLL96-rejected-board,safe_range,selection_envelope,80351,PAL,30,1.5,1000000.0,contrast;stress_waveform;reference_detail;burst_gain;burst_phase_jitter_deg;burst_rmse_ire;h_missing;v_missing;vertical_trains;sync_error_ire;black_error_ire;white_error_ire,False,bars,0.3077826325901416,65.77156019144832,22.64324572694282,30.573778507165223,28.27999752788252
9.326966710670234,94.20301432664976,True,6.0514429109159344,610,8,0,2.025,2.025,1000000.0,16.27638249335922,-0.1397689115746748,-5.774825210149773,-42.26505508215447,102.28732011673074,1000000.0,1000000.0,610,610,2,0,0.0,12.0640282760377,0.37137385648250865,PLL96-IQ-corrected,safe_range,selection_envelope,80351,PAL,30,1.5,1000000.0,stress_waveform;reference_detail;burst_gain;burst_phase_jitter_deg;burst_rmse_ire;h_missing;v_missing;vertical_trains;sync_error_ire,False,bars,0.3515123746012593,-113.27816519358794,24.648240907201146,31.73016132084937,16.435126041734723
16.57245705729777,91.41560614948712,True,0.0037641154328732747,0,0,2,0.025,0.025,0.03429620253317736,4.469195759575883,2.3296287128693667,-5.40096648511786,-43.15353650224207,119.88014605526556,0.025,0.025,610,0,2,0,0.0,21.444317636490364,0.8019091709265606,floating-PLL-IQ40,safe_range,selection_envelope,80351,PAL,30,1.5,1000000.0,burst_gain,True,bars,0.39443006410966014,6.098582236708942,9.953114347230022,17.786605520487623,8.63578186846938
4.218113557719708,42.68874614498803,True,88.96047678795483,610,8,0,2.025,2.025,1000000.0,49.49759583342556,26.771602922502733,-27.757249209002023,2.318970877651431,83.04949380209675,1000000.0,1000000.0,610,610,2,0,0.0,4.46948946640974,0.41604614749351687,HC50,safe_range,selection_envelope,80351,PAL,30,1.5,1000000.0,contrast;stress_waveform;reference_detail;burst_gain;burst_rmse_ire;h_missing;v_missing;vertical_trains;sync_error_ire;black_error_ire;white_error_ire,False,bars,0.3829060491877491,98.36918329107151,14.707176702861828,21.883519786884808,30.448273457155665
12.032264226933872,91.7844422280987,True,3.5501882057716436,299,6,0,2.025,2.025,2.974774032867672,9.125344859479961,0.3093744199883397,-6.782641358064351,-48.25732317411833,105.96119368004057,1.85,0.47874999999999995,610,7,2,250,0.4098360655737705,16.590713635968,0.4848747458727829,PLL96-board-fixed,safe_range,selection_envelope,80351,PAL,30,1.5,1000000.0,reference_detail;burst_gain;burst_phase_jitter_deg;h_missing;v_missing;vertical_trains,False,bars,0.4025804862414675,-101.35189784597934,24.911047772083865,30.761462768123206,15.061612280861295
12.92474939536903,92.96059869750155,True,0.6273525721455457,0,0,2,0.075,0.05,0.03894089678760558,4.541278824352298,1.7567463690131582,-5.187638580968923,-40.29589727140923,108.05874526666912,0.075,0.05,610,0,2,0,0.0,22.89902519942342,0.5716210416928439,RNG-6bfe707c5168,safe_range,selection_envelope,80351,PAL,30,1.5,1000000.0,,True,bars,0.7653562746476126,-63.93066075192475,14.26628833374337,23.39405536884233,13.205105665339811
12.645075198980187,92.01958236324658,True,0.4316185696361355,0,0,2,0.1,0.075,0.0652548597524466,4.976592859785073,2.608450742835776,-5.260773546558332,-41.18152427590309,117.45814408509105,0.1,0.075,610,0,2,0,0.0,22.06756026750398,0.5635763859434224,RNG-9acb593cb4b5,safe_range,selection_envelope,80351,PAL,30,1.5,1000000.0,,True,bars,0.6983617126215032,-70.65943883895474,18.061162889141173,27.72535803023589,13.863759964721172
12.774207085174174,90.99221631025029,True,0.4209535759096612,0,0,2,0.1,0.075,0.5643807356334005,4.862167451740079,3.1128920008135696,-6.676803123728573,-41.76142483279367,114.86372364489691,0.1,0.075,610,0,2,18,0.029508196721311476,20.98780796096348,0.576839800427235,RNG-9eaa767b9394,safe_range,selection_envelope,80351,PAL,30,1.5,1000000.0,,False,bars,0.6837570821313812,-66.0736207695143,17.574312331696447,27.355789473232917,13.254476392951865
12.987999383901823,92.17078475279095,True,0.6129234629861983,0,0,2,0.075,0.05,0.03839772448858968,4.556562849699027,2.101600712616768,-6.205724754759844,-40.43159125156263,106.43622164538573,0.075,0.05,610,0,2,0,0.0,22.04811236821414,0.5774355453011318,RNG-80057c8f88f8,safe_range,selection_envelope,80351,PAL,30,1.5,1000000.0,,True,bars,0.7395408377176784,-63.096717879144414,13.967160084792766,23.96982235490749,12.954596098107038
12.990826564430781,92.22904812894424,True,0.6116687578419072,0,0,2,0.075,0.05,0.03939865604764528,4.469418093589937,2.0878086928313975,-6.174963807693872,-41.79485041661255,106.43622164538573,0.075,0.05,610,0,2,0,0.0,22.104392231301727,0.5774201552510456,RNG-73849a906c4b,safe_range,selection_envelope,80351,PAL,30,1.5,1000000.0,,True,bars,0.7430262909614025,-63.08811432935447,14.039966023586315,24.140337701912454,12.972292371475426
13.088159202348004,91.05307734360714,True,0.5909661229611042,0,0,2,0.075,0.05,0.035758754516763636,4.877025675932635,2.8151543944706083,-6.926285833374068,-41.51623443910662,106.36516362115282,0.075,0.05,610,0,2,0,0.0,20.989617339005537,0.5868587582032229,RNG-01b8a571b2c9,safe_range,selection_envelope,80351,PAL,30,1.5,1000000.0,,True,bars,0.704797680910364,-62.97610430497595,13.773396472271129,23.88375537431838,12.796432976089632
13.280095396520286,91.73946204977135,True,0.581555834378921,0,0,2,0.075,0.05,0.03641180676828805,4.0591303324127495,2.003560582033166,-7.449185206245447,-41.921781779044125,104.86419554566655,0.075,0.05,610,0,2,0,0.0,21.32482357281793,0.5988350136201813,RNG-d385d45a71f7,safe_range,selection_envelope,80351,PAL,30,1.5,1000000.0,,True,bars,0.6865708943158395,-61.33892050942974,13.541495868516506,24.15759014977846,12.338962851317236
13.294903451397602,91.89232110136649,True,0.582810539523212,0,0,2,0.075,0.05,0.03658025087527915,4.15849540242578,1.959509978677657,-7.295979418980634,-42.26504690218386,105.39466655144193,0.075,0.05,610,0,2,0,0.0,21.481183687303393,0.5989070525357081,RNG-13b0939bfaad,safe_range,selection_envelope,80351,PAL,30,1.5,1000000.0,,True,bars,0.6877717912063868,-61.250741311234194,13.018717264402682,24.194954765744097,12.317705620207773
12.846850486936818,91.02639573171956,True,1.2967377666248432,0,0,2,0.1,0.075,0.0416489033173862,4.5767939372266415,2.0911574200658967,-6.325930016930344,-41.08039679639967,102.8084225975295,0.1,0.075,610,0,2,0,0.0,20.197905889312864,0.5551947414400973,RNG-49c57570d609,safe_range,selection_envelope,80351,PAL,30,1.5,1000000.0,,True,bars,0.5952938609262282,-68.52886211622696,17.589779956393333,29.769142035889846,12.785315350521598
12.549708320676402,93.84766014963913,True,0.7622333751568382,0,0,2,0.675,0.6837499999999994,1.496408268126728,4.464329604282482,2.761402761826273,-4.510957103563596,-48.170974835763474,114.3465478695251,0.675,0.6837499999999995,610,0,2,134,0.21967213114754097,23.35074237457748,0.557044473940796,RNG-fb16ed729c77,safe_range,selection_envelope,80351,PAL,30,1.5,1000000.0,,False,bars,0.7501750484828336,-52.930064706804764,13.848762462868615,24.274522404213837,11.967009792071668
13.042724390200991,94.03284324270022,True,0.9661229611041405,0,0,2,0.65,0.6674999999999995,1.5007692699543607,2.072849708277349,0.6712608546043157,-6.907290529118665,-56.4554289785102,116.70732721745003,0.65,0.6674999999999995,610,0,2,136,0.22295081967213115,22.76499908471098,0.5790116944203152,RNG-774ab9d6fe43,safe_range,selection_envelope,80351,PAL,30,1.5,1000000.0,,False,bars,0.718091092189489,-56.30751760742854,14.250169876513263,24.137628714667546,11.959814919448675
12.61731466038915,91.50527166025945,True,0.42597239648682556,0,0,2,0.65,0.6674999999999995,1.5050165431256786,3.5167934237599727,1.9971865003073068,-8.872388438339653,-49.89974945502885,109.8352109482602,0.65,0.6674999999999995,610,0,2,134,0.21967213114754097,20.72435705195852,0.5814084237378702,RNG-f3c2ceb92881,safe_range,selection_envelope,80351,PAL,30,1.5,1000000.0,burst_gain,False,bars,0.8336876910478894,-53.335772736284916,13.748410071091005,24.003739779151207,12.319285302426916
11.75701641700419,92.2052949223839,True,0.6773701180430326,81,3,0,2.025,2.025,2.399115952375203,2.9426513542697177,2.1635260258284634,-5.708271665021756,-54.30068803857015,121.01197286642225,1.75,1.43,506,2,2,265,0.5237154150197628,21.259097632099074,0.5471692168821922,OVP56,safe_range,selection_envelope,80351,NTSC,30,1.5,1000000.0,stress_waveform;burst_gain;h_missing;v_missing;vertical_trains,False,bars,0.8787830063872475,-48.19706366765371,30.3750412069269,34.69219874896176,12.912856994223473
11.792598940245288,91.86831895202647,True,0.6653279826111564,179,5,0,2.025,2.025,2.9505726910030474,3.6640688160651216,2.2428840931027065,-5.783030911603616,-52.27897729897682,120.45508075606257,1.85,1.1349999999999996,506,5,2,282,0.5573122529644269,21.258542359221945,0.5478413708042256,VLP56,safe_range,selection_envelope,80351,NTSC,30,1.5,1000000.0,stress_waveform;burst_gain;h_missing;v_missing;vertical_trains,False,bars,0.8653912021567711,-48.18031495928023,30.391197110610225,34.90488397264038,12.831026314081438
12.887742724115787,90.97236011041156,True,1.375061339627356,0,0,2,0.11875,0.11124999999999999,0.04192443324323894,4.397739653568163,1.9266298163047495,-6.5548393794140765,-39.40346808437843,102.22710901031583,0.11875,0.11124999999999999,506,0,2,0,0.0,20.078389041493338,0.5731805405920646,RANGE32,safe_range,selection_envelope,80351,NTSC,30,1.5,1000000.0,,True,bars,0.6159544049478012,-55.40443273379133,30.568478601447502,66.1994291205461,12.588925917167858
-6.418560271199184,-78.63406424998199,False,598.5114415339273,506,12,55,2.025,2.025,1000000.0,83.38421599423673,22.12673911573203,-152.42100434828845,-63.610388591891194,59.25720744417484,1000000.0,1000000.0,506,506,2,1168,2.308300395256917,-6.468313278425148,-0.3556285954311891,PLL96-rejected-board,safe_range,selection_envelope,80351,NTSC,30,1.5,1000000.0,contrast;stress_waveform;reference_detail;burst_gain;burst_phase_jitter_deg;burst_rmse_ire;h_missing;v_missing;vertical_trains;sync_error_ire;black_error_ire;white_error_ire,False,bars,0.4154332529757385,83.13165624796245,38.66861674028623,30.681803848187872,28.84162037546403
9.310182111025641,93.86540377156622,True,6.232557719460392,506,12,0,2.025,2.025,1000000.0,16.0702914057099,-0.20143991940097947,-5.965955561205959,-38.772373528208774,102.18442553581367,1000000.0,1000000.0,506,506,2,0,0.0,12.186250737830935,0.35983553115527184,PLL96-IQ-corrected,safe_range,selection_envelope,80351,NTSC,30,1.5,1000000.0,stress_waveform;reference_detail;burst_phase_jitter_deg;burst_rmse_ire;h_missing;v_missing;vertical_trains;sync_error_ire,False,bars,0.4833186012023406,-95.16342479333329,38.32553635585941,27.87435077626083,17.48145219472814
16.59460345063706,91.34647843951525,True,0.003763167322461292,0,0,2,0.025,0.025,0.031336343168309466,4.32305301096583,2.1634848631504635,-5.614866699898648,-42.680475990910836,118.71684119513436,0.025,0.025,506,0,2,0,0.0,21.340412877861677,0.8118580518261908,floating-PLL-IQ40,safe_range,selection_envelope,80351,NTSC,30,1.5,1000000.0,,True,bars,0.48066994162167453,-3.6629792746171668,28.19288204796218,37.61607546771572,8.118884210622038
4.1935347088341866,42.66927928866331,True,94.85289026303035,506,12,0,2.025,2.025,1000000.0,49.3469389562911,26.58394817692178,-27.951992058343166,2.3684371571535863,82.83762399294189,1000000.0,1000000.0,506,506,2,0,0.0,4.4376329849744875,0.4358785031406405,HC50,safe_range,selection_envelope,80351,NTSC,30,1.5,1000000.0,contrast;stress_waveform;reference_detail;burst_gain;burst_rmse_ire;h_missing;v_missing;vertical_trains;sync_error_ire;black_error_ire;white_error_ire,False,bars,0.3964038271815817,80.7122028834877,29.475940426940067,38.806510069953745,30.46709567811361
11.984790530361206,91.54449079480614,True,3.6269406653881933,264,5,0,2.025,2.025,2.986948192408471,8.997287080263394,0.1136129180609242,-7.024837444604095,-48.97234718509035,106.37109495227874,1.9,1.1349999999999996,506,8,2,237,0.4683794466403162,16.60031870954628,0.4887099634904455,PLL96-board-fixed,safe_range,selection_envelope,80351,NTSC,30,1.5,1000000.0,reference_detail;burst_phase_jitter_deg;burst_rmse_ire;h_missing;v_missing;vertical_trains,False,bars,0.5729004902860853,-86.976815307565,35.947050820592544,16.320360158362362,15.94382975241722
13.00132659964232,92.9655567722559,True,0.6073752058452526,0,0,2,0.075,0.075,0.039418951723006426,4.3732760008900495,1.5805909678823253,-5.4156512256820015,-40.441351912181105,107.8327265700954,0.075,0.075,506,0,2,0,0.0,22.799741384679834,0.5931094603470765,RNG-6bfe707c5168,safe_range,selection_envelope,80351,NTSC,30,1.5,1000000.0,burst_gain,True,bars,0.8356601757140127,-51.651506337496755,29.210933823938213,39.39787652912858,12.619090235796662
12.720787789778662,92.01945887579767,True,0.4274958078316028,0,0,2,0.075,0.1,0.046704647634597744,4.812671218445505,2.436613138245121,-5.479584657999316,-41.615813396805095,117.22723208124278,0.075,0.1,506,0,2,0,0.0,21.99733408457032,0.5838607217534179,RNG-9acb593cb4b5,safe_range,selection_envelope,80351,NTSC,30,1.5,1000000.0,,True,bars,0.7756235970040027,-57.650480973304774,30.188004931921967,42.55184984511537,13.359374441639662
12.852391450821427,91.00191408899522,True,0.4124431385417576,0,0,2,0.1,0.1,0.5862556201640314,4.6999867045901675,2.9376344163649604,-6.89383794648339,-41.300003792766624,114.60611750846759,0.1,0.1,506,0,2,23,0.045454545454545456,20.932963833615066,0.5971352413320499,RNG-9eaa767b9394,safe_range,selection_envelope,80351,NTSC,30,1.5,1000000.0,,False,bars,0.742724204516225,-53.478976218232305,29.8456808435898,43.57676799749173,12.711108996369775
13.064016522813544,92.18055454610293,True,0.588559369232946,0,0,2,0.075,0.075,0.03985522218201607,4.384778844058144,1.921279210386499,-6.4329318153308765,-40.62859138239256,106.53177978469567,0.075,0.075,506,0,2,0,0.0,21.974134920489995,0.5986142654753968,RNG-80057c8f88f8,safe_range,selection_envelope,80351,NTSC,30,1.5,1000000.0,burst_gain,True,bars,0.8013247154697135,-50.81563960907962,29.26382438296162,42.70608666506313,12.394749455579921
13.067709668842046,92.24382861873336,True,0.5915699030909151,0,0,2,0.075,0.075,0.04022540247098305,4.291701181727376,1.9095638054537447,-6.400093274940371,-41.99111873654993,106.53177978469567,0.075,0.075,506,0,2,0,0.0,22.033877757698896,0.5986793799045238,RNG-73849a906c4b,safe_range,selection_envelope,80351,NTSC,30,1.5,1000000.0,burst_gain,True,bars,0.8057789495723551,-50.805496980315596,29.268913970204125,42.05556031003027,12.414418440125775
13.164561399005933,91.06807639637113,True,0.5863014688394693,0,0,2,0.075,0.1,0.036944167895650006,4.703451156291453,2.646866820472143,-7.152802607031435,-41.66533755983009,106.483888841558,0.075,0.1,506,0,2,0,0.0,20.940303277696106,0.6077657377537704,RNG-01b8a571b2c9,safe_range,selection_envelope,80351,NTSC,30,1.5,1000000.0,,True,bars,0.7666596394478671,-50.84161105651356,29.150721677685087,43.429840123751774,12.27997931234377
13.348441069231317,91.74584016726294,True,0.5780225007300545,0,0,2,0.075,0.075,0.037754407119129765,3.8819102668723726,1.8326147082975108,-7.6786407849682305,-42.06646995637428,104.62879866585912,0.075,0.075,506,0,2,0,0.0,21.234651551034275,0.6189534874463776,RNG-d385d45a71f7,safe_range,selection_envelope,80351,NTSC,30,1.5,1000000.0,,True,bars,0.7354200363354643,-49.30787905694226,29.436029681847803,50.71427875628883,11.894736755349408
13.364010778034745,91.89483019987865,True,0.5787751341945467,0,0,2,0.075,0.075,0.03765613083846135,3.9837289700040084,1.784950039961363,-7.522306184222396,-42.45324302350738,104.85277257387283,0.075,0.075,506,0,2,0,0.0,21.390566572433958,0.6190231725633533,RNG-13b0939bfaad,safe_range,selection_envelope,80351,NTSC,30,1.5,1000000.0,,True,bars,0.7370219081141236,-49.231089135948096,29.43972810713479,50.679185928083896,11.86660087092514
12.887742724115787,90.97236011041156,True,1.375061339627356,0,0,2,0.11875,0.11124999999999999,0.04192443324323894,4.397739653568163,1.9266298163047495,-6.5548393794140765,-39.40346808437843,102.22710901031583,0.11875,0.11124999999999999,506,0,2,0,0.0,20.078389041493338,0.5731805405920646,RNG-49c57570d609,safe_range,selection_envelope,80351,NTSC,30,1.5,1000000.0,,True,bars,0.6159544049478012,-55.40443273379133,30.568478601447502,66.1994291205461,12.588925917167858
12.645743939623435,93.83894799825113,True,0.7744598349625339,0,0,2,0.75,0.075,1.44016058132418,4.305028722544862,2.579936011440832,-4.732687308578202,-48.31229216630895,112.9971986161848,0.75,0.075,506,0,2,138,0.2727272727272727,23.411054406301368,0.5777045674156026,RNG-fb16ed729c77,safe_range,selection_envelope,80351,NTSC,30,1.5,1000000.0,burst_gain,False,bars,0.8056328580875414,-41.69001396467055,29.784636325825254,39.38189190428205,11.333424088787384
13.101643782467365,94.05465473144612,True,1.0145499101355644,0,0,2,0.725,0.061249999999999985,1.4389190023267178,1.9187879565830157,0.48825342648334297,-7.128239948015465,-56.241500185334445,115.03772942037635,0.725,0.061249999999999985,506,0,2,139,0.274703557312253,22.662627802436084,0.5978601983975697,RNG-774ab9d6fe43,safe_range,selection_envelope,80351,NTSC,30,1.5,1000000.0,,False,bars,0.7792852255257878,-44.58985168382501,31.021451897519885,37.9926884340873,11.396042571508376
12.705534512847258,91.56763133532529,True,0.40491680389683504,0,0,2,0.75,0.061249999999999985,1.4425223743135691,3.3540071888559027,1.8227302140343495,-9.091738116387873,-52.09274833811382,109.63649010797333,0.75,0.061249999999999985,506,0,2,138,0.2727272727272727,20.710478903766052,0.6032578536475116,RNG-f3c2ceb92881,safe_range,selection_envelope,80351,NTSC,30,1.5,1000000.0,burst_gain,False,bars,0.8699412167511312,-42.14341913196889,29.264958248937585,42.930498361854156,11.662336268442104
16.609406114422647,97.8408973011001,True,0.31430363864491845,0,0,2,0.05,0.05,0.020769026434004877,-0.19527556363015203,1.3100105156646686,-1.3740507056901807,-58.15615043499426,120.20649501492849,0.05,0.05,610,0,2,0,0.0,28.186632970580455,0.7551296534609064,OVP56,safe_range,selection_envelope,80352,PAL,30,5,1000000.0,,True,bars,0.8250512532503749,-60.65665227442005,8.39386341749319,15.241266530601996,11.8354039467152
17.104797940004893,98.41476565163539,True,0.2973651191969887,0,0,2,0.03874999999999887,0.025,0.01308077051924118,-0.6558292156252514,1.133903680563042,-0.8789249498382415,-52.91158868120731,118.4528026026403,0.03874999999999886,0.025,610,0,2,0,0.0,28.67844252058662,0.7762014079907038,VLP56,safe_range,selection_envelope,80352,PAL,30,5,1000000.0,,True,bars,0.8323750876777168,-60.498079283333276,7.1882641397603635,14.662634713232578,11.55622412756501
16.500602033814967,95.88238047640725,True,1.0200752823086574,0,0,2,0.05,0.06624999999999999,0.04426077714458505,0.2549014762433879,1.555167301530769,-3.9138907556193914,-45.64393797177628,103.97630559025208,0.05,0.06624999999999999,610,0,2,0,0.0,24.81420617974557,0.7454792438277447,RANGE32,safe_range,selection_envelope,80352,PAL,30,5,1000000.0,,True,bars,0.7385032656060649,-60.49654727902468,8.013154653936988,15.547407569428934,11.215972365382854
-6.782701172830018,-83.11150122563699,False,613.7998745294856,610,8,62,2.025,2.025,1000000.0,81.95670216405054,22.019969574867968,-157.6459647625177,-68.87762825313489,68.32357209658451,1000000.0,1000000.0,610,610,2,1578,2.586885245901639,-6.83006035081961,-0.36932949419078237,PLL96-rejected-board,safe_range,selection_envelope,80352,PAL,30,5,1000000.0,contrast;waveform;detail_floor;sync;h_jitter_us;v_jitter_us;h_width_rmse_us;sync_error_ire;black_error_ire;white_error_ire;contrast;stress_waveform;reference_detail;burst_gain;burst_phase_jitter_deg;burst_amplitude_jitter_pct;burst_rmse_ire;h_missing;v_missing;vertical_trains;sync_error_ire;black_error_ire;white_error_ire,False,bars,0.3280577736751855,64.82845376917474,24.15477972221034,34.588971582559665,28.23820809641108
8.886408054300027,98.93311386604981,True,6.385821831869511,207,2,0,2.025,2.025,3.4040043562792683,15.62881989774522,-1.581985159183707,-1.2527972378226593,-47.1263507769209,107.54217210486584,1.7449999999999988,1.0,610,5,2,233,0.3819672131147541,11.530089410743239,0.3714103915906385,PLL96-IQ-corrected,safe_range,selection_envelope,80352,PAL,30,5,1000000.0,waveform;detail_floor;sync;h_jitter_us;v_jitter_us;h_width_rmse_us;sync_error_ire;stress_waveform;reference_detail;burst_gain;burst_phase_jitter_deg;burst_amplitude_jitter_pct;burst_rmse_ire;h_missing;v_missing;vertical_trains;sync_error_ire,False,bars,0.3807412901189122,-113.48948404811684,23.264549401883375,33.53088556253866,17.233263772222053
23.45491984616555,97.52091250423015,True,0.0,0,0,2,0.025,0.025,0.009109983714512805,0.36420489751184904,1.005994727595937,-0.6325273112860327,-46.03637131941714,109.79893875563718,0.025,0.025,610,0,2,0,0.0,31.118851056292968,0.9527740928357382,floating-PLL-IQ40,safe_range,selection_envelope,80352,PAL,30,5,1000000.0,,True,bars,0.5218498368734309,16.9815241534576,5.469618263621952,10.927244906336155,6.382710664463656
4.497380931905044,44.7340706455001,True,88.3814303638645,610,8,0,2.025,2.025,1000000.0,48.29593107801462,26.538267501673666,-26.399764552941143,3.5707367427330325,81.37868156545397,1000000.0,1000000.0,610,610,2,0,0.0,4.645353598010578,0.6246422490241095,HC50,safe_range,selection_envelope,80352,PAL,30,5,1000000.0,contrast;waveform;detail_floor;sync;h_jitter_us;v_jitter_us;h_width_rmse_us;sync_error_ire;black_error_ire;white_error_ire;contrast;stress_waveform;reference_detail;burst_gain;burst_rmse_ire;h_missing;v_missing;vertical_trains;sync_error_ire;black_error_ire;white_error_ire,False,bars,0.41621433593175916,98.69333141378549,6.623326786276935,12.55356618818873,30.229158557292912
11.840237510552669,98.62847943320496,True,3.6555834378920955,0,0,2,0.075,0.075,0.04793908361352893,3.6638279373230036,-1.369691693208901,-2.3518800753177587,-51.8018311303509,111.92277063396836,0.075,0.075,610,0,2,0,0.0,16.876045191986773,0.4806149777026682,PLL96-board-fixed,safe_range,selection_envelope,80352,PAL,30,5,1000000.0,waveform;detail_floor;stress_waveform;reference_detail;burst_gain;burst_phase_jitter_deg;burst_amplitude_jitter_pct;burst_rmse_ire,True,bars,0.42419277364787056,-99.86765506563908,22.96694462348785,30.282089877104312,15.765115176125597
17.00685834470502,98.43148176117072,True,0.2233375156838143,0,0,2,0.05,0.025,0.05482834614488756,0.3831280364733501,0.24657808696067418,-3.6712860250228507,-44.543730238154225,109.04150795532757,0.05,0.025,610,0,2,0,0.0,27.773416900679454,0.7759610759780258,RNG-6bfe707c5168,safe_range,selection_envelope,80352,PAL,30,5,1000000.0,,True,bars,0.8951972100179033,-55.88509926750695,8.039424443301339,14.208008971347263,11.302321498101955
15.702849512379494,98.16700417792832,True,0.24780426599749059,0,0,2,0.05,0.05,0.03210510403219452,0.5391458498677941,1.3726669352843723,-0.8062749551846726,-45.870818651621924,117.42278039981858,0.05,0.05,610,0,2,0,0.0,29.40348280121772,0.7120707049867419,RNG-9acb593cb4b5,safe_range,selection_envelope,80352,PAL,30,5,1000000.0,reference_detail;burst_phase_jitter_deg,True,bars,0.7737187733075513,-54.8758799434761,14.437561107347596,23.833490672497902,11.326558759983703
15.774181838080425,97.44061341278355,True,0.2371392722710163,0,0,2,0.05,0.05,0.030818745626115494,0.40866783091498027,1.49509141386455,-2.5197796712304243,-45.86029735470626,114.63511436024541,0.05,0.05,610,0,2,0,0.0,28.454617390859667,0.7159929823741381,RNG-9eaa767b9394,safe_range,selection_envelope,80352,PAL,30,5,1000000.0,burst_phase_jitter_deg,True,bars,0.7665416599664419,-54.31605105155728,14.287690854647158,23.67301132568505,11.192581096778776
17.007439784375336,97.61432539777536,True,0.22020075282308657,0,0,2,0.05,0.04124999999999999,0.04617544944174925,0.37764717524700103,0.5158194401075655,-4.408969234554421,-43.66943694565492,110.452040275048,0.05,0.04124999999999999,610,0,2,0,0.0,27.186845843415494,0.7758342697069736,RNG-80057c8f88f8,safe_range,selection_envelope,80352,PAL,30,5,1000000.0,,True,bars,0.8587630725211917,-55.26547568331007,8.59451545635193,14.19390673972112,11.021647890971138
17.015443797592265,97.70443309642008,True,0.2120451693851945,0,0,2,0.05,0.04124999999999999,0.04748813484250221,0.2980793910138632,0.515127179418819,-4.313292738036204,-45.3602609010609,110.45204027504798,0.05,0.04124999999999999,610,0,2,0,0.0,27.30052888156834,0.7758584185346948,RNG-73849a906c4b,safe_range,selection_envelope,80352,PAL,30,5,1000000.0,,True,bars,0.8611182623769507,-55.33430477822832,8.564883387143494,14.22494849680454,11.035988069447052
17.030758417200605,96.54823061390724,True,0.2302383939774153,0,0,2,0.05,0.05,0.03834432011714253,0.4389388017527028,1.1425035064225257,-5.252589564207414,-44.97441309063404,109.01298631215329,0.05,0.05,610,0,2,0,0.0,25.979540243802898,0.7799195599723051,RNG-01b8a571b2c9,safe_range,selection_envelope,80352,PAL,30,5,1000000.0,white_error_ire,True,bars,0.8282339970367008,-55.64462493826543,8.600154754675843,14.699083417464294,10.902177124032216
17.02672445396677,96.89227401401814,True,0.2038895859473024,0,0,2,0.05,0.05,0.03775188628443335,0.07735742628213851,0.691891877319299,-5.1635856176013055,-44.442727554275095,110.73047771786429,0.05,0.05,610,0,2,0,0.0,26.10981865043214,0.7792980155496402,RNG-d385d45a71f7,safe_range,selection_envelope,80352,PAL,30,5,1000000.0,white_error_ire,True,bars,0.7966036209344427,-54.936302888470145,9.146939308908975,14.552569580718977,10.63382958752101
16.99261489991907,96.95800078047111,True,0.20200752823086573,0,0,2,0.05,0.05,0.038237287612151914,0.12577980781929687,0.6685572034506936,-5.133571151108959,-45.496199811462304,110.7335490170922,0.05,0.05,610,0,2,0,0.0,26.18849037717436,0.7775228640840652,RNG-13b0939bfaad,safe_range,selection_envelope,80352,PAL,30,5,1000000.0,white_error_ire,True,bars,0.8002773607909427,-55.05112900876502,9.338484901758926,14.791370646647149,10.674384898098918
16.500602033814967,95.88238047640725,True,1.0200752823086574,0,0,2,0.05,0.06624999999999999,0.04426077714458505,0.2549014762433879,1.555167301530769,-3.9138907556193914,-45.64393797177628,103.97630559025208,0.05,0.06624999999999999,610,0,2,0,0.0,24.81420617974557,0.7454792438277447,RNG-49c57570d609,safe_range,selection_envelope,80352,PAL,30,5,1000000.0,,True,bars,0.7385032656060649,-60.49654727902468,8.013154653936988,15.547407569428934,11.215972365382854
15.19273997786311,98.53348376018752,True,0.5959849435382685,0,0,2,0.05,0.05,0.021686098894128043,0.9307355266415036,1.1713392152022781,1.1448987034843288,-50.28877307446135,120.67001671662032,0.05,0.05,610,0,2,0,0.0,28.02799459537695,0.6897507403321441,RNG-fb16ed729c77,safe_range,selection_envelope,80352,PAL,30,5,1000000.0,stress_waveform;reference_detail;burst_phase_jitter_deg,True,bars,0.8311060919327121,-60.85825586800064,13.496788313674923,20.92432827353211,12.162461998647245
15.314469180139593,98.94296715548784,True,0.7860727728983689,0,0,2,0.05,0.05,0.02623975209798931,-0.9411778108343494,-0.2211793687195253,-2.1831588584369377,-65.48090701643804,123.35011860708212,0.05,0.05,610,0,2,0,0.0,27.540020677443206,0.6935428320770733,RNG-774ab9d6fe43,safe_range,selection_envelope,80352,PAL,30,5,1000000.0,stress_waveform;reference_detail,True,bars,0.8028053017777518,-58.66265121001831,12.777864323530247,23.530440160724233,11.832984674488317
15.832074911413748,96.21183870260003,True,0.19698870765370138,0,0,2,0.05,0.05,0.025122649959421213,-0.22617866175399662,1.9319605179120307,-2.5564989600450527,-58.580001732670674,111.57452297747363,0.05,0.05,610,0,2,0,0.0,24.816098882261418,0.7379055260987164,RNG-f3c2ceb92881,safe_range,selection_envelope,80352,PAL,30,5,1000000.0,,True,bars,0.9459151919532216,-50.4052238101011,11.842593401218235,22.437919269313667,11.389344858437761
16.764220973941974,97.84185392007477,True,0.3477166605954234,0,0,2,0.05,0.025,0.019881069312188603,-0.20212046389680968,1.3197453851134915,-1.4749031187668737,-58.30892901178721,119.79073594727998,0.05,0.025,506,0,2,0,0.0,28.131854983967347,0.7735570938592297,OVP56,safe_range,selection_envelope,80352,NTSC,30,5,1000000.0,,True,bars,0.8955268634395985,-48.535351369769124,7.362589209145854,12.306329647818526,11.296181917879004
17.28185850239417,98.41198881244459,True,0.337932425557024,0,0,2,0.025,0.025,0.012275654752588275,-0.6458625948368812,1.1364592047875641,-0.9684728722093078,-54.16490194299473,117.66361268076648,0.025,0.025,506,0,2,0,0.0,28.660807153076917,0.7942827905288901,VLP56,safe_range,selection_envelope,80352,NTSC,30,5,1000000.0,,True,bars,0.8981718745037193,-48.533859207184435,6.031003640374092,11.193606558887414,11.055331118857675
16.60856034545622,95.82845667432287,True,0.9889603723428274,0,0,2,0.075,0.05,0.04379761666228475,0.27374341842972216,1.5532527873435367,-4.0208175122531244,-45.698693955181334,104.02665762669326,0.075,0.05,506,0,2,0,0.0,24.756706113414324,0.7623858754707935,RANGE32,safe_range,selection_envelope,80352,NTSC,30,5,1000000.0,,True,bars,0.800483405620541,-48.52808689841132,6.68739454642435,13.015305383998893,10.749119443912052
-6.671005968420092,-82.6870563944635,False,612.4329027266406,506,12,50,2.025,2.025,1000000.0,81.99525371810034,21.889487115690738,-157.5749230217558,-69.03559308768209,68.2600319074879,1000000.0,1000000.0,506,506,2,1275,2.5197628458498023,-6.7203412860862874,-0.3541090066590066,PLL96-rejected-board,safe_range,selection_envelope,80352,NTSC,30,5,1000000.0,contrast;waveform;detail_floor;sync;h_jitter_us;v_jitter_us;h_width_rmse_us;sync_error_ire;black_error_ire;white_error_ire;contrast;stress_waveform;reference_detail;burst_gain;burst_phase_jitter_deg;burst_amplitude_jitter_pct;burst_rmse_ire;h_missing;v_missing;vertical_trains;sync_error_ire;black_error_ire;white_error_ire,False,bars,0.44424148691383936,81.94414195276833,35.278924663450255,29.136384180724136,28.840226713171386
8.856629070158249,98.30935590760643,True,6.478668862349361,193,5,0,2.025,2.025,3.399321018465522,15.594751495026353,-1.5905141967970078,-1.3480360069455621,-46.83156598633521,107.4444188186541,1.8,1.4249999999999994,506,6,2,221,0.4367588932806324,11.629541226977377,0.3557367526178594,PLL96-IQ-corrected,safe_range,selection_envelope,80352,NTSC,30,5,1000000.0,waveform;detail_floor;sync;h_jitter_us;v_jitter_us;h_width_rmse_us;sync_error_ire;stress_waveform;reference_detail;burst_gain;burst_phase_jitter_deg;burst_amplitude_jitter_pct;burst_rmse_ire;h_missing;v_missing;vertical_trains;sync_error_ire,False,bars,0.5197220587151941,-95.49950736523155,35.01231202372356,24.406272179341414,18.286797620294013
23.934686382760276,97.45640745541098,True,0.0,0,0,2,0.025,0.025,0.009624881293862726,0.39896460246331644,0.9985598726952488,-0.7233642459356378,-46.615190998150034,109.58974725732551,0.025,0.025,506,0,2,0,0.0,30.998743469142006,0.961656967911175,floating-PLL-IQ40,safe_range,selection_envelope,80352,NTSC,30,5,1000000.0,,True,bars,0.6230593263711508,8.079708186821536,4.116572683596871,8.198940730875414,5.5443130771171845
4.4494371523184535,44.711030230977855,True,94.27035196151333,506,12,0,2.025,2.025,1000000.0,48.30476454878905,26.50356320310476,-26.458098954082214,3.536762356832952,81.11945377609342,1000000.0,1000000.0,506,506,2,0,0.0,4.591559728944313,0.6409736121729934,HC50,safe_range,selection_envelope,80352,NTSC,30,5,1000000.0,contrast;waveform;detail_floor;sync;h_jitter_us;v_jitter_us;h_width_rmse_us;sync_error_ire;black_error_ire;white_error_ire;contrast;stress_waveform;reference_detail;burst_gain;burst_rmse_ire;h_missing;v_missing;vertical_trains;sync_error_ire;black_error_ire;white_error_ire,False,bars,0.4452299874658652,80.35685626823206,5.382757184247415,9.734770183194847,30.353801553282423
11.826179021413568,98.30514330059236,True,3.6961829441214813,0,0,2,0.075,0.075,0.04758236046759329,3.6714011421363386,-1.40003899060066,-2.44580019680264,-58.62651256688846,111.82125010668958,0.075,0.075,506,0,2,0,0.0,16.976623168434482,0.4833245863472261,PLL96-board-fixed,safe_range,selection_envelope,80352,NTSC,30,5,1000000.0,waveform;detail_floor;stress_waveform;reference_detail;burst_phase_jitter_deg;burst_rmse_ire,True,bars,0.5941588554177502,-86.32612286188731,33.638735056889345,20.718598667650642,16.66991699957459
17.17004777078806,98.42713228821486,True,0.24385324249549173,0,0,2,0.05,0.025,0.05523485609706284,0.3993469319098793,0.2464444151271753,-3.7533539736769437,-43.670689317937345,108.25348332745563,0.05,0.025,506,0,2,0,0.0,27.790215253398994,0.7940813719778039,RNG-6bfe707c5168,safe_range,selection_envelope,80352,NTSC,30,5,1000000.0,,True,bars,0.9702548384686014,-44.6198345755786,7.059007388915095,9.755406496009504,10.806881625143438
15.829623817529846,98.1447318489899,True,0.25589537792736783,0,0,2,0.05,0.05,0.03272459639913326,0.5514727978890823,1.3720061746505376,-0.8985129176582322,-45.87571793960835,117.2127816048332,0.05,0.05,506,0,2,0,0.0,29.40384264092359,0.7307103520723736,RNG-9acb593cb4b5,safe_range,selection_envelope,80352,NTSC,30,5,1000000.0,reference_detail,True,bars,0.8624983649903812,-44.40513170787385,10.92590878602622,18.867608490095183,11.024798487815033
15.905606087890177,97.43116930312993,True,0.24535850942447623,0,0,2,0.05,0.05,0.031883402945720986,0.426701142612005,1.4927285460573105,-2.6101400275099844,-46.07138450149281,115.03441168516378,0.05,0.05,506,0,2,0,0.0,28.417294350112105,0.7348573377266059,RNG-9eaa767b9394,safe_range,selection_envelope,80352,NTSC,30,5,1000000.0,,True,bars,0.852075791482801,-43.823023613654215,10.609337760442077,18.94794943666826,10.852581159242122
17.170444063795575,97.62504332154431,True,0.23933744170853818,0,0,2,0.05,0.025,0.04706032206693318,0.3914700706981887,0.5178484715617016,-4.486909978918235,-43.63092861475414,108.67865315400749,0.05,0.025,506,0,2,0,0.0,27.190065097402783,0.7938723324394129,RNG-80057c8f88f8,safe_range,selection_envelope,80352,NTSC,30,5,1000000.0,,True,bars,0.9363544063524072,-44.12921639554986,7.356101143458089,10.144749882146323,10.507164977008308
17.180707785264907,97.71355278266371,True,0.23406900745709236,0,0,2,0.05,0.025,0.04815006597871846,0.31721392899881357,0.5170092312495708,-4.390649485249697,-45.643152506264755,109.31608208366845,0.05,0.025,506,0,2,0,0.0,27.30527817658972,0.7939807089221814,RNG-73849a906c4b,safe_range,selection_envelope,80352,NTSC,30,5,1000000.0,,True,bars,0.9379068912596724,-44.187205809148104,7.330910237876095,10.22385742235629,10.521581281056145
17.193726401654953,96.56132010762985,True,0.24535850942447623,0,0,2,0.05,0.05,0.03902530343636543,0.45590429976984104,1.143678283792034,-5.33202596484284,-44.614735668921824,107.69575325737031,0.05,0.05,506,0,2,0,0.0,25.973048779129254,0.7977306285213455,RNG-01b8a571b2c9,safe_range,selection_envelope,80352,NTSC,30,5,1000000.0,white_error_ire,True,bars,0.9032186456025713,-44.393186895253045,7.397408573796774,10.319045850531829,10.397424265833084
17.190263652396776,96.90084287180564,True,0.2280479397411543,0,0,2,0.05,0.025,0.03729356883806968,0.09856004708130539,0.6940191432222358,-5.2462830263193085,-44.40916527323082,108.95487674868284,0.05,0.025,506,0,2,0,0.0,26.108253832876557,0.796796781547533,RNG-d385d45a71f7,safe_range,selection_envelope,80352,NTSC,30,5,1000000.0,white_error_ire,True,bars,0.8630431842572157,-43.85176745741299,7.9610860547347135,10.941902384128893,10.13433044656446
17.15683446763763,96.96897568978984,True,0.22880057320564656,0,0,2,0.05,0.025,0.038643628705463104,0.14062192429849385,0.6711592306461271,-5.212497436905079,-45.62751159534219,108.95794525234646,0.05,0.025,506,0,2,0,0.0,26.188153185079702,0.7951874335055096,RNG-13b0939bfaad,safe_range,selection_envelope,80352,NTSC,30,5,1000000.0,white_error_ire,True,bars,0.8683433615055346,-43.94265259280705,7.989612180083042,10.73362834837383,10.1759574905906
16.60856034545622,95.82845667432287,True,0.9889603723428274,0,0,2,0.075,0.05,0.04379761666228475,0.27374341842972216,1.5532527873435367,-4.0208175122531244,-45.698693955181334,104.02665762669326,0.075,0.05,506,0,2,0,0.0,24.756706113414324,0.7623858754707935,RNG-49c57570d609,safe_range,selection_envelope,80352,NTSC,30,5,1000000.0,,True,bars,0.800483405620541,-48.52808689841132,6.68739454642435,13.015305383998893,10.749119443912052
15.327979823652528,98.47221092907738,True,0.6058699389162681,0,0,2,0.05,0.05,0.02206037350208249,0.9611144052599856,1.1686502085799313,1.0316107599216635,-50.322668375160966,118.56524872255437,0.05,0.05,506,0,2,0,0.0,28.126426244164783,0.7090844765204307,RNG-fb16ed729c77,safe_range,selection_envelope,80352,NTSC,30,5,1000000.0,stress_waveform;reference_detail;burst_phase_jitter_deg,True,bars,0.8922412477801935,-48.14449744831905,11.734213452676078,19.44213550679101,11.542506858628347
15.407819267194135,98.90401920836888,True,0.7819861696074565,0,0,2,0.05,0.036249999999999984,0.026064301757134346,-0.8979629856895253,-0.20386966594152706,-2.28396992879433,-64.96673108618482,123.2107492682639,0.05,0.036249999999999984,506,0,2,0,0.0,27.56723641218041,0.7098779457381375,RNG-774ab9d6fe43,safe_range,selection_envelope,80352,NTSC,30,5,1000000.0,stress_waveform;reference_detail,True,bars,0.8639001297698212,-47.1980756451035,9.928320665932285,18.96774503382826,11.408112465921828
15.948857946300626,96.22356215225744,True,0.21600580430927815,0,0,2,0.05,0.036249999999999984,0.024726767752342012,-0.20610156973084998,1.9411406419063033,-2.6360928335705873,-55.19364991009182,112.10884458315857,0.05,0.036249999999999984,506,0,2,0,0.0,24.831680172033042,0.7550723507449515,RNG-f3c2ceb92881,safe_range,selection_envelope,80352,NTSC,30,5,1000000.0,,True,bars,0.9918372822674353,-40.46011133702456,10.315411796208588,16.38403407805729,10.912956897137697
15.766108351031223,97.17963130222144,True,0.3983688833124216,0,0,2,0.05,0.05,0.018855577076431415,0.6252694063236443,1.0446319073927763,-1.6274112723916154,-52.63320339768471,123.65645405211123,0.05,0.05,610,0,2,0,0.0,27.803597986056463,0.7195448759409286,OVP56,safe_range,selection_envelope,80353,PAL,30,3,500000.0,,True,bars,0.849270293680175,-60.09694655299518,16.026558992638154,21.192489763683394,12.149424988399199
15.991088614361932,97.03137502645279,True,0.3488080301129235,0,0,2,0.05,0.025,0.01675522918130435,0.7441817763498207,1.5583301815926267,-1.406066841762718,-51.8599787785638,120.9875184942455,0.05,0.025,610,0,2,0,0.0,27.97657629772022,0.7288063009753132,VLP56,safe_range,selection_envelope,80353,PAL,30,3,500000.0,,True,bars,0.8510097335264963,-60.22766118219046,17.218175496915716,20.804919367034323,11.984950996455682
15.855634591324907,96.2860602752041,True,0.7214554579673776,0,0,2,0.075,0.06624999999999999,0.05764326414802812,1.835389118400269,2.2073954469150356,-0.6959214103547335,-45.762213999364334,109.67471406928522,0.075,0.06624999999999999,610,0,2,0,0.0,25.24713397318554,0.7135742591615526,RANGE32,safe_range,selection_envelope,80353,PAL,30,3,500000.0,,True,bars,0.7534088799597082,-65.37504128880096,14.587225028891803,20.0922365220474,12.429982955933996
-6.348859290419426,-96.51490616678373,False,655.3764115432873,610,8,33,2.025,2.025,1000000.0,136.23719388056915,39.29602382619413,-142.17443404536684,-56.66886187296718,108.45061916504457,1000000.0,1000000.0,610,610,2,1208,1.980327868852459,-6.384790547303709,-0.3796289326229802,PLL96-rejected-board,safe_range,selection_envelope,80353,PAL,30,3,500000.0,contrast;waveform;detail_floor;sync;h_jitter_us;v_jitter_us;h_width_rmse_us;sync_error_ire;black_error_ire;white_error_ire;contrast;stress_waveform;reference_detail;burst_gain;burst_phase_jitter_deg;burst_amplitude_jitter_pct;burst_rmse_ire;h_missing;v_missing;vertical_trains;sync_error_ire;black_error_ire;white_error_ire,False,bars,0.26524842989889563,54.12629492075255,31.624549466560634,56.957441810574096,42.96854371711638
9.491347920940067,102.73836920406367,True,5.867001254705144,0,0,2,0.35,0.1,0.11300206729575682,2.2804379232570677,2.1949483555520604,5.427878729523355,-52.69797017498527,114.03016921347444,0.35,0.1,610,0,2,0,0.0,12.584515101805058,0.37578386398873215,PLL96-IQ-corrected,safe_range,selection_envelope,80353,PAL,30,3,500000.0,waveform;detail_floor;white_error_ire;stress_waveform;reference_detail;burst_gain;burst_phase_jitter_deg;burst_amplitude_jitter_pct;burst_rmse_ire,True,bars,0.3183418902213393,-122.92219530684156,29.554410264167874,56.44122131538503,17.698842769375755
21.53698085006482,95.8878374256028,True,0.0,0,0,2,0.025,0.025,0.018135419560157708,2.2161668468328966,2.2890756427836094,-0.6802547997230877,-46.70474827120445,113.03393670394095,0.025,0.025,610,0,2,0,0.0,27.424749925364882,0.9314579468499815,floating-PLL-IQ40,safe_range,selection_envelope,80353,PAL,30,3,500000.0,,True,bars,0.5364481491188533,13.048287353413858,6.9668124451082765,10.009649048838451,6.438705927852522
3.5223396617963565,44.234570916730725,True,95.44730238393979,610,8,0,2.025,2.025,1000000.0,54.65564434343545,32.5014664255852,-20.973299506182233,8.766659499305547,90.20033490779346,1000000.0,1000000.0,610,610,2,0,0.0,3.634561554787417,0.556236621490598,HC50,safe_range,selection_envelope,80353,PAL,30,3,500000.0,contrast;waveform;detail_floor;sync;h_jitter_us;v_jitter_us;h_width_rmse_us;sync_error_ire;black_error_ire;white_error_ire;contrast;stress_waveform;reference_detail;burst_gain;burst_rmse_ire;h_missing;v_missing;vertical_trains;sync_error_ire;black_error_ire;white_error_ire,False,bars,0.4100711906807305,98.59022578231043,13.85317653347202,17.749396475434573,35.74084728966353
12.368657485665441,102.22129127988667,True,3.933500627352572,0,0,2,0.075,0.075,0.066760521366409,-2.61110920493859,-2.078788139414759,0.7916674942298801,-50.653410315050884,114.84617684250517,0.075,0.075,610,0,2,0,0.0,16.783080153511868,0.5262228882102797,PLL96-board-fixed,safe_range,selection_envelope,80353,PAL,30,3,500000.0,waveform;detail_floor;stress_waveform;reference_detail;burst_gain;burst_phase_jitter_deg;burst_amplitude_jitter_pct,True,bars,0.45909289186473196,-96.74511168185624,28.98197117948613,32.91924396158033,15.023901200669274
15.781811675086896,99.8247788894493,True,0.3720200752823086,0,0,2,0.075,0.05,0.07404445939577867,1.0547191887339542,-1.2717630902014776,-0.6112006084839544,-45.4593479722718,118.12864116171522,0.075,0.05,610,0,2,0,0.0,27.307639007505205,0.722478274249804,RNG-6bfe707c5168,safe_range,selection_envelope,80353,PAL,30,3,500000.0,burst_phase_jitter_deg,True,bars,0.868746170176556,-59.61926561158974,23.139239111055456,23.025122042240174,12.179479648191784
15.238425120885841,96.62565662062923,True,0.4203262233375157,0,0,2,0.075,0.075,0.07300628762501819,2.637605876425274,2.109500296547614,-1.2422598192288135,-43.64781049727516,119.30369461880426,0.075,0.075,610,0,2,0,0.0,26.29226817227352,0.6840088787581494,RNG-9acb593cb4b5,safe_range,selection_envelope,80353,PAL,30,3,500000.0,,True,bars,0.76998973056397,-69.87746384145595,17.63708648432992,22.08239647988348,13.290918251252032
15.326010811709143,96.26731263922404,True,0.4027603513174404,0,0,2,0.075,0.075,0.07535435414443276,2.8817086271632113,2.374117378728651,-1.6783041815619668,-43.194244517041255,118.58986136393986,0.075,0.075,610,0,2,0,0.0,25.810384611228937,0.6902540519468751,RNG-9eaa767b9394,safe_range,selection_envelope,80353,PAL,30,3,500000.0,,True,bars,0.7720786060934286,-67.45018971757739,17.144101435869675,21.244563272455622,12.965247709470052
16.11665943329222,99.02989241530575,True,0.29987452948557086,0,0,2,0.075,0.05,0.07051479323924711,1.113158884587578,-0.40803566618070186,-1.27218894725349,-45.41276519815822,116.50084613723098,0.075,0.05,610,0,2,0,0.0,28.06834436962262,0.7334712165665237,RNG-80057c8f88f8,safe_range,selection_envelope,80353,PAL,30,3,500000.0,burst_phase_jitter_deg,True,bars,0.8653913547684946,-57.61653849701877,23.38331682474854,25.498167505323295,11.731391946861983
15.927110312475241,97.3900944789286,True,0.31430363864491845,0,0,2,0.075,0.05,0.03872983346207417,5.700265804415514,-0.5806960860312791,-1.259263011648818,-39.39006536282791,117.1311720401111,0.075,0.05,610,0,2,0,0.0,25.792490724187044,0.7334894806386364,RNG-73849a906c4b,safe_range,selection_envelope,80353,PAL,30,3,500000.0,sync_error_ire;burst_phase_jitter_deg,True,bars,0.8621330539876204,-57.77519825355692,23.4794219111986,25.003028131058414,11.768237273792526
16.248525064281118,97.98952722612344,True,0.3193224592220828,0,0,2,0.075,0.05,0.06074165934783038,1.2636558086662903,0.48354959982420886,-2.010500533204782,-46.682529815913995,116.56720838993272,0.075,0.05,610,0,2,0,0.0,27.935359201800928,0.736332525823341,RNG-01b8a571b2c9,safe_range,selection_envelope,80353,PAL,30,3,500000.0,burst_phase_jitter_deg,True,bars,0.8436557152478332,-58.659885932174106,24.09866059383044,25.728584665319303,11.697540320806008
16.376036629248784,97.45747004904243,True,0.2685069008782936,0,0,2,0.075,0.05,0.06615152749683059,1.284195149400939,1.1656006195995257,-2.3546546093295,-47.74465903544923,115.87337494741283,0.075,0.05,610,0,2,0,0.0,27.587000816583533,0.7418739419598559,RNG-d385d45a71f7,safe_range,selection_envelope,80353,PAL,30,3,500000.0,burst_phase_jitter_deg,True,bars,0.8263021696869559,-57.42589409861106,24.751126934025727,26.775906723495023,11.496704469816926
16.36253475844168,96.5135931283776,True,0.273525721455458,0,0,2,0.075,0.05,0.03756142510259301,4.164240802523144,0.8391584961739137,-2.38903498637377,-41.99839624184952,116.433253582611,0.075,0.05,610,0,2,0,0.0,26.884926052830775,0.7452692169012959,RNG-13b0939bfaad,safe_range,selection_envelope,80353,PAL,30,3,500000.0,burst_phase_jitter_deg,True,bars,0.8267331303610139,-57.34450939695758,25.022330736073084,27.94960570032749,11.476216743902652
15.855634591324907,96.2860602752041,True,0.7214554579673776,0,0,2,0.075,0.06624999999999999,0.05764326414802812,1.835389118400269,2.2073954469150356,-0.6959214103547335,-45.762213999364334,109.67471406928522,0.075,0.06624999999999999,610,0,2,0,0.0,25.24713397318554,0.7135742591615526,RNG-49c57570d609,safe_range,selection_envelope,80353,PAL,30,3,500000.0,,True,bars,0.7534088799597082,-65.37504128880096,14.587225028891803,20.0922365220474,12.429982955933996
15.181149888788088,96.53114053730465,True,0.46361355081555833,0,0,2,0.05,0.05,0.02369547234887006,2.8516111759267155,1.8768067486218096,-0.8479618268633076,-45.11570334327907,126.78878117222166,0.05,0.05,610,0,2,0,0.0,26.78285132480212,0.6913387860249944,RNG-fb16ed729c77,safe_range,selection_envelope,80353,PAL,30,3,500000.0,,True,bars,0.8293220261209461,-60.216319794599436,16.10643925044348,23.33805109959,12.362935009277498
15.34464001019009,98.35321590059846,True,0.4473023839397741,0,0,2,0.1,0.05,0.03454920463604924,-4.729636153877737,2.5084492827030016,-2.6834506908978972,-56.165095184855915,125.69379290745255,0.1,0.05,610,0,2,0,0.0,24.17946519431461,0.710857402044681,RNG-774ab9d6fe43,safe_range,selection_envelope,80353,PAL,30,3,500000.0,,True,bars,0.8151625114339003,-60.365927042746705,15.265762094771762,21.396019546819147,12.214939427526891
14.461499919091496,95.03542006332633,True,0.16813048933500627,0,0,2,0.05,0.05,0.02777618392512951,3.0551111744219757,4.5276435406286755,1.4896778981204981,-53.76546301841025,119.34757915699848,0.05,0.05,610,0,2,0,0.0,22.23162809188096,0.7018309281820286,RNG-f3c2ceb92881,safe_range,selection_envelope,80353,PAL,30,3,500000.0,stress_waveform;burst_gain,True,bars,0.9854325996387703,-37.15564047828134,17.245499836153318,19.930849388369953,10.752913928322561
15.85446989045517,97.25876269997359,True,0.37857463263960595,0,0,2,0.05,0.05,0.019088673876299818,0.541874151709516,0.966306571110452,-1.702843154819586,-52.767050605099634,123.22185822428641,0.05,0.05,506,0,2,0,0.0,27.798378260163684,0.7365892226981096,OVP56,safe_range,selection_envelope,80353,NTSC,30,3,500000.0,,True,bars,0.904273278773644,-48.89482528514588,9.446096839677796,16.020336057421837,11.806132984281668
16.10429331950204,97.1218628224893,True,0.33567452516354723,0,0,2,0.05,0.036249999999999984,0.015638581054280606,0.6510228823219352,1.4838145297249203,-1.4761254922627587,-51.54000576875004,120.91677738798198,0.05,0.036249999999999984,506,0,2,0,0.0,28.071086640354043,0.7463660827933839,VLP56,safe_range,selection_envelope,80353,NTSC,30,3,500000.0,,True,bars,0.8970363570412995,-48.82389157399911,8.169805131290778,13.684649857400105,11.56552210857335
15.934936342205152,96.36671930030171,True,0.7059701896937384,0,0,2,0.075,0.075,0.05639665773742775,1.7120288728465043,2.129314851622282,-0.7721700322836451,-45.84584202686955,109.60742353986625,0.075,0.075,506,0,2,0,0.0,25.33231141255753,0.7300271377551455,RANGE32,safe_range,selection_envelope,80353,NTSC,30,3,500000.0,,True,bars,0.8308261204373902,-53.64335842965013,10.862781503516548,16.506198646352004,12.214432290732113
-6.291041769167487,-96.43509112262696,False,654.4132921090898,506,12,26,2.025,2.025,1000000.0,136.24601689317475,39.205229670696355,-142.22583602053354,-56.69690105838395,108.38291513113226,1000000.0,1000000.0,506,506,2,982,1.9407114624505928,-6.333655790945224,-0.3451488117761663,PLL96-rejected-board,safe_range,selection_envelope,80353,NTSC,30,3,500000.0,contrast;waveform;detail_floor;sync;h_jitter_us;v_jitter_us;h_width_rmse_us;sync_error_ire;black_error_ire;white_error_ire;contrast;stress_waveform;reference_detail;burst_phase_jitter_deg;burst_rmse_ire;h_missing;v_missing;vertical_trains;sync_error_ire;black_error_ire;white_error_ire,False,bars,0.6032978280338345,63.709669233216,23.83923931737615,25.966435078972157,41.99313454022308
9.416683548540254,102.21460567536461,True,6.134715369076399,0,0,2,0.3,0.20374999999999988,0.09793444810934615,2.1173617505675812,2.1132977418411825,5.352637834918311,-52.82134567715047,113.98253607927792,0.3,0.20374999999999988,506,0,2,0,0.0,12.797431020261554,0.34279150209200465,PLL96-IQ-corrected,safe_range,selection_envelope,80353,NTSC,30,3,500000.0,waveform;detail_floor;white_error_ire;stress_waveform;reference_detail;burst_phase_jitter_deg;burst_rmse_ire,True,bars,0.6967094982815142,-113.13954380687377,23.988982539761977,24.069374299698147,20.427676658058633
21.873854323969724,95.9279227078049,True,0.0,0,0,2,0.025,0.025,0.0179205537040374,2.1371415395348117,2.2167820427700273,-0.745741802281186,-45.987556531693706,112.89074056587548,0.025,0.025,506,0,2,0,0.0,27.558506623983895,0.9409284679679234,floating-PLL-IQ40,safe_range,selection_envelope,80353,NTSC,30,3,500000.0,,True,bars,0.6416738794683405,4.318302993312538,6.850427691357397,9.853112270657338,5.674614375653589
3.4477686656876614,44.25132235878437,True,101.47004368284628,506,12,0,2.025,2.025,1000000.0,54.60229212935188,32.43243979336954,-21.03464138565129,9.374448465366335,90.13090226953891,1000000.0,1000000.0,506,506,2,0,0.0,3.5523487277947483,0.5737638588439966,HC50,safe_range,selection_envelope,80353,NTSC,30,3,500000.0,contrast;waveform;detail_floor;sync;h_jitter_us;v_jitter_us;h_width_rmse_us;sync_error_ire;black_error_ire;white_error_ire;contrast;stress_waveform;reference_detail;burst_gain;burst_rmse_ire;h_missing;v_missing;vertical_trains;sync_error_ire;black_error_ire;white_error_ire,False,bars,0.43772546580957516,79.84071720263798,11.582144506722507,17.903747138311868,35.79262520419675
12.319491644414974,102.13642742306871,True,3.958852023229279,0,0,2,0.075,0.075,0.06784915552266174,-2.7326453245033524,-2.1419154486345167,0.7367797044148552,-50.73553686278344,114.77925971309058,0.075,0.075,506,0,2,0,0.0,16.847083473676847,0.528251003283349,PLL96-board-fixed,safe_range,selection_envelope,80353,NTSC,30,3,500000.0,waveform;detail_floor;stress_waveform;reference_detail;burst_phase_jitter_deg;burst_amplitude_jitter_pct;burst_rmse_ire,True,bars,0.5848427212132179,-81.6563216893128,24.17929748800389,33.27009610492216,15.888508282137709
15.846625488126456,99.85471556522606,True,0.3454587602019466,0,0,2,0.075,0.061249999999999985,0.07414699373435107,0.9251303617217136,-1.3610480097392372,-0.6733030135986094,-45.595877452481695,115.28149660904408,0.075,0.061249999999999985,506,0,2,0,0.0,27.26174820335492,0.7384777769192055,RNG-6bfe707c5168,safe_range,selection_envelope,80353,NTSC,30,3,500000.0,,True,bars,0.9198101034233513,-48.933267751909646,12.626661662842233,17.953047793701074,11.992032685953628
15.291430390101263,96.67811658618143,True,0.3838430668910518,0,0,2,0.075,0.075,0.07357842472478081,2.5231123659815564,2.0301705871657907,-1.3120082809871898,-43.730753213283165,119.23721377010664,0.075,0.075,506,0,2,0,0.0,26.38615742487122,0.7000717677782307,RNG-9acb593cb4b5,safe_range,selection_envelope,80353,NTSC,30,3,500000.0,,True,bars,0.8552214035397722,-57.71886395748939,14.470775038753006,20.47034262499039,13.22238434532052
15.387128145050506,96.31367807440907,True,0.3620166964207763,0,0,2,0.075,0.075,0.07530406085350025,2.7812764250098314,2.294118478022581,-1.7472184204860204,-43.27720620406826,118.56707059992551,0.075,0.075,506,0,2,0,0.0,25.903666061362358,0.706536967719784,RNG-9eaa767b9394,safe_range,selection_envelope,80353,NTSC,30,3,500000.0,,True,bars,0.8500365532298131,-55.729965716698246,12.869341242436919,18.269713382884866,12.858691782974287
16.192571220819183,99.06962636849337,True,0.26191644564330596,0,0,2,0.075,0.075,0.0704744648623064,0.9844748414812009,-0.49387039745264966,-1.3440466101329815,-45.49897693498101,114.71556007989072,0.075,0.075,506,0,2,0,0.0,28.055728421759348,0.7492832953640359,RNG-80057c8f88f8,safe_range,selection_envelope,80353,NTSC,30,3,500000.0,,True,bars,0.9032747968696768,-47.30401644403297,12.071921490536994,16.6885454889038,11.531411947051481
15.991765435287155,97.34822676368123,True,0.2717006806817053,0,0,2,0.075,0.08624999999999998,0.039198995711907395,5.617183123924634,-0.6698126425916092,-1.3323634460689866,-39.475422059273534,115.23412384360493,0.075,0.08624999999999998,506,0,2,0,0.0,25.70762281323792,0.7492371589802854,RNG-73849a906c4b,safe_range,selection_envelope,80353,NTSC,30,3,500000.0,sync_error_ire,True,bars,0.9020631130190148,-47.42556959226296,11.87163242541295,16.904804894456177,11.572523096627782
16.331979403128244,98.04916368806336,True,0.29578495154545753,0,0,2,0.075,0.08624999999999998,0.06004568418898497,1.1312198822296318,0.4013301619671988,-2.075740560876059,-46.72230047952372,113.17281831578698,0.075,0.08624999999999998,506,0,2,0,0.0,27.97658667298734,0.7522162326420082,RNG-01b8a571b2c9,safe_range,selection_envelope,80353,NTSC,30,3,500000.0,,True,bars,0.8778001505217818,-47.944300153419285,10.490798964612615,16.330250845688415,11.471415702506539
16.46702329146805,97.52368944322517,True,0.24385324249549173,0,0,2,0.075,0.08624999999999998,0.06587245131234479,1.1673828972340499,1.0795104591757858,-2.4257301611349207,-47.67879502630628,114.00562774029534,0.075,0.08624999999999998,506,0,2,0,0.0,27.638360090409773,0.7577973896218766,RNG-d385d45a71f7,safe_range,selection_envelope,80353,NTSC,30,3,500000.0,,True,bars,0.859790182364797,-47.14382321330013,11.416087397102181,18.196203151928888,11.252257612821001
16.44981566429316,96.52515578706158,True,0.2506269436759221,0,0,2,0.075,0.1,0.03825814646256387,4.072554776231211,0.7527912673955143,-2.4633317505730963,-42.087814379023484,114.84836890143215,0.075,0.1,506,0,2,0,0.0,26.875680246782018,0.7610323313684768,RNG-13b0939bfaad,safe_range,selection_envelope,80353,NTSC,30,3,500000.0,,True,bars,0.8625563120185393,-46.96794700939688,11.409137287934401,17.869802549002713,11.221178886827266
15.934936342205152,96.36671930030171,True,0.7059701896937384,0,0,2,0.075,0.075,0.05639665773742775,1.7120288728465043,2.129314851622282,-0.7721700322836451,-45.84584202686955,109.60742353986625,0.075,0.075,506,0,2,0,0.0,25.33231141255753,0.7300271377551455,RNG-49c57570d609,safe_range,selection_envelope,80353,NTSC,30,3,500000.0,,True,bars,0.8308261204373902,-53.64335842965013,10.862781503516548,16.506198646352004,12.214432290732113
15.266011913609086,96.5790725545901,True,0.45383797908883183,0,0,2,0.05,0.061249999999999985,0.025850168767271958,2.7550489737671104,1.796041788298354,-0.9266579058141864,-45.4270023371778,126.04341383655897,0.05,0.061249999999999985,506,0,2,0,0.0,26.880413246072745,0.7082619202301834,RNG-fb16ed729c77,safe_range,selection_envelope,80353,NTSC,30,3,500000.0,,True,bars,0.8930758186345276,-48.98359492089366,14.016034127925991,20.125969363923673,12.002439022782932
15.405705920814828,98.50187975538783,True,0.4342695090120331,0,0,2,0.1,0.05,0.034738577614858636,-4.776586696083709,2.4389831452166444,-2.7569775089564073,-56.58612884415854,126.9158935810385,0.1,0.05,506,0,2,0,0.0,24.110185940181154,0.7270680125309171,RNG-774ab9d6fe43,safe_range,selection_envelope,80353,NTSC,30,3,500000.0,,True,bars,0.8749351750833214,-48.96208939180849,13.90631956006886,20.163770342364646,11.820434366418553
14.538825106305111,95.06320745850493,True,0.15955829447235878,0,0,2,0.05,0.05,0.02561014343263849,2.975491745100201,4.46690644510135,1.4083113013715396,-52.90199475628078,113.23085929281821,0.05,0.05,506,0,2,0,0.0,22.27435721910982,0.7155489304171828,RNG-f3c2ceb92881,safe_range,selection_envelope,80353,NTSC,30,3,500000.0,stress_waveform;burst_phase_jitter_deg,True,bars,0.9613047318705428,-31.571956168426052,19.292862118962123,23.428866972544718,10.407870341768252
15.939066064625917,97.5135318131154,True,0.37013801756587206,0,0,2,0.05,0.05,0.019364916731037084,0.9164665778231389,0.8293184581564838,-1.302210992674691,-61.16397167171533,117.69698288205157,0.05,0.05,610,0,2,0,0.0,27.12979174695012,0.7259533427663616,OVP56,safe_range,selection_envelope,80354,PAL,30,3,1500000.0,,True,bars,0.8193841816964608,-60.28080596633768,9.452199153221027,23.39436383696037,11.783204790672912
16.04846940399621,97.45739223215077,True,0.3726474278544542,0,0,2,0.05,0.05,0.020066487844818022,1.122276118334911,0.8831241372081745,-1.407032777759901,-57.103841283570574,117.63122746040801,0.05,0.05,610,0,2,0,0.0,27.848698106504916,0.7284604854383523,VLP56,safe_range,selection_envelope,80354,PAL,30,3,1500000.0,,True,bars,0.8154820168923351,-60.216494841743135,8.637125458476186,20.672054502145578,11.613100151927137
15.951681225682757,95.21564163959597,True,1.6336260978670012,0,0,2,0.05,0.05,0.019783666056192688,2.542640368470769,1.8899488251638794,-3.2031183334493605,-50.34848835470841,102.58148449034124,0.05,0.05,610,0,2,0,0.0,24.319439544462746,0.7100099622737058,RANGE32,safe_range,selection_envelope,80354,PAL,30,3,1500000.0,,True,bars,0.794360649420063,-60.173189163691404,8.929398851220279,24.417963577907233,11.544760450160028
-7.619658105944382,-73.33254192491482,False,668.7107904642409,610,8,62,2.025,2.025,1000000.0,66.99480613794123,-8.485731365194646,-170.31044961781484,-79.38213869516227,50.21723469918034,1000000.0,1000000.0,610,610,2,1889,3.09672131147541,-7.695229000237013,-0.41038483411728294,PLL96-rejected-board,safe_range,selection_envelope,80354,PAL,30,3,1500000.0,contrast;waveform;detail_floor;sync;h_jitter_us;v_jitter_us;h_width_rmse_us;sync_error_ire;black_error_ire;white_error_ire;contrast;stress_waveform;reference_detail;burst_gain;burst_phase_jitter_deg;burst_amplitude_jitter_pct;burst_rmse_ire;h_missing;v_missing;vertical_trains;sync_error_ire;black_error_ire;white_error_ire,False,bars,0.2331605403305673,69.77529329879262,19.618797418302865,41.43495602183583,14.89769184971821
8.908458636169991,90.83431647215471,True,6.67314930991217,610,8,0,2.025,2.025,1000000.0,12.474974861569837,10.550072480582788,-8.296768104269455,-50.774189854517104,107.46577548301869,1000000.0,1000000.0,610,610,2,0,0.0,10.578472697280626,0.43502848149410245,PLL96-IQ-corrected,safe_range,selection_envelope,80354,PAL,30,3,1500000.0,waveform;detail_floor;sync;h_jitter_us;v_jitter_us;h_width_rmse_us;sync_error_ire;black_error_ire;white_error_ire;stress_waveform;reference_detail;burst_gain;burst_phase_jitter_deg;burst_amplitude_jitter_pct;burst_rmse_ire;h_missing;v_missing;vertical_trains;sync_error_ire;black_error_ire;white_error_ire,False,bars,0.20269799660976168,-109.76745922042534,19.05045106822367,42.82764565444675,17.121068246193893
21.62441911713751,96.49005620957317,True,0.0,0,0,2,0.025,0.016249999999999987,0.021400743054358847,1.3355931401129826,1.5377202587156256,-1.7604360284867409,-45.90173310834024,110.32002923880654,0.025,0.016249999999999987,610,0,2,0,0.0,29.073397000424936,0.9251064240900654,floating-PLL-IQ40,safe_range,selection_envelope,80354,PAL,30,3,1500000.0,burst_gain,True,bars,0.487381778073685,13.799459078410761,5.906393846735619,13.026098332617993,6.772941139194706
4.956046674342316,44.84474983118908,True,83.08720200752823,610,8,0,2.025,2.025,1000000.0,43.43070518497031,21.93519022131483,-30.050746663029706,-2.8189849640213396,79.60837815805053,1000000.0,1000000.0,610,610,2,0,0.0,5.155639542886561,0.5803038730764873,HC50,safe_range,selection_envelope,80354,PAL,30,3,1500000.0,contrast;waveform;detail_floor;sync;h_jitter_us;v_jitter_us;h_width_rmse_us;sync_error_ire;black_error_ire;white_error_ire;contrast;stress_waveform;reference_detail;burst_gain;burst_rmse_ire;h_missing;v_missing;vertical_trains;sync_error_ire;black_error_ire;white_error_ire,False,bars,0.39888118289248903,98.85497886633576,8.727940913520435,23.987478522079588,25.956507581476593
11.951969701666997,93.03090725104636,True,4.024466750313676,0,0,2,0.125,0.1,0.05067171746467325,3.3674003044789926,9.665900029835825,-6.640832517636762,-48.622118220468636,101.15101923386803,0.125,0.1,610,0,2,0,0.0,15.216390378862377,0.5375112698901533,PLL96-board-fixed,safe_range,selection_envelope,80354,PAL,30,3,1500000.0,waveform;detail_floor;black_error_ire;white_error_ire;stress_waveform;reference_detail;burst_gain;burst_phase_jitter_deg;burst_amplitude_jitter_pct;black_error_ire,True,bars,0.37119586377805086,-83.67805640132443,16.649839264760676,54.724887620792565,14.49143989193577
16.405056547467698,97.6251862560932,True,0.7427854454203262,0,0,2,0.05,0.05,0.023760243692518578,-0.5424586853205856,2.108239857935006,-2.758853237986211,-47.480553728928776,103.53048599119285,0.05,0.05,610,0,2,0,0.0,26.65884542521639,0.7415965099701586,RNG-6bfe707c5168,safe_range,selection_envelope,80354,PAL,30,3,1500000.0,,True,bars,0.8515868410167764,-58.05337249449178,9.664573305395677,24.608408679985544,11.556241053553698
15.88507123733481,97.1341998126649,True,0.6355081555834379,0,0,2,0.05,0.05,0.02147243753677006,1.2575645521885637,2.202117793065493,-1.2914911729538254,-45.895176400199915,112.46655526867312,0.05,0.05,610,0,2,0,0.0,27.74792260511136,0.7134114004026507,RNG-9acb593cb4b5,safe_range,selection_envelope,80354,PAL,30,3,1500000.0,,True,bars,0.7938698850482382,-60.32309785992096,9.978501848668868,27.21474982341393,11.793577860008286
15.861008905943084,95.69653093124666,True,0.6010037641154329,0,0,2,0.05,0.05,0.01957541114029219,1.4973629588253436,2.2056861315233776,-3.992614691406178,-47.376286525108725,109.1843219232837,0.05,0.05,610,0,2,0,0.0,25.96627975569627,0.7164592596021073,RNG-9eaa767b9394,safe_range,selection_envelope,80354,PAL,30,3,1500000.0,,True,bars,0.7879593702524181,-60.3056140544857,9.985735384887706,26.67813698259174,11.76888327595896
16.395329671983255,96.64156815199429,True,0.7227101631116688,0,0,2,0.05,0.05,0.022701736771864316,-0.059966920330408756,2.1443596872164163,-3.919798554594019,-48.594421850669846,103.5239490102737,0.05,0.05,610,0,2,0,0.0,25.82625287949947,0.7430039319721442,RNG-80057c8f88f8,safe_range,selection_envelope,80354,PAL,30,3,1500000.0,,True,bars,0.8299512753899125,-57.58337346485399,9.623722486955689,23.808792735420163,11.36708534077388
16.39745633609869,96.7277291337318,True,0.7258469259723964,0,0,2,0.05,0.05,0.022679159206087908,-0.1619922435739869,2.1371505056085183,-3.8780772407863067,-48.594421850669846,103.52394901027361,0.05,0.05,610,0,2,0,0.0,25.88148679601094,0.7430187598017269,RNG-73849a906c4b,safe_range,selection_envelope,80354,PAL,30,3,1500000.0,,True,bars,0.8337310545500496,-57.58407301062129,9.681258636935087,23.51104760563276,11.389443727443618
16.19390492638037,95.08959004284358,True,0.7120451693851945,0,0,2,0.05,0.05,0.022268849079920192,0.8182966012894737,2.15892616998267,-5.845866627376063,-48.44269875937879,103.02636968922457,0.05,0.05,610,0,2,0,0.0,24.17270281640135,0.7404548803326451,RNG-01b8a571b2c9,safe_range,selection_envelope,80354,PAL,30,3,1500000.0,white_error_ire,True,bars,0.8192417950831615,-57.906273892743414,9.633744892233441,22.765328339112333,11.346373832230675
16.28764067843318,95.70993526557717,True,0.6882057716436638,0,0,2,0.05,0.05,0.0197058283797243,0.17651578044687324,1.6194376919538416,-5.283438299339256,-50.00961625413143,104.14714013931754,0.05,0.05,610,0,2,0,0.0,24.72473570688045,0.7418925319632579,RNG-d385d45a71f7,safe_range,selection_envelope,80354,PAL,30,3,1500000.0,white_error_ire,True,bars,0.8061207827051737,-57.322404379050376,9.209801728227157,21.319106644492255,11.146029198902623
16.29033045266054,95.69517531560555,True,0.6925972396486826,0,0,2,0.05,0.05,0.02016834884371964,0.2366613927144792,1.6134697477888975,-5.282487212316651,-49.81072762499279,104.14714013931754,0.05,0.05,610,0,2,0,0.0,24.730118164642647,0.7420245460950069,RNG-13b0939bfaad,safe_range,selection_envelope,80354,PAL,30,3,1500000.0,white_error_ire,True,bars,0.8116127585369162,-57.36318385495095,9.169063627324283,21.896958978660074,11.179552491195174
15.951681225682757,95.21564163959597,True,1.6336260978670012,0,0,2,0.05,0.05,0.019783666056192688,2.542640368470769,1.8899488251638794,-3.2031183334493605,-50.34848835470841,102.58148449034124,0.05,0.05,610,0,2,0,0.0,24.319439544462746,0.7100099622737058,RNG-49c57570d609,safe_range,selection_envelope,80354,PAL,30,3,1500000.0,,True,bars,0.794360649420063,-60.173189163691404,8.929398851220279,24.417963577907233,11.544760450160028
15.337024040501056,95.34622884209672,True,0.8782936010037642,0,0,2,0.05,0.05,0.022406453988256796,2.673409551888257,2.045598734616302,-5.06471745810164,-59.0353095537771,112.28603601350332,0.05,0.05,610,0,2,0,0.0,24.45771119304393,0.694287910788128,RNG-fb16ed729c77,safe_range,selection_envelope,80354,PAL,30,3,1500000.0,white_error_ire,True,bars,0.7801386025223394,-60.07245091137165,9.96491122083169,25.040313992636214,11.655149744257377
15.673593409392222,94.4240751080287,True,0.6342534504391468,0,0,2,0.05,0.05,0.027329951143538415,2.4189094593722684,2.2735197319482956,-5.3589340340877225,-70.56094313675453,113.97468231574581,0.05,0.05,610,0,2,0,0.0,24.257893370888443,0.7180316729211292,RNG-774ab9d6fe43,safe_range,selection_envelope,80354,PAL,30,3,1500000.0,white_error_ire,True,bars,0.7910274751530693,-58.587395947289615,11.111882122901878,24.366668564508384,11.500336316987116
15.410485258095134,94.00853697231243,True,0.5075282308657466,0,0,2,0.05,0.05,0.03378451483480192,4.089770857182949,2.6354313329119985,-5.155007034459225,-58.136161091579055,105.12177159405582,0.05,0.05,610,0,2,0,0.0,22.7719525914193,0.7227835505402991,RNG-f3c2ceb92881,safe_range,selection_envelope,80354,PAL,30,3,1500000.0,white_error_ire,True,bars,0.870783531511949,-35.719322787906265,12.460212031921552,33.42431641252369,9.330866829716669
16.102951523278286,97.55680835148182,True,0.37556409878163693,0,0,2,0.05,0.036249999999999984,0.019599497855953697,0.8703682274950588,0.7896365574727285,-1.381393558854957,-61.21276015768698,117.62014215565281,0.05,0.036249999999999984,506,0,2,0,0.0,27.155241384016588,0.7468876376293647,OVP56,safe_range,selection_envelope,80354,NTSC,30,3,1500000.0,,True,bars,0.8721882188943548,-47.833874979402346,8.531435790837032,15.354758706429095,11.142976473151123
16.21930166517454,97.50926621007766,True,0.3733061983881602,0,0,2,0.05,0.025,0.01994310088043664,1.0453407160515729,0.84393690078753,-1.476988331363046,-57.15218543572872,117.13834629995529,0.05,0.025,506,0,2,0,0.0,27.871678395399762,0.7498742626682876,VLP56,safe_range,selection_envelope,80354,NTSC,30,3,1500000.0,,True,bars,0.8707130866358022,-47.90593019919015,7.450930039585389,13.27532522840373,11.02145290006043
16.047351812282194,95.25504172574244,True,1.6031092793685104,0,0,2,0.05,0.036249999999999984,0.020613131391682124,2.4680957444392333,1.8276747139457852,-3.284473290277201,-49.030430136009315,102.51932620534902,0.05,0.036249999999999984,506,0,2,0,0.0,24.373396766973457,0.7280664096466255,RANGE32,safe_range,selection_envelope,80354,NTSC,30,3,1500000.0,,True,bars,0.8456646290679797,-47.91488396691169,7.811835569556419,16.21088267442797,10.994608464569026
-7.526794083303762,-73.46916788650542,False,664.6912547001959,506,12,54,2.025,2.025,1000000.0,67.02121859161224,-8.650006824331417,-170.37691661825485,-79.43870568211854,50.15625575255454,1000000.0,1000000.0,506,506,2,1555,3.0731225296442686,-7.606083598416563,-0.3928270646209763,PLL96-rejected-board,safe_range,selection_envelope,80354,NTSC,30,3,1500000.0,contrast;waveform;detail_floor;sync;h_jitter_us;v_jitter_us;h_width_rmse_us;sync_error_ire;black_error_ire;white_error_ire;contrast;stress_waveform;reference_detail;burst_gain;burst_phase_jitter_deg;burst_amplitude_jitter_pct;burst_rmse_ire;h_missing;v_missing;vertical_trains;sync_error_ire;black_error_ire;white_error_ire,False,bars,0.3016959602580463,76.59616636249173,17.855339862308995,40.06852182255931,16.05622176438381
8.894835982227526,90.73700358299119,True,6.836169757983183,506,12,0,2.025,2.025,1000000.0,12.37954064498955,10.626978483698315,-8.366765400667857,-50.83143413224258,107.50635595944621,1000000.0,1000000.0,506,506,2,0,0.0,10.687007090251338,0.41486109321732323,PLL96-IQ-corrected,safe_range,selection_envelope,80354,NTSC,30,3,1500000.0,waveform;detail_floor;sync;h_jitter_us;v_jitter_us;h_width_rmse_us;sync_error_ire;black_error_ire;white_error_ire;stress_waveform;reference_detail;burst_gain;burst_phase_jitter_deg;burst_amplitude_jitter_pct;burst_rmse_ire;h_missing;v_missing;vertical_trains;sync_error_ire;black_error_ire;white_error_ire,False,bars,0.2627330422323877,-102.884902117081,18.19161295360533,36.180004279874446,18.082668080223954
21.957954308080435,96.49111249327994,True,0.0,0,0,2,0.025,0.025,0.0209990118344582,1.2839959520729032,1.4810175916242547,-1.8202068301100487,-45.94105643989283,110.27342345749139,0.025,0.025,506,0,2,0,0.0,29.07151642249755,0.9352508080728745,floating-PLL-IQ40,safe_range,selection_envelope,80354,NTSC,30,3,1500000.0,burst_gain,True,bars,0.5875466597284655,4.905895615646915,4.627246452925725,9.602277972755065,6.089569410826821
4.94072760711515,44.83966221258915,True,88.69559589001918,506,12,0,2.025,2.025,1000000.0,43.39066247704355,21.864946181075194,-30.100119951178335,-2.8771255342138744,78.7924866360182,1000000.0,1000000.0,506,506,2,0,0.0,5.137586074353516,0.5972767037445957,HC50,safe_range,selection_envelope,80354,NTSC,30,3,1500000.0,contrast;waveform;detail_floor;sync;h_jitter_us;v_jitter_us;h_width_rmse_us;sync_error_ire;black_error_ire;white_error_ire;contrast;stress_waveform;reference_detail;burst_gain;burst_rmse_ire;h_missing;v_missing;vertical_trains;sync_error_ire;black_error_ire;white_error_ire,False,bars,0.42678886391479265,81.11749804579544,7.85192625662985,16.86623425416067,26.116357505650917
11.881700288166673,92.99043478360113,True,4.128194552740037,0,0,2,0.125,0.05,0.05362363351309052,3.2871209281302796,9.871352318402574,-6.691306844273393,-48.704594906030295,101.21537962775977,0.125,0.05,506,0,2,0,0.0,15.207815656267606,0.5394878608589183,PLL96-board-fixed,safe_range,selection_envelope,80354,NTSC,30,3,1500000.0,waveform;detail_floor;black_error_ire;white_error_ire;stress_waveform;reference_detail;burst_gain;burst_phase_jitter_deg;burst_amplitude_jitter_pct;burst_rmse_ire;black_error_ire,True,bars,0.48896124286038634,-74.50514319609074,15.450560997920869,47.53858058452398,16.143779922385825
16.55563818654514,97.73975086521298,True,0.7308070940219829,0,0,2,0.05,0.036249999999999984,0.023126435432428333,-0.6169067230377493,2.067815287719538,-2.8270645291255994,-47.45322478888306,103.45211799252908,0.05,0.036249999999999984,506,0,2,0,0.0,26.781963545027587,0.7609944322753287,RNG-6bfe707c5168,safe_range,selection_envelope,80354,NTSC,30,3,1500000.0,,True,bars,0.9157694660246181,-46.30109179813782,8.122217047593221,17.529298793533354,11.016933791457193
16.042355414388393,97.19215963094965,True,0.64651214599885,0,0,2,0.05,0.05,0.02239379854867716,1.1833479403413434,2.1599695275831476,-1.3584711182877207,-45.95288115412443,110.51955183483565,0.05,0.05,506,0,2,0,0.0,27.856858935257094,0.7341972739950523,RNG-9acb593cb4b5,safe_range,selection_envelope,80354,NTSC,30,3,1500000.0,,True,bars,0.8475296237875101,-47.964541756148996,9.264497021112648,20.657983241890037,11.23969868247704
16.018136819265113,95.77681796634863,True,0.6051173054517758,0,0,2,0.05,0.05,0.02186352748282159,1.4171261017144536,2.1632595725922763,-4.064387999128066,-47.45322478888306,109.12134812303952,0.05,0.05,506,0,2,0,0.0,26.03632580385056,0.7373778106480894,RNG-9eaa767b9394,safe_range,selection_envelope,80354,NTSC,30,3,1500000.0,,True,bars,0.8442176380875928,-47.96797499714231,9.35130195521971,20.425428570194327,11.223066300661838
16.549575007054443,96.76458272637663,True,0.69317542079737,0,0,2,0.05,0.036249999999999984,0.02236620297621218,-0.13579115237872597,2.1027632255030295,-3.977901624610854,-48.81935630589655,102.64365409043779,0.05,0.036249999999999984,506,0,2,0,0.0,25.94462843998626,0.762525181143739,RNG-80057c8f88f8,safe_range,selection_envelope,80354,NTSC,30,3,1500000.0,,True,bars,0.8940358967068597,-45.983977443145214,7.7482912697876305,17.15811451973739,10.837098800401835
16.54797396615571,96.84736576788319,True,0.7037122893002616,0,0,2,0.05,0.036249999999999984,0.02244888792724398,-0.23799054999812683,2.0972870788097584,-3.952451321181521,-48.81935630589655,103.14672753835171,0.05,0.036249999999999984,506,0,2,0,0.0,25.982863589184447,0.762475884972882,RNG-73849a906c4b,safe_range,selection_envelope,80354,NTSC,30,3,1500000.0,,True,bars,0.8999209290037906,-45.98854880262242,7.796292125117575,17.001625699605103,10.86631305706089
16.34303882323963,95.21928608191557,True,0.7022070223712771,0,0,2,0.05,0.036249999999999984,0.02172183106149276,0.7422928719486631,2.116032866004811,-5.901046240586153,-48.34425165166157,102.62492120338604,0.05,0.036249999999999984,506,0,2,0,0.0,24.273863353259483,0.7599442292086541,RNG-01b8a571b2c9,safe_range,selection_envelope,80354,NTSC,30,3,1500000.0,white_error_ire,True,bars,0.8814211057359271,-46.26100812894898,7.729952035591873,15.793946208402847,10.811295703738843
16.43288411279951,95.82839221140249,True,0.6623174487531874,0,0,2,0.05,0.025,0.01978765734995453,0.09787609668542388,1.5432069738360474,-5.34083865329761,-50.08646493712951,104.01461788386527,0.05,0.025,506,0,2,0,0.0,24.800430006265515,0.7610991582208079,RNG-d385d45a71f7,safe_range,selection_envelope,80354,NTSC,30,3,1500000.0,white_error_ire,True,bars,0.8663403790869624,-45.83488188655414,7.687194607963343,14.037884624468363,10.623641960628296
16.434145365110552,95.81414765417206,True,0.6683385164691255,0,0,2,0.05,0.025,0.01978765734995453,0.15721197970207917,1.5371430399945507,-5.3491165247295,-49.88758306550895,104.01461788386527,0.05,0.025,506,0,2,0,0.0,24.79986498489759,0.7612774703905767,RNG-13b0939bfaad,safe_range,selection_envelope,80354,NTSC,30,3,1500000.0,white_error_ire,True,bars,0.8714889082338526,-45.84557463160927,7.541255088551377,13.832812130867762,10.65395403950614
16.047351812282194,95.25504172574244,True,1.6031092793685104,0,0,2,0.05,0.036249999999999984,0.020613131391682124,2.4680957444392333,1.8276747139457852,-3.284473290277201,-49.030430136009315,102.51932620534902,0.05,0.036249999999999984,506,0,2,0,0.0,24.373396766973457,0.7280664096466255,RNG-49c57570d609,safe_range,selection_envelope,80354,NTSC,30,3,1500000.0,,True,bars,0.8456646290679797,-47.91488396691169,7.811835569556419,16.21088267442797,10.994608464569026
15.449041332895476,95.3866562427905,True,0.8542389821987133,0,0,2,0.05,0.036249999999999984,0.022803725165483926,2.6062860304280546,2.016748600756379,-5.118507497915806,-59.304862862839315,112.2229507125019,0.05,0.036249999999999984,506,0,2,0,0.0,24.56457483715425,0.7134040030645479,RNG-fb16ed729c77,safe_range,selection_envelope,80354,NTSC,30,3,1500000.0,white_error_ire,True,bars,0.8391953781284589,-47.71080493986507,9.45451554547897,18.011223237896054,11.092432862041314
15.821324662086244,94.4839031178739,True,0.62318050859959,0,0,2,0.05,0.036249999999999984,0.02717786532523045,2.366279385352076,2.236008143377426,-5.443919470713285,-70.61781002609372,113.39294020744049,0.05,0.036249999999999984,506,0,2,0,0.0,24.265962374782248,0.7391800196311875,RNG-774ab9d6fe43,safe_range,selection_envelope,80354,NTSC,30,3,1500000.0,white_error_ire,True,bars,0.8538292558160256,-46.86397247651395,9.904492198715907,16.865058219648688,11.040461366458779
15.529798342434468,94.02249071807347,True,0.4636222141272312,0,0,2,0.05,0.025,0.032478329655836705,4.022661979148744,2.6149724362151496,-5.215240778313512,-57.88239230208922,105.0591593536729,0.05,0.025,506,0,2,0,0.0,22.80695236633551,0.7400402229628221,RNG-f3c2ceb92881,safe_range,selection_envelope,80354,NTSC,30,3,1500000.0,white_error_ire,True,bars,0.8790809402344149,-27.47639546338285,10.94456435621047,24.290363835828337,8.824806548739666
