sinad,contrast,polarity_ok,large_errors,h_missing,v_missing,v_trains,h_jitter_us,v_jitter_us,h_width_rmse_us,sync_error_ire,black_error_ire,white_error_ire,raw_min,raw_max,h_jitter_matched_us,v_jitter_matched_us,h_expected,max_h_gap,expected_v_trains,false_sync_pulses,false_sync_per_line,luma_sinad,detail_corr,model,profile,stage,seed,standard,cnr,rms,cfo_hz,quality_failures,usable,image_pattern,burst_gain,burst_phase_deg,burst_phase_jitter_deg,burst_amplitude_jitter_pct,burst_rmse_ire
0.738259801006287,55.6336633238192,True,219.54077791718944,610,8,0,2.025,2.025,1000000.0,35.46168251097358,13.873972546485811,-29.78972748955075,-89.26007909997011,150.51901809202184,1000000.0,1000000.0,610,610,2,0,0.0,5.5780058241949355,0.11654591809122129,OVP56,safe_range,final,320401,PAL,0,3,1000000.0,,False,bars,,,,,
-0.04417843506462349,59.554911546623465,True,226.38644918444166,610,8,0,2.025,2.025,1000000.0,26.062042415795144,8.516492410698199,-33.0006324548404,-95.5793530386668,155.741357628431,1000000.0,1000000.0,610,610,2,0,0.0,5.500152666120607,0.10803006960771368,VLP56,safe_range,final,320401,PAL,0,3,1000000.0,,False,bars,,,,,
1.1636660112960207,63.21904395939681,True,166.41342534504392,542,7,0,2.025,2.025,3.4788145589114285,31.539321979540123,4.8495637856736,-35.04337840211839,-76.52034702228342,132.58912185830746,1.9487499999999998,0.95,610,36,2,62,0.10163934426229508,6.034664184143978,0.11628777513557292,RANGE32,safe_range,final,320401,PAL,0,3,1000000.0,,False,bars,,,,,
-6.789655011744321,-77.75409946486405,False,636.504391468005,607,8,1,2.025,2.025,3.650228303362225,90.11792553109058,19.912387782230887,-147.8005998772675,-77.22540898135674,137.83178572718663,1.0125,1000000.0,610,412,2,3563,5.840983606557377,-6.677345039010385,-0.09905857440599464,PLL96-rejected-board,safe_range,final,320401,PAL,0,3,1000000.0,,False,bars,,,,,
2.715392348882551,85.62307607717571,True,114.06963613550816,375,6,0,2.025,2.025,3.266308916218766,11.562906558185599,3.26162238274315,-11.09100688974135,-77.18612785203896,138.1812430657862,1.8899999999999992,1.3775,610,9,2,242,0.39672131147540984,5.664277216045218,0.10051649909671184,PLL96-IQ-corrected,safe_range,final,320401,PAL,0,3,1000000.0,,False,bars,,,,,
5.880419771301254,92.43016620125776,True,40.33249686323714,486,5,0,2.025,2.025,3.450341848421362,4.790221427062781,1.4119721547084358,-7.632558490383876,-79.2608117999495,139.8006103487799,1.8212499999999998,0.6599999999999999,610,17,2,111,0.1819672131147541,13.543168800280403,0.26008339655377155,floating-PLL-IQ40,safe_range,final,320401,PAL,0,3,1000000.0,,False,bars,,,,,
0.8288694401711721,31.968033273914326,True,221.8224592220828,610,8,0,2.025,2.025,1000000.0,52.67429513731755,26.891071548958642,-41.3000631890448,-81.74282331679346,143.15889119636245,1000000.0,1000000.0,610,610,2,0,0.0,2.834260176076508,0.07236942204432655,HC50,safe_range,final,320401,PAL,0,3,1000000.0,,False,bars,,,,,
0.1692303527323421,70.01769053323645,True,197.73651191969887,405,7,0,2.025,2.025,3.378488260572955,16.992891436719525,2.5308132748530383,-30.874612378315238,-85.32391461987763,130.06917910083337,1.825,1.025,610,14,2,180,0.29508196721311475,3.822038637268191,0.07843194390564953,PLL96-board-fixed,safe_range,final,320401,PAL,0,3,1000000.0,,False,bars,,,,,
0.9512259624241836,67.17129305009841,True,173.12170639899625,495,4,0,2.025,2.025,3.4621941082900394,30.09983022452849,4.414998496175805,-29.523982461448274,-76.843558144115,139.92054284590523,1.9324999999999999,0.9925,610,20,2,115,0.1885245901639344,6.433971796968379,0.11926465788630301,RNG-5cc14ad73003,safe_range,final,320401,PAL,0,3,1000000.0,,False,bars,,,,,
2.741201167188171,68.92940898553974,True,134.1693851944793,610,8,0,2.025,2.025,1000000.0,25.795034906834267,9.212272928547803,-21.396377988411377,-86.36010698638756,145.64378910519017,1000000.0,1000000.0,610,610,2,0,0.0,8.517174953746053,0.17296886912542084,OVP56,safe_range,final,320401,PAL,2,3,1000000.0,,False,bars,,,,,
2.168414606231075,73.24183704318686,True,133.91217063989964,609,8,0,2.025,2.025,3.625,18.04161060250824,5.680043642214005,-22.336365840460303,-91.21608283570728,152.0863440819175,1.075,1000000.0,610,390,2,2,0.003278688524590164,8.836411204294901,0.16566819297556865,VLP56,safe_range,final,320401,PAL,2,3,1000000.0,,False,bars,,,,,
3.286456368016006,77.39871590119259,True,90.6198243412798,342,5,0,2.025,2.025,3.344543339419259,19.271904549505802,2.9101697410640175,-23.15166133718232,-69.61867251247607,132.16073692389116,1.875,1.4825,610,9,2,250,0.4098360655737705,9.363008695475589,0.17116457008638536,RANGE32,safe_range,final,320401,PAL,2,3,1000000.0,,False,bars,,,,,
-6.756460730914585,-81.85670080457187,False,619.1587202007528,610,8,13,2.025,2.025,1000000.0,89.89999956375773,20.639627903996807,-153.1775903128132,-75.40222289768124,136.90512516466111,1000000.0,1000000.0,610,610,2,2744,4.498360655737705,-6.725236684915444,-0.16313495775574852,PLL96-rejected-board,safe_range,final,320401,PAL,2,3,1000000.0,,False,bars,,,,,
5.610697868005863,89.81999743454718,True,47.830614805520696,386,5,0,2.025,2.025,3.360703848473242,10.607094716601798,1.8678844740555762,-6.961900200313722,-76.40169153492606,136.1108877943912,1.8712499999999999,1.39,610,9,2,196,0.32131147540983607,9.773186295576043,0.16301525342256154,PLL96-IQ-corrected,safe_range,final,320401,PAL,2,3,1000000.0,,False,bars,,,,,
8.166365963495842,94.2413319275869,True,11.682559598494354,387,6,0,2.025,2.025,3.396509270444473,3.9164351784996914,1.5378089306738223,-4.42719923903624,-76.31616957443721,139.23417708708573,1.8474999999999995,0.64375,610,17,2,196,0.32131147540983607,18.902165754605115,0.36268208930885953,floating-PLL-IQ40,safe_range,final,320401,PAL,2,3,1000000.0,,False,bars,,,,,
2.119273064031893,38.1282867584423,True,165.46675031367627,610,8,0,2.025,2.025,1000000.0,50.64527014409409,27.15110994736013,-34.441899758973165,-80.24508551121474,133.4020382461374,1000000.0,1000000.0,610,610,2,0,0.0,3.654234173478472,0.11179784527553954,HC50,safe_range,final,320401,PAL,2,3,1000000.0,,False,bars,,,,,
2.7617864199437387,81.7692843671769,True,102.27979924717691,256,2,0,2.025,2.025,3.193501191287873,9.350769989242535,0.1114280137824443,-21.735533891266485,-82.65278572194279,128.33511723348812,1.85,1.475,610,7,2,331,0.5426229508196722,7.04465442327659,0.13112828109552277,PLL96-board-fixed,safe_range,final,320401,PAL,2,3,1000000.0,,False,bars,,,,,
3.173174955099309,81.3516838928688,True,93.41154328732748,240,4,0,2.025,2.025,3.1737502860777154,17.427608335379226,2.2539869655237537,-17.804887868890937,-71.48090298179983,137.12883392153142,1.775,1.44,610,6,2,318,0.521311475409836,10.058871585295403,0.1762456494138116,RNG-5cc14ad73003,safe_range,final,320401,PAL,2,3,1000000.0,,False,bars,,,,,
5.0649246854392445,80.77289691961282,True,65.11668757841908,606,8,0,2.025,2.025,3.5901340504220727,16.80970677759576,4.935399301065347,-14.00124740037928,-83.72062359594074,149.82723415975028,1.7412499999999997,1000000.0,610,310,2,4,0.006557377049180328,12.437799931232309,0.2499984165111474,OVP56,safe_range,final,320401,PAL,4,3,1000000.0,,False,bars,,,,,
4.760341173630362,84.84776331685275,True,62.57465495608532,586,8,0,2.025,2.025,3.545459978385503,10.949087215465836,2.834624900909245,-13.22103845787954,-90.97423334708816,151.84348235995563,1.81375,1000000.0,610,100,2,17,0.027868852459016394,13.338198091806898,0.24620502888007903,VLP56,safe_range,final,320401,PAL,4,3,1000000.0,,False,bars,,,,,
5.861695187847367,88.70315917931808,True,39.02446675031367,84,1,0,2.025,1.7012499999999995,2.88926326341564,8.825220068556586,1.708007145446536,-12.114579392902003,-68.96297320764013,131.0971438868384,1.7,1.1,610,2,2,408,0.6688524590163935,13.937989180206458,0.25011533605723113,RANGE32,safe_range,final,320401,PAL,4,3,1000000.0,,False,bars,,,,,
-6.789440264019781,-84.15416832045439,False,611.9930991217065,610,8,46,2.025,2.025,1000000.0,88.48979278112839,21.373629035911776,-156.809136812385,-73.90894406573747,135.206194956809,1000000.0,1000000.0,610,610,2,2020,3.3114754098360657,-6.80473609541195,-0.23909712083411147,PLL96-rejected-board,safe_range,final,320401,PAL,4,3,1000000.0,,False,bars,,,,,
7.922087780454017,92.95846651084386,True,17.731493099121703,410,5,0,2.025,2.025,3.4003777363698875,10.88535929561587,0.2776404763062564,-4.208221930040959,-74.03468019368734,135.48373421937436,1.8262499999999995,1.8375,610,11,2,196,0.32131147540983607,13.056228192678622,0.2380976253467663,PLL96-IQ-corrected,safe_range,final,320401,PAL,4,3,1000000.0,,False,bars,,,,,
10.117431835422448,95.94445148935893,True,2.2910915934755334,182,2,0,2.025,2.025,3.132106405820718,2.559988703938108,1.2397816208158718,-2.4481213523408436,-73.52146177900696,135.41671019031946,1.6912499999999995,1.40625,610,5,2,380,0.6229508196721312,23.40827050674443,0.46384452588195796,floating-PLL-IQ40,safe_range,final,320401,PAL,4,3,1000000.0,,False,bars,,,,,
3.254818085467068,42.62339822744626,True,122.78795483061481,610,8,0,2.025,2.025,1000000.0,49.300694332364564,27.067706881338125,-29.04793792520532,-82.73152520458484,125.25499725386163,1000000.0,1000000.0,610,610,2,0,0.0,4.26334993502926,0.1755167339692636,HC50,safe_range,final,320401,PAL,4,3,1000000.0,,False,bars,,,,,
5.794935883228253,90.91432583039943,True,40.651819322459225,62,1,0,2.025,1.8324999999999996,2.8394760635887444,3.2563800272187433,-1.7127444631669215,-14.681539919685282,-82.79962747418621,125.94532690974847,1.65,1.2649999999999995,610,2,2,439,0.719672131147541,10.921778205333574,0.21078678771748413,PLL96-board-fixed,safe_range,final,320401,PAL,4,3,1000000.0,,False,bars,,,,,
5.836917185060249,91.9275583115901,True,39.631744040150565,39,0,0,2.025,1.11625,2.6764060006957875,7.181531484825724,0.878392085263764,-8.412453190721969,-71.15051883781048,134.6799504357854,1.4625,1.11625,610,2,2,400,0.6557377049180327,15.054620805890673,0.2612737581499773,RNG-5cc14ad73003,safe_range,final,320401,PAL,4,3,1000000.0,,False,bars,,,,,
7.438862068256528,87.93093117081497,True,22.46047678795483,552,6,0,2.025,2.025,3.520812504189221,10.825297690387394,2.7102369578440584,-9.337000195760421,-85.39483005187763,139.5349242573278,1.8537500000000002,1.355,610,56,2,42,0.06885245901639345,16.569488134639716,0.3383842527527357,OVP56,safe_range,final,320401,PAL,6,3,1000000.0,,False,bars,,,,,
7.415729521922033,91.23706770398037,True,20.441656210790462,471,6,0,2.025,2.025,3.439469514266458,6.7839947650904655,1.4997889053761018,-7.85172275570857,-87.65490361830412,146.9691562390281,1.875,0.025,610,20,2,109,0.17868852459016393,18.33850822820568,0.34122403832156567,VLP56,safe_range,final,320401,PAL,6,3,1000000.0,,False,bars,,,,,
8.54988545077984,93.85813251228818,True,12.611668757841906,7,0,1,1.088749999999999,1.0125,2.0551478966926604,3.389943155519572,1.7352125862098497,-5.5972864479778695,-67.37232176485203,130.07055364438597,1.0224999999999995,1.0124999999999997,610,1,2,273,0.44754098360655736,19.174652016955818,0.34396607935712703,RANGE32,safe_range,final,320401,PAL,6,3,1000000.0,,False,bars,,,,,
-6.7530545639728645,-84.08190768975942,False,607.9127979924717,610,8,58,2.025,2.025,1000000.0,86.85668377529561,22.216080717293067,-157.3118711015999,-73.22291127992796,132.94476113167735,1000000.0,1000000.0,610,610,2,1661,2.722950819672131,-6.787774784576611,-0.3008315027051064,PLL96-rejected-board,safe_range,final,320401,PAL,6,3,1000000.0,,False,bars,,,,,
9.175140060076812,94.1093914598045,True,7.887703889585947,472,4,0,2.025,2.025,3.5225284273855237,12.36496068760378,-0.6311629844494178,-2.9499027193308285,-72.58226184536515,131.98441512049243,1.95,1.3337499999999998,610,20,2,143,0.23442622950819672,14.231022913137718,0.2984959966198519,PLL96-IQ-corrected,safe_range,final,320401,PAL,6,3,1000000.0,,False,bars,,,,,
11.977391353973793,96.016242468834,True,0.3237139272271016,41,0,0,2.025,1.68125,2.738060838056712,2.2602070734103363,1.4114498210085802,-1.978982802670571,-69.92617057514725,132.00609419787392,1.475,1.68125,610,2,2,424,0.6950819672131148,25.51345768045667,0.5561191514922564,floating-PLL-IQ40,safe_range,final,320401,PAL,6,3,1000000.0,,False,bars,,,,,
3.9263460132690673,44.33273192253141,True,100.20138017565871,610,8,0,2.025,2.025,1000000.0,49.01385742071652,27.07458298039897,-26.500028664640272,-61.87824118365804,120.10855353509453,1000000.0,1000000.0,610,610,2,0,0.0,4.512756249064537,0.2606621441518895,HC50,safe_range,final,320401,PAL,6,3,1000000.0,,False,bars,,,,,
8.797266970175063,95.8671054404398,True,12.62797992471769,10,0,0,1.25,1.32625,2.358186317561302,0.6599189028975184,-2.4834588882345474,-9.943170603985038,-81.16857470379685,122.81375770162538,1.1512499999999988,1.3262499999999997,610,1,2,348,0.5704918032786885,14.923788583270847,0.30976767203187605,PLL96-board-fixed,safe_range,final,320401,PAL,6,3,1000000.0,,False,bars,,,,,
8.51968021379453,96.13306448868006,True,12.175031367628607,0,0,0,0.85,0.9699999999999999,1.7405382387801016,2.250449041465697,0.7388182505736244,-4.251294644071606,-65.94908172879236,132.5460545606502,0.85,0.97,610,0,2,200,0.32786885245901637,21.037583497410225,0.35727143666285444,RNG-5cc14ad73003,safe_range,final,320401,PAL,6,3,1000000.0,,False,bars,,,,,
9.463626908111912,91.5950026670131,True,5.525721455457967,407,6,0,2.025,2.025,3.370972327607798,7.257528498807297,1.986004666143734,-6.625806869500626,-71.25915668041002,134.79320768183067,1.7974999999999994,1.3475,610,11,2,169,0.27704918032786885,19.99723010686136,0.42324240982513306,OVP56,safe_range,final,320401,PAL,8,3,1000000.0,,False,bars,,,,,
9.561213387886966,93.9460677121051,True,4.7547051442910915,255,4,0,2.025,2.025,3.277555985705907,4.633713795723548,1.2519610480984644,-5.235748646249684,-77.93777232358539,140.53838322344183,1.8075000000000003,0.29499999999999993,610,6,2,297,0.48688524590163934,22.259347270880006,0.42895252990957905,VLP56,safe_range,final,320401,PAL,8,3,1000000.0,,False,bars,,,,,
10.650191452061788,95.14030752589575,True,3.7948557089084067,0,0,2,0.31374999999999886,0.11624999999999999,0.996312874684602,2.017382409789017,2.1093879337833195,-3.110410252064052,-62.509635462216,119.26372963287197,0.31374999999999886,0.11624999999999999,610,0,2,78,0.12786885245901639,22.86602284553836,0.4333669199777564,RANGE32,safe_range,final,320401,PAL,8,3,1000000.0,,False,bars,,,,,
-6.699993212705207,-83.22036092843562,False,605.7101631116689,610,8,61,2.025,2.025,1000000.0,85.46854279122236,22.880746435243385,-156.64725004786058,-70.3113043538215,129.7768572059682,1000000.0,1000000.0,610,610,2,1514,2.481967213114754,-6.741403262065251,-0.32781623116039127,PLL96-rejected-board,safe_range,final,320401,PAL,8,3,1000000.0,,False,bars,,,,,
9.469562566287003,94.5725451639646,True,6.0213299874529485,517,8,0,2.025,2.025,3.5697909263799352,14.000411955922903,-0.9690923191442313,-2.630551809173908,-69.21780363059479,131.47521843585577,1.8849999999999998,1000000.0,610,32,2,88,0.14426229508196722,13.80896278282359,0.3277771766047008,PLL96-IQ-corrected,safe_range,final,320401,PAL,8,3,1000000.0,,False,bars,,,,,
13.76403769159799,95.72870100385533,True,0.033249686323713924,1,0,0,0.975,1.3487499999999994,2.0066944610723683,2.3855551648046522,1.7611670593850097,-1.7815914922296916,-64.33988695446125,126.38801566049328,0.9650000000000005,1.3487499999999994,610,1,2,256,0.419672131147541,26.341755097144357,0.6423665527564857,floating-PLL-IQ40,safe_range,final,320401,PAL,8,3,1000000.0,,False,bars,,,,,
4.1535012818866965,44.47868749155162,True,92.12296110414053,610,8,0,2.025,2.025,1000000.0,49.20019771166597,27.17768805827402,-25.876839278956197,-53.82347433712726,107.29689305575256,1000000.0,1000000.0,610,610,2,0,0.0,4.534642194085556,0.33665407039221595,HC50,safe_range,final,320401,PAL,8,3,1000000.0,,False,bars,,,,,
10.481341153448811,97.77025304645396,True,5.295483061480551,5,0,0,1.125,1.4237499999999996,2.2040978927128343,0.6485528620410906,-2.3663369428005416,-7.510375549510264,-80.13087916498023,117.24903293541227,1.05,1.4237499999999996,610,1,2,324,0.5311475409836065,16.994651227784516,0.38084134353216614,PLL96-board-fixed,safe_range,final,320401,PAL,8,3,1000000.0,,False,bars,,,,,
10.507996623527646,96.83178105657315,True,3.3845671267252193,0,0,2,0.2,0.28749999999999987,0.9334692036153955,1.521579708718732,0.9660889295301425,-3.152429655428239,-64.03874907457836,130.386268707449,0.2,0.28749999999999987,610,0,2,60,0.09836065573770492,24.88492011394651,0.44242946907689323,RNG-5cc14ad73003,safe_range,final,320401,PAL,8,3,1000000.0,,False,bars,,,,,
11.06078826072443,93.75973952182903,True,1.4473023839397743,173,2,0,2.025,2.025,3.154284525778424,4.87590953816019,1.6726340808827014,-4.791535909614809,-70.4992013029578,131.5606410924177,1.75,1.36875,610,6,2,395,0.6475409836065574,22.645464826978532,0.4955175726490679,OVP56,safe_range,final,320401,PAL,10,3,1000000.0,,False,bars,,,,,
11.188949338419906,95.30933690862231,True,1.2810539523212043,71,1,0,2.025,1.9374999999999998,2.9077139743424336,3.224163268059504,1.2446719492426495,-3.7359667701866988,-70.71256604253219,131.54028809262593,1.552499999999999,1.339999999999999,610,4,2,432,0.7081967213114754,24.66170467316673,0.5017683770933358,VLP56,safe_range,final,320401,PAL,10,3,1000000.0,,False,bars,,,,,
12.09121518598189,95.45933384083007,True,1.8582183186951067,0,0,2,0.1,0.11624999999999999,0.28314140879964766,1.5776456923241626,2.269738519309841,-2.454529735764226,-54.22037881345337,112.43475126443025,0.1,0.11624999999999999,610,0,2,4,0.006557377049180328,24.058732349841634,0.50401221090266,RANGE32,safe_range,final,320401,PAL,10,3,1000000.0,,True,bars,,,,,
-6.677654120114942,-82.68652285536164,False,605.1129234629861,610,8,61,2.025,2.025,1000000.0,84.43018784627485,23.18167969684498,-156.29792224663976,-69.75394429600563,98.73432995533216,1000000.0,1000000.0,610,610,2,1464,2.4,-6.721740791349596,-0.34051827625537245,PLL96-rejected-board,safe_range,final,320401,PAL,10,3,1000000.0,,False,bars,,,,,
9.428650073833458,95.06965989841812,True,5.937892095357591,535,8,0,2.025,2.025,3.5925188470857976,15.136889440019324,-1.1761309709100496,-2.3870081982419777,-54.696528431007884,127.05664229619623,1.8799999999999997,1000000.0,610,36,2,73,0.11967213114754098,13.194729664129328,0.3402040904093937,PLL96-IQ-corrected,safe_range,final,320401,PAL,10,3,1000000.0,,False,bars,,,,,
15.402677085071577,95.75951812090325,True,0.0018820577164366374,0,0,2,0.43874999999999886,0.04124999999999999,1.1205481130993402,2.263914693845016,1.8696838986983797,-1.606302713609464,-61.458942465692175,124.79209869496745,0.43874999999999886,0.04124999999999999,610,0,2,69,0.11311475409836065,26.87685241231439,0.7179373827451336,floating-PLL-IQ40,safe_range,final,320401,PAL,10,3,1000000.0,,False,bars,,,,,
4.242592708418956,44.434344946090235,True,89.66436637390213,610,8,0,2.025,2.025,1000000.0,49.23362839563394,27.192582269151156,-25.779910204930143,-40.45371975489016,98.26452468477686,1000000.0,1000000.0,610,610,2,0,0.0,4.531700050180324,0.3954475242667579,HC50,safe_range,final,320401,PAL,10,3,1000000.0,,False,bars,,,,,
11.189917133514527,98.57193449849113,True,4.222082810539523,9,0,0,1.202499999999998,0.16499999999999995,2.2024516950929867,1.4651124429271918,-2.2397938468585528,-5.866809415439651,-67.89820290843741,112.2008337930506,1.075,0.16499999999999995,610,1,2,306,0.5016393442622951,17.533898480858035,0.41699694933646125,PLL96-board-fixed,safe_range,final,320401,PAL,10,3,1000000.0,,False,bars,,,,,
11.976692881441476,97.09965336498591,True,1.4215809284818068,0,0,2,0.1,0.27874999999999983,0.30363575568622936,1.4352977012554875,1.01485078582474,-2.6755609559565583,-53.54747751465286,120.82086585176708,0.1,0.2787499999999999,610,0,2,5,0.00819672131147541,26.44887286214628,0.5130578240449103,RNG-5cc14ad73003,safe_range,final,320401,PAL,10,3,1000000.0,,True,bars,,,,,
12.367555957302736,95.35115760472459,True,0.6869510664993727,30,1,0,1.9387499999999989,2.0075,2.602194241537256,3.00449627836531,1.417480155303411,-3.4084417123667796,-68.00488576305327,128.9091298926596,1.45,1.539999999999999,610,2,2,417,0.6836065573770492,24.84721923280248,0.5576677129528768,OVP56,safe_range,final,320401,PAL,12,3,1000000.0,,False,bars,,,,,
12.508579557119937,96.26149850909468,True,0.657465495608532,4,0,0,1.288749999999999,0.7087499999999995,2.1717762327068817,2.0955602670272095,1.2169033066265502,-2.695480958427788,-69.50099648261342,131.0866896929727,1.2125,0.7087499999999995,610,1,2,292,0.4786885245901639,26.296621076426362,0.5641207049761235,VLP56,safe_range,final,320401,PAL,12,3,1000000.0,,False,bars,,,,,
13.187610889214678,95.73876296812612,True,1.390840652446675,0,0,2,0.1,0.11624999999999999,0.04639680952852501,1.3326231547217726,2.2112154407302285,-2.20644686261359,-52.39383861499258,111.84532580822108,0.1,0.11624999999999999,610,0,2,0,0.0,24.51015965177511,0.5631823533086986,RANGE32,safe_range,final,320401,PAL,12,3,1000000.0,,True,bars,,,,,
-6.67828950635156,-82.49294398588586,False,605.5357590966123,610,8,60,2.025,2.025,1000000.0,83.75638894119795,23.180514276533195,-156.3060854821985,-68.56073620404055,98.88791819657953,1000000.0,1000000.0,610,610,2,1444,2.3672131147540982,-6.72360044784676,-0.34904401031798005,PLL96-rejected-board,safe_range,final,320401,PAL,12,3,1000000.0,,False,bars,,,,,
9.336755898133339,95.83723726000395,True,6.0025094102885825,547,8,0,2.025,2.025,3.6290193917960467,15.656762526826068,-1.2901931863697076,-2.04637507037707,-54.97385446306017,123.02945743550842,1.895,1000000.0,610,33,2,60,0.09836065573770492,12.717475739473041,0.3509553636724498,PLL96-IQ-corrected,safe_range,final,320401,PAL,12,3,1000000.0,,False,bars,,,,,
16.887614538713876,96.05396838698249,True,0.0006273525721455459,0,0,2,0.05,0.025,0.4201543919974585,1.9510195484683561,1.8151047436115328,-1.3653611111980337,-59.113808292040275,122.9412658810956,0.05,0.025,610,0,2,9,0.014754098360655738,27.659522324871805,0.7800793858006367,floating-PLL-IQ40,safe_range,final,320401,PAL,12,3,1000000.0,,True,bars,,,,,
4.302834715463591,44.49669243822861,True,89.05457967377667,610,8,0,2.025,2.025,1000000.0,49.13190383031101,27.15478464942884,-25.708150860510344,-7.845740950508755,91.00326045293562,1000000.0,1000000.0,610,610,2,0,0.0,4.542696647307868,0.44370637002631425,HC50,safe_range,final,320401,PAL,12,3,1000000.0,,False,bars,,,,,
11.56967214291781,98.93062509826795,True,4.020075282308657,5,0,0,0.925,0.15624999999999994,1.8899743646868743,2.5843546759735463,-2.056955875505277,-4.559336400107894,-62.540457014001845,112.1716976466945,0.875,0.15624999999999994,610,1,2,263,0.4311475409836066,17.65581969357401,0.44104143882227237,PLL96-board-fixed,safe_range,final,320401,PAL,12,3,1000000.0,,False,bars,,,,,
13.14068411774988,97.49853652763335,True,0.9366373902132998,0,0,2,0.075,0.1,0.24472927498112457,1.3083470154387327,0.9037494501695411,-2.2318474901315244,-53.96144326098131,118.31640731224226,0.075,0.1,610,0,2,2,0.003278688524590164,27.31096532602091,0.5726690912411424,RNG-5cc14ad73003,safe_range,final,320401,PAL,12,3,1000000.0,,True,bars,,,,,
13.429524717047403,96.35007271222072,True,0.5407779171894604,1,0,1,0.9387499999999989,0.7812499999999997,1.8989726394516269,1.750947092539706,1.258587290211948,-2.5115004988432768,-65.47381566164785,125.97137809621591,0.9150000000000006,0.7812499999999997,610,1,2,235,0.38524590163934425,26.392329303292517,0.608554805956208,OVP56,safe_range,final,320401,PAL,14,3,1000000.0,,False,bars,,,,,
13.583858293023809,96.80296620392495,True,0.5156838143036387,0,0,1,0.6024999999999977,0.08249999999999998,1.4002707583611504,1.3857863333222127,1.2364186722164654,-2.0526420096304143,-65.06768713103581,126.79521788077597,0.6024999999999977,0.08249999999999998,610,0,2,123,0.20163934426229507,27.25681713400723,0.6155948314384219,VLP56,safe_range,final,320401,PAL,14,3,1000000.0,,False,bars,,,,,
14.059294803942956,95.7995651656716,True,1.2427854454203262,0,0,2,0.075,0.10749999999999997,0.04435327625727437,1.2920476931564022,2.1364123118136247,-2.294173994605157,-51.08527212949629,110.67118912635857,0.075,0.10749999999999997,610,0,2,0,0.0,24.763577800190642,0.6114184215796231,RANGE32,safe_range,final,320401,PAL,14,3,1000000.0,,True,bars,,,,,
-6.679034878839424,-82.37624306636545,False,606.1762860727729,610,8,60,2.025,2.025,1000000.0,83.35668853428884,23.152775056602454,-156.27835539089526,-70.00673039813728,78.3131272703709,1000000.0,1000000.0,610,610,2,1444,2.3672131147540982,-6.725141173646004,-0.3541435320184449,PLL96-rejected-board,safe_range,final,320401,PAL,14,3,1000000.0,,False,bars,,,,,
9.236665302015762,96.4923111268956,True,6.105395232120451,557,8,0,2.025,2.025,3.62977726849292,15.862471633582201,-1.3090818363493042,-1.8317143287071767,-55.15753875380457,123.17250782428368,1.92,1000000.0,610,36,2,55,0.09016393442622951,12.361186394075679,0.3573154553582724,PLL96-IQ-corrected,safe_range,final,320401,PAL,14,3,1000000.0,,False,bars,,,,,
18.177907065892988,96.22504759823887,True,0.0,0,0,2,0.025,0.025,0.05901340497898011,1.7747610226742423,1.7767971634242512,-1.239535344655799,-56.067080510267715,122.36051036699362,0.025,0.025,610,0,2,1,0.001639344262295082,28.177793436432413,0.8281049412149872,floating-PLL-IQ40,safe_range,final,320401,PAL,14,3,1000000.0,,True,bars,,,,,
4.338001205428819,44.52007180128715,True,89.0207026348808,610,8,0,2.025,2.025,1000000.0,49.05809888100574,27.135063250816437,-25.672814158452976,-3.5473704876802117,87.9556256269272,1000000.0,1000000.0,610,610,2,0,0.0,4.547840872464575,0.48258342437334406,HC50,safe_range,final,320401,PAL,14,3,1000000.0,,False,bars,,,,,
11.802462381173779,98.77636167054114,True,3.9171894604767883,6,0,0,1.0024999999999977,0.44374999999999976,2.0327072587239106,3.674183339335998,-1.8079069736685944,-3.733706868133869,-60.97222878644584,112.16855940359375,0.975,0.4437499999999998,610,1,2,282,0.46229508196721314,17.6827370933797,0.45634260609250826,PLL96-board-fixed,safe_range,final,320401,PAL,14,3,1000000.0,,False,bars,,,,,
14.087839441019305,97.77296936655513,True,0.7760351317440402,0,0,2,0.075,0.09124999999999998,0.03226427756137393,1.2911894121446081,0.8128083221504812,-1.9026477102221766,-50.539170456374315,115.90267333647,0.075,0.09124999999999998,610,0,2,0,0.0,27.923580274114688,0.6217367198941068,RNG-5cc14ad73003,safe_range,final,320401,PAL,14,3,1000000.0,,True,bars,,,,,
14.821865612882624,97.21735850677825,True,0.41593475533249685,0,0,2,0.05,0.04124999999999999,0.47180222134446737,0.6233169333220657,1.1422929291725878,-1.6602043466035272,-61.91231464668259,125.13707005509993,0.05,0.04124999999999999,610,0,2,25,0.040983606557377046,27.692082037409094,0.6748901013937756,OVP56,safe_range,final,320401,PAL,18,3,1000000.0,,True,bars,,,,,
15.005245883227317,97.29699065332262,True,0.3946047678795483,0,0,2,0.05,0.05,0.2888430852017276,0.7032162787261911,1.2564597607748766,-1.4354308614172442,-60.38523246832697,126.74395259229227,0.05,0.05,610,0,2,6,0.009836065573770493,28.07043532115667,0.6830189768812037,VLP56,safe_range,final,320401,PAL,18,3,1000000.0,,True,bars,,,,,
15.179586302612705,95.68406951934222,True,1.0721455457967377,0,0,2,0.075,0.075,0.0409292672550192,1.359747724627063,2.036329348627273,-2.7119009215061225,-50.98762562784857,108.67156144972195,0.075,0.075,610,0,2,0,0.0,25.01319357096827,0.6731001858418029,RANGE32,safe_range,final,320401,PAL,18,3,1000000.0,,True,bars,,,,,
-6.683202174791038,-82.42201326376615,False,607.0483061480552,610,8,60,2.025,2.025,1000000.0,83.57144801037155,22.913874109276943,-156.1967537564085,-67.98052731318299,78.18051035899548,1000000.0,1000000.0,610,610,2,1467,2.404918032786885,-6.7295245229194345,-0.35976078533966277,PLL96-rejected-board,safe_range,final,320401,PAL,18,3,1000000.0,,False,bars,,,,,
9.070151122722246,97.5002792373331,True,6.28168130489335,577,8,0,2.025,2.025,3.6676281452897066,15.59930401170445,-1.0681551438528976,-1.6735426686192982,-54.46006886846486,118.14745683095664,1.7599999999999998,1000000.0,610,89,2,29,0.047540983606557376,11.917254004059405,0.3651847161463241,PLL96-IQ-corrected,safe_range,final,320401,PAL,18,3,1000000.0,,False,bars,,,,,
20.020472044826562,96.35299017037516,True,0.0,0,0,2,0.025,0.025,0.02069489522864492,1.6528181926358505,1.7383061181584158,-1.147864576211452,-53.86257638320913,116.52101432604339,0.025,0.025,610,0,2,0,0.0,28.65780044179224,0.8861055569003881,floating-PLL-IQ40,safe_range,final,320401,PAL,18,3,1000000.0,,True,bars,,,,,
4.369514702010798,44.503978377188666,True,88.95984943538268,610,8,0,2.025,2.025,1000000.0,48.98221784208771,27.125218691855363,-25.662320641713677,0.5438994986193677,86.30592367378408,1000000.0,1000000.0,610,610,2,0,0.0,4.548928215155321,0.5336724638129886,HC50,safe_range,final,320401,PAL,18,3,1000000.0,,False,bars,,,,,
11.999426254155408,98.11355853027868,True,3.8086574654956085,17,1,0,1.725,1.342499999999999,2.4166028707828446,5.038458821523124,-1.2225294242362121,-2.96304782373036,-59.77865358676225,111.79296144028886,1.525,0.075,610,1,2,347,0.5688524590163935,17.575297001245282,0.47330598925755624,PLL96-board-fixed,safe_range,final,320401,PAL,18,3,1000000.0,,False,bars,,,,,
15.345756500292199,98.08074054539067,True,0.6323713927227103,0,0,2,0.075,0.075,0.026646594221524024,1.4478020584230167,0.6201034335330646,-1.5240001086138941,-47.20195821130615,114.7891871004234,0.075,0.075,610,0,2,0,0.0,28.565103158599157,0.68563114887273,RNG-5cc14ad73003,safe_range,final,320401,PAL,18,3,1000000.0,,True,bars,,,,,
15.517883725087085,97.52117793735118,True,0.3601003764115433,0,0,2,0.05,0.025,0.022814289453732466,0.257211004299352,1.0648893023964985,-1.3598443510901224,-59.65819997381607,123.84107834150088,0.05,0.025,610,0,2,0,0.0,28.05117387039381,0.7073386609529967,OVP56,safe_range,final,320401,PAL,22,3,1000000.0,,True,bars,0.8261252450401835,-60.352548276864155,15.884033682952804,24.927652514633802,12.13383945503204
15.720458564063089,97.50232813217237,True,0.35570890840652447,0,0,2,0.05,0.025,0.020769026434004877,0.43285244317028976,1.2281937988954885,-1.2188543864742776,-58.54908571372805,123.5556728069751,0.05,0.025,610,0,2,0,0.0,28.374301288822878,0.7157464161772608,VLP56,safe_range,final,320401,PAL,22,3,1000000.0,,True,bars,0.8144491206271788,-60.2280651624365,15.101809895608254,25.015241755656966,11.892652848246676
15.737243721663134,95.66530973317394,True,0.9855708908406524,0,0,2,0.05,0.05,0.039786829520315994,1.3321824013136732,1.9581051780084384,-2.92996513059395,-51.07879106168149,106.76551235434731,0.05,0.05,610,0,2,0,0.0,25.14320833601394,0.7034319571554541,RANGE32,safe_range,final,320401,PAL,22,3,1000000.0,,True,bars,0.792290128715383,-61.323457763025154,15.545066631110386,23.54181607253986,11.99042535266748
-6.692512739755598,-82.68907650958423,False,608.142409033877,610,8,61,2.025,2.025,1000000.0,84.2412019772197,22.783483366937897,-156.21388261237686,-67.71631318808444,76.01668962493044,1000000.0,1000000.0,610,610,2,1478,2.422950819672131,-6.738293443418155,-0.3632058299357843,PLL96-rejected-board,safe_range,final,320401,PAL,22,3,1000000.0,contrast;waveform;detail_floor;sync;h_jitter_us;v_jitter_us;h_width_rmse_us;sync_error_ire;black_error_ire;white_error_ire;contrast;stress_waveform;reference_detail;burst_gain;burst_phase_jitter_deg;burst_rmse_ire;h_missing;v_missing;vertical_trains;sync_error_ire;black_error_ire;white_error_ire,False,bars,0.3296160122047468,64.91567268211297,26.177256342663533,32.91660558639308,28.75851627191848
8.98551794675473,98.32011267968672,True,6.348808030112924,605,8,0,2.025,2.025,3.685020352725341,14.791643013246835,-1.0672175677006281,-1.609186362174856,-54.76747590355938,111.4899220668206,1.47,1000000.0,610,254,2,9,0.014754098360655738,11.728596455193534,0.36884150054648945,PLL96-IQ-corrected,safe_range,final,320401,PAL,22,3,1000000.0,waveform;detail_floor;sync;h_jitter_us;v_jitter_us;h_width_rmse_us;sync_error_ire;stress_waveform;reference_detail;burst_gain;burst_phase_jitter_deg;burst_amplitude_jitter_pct;burst_rmse_ire;h_missing;v_missing;vertical_trains;sync_error_ire,False,bars,0.3756311130565878,-112.72053426358032,26.088718621080304,35.0600434290918,16.877809718284645
20.997124195923718,96.41460414475127,True,0.0,0,0,2,0.025,0.025,0.01957541114029219,1.6198916131685888,1.722009302212975,-1.0784567830393188,-49.83768880911814,115.67582868400227,0.025,0.025,610,0,2,0,0.0,28.8788677364076,0.9114183527166065,floating-PLL-IQ40,safe_range,final,320401,PAL,22,3,1000000.0,burst_gain,True,bars,0.48951763493047895,13.36219808801865,10.402464038660277,18.67536019325354,6.96781768014072
4.382401120636128,44.50424306064564,True,88.8732747804266,610,8,0,2.025,2.025,1000000.0,48.94383682761451,27.135358032919985,-25.6224125355381,0.5929493314406074,84.43707367341734,1000000.0,1000000.0,610,610,2,0,0.0,4.5498031134133115,0.5588423898154189,HC50,safe_range,final,320401,PAL,22,3,1000000.0,contrast;waveform;detail_floor;sync;h_jitter_us;v_jitter_us;h_width_rmse_us;sync_error_ire;black_error_ire;white_error_ire;contrast;stress_waveform;reference_detail;burst_gain;burst_rmse_ire;h_missing;v_missing;vertical_trains;sync_error_ire;black_error_ire;white_error_ire,False,bars,0.41207209890036434,98.79821839699504,14.980413414524346,22.431173155874358,30.722297025233395
11.986179161249332,97.49366159384125,True,3.7452948557089085,0,0,2,0.425,0.15624999999999994,0.12228192365373966,5.585414002029661,-0.8122288425242896,-2.723625317658918,-58.20611637247471,111.42531543985957,0.425,0.15624999999999994,610,0,2,0,0.0,17.2075917413873,0.48042538369329496,PLL96-board-fixed,safe_range,final,320401,PAL,22,3,1000000.0,waveform;detail_floor;h_jitter_us;sync_error_ire;stress_waveform;reference_detail;burst_gain;burst_phase_jitter_deg;burst_rmse_ire,True,bars,0.4274482366919486,-98.56399266565533,25.631041350862798,31.557106203196067,15.42788442998183
15.978434356529863,98.27987602387054,True,0.5734002509410289,0,0,2,0.075,0.06624999999999999,0.024607575802692266,1.5635398905015543,0.4399216597074535,-1.3402161782374802,-46.139072430259645,110.7489092601433,0.075,0.06624999999999999,610,0,2,0,0.0,28.814227374677095,0.7168371052832845,RNG-5cc14ad73003,safe_range,final,320401,PAL,22,3,1000000.0,,True,bars,0.7546451903225877,-62.36653421084031,15.363051376157204,25.030534251814995,11.899773180484711
15.94815874043446,97.59933539573137,True,0.31430363864491845,0,0,2,0.05,0.04124999999999999,0.020092001507818077,0.12712925482320217,1.0728233481791176,-1.2751178202678888,-56.235604155279646,124.26757712434704,0.05,0.04124999999999999,610,0,2,0,0.0,28.188443417169047,0.7268190592824285,OVP56,safe_range,final,320401,PAL,30,3,1000000.0,,True,bars,0.8252019578375271,-60.029696173423446,15.812587862690112,25.820628166633018,11.982724331355346
16.167935300170523,97.56939746366393,True,0.32747804265997493,0,0,2,0.05,0.05,0.01824806300073212,0.2898212369281353,1.2398196096374714,-1.1776173362859157,-56.37709722059378,123.60841415405406,0.05,0.05,610,0,2,0,0.0,28.51780494151306,0.7355452290438312,VLP56,safe_range,final,320401,PAL,30,3,1000000.0,,True,bars,0.8107802442988274,-59.85486704282569,14.249462861621147,24.577553300128724,11.716804301552912
16.071813076606027,95.70612311382683,True,0.9410288582183187,0,0,2,0.05,0.06624999999999999,0.03948957114869946,1.2387905292679064,1.8817358097823522,-3.034747886337968,-43.95570302865117,104.02296823439642,0.05,0.06624999999999999,610,0,2,0,0.0,25.257274177768984,0.7211111538862804,RANGE32,safe_range,final,320401,PAL,30,3,1000000.0,,True,bars,0.7938496809171716,-60.78088293118028,15.46575582476835,24.845206697373207,11.835239063205432
-6.69950760235259,-82.94405786540497,False,608.5941028858218,610,8,61,2.025,2.025,1000000.0,84.94656916432228,22.695827857993102,-156.25063905956924,-67.7519615236996,68.31665878789491,1000000.0,1000000.0,610,610,2,1494,2.4491803278688526,-6.745050916287868,-0.36208455625607844,PLL96-rejected-board,safe_range,final,320401,PAL,30,3,1000000.0,contrast;waveform;detail_floor;sync;h_jitter_us;v_jitter_us;h_width_rmse_us;sync_error_ire;black_error_ire;white_error_ire;contrast;stress_waveform;reference_detail;burst_gain;burst_phase_jitter_deg;burst_rmse_ire;h_missing;v_missing;vertical_trains;sync_error_ire;black_error_ire;white_error_ire,False,bars,0.32870210884745044,65.39478149777463,23.065918882230186,31.080535136946043,28.709923932265415
8.94552612675403,99.011221730528,True,6.348808030112924,610,8,0,2.025,2.025,1000000.0,13.973980268858023,-1.0952091339914425,-1.5856881857813074,-45.63081455711682,107.11085906881647,1000000.0,1000000.0,610,610,2,0,0.0,11.64198586372935,0.3712951964413636,PLL96-IQ-corrected,safe_range,final,320401,PAL,30,3,1000000.0,waveform;detail_floor;sync;h_jitter_us;v_jitter_us;h_width_rmse_us;sync_error_ire;stress_waveform;reference_detail;burst_gain;burst_phase_jitter_deg;burst_rmse_ire;h_missing;v_missing;vertical_trains;sync_error_ire,False,bars,0.3797894193193916,-111.97627739681963,23.405940497873214,31.266045740929755,16.887710259164045
21.676894495941422,96.4370665962709,True,0.0,0,0,2,0.025,0.025,0.01896394335419149,1.6198647878804155,1.7192994740824474,-1.0345678418689441,-45.56512390418853,111.85930793849613,0.025,0.025,610,0,2,0,0.0,28.99107409140173,0.9271004374907482,floating-PLL-IQ40,safe_range,final,320401,PAL,30,3,1000000.0,burst_gain,True,bars,0.49033956294883263,13.223669147640898,7.2323668043015275,15.63273133467551,6.851324622799436
4.390279894641521,44.50961657262452,True,88.83249686323714,610,8,0,2.025,2.025,1000000.0,48.927465094490515,27.13818063091762,-25.57904957063519,2.648635230089056,84.28639723888935,1000000.0,1000000.0,610,610,2,0,0.0,4.55086826229849,0.5748421210930139,HC50,safe_range,final,320401,PAL,30,3,1000000.0,contrast;waveform;detail_floor;sync;h_jitter_us;v_jitter_us;h_width_rmse_us;sync_error_ire;black_error_ire;white_error_ire;contrast;stress_waveform;reference_detail;burst_gain;burst_rmse_ire;h_missing;v_missing;vertical_trains;sync_error_ire;black_error_ire;white_error_ire,False,bars,0.4131504841075703,99.08537949138912,14.827206205384561,23.65980497996579,30.728337282062622
11.907105867999071,97.02825921665614,True,3.651819322459222,0,0,2,0.25,0.075,0.09431048304994918,5.679506469068456,-0.6640725132017575,-2.6720084492254097,-57.52727917950485,111.43923249022012,0.25,0.075,610,0,2,0,0.0,16.77384696349566,0.4846013320915467,PLL96-board-fixed,safe_range,final,320401,PAL,30,3,1000000.0,waveform;detail_floor;sync_error_ire;stress_waveform;reference_detail;burst_gain;burst_phase_jitter_deg;burst_rmse_ire,True,bars,0.4328945188213319,-99.43555230993485,23.068792856559988,28.787828567656856,15.418376678071162
16.33889238146611,98.40035977421492,True,0.5257214554579674,0,0,2,0.075,0.075,0.023910694500064396,1.5943834689120395,0.3359039051316535,-1.2781012902922553,-44.69564422008315,110.57584366633381,0.075,0.075,610,0,2,0,0.0,28.914055203194465,0.7341825209598045,RNG-5cc14ad73003,safe_range,final,320401,PAL,30,3,1000000.0,,True,bars,0.7534031659341238,-61.13388545667706,15.628257326689317,28.134629590057664,11.651556105115798
0.7581769884186179,55.449658579085664,True,221.3299334370964,506,12,0,2.025,2.025,1000000.0,35.10132024422113,13.800104912989076,-29.889233624314226,-88.97047406325947,150.1951698409225,1000000.0,1000000.0,506,506,2,0,0.0,5.552082298271057,0.1229914337244689,OVP56,safe_range,final,320401,NTSC,0,3,1000000.0,,False,bars,,,,,
-0.0032817698955059454,59.37328790816945,True,226.5599833818531,506,12,0,2.025,2.025,1000000.0,25.68941837091605,8.46854896371252,-33.16104625157604,-95.12110310705157,154.93151973921647,1000000.0,1000000.0,506,506,2,0,0.0,5.502951083697903,0.1152437337348635,VLP56,safe_range,final,320401,NTSC,0,3,1000000.0,,False,bars,,,,,
1.2019590981244843,63.08449783098274,True,167.39697200504565,446,9,0,2.025,2.025,3.4720356060962274,31.208848785924744,4.816518256059134,-34.60140636966961,-76.25141814166403,133.52315393003025,1.8524999999999998,0.7125,506,30,2,47,0.09288537549407115,6.058200495679551,0.12120746411913405,RANGE32,safe_range,final,320401,NTSC,0,3,1000000.0,,False,bars,,,,,
-6.712960438534823,-77.77386331872098,False,635.9526984920236,504,12,3,2.025,2.025,3.6500856154342465,90.28463664658261,19.46665226083045,-148.60842442180632,-77.19400581481446,137.40344030753263,1.175,1000000.0,506,475,2,2885,5.701581027667984,-6.60451768804643,-0.09778644368001675,PLL96-rejected-board,safe_range,final,320401,NTSC,0,3,1000000.0,,False,bars,,,,,
2.7265794233022618,85.2129839746988,True,115.36742060469584,313,10,0,2.025,2.025,3.213703757252407,11.753267595363146,3.259108356984704,-11.59790694907858,-76.39794589335382,138.89903162213878,1.8349999999999995,1.28375,506,10,2,228,0.4505928853754941,5.6667434746528835,0.09727151543329529,PLL96-IQ-corrected,safe_range,final,320401,NTSC,0,3,1000000.0,,False,bars,,,,,
5.925673436381142,92.2866742223504,True,40.42620127827268,388,9,0,2.025,2.025,3.4682992339576453,4.686206509018534,1.336822552995782,-7.752038679881087,-79.70575941150189,140.57864291942312,1.8324999999999996,1.1275,506,16,2,108,0.2134387351778656,13.549075496754535,0.26323177851888174,floating-PLL-IQ40,safe_range,final,320401,NTSC,0,3,1000000.0,,False,bars,,,,,
0.8389300893107945,31.84798271281654,True,225.41447524889588,506,12,0,2.025,2.025,1000000.0,52.497242542996226,26.758356522786286,-41.62568026777056,-84.82060332136015,141.50033948141046,1000000.0,1000000.0,506,506,2,0,0.0,2.8071686054517198,0.07674584033633854,HC50,safe_range,final,320401,NTSC,0,3,1000000.0,,False,bars,,,,,
0.2229489225478001,69.5594330761058,True,197.5700475965403,331,8,0,2.025,2.025,3.357587888435898,16.778350210394837,2.8270913585459825,-30.577109417367275,-84.41126806623595,130.25139211630824,1.875,0.7337499999999999,506,13,2,162,0.3201581027667984,3.884004356104134,0.07852090814188281,PLL96-board-fixed,safe_range,final,320401,NTSC,0,3,1000000.0,,False,bars,,,,,
0.9888447717914066,67.1149385519305,True,173.9441305126638,400,9,0,2.025,2.025,3.4198711770949104,29.627035166257617,4.346438035275835,-29.01333054934633,-76.72430975592792,136.8980020116488,1.84375,0.6799999999999999,506,15,2,93,0.18379446640316205,6.46059784301733,0.12389484973944355,RNG-5cc14ad73003,safe_range,final,320401,NTSC,0,3,1000000.0,,False,bars,,,,,
2.7830270272884228,68.84776750594233,True,134.91030114370182,506,12,0,2.025,2.025,1000000.0,25.656447411702747,9.42985099426312,-21.297726680033705,-84.38306873635808,146.41640827110547,1000000.0,1000000.0,506,506,2,0,0.0,8.503495932625302,0.18314712169564318,OVP56,safe_range,final,320401,NTSC,2,3,1000000.0,,False,bars,,,,,
2.2310514744021086,73.19118102804728,True,133.24698118717393,504,12,0,2.025,2.025,3.4402489008791206,18.01570183591596,5.799540411062794,-22.152402387036258,-91.44158100948383,151.91648218112059,1.14625,1000000.0,506,232,2,1,0.001976284584980237,8.86739619267457,0.174884211921548,VLP56,safe_range,final,320401,NTSC,2,3,1000000.0,,False,bars,,,,,
3.3279318552750525,77.3245305137612,True,90.92263831145176,274,8,0,2.025,2.025,3.2878412862052606,19.27800078764296,2.941126402227964,-22.683774813029526,-71.81187564775554,129.35221909637815,1.9,1.1774999999999998,506,15,2,227,0.44861660079051385,9.381077099857865,0.17842597641602098,RANGE32,safe_range,final,320401,NTSC,2,3,1000000.0,,False,bars,,,,,
-6.668488290521955,-81.60874844713643,False,619.3345515960345,506,12,18,2.025,2.025,1000000.0,89.90961368663469,20.18245134114005,-153.45948955181748,-75.48250623582113,135.2607366384967,1000000.0,1000000.0,506,506,2,2246,4.438735177865612,-6.640196997185184,-0.16122810914368657,PLL96-rejected-board,safe_range,final,320401,NTSC,2,3,1000000.0,,False,bars,,,,,
5.6210972449646714,89.47203850002087,True,48.28745781489432,330,8,0,2.025,2.025,3.3077678462975606,10.64047836905139,1.9984897298850648,-6.896423735464105,-74.79349756766514,135.071333581844,1.88125,1.86375,506,10,2,179,0.35375494071146246,9.762070981164214,0.15850198176584387,PLL96-IQ-corrected,safe_range,final,320401,NTSC,2,3,1000000.0,,False,bars,,,,,
8.24330979305508,94.17489856573351,True,11.463360297681588,306,5,0,2.025,2.025,3.395340097103676,3.9155728170668573,1.539758317620914,-4.522061130893269,-77.14450073262827,137.55422165939734,1.8,1.2075,506,10,2,206,0.40711462450592883,18.89765369559241,0.3737878664316575,floating-PLL-IQ40,safe_range,final,320401,NTSC,2,3,1000000.0,,False,bars,,,,,
2.1145482337894568,38.03284463994926,True,169.5796090520732,506,12,0,2.025,2.025,1000000.0,50.767958967180704,27.123397554728147,-34.432850717808286,-81.61575611949536,133.90466421559395,1000000.0,1000000.0,506,506,2,0,0.0,3.61111099602006,0.12025918991169132,HC50,safe_range,final,320401,NTSC,2,3,1000000.0,,False,bars,,,,,
2.8260059603477226,81.47757083567234,True,102.49211992762676,202,4,0,2.025,2.025,3.17746323584264,9.058791999784095,0.5263396614766156,-21.722840308349006,-84.04696973923815,129.42664156238183,1.825,1.6349999999999998,506,4,2,291,0.575098814229249,7.143635869970266,0.1322874907404846,PLL96-board-fixed,safe_range,final,320401,NTSC,2,3,1000000.0,,False,bars,,,,,
3.2371943130995517,81.36779548789835,True,93.55535017024569,200,7,0,2.025,2.025,3.1552742700047878,17.454266213733952,2.2314291906811823,-17.247070365055365,-73.40721927938907,135.84723567867962,1.81875,1.01,506,8,2,292,0.5770750988142292,10.10167769042317,0.18480796537857105,RNG-5cc14ad73003,safe_range,final,320401,NTSC,2,3,1000000.0,,False,bars,,,,,
5.102302638873024,80.56652615674541,True,65.00118916087389,501,12,0,2.025,2.025,3.5958830626148006,16.919775709144407,5.236479995175416,-14.068883966759262,-85.27813513708823,141.7193614703598,1.65,1000000.0,506,151,2,8,0.015810276679841896,12.355307433421839,0.2622382086834346,OVP56,safe_range,final,320401,NTSC,4,3,1000000.0,,False,bars,,,,,
4.828077709702273,84.72834510827543,True,61.91689722338462,491,11,0,2.025,2.025,3.5447437613081894,11.080215606700355,2.9987485083572394,-13.194728946689702,-88.35494275860368,149.97530649746963,1.9324999999999999,1.2,506,87,2,22,0.043478260869565216,13.326629133352581,0.2590839278965939,VLP56,safe_range,final,320401,NTSC,4,3,1000000.0,,False,bars,,,,,
5.898169680887001,88.49973601277078,True,38.903623779604835,66,1,0,2.025,1.9012499999999999,2.818037225946134,8.99779606140055,1.743187644068658,-12.060135483700517,-69.20265317178952,131.11396885811644,1.675,1.775,506,3,2,385,0.7608695652173914,13.922725684641508,0.2599169272981223,RANGE32,safe_range,final,320401,NTSC,4,3,1000000.0,,False,bars,,,,,
-6.693344371284868,-83.94568132867992,False,611.7796168794613,506,12,32,2.025,2.025,1000000.0,88.94650822693632,21.144216339065995,-156.79448929262378,-74.29645006830722,134.72011268397893,1000000.0,1000000.0,506,506,2,1672,3.3043478260869565,-6.71132287391786,-0.23764718888565448,PLL96-rejected-board,safe_range,final,320401,NTSC,4,3,1000000.0,,False,bars,,,,,
7.921147091288011,92.53987945765957,True,18.137713860798936,351,9,0,2.025,2.025,3.3927092133649785,10.859419753113702,0.30869563338855305,-4.111886060853101,-74.35778482494142,134.22342249742545,1.9324999999999997,1.2925,506,14,2,166,0.32806324110671936,13.091310996445113,0.22795654972044624,PLL96-IQ-corrected,safe_range,final,320401,NTSC,4,3,1000000.0,,False,bars,,,,,
10.216642783783085,95.76115675806923,True,2.236826656470992,112,2,0,2.025,2.025,3.131799455576496,2.646073266524142,1.269459312145994,-2.6388844936944245,-77.04981567808954,133.67144815766497,1.7337499999999992,1.4949999999999997,506,4,2,355,0.7015810276679841,23.275604412008498,0.4775541745048992,floating-PLL-IQ40,safe_range,final,320401,NTSC,4,3,1000000.0,,False,bars,,,,,
3.2355339611150553,42.553130483906735,True,127.56459853025737,506,12,0,2.025,2.025,1000000.0,49.36205214705679,27.010487438316936,-29.07198957596826,-74.75300166718002,123.06648090839013,1000000.0,1000000.0,506,506,2,0,0.0,4.217916196862471,0.18572637531577577,HC50,safe_range,final,320401,NTSC,4,3,1000000.0,,False,bars,,,,,
5.820059870138646,90.68257601974446,True,41.55364620808208,68,1,0,2.025,1.8187499999999996,2.833268700578956,3.1611680119902017,-1.5648926374885457,-14.757630545079374,-82.21703730532006,128.933518601506,1.6037499999999993,1.625,506,3,2,415,0.8201581027667985,10.982645454498684,0.21012372450496095,PLL96-board-fixed,safe_range,final,320401,NTSC,4,3,1000000.0,,False,bars,,,,,
5.904029386631859,91.80527466338464,True,39.07974001029602,44,1,0,2.025,1.8599999999999999,2.616982964725284,7.3082220866591845,0.916558732828088,-8.203574657582998,-71.56033357642758,135.5271179644712,1.4487499999999998,1.6625,506,2,2,362,0.7154150197628458,15.129289692213856,0.2712103463805047,RNG-5cc14ad73003,safe_range,final,320401,NTSC,4,3,1000000.0,,False,bars,,,,,
7.512342811801888,87.87690309783106,True,22.076997413951418,454,11,0,2.025,2.025,3.497947543807764,10.820232218501806,2.7659543412841785,-9.351457604541636,-79.01409582184326,135.77727218788746,1.8087499999999999,0.025,506,39,2,45,0.08893280632411067,16.5287589061268,0.35582482694718837,OVP56,safe_range,final,320401,NTSC,6,3,1000000.0,,False,bars,,,,,
7.530162894961398,91.22980931968934,True,19.8228601877971,403,9,0,2.025,2.025,3.425341029014271,6.798154695448225,1.4900918023618095,-7.813008010362319,-82.03744671885816,143.58632750018756,1.8224999999999998,1.8024999999999998,506,26,2,103,0.20355731225296442,18.420985083212997,0.35978056457475277,VLP56,safe_range,final,320401,NTSC,6,3,1000000.0,,False,bars,,,,,
8.667680313428539,93.8234625028269,True,12.136967248402158,5,0,0,1.15,0.9387499999999993,1.9956833406149344,3.478985117464553,1.7095861566637396,-5.491150366954671,-64.91673296363174,127.10228803035864,1.075,0.9387499999999992,506,1,2,256,0.5059288537549407,19.334804568617308,0.36064220931423413,RANGE32,safe_range,final,320401,NTSC,6,3,1000000.0,,False,bars,,,,,
-6.658775643393789,-83.76006515670657,False,607.7394804420668,506,12,48,2.025,2.025,1000000.0,86.89091000863182,22.070560824157663,-157.17476612766933,-72.73413014228815,132.52307689226012,1000000.0,1000000.0,506,506,2,1375,2.717391304347826,-6.695867832745175,-0.29412537087344076,PLL96-rejected-board,safe_range,final,320401,NTSC,6,3,1000000.0,,False,bars,,,,,
9.166983557955255,93.59342773775984,True,8.089304476362793,402,9,0,2.025,2.025,3.480327612231575,12.363382915892224,-0.6180802122673508,-3.009910686791812,-73.14700969521097,132.44573985661793,1.9424999999999997,1.775,506,17,2,119,0.23517786561264822,14.303868924337383,0.28998660274312843,PLL96-IQ-corrected,safe_range,final,320401,NTSC,6,3,1000000.0,,False,bars,,,,,
12.112238373194442,95.91165340157147,True,0.2536374775338911,24,1,0,1.94375,1.9012499999999999,2.713114568885806,2.3048884466,1.4022752047621396,-2.054008544121818,-72.47657696195142,133.87763120495325,1.5237499999999997,1.525,506,1,2,398,0.7865612648221344,25.70421319722446,0.5722909051175283,floating-PLL-IQ40,safe_range,final,320401,NTSC,6,3,1000000.0,,False,bars,,,,,
3.9095326003915867,44.33302899791935,True,105.29191641553797,506,12,0,2.025,2.025,1000000.0,49.019734784653934,27.015488289357553,-26.479056721761445,-63.26459186016997,119.36716311599267,1000000.0,1000000.0,506,506,2,0,0.0,4.474477625549557,0.27575969812712836,HC50,safe_range,final,320401,NTSC,6,3,1000000.0,,False,bars,,,,,
8.753948317907666,95.63970279421694,True,13.09657491562979,7,1,1,1.45,1.9425,2.311922624666511,0.4831868709758007,-2.386539129955193,-10.154323279291159,-81.26620141529864,121.08063062585981,1.377499999999999,1.4125,506,1,2,338,0.6679841897233202,14.861508672221042,0.3090500688220623,PLL96-board-fixed,safe_range,final,320401,NTSC,6,3,1000000.0,,False,bars,,,,,
8.629525515956352,96.09338640281342,True,11.689902970493756,2,0,0,1.025,0.63625,1.6801559770279835,2.3529666820113544,0.7106185200096581,-4.147559353462536,-66.71145853986505,130.18805283115617,1.0,0.63625,506,1,2,212,0.4189723320158103,21.187721672703802,0.37400590357318125,RNG-5cc14ad73003,safe_range,final,320401,NTSC,6,3,1000000.0,,False,bars,,,,,
9.548334084317789,91.52878415567996,True,5.3120869923863605,331,9,0,2.025,2.025,3.41411565625503,7.351032968888667,1.9850078807281597,-6.692083440257437,-78.84299461130001,134.9520506211002,1.8074999999999997,1.5775,506,12,2,170,0.3359683794466403,19.929142358034763,0.4429772000079746,OVP56,safe_range,final,320401,NTSC,8,3,1000000.0,,False,bars,,,,,
9.666452073048452,93.91685406468986,True,4.433011105859402,218,9,0,2.025,2.025,3.238906681745486,4.67579359438978,1.2389446461280404,-5.2903761079507845,-78.7298996890252,141.80646219943574,1.75,0.925,506,6,2,296,0.5849802371541502,22.253769345897624,0.4493655063842393,VLP56,safe_range,final,320401,NTSC,8,3,1000000.0,,False,bars,,,,,
10.751724538443861,95.12922213950763,True,3.684893442154097,0,0,2,0.2,0.23499999999999982,0.9509382718336374,1.944372264773602,2.076599628097107,-3.2200071369848593,-62.25285480238087,118.21497843704569,0.2,0.2349999999999998,506,0,2,77,0.15217391304347827,23.037714884648373,0.4510780370569242,RANGE32,safe_range,final,320401,NTSC,8,3,1000000.0,,False,bars,,,,,
-6.607664858038495,-82.95414909544098,False,605.9534812308267,506,12,50,2.025,2.025,1000000.0,85.42655732388783,22.7552585675534,-156.68651206730084,-71.83876078397303,98.23240351557945,1000000.0,1000000.0,506,506,2,1252,2.474308300395257,-6.651232677896161,-0.32141397603277866,PLL96-rejected-board,safe_range,final,320401,NTSC,8,3,1000000.0,,False,bars,,,,,
9.4282853808629,93.98746779159274,True,6.250620922608206,436,9,0,2.025,2.025,3.546353761259584,14.01700824992006,-0.9170345046670887,-2.704495993228334,-67.94338137392818,129.35066013237127,1.76375,1.775,506,28,2,67,0.1324110671936759,13.872579272052635,0.31708154206757055,PLL96-IQ-corrected,safe_range,final,320401,NTSC,8,3,1000000.0,,False,bars,,,,,
13.884298888992749,95.6526811123926,True,0.03687903976012066,1,0,0,0.96875,1.0574999999999997,1.9860865046518985,2.406210491927539,1.7365772415217906,-1.8859714788781485,-66.22989778989349,126.82754800511933,0.95,1.0574999999999997,506,1,2,241,0.4762845849802372,26.2674918538854,0.6570012968415797,floating-PLL-IQ40,safe_range,final,320401,NTSC,8,3,1000000.0,,False,bars,,,,,
4.123384177452872,44.467536659843276,True,97.50216005804309,506,12,0,2.025,2.025,1000000.0,49.1978254392498,27.122647619152637,-25.901463472270525,-50.49618670926737,104.65292029895696,1000000.0,1000000.0,506,506,2,0,0.0,4.491284741818755,0.3535230976391381,HC50,safe_range,final,320401,NTSC,8,3,1000000.0,,False,bars,,,,,
10.467102301112272,97.61832408368574,True,5.506266426225363,7,0,0,1.1125,0.4924999999999995,2.1238261522662585,0.4342880817927668,-2.321683485086872,-7.543497441548872,-78.26157666213413,116.99866725974641,1.0274999999999992,0.49249999999999955,506,1,2,290,0.5731225296442688,17.071529724625545,0.3795045225035081,PLL96-board-fixed,safe_range,final,320401,NTSC,8,3,1000000.0,,False,bars,,,,,
10.643252730027077,96.85711584114082,True,3.1128920091399808,0,0,2,0.225,0.23499999999999982,0.7540814505025931,1.4442046825333008,0.9542977764238504,-3.1828451504365147,-62.03820821733401,126.20800545275148,0.225,0.2349999999999998,506,0,2,53,0.10474308300395258,25.230650765106226,0.4620026800603657,RNG-5cc14ad73003,safe_range,final,320401,NTSC,8,3,1000000.0,,False,bars,,,,,
11.152271879481193,93.6905464526592,True,1.3908666423816936,127,3,0,2.025,2.025,3.1361360946587817,4.948135017434837,1.6757904216621475,-4.881578126626802,-70.67140494188386,129.7246636737745,1.7774999999999992,1.75,506,7,2,363,0.717391304347826,22.525082000264366,0.5167575181644982,OVP56,safe_range,final,320401,NTSC,10,3,1000000.0,,False,bars,,,,,
11.29382797198102,95.28568443947607,True,1.1989451089361678,44,1,0,2.025,1.92875,2.9036426126639485,3.2356979002509854,1.2107206686595078,-3.829869697666333,-69.82350455241156,132.29852973143596,1.65,1.5875,506,2,2,411,0.8122529644268774,24.590566409385858,0.5235456964074776,VLP56,safe_range,final,320401,NTSC,10,3,1000000.0,,False,bars,,,,,
12.171485961773893,95.4341296665402,True,1.8717994261922466,0,0,2,0.125,0.23499999999999982,0.21553144630848203,1.5674008921964921,2.2351262402861374,-2.6001764160027436,-53.16956610280016,117.14053522765298,0.125,0.2349999999999998,506,0,2,11,0.021739130434782608,24.035620443040568,0.5234411049689268,RANGE32,safe_range,final,320401,NTSC,10,3,1000000.0,,True,bars,,,,,
-6.583359431200828,-82.39593702962873,False,605.7322069922659,506,12,51,2.025,2.025,1000000.0,84.38400767756545,23.083565353757354,-156.32211111813936,-70.07050633033471,82.90340781608825,1000000.0,1000000.0,506,506,2,1207,2.3853754940711465,-6.629405391923,-0.3322843054756366,PLL96-rejected-board,safe_range,final,320401,NTSC,10,3,1000000.0,,False,bars,,,,,
9.389024832485738,94.58902257985221,True,6.037625652156897,435,10,0,2.025,2.025,3.5869763935503287,15.005274554488336,-1.0803981360447452,-2.493830304427611,-55.50430428646429,124.95907774355749,1.8,1.7425000000000002,506,34,2,67,0.1324110671936759,13.26175422518241,0.3296967371499999,PLL96-IQ-corrected,safe_range,final,320401,NTSC,10,3,1000000.0,,False,bars,,,,,
15.529243216154233,95.70213092349634,True,0.0007526334644922584,0,0,2,0.15625,0.025,1.1909755152250665,2.2645525057474827,1.8400035441376967,-1.700412534947014,-61.49093002768226,124.55759789372601,0.15625,0.025,506,0,2,82,0.16205533596837945,26.82003804286125,0.7321302917242452,floating-PLL-IQ40,safe_range,final,320401,NTSC,10,3,1000000.0,,False,bars,,,,,
4.207227834646098,44.4093956334243,True,95.2856545051134,506,12,0,2.025,2.025,1000000.0,49.21847370396792,27.130946286793733,-25.854953700430023,-15.890889172144014,99.47614425961845,1000000.0,1000000.0,506,506,2,0,0.0,4.487079054214209,0.4128460143562132,HC50,safe_range,final,320401,NTSC,10,3,1000000.0,,False,bars,,,,,
11.176484705927379,98.31378866869197,True,4.286247580283412,10,0,0,1.4125,0.9737499999999998,2.170442713498941,1.4843392469626548,-2.233292142143278,-5.890290722445212,-68.24722405831014,112.52787401365524,1.075,0.9737499999999997,506,1,2,291,0.575098814229249,17.646338318637614,0.41668168641412723,PLL96-board-fixed,safe_range,final,320401,NTSC,10,3,1000000.0,,False,bars,,,,,
12.068840198461054,97.08893756847675,True,1.4029087778135696,0,0,2,0.1,0.23499999999999982,0.30627092168594083,1.4168293760028863,0.9941182849008193,-2.7750143423556453,-53.49747164221061,121.17169709168817,0.1,0.2349999999999998,506,0,2,7,0.01383399209486166,26.45370403126045,0.5324067922964538,RNG-5cc14ad73003,safe_range,final,320401,NTSC,10,3,1000000.0,,True,bars,,,,,
12.476724670105297,95.31334152749191,True,0.7247860263060448,26,2,0,2.01875,2.025,2.602757452043249,3.011367431444261,1.3975262045630095,-3.5291641453473,-68.1472475228832,126.83557512956136,1.5262499999999988,1.29125,506,2,2,386,0.7628458498023716,24.759344846527,0.5793303081015383,OVP56,safe_range,final,320401,NTSC,12,3,1000000.0,,False,bars,,,,,
12.627366995503932,96.24004219733955,True,0.7037122893002616,6,0,0,1.06875,1.4949999999999997,2.197452502330824,2.099040453249365,1.1974891186503498,-2.813130517118668,-68.69636068371722,129.16480626390668,1.0012499999999989,1.4949999999999997,506,1,2,293,0.5790513833992095,26.23599014816259,0.5862445028197368,VLP56,safe_range,final,320401,NTSC,12,3,1000000.0,,False,bars,,,,,
13.282754021587124,95.68290707858178,True,1.4337667498577522,0,0,2,0.1,0.1,0.0819868156758392,1.3367282855362506,2.1867347549730276,-2.399620542595036,-53.42839368917552,111.17285665759172,0.1,0.1,506,0,2,2,0.003952569169960474,24.485250532055648,0.5837098891645994,RANGE32,safe_range,final,320401,NTSC,12,3,1000000.0,,True,bars,,,,,
-6.58103263490861,-82.13109386629988,False,606.0437972465658,506,12,50,2.025,2.025,1000000.0,83.65330777884708,23.117584475037805,-156.27547223110406,-69.7376008539349,82.07095524430594,1000000.0,1000000.0,506,506,2,1197,2.3656126482213438,-6.628405547888344,-0.3377448646595559,PLL96-rejected-board,safe_range,final,320401,NTSC,12,3,1000000.0,,False,bars,,,,,
9.288880615286907,95.2791164875962,True,6.082783660026433,450,12,0,2.025,2.025,3.6166514085151045,15.63192158854845,-1.2397720646394204,-2.2044405111511254,-54.93754757328686,122.89329853378331,1.8,1000000.0,506,34,2,51,0.1007905138339921,12.775712099324812,0.33836196763956145,PLL96-IQ-corrected,safe_range,final,320401,NTSC,12,3,1000000.0,,False,bars,,,,,
17.042404120756864,95.95897636792509,True,0.0,0,0,2,0.05,0.025,0.4005554443914357,1.9878790394649155,1.7964254637467563,-1.4924998311547648,-59.032367542576644,124.27834792240643,0.05,0.025,506,0,2,16,0.03162055335968379,27.52590584470253,0.7938971409074388,floating-PLL-IQ40,safe_range,final,320401,NTSC,12,3,1000000.0,,True,bars,,,,,
4.264084374041887,44.45300649782305,True,94.90707987247377,506,12,0,2.025,2.025,1000000.0,49.12684600331367,27.09863854292964,-25.798433941679598,-10.553099092352404,91.51102144913042,1000000.0,1000000.0,506,506,2,0,0.0,4.495895190368194,0.461753035732906,HC50,safe_range,final,320401,NTSC,12,3,1000000.0,,False,bars,,,,,
11.553315128818166,98.59944955707097,True,4.080778644477025,5,0,2,1.1125,0.825,1.9701176419072268,2.625944538197889,-2.111470762822967,-4.677571434229274,-62.74695039753381,112.31790600013477,1.025,0.825,506,1,2,255,0.5039525691699605,17.800391271090167,0.44054979626160673,PLL96-board-fixed,safe_range,final,320401,NTSC,12,3,1000000.0,,False,bars,,,,,
13.240257103567696,97.45334661413612,True,1.0017551412391958,0,0,2,0.075,0.08624999999999998,0.03657454891667836,1.3189881908313699,0.9030713831348409,-2.352028492865189,-50.87589566345353,119.65096295773407,0.075,0.08624999999999998,506,0,2,1,0.001976284584980237,27.298654509717295,0.5924202248329594,RNG-5cc14ad73003,safe_range,final,320401,NTSC,12,3,1000000.0,,True,bars,,,,,
13.548680199873758,96.29867721840907,True,0.5704961660851319,1,1,2,0.9187500000000001,1.364999999999999,1.8988688660086641,1.782962360865988,1.2598506378838927,-2.6350218269901724,-65.137533036745,128.0693514476827,0.8949999999999989,0.5625,506,1,2,226,0.44664031620553357,26.27116022489401,0.6303326918528971,OVP56,safe_range,final,320401,NTSC,14,3,1000000.0,,False,bars,,,,,
13.710287611872987,96.75581400657899,True,0.5464118952213796,1,0,2,0.625,0.8624999999999987,1.4121160654061753,1.4151987869931362,1.2213752513359262,-2.173135707438749,-64.52999851684481,127.69915409773611,0.6199999999999989,0.8624999999999987,506,1,2,129,0.2549407114624506,27.151990409911694,0.6374754924630925,VLP56,safe_range,final,320401,NTSC,14,3,1000000.0,,False,bars,,,,,
14.15380211232784,95.7280658485558,True,1.2674347542049633,0,0,2,0.075,0.08624999999999998,0.045226701686664546,1.3245602511939127,2.122232723248272,-2.4667075116754833,-51.71995887834839,110.67259914754294,0.075,0.08624999999999998,506,0,2,0,0.0,24.720053027734416,0.6312132313781548,RANGE32,safe_range,final,320401,NTSC,14,3,1000000.0,,True,bars,,,,,
-6.5810625062793715,-82.00207856849896,False,606.7700885398008,506,12,49,2.025,2.025,1000000.0,83.36968510258019,23.03245242799228,-156.22273384205383,-68.97214012661878,82.121126037169,1000000.0,1000000.0,506,506,2,1186,2.343873517786561,-6.629172606689991,-0.34189369524214325,PLL96-rejected-board,safe_range,final,320401,NTSC,14,3,1000000.0,,False,bars,,,,,
9.186784549602006,95.84402532136471,True,6.197183946629256,468,12,0,2.025,2.025,3.6386946401437053,15.920050575276846,-1.1755804022323733,-2.0192992138083934,-55.09171716699801,119.26941235102049,1.6724999999999999,1000000.0,506,39,2,39,0.07707509881422925,12.426913561390744,0.3431884603536982,PLL96-IQ-corrected,safe_range,final,320401,NTSC,14,3,1000000.0,,False,bars,,,,,
18.35389364923874,96.11011812336808,True,0.0,0,0,2,0.025,0.025,0.024776670462543716,1.8213671838972347,1.759303216558997,-1.3821235117998403,-56.96069254292068,123.21181021888566,0.025,0.025,506,0,2,1,0.001976284584980237,27.99187871583583,0.8409861346897994,floating-PLL-IQ40,safe_range,final,320401,NTSC,14,3,1000000.0,,True,bars,,,,,
4.298419908948647,44.467461088534925,True,94.89428510357742,506,12,0,2.025,2.025,1000000.0,49.0551424408761,27.074859299069058,-25.778404528865018,-4.391356021605219,89.3122728276679,1000000.0,1000000.0,506,506,2,0,0.0,4.500816401408909,0.5011961840077797,HC50,safe_range,final,320401,NTSC,14,3,1000000.0,,False,bars,,,,,
11.783517821800196,98.48448668724969,True,4.004762664563307,6,0,0,1.075,0.9374999999999998,2.0812925671322615,3.6504042999481814,-1.838010455612879,-3.863614936908545,-60.82323314619053,112.17865988293408,1.025,0.9374999999999998,506,1,2,287,0.567193675889328,17.83962244439182,0.45651968359107314,PLL96-board-fixed,safe_range,final,320401,NTSC,14,3,1000000.0,,False,bars,,,,,
14.192051492881221,97.6895615453935,True,0.8128441416516391,0,0,2,0.075,0.075,0.0885977163135054,1.3158552592096817,0.8143370423521499,-2.047013925268457,-48.31526231179588,116.72523109888394,0.075,0.075,506,0,2,1,0.001976284584980237,27.898362491484235,0.6408598426943549,RNG-5cc14ad73003,safe_range,final,320401,NTSC,14,3,1000000.0,,True,bars,,,,,
14.972067113187684,97.15881545666686,True,0.4508274452308628,0,0,2,0.05,0.05,0.5810399818207937,0.643632203602476,1.141715933964169,-1.7949744657236089,-61.997434774859315,124.07689542869306,0.05,0.05,506,0,2,14,0.02766798418972332,27.55269291417886,0.6961428546004461,OVP56,safe_range,final,320401,NTSC,18,3,1000000.0,,False,bars,,,,,
15.15451448645502,97.23279133837416,True,0.4342695090120331,0,0,2,0.05,0.05,0.4081131266091204,0.7195772553509499,1.2483667559574119,-1.5764114734144463,-62.22615663809094,123.80653207639378,0.05,0.05,506,0,2,6,0.011857707509881422,27.91752362144628,0.7036604915603035,VLP56,safe_range,final,320401,NTSC,18,3,1000000.0,,True,bars,,,,,
15.2952542069489,95.60496350732272,True,1.1176606947710037,0,0,2,0.075,0.075,0.04182118909963596,1.3939712330821963,2.023101940817787,-2.9047799911135086,-50.941331806970055,107.91036748572378,0.075,0.075,506,0,2,0,0.0,24.940654811273603,0.6930350451510106,RANGE32,safe_range,final,320401,NTSC,18,3,1000000.0,,True,bars,,,,,
-6.584487286212891,-82.06277590587717,False,608.0126863896776,506,12,49,2.025,2.025,1000000.0,83.63437295737671,22.845499642130324,-156.1258106726548,-67.90107771771781,75.63136523699134,1000000.0,1000000.0,506,506,2,1207,2.3853754940711465,-6.633036101929546,-0.34785920444101404,PLL96-rejected-board,safe_range,final,320401,NTSC,18,3,1000000.0,,False,bars,,,,,
9.03498243730716,96.85586367751607,True,6.358247508030599,483,12,0,2.025,2.025,3.6610315723731532,15.620062193449254,-1.0926592461388942,-1.8258627496844337,-54.22934161121292,117.39500748083515,1.7849999999999997,1000000.0,506,57,2,14,0.02766798418972332,11.996477197937253,0.35003683209210895,PLL96-IQ-corrected,safe_range,final,320401,NTSC,18,3,1000000.0,,False,bars,,,,,
20.23778900233335,96.2327479212678,True,0.0,0,0,2,0.025,0.025,0.020432574937512774,1.689376021173216,1.7237455105525898,-1.296992478298426,-52.26421529999257,115.13552867521778,0.025,0.025,506,0,2,0,0.0,28.453793323818573,0.8970826421575455,floating-PLL-IQ40,safe_range,final,320401,NTSC,18,3,1000000.0,,True,bars,,,,,
4.3301665751741805,44.45250432000238,True,94.80020592051588,506,12,0,2.025,2.025,1000000.0,48.9749833259394,27.059657156208434,-25.775098843750715,-0.14103544602496498,86.42156017099035,1000000.0,1000000.0,506,506,2,0,0.0,4.502937569209045,0.5522954073205972,HC50,safe_range,final,320401,NTSC,18,3,1000000.0,,False,bars,,,,,
11.98167738422502,97.77177462000552,True,3.841441202768487,16,1,0,1.6625,1.5024999999999993,2.475848648567243,5.028385292588689,-1.1872414290633573,-3.1156423384207166,-59.95607586875417,111.39585367304144,1.325,1.025,506,1,2,336,0.6640316205533597,17.69536207854523,0.4740184999698457,PLL96-board-fixed,safe_range,final,320401,NTSC,18,3,1000000.0,,False,bars,,,,,
15.48461057004606,97.97268365409197,True,0.6796280184365093,0,0,2,0.075,0.061249999999999985,0.027695585470349865,1.469108769931603,0.6176992163960108,-1.6844620319908683,-47.74051708199559,113.8007047474731,0.075,0.061249999999999985,506,0,2,0,0.0,28.55727904027228,0.7047707188831716,RNG-5cc14ad73003,safe_range,final,320401,NTSC,18,3,1000000.0,,True,bars,,,,,
15.653698449879784,97.44107860702302,True,0.39964836964538925,0,0,2,0.05,0.05,0.0225586630949711,0.2919245920507446,1.0837172912251358,-1.5071493923188064,-59.11631158961237,124.22637813153867,0.05,0.05,506,0,2,0,0.0,27.912761054369607,0.7263647087317991,OVP56,safe_range,final,320401,NTSC,22,3,1000000.0,,True,bars,0.8867328369024636,-48.44030872310512,10.84076006229934,21.78031770052548,11.667610451089462
15.851265526766845,97.42274691647884,True,0.3800798995685905,0,0,2,0.05,0.05,0.02114555242484288,0.44700028911604883,1.236572457879106,-1.3819743638410409,-59.379746339804626,123.8253980088131,0.05,0.05,506,0,2,0,0.0,28.21785668597622,0.7340631852388289,VLP56,safe_range,final,320401,NTSC,22,3,1000000.0,,True,bars,0.8710753778724631,-48.442191601262245,10.002525571060819,20.991874118842702,11.456448255545917
15.833525253169176,95.58820926885868,True,1.016807810529041,0,0,2,0.05,0.061249999999999985,0.03877127109665858,1.3665862337001793,1.9586204163152627,-3.1005898149707654,-48.79420869840874,106.39389813314119,0.05,0.061249999999999985,506,0,2,0,0.0,25.064487093925237,0.7211757416256616,RANGE32,safe_range,final,320401,NTSC,22,3,1000000.0,,True,bars,0.8482513062298176,-49.52538094127261,10.413380539662201,20.206091154118727,11.563752985053963
-6.59235204350669,-82.32721896210543,False,608.935415017145,506,12,49,2.025,2.025,1000000.0,84.33976926620011,22.613797795937458,-156.14607824323997,-67.63363365694597,69.9969428203903,1000000.0,1000000.0,506,506,2,1232,2.4347826086956523,-6.640549503809591,-0.34884744346402946,PLL96-rejected-board,safe_range,final,320401,NTSC,22,3,1000000.0,contrast;waveform;detail_floor;sync;h_jitter_us;v_jitter_us;h_width_rmse_us;sync_error_ire;black_error_ire;white_error_ire;contrast;stress_waveform;reference_detail;burst_gain;burst_phase_jitter_deg;burst_amplitude_jitter_pct;burst_rmse_ire;h_missing;v_missing;vertical_trains;sync_error_ire;black_error_ire;white_error_ire,False,bars,0.4371026008876858,83.74390237967783,38.59031153111009,32.50036770044606,29.38248265444406
8.967272399030769,97.64159109171598,True,6.4169529182609955,501,12,0,2.025,2.025,3.6700817429588675,14.86260230283726,-1.0140083495776224,-1.7245185841729782,-54.288948560581886,110.63476369544051,1.28,1000000.0,506,300,2,6,0.011857707509881422,11.840654937569074,0.3530654076127512,PLL96-IQ-corrected,safe_range,final,320401,NTSC,22,3,1000000.0,waveform;detail_floor;sync;h_jitter_us;v_jitter_us;h_width_rmse_us;sync_error_ire;stress_waveform;reference_detail;burst_gain;burst_phase_jitter_deg;burst_amplitude_jitter_pct;burst_rmse_ire;h_missing;v_missing;vertical_trains;sync_error_ire,False,bars,0.505087892918603,-95.68205556789387,36.8054761397731,31.171249380635096,17.99568591976849
21.22808226020455,96.28996502958233,True,0.0,0,0,2,0.025,0.025,0.019662417754100305,1.6632294448521525,1.709021519265916,-1.2294137080430914,-48.753671781810624,114.68977205300067,0.025,0.025,506,0,2,0,0.0,28.666097207677623,0.921115155874033,floating-PLL-IQ40,safe_range,final,320401,NTSC,22,3,1000000.0,burst_gain,True,bars,0.5931759941495314,5.203374753153168,8.288343882253452,17.911135893967476,6.300502116518987
4.3421055316535595,44.45450832468765,True,94.71816887288622,506,12,0,2.025,2.025,1000000.0,48.94485783201794,27.074943603533423,-25.728366067626165,1.244683428973623,85.32578617255706,1000000.0,1000000.0,506,506,2,0,0.0,4.503168545980121,0.5770660397518217,HC50,safe_range,final,320401,NTSC,22,3,1000000.0,contrast;waveform;detail_floor;sync;h_jitter_us;v_jitter_us;h_width_rmse_us;sync_error_ire;black_error_ire;white_error_ire;contrast;stress_waveform;reference_detail;burst_gain;burst_rmse_ire;h_missing;v_missing;vertical_trains;sync_error_ire;black_error_ire;white_error_ire,False,bars,0.4366121533394299,80.5082357363619,9.485349930435447,19.042755044946997,30.826605930183895
11.966727823531516,97.13718856100357,True,3.7548883543518774,0,0,2,0.475,0.16499999999999987,0.16199564479579792,5.6067419421714035,-0.7984516864153985,-2.891044678898086,-58.13221494212455,111.3354008262506,0.475,0.16499999999999987,506,0,2,0,0.0,17.34432362877058,0.4800029080217946,PLL96-board-fixed,safe_range,final,320401,NTSC,22,3,1000000.0,waveform;detail_floor;h_jitter_us;sync_error_ire;stress_waveform;reference_detail;burst_phase_jitter_deg;burst_rmse_ire,True,bars,0.594486701325704,-88.14912479590248,37.83020761368899,20.4110784917415,16.51118180562349
16.100027581574054,98.15859580450713,True,0.6081278393097448,0,0,2,0.075,0.05,0.024826472865485977,1.5953830665282025,0.4490986374958692,-1.493145105099277,-46.79013179540091,112.49686055661871,0.075,0.05,506,0,2,0,0.0,28.808473429625284,0.7337514950086018,RNG-5cc14ad73003,safe_range,final,320401,NTSC,22,3,1000000.0,,True,bars,0.80900055359282,-50.791260420448815,10.549683759794641,21.32184648441462,11.565095538310473
16.08825624524047,97.52119799464168,True,0.34320085980846987,0,0,2,0.05,0.05,0.019974044422522076,0.1484073933095966,1.0851907309043953,-1.4152235767044912,-56.64495379409734,124.25475028517945,0.05,0.05,506,0,2,0,0.0,28.02432988026816,0.7454265678619295,OVP56,safe_range,final,320401,NTSC,30,3,1000000.0,,True,bars,0.8864158078790101,-48.4876897400634,9.644477455092272,23.10050950426296,11.538722276868258
16.30361193806544,97.48629221133292,True,0.3447061267374544,0,0,2,0.05,0.05,0.01795498323376831,0.3045748707723829,1.2437937598165092,-1.3376308572287536,-56.398715124972014,123.85365390399295,0.05,0.05,506,0,2,0,0.0,28.327789221217927,0.7535722667949248,VLP56,safe_range,final,320401,NTSC,30,3,1000000.0,,True,bars,0.8716335025698261,-48.44140803344295,9.102167902597412,22.121136107864718,11.29802864825839
16.168144951388914,95.63338505479527,True,0.9588550337631373,0,0,2,0.05,0.05,0.037574037584418005,1.2601719394417255,1.879156104459123,-3.20829283103167,-45.57831654809196,102.92975234902062,0.05,0.05,506,0,2,0,0.0,25.186383988174455,0.7381395940216241,RANGE32,safe_range,final,320401,NTSC,30,3,1000000.0,,True,bars,0.853069378040744,-49.4027829292836,9.21905860212942,20.946575693813106,11.423192029795622
-6.602121932658282,-82.63666763325277,False,609.5962271989692,506,12,50,2.025,2.025,1000000.0,84.8975338657433,22.590732195830313,-156.20038817980162,-67.630606949146,66.84002434918901,1000000.0,1000000.0,506,506,2,1241,2.452569169960474,-6.650298557684168,-0.34887509008401174,PLL96-rejected-board,safe_range,final,320401,NTSC,30,3,1000000.0,contrast;waveform;detail_floor;sync;h_jitter_us;v_jitter_us;h_width_rmse_us;sync_error_ire;black_error_ire;white_error_ire;contrast;stress_waveform;reference_detail;burst_gain;burst_phase_jitter_deg;burst_amplitude_jitter_pct;burst_rmse_ire;h_missing;v_missing;vertical_trains;sync_error_ire;black_error_ire;white_error_ire,False,bars,0.4399193242015146,83.87701145913961,39.650204830133696,33.533579672370486,29.368202600637613
8.935903343581234,98.3853556843503,True,6.446305623376193,506,12,0,2.025,2.025,1000000.0,13.989225272082424,-1.0681162010202196,-1.7089738145210833,-45.572146977560024,106.93853206259962,1000000.0,1000000.0,506,506,2,0,0.0,11.765791835493836,0.3546675283348625,PLL96-IQ-corrected,safe_range,final,320401,NTSC,30,3,1000000.0,waveform;detail_floor;sync;h_jitter_us;v_jitter_us;h_width_rmse_us;sync_error_ire;stress_waveform;reference_detail;burst_gain;burst_phase_jitter_deg;burst_amplitude_jitter_pct;burst_rmse_ire;h_missing;v_missing;vertical_trains;sync_error_ire,False,bars,0.5053427253710214,-94.71917856947553,39.58441147138948,32.92022900698501,17.898707917053176
21.93818270876241,96.30262897536439,True,0.0,0,0,2,0.025,0.025,0.019088673876299818,1.6709298590101247,1.7075684379464013,-1.1927247484771044,-46.99619211425714,111.12607920511795,0.025,0.025,506,0,2,0,0.0,28.75582498862777,0.9364141053893926,floating-PLL-IQ40,safe_range,final,320401,NTSC,30,3,1000000.0,burst_gain,True,bars,0.5929242036245783,4.7552654281967595,7.082554306815969,16.77516831660598,6.173491526905257
4.350350876494521,44.458877069801744,True,94.72343730713767,506,12,0,2.025,2.025,1000000.0,48.92463466183994,27.076442234057737,-25.69110683259786,1.6510373374843041,84.31961609016358,1000000.0,1000000.0,506,506,2,0,0.0,4.5043784306068915,0.5936439135909022,HC50,safe_range,final,320401,NTSC,30,3,1000000.0,contrast;waveform;detail_floor;sync;h_jitter_us;v_jitter_us;h_width_rmse_us;sync_error_ire;black_error_ire;white_error_ire;contrast;stress_waveform;reference_detail;burst_gain;burst_rmse_ire;h_missing;v_missing;vertical_trains;sync_error_ire;black_error_ire;white_error_ire,False,bars,0.44000224384103714,80.41965221142254,8.692940026355975,19.464953070156703,30.810688128981315
11.882455161446856,96.67315443936462,True,3.7067198126243723,0,0,2,0.25,0.075,0.09838116565146356,5.740592437144925,-0.6332446842505576,-2.8441033268914127,-57.449478445833385,111.26302997632843,0.25,0.075,506,0,2,0,0.0,16.91455773973367,0.4831967464469273,PLL96-board-fixed,safe_range,final,320401,NTSC,30,3,1000000.0,waveform;detail_floor;sync_error_ire;stress_waveform;reference_detail;burst_phase_jitter_deg;burst_rmse_ire,True,bars,0.6048850897299025,-88.87018302040727,34.24881235630271,18.2702588562483,16.621909888774983
16.46789987736942,98.26823040333706,True,0.5659803652981783,0,0,2,0.075,0.061249999999999985,0.02336554336198477,1.6191746343891205,0.3357057698363532,-1.441876090774527,-44.559284238114984,110.40798805477658,0.075,0.061249999999999985,506,0,2,0,0.0,28.917355848510407,0.750670772841045,RNG-5cc14ad73003,safe_range,final,320401,NTSC,30,3,1000000.0,,True,bars,0.8183691354703286,-49.88609543171406,9.877888053571963,22.83412562304438,11.309163703038909
0.7278044063113077,55.23675666694822,True,221.17314930991216,610,8,0,2.025,2.025,1000000.0,35.817989855012556,13.927675757162726,-29.874385462474972,-87.47199910666636,149.4812603687439,1000000.0,1000000.0,610,610,2,0,0.0,5.522679681511537,0.11522084809214395,OVP56,safe_range,final,320402,PAL,0,3,1000000.0,,False,bars,,,,,
-0.02703534567244131,59.28493329222174,True,226.5094102885822,610,8,0,2.025,2.025,1000000.0,26.438032892993526,8.489261410943657,-32.89893373739312,-94.80626489031668,154.58842498851521,1000000.0,1000000.0,610,610,2,0,0.0,5.494140402691183,0.10893862743731234,VLP56,safe_range,final,320402,PAL,0,3,1000000.0,,False,bars,,,,,
1.1687452796424775,63.190023636929865,True,166.38644918444166,548,7,0,2.025,2.025,3.4899495675254344,31.791900933965202,4.82169741235574,-34.50491687246577,-72.70854233376161,133.9394788020178,1.775,0.9,610,32,2,66,0.10819672131147541,6.031116298533233,0.11741605655025121,RANGE32,safe_range,final,320402,PAL,0,3,1000000.0,,False,bars,,,,,
-6.787933124336686,-78.16410102185813,False,633.5721455457967,608,8,3,2.025,2.025,3.625,89.87842641550922,19.543027299206422,-149.14762395366944,-77.40965165247113,136.71834882825004,1.4224999999999999,1000000.0,610,336,2,3566,5.845901639344262,-6.677409547871754,-0.1034544947607119,PLL96-rejected-board,safe_range,final,320402,PAL,0,3,1000000.0,,False,bars,,,,,
2.7262139788281963,85.34563721538474,True,114.21769134253451,370,5,0,2.025,2.025,3.2550681636488044,12.1081002830843,2.9898775218075624,-11.481946861129178,-77.0919856464167,138.5195070606203,1.875,1.8050000000000002,610,17,2,241,0.3950819672131147,5.669598470239309,0.10214254547385872,PLL96-IQ-corrected,safe_range,final,320402,PAL,0,3,1000000.0,,False,bars,,,,,
5.932126448585561,92.53560016761838,True,39.83626097867001,493,7,0,2.025,2.025,3.410851054286879,4.782079321768255,1.2656740795844175,-7.430681933458184,-78.45961775026166,140.12366590794232,1.9,0.025,610,20,2,123,0.20163934426229507,13.67047526573139,0.26258889587669737,floating-PLL-IQ40,safe_range,final,320402,PAL,0,3,1000000.0,,False,bars,,,,,
0.8291214319119276,31.79611382325404,True,222.6047678795483,610,8,0,2.025,2.025,1000000.0,52.679227343082744,26.869888997915467,-41.56925562882252,-83.42914619504354,135.49799751662457,1000000.0,1000000.0,610,610,2,0,0.0,2.817899935626202,0.07188112967328532,HC50,safe_range,final,320402,PAL,0,3,1000000.0,,False,bars,,,,,
0.19257628426441134,69.60343035734323,True,197.37954830614808,427,5,0,2.025,2.025,3.3897023419782912,17.678415098208156,2.3859275201139565,-30.79444765877489,-85.82084334877776,129.52175456876395,1.875,1.3625,610,13,2,183,0.3,3.8490424479940515,0.08279742623599196,PLL96-board-fixed,safe_range,final,320402,PAL,0,3,1000000.0,,False,bars,,,,,
0.9479636296370106,67.02274042045869,True,172.99560853199498,503,7,0,2.025,2.025,3.4275052233475543,30.304181438319272,4.525398362393832,-29.273669162004285,-75.57422751078111,146.36180213830158,1.925,0.9,610,25,2,104,0.17049180327868851,6.415716904534977,0.1192567834528553,RNG-5cc14ad73003,safe_range,final,320402,PAL,0,3,1000000.0,,False,bars,,,,,
2.736854519046056,68.70732891617409,True,135.12609786700125,609,8,0,2.025,2.025,3.65,26.2691352683687,9.432529099780492,-21.302670604777663,-86.02934874122215,148.16123573515608,0.125,1000000.0,610,328,2,0,0.0,8.462745711713525,0.173526100151197,OVP56,safe_range,final,320402,PAL,2,3,1000000.0,,False,bars,,,,,
2.183212272873107,73.11151635339121,True,134.12233375156836,610,8,0,2.025,2.025,1000000.0,18.568169034132406,5.72634630312775,-22.17014584698144,-91.72010448035269,152.56061372979423,1000000.0,1000000.0,610,610,2,2,0.003278688524590164,8.821895107203261,0.16738169806007416,VLP56,safe_range,final,320402,PAL,2,3,1000000.0,,False,bars,,,,,
3.2789739159992948,77.31316278464207,True,90.86700125470514,370,4,0,2.025,2.025,3.3131076486686433,20.21407819568835,2.8711345322061894,-22.687770083882594,-73.63970157056147,132.1108187800134,1.8,1.6437499999999996,610,10,2,227,0.3721311475409836,9.320648929337054,0.17320978295816716,RANGE32,safe_range,final,320402,PAL,2,3,1000000.0,,False,bars,,,,,
-6.748328962318419,-81.95673315965072,False,615.9761606022585,610,8,17,2.025,2.025,1000000.0,89.91745969844006,20.723348822251943,-153.51161089629076,-74.66017302347363,135.546554253252,1000000.0,1000000.0,610,610,2,2699,4.424590163934426,-6.717010660671821,-0.1645469882513121,PLL96-rejected-board,safe_range,final,320402,PAL,2,3,1000000.0,,False,bars,,,,,
5.603010526472332,89.81669937714621,True,48.36762860727729,377,4,0,2.025,2.025,3.3362820469791976,10.733019095285844,1.537770189026086,-7.176850946986808,-75.1538748276916,136.9971152008257,1.825,1.8625,610,11,2,193,0.3163934426229508,9.732266973626695,0.1631462564626011,PLL96-IQ-corrected,safe_range,final,320402,PAL,2,3,1000000.0,,False,bars,,,,,
8.176796120870492,94.21773379353336,True,11.702634880803013,359,7,0,2.025,2.025,3.339718196118061,3.92241938621055,1.544869146572706,-4.63689059045823,-77.08317147309879,137.05832894043147,1.825,0.025,610,10,2,221,0.3622950819672131,18.62283636971824,0.3645448389321627,floating-PLL-IQ40,safe_range,final,320402,PAL,2,3,1000000.0,,False,bars,,,,,
2.1271080833524403,38.153941556816264,True,165.2245922208281,610,8,0,2.025,2.025,1000000.0,50.71087788181103,27.09401020149737,-34.561397932075174,-78.48799443886209,134.06655910071413,1000000.0,1000000.0,610,610,2,0,0.0,3.654048212426955,0.11460003445798222,HC50,safe_range,final,320402,PAL,2,3,1000000.0,,False,bars,,,,,
2.729139334094463,81.17841126022968,True,103.11794228356335,273,3,0,2.025,2.025,3.189160924688629,10.223731254031849,0.11761160837558172,-21.91071052039503,-82.25574761565332,127.96519301557272,1.8299999999999996,1.9099999999999997,610,7,2,299,0.4901639344262295,6.998323522720044,0.1317202485812659,PLL96-board-fixed,safe_range,final,320402,PAL,2,3,1000000.0,,False,bars,,,,,
3.172495436787836,81.23572005324498,True,93.87766624843162,267,4,0,2.025,2.025,3.1760139332775568,18.46975772830668,2.1887953380062966,-17.46019024554463,-74.15881997024404,133.23671486604337,1.85,1.6437499999999996,610,5,2,292,0.4786885245901639,10.017658194581966,0.1789259531294995,RNG-5cc14ad73003,safe_range,final,320402,PAL,2,3,1000000.0,,False,bars,,,,,
5.065971620605136,80.64378734415696,True,65.08281053952321,605,8,0,2.025,2.025,3.606053937477918,17.137163872943137,5.094437111900615,-13.912639672972581,-86.99568897256859,144.61105678186556,1.1,1000000.0,610,229,2,11,0.018032786885245903,12.38319616649142,0.25092519227139337,OVP56,safe_range,final,320402,PAL,4,3,1000000.0,,False,bars,,,,,
4.787864500980776,84.80627824204353,True,62.38268506900879,597,8,0,2.025,2.025,3.501057532539825,11.292219031195025,2.847500313113211,-13.057331474810605,-91.96696963769264,151.45700318684897,1.8949999999999996,1000000.0,610,151,2,28,0.04590163934426229,13.331018131790792,0.24804330100544092,VLP56,safe_range,final,320402,PAL,4,3,1000000.0,,False,bars,,,,,
5.815625963390119,88.4531688229668,True,39.58657465495609,97,1,0,2.025,1.7362499999999994,2.8653739605369486,9.53254388416251,1.6297369095499135,-12.12389802146786,-72.81425546967162,128.84556725995185,1.8,1.0649999999999997,610,2,2,392,0.6426229508196721,13.80447691365067,0.2503125058494999,RANGE32,safe_range,final,320402,PAL,4,3,1000000.0,,False,bars,,,,,
-6.782830297952319,-84.28880399503568,False,608.6361355081556,610,8,43,2.025,2.025,1000000.0,88.70355424238524,21.324505214736874,-156.75876990726948,-74.11526896130667,134.0685512024191,1000000.0,1000000.0,610,610,2,1975,3.237704918032787,-6.796980218259231,-0.24139611162339686,PLL96-rejected-board,safe_range,final,320402,PAL,4,3,1000000.0,,False,bars,,,,,
7.999300365159972,93.2464140525103,True,17.638644918444168,414,7,0,2.025,2.025,3.403645910592622,10.669396086732517,0.028642504590970563,-4.053184244789615,-73.73590784375158,134.52208440147643,1.875,0.5,610,11,2,181,0.2967213114754098,13.229678387597483,0.23973126667186662,PLL96-IQ-corrected,safe_range,final,320402,PAL,4,3,1000000.0,,False,bars,,,,,
10.128529376982955,95.88342093124287,True,2.4705144291091594,145,1,0,2.025,1.7362499999999994,3.1015851826382734,2.561381874342997,1.240240290905116,-2.6096949467822657,-77.33782373657046,135.9960301662088,1.769999999999999,1.2,610,3,2,354,0.580327868852459,23.068947093228434,0.4637295019941441,floating-PLL-IQ40,safe_range,final,320402,PAL,4,3,1000000.0,,False,bars,,,,,
3.2687377308143044,42.65035323934269,True,122.29485570890841,610,8,0,2.025,2.025,1000000.0,49.3514758024969,27.05015988751193,-29.05861373935651,-72.93474270050908,132.29061560134272,1000000.0,1000000.0,610,610,2,0,0.0,4.266916721326999,0.1779338299314387,HC50,safe_range,final,320402,PAL,4,3,1000000.0,,False,bars,,,,,
5.855674811962196,91.04542519865966,True,40.54454203262233,91,0,0,2.025,1.3887499999999997,2.8893751366262816,3.4411674912289687,-1.9141945002283558,-14.499878849874955,-82.92849517847696,127.05844486342717,1.675,1.3887499999999995,610,2,2,459,0.7524590163934426,11.00118254845505,0.2117783329349396,PLL96-board-fixed,safe_range,final,320402,PAL,4,3,1000000.0,,False,bars,,,,,
5.829832944539759,91.78040181688695,True,39.804893350062734,54,0,0,2.025,1.545,2.6736393870420234,7.774089781888751,0.8018151412723229,-8.241627979805362,-73.27962894725984,131.99174292447697,1.6125,1.545,610,2,2,394,0.6459016393442623,15.039590818015165,0.2612732064003978,RNG-5cc14ad73003,safe_range,final,320402,PAL,4,3,1000000.0,,False,bars,,,,,
7.460962477074341,87.86982588885971,True,22.472396486825595,574,7,0,2.025,2.025,3.4989234455440403,10.931828799087219,2.7954948751728956,-9.322496033200503,-82.26332878885063,138.1476779971032,1.625,0.075,610,45,2,56,0.09180327868852459,16.538114578323754,0.33913284311936887,OVP56,safe_range,final,320402,PAL,6,3,1000000.0,,False,bars,,,,,
7.460083152282283,91.21165301567893,True,20.24215809284818,490,7,0,2.025,2.025,3.439216995431761,6.868617097363969,1.522223630884047,-7.831092287764609,-84.73541700250568,149.4528335891709,1.7074999999999996,0.075,610,18,2,119,0.19508196721311474,18.362411732795877,0.3431843492987558,VLP56,safe_range,final,320402,PAL,6,3,1000000.0,,False,bars,,,,,
8.572888410915706,93.78161099844768,True,12.602258469259725,10,0,1,1.175,0.7174999999999996,1.9894534425313903,3.499617050936011,1.7180123011756945,-5.666219351735287,-64.86708176545861,126.04746403115449,1.075,0.7174999999999996,610,1,2,264,0.43278688524590164,19.11209405809676,0.3459793185300402,RANGE32,safe_range,final,320402,PAL,6,3,1000000.0,,False,bars,,,,,
-6.7440216547697664,-84.08928524206422,False,604.1587202007528,610,8,57,2.025,2.025,1000000.0,86.85168669045747,22.255094030278187,-157.16792403417904,-72.71233798991747,132.49293740880933,1000000.0,1000000.0,610,610,2,1594,2.6131147540983606,-6.777993271138712,-0.30175738349592957,PLL96-rejected-board,safe_range,final,320402,PAL,6,3,1000000.0,,False,bars,,,,,
9.230724742290567,94.34369136862524,True,7.813048933500627,481,6,0,2.025,2.025,3.4947198543610214,12.304519006852273,-0.6066923345680773,-2.9950894696109835,-71.69777377755555,132.8376341065923,1.9299999999999997,0.9549999999999998,610,21,2,92,0.15081967213114755,14.310294179007162,0.29878135163916775,PLL96-IQ-corrected,safe_range,final,320402,PAL,6,3,1000000.0,,False,bars,,,,,
12.03239388638461,95.98642125268626,True,0.31053952321204514,26,1,0,1.9387499999999989,1.7362499999999994,2.6822816891466688,2.275936017778864,1.4138848993181778,-2.024097742787764,-69.80972575417509,133.00999410507802,1.525,0.9074999999999992,610,2,2,409,0.6704918032786885,25.705466718031886,0.5582115787513484,floating-PLL-IQ40,safe_range,final,320402,PAL,6,3,1000000.0,,False,bars,,,,,
3.9384382625161947,44.34863669925876,True,99.7245922208281,610,8,0,2.025,2.025,1000000.0,49.00986476646548,27.05715415390596,-26.497342137031826,-60.89503819313556,119.92236960129985,1000000.0,1000000.0,610,610,2,0,0.0,4.517057073104016,0.2626256290836936,HC50,safe_range,final,320402,PAL,6,3,1000000.0,,False,bars,,,,,
8.85636916715423,96.02894691068384,True,12.374529485570891,19,0,0,1.588749999999999,1.4049999999999996,2.3034100741168837,0.5213494900315271,-2.5028917849378156,-9.927606405270435,-80.65781339814245,120.63186610502403,1.275,1.4049999999999998,610,2,2,356,0.5836065573770491,14.991555714001166,0.31405535721368827,PLL96-board-fixed,safe_range,final,320402,PAL,6,3,1000000.0,,False,bars,,,,,
8.550415038276176,96.07323677679545,True,12.041405269761606,2,0,2,1.0,0.09124999999999998,1.7554684297630465,2.3583784962071834,0.708460515003653,-4.253363123722538,-68.8453352736608,129.03427846025164,1.0,0.09124999999999998,610,1,2,204,0.3344262295081967,21.018792652667692,0.3586243081948652,RNG-5cc14ad73003,safe_range,final,320402,PAL,6,3,1000000.0,,False,bars,,,,,
9.485367013297402,91.50437835917579,True,5.652446675031368,399,6,0,2.025,2.025,3.39260896893729,7.393849709833907,2.011596722194992,-6.660811992449146,-74.88361385454762,136.9259806551015,1.9125,0.26375,610,14,2,195,0.319672131147541,19.92618341958355,0.4230876058201151,OVP56,safe_range,final,320402,PAL,8,3,1000000.0,,False,bars,,,,,
9.592565490164048,93.89406301092455,True,4.7484316185696365,263,5,0,2.025,2.025,3.2282730860563236,4.717455438155698,1.248783976300262,-5.242635284907541,-76.52752801253514,137.08210185384692,1.875,0.2525,610,5,2,309,0.5065573770491804,22.20010885796163,0.42976522609277734,VLP56,safe_range,final,320402,PAL,8,3,1000000.0,,False,bars,,,,,
10.672412720408623,95.05898614096249,True,3.8920953575909665,0,0,2,0.31374999999999886,0.075,1.0268760320729575,2.025705809195684,2.10070923443087,-3.259537296886899,-62.264685854634685,123.08302633353463,0.31374999999999886,0.075,610,0,2,70,0.11475409836065574,22.74170031083508,0.43402051192241337,RANGE32,safe_range,final,320402,PAL,8,3,1000000.0,,False,bars,,,,,
-6.690173288736723,-83.23192949815434,False,601.8124215809285,610,8,62,2.025,2.025,1000000.0,85.38386907905969,22.975029874487603,-156.60983704019958,-71.03805001960454,130.61125416085568,1000000.0,1000000.0,610,610,2,1471,2.411475409836066,-6.73049186510844,-0.331333509221562,PLL96-rejected-board,safe_range,final,320402,PAL,8,3,1000000.0,,False,bars,,,,,
9.495337227648548,94.75424503710401,True,6.0959849435382685,518,5,0,2.025,2.025,3.550692675839585,14.030409973589522,-0.9355564227187054,-2.7091473154182504,-70.13918962852551,130.8146409817317,1.8362500000000002,0.9099999999999999,610,31,2,69,0.11311475409836065,13.827496221960697,0.3272935367085515,PLL96-IQ-corrected,safe_range,final,320402,PAL,8,3,1000000.0,,False,bars,,,,,
13.809909431605085,95.68612746184372,True,0.016938519447929738,2,0,0,0.9,0.6062499999999996,2.0506765872415196,2.405219367070403,1.7649058061489,-1.8485608526278654,-66.61108832900476,131.55063013120304,0.875,0.6062499999999996,610,1,2,266,0.4360655737704918,26.36891916110112,0.6437928093681491,floating-PLL-IQ40,safe_range,final,320402,PAL,8,3,1000000.0,,False,bars,,,,,
4.158629517404342,44.47379060001829,True,91.82120451693852,610,8,0,2.025,2.025,1000000.0,49.188374965209775,27.169766884280232,-25.899410799401373,-54.65747691252826,114.22704040588013,1000000.0,1000000.0,610,610,2,0,0.0,4.535152217662669,0.33843366183765083,HC50,safe_range,final,320402,PAL,8,3,1000000.0,,False,bars,,,,,
10.51444030625618,97.83590138911568,True,5.20702634880803,8,0,0,1.225,0.9987499999999999,2.0840003638702407,0.5904145258800579,-2.4290286941160795,-7.476699727942427,-79.77180504078746,117.02821664981968,1.0737499999999982,0.9987499999999999,610,2,2,349,0.5721311475409836,17.02013315102505,0.3824387161994182,PLL96-board-fixed,safe_range,final,320402,PAL,8,3,1000000.0,,False,bars,,,,,
10.554600434473436,96.7917534225682,True,3.3989962358845673,0,0,2,0.325,0.09124999999999998,0.8966010498671919,1.5564575834212775,0.9389555267747154,-3.184510933773823,-61.07966875511523,126.26052160292639,0.325,0.09124999999999998,610,0,2,56,0.09180327868852459,24.889587672621914,0.44374007575407387,RNG-5cc14ad73003,safe_range,final,320402,PAL,8,3,1000000.0,,False,bars,,,,,
11.09262141651189,93.72391919773692,True,1.4604767879548306,167,3,0,2.025,2.025,3.1124046396770972,4.905326289521698,1.684221638065371,-4.836776377705523,-73.23023702666987,131.9618423144081,1.85,1.1149999999999998,610,6,2,393,0.6442622950819672,22.619087117808284,0.4968962502549161,OVP56,safe_range,final,320402,PAL,10,3,1000000.0,,False,bars,,,,,
11.222934680418518,95.2901418839428,True,1.2979924717691342,72,3,0,2.025,2.025,2.831641082035666,3.2451448203985747,1.234807560932002,-3.7761668098213987,-72.88003106812833,135.20749296171846,1.625,1.095,610,2,2,441,0.7229508196721312,24.625801441756128,0.5035161087137723,VLP56,safe_range,final,320402,PAL,10,3,1000000.0,,False,bars,,,,,
12.124155773443924,95.41202072987566,True,1.8601003764115434,0,0,2,0.1,0.075,0.3461142614328585,1.6020293467646853,2.2412821827541043,-2.555224895519022,-52.83641496359817,115.52229080909841,0.1,0.075,610,0,2,10,0.01639344262295082,23.980675763034156,0.5061311086563208,RANGE32,safe_range,final,320402,PAL,10,3,1000000.0,,True,bars,,,,,
-6.667730724469725,-82.71329062623212,False,601.3005018820578,610,8,61,2.025,2.025,1000000.0,84.34230123091211,23.238291198957892,-156.28603453834208,-69.46370324073949,82.91434083683573,1000000.0,1000000.0,610,610,2,1420,2.3278688524590163,-6.710396358945027,-0.3460440384521876,PLL96-rejected-board,safe_range,final,320402,PAL,10,3,1000000.0,,False,bars,,,,,
9.47365640721397,95.37876501076046,True,5.905269761606022,537,6,0,2.025,2.025,3.5895014344537053,15.141913656036277,-1.1765996726636736,-2.4331041005465397,-61.2771170782635,122.78919820996516,1.8699999999999997,0.1,610,27,2,63,0.10327868852459017,13.23011730576088,0.3439613966045073,PLL96-IQ-corrected,safe_range,final,320402,PAL,10,3,1000000.0,,False,bars,,,,,
15.417629883345034,95.71382690729409,True,0.0025094102885821834,0,0,2,0.18874999999999886,0.6062499999999996,1.123744290089252,2.2770186154753844,1.868437368858549,-1.6888504168026912,-62.620012096248125,124.74300405199737,0.18874999999999886,0.6062499999999996,610,0,2,74,0.12131147540983607,26.82880800613578,0.7174518949447694,floating-PLL-IQ40,safe_range,final,320402,PAL,10,3,1000000.0,,False,bars,,,,,
4.244398379377822,44.41809626389868,True,89.54516938519448,610,8,0,2.025,2.025,1000000.0,49.21400435223166,27.18044093212548,-25.832288431652206,-20.354333820923102,98.29864114876416,1000000.0,1000000.0,610,610,2,0,0.0,4.531562463320907,0.395164744691803,HC50,safe_range,final,320402,PAL,10,3,1000000.0,,False,bars,,,,,
11.236981674990593,98.64065740837944,True,4.136135508155584,6,0,0,1.425,0.88125,2.136051317685996,1.4735556794424471,-2.303218813035443,-5.866112003112055,-65.76011978755568,114.02031350396443,1.2675000000000012,0.88125,610,1,2,344,0.5639344262295082,17.590651284155562,0.4191440561402944,PLL96-board-fixed,safe_range,final,320402,PAL,10,3,1000000.0,,False,bars,,,,,
12.01927059195154,97.06561433196276,True,1.397741530740276,0,0,2,0.1,0.09124999999999998,0.3290775109251942,1.4442469735974783,0.9897204365190323,-2.748390217894531,-54.054016074383,120.32062282388766,0.1,0.09124999999999998,610,0,2,3,0.004918032786885246,26.44699421348089,0.5148087706343983,RNG-5cc14ad73003,safe_range,final,320402,PAL,10,3,1000000.0,,True,bars,,,,,
12.394687161762658,95.31810184688871,True,0.7176913425345044,35,1,0,2.025,1.8762499999999998,2.5925111630299265,3.02733814061073,1.394971803694273,-3.494940782848127,-70.5070320633383,131.46253195091057,1.475,1.3674999999999993,610,2,2,410,0.6721311475409836,24.803938183121524,0.5583456895570783,OVP56,safe_range,final,320402,PAL,12,3,1000000.0,,False,bars,,,,,
12.53585667115605,96.23879876773071,True,0.6951066499372647,11,0,0,1.25,0.8412499999999999,2.1747179023783465,2.132519027156925,1.1943974070433772,-2.7645523764440907,-69.96362166337619,131.92271981057004,1.0275000000000005,0.8412499999999999,610,1,2,312,0.5114754098360655,26.239871849436543,0.5652625819823083,VLP56,safe_range,final,320402,PAL,12,3,1000000.0,,False,bars,,,,,
13.221247544271876,95.7039968523338,True,1.4171894604767878,0,0,2,0.1,0.075,0.04435327625727437,1.3342031193240202,2.17449808048486,-2.2968100824123336,-51.471191721528996,113.22221406335791,0.1,0.075,610,0,2,0,0.0,24.48335375130075,0.5643894966969936,RANGE32,safe_range,final,320402,PAL,12,3,1000000.0,,True,bars,,,,,
-6.6691141974988355,-82.51567711658394,False,601.8525721455458,610,8,60,2.025,2.025,1000000.0,83.60753529963614,23.222735448023112,-156.30020998939935,-69.76892512260582,80.364566497244,1000000.0,1000000.0,610,610,2,1407,2.3065573770491805,-6.712982038127966,-0.3557506229936504,PLL96-rejected-board,safe_range,final,320402,PAL,12,3,1000000.0,,False,bars,,,,,
9.370603617465328,96.13662110897194,True,5.966750313676286,551,7,0,2.025,2.025,3.611990096557176,15.691440784355649,-1.3016110299904682,-2.1080707977493267,-54.95607126109793,122.94817567957892,1.9049999999999998,0.05,610,55,2,59,0.09672131147540984,12.734540194881344,0.3541506770461943,PLL96-IQ-corrected,safe_range,final,320402,PAL,12,3,1000000.0,,False,bars,,,,,
16.90216815314708,96.0112385912979,True,0.0006273525721455459,0,0,2,0.05,0.025,0.38468770599999813,1.9735763712185799,1.8178308098343474,-1.444507538052771,-59.70694987670718,121.88883175394034,0.05,0.025,610,0,2,11,0.018032786885245903,27.601742653622594,0.7797797006063873,floating-PLL-IQ40,safe_range,final,320402,PAL,12,3,1000000.0,,True,bars,,,,,
4.303358616819159,44.47863805979539,True,89.05332496863237,610,8,0,2.025,2.025,1000000.0,49.116976235754514,27.14834565470824,-25.75973971674736,-6.9862279348356395,93.94328478956382,1000000.0,1000000.0,610,610,2,0,0.0,4.541538315794496,0.4433836592486678,HC50,safe_range,final,320402,PAL,12,3,1000000.0,,False,bars,,,,,
11.604588865327612,98.96067218951694,True,3.945420326223337,3,1,0,0.975,1.6399999999999992,1.9561263224690635,2.5538040955687533,-2.097936077441151,-4.642398638265252,-61.48033272417437,112.23258749631304,0.975,0.7749999999999997,610,1,2,284,0.46557377049180326,17.703954456120904,0.4417889832158104,PLL96-board-fixed,safe_range,final,320402,PAL,12,3,1000000.0,,False,bars,,,,,
13.16942471222021,97.45445202780246,True,0.9711417816813048,0,0,2,0.075,0.09124999999999998,0.07357944295949452,1.3233963355354748,0.8913371630492067,-2.3024029128032746,-54.434933909578156,119.36628948472,0.075,0.09124999999999998,610,0,2,2,0.003278688524590164,27.299229676607183,0.5733195624389623,RNG-5cc14ad73003,safe_range,final,320402,PAL,12,3,1000000.0,,True,bars,,,,,
13.454619112800062,96.29564941757287,True,0.5746549560853199,2,0,1,1.038749999999999,0.8349999999999995,1.8353754388802137,1.7775479768545968,1.228069984152803,-2.6100413651338994,-66.4623085541233,131.6259323494266,1.0162499999999994,0.8349999999999994,610,1,2,213,0.34918032786885245,26.31912663118561,0.6090388060397197,OVP56,safe_range,final,320402,PAL,14,3,1000000.0,,False,bars,,,,,
13.610560972959052,96.75519171441965,True,0.5514429109159348,1,0,1,0.725,0.05,1.3702331912335082,1.413266504659274,1.2127948115180707,-2.142315184837091,-67.23615399799998,131.88516074596293,0.725,0.05,610,1,2,138,0.2262295081967213,27.178656475803457,0.6162403056838436,VLP56,safe_range,final,320402,PAL,14,3,1000000.0,,False,bars,,,,,
14.093488272625507,95.71862629364918,True,1.2503136762860727,0,0,2,0.075,0.075,0.04189418755411868,1.332415687429798,2.110028145702652,-2.3835809510163157,-51.53226187546929,110.79048519169048,0.075,0.075,610,0,2,0,0.0,24.712679184288344,0.6121818568109795,RANGE32,safe_range,final,320402,PAL,14,3,1000000.0,,True,bars,,,,,
-6.669362289072894,-82.39663370161405,False,602.3224592220828,610,8,61,2.025,2.025,1000000.0,83.37621385462128,23.12893232560874,-156.21844988538868,-69.97262553468288,78.24265364176996,1000000.0,1000000.0,610,610,2,1408,2.3081967213114756,-6.713900161542988,-0.36102606200220455,PLL96-rejected-board,safe_range,final,320402,PAL,14,3,1000000.0,,False,bars,,,,,
9.281940548393537,96.7155188498919,True,6.030740276035132,561,7,0,2.025,2.025,3.6257001435050094,15.828519658988187,-1.2606029292778553,-1.9469192722417856,-55.10672534340637,123.05011448704867,1.9,1.1,610,73,2,52,0.08524590163934426,12.398732221274054,0.36022874952113604,PLL96-IQ-corrected,safe_range,final,320402,PAL,14,3,1000000.0,,False,bars,,,,,
18.190383106398148,96.15520081142353,True,0.0,0,0,2,0.025,0.016249999999999987,0.02625926846520803,1.8055036642006104,1.7833263173612883,-1.3417457904848584,-56.66241440832604,119.58168653049002,0.025,0.016249999999999987,610,0,2,1,0.001639344262295082,28.061696687752207,0.8279956727295628,floating-PLL-IQ40,safe_range,final,320402,PAL,14,3,1000000.0,,True,bars,,,,,
4.338624160689389,44.487789094546315,True,88.969887076537,610,8,0,2.025,2.025,1000000.0,49.04460630452112,27.12168101167169,-25.745503790395563,-4.62086152244197,90.9228637996397,1000000.0,1000000.0,610,610,2,0,0.0,4.546002306680182,0.4836259235113865,HC50,safe_range,final,320402,PAL,14,3,1000000.0,,False,bars,,,,,
11.838488660830144,98.8298113928723,True,3.8858218318695106,6,0,0,1.275,1.1199999999999999,2.070280578130759,3.6218773283161054,-1.8015948500096266,-3.834105708806084,-60.64976290545075,111.98735472243654,1.025,1.1199999999999999,610,1,2,301,0.4934426229508197,17.740803759277565,0.456768193358412,PLL96-board-fixed,safe_range,final,320402,PAL,14,3,1000000.0,,False,bars,,,,,
14.120275993877785,97.68419536278387,True,0.7917189460476789,0,0,2,0.075,0.075,0.03103409019285664,1.3374594497217032,0.8061851733723193,-1.9976716901606226,-53.54231246672182,116.1199449972854,0.075,0.075,610,0,2,0,0.0,27.897429905069103,0.622068659958015,RNG-5cc14ad73003,safe_range,final,320402,PAL,14,3,1000000.0,,True,bars,,,,,
14.877875181138439,97.15759700517278,True,0.45357590966122957,0,0,2,0.05,0.05,0.5268624264392391,0.6435428757343751,1.1246518230523557,-1.7399867742513335,-62.71239898453908,124.61543595314126,0.05,0.05,610,0,2,19,0.03114754098360656,27.62019444765553,0.6765712536171464,OVP56,safe_range,final,320402,PAL,18,3,1000000.0,,False,bars,,,,,
15.061240103284936,97.2494239752306,True,0.42659974905897113,0,0,2,0.05,0.05,0.28226978142939196,0.7052779928859939,1.2410185655026262,-1.5174953069310324,-62.064403220323214,123.64182140930646,0.05,0.05,610,0,2,4,0.006557377049180328,27.99405414753412,0.6845872055635341,VLP56,safe_range,final,320402,PAL,18,3,1000000.0,,True,bars,,,,,
15.234088857727189,95.60318378959406,True,1.0784190715181932,0,0,2,0.075,0.06624999999999999,0.040260422741748035,1.3809445175485515,2.0042458460121613,-2.8137129091554063,-50.84438428015988,107.95309126969065,0.075,0.06624999999999999,610,0,2,0,0.0,24.936822284322922,0.6750212766838481,RANGE32,safe_range,final,320402,PAL,18,3,1000000.0,,True,bars,,,,,
-6.674385818315375,-82.43858582816465,False,603.5395232120452,610,8,62,2.025,2.025,1000000.0,83.58510858589054,22.89991590776672,-156.1491330160819,-70.12998778373098,77.33015989944093,1000000.0,1000000.0,610,610,2,1429,2.3426229508196723,-6.7194482592037,-0.3661407737328274,PLL96-rejected-board,safe_range,final,320402,PAL,18,3,1000000.0,,False,bars,,,,,
9.138405815909687,97.77169624006595,True,6.202007528230866,584,7,0,2.025,2.025,3.6732727495120328,15.521462642002447,-1.143695334765503,-1.7603816559893404,-53.446927894163174,118.03462238148148,1.7875,1.05,610,84,2,22,0.036065573770491806,11.989733105647263,0.3682402710729733,PLL96-IQ-corrected,safe_range,final,320402,PAL,18,3,1000000.0,,False,bars,,,,,
20.054315282014148,96.30349050045665,True,0.0,0,0,2,0.025,0.025,0.021520101163757587,1.668302714393641,1.7297249249003328,-1.237870742148456,-51.337876509410606,115.59038029537712,0.025,0.025,610,0,2,0,0.0,28.57940842970134,0.8865197371490021,floating-PLL-IQ40,safe_range,final,320402,PAL,18,3,1000000.0,,True,bars,,,,,
4.371211292413916,44.47549045253595,True,88.89146800501882,610,8,0,2.025,2.025,1000000.0,48.96620078731121,27.107330967483684,-25.733135114498726,-2.184440213438833,88.21031343520059,1000000.0,1000000.0,610,610,2,0,0.0,4.547961599912635,0.5356820303508488,HC50,safe_range,final,320402,PAL,18,3,1000000.0,,False,bars,,,,,
12.03677426114458,98.19956141655041,True,3.7873274780426596,26,0,0,1.8524999999999978,0.8574999999999999,2.464451889657892,4.9633251655830835,-1.2119386816444246,-3.039136632754875,-60.483289806448965,111.68903498855408,1.417500000000001,0.8574999999999999,610,1,2,360,0.5901639344262295,17.624460900583234,0.47377312238123087,PLL96-board-fixed,safe_range,final,320402,PAL,18,3,1000000.0,,False,bars,,,,,
15.406132656727793,98.00744179727586,True,0.6662484316185696,0,0,2,0.075,0.075,0.02631773073081477,1.45444316593471,0.6077668102284807,-1.6119917404384738,-47.05529791120771,114.14513727440396,0.075,0.075,610,0,2,0,0.0,28.572567986259003,0.6870284299607448,RNG-5cc14ad73003,safe_range,final,320402,PAL,18,3,1000000.0,,True,bars,,,,,
15.532527471305054,97.43708709718032,True,0.4002509410288582,0,0,2,0.05,0.05,0.023281069492643837,0.3077939364872397,1.0662765046009668,-1.4608449791331146,-60.6612925510128,123.27456207473654,0.05,0.05,610,0,2,0,0.0,27.989706716822237,0.706414328705611,OVP56,safe_range,final,320402,PAL,22,3,1000000.0,,True,bars,0.8340002287050545,-60.35256472558845,15.310688624331666,24.447014818862737,12.123223386732086
15.733994055526999,97.43806406855603,True,0.4015056461731493,0,0,2,0.05,0.05,0.02144856600350143,0.43883513837252114,1.2216670022870646,-1.3188866659354095,-59.23099228500165,123.44138460444589,0.05,0.05,610,0,2,0,0.0,28.303565700066805,0.7148429958047541,VLP56,safe_range,final,320402,PAL,22,3,1000000.0,,True,bars,0.8193168416398762,-60.47140518869077,15.063334494152134,25.17867216185077,11.920475453256472
15.753121510930422,95.56297942875905,True,1.0181932245922207,0,0,2,0.05,0.06624999999999999,0.03996668694767895,1.3583908096685318,1.9369831139878035,-3.038711152898443,-48.85447902730518,107.45865802252635,0.05,0.06624999999999999,610,0,2,0,0.0,25.044247319612623,0.7029644328517635,RANGE32,safe_range,final,320402,PAL,22,3,1000000.0,,True,bars,0.7933725777195348,-61.597084812957085,16.09628579241546,23.867309042863226,12.009697952491766
-6.6823196239612965,-82.66978947314736,False,604.3456712672522,610,8,61,2.025,2.025,1000000.0,84.21715962285104,22.72354928362567,-156.16939551118656,-67.92203133006309,74.57163908198797,1000000.0,1000000.0,610,610,2,1445,2.3688524590163933,-6.727138031144433,-0.36718974679428856,PLL96-rejected-board,safe_range,final,320402,PAL,22,3,1000000.0,contrast;waveform;detail_floor;sync;h_jitter_us;v_jitter_us;h_width_rmse_us;sync_error_ire;black_error_ire;white_error_ire;contrast;stress_waveform;reference_detail;burst_gain;burst_phase_jitter_deg;burst_amplitude_jitter_pct;burst_rmse_ire;h_missing;v_missing;vertical_trains;sync_error_ire;black_error_ire;white_error_ire,False,bars,0.32629437710756054,65.2072085141284,24.236844459239947,34.64628107320635,28.697592097619342
9.069409115688655,98.48660852072742,True,6.2754077791718945,604,8,0,2.025,2.025,3.6958450770200493,14.77698709260676,-1.0811869156437242,-1.7010885928851363,-48.5378156843095,111.48223747954071,1.65,1000000.0,610,288,2,0,0.0,11.84675654483738,0.3701568128553615,PLL96-IQ-corrected,safe_range,final,320402,PAL,22,3,1000000.0,waveform;detail_floor;sync;h_jitter_us;v_jitter_us;h_width_rmse_us;sync_error_ire;stress_waveform;reference_detail;burst_gain;burst_phase_jitter_deg;burst_rmse_ire;h_missing;v_missing;vertical_trains;sync_error_ire,False,bars,0.3785070718187795,-113.69473195525973,25.55187945140261,33.409442740295376,16.943818611473766
21.023149893649205,96.35509228963711,True,0.0,0,0,2,0.025,0.025,0.020092001507818077,1.6423932505975023,1.7156217107786742,-1.1795107788949484,-49.71227807701169,113.82641238981145,0.025,0.025,610,0,2,0,0.0,28.781242157281,0.9116757926288306,floating-PLL-IQ40,safe_range,final,320402,PAL,22,3,1000000.0,burst_gain,True,bars,0.4895026919944201,13.355094490098923,9.86792738928551,19.838435759569936,6.979230072052796
4.3836094427286305,44.472679300657376,True,88.82434127979924,610,8,0,2.025,2.025,1000000.0,48.92963715628,27.11737789090765,-25.698010574499822,0.7057910523663793,85.5545036686992,1000000.0,1000000.0,610,610,2,0,0.0,4.548430404199028,0.5608538700142611,HC50,safe_range,final,320402,PAL,22,3,1000000.0,contrast;waveform;detail_floor;sync;h_jitter_us;v_jitter_us;h_width_rmse_us;sync_error_ire;black_error_ire;white_error_ire;contrast;stress_waveform;reference_detail;burst_gain;burst_rmse_ire;h_missing;v_missing;vertical_trains;sync_error_ire;black_error_ire;white_error_ire,False,bars,0.4123616667256641,98.69262797312531,14.375975058307109,23.156052339433273,30.69235022310101
12.045221246149964,97.58987803140776,True,3.6963613550815557,0,0,2,0.28874999999999884,0.18874999999999992,0.11682269036281674,5.59501469971862,-0.8605389846900645,-2.806450872348919,-59.80698670228381,111.31728838558658,0.28874999999999884,0.18874999999999992,610,0,2,0,0.0,17.33262176433462,0.48077192616972225,PLL96-board-fixed,safe_range,final,320402,PAL,22,3,1000000.0,waveform;detail_floor;sync_error_ire;stress_waveform;reference_detail;burst_gain;burst_phase_jitter_deg;burst_rmse_ire,True,bars,0.4289766776181371,-98.83035211407895,25.408613861686113,33.69335642982941,15.406336406264895
15.998184071395666,98.18913926667553,True,0.602258469259724,0,0,2,0.075,0.075,0.025122649959421213,1.585185920396319,0.42978584088297855,-1.4398050993320628,-46.06538744370434,112.37911630241493,0.075,0.075,610,0,2,0,0.0,28.809314927667806,0.7159394844730893,RNG-5cc14ad73003,safe_range,final,320402,PAL,22,3,1000000.0,,True,bars,0.7575139325293803,-62.64494778150548,15.985902705274633,24.753399369564082,11.919147996080138
15.964838577106724,97.51730269806939,True,0.3299874529485571,0,0,2,0.05,0.05,0.022222791431689974,0.16730991970160822,1.0676694414210008,-1.359671647321749,-58.33834916957787,124.1351960481648,0.05,0.05,610,0,2,0,0.0,28.125819566175725,0.7258268538073182,OVP56,safe_range,final,320402,PAL,30,3,1000000.0,,True,bars,0.8189202199167059,-60.34529375207503,15.898071544861589,26.777273750401722,12.00834616380945
16.182762971030435,97.50046317632322,True,0.3488080301129235,0,0,2,0.05,0.05,0.018609445865200715,0.29270286126166967,1.2361893390938776,-1.2714539256308222,-56.40052814084616,123.50148925264187,0.05,0.05,610,0,2,0,0.0,28.45234568558263,0.7346282631437435,VLP56,safe_range,final,320402,PAL,30,3,1000000.0,,True,bars,0.8086067479666477,-60.39773356052927,14.989285478663765,25.391719429830964,11.773109879122972
16.085444598467145,95.61316673744834,True,0.939146800501882,0,0,2,0.05,0.05,0.03947659609622216,1.2661697052017564,1.8639257823218056,-3.1149973042306103,-45.57487589023168,103.99617127191391,0.05,0.05,610,0,2,0,0.0,25.173877842299802,0.7203092295937314,RANGE32,safe_range,final,320402,PAL,30,3,1000000.0,,True,bars,0.7883791015408481,-61.26985530608954,15.924331793392689,24.904079825978634,11.880944147852402
-6.689204567315034,-82.93940289239637,False,604.8588456712672,610,8,61,2.025,2.025,1000000.0,84.95721712022016,22.68256276736432,-156.21891294851068,-67.59389577033964,66.88325754188799,1000000.0,1000000.0,610,610,2,1452,2.380327868852459,-6.733888099205436,-0.36544513530800726,PLL96-rejected-board,safe_range,final,320402,PAL,30,3,1000000.0,contrast;waveform;detail_floor;sync;h_jitter_us;v_jitter_us;h_width_rmse_us;sync_error_ire;black_error_ire;white_error_ire;contrast;stress_waveform;reference_detail;burst_gain;burst_phase_jitter_deg;burst_rmse_ire;h_missing;v_missing;vertical_trains;sync_error_ire;black_error_ire;white_error_ire,False,bars,0.3259521565625476,65.56493601693823,24.07002542515173,31.009016896238872,28.68065884532625
9.023255349112043,99.1870448876702,True,6.293601003764115,610,8,0,2.025,2.025,1000000.0,13.94692395940343,-1.124984587028248,-1.6826775993040999,-41.76193702581031,106.8826876927163,1000000.0,1000000.0,610,610,2,0,0.0,11.748578890927138,0.3717776767312648,PLL96-IQ-corrected,safe_range,final,320402,PAL,30,3,1000000.0,waveform;detail_floor;sync;h_jitter_us;v_jitter_us;h_width_rmse_us;sync_error_ire;stress_waveform;reference_detail;burst_gain;burst_phase_jitter_deg;burst_rmse_ire;h_missing;v_missing;vertical_trains;sync_error_ire,False,bars,0.37809197914958353,-112.9588665322219,24.354499491918656,30.234546051216025,16.95407818589828
21.698453159481332,96.37210253502906,True,0.0,0,0,2,0.025,0.025,0.01975775423622372,1.6427517459493821,1.7188807287063115,-1.1349328501150733,-45.43958952753569,111.63090259746343,0.025,0.025,610,0,2,0,0.0,28.883246199195135,0.9273199072391475,floating-PLL-IQ40,safe_range,final,320402,PAL,30,3,1000000.0,burst_gain,True,bars,0.485320307356247,13.041752085934919,7.617849591090114,16.741856283193183,6.861952395117718
4.391483443530187,44.47823707342841,True,88.79297365119197,610,8,0,2.025,2.025,1000000.0,48.91153949052195,27.12085590636736,-25.653523815470937,2.603507036408658,84.20893173031442,1000000.0,1000000.0,610,610,2,0,0.0,4.549466727940177,0.5771050744619296,HC50,safe_range,final,320402,PAL,30,3,1000000.0,contrast;waveform;detail_floor;sync;h_jitter_us;v_jitter_us;h_width_rmse_us;sync_error_ire;black_error_ire;white_error_ire;contrast;stress_waveform;reference_detail;burst_gain;burst_rmse_ire;h_missing;v_missing;vertical_trains;sync_error_ire;black_error_ire;white_error_ire,False,bars,0.40949429209638266,98.70081471313804,14.819734235117322,23.525554548718034,30.68784544494611
11.938267796810884,97.051930897443,True,3.6110414052697615,0,0,2,0.2637499999999989,0.18874999999999992,0.10306272958498722,5.707958462982152,-0.6747579506101832,-2.768042606631381,-57.484865780490686,111.33485520704573,0.2637499999999989,0.18874999999999992,610,0,2,0,0.0,16.802404777495504,0.4845533790476631,PLL96-board-fixed,safe_range,final,320402,PAL,30,3,1000000.0,waveform;detail_floor;sync_error_ire;stress_waveform;reference_detail;burst_gain;burst_phase_jitter_deg;burst_rmse_ire,True,bars,0.4334976616463061,-99.99375544458657,23.792031775485828,31.614248112368518,15.43259740193459
16.356209505497734,98.30411667291135,True,0.5526976160602258,0,0,2,0.075,0.06624999999999999,0.023500087199001107,1.6159219292953504,0.32041430757034506,-1.3782879648571211,-44.7553962508448,110.46514035026462,0.075,0.06624999999999999,610,0,2,0,0.0,28.924494086110606,0.7329975096094447,RNG-5cc14ad73003,safe_range,final,320402,PAL,30,3,1000000.0,,True,bars,0.7489511034865028,-61.620006847063806,16.42803225839765,27.19655897268108,11.698505958389266
0.8077744756972899,55.63248900498344,True,220.36957313640428,506,12,0,2.025,2.025,1000000.0,35.246319084490125,13.758663363705793,-29.772078497044795,-89.25254297371212,151.3884728097418,1000000.0,1000000.0,506,506,2,0,0.0,5.5969296226743595,0.12367599176617743,OVP56,safe_range,final,320402,NTSC,0,3,1000000.0,,False,bars,,,,,
0.07513614517579491,59.68457963258575,True,225.07880072373234,506,12,0,2.025,2.025,1000000.0,25.902766325902288,8.531849096742963,-32.85963859349666,-96.36287781042313,155.37731378238368,1000000.0,1000000.0,506,506,2,0,0.0,5.602867871019893,0.11579324396984418,VLP56,safe_range,final,320402,NTSC,0,3,1000000.0,,False,bars,,,,,
1.2335106273284406,63.18228301292658,True,166.5291856204861,445,9,0,2.025,2.025,3.4948630335037194,31.33175675864756,4.81202101626653,-34.68254376666228,-74.16402869506413,134.81854307965307,1.9,0.8825,506,26,2,50,0.09881422924901186,6.087502339000884,0.1205888908357643,RANGE32,safe_range,final,320402,NTSC,0,3,1000000.0,,False,bars,,,,,
-6.697810822367271,-78.17179717542805,False,633.1912863108015,505,12,0,2.025,2.025,3.55,90.64512309591115,19.304094762000766,-149.29908682383868,-77.76425259591207,136.95762740509548,0.9,1000000.0,506,259,2,2906,5.743083003952569,-6.5918282134167585,-0.09408350040353934,PLL96-rejected-board,safe_range,final,320402,NTSC,0,3,1000000.0,,False,bars,,,,,
2.862553444967621,85.69108054937217,True,112.6097715907962,310,7,0,2.025,2.025,3.3069475991417505,10.97353939796644,3.3347936340776307,-11.319380984969474,-76.76989892830349,138.44551245061615,1.90625,1.2799999999999998,506,12,2,241,0.4762845849802372,5.884233280567703,0.10204651110381172,PLL96-IQ-corrected,safe_range,final,320402,NTSC,0,3,1000000.0,,False,bars,,,,,
5.919474547926411,92.08570699911188,True,40.48039088771612,406,9,0,2.025,2.025,3.5241984904372226,4.913964799133223,1.4562159453951493,-7.757625164354485,-79.72037035493173,139.57414977054265,1.95,0.6625,506,26,2,111,0.21936758893280633,13.349316100589114,0.2652260237481642,floating-PLL-IQ40,safe_range,final,320402,NTSC,0,3,1000000.0,,False,bars,,,,,
0.8773938582046019,32.003326093788594,True,225.0441795843657,506,12,0,2.025,2.025,1000000.0,52.595010460209586,26.94195213903952,-41.23228736920369,-81.52590154025634,135.59447346456017,1000000.0,1000000.0,506,506,2,0,0.0,2.8308252006173373,0.07726306113401962,HC50,safe_range,final,320402,NTSC,0,3,1000000.0,,False,bars,,,,,
0.26348296983815445,69.62086587229967,True,196.57130298915905,338,8,0,2.025,2.025,3.3138990756106823,17.06274158568279,2.2226237179338306,-31.104466137549974,-86.59667341383287,130.78608907996647,1.9162500000000002,0.9262499999999998,506,10,2,147,0.29051383399209485,3.9130868440508353,0.08185892647526337,PLL96-board-fixed,safe_range,final,320402,NTSC,0,3,1000000.0,,False,bars,,,,,
1.0117386474178434,67.05501325987319,True,173.29987626705844,399,8,0,2.025,2.025,3.4418542940264643,29.787639064992295,4.401698061331319,-29.272468712145958,-78.06455752260729,138.35678343046663,1.75,1.3275,506,23,2,101,0.19960474308300397,6.476979880858113,0.12211823702051472,RNG-5cc14ad73003,safe_range,final,320402,NTSC,0,3,1000000.0,,False,bars,,,,,
2.79701676474059,68.87537868133847,True,134.98556449015103,506,12,0,2.025,2.025,1000000.0,25.9305189621419,9.124409006840196,-21.108586337852294,-86.48202621390013,144.69705585640864,1000000.0,1000000.0,506,506,2,0,0.0,8.51333595568268,0.18194137302799102,OVP56,safe_range,final,320402,NTSC,2,3,1000000.0,,False,bars,,,,,
2.2628111885930604,73.22273331445531,True,133.46900805919915,506,12,0,2.025,2.025,1000000.0,18.23318160388533,5.590848399912142,-21.84917528682293,-93.68064582994633,151.62690648438831,1000000.0,1000000.0,506,506,2,1,0.001976284584980237,8.890733375163514,0.17507714676165934,VLP56,safe_range,final,320402,NTSC,2,3,1000000.0,,False,bars,,,,,
3.3027721047462477,77.10906722079746,True,91.77010359247005,299,6,0,2.025,2.025,3.248863141927626,19.783660139751806,2.775307128695174,-22.813157410392538,-70.18412149441215,131.75523953305438,1.8424999999999998,1.25625,506,9,2,196,0.38735177865612647,9.338299433760177,0.17621730441496003,RANGE32,safe_range,final,320402,NTSC,2,3,1000000.0,,False,bars,,,,,
-6.654311411939356,-81.71697203298257,False,615.3237678637553,506,12,15,2.025,2.025,1000000.0,90.02991091361389,20.186738829269494,-153.66885535323055,-75.1421679193326,134.02821736151117,1000000.0,1000000.0,506,506,2,2231,4.409090909090909,-6.625812135228269,-0.1592667541048401,PLL96-rejected-board,safe_range,final,320402,NTSC,2,3,1000000.0,,False,bars,,,,,
5.68133636475652,89.58091694761565,True,48.18284176332989,331,8,0,2.025,2.025,3.3855897355029385,10.498791366091675,1.7508535849177027,-7.067882511295613,-75.58670502568584,136.78798189945937,1.8324999999999996,1.6612499999999997,506,11,2,191,0.3774703557312253,9.886943784451569,0.16200274710875623,PLL96-IQ-corrected,safe_range,final,320402,NTSC,2,3,1000000.0,,False,bars,,,,,
8.24151275153355,94.04888930761496,True,11.83064542835381,298,7,0,2.025,2.025,3.3802483231208824,3.989377203550087,1.450515657579087,-4.640534750536257,-77.52968921234375,137.270602352558,1.7912499999999993,1.2849999999999997,506,12,2,183,0.3616600790513834,18.71414908792733,0.3746946982768777,floating-PLL-IQ40,safe_range,final,320402,NTSC,2,3,1000000.0,,False,bars,,,,,
2.1430785372252754,38.17476755967488,True,169.5690721835703,506,12,0,2.025,2.025,1000000.0,50.68171771225073,27.094913277085958,-34.23423825989284,-77.29703183344921,137.09043886435867,1000000.0,1000000.0,506,506,2,0,0.0,3.6286832454009765,0.12159997488990139,HC50,safe_range,final,320402,NTSC,2,3,1000000.0,,False,bars,,,,,
2.8643840360154216,81.5166119002508,True,102.21590344615811,210,6,0,2.025,2.025,3.2251721879446826,9.373804768345304,0.07347505230187694,-21.438051861872733,-82.34618139405976,128.1415164966508,1.80625,0.91875,506,7,2,293,0.5790513833992095,7.1837907228589195,0.13157189306397085,PLL96-board-fixed,safe_range,final,320402,NTSC,2,3,1000000.0,,False,bars,,,,,
3.2057202636859468,81.09234150550368,True,94.39002068236759,224,5,0,2.025,2.025,3.183456098408843,17.9353542483518,2.1663222288017585,-17.30488350419274,-73.00927726375387,134.63402214171913,1.825,1.2599999999999998,506,6,2,285,0.5632411067193676,10.036268834755763,0.18206658335593104,RNG-5cc14ad73003,safe_range,final,320402,NTSC,2,3,1000000.0,,False,bars,,,,,
5.1258581584979614,80.59976259955913,True,65.37374272579756,500,12,0,2.025,2.025,3.5354455164802077,16.89374704464152,5.091858663645736,-13.875070858771064,-84.11852552886334,142.96787201964412,1.55,1000000.0,506,143,2,6,0.011857707509881422,12.389657758741173,0.26201011114025485,OVP56,safe_range,final,320402,NTSC,4,3,1000000.0,,False,bars,,,,,
4.8409982881050055,84.71054325781283,True,62.4542775170321,484,12,0,2.025,2.025,3.5452713385065975,11.066270458757597,2.91062242404892,-13.049292132391914,-90.16763806378424,151.96137448680338,1.7924999999999998,1000000.0,506,68,2,17,0.03359683794466403,13.33002188257538,0.258552688036846,VLP56,safe_range,final,320402,NTSC,4,3,1000000.0,,False,bars,,,,,
5.885806143866924,88.40505802908731,True,39.83688927557524,71,1,0,2.025,1.9975,2.828871063561023,9.07865203986591,1.7401783611684216,-12.091309060951664,-69.64049334458821,128.58268480713735,1.65,1.875,506,3,2,393,0.7766798418972332,13.857169173719532,0.2573848046372816,RANGE32,safe_range,final,320402,NTSC,4,3,1000000.0,,False,bars,,,,,
-6.676873081494784,-83.81286351742446,False,607.533258872796,506,12,42,2.025,2.025,1000000.0,88.53633598495925,21.246918475591844,-156.72673227483384,-74.24866224959675,133.8616065024757,1000000.0,1000000.0,506,506,2,1634,3.2292490118577075,-6.693635373300558,-0.23642835852136032,PLL96-rejected-board,safe_range,final,320402,NTSC,4,3,1000000.0,,False,bars,,,,,
7.954407375341353,92.66473198765087,True,18.134703326940965,364,10,0,2.025,2.025,3.4066919696468503,10.846994804534079,0.23782464292902747,-4.248938402416327,-74.2634735460323,135.47905657856074,1.9224999999999994,1.31625,506,15,2,166,0.32806324110671936,13.178467393303297,0.23256763143819795,PLL96-IQ-corrected,safe_range,final,320402,NTSC,4,3,1000000.0,,False,bars,,,,,
10.226355726487828,95.72692552506913,True,2.307574202133264,123,3,0,2.025,2.025,3.1056965158501835,2.6305166394380737,1.2219524698453612,-2.6721417900985815,-74.83011189667305,135.6045792469273,1.825,1.2549999999999997,506,5,2,348,0.6877470355731226,23.44860787870738,0.47631585358839074,floating-PLL-IQ40,safe_range,final,320402,NTSC,4,3,1000000.0,,False,bars,,,,,
3.2507269675007553,42.60971141434792,True,127.91306782431727,506,12,0,2.025,2.025,1000000.0,49.336007409813114,27.042745142950423,-28.981727645414743,-81.23798926451259,122.89216751965667,1000000.0,1000000.0,506,506,2,0,0.0,4.223449692841002,0.18843161640188424,HC50,safe_range,final,320402,NTSC,4,3,1000000.0,,False,bars,,,,,
5.886230932409129,90.8301517316961,True,41.05690812151719,66,2,0,2.025,2.025,2.8274401167197802,2.9560159778846793,-1.9868500830676021,-14.521042335940592,-81.43813778838964,126.17462604798341,1.676249999999999,1.2887499999999998,506,2,2,410,0.8102766798418972,11.074048829379775,0.2105278301793163,PLL96-board-fixed,safe_range,final,320402,NTSC,4,3,1000000.0,,False,bars,,,,,
5.878878192235809,91.67206414690293,True,40.13568476097867,38,0,0,2.025,1.1849999999999998,2.621433525503265,7.362728693144917,0.882599359905681,-8.306979021244432,-72.00904177797906,133.13134779039,1.65,1.1849999999999998,506,2,2,374,0.7391304347826086,15.032210496939054,0.26880456138321035,RNG-5cc14ad73003,safe_range,final,320402,NTSC,4,3,1000000.0,,False,bars,,,,,
7.52060798768494,87.80134645149346,True,22.470624715880867,454,12,0,2.025,2.025,3.482324875490731,10.855760488704584,2.7179744731239146,-9.391398722688505,-78.78166999707956,135.03114009490577,1.775,1000000.0,506,71,2,40,0.07905138339920949,16.494300244767835,0.3550912156972046,OVP56,safe_range,final,320402,NTSC,6,3,1000000.0,,False,bars,,,,,
7.5333885170601445,91.14733257988942,True,20.20143482043671,401,11,0,2.025,2.025,3.4482690619801586,6.809676033537026,1.4566366648104612,-7.878602835971334,-80.45046929361281,143.28481628166094,1.8199999999999998,0.75,506,22,2,113,0.22332015810276679,18.36103856802052,0.35875182170146686,VLP56,safe_range,final,320402,NTSC,6,3,1000000.0,,False,bars,,,,,
8.67315416139996,93.74509909371987,True,12.358994120427374,8,0,0,1.06875,1.1424999999999992,2.0775115443403607,3.576082999062962,1.6815567035167285,-5.527158803224886,-67.88968025436607,125.36159716247535,0.95,1.1424999999999992,506,1,2,265,0.5237154150197628,19.234291861139813,0.3600576138789737,RANGE32,safe_range,final,320402,NTSC,6,3,1000000.0,,False,bars,,,,,
-6.642842357081186,-83.71261026918971,False,603.1582005437024,506,12,51,2.025,2.025,1000000.0,86.83803590449342,22.193315864262203,-157.1460086177698,-73.29658463710368,132.36271789497,1000000.0,1000000.0,506,506,2,1329,2.6264822134387353,-6.678856155488874,-0.29332324805580196,PLL96-rejected-board,safe_range,final,320402,NTSC,6,3,1000000.0,,False,bars,,,,,
9.16655428181317,93.76449479493532,True,8.18865209367577,408,12,0,2.025,2.025,3.537649181970122,12.300255446918754,-0.6838409979977585,-3.2206390913939558,-72.39834396200959,133.5765711909113,1.95,1000000.0,506,24,2,116,0.22924901185770752,14.29727917177112,0.28814169908586573,PLL96-IQ-corrected,safe_range,final,320402,NTSC,6,3,1000000.0,,False,bars,,,,,
12.112383459172788,95.85232668381688,True,0.2987954854034266,30,1,0,2.025,1.4337499999999992,2.703610593557556,2.311429200312849,1.3670911495210472,-2.139793565719621,-74.40875423350212,131.36344453591875,1.55,0.9375,506,3,2,384,0.758893280632411,25.602534017729845,0.5701196937553216,floating-PLL-IQ40,safe_range,final,320402,NTSC,6,3,1000000.0,,False,bars,,,,,
3.909233184816191,44.30508189033666,True,105.03150523682365,506,12,0,2.025,2.025,1000000.0,48.99433421481158,27.00670135854594,-26.505066066142266,-62.520596399964624,117.78593130079771,1000000.0,1000000.0,506,506,2,0,0.0,4.4720433677158,0.27520183299040873,HC50,safe_range,final,320402,NTSC,6,3,1000000.0,,False,bars,,,,,
8.801973107925427,95.64767928987303,True,12.986690429813919,10,0,0,1.325,0.8512499999999998,2.3550857588316427,0.46739457767866416,-2.5594255362127942,-10.199245349466997,-80.92593310570714,122.23653122441432,1.23125,0.85125,506,1,2,329,0.650197628458498,14.956940344838035,0.309523155839497,PLL96-board-fixed,safe_range,final,320402,NTSC,6,3,1000000.0,,False,bars,,,,,
8.598570316054346,95.92276871631665,True,12.025577495657304,4,0,2,0.84375,0.4049999999999997,1.832600964427531,2.4588312467567652,0.6509369841293003,-4.3855759227117135,-68.04094570779996,130.9033364867978,0.775,0.4049999999999997,506,1,2,201,0.39723320158102765,20.899602545366967,0.3713964900339073,RNG-5cc14ad73003,safe_range,final,320402,NTSC,6,3,1000000.0,,False,bars,,,,,
9.561973334614787,91.50070324478479,True,5.533361230947084,319,9,0,2.025,2.025,3.3816699787116695,7.2632860006841495,1.9226959247960422,-6.742489605231236,-71.21029896335061,133.44554025154395,1.9,1.775,506,19,2,157,0.3102766798418972,19.903706723604493,0.44214494878565613,OVP56,safe_range,final,320402,NTSC,8,3,1000000.0,,False,bars,,,,,
9.670686397588321,93.84913166207234,True,4.691164384180247,218,5,0,2.025,2.025,3.2418346946598,4.667992601615971,1.1824929736831449,-5.346264724900735,-78.37563316418964,141.41732671100522,1.85,1.6675,506,7,2,266,0.525691699604743,22.155202775841673,0.44829347046195883,VLP56,safe_range,final,320402,NTSC,8,3,1000000.0,,False,bars,,,,,
10.761378691712004,95.0288119217747,True,3.7526304539584,0,0,2,0.2,0.075,1.01818446498809,2.006861242040353,2.034631822515434,-3.3333481050952734,-65.6431095933142,122.5910144682425,0.2,0.075,506,0,2,59,0.116600790513834,22.82873163523282,0.4503547991507898,RANGE32,safe_range,final,320402,NTSC,8,3,1000000.0,,False,bars,,,,,
-6.590441708013596,-82.83325609971246,False,601.4346699100151,506,12,51,2.025,2.025,1000000.0,85.29877123122952,22.773915207923157,-156.57467029921094,-71.98013205000314,120.71651278924959,1000000.0,1000000.0,506,506,2,1218,2.4071146245059287,-6.633031515778075,-0.3201483128931028,PLL96-rejected-board,safe_range,final,320402,NTSC,8,3,1000000.0,,False,bars,,,,,
9.440525664035608,94.19948368194717,True,6.383084412358844,442,10,0,2.025,2.025,3.570716949192417,14.049751767127953,-0.9901079468098661,-2.8373878143149467,-69.16496838288812,128.08203882940938,1.925,0.9574999999999999,506,25,2,70,0.1383399209486166,13.883715892914935,0.3152450328530776,PLL96-IQ-corrected,safe_range,final,320402,NTSC,8,3,1000000.0,,False,bars,,,,,
13.884917639174434,95.58719009219362,True,0.037631673224612916,0,0,1,0.89375,1.2399999999999995,2.0470563556776247,2.4162162983304385,1.701604974249524,-1.9803215527205718,-64.94498650981825,127.14278826752987,0.89375,1.2399999999999995,506,0,2,272,0.5375494071146245,26.205286533260853,0.6554676794245827,floating-PLL-IQ40,safe_range,final,320402,NTSC,8,3,1000000.0,,False,bars,,,,,
4.121008420227301,44.4265770386931,True,97.46829155214094,506,12,0,2.025,2.025,1000000.0,49.16478450343035,27.105193699677997,-25.98340577703886,-58.29709579274089,109.82649789589713,1000000.0,1000000.0,506,506,2,0,0.0,4.489065474317267,0.3516429066497391,HC50,safe_range,final,320402,NTSC,8,3,1000000.0,,False,bars,,,,,
10.487777574629488,97.62163192108848,True,5.561208669133297,8,0,0,1.5187499999999998,1.3124999999999996,2.1166710147632664,0.45607423645940137,-2.4396191565755516,-7.610733254048895,-79.49562613702074,115.5217944660552,1.35,1.3124999999999996,506,1,2,278,0.549407114624506,17.08085126248597,0.37938700024539007,PLL96-board-fixed,safe_range,final,320402,NTSC,8,3,1000000.0,,False,bars,,,,,
10.644261511120995,96.74873297613972,True,3.206218558737021,0,0,2,0.175,0.075,0.8957133311174408,1.4917376004733518,0.8904459222038638,-3.310833750645884,-64.3841951615443,126.37443304067752,0.175,0.075,506,0,2,59,0.116600790513834,25.03744993840163,0.46037106466256694,RNG-5cc14ad73003,safe_range,final,320402,NTSC,8,3,1000000.0,,False,bars,,,,,
11.191320795983781,93.66947399637068,True,1.4089298455295076,127,2,0,2.025,2.025,3.099323006765163,4.88065142029232,1.6064525471758526,-4.9701801132365135,-67.630309224443,131.55896478490843,1.825,1.7712499999999998,506,5,2,359,0.7094861660079052,22.52000641203631,0.5170552158525972,OVP56,safe_range,final,320402,NTSC,10,3,1000000.0,,False,bars,,,,,
11.325946677095498,95.20955667945805,True,1.2478662841281645,67,1,0,2.025,1.92875,2.880494650320309,3.2425530912553944,1.1727022929278352,-3.918952582077424,-69.50910472817894,133.1703703883789,1.7024999999999992,1.7125,506,3,2,393,0.7766798418972332,24.505756562717572,0.5237176179129792,VLP56,safe_range,final,320402,NTSC,10,3,1000000.0,,False,bars,,,,,
12.21608990718455,95.33484631629602,True,1.840941454148064,0,0,2,0.1,0.075,0.35094627867215517,1.5994496951850417,2.170689560748891,-2.694517516821092,-54.75719677649307,117.55514710421335,0.1,0.075,506,0,2,10,0.019762845849802372,23.997547863297818,0.5239822259404403,RANGE32,safe_range,final,320402,NTSC,10,3,1000000.0,,True,bars,,,,,
-6.566651290519085,-82.24567730918201,False,600.5586045573461,506,12,51,2.025,2.025,1000000.0,84.21890687324615,23.04040616804456,-156.2337515058581,-69.42892044756128,83.6368720748302,1000000.0,1000000.0,506,506,2,1171,2.314229249011858,-6.612004796390938,-0.33164958213559076,PLL96-rejected-board,safe_range,final,320402,NTSC,10,3,1000000.0,,False,bars,,,,,
9.432380620998268,94.75710843133201,True,6.076762592310494,454,11,0,2.025,2.025,3.6048978434261434,15.130007687103134,-1.2187641488364085,-2.5738489266651103,-54.70093583310324,124.91603484305966,1.9224999999999999,1.2,506,41,2,56,0.11067193675889328,13.309563639475073,0.33073517028650834,PLL96-IQ-corrected,safe_range,final,320402,NTSC,10,3,1000000.0,,False,bars,,,,,
15.523950593315721,95.60807919853842,True,0.0007526334644922584,0,0,2,0.51875,0.061249999999999985,1.1636652645095524,2.2845747338223497,1.8091081106380527,-1.822789112778554,-61.423296045245074,125.67251626965407,0.51875,0.061249999999999985,506,0,2,96,0.18972332015810275,26.712024132356227,0.7303079139824559,floating-PLL-IQ40,safe_range,final,320402,NTSC,10,3,1000000.0,,False,bars,,,,,
4.207221799812041,44.366837985360895,True,95.226949094883,506,12,0,2.025,2.025,1000000.0,49.19249047369273,27.10477227303073,-25.94339764324636,-20.98970991448408,97.32377294037659,1000000.0,1000000.0,506,506,2,0,0.0,4.486031362935555,0.41133130350021435,HC50,safe_range,final,320402,NTSC,10,3,1000000.0,,False,bars,,,,,
11.202356152479124,98.31032618300436,True,4.271947544458058,9,0,0,1.5625,0.9974999999999999,2.146984748680437,1.4513109686041374,-2.2710628315185684,-5.987681400221769,-67.7862640900426,112.02197065330253,1.3349999999999995,0.9974999999999999,506,1,2,300,0.5928853754940712,17.676321721397063,0.4158951068238627,PLL96-board-fixed,safe_range,final,320402,NTSC,10,3,1000000.0,,False,bars,,,,,
12.109667062945901,96.98528337809891,True,1.3810824073432941,0,0,2,0.1,0.075,0.4816237768742246,1.4292260180457805,0.9427236391287949,-2.8842628127677505,-54.044969912245065,121.84469462780456,0.1,0.075,506,0,2,15,0.029644268774703556,26.447595954007518,0.532422956829293,RNG-5cc14ad73003,safe_range,final,320402,NTSC,10,3,1000000.0,,True,bars,,,,,
12.506502980611508,95.2481554795288,True,0.7112386239451842,26,0,0,2.0125,1.3199999999999996,2.5827679152735863,3.0122994479106744,1.3606721146794183,-3.642643960734772,-68.92885812904751,130.89567057999915,1.5012499999999989,1.3199999999999996,506,2,2,372,0.7351778656126482,24.678710191913833,0.5795922922963613,OVP56,safe_range,final,320402,NTSC,12,3,1000000.0,,False,bars,,,,,
12.654006464831687,96.16138946255319,True,0.666833249540141,14,1,1,1.6,1.5574999999999994,2.2413258724841123,2.1051840231132926,1.155694772689645,-2.9174468180591973,-69.71271833262064,131.36563366613777,1.208749999999999,0.8,506,1,2,290,0.5731225296442688,26.12533910872684,0.5864769200171119,VLP56,safe_range,final,320402,NTSC,12,3,1000000.0,,False,bars,,,,,
13.31377943594367,95.62282962372097,True,1.3916192758461856,0,0,2,0.1,0.075,0.046399515296636946,1.3501381274570274,2.107095487570609,-2.4399123005333156,-52.06158655146672,111.11351155028066,0.1,0.075,506,0,2,0,0.0,24.448761639537118,0.5832881952498247,RANGE32,safe_range,final,320402,NTSC,12,3,1000000.0,,True,bars,,,,,
-6.566477652527159,-82.04339373149787,False,601.1245849226443,506,12,52,2.025,2.025,1000000.0,83.49763216377178,23.13057814478567,-156.2424392843993,-69.70723433445707,81.82283712354754,1000000.0,1000000.0,506,506,2,1161,2.294466403162055,-6.613186150133844,-0.3388034016153407,PLL96-rejected-board,safe_range,final,320402,NTSC,12,3,1000000.0,,False,bars,,,,,
9.336920797732054,95.4595631915711,True,6.089557361206863,462,11,0,2.025,2.025,3.6214834040009825,15.662779347203877,-1.3370901630245409,-2.3091334881981793,-54.90937523298809,122.74985846390572,1.9,1.2,506,41,2,62,0.1225296442687747,12.835521145696113,0.3398944270248059,PLL96-IQ-corrected,safe_range,final,320402,NTSC,12,3,1000000.0,,False,bars,,,,,
17.034615833113808,95.8919470088342,True,0.0,0,0,2,0.05,0.025,0.3540630903338541,1.9851745949802226,1.761118920718892,-1.5999521772159266,-59.60292142748505,119.6120013768361,0.05,0.025,506,0,2,12,0.023715415019762844,27.455437333348144,0.7924662038797385,floating-PLL-IQ40,safe_range,final,320402,NTSC,12,3,1000000.0,,True,bars,,,,,
4.265110897011631,44.4224648882465,True,94.91234830672524,506,12,0,2.025,2.025,1000000.0,49.09512512453562,27.07019180650947,-25.880729059184127,-7.228896346482287,91.0330577161103,1000000.0,1000000.0,506,506,2,0,0.0,4.495854272264294,0.4608945848306526,HC50,safe_range,final,320402,NTSC,12,3,1000000.0,,False,bars,,,,,
11.583534014708054,98.59810276761841,True,4.038631170465458,7,0,2,1.025,0.7049999999999997,1.962028379183503,2.5965935557721433,-2.1262623733265382,-4.770790238272165,-61.91176549419582,112.03446590176299,0.975,0.7049999999999997,506,1,2,241,0.4762845849802372,17.838757572434545,0.4392962680675946,PLL96-board-fixed,safe_range,final,320402,NTSC,12,3,1000000.0,,False,bars,,,,,
13.279559213309042,97.36049661664745,True,0.9355233963638773,0,0,2,0.075,0.075,0.1944892977943047,1.3037316027254364,0.8528309100200538,-2.4576549254058735,-52.527848235106084,120.41624682699666,0.075,0.075,506,0,2,2,0.003952569169960474,27.291411146338152,0.592441253882468,RNG-5cc14ad73003,safe_range,final,320402,NTSC,12,3,1000000.0,,True,bars,,,,,
13.584186851109344,96.18942921399453,True,0.5577013971887635,5,0,1,1.0,0.036249999999999984,1.9332140638756141,1.830172614508979,1.2255892687006669,-2.7837909195813118,-63.39856663692105,127.53104894680506,0.925,0.036249999999999984,506,1,2,216,0.4268774703557312,26.12936770555715,0.6309947195128585,OVP56,safe_range,final,320402,NTSC,14,3,1000000.0,,False,bars,,,,,
13.744224819818797,96.65938767306072,True,0.550175062543841,1,0,2,0.7625,0.05,1.4190548207022926,1.4410198117012025,1.1791159435360017,-2.3227016960102813,-64.36579402011445,127.00076617281879,0.7199999999999989,0.05,506,1,2,134,0.2648221343873518,27.010020669663568,0.6380542259066582,VLP56,safe_range,final,320402,NTSC,14,3,1000000.0,,False,bars,,,,,
14.194821242371052,95.64994302665419,True,1.2365767821607807,0,0,2,0.075,0.061249999999999985,0.04476001003154172,1.3334761545937464,2.0624663695110463,-2.539755900190886,-50.87837922681066,111.21893714411307,0.075,0.061249999999999985,506,0,2,0,0.0,24.66216324285984,0.6318721381364295,RANGE32,safe_range,final,320402,NTSC,14,3,1000000.0,,True,bars,,,,,
-6.565969341468816,-81.914387499195,False,601.9110868930387,506,12,52,2.025,2.025,1000000.0,83.16783647457324,23.10080730058254,-156.16953369585337,-69.87461944909376,82.12306189557371,1000000.0,1000000.0,506,506,2,1162,2.2964426877470356,-6.613477439670148,-0.3435307826684597,PLL96-rejected-board,safe_range,final,320402,NTSC,14,3,1000000.0,,False,bars,,,,,
9.241560651146685,96.03293352450868,True,6.166325974585074,474,10,0,2.025,2.025,3.631032157837493,15.933211940973909,-1.3135969715806897,-2.1436307789576516,-55.05637235030163,122.85793981278495,1.9,1.7675,506,61,2,54,0.1067193675889328,12.483759289494623,0.3460007685224027,PLL96-IQ-corrected,safe_range,final,320402,NTSC,14,3,1000000.0,,False,bars,,,,,
18.3531671884676,96.03439627752859,True,0.0,0,0,2,0.025,0.025,0.024826472865485977,1.8376189077796559,1.7420184689938407,-1.4898040410821578,-54.602822533212915,118.97487529897079,0.025,0.025,506,0,2,0,0.0,27.897303007721888,0.8402001878302061,floating-PLL-IQ40,safe_range,final,320402,NTSC,14,3,1000000.0,,True,bars,,,,,
4.29792403714644,44.42871965136471,True,94.96804318309766,506,12,0,2.025,2.025,1000000.0,49.02944050350235,27.053660087253572,-25.863403681516797,-3.862097966489088,88.31681632986742,1000000.0,1000000.0,506,506,2,0,0.0,4.499329342594553,0.5001367075316457,HC50,safe_range,final,320402,NTSC,14,3,1000000.0,,False,bars,,,,,
11.82506222476154,98.46948941864508,True,3.9317572185075575,5,0,1,1.3125,0.9924999999999999,2.091625314698077,3.618690683284102,-1.876815582560909,-3.985714273585018,-60.38680493078404,111.87476971671329,1.125,0.9924999999999999,506,1,2,269,0.5316205533596838,17.868897407176366,0.45702583668639485,PLL96-board-fixed,safe_range,final,320402,NTSC,14,3,1000000.0,,False,bars,,,,,
14.239241583191905,97.59031646529232,True,0.7827388030719488,0,0,2,0.075,0.061249999999999985,0.03278116445587319,1.327292024409648,0.774326187349228,-2.1613526441242223,-48.94116395169888,117.33140421836096,0.075,0.061249999999999985,506,0,2,0,0.0,27.866937353338326,0.641643266748787,RNG-5cc14ad73003,safe_range,final,320402,NTSC,14,3,1000000.0,,True,bars,,,,,
15.009179767373135,97.0724476879705,True,0.448569544837386,0,0,2,0.05,0.05,0.6280184030938154,0.6795525069195634,1.1118067438280623,-1.9181749269762984,-60.80947650405182,124.56511000008827,0.05,0.05,506,0,2,18,0.03557312252964427,27.438120964177585,0.696827613968842,OVP56,safe_range,final,320402,NTSC,18,3,1000000.0,,False,bars,,,,,
15.19645023327634,97.16040791594611,True,0.43803267633449444,0,0,2,0.05,0.05,0.40515758413756703,0.7382107021032145,1.211571467353427,-1.6879251634170307,-61.34396534989377,124.82546827926309,0.05,0.05,506,0,2,6,0.011857707509881422,27.82993213850443,0.7044385453946785,VLP56,safe_range,final,320402,NTSC,18,3,1000000.0,,True,bars,,,,,
15.325725279583724,95.51697966544029,True,1.0679868861145145,0,0,2,0.075,0.05,0.04246598266606422,1.398814273186845,1.9795343921663882,-2.9833116883808546,-50.93651222835252,107.97600695730445,0.075,0.05,506,0,2,0,0.0,24.863886792826296,0.6930952272519483,RANGE32,safe_range,final,320402,NTSC,18,3,1000000.0,,True,bars,,,,,
-6.571177272104518,-81.98800912607938,False,603.3298009736067,506,12,52,2.025,2.025,1000000.0,83.49599178078248,22.839221010980904,-156.09220508859872,-67.78774511187946,75.55095156213413,1000000.0,1000000.0,506,506,2,1180,2.3320158102766797,-6.619138408357631,-0.3475457363750108,PLL96-rejected-board,safe_range,final,320402,NTSC,18,3,1000000.0,,False,bars,,,,,
9.099978432094835,97.06421081049747,True,6.432005587550841,488,11,0,2.025,2.025,3.672504821871126,15.631705868273501,-1.1752359719654988,-1.9216666770078243,-54.62966999039411,118.98603554334512,1.815,1.5,506,107,2,27,0.0533596837944664,12.087103087644671,0.35200694719962006,PLL96-IQ-corrected,safe_range,final,320402,NTSC,18,3,1000000.0,,False,bars,,,,,
20.248792660479076,96.16917232603346,True,0.0,0,0,2,0.025,0.025,0.020583148639242207,1.7053469419510674,1.7035974389023407,-1.3989152621118959,-52.05266870132175,115.17781511161671,0.025,0.025,506,0,2,0,0.0,28.36039732749086,0.8970503720148916,floating-PLL-IQ40,safe_range,final,320402,NTSC,18,3,1000000.0,,True,bars,,,,,
4.329940390454336,44.41777436458945,True,94.83557969334703,506,12,0,2.025,2.025,1000000.0,48.95369651230421,27.0441543928256,-25.849528240205448,-0.9776940564642729,85.11710610078266,1000000.0,1000000.0,506,506,2,0,0.0,4.5008390700780945,0.5531671308659362,HC50,safe_range,final,320402,NTSC,18,3,1000000.0,,False,bars,,,,,
12.030463506372575,97.81801708178148,True,3.8346675015880565,16,0,0,1.675,1.4024999999999994,2.449802418105407,5.034222217006695,-1.2850031395502286,-3.190909302184371,-59.67413708562827,111.40008261049043,1.475,1.4024999999999994,506,1,2,336,0.6640316205533597,17.757493575605977,0.475326770170531,PLL96-board-fixed,safe_range,final,320402,NTSC,18,3,1000000.0,,False,bars,,,,,
15.522544743155184,97.87988442902186,True,0.6389858113539274,0,0,2,0.075,0.05,0.027939799767843602,1.4810764112557373,0.5826953369853296,-1.782828021847005,-48.07184592718453,111.47814677976767,0.075,0.05,506,0,2,0,0.0,28.525680681835347,0.704834034698276,RNG-5cc14ad73003,safe_range,final,320402,NTSC,18,3,1000000.0,,True,bars,,,,,
15.69375880723455,97.36111752927978,True,0.3891115011424976,0,0,2,0.05,0.05,0.02236620297621218,0.3282139258390592,1.0387326618685293,-1.631090429527958,-60.0566322077418,123.32586430780283,0.05,0.05,506,0,2,0,0.0,27.813397372533966,0.7273670423101611,OVP56,safe_range,final,320402,NTSC,22,3,1000000.0,,True,bars,0.8752693024543088,-48.07255222366664,10.100076277399255,22.485978386177976,11.525196327923556
15.907758129393779,97.34424570786268,True,0.3891115011424976,0,0,2,0.05,0.036249999999999984,0.019249762587725452,0.4773525287954972,1.1940689743581634,-1.4973649080682505,-60.6990837159216,122.74061030417526,0.05,0.036249999999999984,506,0,2,0,0.0,28.117321172775295,0.7357976665416864,VLP56,safe_range,final,320402,NTSC,22,3,1000000.0,,True,bars,0.8663981559941676,-48.12534459986542,9.81505787962234,22.16020764951468,11.335460001282298
15.876558569603388,95.47772209193194,True,0.9656287349435675,0,0,2,0.05,0.05,0.04034804117770118,1.3873737038943377,1.924173212492108,-3.1958725175590446,-48.79249414643465,106.45958693340823,0.05,0.05,506,0,2,0,0.0,24.965305049477156,0.7224351032828652,RANGE32,safe_range,final,320402,NTSC,22,3,1000000.0,,True,bars,0.835196711435099,-49.205909350431284,9.799607491572981,21.042591179845587,11.461018726411249
-6.580294622724399,-82.28043412203726,False,604.2419927325712,506,12,53,2.025,2.025,1000000.0,84.1226994984695,22.602083035624386,-156.11564137090744,-67.5643661791834,69.91547337660442,1000000.0,1000000.0,506,506,2,1198,2.367588932806324,-6.627720115001498,-0.35162313718556104,PLL96-rejected-board,safe_range,final,320402,NTSC,22,3,1000000.0,contrast;waveform;detail_floor;sync;h_jitter_us;v_jitter_us;h_width_rmse_us;sync_error_ire;black_error_ire;white_error_ire;contrast;stress_waveform;reference_detail;burst_gain;burst_phase_jitter_deg;burst_amplitude_jitter_pct;burst_rmse_ire;h_missing;v_missing;vertical_trains;sync_error_ire;black_error_ire;white_error_ire,False,bars,0.43743655133317894,81.51233947652715,37.497826081277495,33.35826518650441,29.32805862940767
9.054905741671432,97.81741743680719,True,6.508021567464558,502,12,0,2.025,2.025,3.6812659167737394,14.832042095575469,-1.113177184469203,-1.8409523528139788,-52.59885088312603,110.38481651615571,1.4925000000000002,1000000.0,506,207,2,4,0.007905138339920948,11.973755329587064,0.3565780158403951,PLL96-IQ-corrected,safe_range,final,320402,NTSC,22,3,1000000.0,waveform;detail_floor;sync;h_jitter_us;v_jitter_us;h_width_rmse_us;sync_error_ire;stress_waveform;reference_detail;burst_gain;burst_phase_jitter_deg;burst_amplitude_jitter_pct;burst_rmse_ire;h_missing;v_missing;vertical_trains;sync_error_ire,False,bars,0.4975722342140895,-96.4020806372079,38.9856929344943,31.45315584534596,18.022660215641025
21.23790882815608,96.2147062227968,True,0.0,0,0,2,0.025,0.025,0.018860838403857945,1.6880347859776386,1.6916884799003062,-1.3411348345176244,-49.65782941541805,112.3920606300076,0.025,0.025,506,0,2,0,0.0,28.54581031328415,0.9212524152356635,floating-PLL-IQ40,safe_range,final,320402,NTSC,22,3,1000000.0,,True,bars,0.5912742150907422,5.17982084371996,8.215179894849213,18.547068347807983,6.318330438486577
4.341190400405763,44.41131408287524,True,94.74601631107245,506,12,0,2.025,2.025,1000000.0,48.920255192958095,27.055945128052773,-25.81336241708736,0.733300007735977,85.40653387596824,1000000.0,1000000.0,506,506,2,0,0.0,4.5008834759363845,0.5771809316369026,HC50,safe_range,final,320402,NTSC,22,3,1000000.0,contrast;waveform;detail_floor;sync;h_jitter_us;v_jitter_us;h_width_rmse_us;sync_error_ire;black_error_ire;white_error_ire;contrast;stress_waveform;reference_detail;burst_gain;burst_rmse_ire;h_missing;v_missing;vertical_trains;sync_error_ire;black_error_ire;white_error_ire,False,bars,0.4332889404142599,80.89138726630586,9.521539085265031,18.833275430945108,30.796476148702176
12.044475546910927,97.23219741261757,True,3.773704190964184,0,0,2,0.525,0.3287499999999999,0.2762748924631654,5.639131279954791,-0.8821913616357961,-2.968693982557484,-58.12317867238211,111.21240442068297,0.525,0.3287499999999999,506,0,2,1,0.001976284584980237,17.457785592704237,0.4838801160992411,PLL96-board-fixed,safe_range,final,320402,NTSC,22,3,1000000.0,waveform;detail_floor;h_jitter_us;h_width_rmse_us;sync_error_ire;stress_waveform;reference_detail;burst_phase_jitter_deg;burst_rmse_ire,False,bars,0.5888302714261162,-85.87300937394788,34.82306117297413,23.31336396412239,16.28987830606648
16.159078433157553,98.06121898303242,True,0.5704961660851319,0,0,2,0.075,0.05,0.024349237677883696,1.6098244210392136,0.410497431450122,-1.5964602760951112,-46.53303991295536,112.13589689655906,0.075,0.05,506,0,2,0,0.0,28.80047994419502,0.735202139094492,RNG-5cc14ad73003,safe_range,final,320402,NTSC,22,3,1000000.0,,True,bars,0.8043975462848554,-50.39273272773832,10.406988411428054,22.010754309723286,11.456945825115705
16.124921434387957,97.43974031134223,True,0.3416955928794853,0,0,2,0.05,0.05,0.020128048587007848,0.20146573964031186,1.0501253028910338,-1.5414091085741675,-55.80754484730899,123.95498027186768,0.05,0.05,506,0,2,0,0.0,27.95532409408181,0.7459925794064992,OVP56,safe_range,final,320402,NTSC,30,3,1000000.0,,True,bars,0.866971112035601,-48.17962571234965,9.383307740177228,21.142654922563608,11.408871336996175
16.363607491497177,97.41516773600688,True,0.36126406295628405,0,0,2,0.05,0.05,0.017607658682197776,0.33304666828711427,1.2115167101340598,-1.4413276489718951,-56.24829117717205,123.29814085569554,0.05,0.05,506,0,2,0,0.0,28.27102479683074,0.7551823852013623,VLP56,safe_range,final,320402,NTSC,30,3,1000000.0,,True,bars,0.8585334885733054,-48.202056472478844,9.165776503722427,20.312764032968058,11.193411322378193
16.21829667271344,95.52349539034022,True,0.9069233247131714,0,0,2,0.05,0.05,0.038015235140227636,1.2887599756689883,1.8477164224009073,-3.2974243919814006,-43.11760333470937,103.37671962888952,0.05,0.05,506,0,2,0,0.0,25.08100685242033,0.7398749846060593,RANGE32,safe_range,final,320402,NTSC,30,3,1000000.0,,True,bars,0.8397273379935639,-49.04899819376453,8.711785347407696,18.80132646858512,11.29855693332582
-6.589321611395322,-82.60250601326635,False,605.038278938004,506,12,53,2.025,2.025,1000000.0,84.91529490121673,22.548433071053555,-156.15948733201964,-67.56087261792153,66.7941537573261,1000000.0,1000000.0,506,506,2,1196,2.3636363636363638,-6.63660988958957,-0.3506411567454481,PLL96-rejected-board,safe_range,final,320402,NTSC,30,3,1000000.0,contrast;waveform;detail_floor;sync;h_jitter_us;v_jitter_us;h_width_rmse_us;sync_error_ire;black_error_ire;white_error_ire;contrast;stress_waveform;reference_detail;burst_gain;burst_phase_jitter_deg;burst_amplitude_jitter_pct;burst_rmse_ire;h_missing;v_missing;vertical_trains;sync_error_ire;black_error_ire;white_error_ire,False,bars,0.4372151012036454,82.56433284800315,38.65629456281896,33.50029376667109,29.3490024769478
9.025845075482913,98.52488778512866,True,6.505011033606589,506,12,0,2.025,2.025,1000000.0,14.03966889361886,-1.1727819212683597,-1.8257858357637826,-41.71370014297327,106.83193011863777,1000000.0,1000000.0,506,506,2,0,0.0,11.892654533078526,0.3591107208177003,PLL96-IQ-corrected,safe_range,final,320402,NTSC,30,3,1000000.0,waveform;detail_floor;sync;h_jitter_us;v_jitter_us;h_width_rmse_us;sync_error_ire;stress_waveform;reference_detail;burst_gain;burst_phase_jitter_deg;burst_amplitude_jitter_pct;burst_rmse_ire;h_missing;v_missing;vertical_trains;sync_error_ire,False,bars,0.5046209009331591,-95.90785812443893,39.163995207209354,31.24484754997316,17.964459298981204
21.938159882279926,96.23735899940041,True,0.0,0,0,2,0.025,0.025,0.01892621412294778,1.6905424650451255,1.6917382301385635,-1.2958373562740402,-47.38121632404632,111.34196087887533,0.025,0.025,506,0,2,0,0.0,28.656043072442237,0.936337591362132,floating-PLL-IQ40,safe_range,final,320402,NTSC,30,3,1000000.0,burst_gain,True,bars,0.5839087861842807,4.90782686118215,7.447847905493924,17.251272634298225,6.2305363236655165
4.3490345715458245,44.416511007967344,True,94.75881107996881,506,12,0,2.025,2.025,1000000.0,48.90295058532085,27.058605572457363,-25.772090438271164,2.447468630127233,84.06539995923909,1000000.0,1000000.0,506,506,2,0,0.0,4.501962090905601,0.5933391532699404,HC50,safe_range,final,320402,NTSC,30,3,1000000.0,contrast;waveform;detail_floor;sync;h_jitter_us;v_jitter_us;h_width_rmse_us;sync_error_ire;black_error_ire;white_error_ire;contrast;stress_waveform;reference_detail;burst_gain;burst_rmse_ire;h_missing;v_missing;vertical_trains;sync_error_ire;black_error_ire;white_error_ire,False,bars,0.43150212120154097,80.84274757396042,8.613773734282274,18.34106092823047,30.77942863133795
11.964207301788505,96.79015750799017,True,3.690914509870035,0,0,2,0.2375,0.3287499999999999,0.0949828359780586,5.740163294716503,-0.6972288365384299,-2.9276794151860077,-57.415412518937686,111.23080160993847,0.2375,0.3287499999999999,506,0,2,0,0.0,16.99549759239374,0.4887737395488522,PLL96-board-fixed,safe_range,final,320402,NTSC,30,3,1000000.0,waveform;detail_floor;sync_error_ire;stress_waveform;reference_detail;burst_phase_jitter_deg;burst_rmse_ire,True,bars,0.5971844096988769,-86.42540678011835,34.98751894848027,16.84589729416021,16.350957397268857
16.527324144510366,98.17651164064152,True,0.5268434251445809,0,0,2,0.075,0.05,0.02293873951966385,1.6381674203790464,0.30364557261130404,-1.533802664647626,-44.72024302777296,110.295355282524,0.075,0.05,506,0,2,0,0.0,28.90326668403506,0.7521684242371482,RNG-5cc14ad73003,safe_range,final,320402,NTSC,30,3,1000000.0,,True,bars,0.8021646635065935,-49.48620677038583,9.499323778764413,21.412482948556104,11.184023551545177
