sinad,contrast,polarity_ok,large_errors,h_missing,v_missing,v_trains,h_jitter_us,v_jitter_us,h_width_rmse_us,sync_error_ire,black_error_ire,white_error_ire,raw_min,raw_max,h_jitter_matched_us,v_jitter_matched_us,h_expected,max_h_gap,expected_v_trains,false_sync_pulses,false_sync_per_line,luma_sinad,detail_corr,model,profile,stage,seed,standard,cnr,rms,cfo_hz,quality_failures,usable,image_pattern,burst_gain,burst_phase_deg,burst_phase_jitter_deg,burst_amplitude_jitter_pct,burst_rmse_ire
5.0476677987496394,80.7055127738744,True,65.3168130489335,604,8,0,2.025,2.025,3.592121007612819,16.685416886919658,5.2017033039309295,-13.9443741995303,-84.02850660431322,145.05732166084127,1.96875,1000000.0,610,241,2,8,0.013114754098360656,12.403757915077371,0.24941397103832494,OVP56,safe_range,selection,320301,PAL,4,3,1000000.0,,False,bars,,,,,
4.742831612180407,84.80605543832172,True,63.006273525721454,588,8,0,2.025,2.025,3.5649533020019413,10.900003930123024,2.970411718427612,-13.104015901647891,-89.64142313528805,150.43992604216388,1.94875,1000000.0,610,94,2,23,0.03770491803278689,13.281800885793428,0.24577824624509712,VLP56,safe_range,selection,320301,PAL,4,3,1000000.0,,False,bars,,,,,
5.82483841945675,88.61592123679597,True,39.641154328732746,101,0,0,2.025,1.8212499999999998,2.8161025279519087,9.100542713894283,1.6891532867768881,-11.891596390029514,-71.61286532341433,128.76819859174708,1.739999999999999,1.8212499999999998,610,4,2,425,0.6967213114754098,13.845788418292805,0.24845590374277637,RANGE32,safe_range,selection,320301,PAL,4,3,1000000.0,,False,bars,,,,,
-6.8067080321671245,-84.0426285926134,False,618.0414052697616,610,8,44,2.025,2.025,1000000.0,88.4089831486092,21.17473385241846,-156.8267483650839,-74.20672657037582,135.7327351828807,1000000.0,1000000.0,610,610,2,2035,3.3360655737704916,-6.822334403823391,-0.2377552870486399,PLL96-rejected-board,safe_range,selection,320301,PAL,4,3,1000000.0,,False,bars,,,,,
7.941418387172715,92.9610979840576,True,17.715809284818068,413,5,0,2.025,2.025,3.3990513569088003,10.880921884719038,0.1898149136750085,-4.052615016775904,-75.80000847202271,134.81582356104602,1.875,1.65,610,12,2,173,0.2836065573770492,13.159603159840964,0.23492621410126255,PLL96-IQ-corrected,safe_range,selection,320301,PAL,4,3,1000000.0,,False,bars,,,,,
10.087040630132327,95.86948770763848,True,2.3343789209535757,149,1,0,2.025,1.9549999999999998,3.1158797499345288,2.553569997304766,1.249424660835803,-2.5809872597305175,-78.12186213128689,140.2806817503427,1.825,1.765,610,4,2,413,0.6770491803278689,22.997395480933598,0.4615731690247086,floating-PLL-IQ40,safe_range,selection,320301,PAL,4,3,1000000.0,,False,bars,,,,,
3.2634046409821202,42.61156626458221,True,122.76348808030113,610,8,0,2.025,2.025,1000000.0,49.29308900107061,27.03874309662396,-29.019781652420413,-71.19312548149998,123.82774241417079,1000000.0,1000000.0,610,610,2,0,0.0,4.280217949727078,0.17465754603278652,HC50,safe_range,selection,320301,PAL,4,3,1000000.0,,False,bars,,,,,
5.770820456597564,90.832802693286,True,41.090966122961106,76,1,0,2.025,1.99,2.775545295143507,3.2029330732267662,-1.5957483758353925,-14.890372193303849,-82.35910313387643,127.19773056960474,1.658749999999999,1.6699999999999995,610,4,2,421,0.6901639344262295,10.895037613270574,0.2092353286311523,PLL96-board-fixed,safe_range,selection,320301,PAL,4,3,1000000.0,,False,bars,,,,,
5.549780351366466,93.78474582890125,True,43.88644918444166,27,0,0,1.963749999999999,1.2449999999999999,2.383898424453778,6.889145955601689,0.6121924599020833,-6.010629219497022,-67.22557371174626,129.01213027664744,1.6,1.2449999999999999,610,2,2,346,0.5672131147540984,15.022240676060957,0.26869391591264913,RNG-6248f1c15f7a,safe_range,selection,320301,PAL,4,3,1000000.0,,False,bars,,,,,
5.7148745524847975,92.24843874605429,True,42.04203262233376,33,0,0,2.025,1.2449999999999999,2.4791847925682964,6.81272578064015,0.770393674591943,-8.228343572784068,-67.46389430421004,127.43326874371485,1.6299999999999983,1.2449999999999999,610,2,2,365,0.5983606557377049,14.927613272570584,0.2705146806650659,RNG-298c693dfb64,safe_range,selection,320301,PAL,4,3,1000000.0,,False,bars,,,,,
5.595626737159893,92.75458121884455,True,42.84065244667503,58,1,0,2.025,1.9725,2.6742720887580127,8.427519105714481,1.827480924232791,-4.885529668761345,-66.07433064410841,137.60340650058546,1.625,1.7174999999999998,610,3,2,406,0.6655737704918033,15.392470264188864,0.2712311397613595,RNG-72a7c5e1d3fe,safe_range,selection,320301,PAL,4,3,1000000.0,,False,bars,,,,,
5.820055209606742,91.86109960214502,True,40.08782936010038,53,1,0,2.025,1.8937499999999998,2.620308280477638,7.430670117146409,0.8772216640801251,-8.209933428268528,-73.3826380130098,131.75405361265172,1.625,1.65,610,2,2,407,0.6672131147540984,15.057269243949676,0.258711072578536,RNG-5cc14ad73003,safe_range,selection,320301,PAL,4,3,1000000.0,,False,bars,,,,,
5.777219472590199,91.03921903656396,True,41.166875784190715,56,1,0,2.025,1.9812499999999997,2.662603068292001,7.710858908300897,2.0072929635969787,-7.906902468256283,-66.51700891177357,131.9932416387979,1.65,1.7424999999999997,610,3,2,403,0.660655737704918,15.258486156381963,0.2723959811063762,RNG-aa363f30cabd,safe_range,selection,320301,PAL,4,3,1000000.0,,False,bars,,,,,
5.863675050446963,90.61097785628003,True,39.35947302383939,34,0,0,2.025,1.2449999999999999,2.4890833703003112,7.858965856853371,1.5090110245884283,-9.479205130184798,-66.49731181665261,124.5003989834704,1.65,1.2449999999999999,610,2,2,365,0.5983606557377049,14.73339183988145,0.2710523210490177,RNG-6ecfa9f95e4b,safe_range,selection,320301,PAL,4,3,1000000.0,,False,bars,,,,,
5.842081869377072,89.95169617152592,True,39.89272271016311,61,1,0,2.025,1.99,2.682487435823614,8.991079678148234,2.6131524304080305,-8.225998164011736,-65.88267140839042,131.71279421609054,1.7150000000000005,1.9175,610,3,2,405,0.6639344262295082,15.068228230251751,0.27243519274521666,RNG-5e0048849b6a,safe_range,selection,320301,PAL,4,3,1000000.0,,False,bars,,,,,
5.857057457166308,89.01927106809445,True,41.21957340025094,51,1,0,2.025,1.99,2.6046253322974873,7.229721349017036,1.8829758834897334,-11.212725223294255,-66.78312479130953,131.23772530548436,1.65,1.9175,610,2,2,396,0.6491803278688525,14.720054641517056,0.27111130529164573,RNG-871c7b8c76a7,safe_range,selection,320301,PAL,4,3,1000000.0,,False,bars,,,,,
4.7264338711498555,94.39024385355025,True,64.48055207026349,60,0,0,2.025,0.8574999999999997,2.6971691809949725,7.254413359049554,0.8722156209995011,-3.6415628670114737,-78.28828090211793,151.1170220539474,1.725,0.8574999999999997,610,2,2,417,0.6836065573770492,15.599432696994775,0.2605463972784009,RNG-b6c5b8bb1a7d,safe_range,selection,320301,PAL,4,3,1000000.0,,False,bars,,,,,
7.425994763421331,87.8761409784619,True,22.49560853199498,558,8,0,2.025,2.025,3.513223645687161,10.76988305112511,2.819203667514154,-9.318712620703797,-80.90745525225819,139.2682911072086,1.9362499999999998,1000000.0,610,35,2,47,0.07704918032786885,16.526896409919686,0.33770722785366813,OVP56,safe_range,selection,320301,PAL,6,3,1000000.0,,False,bars,,,,,
7.417887268418859,91.20073574085666,True,20.380803011292343,474,7,0,2.025,2.025,3.450288377760022,6.764443386128767,1.5515525784903401,-7.790028755715321,-85.07193243935527,148.03516435711248,1.9375,0.1,610,17,2,126,0.20655737704918034,18.328830772097618,0.3413339143172878,VLP56,safe_range,selection,320301,PAL,6,3,1000000.0,,False,bars,,,,,
8.556402152946315,93.84000032968828,True,12.509410288582183,5,0,1,1.175,0.3687499999999998,1.9236866293484198,3.5418970623156847,1.6922480684936432,-5.488274323147979,-70.36789385633817,127.138385799481,1.075,0.3687499999999998,610,1,2,246,0.40327868852459015,19.17905433984711,0.3455655226405918,RANGE32,safe_range,selection,320301,PAL,6,3,1000000.0,,False,bars,,,,,
-6.771738956340984,-84.03979698383235,False,613.7465495608532,610,8,55,2.025,2.025,1000000.0,86.86486412279075,22.065136276899533,-157.23161170326196,-73.44716446598876,133.02104050842345,1000000.0,1000000.0,610,610,2,1661,2.722950819672131,-6.806946911246304,-0.298734020252998,PLL96-rejected-board,safe_range,selection,320301,PAL,6,3,1000000.0,,False,bars,,,,,
9.162552256155047,94.0539900190475,True,7.997490589711418,461,7,0,2.025,2.025,3.4848088351371103,12.339424616083926,-0.5410386336823798,-2.989182418932426,-71.38496652786857,133.16549724397296,1.9,1.025,610,17,2,115,0.1885245901639344,14.243721320388932,0.29464668080306566,PLL96-IQ-corrected,safe_range,selection,320301,PAL,6,3,1000000.0,,False,bars,,,,,
11.989312089042532,95.97502015345252,True,0.3042659974905897,37,0,0,2.025,1.7374999999999998,2.673773797019211,2.2699875970230687,1.3937104293060132,-2.00331117594334,-74.43451888930377,134.8826618932852,1.4,1.7375,610,2,2,406,0.6655737704918033,25.581975074024523,0.5565578955577558,floating-PLL-IQ40,safe_range,selection,320301,PAL,6,3,1000000.0,,False,bars,,,,,
3.9396331326610756,44.30141036122278,True,100.00752823086574,610,8,0,2.025,2.025,1000000.0,49.000754959424626,27.026252597356606,-26.562564069443013,-63.33343000840543,119.54929189905747,1000000.0,1000000.0,610,610,2,0,0.0,4.531447393656379,0.25989751909306164,HC50,safe_range,selection,320301,PAL,6,3,1000000.0,,False,bars,,,,,
8.752623239907901,95.80148379034493,True,12.941028858218317,11,0,0,1.3774999999999977,0.075,2.295107120482793,0.5256493017766738,-2.385201442273452,-10.068646875710783,-81.0536459501701,119.24254890971179,1.2775000000000005,0.075,610,1,2,355,0.5819672131147541,14.87871250437797,0.3086048973850268,PLL96-board-fixed,safe_range,selection,320301,PAL,6,3,1000000.0,,False,bars,,,,,
8.10918051662437,97.61519057767843,True,14.512547051442912,1,0,2,0.9,0.3687499999999998,1.5083844759947656,2.516503663106989,0.3836441323111262,-2.1593643193258396,-66.11447832077529,125.1001751739175,0.8900000000000006,0.3687499999999998,610,1,2,151,0.24754098360655738,21.122320463549862,0.3606683248736503,RNG-6248f1c15f7a,safe_range,selection,320301,PAL,6,3,1000000.0,,False,bars,,,,,
8.253265547962943,96.26379372898643,True,13.716436637390213,2,0,2,1.0,0.46499999999999997,1.6689852978208362,2.4868323965843113,0.6021638895950224,-4.075318674424497,-65.32788936877336,122.61714069787368,0.9912499999999994,0.46499999999999997,610,1,2,189,0.30983606557377047,20.875612621052248,0.36290918544301365,RNG-298c693dfb64,safe_range,selection,320301,PAL,6,3,1000000.0,,False,bars,,,,,
8.06987931819046,95.9703925040061,True,13.58594730238394,4,0,1,1.15,0.9099999999999998,2.091249646146593,4.079942566263681,1.73379411405446,-1.9699380300023848,-63.29812984239608,134.77302487518088,1.075,0.9099999999999998,610,1,2,294,0.4819672131147541,21.299698839479497,0.36061803617202837,RNG-72a7c5e1d3fe,safe_range,selection,320301,PAL,6,3,1000000.0,,False,bars,,,,,
8.498229816676893,96.04129376454003,True,12.063989962358846,3,0,1,1.0,0.3687499999999998,1.720316625391391,2.497296366011976,0.7080163238682452,-4.2040145853089,-71.71902823492285,129.43625593358647,0.9924999999999983,0.3687499999999998,610,1,2,215,0.3524590163934426,20.956077250288253,0.35691925370756983,RNG-5cc14ad73003,safe_range,selection,320301,PAL,6,3,1000000.0,,False,bars,,,,,
8.20679313231967,94.6623085676049,True,12.995608531994982,2,0,1,1.075,0.9099999999999998,2.060621902085694,3.604662491188865,2.0123653153159866,-4.339075148791218,-63.158915624847516,132.7021737838469,1.075,0.9099999999999998,610,1,2,277,0.4540983606557377,20.87376267653472,0.36172123776535314,RNG-aa363f30cabd,safe_range,selection,320301,PAL,6,3,1000000.0,,False,bars,,,,,
8.401688293099914,94.71696967120045,True,12.454203262233374,2,0,1,1.0,0.46499999999999997,1.6681314150159625,3.3436498363851426,1.303246054321532,-5.379523283762008,-66.05844129484927,121.6149975486147,1.0,0.46499999999999997,610,1,2,196,0.32131147540983607,20.396888490350005,0.3634897226999176,RNG-6ecfa9f95e4b,safe_range,selection,320301,PAL,6,3,1000000.0,,False,bars,,,,,
8.259216679338548,93.60532148565521,True,12.541405269761606,5,0,1,1.163749999999999,0.9099999999999998,2.0936829426784778,4.665399864093047,2.5921626612266317,-4.771200790365493,-63.008790693937385,131.10987802460988,1.075,0.9099999999999998,610,1,2,292,0.4786885245901639,20.351039745081238,0.3614885996198203,RNG-5e0048849b6a,safe_range,selection,320301,PAL,6,3,1000000.0,,False,bars,,,,,
8.26593714563175,93.00385785481073,True,12.916562107904642,2,0,1,1.0,0.9099999999999998,1.9042499214015725,3.3414756044788136,1.962422295407493,-7.05344839017581,-63.90734352142184,130.63603025996315,1.0,0.9099999999999998,610,1,2,242,0.39672131147540984,19.83329417937514,0.3604939020819829,RNG-871c7b8c76a7,safe_range,selection,320301,PAL,6,3,1000000.0,,False,bars,,,,,
7.034319980705014,97.72347878447101,True,25.52823086574655,5,0,1,1.075,0.7174999999999996,1.8673546609447456,2.334345032715006,0.1353779934277826,-1.8582065417614264,-75.9423876366935,145.1623530444758,1.05,0.7174999999999996,610,1,2,226,0.3704918032786885,21.707933387435475,0.3418510593023049,RNG-b6c5b8bb1a7d,safe_range,selection,320301,PAL,6,3,1000000.0,,False,bars,,,,,
9.442576994063383,91.55887524050615,True,5.482434127979925,404,7,0,2.025,2.025,3.33689655829735,7.263968636178768,1.9694113565467326,-6.6443553663697275,-72.72113417450406,135.81498651750846,1.84375,0.6,610,18,2,186,0.30491803278688523,19.962450662742064,0.4216138641499137,OVP56,safe_range,selection,320301,PAL,8,3,1000000.0,,False,bars,,,,,
9.547167283455316,93.90602032522315,True,4.710790464240903,255,5,0,2.025,2.025,3.1965052990352705,4.615431284700944,1.2453592797944528,-5.23713855587116,-76.6484330006062,135.79557035145902,1.875,0.27999999999999997,610,6,2,324,0.5311475409836065,22.21797835549069,0.4276429687609075,VLP56,safe_range,selection,320301,PAL,8,3,1000000.0,,False,bars,,,,,
10.668750532817404,95.10739221747889,True,3.690715181932246,0,0,2,0.4662499999999966,0.35999999999999976,0.9732140010312627,2.028508132320886,2.098982298100407,-3.123299405781768,-58.46872971999432,121.06838289833252,0.4662499999999966,0.35999999999999976,610,0,2,75,0.12295081967213115,22.947986583970277,0.43385658070793165,RANGE32,safe_range,selection,320301,PAL,8,3,1000000.0,,False,bars,,,,,
-6.719723040189671,-83.2420409052891,False,611.6003764115433,610,8,56,2.025,2.025,1000000.0,85.43615111594056,22.77414300573942,-156.64728796649436,-71.2030416994534,126.34390742102417,1000000.0,1000000.0,610,610,2,1531,2.5098360655737704,-6.761547751282638,-0.32817551998031264,PLL96-rejected-board,safe_range,selection,320301,PAL,8,3,1000000.0,,False,bars,,,,,
9.462650067272037,94.54093182538358,True,6.112923462986198,518,7,0,2.025,2.025,3.551440690517141,13.976394450254817,-0.8533844722571106,-2.6466645009791754,-68.73361589940583,132.32615816596663,1.8950000000000002,1.025,610,27,2,74,0.12131147540983607,13.840563211818704,0.3232228826724072,PLL96-IQ-corrected,safe_range,selection,320301,PAL,8,3,1000000.0,,False,bars,,,,,
13.762177449252647,95.6785189251402,True,0.030740276035131745,2,0,0,0.9,0.9124999999999999,1.9330517166244512,2.406659675952609,1.7454496870697669,-1.8359260160137463,-69.42254547108435,130.69597555239596,0.9,0.9124999999999999,610,1,2,260,0.4262295081967213,26.327406265253643,0.6417139618334055,floating-PLL-IQ40,safe_range,selection,320301,PAL,8,3,1000000.0,,False,bars,,,,,
4.171261026185579,44.468943442967664,True,91.78042659974905,610,8,0,2.025,2.025,1000000.0,49.19872772828746,27.14133109398518,-25.894830931088666,-59.57872447315554,113.53510902215527,1000000.0,1000000.0,610,610,2,0,0.0,4.554375445705725,0.3371145428236869,HC50,safe_range,selection,320301,PAL,8,3,1000000.0,,False,bars,,,,,
10.46087666333313,97.7029124479407,True,5.469887076537013,4,0,0,1.05,0.5949999999999995,2.1545439452958997,0.5687000729014894,-2.3301637781852227,-7.512812768775655,-79.29906718398624,116.9444313148208,1.025,0.5949999999999995,610,1,2,331,0.5426229508196722,16.969098449662916,0.37846428409102667,PLL96-board-fixed,safe_range,selection,320301,PAL,8,3,1000000.0,,False,bars,,,,,
9.968332830174381,98.14713113021422,True,4.185069008782936,0,0,2,0.225,0.3687499999999998,0.7871073051598909,1.9065206752696207,0.4813120203971267,-1.3750717779004298,-60.28332750340404,121.42714645918738,0.225,0.3687499999999998,610,0,2,53,0.08688524590163935,25.741221155147013,0.4380577113914423,RNG-6248f1c15f7a,safe_range,selection,320301,PAL,8,3,1000000.0,,False,bars,,,,,
10.107764310204923,96.9509943198165,True,3.888958594730238,0,0,2,0.3774999999999977,0.3687499999999998,0.9813057961582468,1.8058152889222068,0.7244220335232243,-3.0592597567042765,-61.214043987312465,119.52422722358628,0.3774999999999977,0.3687499999999998,610,0,2,75,0.12295081967213115,25.08758908943974,0.4411683113763293,RNG-298c693dfb64,safe_range,selection,320301,PAL,8,3,1000000.0,,False,bars,,,,,
9.86202303148013,96.15366104306628,True,3.536386449184442,0,0,2,0.85,0.47374999999999995,1.5658509968264205,3.4210928522091426,2.0285902276992163,-1.6067686067210956,-62.49372999927664,130.9109001561999,0.85,0.47375,610,0,2,185,0.30327868852459017,24.766194385538213,0.43382466560694766,RNG-72a7c5e1d3fe,safe_range,selection,320301,PAL,8,3,1000000.0,,False,bars,,,,,
10.52712005338747,96.80476860837197,True,3.1825595984943535,0,0,2,0.2,0.35999999999999976,0.9580654175275795,1.5405706909574097,0.9629147326899661,-3.1477327795242003,-60.22811271660393,123.61520115935429,0.2,0.35999999999999976,610,0,2,70,0.11475409836065574,25.045781094460885,0.442628987685971,RNG-5cc14ad73003,safe_range,selection,320301,PAL,8,3,1000000.0,,False,bars,,,,,
9.976333798383749,95.15064953458995,True,3.3883312421580927,0,0,2,0.75,0.46499999999999997,1.4701085886066656,2.994943437305189,2.3290921016235666,-3.583059423796315,-62.68986716030649,127.39580225142893,0.75,0.46499999999999997,610,0,2,165,0.27049180327868855,23.825283420737314,0.4359208734324096,RNG-aa363f30cabd,safe_range,selection,320301,PAL,8,3,1000000.0,,False,bars,,,,,
10.239031934941309,95.5371655082538,True,3.5150564617314934,0,0,2,0.45,0.3687499999999998,0.9780375131093798,2.4892372687367974,1.367983713927058,-4.340815008376105,-59.281733110030274,118.18783026665145,0.45,0.3687499999999998,610,0,2,77,0.12622950819672132,24.010124778317966,0.44181623808703674,RNG-6ecfa9f95e4b,safe_range,selection,320301,PAL,8,3,1000000.0,,False,bars,,,,,
10.00893251447119,94.18688208290027,True,3.291718946047679,0,0,2,0.8637499999999989,0.47374999999999995,1.558826665723451,3.8769794273537412,2.8874768981841274,-3.996999176446206,-60.969628541652526,126.16029542879593,0.8637499999999989,0.47375,610,0,2,181,0.2967213114754098,22.899861803162192,0.43564984510223975,RNG-5e0048849b6a,safe_range,selection,320301,PAL,8,3,1000000.0,,False,bars,,,,,
10.02328809096426,93.77319086550524,True,3.3902132998745294,0,0,2,0.65,0.46499999999999997,1.296376175546508,2.727082593094159,2.3029889899406304,-5.931219804865338,-60.68860828854348,124.77402149212426,0.65,0.46499999999999997,610,0,2,125,0.20491803278688525,22.359635196769165,0.4356277512615165,RNG-871c7b8c76a7,safe_range,selection,320301,PAL,8,3,1000000.0,,False,bars,,,,,
8.8204399973147,98.15256224470113,True,8.293601003764115,0,0,2,0.45,0.35999999999999976,1.046986307393202,1.4673279864915831,0.2156893853569842,-1.568457414250906,-66.55732032286984,140.53209753084093,0.45,0.35999999999999976,610,0,2,78,0.12786885245901639,26.173369653427052,0.41376818947699756,RNG-b6c5b8bb1a7d,safe_range,selection,320301,PAL,8,3,1000000.0,,False,bars,,,,,
11.06169922258816,93.73983786979151,True,1.4328732747804265,161,3,0,2.025,2.025,3.1302121344537523,4.832718540738606,1.6521117006597714,-4.803774378523656,-68.50532755714448,135.34157876453327,1.85,1.21,610,4,2,383,0.6278688524590164,22.61942860567362,0.49528388760099407,OVP56,safe_range,selection,320301,PAL,10,3,1000000.0,,False,bars,,,,,
11.183182657598614,95.28738910605577,True,1.2471769134253452,66,1,0,2.025,1.7624999999999995,2.8349143602844618,3.168562362118818,1.2178877086592739,-3.766453866525516,-73.1018115394893,133.57022481921416,1.6,1.23,610,2,2,445,0.7295081967213115,24.616654854448846,0.5015102905449975,VLP56,safe_range,selection,320301,PAL,10,3,1000000.0,,False,bars,,,,,
12.093082980295705,95.39679498294734,True,1.7867001254705144,0,0,2,0.1,0.09124999999999998,0.4249891512597993,1.6228514405794165,2.23750822614564,-2.5430870319970817,-54.68135182695555,117.48968699178052,0.1,0.09124999999999998,610,0,2,17,0.027868852459016394,24.020240298564595,0.5046252128686904,RANGE32,safe_range,selection,320301,PAL,10,3,1000000.0,,True,bars,,,,,
-6.698274572739034,-82.74291307803225,False,611.0740276035132,610,8,60,2.025,2.025,1000000.0,84.4064794662493,23.084981500646148,-156.3072821509993,-70.2097993075393,81.99448492940583,1000000.0,1000000.0,610,610,2,1463,2.398360655737705,-6.7426982043436805,-0.3425923059868728,PLL96-rejected-board,safe_range,selection,320301,PAL,10,3,1000000.0,,False,bars,,,,,
9.453357914973449,95.06973933814172,True,5.9912170639899625,541,6,0,2.025,2.025,3.5945207900560163,15.158347048160751,-1.128183016173279,-2.43468733774261,-67.10563135894066,122.99472026429665,1.9799999999999998,0.795,610,22,2,61,0.1,13.245640955974308,0.3407008186348622,PLL96-IQ-corrected,safe_range,selection,320301,PAL,10,3,1000000.0,,False,bars,,,,,
15.388176215347329,95.70281986005351,True,0.0006273525721455459,1,0,2,0.075,0.9124999999999999,1.1143143311343657,2.276541169801093,1.8523119303770184,-1.673946100687113,-61.84994889379813,124.68402577917938,0.075,0.9124999999999999,610,1,2,75,0.12295081967213115,26.823779336116928,0.7167925011347333,floating-PLL-IQ40,safe_range,selection,320301,PAL,10,3,1000000.0,,False,bars,,,,,
4.259451082375552,44.40822450259348,True,89.4159347553325,610,8,0,2.025,2.025,1000000.0,49.21889561094066,27.149059454772946,-25.83239998562738,-46.21141058890622,96.14899974307066,1000000.0,1000000.0,610,610,2,0,0.0,4.55109185179038,0.39450738304909533,HC50,safe_range,selection,320301,PAL,10,3,1000000.0,,False,bars,,,,,
11.201307392108347,98.47759921020283,True,4.227728983688833,6,0,0,1.075,0.7349999999999998,2.244866983404319,1.5694370277706384,-2.20073715371891,-5.846780391306508,-77.96076294119771,114.55269058162851,1.025,0.7349999999999998,610,1,2,340,0.5573770491803278,17.546023291704984,0.41631144166156836,PLL96-board-fixed,safe_range,selection,320301,PAL,10,3,1000000.0,,False,bars,,,,,
11.28710477701574,98.32473644445507,True,1.5715181932245923,0,0,2,0.1,0.10749999999999997,0.33436384422940957,1.9008232709781814,0.3811730150639905,-1.1585194252936997,-61.23669687115703,118.35173804389585,0.1,0.10749999999999997,610,0,2,13,0.021311475409836064,27.23576644215371,0.5002761875752493,RNG-6248f1c15f7a,safe_range,selection,320301,PAL,10,3,1000000.0,,True,bars,,,,,
11.430699592314584,97.2220056650566,True,1.459849435382685,0,0,2,0.1,0.10749999999999997,0.5111342257385153,1.7482152454896864,0.6445431309266032,-2.708311499259253,-58.59876664280611,119.39187715663219,0.1,0.10749999999999997,610,0,2,22,0.036065573770491806,26.48050554210497,0.5043679921195029,RNG-298c693dfb64,safe_range,selection,320301,PAL,10,3,1000000.0,,False,bars,,,,,
11.166121740264865,96.15076171467165,True,1.2195734002509409,0,0,2,0.625,0.10749999999999997,1.2591871402211667,3.293460897867532,2.1111530281573208,-1.5791642905338454,-61.55495592109996,128.51869223521032,0.625,0.10749999999999997,610,0,2,129,0.21147540983606558,25.750434156941424,0.49465662885817785,RNG-72a7c5e1d3fe,safe_range,selection,320301,PAL,10,3,1000000.0,,False,bars,,,,,
11.97572766967562,97.04825807109678,True,1.3406524466750314,0,0,2,0.1,0.09124999999999998,0.4578168973240392,1.4639547523148135,1.0025442564553146,-2.734495653078544,-53.92410713604176,121.3675693393699,0.1,0.09124999999999998,610,0,2,12,0.019672131147540985,26.43620579087644,0.5130812205480176,RNG-5cc14ad73003,safe_range,selection,320301,PAL,10,3,1000000.0,,True,bars,,,,,
11.278770421936086,95.34980747149875,True,1.1712672521957341,0,0,2,0.45,0.10749999999999997,1.1356373237735455,2.8723179026285206,2.417581424409082,-3.3484880840873914,-58.48902360571396,125.07064544635638,0.45,0.10749999999999997,610,0,2,106,0.1737704918032787,24.70256312741791,0.4980491029470189,RNG-aa363f30cabd,safe_range,selection,320301,PAL,10,3,1000000.0,,False,bars,,,,,
11.543168193756443,95.92912029738507,True,1.357590966122961,0,0,2,0.125,0.11624999999999999,0.5000163931738868,2.3079147973724217,1.1985828587124825,-3.9593754514165536,-57.12377147885958,117.49052829916185,0.125,0.11624999999999999,610,0,2,22,0.036065573770491806,25.238994533430965,0.5048801210556981,RNG-6ecfa9f95e4b,safe_range,selection,320301,PAL,10,3,1000000.0,,False,bars,,,,,
11.294599928077151,94.47721054509438,True,1.1524466750313678,0,0,2,0.6,0.10749999999999997,1.253890257833007,3.64532507158047,2.9498490090785268,-3.694382505995068,-58.77678354832425,124.14955970816858,0.6,0.10749999999999997,610,0,2,126,0.20655737704918034,23.700062865302485,0.49781356148421313,RNG-5e0048849b6a,safe_range,selection,320301,PAL,10,3,1000000.0,,False,bars,,,,,
11.322371535567514,94.15487436010201,True,1.1668757841907151,0,0,2,0.2637499999999989,0.10749999999999997,0.8352860999995505,2.5490100647155565,2.40986780915528,-5.484769598163752,-55.78990429766519,123.22829703973461,0.2637499999999989,0.10749999999999997,610,0,2,71,0.11639344262295082,23.21840681788911,0.4988193565249381,RNG-871c7b8c76a7,safe_range,selection,320301,PAL,10,3,1000000.0,,False,bars,,,,,
10.196263715951769,98.21544519492805,True,2.4937264742785445,0,0,2,0.1,0.09124999999999998,0.43003764608366596,1.459921659333846,0.24743035777000427,-1.4267317371422368,-66.18208080356231,142.68476082084743,0.1,0.09124999999999998,610,0,2,19,0.03114754098360656,27.596133170426572,0.47571660631221874,RNG-b6c5b8bb1a7d,safe_range,selection,320301,PAL,10,3,1000000.0,,True,bars,,,,,
12.372606639228692,95.30151370686953,True,0.7051442910915934,30,0,0,1.963749999999999,0.9012499999999998,2.54484879470884,3.019745676552799,1.4039219447099642,-3.464806340404389,-73.13088794215597,128.70441647217513,1.475,0.9012499999999998,610,2,2,391,0.6409836065573771,24.788400602557704,0.5574530958675007,OVP56,safe_range,selection,320301,PAL,12,3,1000000.0,,False,bars,,,,,
12.510416096176922,96.22027179614251,True,0.6543287327478043,12,0,0,1.338749999999999,1.5862499999999995,2.109262004591506,2.0791323157029606,1.2078332813874273,-2.7521900028392263,-68.06105252967642,130.85160297129573,1.0287499999999994,1.5862499999999995,610,1,2,300,0.4918032786885246,26.22883307615723,0.5642547735772652,VLP56,safe_range,selection,320301,PAL,12,3,1000000.0,,False,bars,,,,,
13.191779198385964,95.65570114477386,True,1.4046424090338772,0,0,2,0.1,0.075,0.14326405747407275,1.3851391362746763,2.1880803972909635,-2.319996554269724,-52.58421515166641,110.93732987619823,0.1,0.075,610,0,2,1,0.001639344262295082,24.45704573099798,0.5638742143661264,RANGE32,safe_range,selection,320301,PAL,12,3,1000000.0,,True,bars,,,,,
-6.697321611239761,-82.5180686610915,False,611.7741530740276,610,8,58,2.025,2.025,1000000.0,83.6745516762129,23.10378809376161,-156.2779699768914,-69.53525862339302,82.17095070578414,1000000.0,1000000.0,610,610,2,1451,2.378688524590164,-6.743213023006843,-0.3496333100803894,PLL96-rejected-board,safe_range,selection,320301,PAL,12,3,1000000.0,,False,bars,,,,,
9.361467931214968,95.83832444221022,True,5.997490589711418,551,4,0,2.025,2.025,3.6179343764836824,15.646618814471923,-1.308638919050537,-2.122466131149126,-54.95639949755352,123.00330921229705,1.9049999999999998,1.17,610,42,2,64,0.10491803278688525,12.765871815504973,0.35096210850118187,PLL96-IQ-corrected,safe_range,selection,320301,PAL,12,3,1000000.0,,False,bars,,,,,
16.869531351378004,95.97630082887345,True,0.0,0,0,2,0.05,0.025,0.3586647025460674,1.9782983764574282,1.803623807450156,-1.453925797725792,-58.284372137619854,121.99362109828563,0.05,0.025,610,0,2,9,0.014754098360655738,27.56335248597644,0.7791195307648063,floating-PLL-IQ40,safe_range,selection,320301,PAL,12,3,1000000.0,,True,bars,,,,,
4.319351129873218,44.46249168236559,True,89.06775407779172,610,8,0,2.025,2.025,1000000.0,49.11865833746412,27.11176285712418,-25.769293871808088,-9.013762187511638,92.47490813959949,1000000.0,1000000.0,610,610,2,0,0.0,4.5614943986398035,0.44256279152162675,HC50,safe_range,selection,320301,PAL,12,3,1000000.0,,False,bars,,,,,
11.58446832858625,98.76016719007325,True,4.001254705144291,3,0,0,1.0024999999999977,0.5949999999999995,2.0898813351617984,2.7013254364393062,-2.0287901121952223,-4.623565535021612,-62.27497409739503,112.20889876724151,0.975,0.5949999999999995,610,1,2,281,0.460655737704918,17.661579847317395,0.4404386183044563,PLL96-board-fixed,safe_range,selection,320301,PAL,12,3,1000000.0,,False,bars,,,,,
12.402194932872943,98.70423877408507,True,0.8594730238393977,0,0,2,0.075,0.09124999999999998,0.07617252850182049,1.7298133677591216,0.1648302107773683,-0.8665642750580279,-52.88576773441029,116.99917459917735,0.075,0.09124999999999998,610,0,2,1,0.001639344262295082,27.947470456996143,0.5562103593049278,RNG-6248f1c15f7a,safe_range,selection,320301,PAL,12,3,1000000.0,,True,bars,,,,,
12.557108185103058,97.68840945110709,True,0.8042659974905897,0,0,2,0.075,0.09124999999999998,0.17172879399950547,1.533112372427884,0.4173465976522054,-2.335675870951494,-53.08487633999474,115.45492067274024,0.075,0.09124999999999998,610,0,2,4,0.006557377049180328,27.34428676780113,0.561063416248282,RNG-298c693dfb64,safe_range,selection,320301,PAL,12,3,1000000.0,,True,bars,,,,,
12.233337723372744,96.39054568768803,True,0.6511919698870765,2,0,2,0.5024999999999977,0.09124999999999998,1.0372170865057486,3.03899368717589,2.069031651333855,-1.4184675111227758,-51.35982429356655,127.42606170667831,0.475,0.09124999999999998,610,1,2,92,0.15081967213114755,26.417687274275092,0.547118434980975,RNG-72a7c5e1d3fe,safe_range,selection,320301,PAL,12,3,1000000.0,,False,bars,,,,,
13.143195567154669,97.42918818162393,True,0.9190715181932246,0,0,2,0.075,0.075,0.13855593058992222,1.3446803641906637,0.9119678914127226,-2.295133806387187,-50.27357218056819,119.71759039865434,0.075,0.075,610,0,2,1,0.001639344262295082,27.28796613505512,0.5728963037185625,RNG-5cc14ad73003,safe_range,selection,320301,PAL,12,3,1000000.0,,True,bars,,,,,
12.352562735647323,95.72348976542749,True,0.6373902132998746,0,0,2,0.3,0.09124999999999998,0.8736201063184927,2.6240013443315027,2.374291117489831,-3.0730935030497286,-52.20340002125352,123.79776821537247,0.3,0.09124999999999998,610,0,2,54,0.08852459016393442,25.36640990810771,0.551703156656877,RNG-aa363f30cabd,safe_range,selection,320301,PAL,12,3,1000000.0,,False,bars,,,,,
12.65189020616738,96.47781599335693,True,0.7992471769134253,0,0,2,0.1,0.09124999999999998,0.11062879149749727,2.0310306533539615,0.8937206664645195,-3.5774644530168276,-54.22212804323633,114.37978499432693,0.1,0.09124999999999998,610,0,2,4,0.006557377049180328,26.139488997967252,0.5612316054927284,RNG-6ecfa9f95e4b,safe_range,selection,320301,PAL,12,3,1000000.0,,True,bars,,,,,
12.356068743367361,94.92396170113642,True,0.6361355081555834,1,0,2,0.48874999999999885,0.09124999999999998,1.0316263245784387,3.334599616532647,2.8692886272229243,-3.353929379764999,-52.25252513265695,123.84925915308948,0.475,0.09124999999999998,610,1,2,89,0.14590163934426228,24.37718744558434,0.5514205805686065,RNG-5e0048849b6a,safe_range,selection,320301,PAL,12,3,1000000.0,,False,bars,,,,,
12.40089677035181,94.64725643503316,True,0.6543287327478043,0,0,2,0.175,0.09124999999999998,0.43429446269538,2.257854752220656,2.3781003662517595,-5.09748978520094,-53.963399335197266,120.47449261861725,0.175,0.09124999999999998,610,0,2,15,0.02459016393442623,23.89086143647393,0.55360135574307,RNG-871c7b8c76a7,safe_range,selection,320301,PAL,12,3,1000000.0,,True,bars,,,,,
11.376453236490775,98.46910146774736,True,0.8456712672521958,0,0,2,0.075,0.09124999999999998,0.15574385233768812,1.338208818201421,0.16562565257383002,-1.1885780664240668,-56.870805267470146,133.75014333862384,0.075,0.09124999999999998,610,0,2,2,0.003278688524590164,28.523985141380916,0.5326587806370557,RNG-b6c5b8bb1a7d,safe_range,selection,320301,PAL,12,3,1000000.0,,True,bars,,,,,
13.433335380928032,96.28738542866017,True,0.5464240903387704,1,0,0,0.925,0.7012499999999995,1.7978201314255409,1.7562132945937554,1.2634368235595559,-2.5861148000757055,-67.18181592544715,131.59874206890106,0.925,0.7012499999999995,610,1,2,224,0.36721311475409835,26.281197597677213,0.6085922579086919,OVP56,safe_range,selection,320301,PAL,14,3,1000000.0,,False,bars,,,,,
13.585750439289455,96.74221907080288,True,0.5144291091593475,0,0,2,0.575,0.6999999999999995,1.3498611039658859,1.3948883085094477,1.232965491165374,-2.1153530184910774,-65.6257968748904,130.62323297641217,0.575,0.6999999999999995,610,0,2,130,0.21311475409836064,27.14382442085286,0.6158403207960602,VLP56,safe_range,selection,320301,PAL,14,3,1000000.0,,False,bars,,,,,
14.064726311529158,95.71599600607232,True,1.2452948557089083,0,0,2,0.075,0.06624999999999999,0.043454800334728816,1.338582873237643,2.125594941441732,-2.374308911851231,-50.83316589602125,110.33439138634373,0.075,0.06624999999999999,610,0,2,0,0.0,24.69480916790927,0.6120340806250283,RANGE32,safe_range,selection,320301,PAL,14,3,1000000.0,,True,bars,,,,,
-6.698357546094775,-82.41244566373582,False,612.4692597239648,610,8,59,2.025,2.025,1000000.0,83.40755138940429,23.07541105796596,-156.22193445361793,-68.88325546013215,78.24230282720913,1000000.0,1000000.0,610,610,2,1440,2.360655737704918,-6.745005482747794,-0.35528476071254367,PLL96-rejected-board,safe_range,selection,320301,PAL,14,3,1000000.0,,False,bars,,,,,
9.259188278204666,96.44636441460965,True,6.086574654956085,551,8,0,2.025,2.025,3.6251475715140535,15.892963050247447,-1.2986553745237437,-1.9582237373259817,-55.1161171589642,121.52143354734085,1.6549999999999998,1000000.0,610,36,2,52,0.08524590163934426,12.403375134731716,0.35687519292664105,PLL96-IQ-corrected,safe_range,selection,320301,PAL,14,3,1000000.0,,False,bars,,,,,
18.167480955820473,96.13445225072556,True,0.0,0,0,2,0.025,0.025,0.11021123533216848,1.804100932917675,1.7637342358763293,-1.3393892007931798,-57.18807956435263,119.33828829380852,0.025,0.025,610,0,2,1,0.001639344262295082,28.047424451662234,0.8279617046838816,floating-PLL-IQ40,safe_range,selection,320301,PAL,14,3,1000000.0,,True,bars,,,,,
4.354795047587964,44.477224796403576,True,89.05771643663739,610,8,0,2.025,2.025,1000000.0,49.04477463330935,27.087068482509167,-25.747411571883553,-5.65435516618421,88.76062415361301,1000000.0,1000000.0,610,610,2,0,0.0,4.566363444409428,0.482072593402247,HC50,safe_range,selection,320301,PAL,14,3,1000000.0,,False,bars,,,,,
11.827373270810869,98.67706498225542,True,3.9015056461731494,9,0,0,1.325,1.5249999999999995,2.189037550919226,3.6956872342402693,-1.7431099993688859,-3.811106360309704,-59.88860324835231,112.23655459129378,1.075,1.5249999999999995,610,1,2,286,0.46885245901639344,17.722226927827375,0.4566304569899,PLL96-board-fixed,safe_range,selection,320301,PAL,14,3,1000000.0,,False,bars,,,,,
13.343596073235535,98.94017877497502,True,0.6154328732747805,0,0,2,0.075,0.08249999999999998,0.03934661024414833,1.642919603591613,0.018584771482288147,-0.6599435741000615,-53.1650919889852,116.40936766749275,0.075,0.08249999999999998,610,0,2,0,0.0,28.385450486447827,0.6036120503299328,RNG-6248f1c15f7a,safe_range,selection,320301,PAL,14,3,1000000.0,,True,bars,,,,,
13.506897408854675,97.9984164164408,True,0.5846925972396487,0,0,2,0.075,0.08249999999999998,0.03764316932354808,1.4204416925710592,0.2503568830309977,-2.078273703495359,-53.364527855455485,114.85623737856923,0.075,0.08249999999999998,610,0,2,0,0.0,27.906736490070454,0.6090449131766552,RNG-298c693dfb64,safe_range,selection,320301,PAL,14,3,1000000.0,,True,bars,,,,,
13.096756518062765,96.52226631808993,True,0.47490589711417813,0,0,2,0.525,0.08249999999999998,0.9570312489544998,2.8877151823256066,2.0621124032496567,-1.322764955347417,-51.003085453932705,127.72444434943185,0.525,0.08249999999999998,610,0,2,70,0.11475409836065574,26.82551644701349,0.5903625730017044,RNG-72a7c5e1d3fe,safe_range,selection,320301,PAL,14,3,1000000.0,,False,bars,,,,,
14.0944069254435,97.67768920275411,True,0.7791718946047679,0,0,2,0.075,0.075,0.03176824375812125,1.3338373293512313,0.828061813955465,-1.993154218195266,-48.83921191827204,117.0247739821757,0.075,0.075,610,0,2,0,0.0,27.872948949913912,0.6219081478608398,RNG-5cc14ad73003,safe_range,selection,320301,PAL,14,3,1000000.0,,True,bars,,,,,
13.222848671619056,95.95269259428653,True,0.4573400250941029,0,0,2,0.275,0.08249999999999998,0.755629826321215,2.486247148881025,2.3594456545587796,-2.8959379957744242,-52.435905522453936,124.62837627995114,0.275,0.08249999999999998,610,0,2,47,0.07704918032786885,25.801871378187062,0.5960281579183783,RNG-aa363f30cabd,safe_range,selection,320301,PAL,14,3,1000000.0,,False,bars,,,,,
13.579106470771496,96.86585321309539,True,0.6035131744040151,0,0,2,0.075,0.09124999999999998,0.03513731844550724,1.864505063571181,0.6505392038857144,-3.304130392165034,-54.47631316385035,114.27731705208396,0.075,0.09124999999999998,610,0,2,0,0.0,26.769237957533015,0.6086256000122126,RNG-6ecfa9f95e4b,safe_range,selection,320301,PAL,14,3,1000000.0,,True,bars,,,,,
13.213302933163494,95.21982959973207,True,0.4629861982434128,0,0,2,0.525,0.09124999999999998,0.9467919301601558,3.148751088348939,2.8135930137321683,-3.1158769325760285,-51.33966580106467,124.35518422851737,0.525,0.09124999999999998,610,0,2,72,0.1180327868852459,24.85267922552833,0.5955586326835179,RNG-5e0048849b6a,safe_range,selection,320301,PAL,14,3,1000000.0,,False,bars,,,,,
13.27521378420991,94.96455771039953,True,0.46988707653701384,0,0,2,0.1,0.08249999999999998,0.2775847234422755,2.1025523850176744,2.3714520387990197,-4.8240372674698495,-54.198722172502904,121.6064524437709,0.1,0.08249999999999998,610,0,2,10,0.01639344262295082,24.34207647519051,0.5990494193649206,RNG-871c7b8c76a7,safe_range,selection,320301,PAL,14,3,1000000.0,,True,bars,,,,,
12.388719664485993,98.56999452364869,True,0.38143036386449186,0,0,2,0.075,0.09124999999999998,0.04667203325895059,1.3157640911073556,0.1421137882061273,-1.0500177425882244,-54.584524866488785,133.3641747045759,0.075,0.09124999999999998,610,0,2,0,0.0,29.14327897151503,0.5818046372064405,RNG-b6c5b8bb1a7d,safe_range,selection,320301,PAL,14,3,1000000.0,,True,bars,,,,,
14.844768284228378,97.15331770227041,True,0.424090338770389,0,0,2,0.05,0.08249999999999998,0.4714807073222076,0.6378591913321346,1.1585614588762323,-1.7198033510965225,-63.16985489302986,126.17269055901104,0.05,0.08249999999999998,610,0,2,26,0.04262295081967213,27.597912023149643,0.6757655208280405,OVP56,safe_range,selection,320301,PAL,18,3,1000000.0,,True,bars,,,,,
15.022156115522359,97.24196874596787,True,0.4127979924717691,0,0,2,0.05,0.05,0.21971945599846704,0.7056656190051139,1.2584709385095965,-1.4990022381351955,-63.258224901841245,125.5159038614724,0.05,0.05,610,0,2,4,0.006557377049180328,27.948851532745213,0.6835569356635521,VLP56,safe_range,selection,320301,PAL,18,3,1000000.0,,True,bars,,,,,
15.1968288802243,95.59374409619537,True,1.095357590966123,0,0,2,0.075,0.06624999999999999,0.04124099504293207,1.3954851696527495,2.0281013050855825,-2.822073764595919,-50.97867772006602,108.79590979507688,0.075,0.06624999999999999,610,0,2,0,0.0,24.91753164084833,0.6745824674233849,RANGE32,safe_range,selection,320301,PAL,18,3,1000000.0,,True,bars,,,,,
-6.7029118920358,-82.40997770404947,False,613.8180677540778,610,8,60,2.025,2.025,1000000.0,83.52181127663584,22.790657215928377,-156.18147767863286,-67.79900279313857,78.11548060434751,1000000.0,1000000.0,610,610,2,1474,2.416393442622951,-6.750018730837018,-0.36003994706454107,PLL96-rejected-board,safe_range,selection,320301,PAL,18,3,1000000.0,,False,bars,,,,,
9.08915059851916,97.48491827511356,True,6.274153074027604,576,8,0,2.025,2.025,3.6591042780504437,15.590575865691225,-1.1186114883402902,-1.7739271064971014,-55.27307786821995,118.00921180514442,1.7,1000000.0,610,46,2,31,0.05081967213114754,11.937217944974197,0.3643684894449037,PLL96-IQ-corrected,safe_range,selection,320301,PAL,18,3,1000000.0,,False,bars,,,,,
20.01530546149695,96.28152762406327,True,0.0,0,0,2,0.025,0.025,0.021304775113174766,1.6725956846758407,1.7257544919297538,-1.2262347132949256,-53.44166476548422,117.1155317627848,0.025,0.025,610,0,2,0,0.0,28.554715955496846,0.8862973804898752,floating-PLL-IQ40,safe_range,selection,320301,PAL,18,3,1000000.0,,True,bars,,,,,
4.38765499588297,44.471216892181786,True,88.90401505646173,610,8,0,2.025,2.025,1000000.0,48.968060007554115,27.077539591206232,-25.726616697658706,-1.5628267919394574,85.37953153665521,1000000.0,1000000.0,610,610,2,0,0.0,4.568451932787432,0.5338418784638387,HC50,safe_range,selection,320301,PAL,18,3,1000000.0,,False,bars,,,,,
12.021437549161808,98.01596385008266,True,3.772271016311167,28,0,0,1.9024999999999979,0.075,2.4884188368440183,5.066624110455727,-1.1985940930584393,-3.018051970176002,-59.99695191718774,111.49206654547487,1.575,0.075,610,2,2,367,0.601639344262295,17.58003665939869,0.4744184781526122,PLL96-board-fixed,safe_range,selection,320301,PAL,18,3,1000000.0,,False,bars,,,,,
14.703802285864029,99.15967986010591,True,0.4510664993726474,0,0,2,0.05,0.08249999999999998,0.0346971676455435,1.5544079679089047,-0.1380022351775591,-0.450109789003717,-47.15583767656355,114.43694866813206,0.05,0.08249999999999998,610,0,2,0,0.0,28.85022027786897,0.6703796438753299,RNG-6248f1c15f7a,safe_range,selection,320301,PAL,18,3,1000000.0,,True,bars,,,,,
14.86622874671998,98.32565191312243,True,0.41969887076537016,0,0,2,0.05,0.08249999999999998,0.032768437433043376,1.3057081208994343,0.060620701948858914,-1.7951658386501808,-47.44662477936728,113.35998767343631,0.05,0.08249999999999998,610,0,2,0,0.0,28.513037444736614,0.675780642459972,RNG-298c693dfb64,safe_range,selection,320301,PAL,18,3,1000000.0,,True,bars,,,,,
14.251261969275808,96.63758895650282,True,0.32559598494353825,0,0,2,0.225,0.08249999999999998,0.7348713225155392,2.7361217767625745,2.0866186969939573,-1.2221762356763306,-49.084012278554894,126.98058500717727,0.225,0.08249999999999998,610,0,2,46,0.07540983606557378,27.269084985189217,0.6474048813178671,RNG-72a7c5e1d3fe,safe_range,selection,320301,PAL,18,3,1000000.0,,False,bars,,,,,
15.369556948470535,97.99493942970967,True,0.6524466750313676,0,0,2,0.075,0.075,0.027460851418988047,1.4674301140652763,0.6295849042754996,-1.6077550564601966,-48.85054598050287,113.34778181025797,0.075,0.075,610,0,2,0,0.0,28.532732694685066,0.6865852435116186,RNG-5cc14ad73003,safe_range,selection,320301,PAL,18,3,1000000.0,,True,bars,,,,,
14.386597273658648,96.157354700011,True,0.31430363864491845,0,0,2,0.15,0.08249999999999998,0.5389358442915957,2.3997985982289674,2.3623029932569692,-2.711497012826535,-49.294653598069495,123.87150424588148,0.15,0.08249999999999998,610,0,2,26,0.04262295081967213,26.26896572689043,0.6543566514870719,RNG-aa363f30cabd,safe_range,selection,320301,PAL,18,3,1000000.0,,False,bars,,,,,
14.894531085470408,97.31227359501604,True,0.4466750313676286,0,0,2,0.075,0.09124999999999998,0.030802118300585733,1.6537344032314756,0.3618244155798439,-2.999507358090538,-47.57795561902789,112.34465987813965,0.075,0.09124999999999998,610,0,2,0,0.0,27.47443445305153,0.6742095758859158,RNG-6ecfa9f95e4b,safe_range,selection,320301,PAL,18,3,1000000.0,,True,bars,,,,,
14.35510911613941,95.52104226678385,True,0.3186951066499373,0,0,2,0.225,0.09124999999999998,0.7258975506904267,2.9863691933048297,2.754506190910198,-2.8576657631578835,-48.16549318016328,123.87141548708388,0.225,0.09124999999999998,610,0,2,47,0.07704918032786885,25.403375127493206,0.6534628897458661,RNG-5e0048849b6a,safe_range,selection,320301,PAL,18,3,1000000.0,,False,bars,,,,,
14.44044917560512,95.2677496197953,True,0.31304893350062735,0,0,2,0.075,0.08249999999999998,0.18007853478003588,2.032283805731968,2.3854718892194513,-4.524725941754251,-49.5261823015408,120.0044388045653,0.075,0.08249999999999998,610,0,2,2,0.003278688524590164,24.80704616074613,0.6588107193382607,RNG-871c7b8c76a7,safe_range,selection,320301,PAL,18,3,1000000.0,,True,bars,,,,,
13.871218176129869,98.60924401878331,True,0.17628607277289834,0,0,2,0.05,0.09124999999999998,0.042837378346562684,1.3265353461177585,0.15596204450151818,-0.9338808798680955,-49.748697426124615,129.43930045536172,0.05,0.09124999999999998,610,0,2,0,0.0,29.897773548870386,0.6521896351359514,RNG-b6c5b8bb1a7d,safe_range,selection,320301,PAL,18,3,1000000.0,,True,bars,,,,,
15.518119449175035,97.43331200697246,True,0.33877038895859474,0,0,2,0.05,0.04124999999999999,0.022993227798422822,0.2815076099412086,1.0886529822864939,-1.4404746065324594,-63.106100102667234,124.58482154551027,0.05,0.04124999999999999,610,0,2,0,0.0,27.957082130886302,0.7068303286349754,OVP56,safe_range,selection,320301,PAL,22,3,1000000.0,,True,bars,0.8194950910630361,-60.03653152286506,15.041972095103684,24.6656990871394,12.066093544779214
15.715305198934452,97.42635276810365,True,0.32559598494353825,0,0,2,0.05,0.04124999999999999,0.020670125746125874,0.44233000201469397,1.2348914513833988,-1.3078880800321049,-61.34256264993701,123.92654452528882,0.05,0.04124999999999999,610,0,2,0,0.0,28.25365313150842,0.71506874550116,VLP56,safe_range,selection,320301,PAL,22,3,1000000.0,,True,bars,0.808395449245709,-60.02628686825486,14.761168176320863,24.599428720363765,11.849894788658206
15.72453042716496,95.57264897025344,True,0.9830614805520703,0,0,2,0.05,0.05,0.040184003015636155,1.3668501587092805,1.9584962328891777,-3.0221246016148053,-49.277547516334636,107.88666720245595,0.05,0.05,610,0,2,0,0.0,25.045655670257023,0.7030909150412588,RANGE32,safe_range,selection,320301,PAL,22,3,1000000.0,,True,bars,0.7845623133711732,-61.20750157773752,15.853102983135063,23.626867027541365,11.949849611180133
-6.711376846163002,-82.68953410995188,False,614.6969887076536,610,8,61,2.025,2.025,1000000.0,84.2858795100952,22.639142568682633,-156.19035059314095,-67.665425219685,78.13260720986736,1000000.0,1000000.0,610,610,2,1499,2.457377049180328,-6.758028958514961,-0.36262609487474795,PLL96-rejected-board,safe_range,selection,320301,PAL,22,3,1000000.0,contrast;waveform;detail_floor;sync;h_jitter_us;v_jitter_us;h_width_rmse_us;sync_error_ire;black_error_ire;white_error_ire;contrast;stress_waveform;reference_detail;burst_gain;burst_phase_jitter_deg;burst_amplitude_jitter_pct;burst_rmse_ire;h_missing;v_missing;vertical_trains;sync_error_ire;black_error_ire;white_error_ire,False,bars,0.3276161800390981,65.57161931621542,25.787885688034834,33.96416465513072,28.724617699146123
9.020868427679911,98.25822119401904,True,6.2296110414052706,599,8,0,2.025,2.025,3.679604413026438,14.789356488384836,-1.1102781840716407,-1.6937148645724138,-53.50964140546849,111.45044643773397,1.725,1000000.0,610,160,2,4,0.006557377049180328,11.782448502676628,0.36827595757436127,PLL96-IQ-corrected,safe_range,selection,320301,PAL,22,3,1000000.0,waveform;detail_floor;sync;h_jitter_us;v_jitter_us;h_width_rmse_us;sync_error_ire;stress_waveform;reference_detail;burst_gain;burst_phase_jitter_deg;burst_rmse_ire;h_missing;v_missing;vertical_trains;sync_error_ire,False,bars,0.37523001933109235,-111.72348688008334,26.207108085605945,33.18457250997103,16.86050365423786
20.98276310968382,96.33994426971859,True,0.0,0,0,2,0.025,0.025,0.020066487844818022,1.6417570801397572,1.7096785140105057,-1.160335404482779,-51.026373958491924,113.52989275543567,0.025,0.025,610,0,2,0,0.0,28.769992220162152,0.9115551540246039,floating-PLL-IQ40,safe_range,selection,320301,PAL,22,3,1000000.0,burst_gain,True,bars,0.4887958281197016,13.65122315118183,9.412989310067541,19.111149451571347,6.987428903342949
4.399987827424737,44.467741576549514,True,88.83375156838143,610,8,0,2.025,2.025,1000000.0,48.93221191392849,27.088262671824047,-25.687935663262056,0.2913821566764625,84.55515464435177,1000000.0,1000000.0,610,610,2,0,0.0,4.568781936053273,0.5588770864311685,HC50,safe_range,selection,320301,PAL,22,3,1000000.0,contrast;waveform;detail_floor;sync;h_jitter_us;v_jitter_us;h_width_rmse_us;sync_error_ire;black_error_ire;white_error_ire;contrast;stress_waveform;reference_detail;burst_gain;burst_rmse_ire;h_missing;v_missing;vertical_trains;sync_error_ire;black_error_ire;white_error_ire,False,bars,0.41164164581631363,98.97548855784486,14.13834603757146,22.083530726467984,30.692305167670362
12.024105826009151,97.39965542797292,True,3.7070263488080304,0,0,2,0.275,0.33499999999999974,0.11174381561352223,5.631746459556716,-0.8166346629345358,-2.80445463639269,-59.80971641507325,111.32829396927909,0.275,0.3349999999999998,610,0,2,0,0.0,17.288460214142702,0.4807011455118316,PLL96-board-fixed,safe_range,selection,320301,PAL,22,3,1000000.0,waveform;detail_floor;sync_error_ire;stress_waveform;reference_detail;burst_gain;burst_phase_jitter_deg;burst_rmse_ire,True,bars,0.4261896421376201,-99.72737956685621,26.17142547816613,32.55061315503023,15.475638431383155
15.439357291624384,99.21140340543946,True,0.3826850690087829,0,0,2,0.05,0.05,0.03196117008875963,1.531788320642762,-0.19190242479915334,-0.3932639647287744,-46.42877554057054,113.10445897451064,0.05,0.05,610,0,2,0,0.0,29.093173513977572,0.7048081873579348,RNG-6248f1c15f7a,safe_range,selection,320301,PAL,22,3,1000000.0,,True,bars,0.8038934431429658,-58.78492861000215,17.96373995186275,29.851975508815023,11.974100746511306
15.5981443759097,98.4304352903767,True,0.35382685069008785,0,0,2,0.05,0.05,0.02975308222082788,1.2549646424755796,-0.001832023711859026,-1.7171524059568877,-47.353702136742214,111.54029605615156,0.05,0.05,610,0,2,0,0.0,28.78104281377062,0.7099853331782578,RNG-298c693dfb64,safe_range,selection,320301,PAL,22,3,1000000.0,,True,bars,0.7935001722413848,-58.45683204480224,17.778227573751185,30.140695223600755,11.820393571783983
14.860264196070736,96.67768799322172,True,0.2584692597239649,0,0,2,0.175,0.05,0.3538893964475805,2.6705677685042764,2.100357755441223,-1.1841215373001326,-48.48639918078974,124.87614140622674,0.175,0.05,610,0,2,11,0.018032786885245903,27.463777592613848,0.6770808656954207,RNG-72a7c5e1d3fe,safe_range,selection,320301,PAL,22,3,1000000.0,h_width_rmse_us,True,bars,0.7819833439295302,-61.23002313000392,17.943735230473457,27.419918496875656,12.243154837491451
15.97579997917238,98.18390751025235,True,0.5464240903387704,0,0,2,0.075,0.05,0.02576692504412407,1.5944877430095876,0.45064304485867995,-1.4249950116949481,-46.53076408843114,113.05298160166501,0.075,0.05,610,0,2,0,0.0,28.79578621030925,0.7163119243051801,RNG-5cc14ad73003,safe_range,selection,320301,PAL,22,3,1000000.0,,True,bars,0.7488931689937255,-62.22156329604996,15.630121393531137,25.275473554204286,11.8486126722966
14.997473167154807,96.23479094927136,True,0.24968632371392724,0,0,2,0.1,0.05,0.2512876674317279,2.374975440548616,2.3565440906171293,-2.643972517327772,-48.43982334811773,121.69382100493709,0.1,0.05,610,0,2,2,0.003278688524590164,26.483774618254255,0.6844395233397897,RNG-aa363f30cabd,safe_range,selection,320301,PAL,22,3,1000000.0,h_width_rmse_us,True,bars,0.7772886054853121,-61.19831385854427,18.051540328393774,27.21757998544899,12.23466449947168
15.594571608259852,97.48971881385822,True,0.3864491844416562,0,0,2,0.05,0.05,0.028414381027577002,1.5561660393394214,0.26058550445566747,-2.8804059918813754,-46.427646850354606,111.31809585394501,0.05,0.05,610,0,2,0,0.0,27.79193511683673,0.707615814197908,RNG-6ecfa9f95e4b,safe_range,selection,320301,PAL,22,3,1000000.0,,True,bars,0.7653807739656145,-59.593150512255804,17.63585898853944,29.51900108313166,11.817685576206028
14.950313374092229,95.64353554933753,True,0.25031367628607276,0,0,2,0.16374999999999884,0.06624999999999999,0.35523889445153317,2.9206066633092775,2.7218098613495534,-2.7590753683822906,-48.22694454270706,121.66537619846142,0.16374999999999887,0.06624999999999999,610,0,2,11,0.018032786885245903,25.662160155019617,0.6831288600422608,RNG-5e0048849b6a,safe_range,selection,320301,PAL,22,3,1000000.0,h_width_rmse_us,True,bars,0.7516424757089291,-61.22150467755396,18.13510828495851,27.725273038882374,12.184647993281962
15.040336773072877,95.38430949608663,True,0.24654956085319948,0,0,2,0.075,0.05,0.04179624659593486,2.0340028467450377,2.3887605145343414,-4.407802301338031,-49.125724217351525,118.34341737067783,0.075,0.05,610,0,2,0,0.0,24.991409032418296,0.6892040205199813,RNG-871c7b8c76a7,safe_range,selection,320301,PAL,22,3,1000000.0,,True,bars,0.7668385859882745,-61.12064089704123,17.682999601686785,28.302971259197793,12.244895247406543
14.68958057365128,98.60093640960274,True,0.12547051442910914,0,0,2,0.05,0.05,0.04100429805540382,1.3355189633227353,0.1947706129899534,-0.8691417384182136,-48.226069224030034,127.48819378587052,0.05,0.05,610,0,2,0,0.0,30.238394809168398,0.6891733913106092,RNG-b6c5b8bb1a7d,safe_range,selection,320301,PAL,22,3,1000000.0,stress_waveform,True,bars,0.9231319249885009,-52.88208834844162,20.150149775170433,30.639952460240064,12.033757959142713
15.95937780721917,97.52369850729296,True,0.3099121706398996,0,0,2,0.05,0.025,0.02147243753677006,0.1323833202591013,1.0885186961602915,-1.3480529614975987,-56.57253288652981,124.61176387790942,0.05,0.025,610,0,2,0,0.0,28.107735607635117,0.7267947136792724,OVP56,safe_range,selection,320301,PAL,30,3,1000000.0,,True,bars,0.8040641207393755,-59.8376761542687,15.368978795881706,25.602417343737084,11.869065803434193
16.173816651306854,97.49766591822525,True,0.30928481806775404,0,0,2,0.05,0.04124999999999999,0.017619614628933605,0.2939882025064957,1.2472144397670875,-1.2503841042057466,-56.3439070569307,123.95392988507024,0.05,0.04124999999999999,610,0,2,0,0.0,28.39261201430821,0.7356212744371468,VLP56,safe_range,selection,320301,PAL,30,3,1000000.0,,True,bars,0.7986612925514679,-59.86670534816222,14.75472635228273,23.318419128388243,11.640401959876279
16.07104450673788,95.63493322093076,True,0.9184441656210791,0,0,2,0.05,0.05,0.040387467622810994,1.2627357824468275,1.8807578466941404,-3.1076512373695704,-45.580228796027775,103.3252058475716,0.05,0.05,610,0,2,0,0.0,25.181088561181504,0.7213780805171234,RANGE32,safe_range,selection,320301,PAL,30,3,1000000.0,,True,bars,0.7788192249829908,-60.864501128114156,14.899421073065069,24.320245065348992,11.767730606588298
-6.719484243945642,-82.95761363386052,False,615.1894604767879,610,8,61,2.025,2.025,1000000.0,85.02127797023175,22.564962678191517,-156.22616329829833,-67.70448657936112,66.89439414337642,1000000.0,1000000.0,610,610,2,1495,2.4508196721311477,-6.7658743153680065,-0.36229867038885527,PLL96-rejected-board,safe_range,selection,320301,PAL,30,3,1000000.0,contrast;waveform;detail_floor;sync;h_jitter_us;v_jitter_us;h_width_rmse_us;sync_error_ire;black_error_ire;white_error_ire;contrast;stress_waveform;reference_detail;burst_gain;burst_phase_jitter_deg;burst_rmse_ire;h_missing;v_missing;vertical_trains;sync_error_ire;black_error_ire;white_error_ire,False,bars,0.3249241177062196,65.96897366309311,23.37362041068751,31.552247001875518,28.691735545879677
8.979763071723234,98.92697145866809,True,6.29422835633626,610,8,0,2.025,2.025,1000000.0,13.893260832582733,-1.1537934624207722,-1.662843009783397,-41.766731341395186,107.02719353517574,1000000.0,1000000.0,610,610,2,0,0.0,11.705184983638475,0.3695952555045605,PLL96-IQ-corrected,safe_range,selection,320301,PAL,30,3,1000000.0,waveform;detail_floor;sync;h_jitter_us;v_jitter_us;h_width_rmse_us;sync_error_ire;stress_waveform;reference_detail;burst_gain;burst_phase_jitter_deg;burst_rmse_ire;h_missing;v_missing;vertical_trains;sync_error_ire,False,bars,0.3743118086815336,-111.60274255038479,23.208942834611378,29.443323956441457,16.894652670763808
21.651778304175252,96.3694475494256,True,0.0,0,0,2,0.025,0.025,0.0193119346434305,1.6375641588230347,1.7070007438181027,-1.1152302154104399,-45.15432563930375,111.88821414722358,0.025,0.025,610,0,2,0,0.0,28.89975930757636,0.9270422897694445,floating-PLL-IQ40,safe_range,selection,320301,PAL,30,3,1000000.0,burst_gain,True,bars,0.4825766902714889,13.17370493415247,7.429457193398568,15.82719516628502,6.882953161888667
4.407602649415567,44.4731554917437,True,88.77352572145546,610,8,0,2.025,2.025,1000000.0,48.91572549540323,27.09160962983278,-25.643586421067607,1.6922863825702166,84.38811670203717,1000000.0,1000000.0,610,610,2,0,0.0,4.569792967131412,0.5745055156731433,HC50,safe_range,selection,320301,PAL,30,3,1000000.0,contrast;waveform;detail_floor;sync;h_jitter_us;v_jitter_us;h_width_rmse_us;sync_error_ire;black_error_ire;white_error_ire;contrast;stress_waveform;reference_detail;burst_gain;burst_rmse_ire;h_missing;v_missing;vertical_trains;sync_error_ire;black_error_ire;white_error_ire,False,bars,0.40483334012809474,99.19329314874588,14.086971222702806,23.86647137891613,30.69237575267303
11.955782306773306,96.93868389554554,True,3.6122961104140527,0,0,2,0.25,0.33499999999999974,0.09747319934301908,5.767713055085369,-0.6551892529130605,-2.74542259606479,-57.55179549368957,111.35250324507462,0.25,0.3349999999999998,610,0,2,0,0.0,16.86339884298334,0.48579179117129884,PLL96-board-fixed,safe_range,selection,320301,PAL,30,3,1000000.0,waveform;detail_floor;sync_error_ire;stress_waveform;reference_detail;burst_gain;burst_phase_jitter_deg;burst_rmse_ire,True,bars,0.4288721080273202,-100.20269870878498,23.593439845740825,30.82777198628457,15.447267111540539
15.945016717162552,99.22099855317218,True,0.349435382685069,0,0,2,0.05,0.05,0.031362502409359,1.5186511992178278,-0.2137199801233489,-0.4104961611919842,-43.86197506496708,111.35968778051668,0.05,0.05,610,0,2,0,0.0,29.26005508305957,0.7279506943492288,RNG-6248f1c15f7a,safe_range,selection,320301,PAL,30,3,1000000.0,,True,bars,0.7970592293511534,-58.39923702647223,16.73235351467019,28.43330816470886,11.695267553482093
16.102789418422304,98.47074295509611,True,0.3180677540777917,0,0,2,0.05,0.05,0.028069731670708465,1.2300227944327817,-0.024271298147705265,-1.7362509250571563,-45.18367748632282,109.59783778192656,0.05,0.05,610,0,2,0,0.0,28.915623561283983,0.7331584076879353,RNG-298c693dfb64,safe_range,selection,320301,PAL,30,3,1000000.0,,True,bars,0.7849145833431339,-58.17712367684797,15.74565892893371,28.421776334461736,11.560199260029512
15.305599951434166,96.71519560824942,True,0.23902132998745296,0,0,2,0.175,0.13124999999999992,0.05569052366632503,2.6381166523529958,2.097440546005167,-1.1596675898684328,-47.8630236290458,122.3445253899985,0.175,0.13124999999999992,610,0,2,0,0.0,27.609070817024808,0.6987775865835038,RNG-72a7c5e1d3fe,safe_range,selection,320301,PAL,30,3,1000000.0,,True,bars,0.7780330892758176,-60.951265047877044,16.740831754193927,28.273740408563913,12.053350382415102
16.34298833743226,98.3137112266514,True,0.5301129234629862,0,0,2,0.075,0.05,0.02399624287531587,1.623879483874334,0.33958923591517937,-1.3577286504205939,-44.74173958818425,110.84578463101238,0.075,0.05,610,0,2,0,0.0,28.900014963052648,0.734047771040093,RNG-5cc14ad73003,safe_range,selection,320301,PAL,30,3,1000000.0,,True,bars,0.7366162086303503,-61.18426866047909,15.313685647370834,27.52999534025728,11.580937074228288
15.437235400350698,96.28961059997087,True,0.23651191969887075,0,0,2,0.1,0.05,0.047065528090378735,2.3742331747290715,2.3464587225319944,-2.613621172454282,-47.8904107274272,119.50425777436308,0.1,0.05,610,0,2,0,0.0,26.613077113470087,0.7061540932804364,RNG-aa363f30cabd,safe_range,selection,320301,PAL,30,3,1000000.0,,True,bars,0.7739393752225323,-60.910509965145046,16.376048423904187,27.610929377747933,12.032024291680859
16.071066655366256,97.56886798022491,True,0.3588456712672522,0,0,2,0.05,0.05,0.026723385718547998,1.4901777503631155,0.22884023483348306,-2.8561517704681885,-45.31230377549983,109.597238861557,0.05,0.05,610,0,2,0,0.0,27.941251096502402,0.7300908155995796,RNG-6ecfa9f95e4b,safe_range,selection,320301,PAL,30,3,1000000.0,,True,bars,0.759848083097195,-59.22655442940377,16.069608259733382,28.18113474807477,11.558327780812881
15.37518175937204,95.72607409335056,True,0.23462986198243413,0,0,2,0.175,0.05,0.05542311170870334,2.891945590092472,2.703885261381965,-2.703948526071623,-46.84058268837184,119.47686066528988,0.175,0.05,610,0,2,0,0.0,25.817104851073644,0.7044423894789875,RNG-5e0048849b6a,safe_range,selection,320301,PAL,30,3,1000000.0,,True,bars,0.7446938752313157,-60.94578921433364,16.765324146716992,27.921893591661462,11.989403966184735
15.462874481137918,95.45787112865182,True,0.24090338770388958,0,0,2,0.075,0.05,0.043123440812868626,2.0470303790767326,2.391824148888894,-4.351662752832658,-48.576729447405555,116.3719415796846,0.075,0.05,610,0,2,0,0.0,25.083108594359803,0.7107507348199545,RNG-871c7b8c76a7,safe_range,selection,320301,PAL,30,3,1000000.0,,True,bars,0.7635119623126367,-60.84452756405591,16.75619239980501,28.327951633004897,12.035896004743151
15.261352247059246,98.60891208224892,True,0.08720200752823087,0,0,2,0.05,0.05,0.03841106397986879,1.3245396296253347,0.26824348883668436,-0.7582996202723887,-46.614193091320104,125.29130203657454,0.05,0.05,610,0,2,0,0.0,30.479275447459017,0.7141441236807738,RNG-b6c5b8bb1a7d,safe_range,selection,320301,PAL,30,3,1000000.0,,True,bars,0.9273492263162516,-51.648019164664035,17.35170406178156,29.979933081247022,11.640465071854468
5.102620415323086,80.48261004578883,True,65.23751606872446,493,11,0,2.025,2.025,3.599766285148566,17.00685724825907,5.1493788691570375,-14.016443365913348,-84.44480138127831,147.27194878180683,1.9100000000000001,0.825,506,132,2,5,0.009881422924901186,12.340014551508368,0.26147078544840857,OVP56,safe_range,selection,320301,NTSC,4,3,1000000.0,,False,bars,,,,,
4.831702171524225,84.6790951902051,True,62.18935053753082,477,10,0,2.025,2.025,3.5615644567114524,11.139128938616011,2.976548281336867,-13.184343574977909,-87.67580790366715,149.30347497121596,1.925,1.82375,506,83,2,23,0.045454545454545456,13.310433022176468,0.2580603694267529,VLP56,safe_range,selection,320301,NTSC,4,3,1000000.0,,False,bars,,,,,
5.888225767140729,88.39403582486871,True,39.27316681067054,61,1,0,2.025,1.9975,2.7891785267229823,9.162054383762761,1.7778375000045463,-12.051922138128026,-68.816492201926,131.24904427352493,1.75,1.8625,506,3,2,375,0.741106719367589,13.851875946386318,0.25697852677447086,RANGE32,safe_range,selection,320301,NTSC,4,3,1000000.0,,False,bars,,,,,
-6.700268750967054,-83.67195482132584,False,615.9236167349557,506,12,35,2.025,2.025,1000000.0,88.34776151782982,21.00625815059382,-156.25522190364129,-74.27583519949233,134.57302155411247,1000000.0,1000000.0,506,506,2,1660,3.280632411067194,-6.717877947430982,-0.23019892389082766,PLL96-rejected-board,safe_range,selection,320301,NTSC,4,3,1000000.0,,False,bars,,,,,
7.930976668001754,92.45967794729663,True,18.325119593457508,369,8,0,2.025,2.025,3.4089854164168942,11.016871571607853,0.31597866596032,-4.119356126399945,-74.26974460724023,136.05558574791178,1.825,1.1237499999999998,506,17,2,157,0.3102766798418972,13.186954152537675,0.22869344096633493,PLL96-IQ-corrected,safe_range,selection,320301,NTSC,4,3,1000000.0,,False,bars,,,,,
10.164237892890696,95.6429483182121,True,2.4897115005403907,121,2,0,2.025,2.025,3.120815380051123,2.6673957422113967,1.3057365144969357,-2.790630690956434,-75.18049615329416,133.47565048053684,1.8,1.7674999999999996,506,4,2,378,0.7470355731225297,23.00363854672133,0.4722145674764734,floating-PLL-IQ40,safe_range,selection,320301,NTSC,4,3,1000000.0,,False,bars,,,,,
3.24369917865308,42.53743403313972,True,127.38095596492127,506,12,0,2.025,2.025,1000000.0,49.375086329347404,26.97964536678674,-29.14678665909332,-72.97911931404911,126.01257599747244,1000000.0,1000000.0,506,506,2,0,0.0,4.225093433066202,0.1861328623731298,HC50,safe_range,selection,320301,NTSC,4,3,1000000.0,,False,bars,,,,,
5.828699087641194,90.68155255667358,True,41.53708827186325,57,0,0,2.025,1.9449999999999998,2.8238943280417823,3.181805807246674,-1.7575353868737795,-14.61471688952718,-81.54889815824075,125.06766071020438,1.7799999999999983,1.9449999999999998,506,2,2,422,0.83399209486166,11.000318605777167,0.2085386216550711,PLL96-board-fixed,safe_range,selection,320301,NTSC,4,3,1000000.0,,False,bars,,,,,
5.6136700368130175,93.60651978556797,True,43.52554588505179,25,2,0,1.9875,2.025,2.4285956689158703,6.614825685814638,0.7015476993743217,-6.359288210181395,-66.15307373235422,128.22926461504454,1.475,1.4212499999999992,506,2,2,345,0.6818181818181818,15.031119606955748,0.27855336917709883,RNG-6248f1c15f7a,safe_range,selection,320301,NTSC,4,3,1000000.0,,False,bars,,,,,
5.776821701613982,92.09948533308346,True,41.77115727932034,28,2,0,2.025,2.025,2.5111399293487957,6.561393217166154,0.8700956674526485,-8.56271200763217,-67.31746065239787,126.79368613847528,1.5,1.4212499999999992,506,2,2,360,0.7114624505928854,14.93872321960117,0.28007964982498396,RNG-298c693dfb64,safe_range,selection,320301,NTSC,4,3,1000000.0,,False,bars,,,,,
5.654144755146549,92.52812068698864,True,42.41014309067427,45,2,0,2.025,2.025,2.708939917610471,8.195470246968675,1.8471777917399443,-5.3472957694536625,-66.39237019552344,136.7043301613411,1.6,1.628749999999999,506,2,2,401,0.7924901185770751,15.32568925071972,0.2819344139762392,RNG-72a7c5e1d3fe,safe_range,selection,320301,NTSC,4,3,1000000.0,,False,bars,,,,,
5.856396124162462,91.55799714367969,True,39.85194194486508,41,1,0,2.025,1.9975,2.5595433375456245,7.624393128372196,0.8951893752827377,-8.408482745559242,-71.17456194779754,132.41669982077656,1.7449999999999988,1.85,506,2,2,378,0.7470355731225297,14.934327020314583,0.2683136140875507,RNG-5cc14ad73003,safe_range,selection,320301,NTSC,4,3,1000000.0,,False,bars,,,,,
5.832235907692608,90.85902939740167,True,40.895091926651354,38,2,0,2.025,2.025,2.6836632819918207,7.4916707165335295,2.058498871229072,-8.345877285007244,-65.18768975657494,132.60843019556927,1.625,1.628749999999999,506,2,2,395,0.7806324110671937,15.19992556029538,0.28284183550592895,RNG-aa363f30cabd,safe_range,selection,320301,NTSC,4,3,1000000.0,,False,bars,,,,,
5.923752319459194,90.47942428420184,True,39.20166663154377,29,2,0,2.025,2.025,2.543540138479969,7.616015608272269,1.604782668582097,-9.788629295522774,-65.66779360215062,123.90275729048442,1.5099999999999993,1.4212499999999992,506,2,2,361,0.7134387351778656,14.749630188171723,0.2807488226498074,RNG-6ecfa9f95e4b,safe_range,selection,320301,NTSC,4,3,1000000.0,,False,bars,,,,,
5.895945909180788,89.76828681453091,True,39.72324162243691,48,2,0,2.025,2.025,2.7078652321931616,8.777743977719386,2.654440133606851,-8.657886028232634,-65.85106579593146,132.20712621887208,1.625,1.628749999999999,506,3,2,402,0.7944664031620553,15.003735019457409,0.28300526245201524,RNG-5e0048849b6a,safe_range,selection,320301,NTSC,4,3,1000000.0,,False,bars,,,,,
5.910591785126477,88.88095645100567,True,40.87401818964557,33,2,0,2.025,2.025,2.6434417131665855,7.022926207465608,1.9647383715985876,-11.638760995861983,-64.99816540770526,129.09046711234237,1.6099999999999994,1.558749999999999,506,3,2,389,0.7687747035573123,14.68547038810196,0.28147779693007957,RNG-871c7b8c76a7,safe_range,selection,320301,NTSC,4,3,1000000.0,,False,bars,,,,,
4.835695981078209,94.39610195080968,True,63.54785394093934,45,2,0,2.025,2.025,2.6978555595862534,6.946693498675992,0.8752329815533907,-3.6106057419632345,-76.61486969215744,151.66884516541586,1.575,1.8487499999999997,506,2,2,391,0.7727272727272727,15.726428536893618,0.2722557195106194,RNG-b6c5b8bb1a7d,safe_range,selection,320301,NTSC,4,3,1000000.0,,False,bars,,,,,
7.480022875179376,87.65526741992022,True,22.4480457119461,450,9,0,2.025,2.025,3.4976299373392017,10.9918238281036,2.8218428506231383,-9.415545200785163,-81.41035613202469,139.1179917106018,1.90625,1.39,506,59,2,43,0.08498023715415019,16.425253609564127,0.35178286093021943,OVP56,safe_range,selection,320301,NTSC,6,3,1000000.0,,False,bars,,,,,
7.482735423410775,91.03232359171334,True,20.243582294448274,389,8,0,2.025,2.025,3.4151966819011137,6.894438194536449,1.5394690967631857,-7.918437673130614,-83.21015266339137,142.15020927573164,1.9049999999999998,1.65875,506,23,2,118,0.233201581027668,18.248930111992866,0.3547831499924068,VLP56,safe_range,selection,320301,NTSC,6,3,1000000.0,,False,bars,,,,,
8.602287785958593,93.6421813417811,True,12.805305764871283,3,0,0,1.1,1.3312499999999996,2.0149768509195214,3.601867417744703,1.7613734205896237,-5.600475816204229,-66.44660832458638,126.9629480983056,1.1,1.3312499999999996,506,2,2,264,0.5217391304347826,19.160668669225036,0.3560818593006991,RANGE32,safe_range,selection,320301,NTSC,6,3,1000000.0,,False,bars,,,,,
-6.6664271576185925,-83.59824066220465,False,611.5628584416875,506,12,44,2.025,2.025,1000000.0,86.6099869569908,21.958850193358096,-157.022656527844,-72.73106357358051,129.2804472337736,1000000.0,1000000.0,506,506,2,1383,2.733201581027668,-6.704131094034841,-0.28680456157869966,PLL96-rejected-board,safe_range,selection,320301,NTSC,6,3,1000000.0,,False,bars,,,,,
9.132846362091968,93.55402239747829,True,8.335415619251762,391,10,0,2.025,2.025,3.491937141473197,12.440151666731623,-0.630146426748265,-3.1546166567664837,-72.24503699553044,132.08171885631202,1.825,0.6174999999999999,506,17,2,110,0.21739130434782608,14.311325159665857,0.28710291113961756,PLL96-IQ-corrected,safe_range,selection,320301,NTSC,6,3,1000000.0,,False,bars,,,,,
12.070578423625912,95.79775941281146,True,0.2995481188679188,21,0,0,1.875,1.2249999999999996,2.701653989383266,2.336096600520574,1.39660166989634,-2.2001924743395875,-70.79789928552496,130.34733811716518,1.475,1.2249999999999996,506,1,2,411,0.8122529644268774,25.521605022892185,0.568649670682763,floating-PLL-IQ40,safe_range,selection,320301,NTSC,6,3,1000000.0,,False,bars,,,,,
3.90950576031038,44.27010396682368,True,104.80496256401148,506,12,0,2.025,2.025,1000000.0,49.01629996288269,26.959359563221735,-26.58568577346675,-61.153823139190116,120.18534328104083,1000000.0,1000000.0,506,506,2,0,0.0,4.479070158391506,0.275099428428216,HC50,safe_range,selection,320301,NTSC,6,3,1000000.0,,False,bars,,,,,
8.679952356081301,95.42570635071894,True,13.567723464401942,7,0,0,1.525,1.315,2.264352188080142,0.7228394111968621,-2.397936344713617,-10.14686106002353,-80.65411650187895,124.71294679234695,1.35,1.315,506,1,2,324,0.6403162055335968,14.76853927260654,0.30448829893623597,PLL96-board-fixed,safe_range,selection,320301,NTSC,6,3,1000000.0,,False,bars,,,,,
8.176647675254138,97.46021292042616,True,14.574747039892586,0,0,2,0.89375,0.9974999999999999,1.6013415355378549,2.430019056398896,0.3912583501088841,-2.396155650900483,-64.07929697402368,125.30409189016304,0.89375,0.9974999999999999,506,0,2,160,0.31620553359683795,21.058098038499683,0.37415833722593206,RNG-6248f1c15f7a,safe_range,selection,320301,NTSC,6,3,1000000.0,,False,bars,,,,,
8.319842525596759,96.1370211699146,True,13.795771404143098,0,0,2,0.9187500000000001,1.0474999999999999,1.747568186142501,2.3969706669177917,0.6064135777489945,-4.298490134562715,-62.918313292100784,123.99413027000942,0.91875,1.0474999999999999,506,0,2,178,0.35177865612648224,20.801654920555986,0.37627935413920977,RNG-298c693dfb64,safe_range,selection,320301,NTSC,6,3,1000000.0,,False,bars,,,,,
8.145668260890254,95.80111262500559,True,13.601591970304094,4,0,1,1.175,1.22,2.062936540787123,3.9648361106101886,1.7614173449135027,-2.239593279767543,-63.23900108147833,133.94541610719313,1.1487499999999997,1.22,506,1,2,267,0.5276679841897233,21.16932809218885,0.3741470337052476,RNG-72a7c5e1d3fe,safe_range,selection,320301,NTSC,6,3,1000000.0,,False,bars,,,,,
8.5699825859673,95.92962461279595,True,12.22728326414123,0,0,2,1.0187499999999998,1.3087499999999996,1.715088311143121,2.3740479175576406,0.7423553580244,-4.327288197236787,-66.15455295820065,131.9546185560461,1.01875,1.3087499999999994,506,0,2,181,0.3577075098814229,20.9956192696082,0.3690731064306451,RNG-5cc14ad73003,safe_range,selection,320301,NTSC,6,3,1000000.0,,False,bars,,,,,
8.27806450024713,94.52185756486928,True,13.00400099949724,4,0,1,1.175,1.20875,1.9797207059848567,3.494024393764552,2.043330311130961,-4.620809709447621,-64.17175392013466,129.98217892510831,1.1487499999999997,1.2087499999999998,506,1,2,253,0.5,20.721752721571324,0.37536485256078056,RNG-aa363f30cabd,safe_range,selection,320301,NTSC,6,3,1000000.0,,False,bars,,,,,
8.46362172237612,94.59501042656859,True,12.598331562135913,1,0,1,0.95,1.0474999999999999,1.7561271802655203,3.260750928809441,1.3036664511900575,-5.617710107712158,-61.77112992206209,120.39540976444614,0.9449999999999988,1.0474999999999999,506,1,2,184,0.36363636363636365,20.312119583157205,0.37693629613560886,RNG-6ecfa9f95e4b,safe_range,selection,320301,NTSC,6,3,1000000.0,,False,bars,,,,,
8.330544837758987,93.47274900973747,True,12.58403152631056,5,0,1,1.19375,1.22,2.0502148030201504,4.544252198937595,2.6169137105196674,-5.043444384638269,-62.374655578684525,128.368687747588,1.15,1.22,506,1,2,266,0.525691699604743,20.216596890537414,0.3752175473918868,RNG-5e0048849b6a,safe_range,selection,320301,NTSC,6,3,1000000.0,,False,bars,,,,,
8.330948403992132,92.88424179619011,True,13.049911640831269,3,0,1,1.025,0.9837499999999999,1.9236168897079744,3.2321810290512376,1.9997108043721858,-7.355525950461054,-64.69090896816,126.97552591410236,1.0,0.9837499999999999,506,1,2,229,0.4525691699604743,19.67406162693151,0.37425002289860676,RNG-871c7b8c76a7,safe_range,selection,320301,NTSC,6,3,1000000.0,,False,bars,,,,,
7.11839614989292,97.59682399436254,True,25.213221060490657,0,0,2,1.0187499999999998,1.05,1.9506738472891936,2.3444289608857676,0.12174682966185113,-2.000778297229109,-73.63747131070765,144.9329489746163,1.01875,1.05,506,0,2,230,0.45454545454545453,21.590625916894727,0.3568583583538555,RNG-b6c5b8bb1a7d,safe_range,selection,320301,NTSC,6,3,1000000.0,,False,bars,,,,,
9.52016002948901,91.38774280892541,True,5.5762613384231425,307,4,0,2.025,2.025,3.3531799764960235,7.451331353903285,1.976315964953373,-6.761423493402207,-73.97355481002012,133.4237902006571,1.9,1.8787499999999997,506,11,2,172,0.33992094861660077,19.84021818859731,0.4390455593935444,OVP56,safe_range,selection,320301,NTSC,8,3,1000000.0,,False,bars,,,,,
9.646528010968433,93.80459155291422,True,4.65880114520708,190,4,0,2.025,2.025,3.233528121715358,4.71292459261297,1.236808144953562,-5.348159680396288,-75.07569355456904,141.6270021150703,1.85,1.4549999999999996,506,9,2,307,0.6067193675889329,22.170352012596602,0.44633603434563135,VLP56,safe_range,selection,320301,NTSC,8,3,1000000.0,,False,bars,,,,,
10.718687992998747,94.98152984902895,True,3.7646725893902766,0,0,2,0.40625,0.6087499999999999,1.0179375655470126,2.0306373307241525,2.1067882327410747,-3.307968972319952,-62.34661251724423,120.77269562253905,0.40625,0.6087499999999999,506,0,2,62,0.1225296442687747,22.84022454451403,0.448643660496195,RANGE32,safe_range,selection,320301,NTSC,8,3,1000000.0,,False,bars,,,,,
-6.6168660219146,-82.88104203729822,False,609.6331062387294,506,12,47,2.025,2.025,1000000.0,85.29721488167769,22.687739163629065,-156.57308864125855,-71.31570411335736,126.43154175920857,1000000.0,1000000.0,506,506,2,1238,2.4466403162055337,-6.661540036102424,-0.31488234936777576,PLL96-rejected-board,safe_range,selection,320301,NTSC,8,3,1000000.0,,False,bars,,,,,
9.414763956721849,93.92182809745884,True,6.339431671418293,435,9,0,2.025,2.025,3.5572679024185776,14.119643780121166,-0.911204991819935,-2.8110685731789706,-68.85711866475567,126.52319012735019,1.7375,1.4674999999999998,506,24,2,79,0.15612648221343872,13.890992561088796,0.3137172620618498,PLL96-IQ-corrected,safe_range,selection,320301,NTSC,8,3,1000000.0,,False,bars,,,,,
13.858822862182114,95.55938080701061,True,0.019568470076798718,1,0,1,0.86875,0.9199999999999999,1.9168081451586474,2.4292784920902575,1.7223565958228995,-1.9718767987017116,-64.92329634407349,128.07808992493506,0.8449999999999989,0.9199999999999999,506,1,2,261,0.5158102766798419,26.252920159358748,0.6553178492681146,floating-PLL-IQ40,safe_range,selection,320301,NTSC,8,3,1000000.0,,False,bars,,,,,
4.129663143147364,44.41630203405038,True,97.0633747482441,506,12,0,2.025,2.025,1000000.0,49.18713606413902,27.070647039115414,-25.996703142897744,-52.0391094803363,105.07405753501833,1000000.0,1000000.0,506,506,2,0,0.0,4.498970316424124,0.3540136620726485,HC50,safe_range,selection,320301,NTSC,8,3,1000000.0,,False,bars,,,,,
10.4296170178464,97.39889626134358,True,5.695930059277412,7,0,2,1.1625,1.4925,2.1878653430956483,0.6119066847255061,-2.4316266395901853,-7.623673517879038,-80.03987707992077,117.47486985123878,1.075,1.4925,506,1,2,305,0.6027667984189723,17.007597157647602,0.37564162394555345,PLL96-board-fixed,safe_range,selection,320301,NTSC,8,3,1000000.0,,False,bars,,,,,
10.058201861874723,98.0554934382053,True,4.090562879515424,0,0,2,0.25,0.6224999999999999,0.8719186285781835,1.842582391860095,0.4501004578933951,-1.5444260149899578,-63.35157832314175,125.08403013705187,0.25,0.6224999999999999,506,0,2,42,0.08300395256916997,25.77494623419854,0.45582043640358283,RNG-6248f1c15f7a,safe_range,selection,320301,NTSC,8,3,1000000.0,,False,bars,,,,,
10.190900282699577,96.87818236471291,True,3.838430668910518,0,0,2,0.34375,0.6224999999999999,1.0263385408310735,1.7396615200593408,0.6992888923147219,-3.2313958760413786,-62.69475656795783,122.96458807415546,0.34375,0.6224999999999999,506,0,2,57,0.11264822134387352,25.065417085059284,0.45847623428730405,RNG-298c693dfb64,safe_range,selection,320301,NTSC,8,3,1000000.0,,False,bars,,,,,
9.971411905161231,96.09267476101249,True,3.4982403429600173,1,1,2,0.825,1.268749999999999,1.6078908914512458,3.322089723484901,2.0071168664810717,-1.767311902178969,-62.12269411721842,131.68028315183835,0.8199999999999988,0.625,506,1,2,154,0.30434782608695654,24.898549271677226,0.45254822963122937,RNG-72a7c5e1d3fe,safe_range,selection,320301,NTSC,8,3,1000000.0,,False,bars,,,,,
10.608115891126788,96.72559164597467,True,3.182134287873269,0,0,2,0.25,0.7737499999999998,0.9840702560156483,1.5061397220713113,0.9422335018346146,-3.294395461146775,-63.61385286398198,130.11704179958463,0.25,0.7737499999999998,506,0,2,54,0.1067193675889328,25.07432686881929,0.459071694676636,RNG-5cc14ad73003,safe_range,selection,320301,NTSC,8,3,1000000.0,,False,bars,,,,,
10.081877122861467,95.1193271157665,True,3.3334136142362127,1,1,2,0.775,1.268749999999999,1.4584178664797434,2.8951762723319865,2.322947921526742,-3.7407153454994617,-62.52585572501267,128.16608578579462,0.7699999999999989,0.625,506,1,2,129,0.2549407114624506,23.910816364625155,0.4545596956907533,RNG-aa363f30cabd,safe_range,selection,320301,NTSC,8,3,1000000.0,,False,bars,,,,,
10.319363082104342,95.48385086247927,True,3.485445574063649,0,0,2,0.35,0.6224999999999999,1.0577728485877702,2.4167294784467073,1.3338964296817446,-4.511869898470121,-62.63295818393206,120.50316259784488,0.35,0.6224999999999999,506,0,2,59,0.116600790513834,23.977808505115966,0.4592490101878503,RNG-6ecfa9f95e4b,safe_range,selection,320301,NTSC,8,3,1000000.0,,False,bars,,,,,
10.113811782557573,94.16075379495894,True,3.237829164245696,1,1,2,0.8,1.268749999999999,1.584013185638689,3.765193329636621,2.8766314298987115,-4.1489250200431025,-59.903350516987686,126.60674369335938,0.8,0.625,506,1,2,149,0.29446640316205536,22.97189116110126,0.45427485329728934,RNG-5e0048849b6a,safe_range,selection,320301,NTSC,8,3,1000000.0,,False,bars,,,,,
10.123577873946715,93.76322561471973,True,3.346961016597073,1,0,2,0.74375,1.0099999999999993,1.3108345161433885,2.6201156256757487,2.3096550572297407,-6.090904230153605,-61.84093227032074,124.0691282853942,0.7199999999999989,1.0099999999999993,506,1,2,106,0.20948616600790515,22.392741692999177,0.45426812722039733,RNG-871c7b8c76a7,safe_range,selection,320301,NTSC,8,3,1000000.0,,False,bars,,,,,
8.91538802699791,98.06077371166263,True,7.912435612207112,0,0,2,0.4,0.8074999999999998,1.1159224237066057,1.4857889111099287,0.20201843580996445,-1.7060917727911011,-72.96242953853222,143.28007427761838,0.4,0.8074999999999998,506,0,2,70,0.1383399209486166,26.006375732063646,0.4312107664544177,RNG-b6c5b8bb1a7d,safe_range,selection,320301,NTSC,8,3,1000000.0,,False,bars,,,,,
11.137339936223691,93.57424575075193,True,1.436024650251229,122,4,0,2.025,2.025,3.146277821109281,4.955289882713194,1.6412162522514964,-5.00060128645095,-70.36989837216966,129.25377909000937,1.825,1.8187499999999996,506,4,2,354,0.6996047430830039,22.44834871932854,0.5143469318199605,OVP56,safe_range,selection,320301,NTSC,10,3,1000000.0,,False,bars,,,,,
11.278125413630919,95.16452041014607,True,1.2478662841281645,35,1,0,2.025,2.01125,2.9067167256446322,3.2479390518409508,1.2136739336695015,-3.9293154515933173,-71.13176693809983,130.13717582707582,1.625,1.6875,506,2,2,413,0.8162055335968379,24.490606310761848,0.5212295566086745,VLP56,safe_range,selection,320301,NTSC,10,3,1000000.0,,False,bars,,,,,
12.152963180849316,95.29574574143471,True,1.8559941234379094,0,0,2,0.1,0.08624999999999998,0.33310804310230435,1.5870911061813313,2.2335131135666475,-2.7271733878069733,-53.61789059413456,113.31808512696847,0.1,0.08624999999999998,506,0,2,7,0.01383399209486166,23.93042322971143,0.5215441407823607,RANGE32,safe_range,selection,320301,NTSC,10,3,1000000.0,,True,bars,,,,,
-6.592920171138807,-82.29287727900002,False,609.0994891124043,506,12,48,2.025,2.025,1000000.0,84.1646405921676,22.97989355120765,-156.25407099054456,-69.54399241765569,81.74394367914675,1000000.0,1000000.0,506,506,2,1211,2.3932806324110674,-6.640010167294944,-0.3276818740061095,PLL96-rejected-board,safe_range,selection,320301,NTSC,10,3,1000000.0,,False,bars,,,,,
9.388249350676384,94.55996265999823,True,6.109878464748154,442,12,0,2.025,2.025,3.5864436598112066,15.11617602262715,-1.1440231321748717,-2.544571365764115,-66.4066141023867,124.58144461107636,1.8424999999999998,1000000.0,506,28,2,54,0.1067193675889328,13.306200476935349,0.3280701236626889,PLL96-IQ-corrected,safe_range,selection,320301,NTSC,10,3,1000000.0,,False,bars,,,,,
15.496500697472154,95.58160914456333,True,0.0030105338579690336,0,0,2,0.2,0.5225,1.03168012649232,2.2967067388655193,1.8195431337889172,-1.8309237826396574,-60.884850455178025,124.44799557488977,0.2,0.5225,506,0,2,78,0.1541501976284585,26.693726056861138,0.7303221669240272,floating-PLL-IQ40,safe_range,selection,320301,NTSC,10,3,1000000.0,,False,bars,,,,,
4.215988089671528,44.36182914875792,True,95.09298033820338,506,12,0,2.025,2.025,1000000.0,49.20048009275007,27.073918198572137,-25.9453792874252,-21.608690987566185,96.87001086017162,1000000.0,1000000.0,506,506,2,0,0.0,4.4963702231242655,0.4142561941075325,HC50,safe_range,selection,320301,NTSC,10,3,1000000.0,,False,bars,,,,,
11.172322947823615,98.20621018180248,True,4.372800428700021,7,0,1,1.375,1.2049999999999996,2.225641077625237,1.4576533366882785,-2.2631459712052355,-5.993928235484124,-63.265180892959705,112.49412928899824,1.275,1.2049999999999996,506,1,2,311,0.6146245059288538,17.623944157183068,0.41468399788421423,PLL96-board-fixed,safe_range,selection,320301,NTSC,10,3,1000000.0,,False,bars,,,,,
11.395527806674504,98.21652992533214,True,1.57300394078882,0,0,2,0.1,0.35249999999999965,0.33021619759507587,1.8554114606255085,0.3547801116233622,-1.3424074993284032,-53.626251645924135,117.55323367502046,0.1,0.3524999999999997,506,0,2,5,0.009881422924901186,27.326348648006476,0.5207005131786497,RNG-6248f1c15f7a,safe_range,selection,320301,NTSC,10,3,1000000.0,,True,bars,,,,,
11.536043272632185,97.14406156121647,True,1.4638720884374428,0,0,2,0.1,0.35249999999999965,0.445264943112769,1.690718971938269,0.602671787125748,-2.88952911584874,-54.55398787049602,114.55814414384213,0.1,0.3524999999999997,506,0,2,13,0.025691699604743084,26.497385480347173,0.5245058010178606,RNG-298c693dfb64,safe_range,selection,320301,NTSC,10,3,1000000.0,,True,bars,,,,,
11.264932653459361,96.07536455180428,True,1.2313083479093347,1,0,2,0.56875,0.9037499999999994,1.2740576016323704,3.254243977135621,2.079280891109076,-1.7429842107947693,-51.686426354109486,126.79510723355384,0.5449999999999988,0.9037499999999994,506,1,2,111,0.21936758893280633,25.759969546655622,0.5144699257762823,RNG-72a7c5e1d3fe,safe_range,selection,320301,NTSC,10,3,1000000.0,,False,bars,,,,,
12.053536162358052,96.9524940632055,True,1.406671945136031,0,0,2,0.1,0.7324999999999997,0.31108473992630975,1.4334532247412028,0.9898229000092725,-2.8976005339726774,-56.85734010233649,120.49670362037364,0.1,0.7324999999999997,506,0,2,8,0.015810276679841896,26.407331832810485,0.53041139185023,RNG-5cc14ad73003,safe_range,selection,320301,NTSC,10,3,1000000.0,,False,bars,,,,,
11.377885611180009,95.30329725072954,True,1.1748608380724153,1,0,2,0.33749999999999997,0.8924999999999995,1.101884075051221,2.820345498499134,2.3974039499530297,-3.5160223223414735,-53.10949425772811,124.19759736343511,0.2949999999999989,0.8924999999999995,506,1,2,82,0.16205533596837945,24.706358463289423,0.5180159146791421,RNG-aa363f30cabd,safe_range,selection,320301,NTSC,10,3,1000000.0,,False,bars,,,,,
11.645307325141125,95.85919242974389,True,1.3810824073432941,0,0,2,0.11875,0.35249999999999965,0.45323006312310865,2.2588344344615776,1.1635356713543068,-4.141398501650324,-53.05053668153154,113.2598559459095,0.11875,0.3524999999999997,506,0,2,14,0.02766798418972332,25.21785476362048,0.5250432334221175,RNG-6ecfa9f95e4b,safe_range,selection,320301,NTSC,10,3,1000000.0,,True,bars,,,,,
11.39190688146275,94.425813438125,True,1.1613134357115547,1,0,2,0.56875,0.9037499999999994,1.2467879523077698,3.599900539132243,2.926538057544686,-3.8614160790267955,-51.75075569986006,124.24716957385257,0.5449999999999988,0.9037499999999994,506,1,2,109,0.21541501976284586,23.69210371042536,0.5175972027015289,RNG-5e0048849b6a,safe_range,selection,320301,NTSC,10,3,1000000.0,,False,bars,,,,,
11.419298842080536,94.12568398944298,True,1.1899135073622606,1,0,2,0.24375,0.37999999999999967,0.8366762980524619,2.4961078848806877,2.3971920209789994,-5.667880660152353,-53.709858650417786,121.97784574207398,0.225,0.3799999999999997,506,1,2,50,0.09881422924901186,23.18716941482375,0.5189804623336304,RNG-871c7b8c76a7,safe_range,selection,320301,NTSC,10,3,1000000.0,,False,bars,,,,,
10.306279779089714,98.14944272798363,True,2.397137584407843,0,0,2,0.11875,0.35249999999999965,0.4680556451497212,1.419775799421512,0.2280721255129135,-1.5815443784717658,-59.741289371762456,137.39899844110286,0.11875,0.3524999999999997,506,0,2,13,0.025691699604743084,27.637213814275576,0.4957409108483383,RNG-b6c5b8bb1a7d,safe_range,selection,320301,NTSC,10,3,1000000.0,,True,bars,,,,,
12.460889989554438,95.18677676627895,True,0.7210228589835835,29,2,0,2.025,2.025,2.730397785120241,3.0719330170079977,1.3977046756538556,-3.6406942277435723,-69.93648142216855,127.45335634821113,1.5049999999999997,1.0524999999999998,506,3,2,373,0.7371541501976284,24.617982211894535,0.5780138378488275,OVP56,safe_range,selection,320301,NTSC,12,3,1000000.0,,False,bars,,,,,
12.610439312462683,96.1258307072635,True,0.666833249540141,3,0,1,1.19375,0.9699999999999999,2.1637267547416634,2.120657335973719,1.1990530951817524,-2.9067203324578315,-67.01051009910886,127.63957998285777,1.1474999999999995,0.97,506,1,2,296,0.5849802371541502,26.08695179296063,0.584775333642478,VLP56,safe_range,selection,320301,NTSC,12,3,1000000.0,,False,bars,,,,,
13.261332840396687,95.59364429152589,True,1.418714080567907,0,0,2,0.1,0.08624999999999998,0.0531957939137915,1.353569661711815,2.1729939246343086,-2.450577872662011,-54.4883825390119,110.89374073291343,0.1,0.08624999999999998,506,0,2,0,0.0,24.40506922042053,0.5820462708567237,RANGE32,safe_range,selection,320301,NTSC,12,3,1000000.0,,True,bars,,,,,
-6.594077839294062,-82.12639360976813,False,609.9311490906682,506,12,49,2.025,2.025,1000000.0,83.49787706985887,23.044442496189266,-156.2361925180212,-69.34706841299477,81.85557070787537,1000000.0,1000000.0,506,506,2,1194,2.3596837944664033,-6.642467313283133,-0.33552010318868664,PLL96-rejected-board,safe_range,selection,320301,NTSC,12,3,1000000.0,,False,bars,,,,,
9.29621494812814,95.28763010960147,True,6.176110209623473,449,12,0,2.025,2.025,3.6010049766843233,15.654824115654025,-1.2911213580900571,-2.264125815774737,-54.906737590667625,122.72468192803375,1.8549999999999998,1000000.0,506,54,2,54,0.1067193675889328,12.829526371111879,0.33766603814574375,PLL96-IQ-corrected,safe_range,selection,320301,NTSC,12,3,1000000.0,,False,bars,,,,,
16.992255195463947,95.8639690646201,True,0.0,0,0,2,0.05,0.25249999999999967,0.3999428689437684,1.9948584679878405,1.7722013834333927,-1.6009071667358714,-58.49781588360212,122.92825839784182,0.05,0.25249999999999967,506,0,2,11,0.021739130434782608,27.421395827995873,0.791859378291344,floating-PLL-IQ40,safe_range,selection,320301,NTSC,12,3,1000000.0,,True,bars,,,,,
4.272811542998064,44.41254816867656,True,94.7889164185485,506,12,0,2.025,2.025,1000000.0,49.10377101286199,27.042241034825192,-25.883035084041893,-8.025747287697598,94.03938149259842,1000000.0,1000000.0,506,506,2,0,0.0,4.505864211947583,0.46212067993548034,HC50,safe_range,selection,320301,NTSC,12,3,1000000.0,,False,bars,,,,,
11.550958020342684,98.48848979486509,True,4.154536723997266,5,0,1,0.975,0.7462499999999997,2.008827512269756,2.5710700280111523,-2.0653673890182462,-4.7745997343831235,-62.82424950163087,112.02628406720812,0.925,0.7462499999999997,506,1,2,247,0.4881422924901186,17.77674664510417,0.4401523487012643,PLL96-board-fixed,safe_range,selection,320301,NTSC,12,3,1000000.0,,False,bars,,,,,
12.512462031853723,98.61066799251086,True,0.8662811176305893,0,0,2,0.075,0.08624999999999998,0.14201402814413552,1.704837506541465,0.13688666330513685,-1.0291172237548878,-53.9157575276802,116.22793381057299,0.075,0.08624999999999998,506,0,2,0,0.0,27.981953351987002,0.5775387664157299,RNG-6248f1c15f7a,safe_range,selection,320301,NTSC,12,3,1000000.0,,True,bars,,,,,
12.66674544087018,97.61493558318008,True,0.8008020062197629,0,0,2,0.075,0.08624999999999998,0.22992254667682274,1.4993899129196613,0.3866206468392088,-2.494933691940918,-54.84395254971518,114.51136579470209,0.075,0.08624999999999998,506,0,2,2,0.003952569169960474,27.313615931847657,0.5822945558168828,RNG-298c693dfb64,safe_range,selection,320301,NTSC,12,3,1000000.0,,True,bars,,,,,
12.33034931708823,96.32235271413963,True,0.6653279826111564,0,0,2,0.5625,0.175,1.072619503278879,3.0233782588514533,2.035553138210767,-1.5696274798239656,-50.29793430529032,129.4439338685723,0.5625,0.175,506,0,2,90,0.17786561264822134,26.374538245030905,0.5680395546767987,RNG-72a7c5e1d3fe,safe_range,selection,320301,NTSC,12,3,1000000.0,,False,bars,,,,,
13.220384334799931,97.34076399211669,True,0.94982343218923,0,0,2,0.075,0.08624999999999998,0.14376020328112654,1.3243409784871594,0.8935792565761553,-2.4548071446948847,-51.97560533307953,116.43028640265076,0.075,0.08624999999999998,506,0,2,0,0.0,27.24709600634872,0.5909468925302068,RNG-5cc14ad73003,safe_range,selection,320301,NTSC,12,3,1000000.0,,True,bars,,,,,
12.449826085099634,95.68130177404848,True,0.6337173771024817,0,0,2,0.225,0.17249999999999996,0.8702049585933617,2.6004809726768694,2.3477606681322825,-3.22518590728925,-50.5739678153068,126.34342863630003,0.225,0.17249999999999996,506,0,2,52,0.10276679841897234,25.3477523554607,0.5727649112620319,RNG-aa363f30cabd,safe_range,selection,320301,NTSC,12,3,1000000.0,,False,bars,,,,,
12.757545498884802,96.41575826676332,True,0.7992967392907785,0,0,2,0.1,0.11124999999999999,0.23251344047172845,1.998090683378587,0.8623405351643693,-3.7399058397818314,-53.0152228483336,112.88351403089179,0.1,0.11124999999999999,506,0,2,2,0.003952569169960474,26.085532471487024,0.5823636554487318,RNG-6ecfa9f95e4b,safe_range,selection,320301,NTSC,12,3,1000000.0,,True,bars,,,,,
12.450410689457653,94.87973058003182,True,0.637480544424943,0,0,2,0.525,0.17249999999999996,1.045156341728895,3.3135360635704467,2.8420308351819488,-3.4984091767955063,-51.308226631318284,126.06975552678425,0.525,0.17249999999999996,506,0,2,88,0.17391304347826086,24.345031833561386,0.5722525315416755,RNG-5e0048849b6a,safe_range,selection,320301,NTSC,12,3,1000000.0,,False,bars,,,,,
12.49560219627977,94.62241669623859,True,0.6562963810372493,0,0,2,0.125,0.17249999999999996,0.4793770661405299,2.2383806844890413,2.358026494240306,-5.250993550689969,-51.75319707791847,121.65302847386029,0.125,0.17249999999999996,506,0,2,13,0.025691699604743084,23.85484956550522,0.5748930321751802,RNG-871c7b8c76a7,safe_range,selection,320301,NTSC,12,3,1000000.0,,True,bars,,,,,
11.493662285673086,98.40234963736886,True,0.8542389821987133,0,0,2,0.075,0.08624999999999998,0.2914946321175738,1.3185690924791278,0.1385631449117762,-1.3302689135481525,-56.58394592657182,134.53529637205673,0.075,0.08624999999999998,506,0,2,1,0.001976284584980237,28.468622681756727,0.5536404588563352,RNG-b6c5b8bb1a7d,safe_range,selection,320301,NTSC,12,3,1000000.0,,True,bars,,,,,
13.530538416154537,96.18759754805619,True,0.550175062543841,0,0,1,0.85,1.01125,1.9687723899222476,1.838596811883159,1.2404143816498796,-2.737517386949944,-63.33630018418085,125.69949997981338,0.85,1.01125,506,0,2,235,0.4644268774703557,26.12964229658224,0.6291367347491291,OVP56,safe_range,selection,320301,NTSC,14,3,1000000.0,,False,bars,,,,,
13.687431063572513,96.66530520575945,True,0.5351223932539957,0,0,2,0.65,0.9149999999999998,1.319890962977699,1.4378611826782253,1.2140968843227513,-2.2613728819664427,-63.210821149094826,127.81109297284134,0.65,0.9149999999999998,506,0,2,131,0.25889328063241107,27.019422882775096,0.63608735671832,VLP56,safe_range,selection,320301,NTSC,14,3,1000000.0,,False,bars,,,,,
14.128666358749573,95.64791268901965,True,1.2621663199535174,0,0,2,0.075,0.08624999999999998,0.04186546776645817,1.3255097020926576,2.103567458287585,-2.5219774893225733,-51.43028624305749,110.43961570524156,0.075,0.08624999999999998,506,0,2,0,0.0,24.64515897414392,0.6300089815284774,RANGE32,safe_range,selection,320301,NTSC,14,3,1000000.0,,True,bars,,,,,
-6.59301421312295,-81.98339596799745,False,610.5723928024156,506,12,49,2.025,2.025,1000000.0,83.18499108213095,23.002940014713673,-156.17315368991933,-69.05874808601776,77.99661455469878,1000000.0,1000000.0,506,506,2,1185,2.341897233201581,-6.64198435642986,-0.3408992199854114,PLL96-rejected-board,safe_range,selection,320301,NTSC,14,3,1000000.0,,False,bars,,,,,
9.198888797584807,95.92879629899564,True,6.223526117886484,469,11,0,2.025,2.025,3.6122983437590426,15.894657754622337,-1.3202085882931376,-2.090907228412478,-55.07058790832495,122.72091559642003,1.7699999999999996,1.8,506,33,2,56,0.11067193675889328,12.470169240693163,0.3433527387888449,PLL96-IQ-corrected,safe_range,selection,320301,NTSC,14,3,1000000.0,,False,bars,,,,,
18.302960161529768,96.02746647166387,True,0.0,0,0,2,0.025,0.025,0.023418346917150577,1.8308551734568457,1.7379591792156992,-1.4781978634489263,-56.250211184963796,121.89287281199152,0.025,0.025,506,0,2,0,0.0,27.893539774755478,0.8395787944523049,floating-PLL-IQ40,safe_range,selection,320301,NTSC,14,3,1000000.0,,True,bars,,,,,
4.3064950978420455,44.43115839289914,True,94.8280533587021,506,12,0,2.025,2.025,1000000.0,49.03459967052459,27.026569421579417,-25.852608338669665,-3.6302018845485122,88.88030587898506,1000000.0,1000000.0,506,506,2,0,0.0,4.5102509669242075,0.501271450029442,HC50,safe_range,selection,320301,NTSC,14,3,1000000.0,,False,bars,,,,,
11.789717790585328,98.37644209693171,True,4.030352202356044,7,0,0,1.2625,0.9849999999999994,2.067351356994387,3.6106210897558526,-1.7764478811187492,-3.9337110230189656,-61.31880373555629,111.73974673956822,1.075,0.9849999999999994,506,1,2,277,0.5474308300395256,17.81197958262153,0.457370438270721,PLL96-board-fixed,safe_range,selection,320301,NTSC,14,3,1000000.0,,False,bars,,,,,
13.448153810361699,98.85172890781175,True,0.6389858113539274,0,0,2,0.075,0.08624999999999998,0.03934053718002143,1.6231899512183974,-0.00867111619501156,-0.8125331731791808,-54.07702992241233,114.88111435971616,0.075,0.08624999999999998,506,0,2,0,0.0,28.42024308347512,0.6242959710066514,RNG-6248f1c15f7a,safe_range,selection,320301,NTSC,14,3,1000000.0,,True,bars,,,,,
13.608969456221223,97.93025037135445,True,0.6051173054517758,0,0,2,0.075,0.08624999999999998,0.036540761797303464,1.398241515321,0.2231597529333066,-2.2202143441023705,-55.00048921661955,114.22403488160568,0.075,0.08624999999999998,506,0,2,0,0.0,27.87764828660789,0.6295094401060083,RNG-298c693dfb64,safe_range,selection,320301,NTSC,14,3,1000000.0,,True,bars,,,,,
13.186523165764594,96.45909887874691,True,0.4982433534938751,0,0,2,0.39375000000000004,0.175,0.9728846008855913,2.882736292100515,2.029376787542422,-1.4631339465778956,-50.42494343426688,127.82792239881773,0.39375,0.175,506,0,2,80,0.15810276679841898,26.782613417562082,0.610673981707044,RNG-72a7c5e1d3fe,safe_range,selection,320301,NTSC,14,3,1000000.0,,False,bars,,,,,
14.173812208032231,97.59751305726196,True,0.7834914365364409,0,0,2,0.075,0.075,0.03149361564010961,1.315589514920725,0.8006449709545145,-2.1396851391190634,-51.76438028187737,116.83200979889973,0.075,0.075,506,0,2,0,0.0,27.846842395302772,0.640037428400783,RNG-5cc14ad73003,safe_range,selection,320301,NTSC,14,3,1000000.0,,True,bars,,,,,
13.311956963761695,95.90572056905884,True,0.47867488341707637,0,0,2,0.175,0.12249999999999997,0.6969752194459564,2.491180412371293,2.33746517220271,-3.037353523200293,-50.418435674108515,124.53338766338722,0.175,0.12249999999999997,506,0,2,44,0.08695652173913043,25.77700692682137,0.6162780152995914,RNG-aa363f30cabd,safe_range,selection,320301,NTSC,14,3,1000000.0,,False,bars,,,,,
13.677046153146094,96.80639463667221,True,0.6216752416706054,0,0,2,0.075,0.08624999999999998,0.034183011290253015,1.843410350959146,0.6268007984114778,-3.450565142619973,-53.17667982212082,113.38536686343834,0.075,0.08624999999999998,506,0,2,0,0.0,26.709825575730978,0.629013188100316,RNG-6ecfa9f95e4b,safe_range,selection,320301,NTSC,14,3,1000000.0,,True,bars,,,,,
13.299522440900663,95.17147118063572,True,0.4899643853844602,0,0,2,0.325,0.175,0.9600209977940761,3.1491427373669363,2.78776390763122,-3.2553872492643086,-51.470903178107505,124.54058182683623,0.325,0.175,506,0,2,80,0.15810276679841898,24.814585897799514,0.6155401992228099,RNG-5e0048849b6a,safe_range,selection,320301,NTSC,14,3,1000000.0,,False,bars,,,,,
13.35955325377226,94.93514307673048,True,0.48544858459750667,0,0,2,0.1,0.08624999999999998,0.29136324326464325,2.112288777720264,2.3579651258830885,-4.974514252470813,-51.923718880310226,121.11255153142345,0.1,0.08624999999999998,506,0,2,10,0.019762845849802372,24.30846373383055,0.6192039264610106,RNG-871c7b8c76a7,safe_range,selection,320301,NTSC,14,3,1000000.0,,True,bars,,,,,
12.49911751011034,98.50813278742058,True,0.4402905767279712,0,0,2,0.075,0.08624999999999998,0.044677146628114464,1.3072142680945857,0.1171390322507778,-1.1924836058157853,-55.2214293616265,132.70308427591004,0.075,0.08624999999999998,506,0,2,0,0.0,29.073537169720595,0.6024091566042148,RNG-b6c5b8bb1a7d,safe_range,selection,320301,NTSC,14,3,1000000.0,,True,bars,,,,,
14.956545032449375,97.06128101104719,True,0.4448063775149247,0,0,2,0.05,0.061249999999999985,0.7187769585939254,0.7020130605563788,1.1259988233699751,-1.8832900639623698,-61.27924469066671,127.99786030104768,0.05,0.061249999999999985,506,0,2,22,0.043478260869565216,27.42171755855173,0.6956859690780401,OVP56,safe_range,selection,320301,NTSC,18,3,1000000.0,,False,bars,,,,,
15.136392005714569,97.1553889928144,True,0.41169050507726535,0,0,2,0.05,0.061249999999999985,0.4294883319401439,0.7539979937373547,1.2405574484301287,-1.6517127545913104,-59.5459580351327,128.47170874757722,0.05,0.061249999999999985,506,0,2,7,0.01383399209486166,27.80567743899471,0.7030184765661807,VLP56,safe_range,selection,320301,NTSC,18,3,1000000.0,,True,bars,,,,,
15.268989155323254,95.54085750226254,True,1.0995974916231896,0,0,2,0.075,0.075,0.04100093992945545,1.3882885017885025,2.0074961535676543,-2.9358916645541098,-50.91244363255945,107.91097998290526,0.075,0.075,506,0,2,0,0.0,24.846648963879716,0.6924653577074753,RANGE32,safe_range,selection,320301,NTSC,18,3,1000000.0,,True,bars,,,,,
-6.597375349009825,-82.02073877037809,False,611.8285380546532,506,12,49,2.025,2.025,1000000.0,83.38106930649498,22.762067749923375,-156.0902288840393,-68.83756507469597,75.56532598980097,1000000.0,1000000.0,506,506,2,1218,2.4071146245059287,-6.646689320405242,-0.34612422149099353,PLL96-rejected-board,safe_range,selection,320301,NTSC,18,3,1000000.0,,False,bars,,,,,
9.046466072317163,96.91680709492229,True,6.377815978107398,491,12,0,2.025,2.025,3.661790318045714,15.631689000395973,-1.104652188048706,-1.9044182120945599,-55.2153717849651,117.28230228677221,1.5,1000000.0,506,85,2,24,0.04743083003952569,12.035606578096269,0.3498809668075908,PLL96-IQ-corrected,safe_range,selection,320301,NTSC,18,3,1000000.0,,False,bars,,,,,
20.192494331658054,96.15818876708896,True,0.0,0,0,2,0.025,0.025,0.019630983013368082,1.705822197006598,1.696530349743617,-1.377066233515566,-51.08464137428901,116.94142022464051,0.025,0.025,506,0,2,0,0.0,28.35134534336204,0.8965567212724928,floating-PLL-IQ40,safe_range,selection,320301,NTSC,18,3,1000000.0,,True,bars,,,,,
4.338366613679532,44.419689307681566,True,94.73623207603404,506,12,0,2.025,2.025,1000000.0,48.95564403439233,27.01695286470749,-25.837931594871748,-0.7656101249591245,88.67886392126819,1000000.0,1000000.0,506,506,2,0,0.0,4.512158241947814,0.5528341711776674,HC50,safe_range,selection,320301,NTSC,18,3,1000000.0,,False,bars,,,,,
11.976079627380248,97.63584956729727,True,3.856493872058332,29,0,0,2.025,1.1824999999999997,2.477341500873403,5.063775266173221,-1.151691414589874,-3.1946264357248193,-59.68704423578609,111.30630098927229,1.4849999999999994,1.1824999999999997,506,1,2,322,0.6363636363636364,17.668123086812624,0.4740870437159814,PLL96-board-fixed,safe_range,selection,320301,NTSC,18,3,1000000.0,,False,bars,,,,,
14.819076580348325,99.04270158915543,True,0.468890648378677,0,0,2,0.05,0.061249999999999985,0.033248822381000506,1.5629004695241648,-0.1559224735938517,-0.6146035433720584,-47.488435889980906,113.14417063621694,0.05,0.061249999999999985,506,0,2,0,0.0,28.89492529645588,0.6895945722751556,RNG-6248f1c15f7a,safe_range,selection,320301,NTSC,18,3,1000000.0,,True,bars,,,,,
14.979965609505715,98.2331149679602,True,0.425237907438126,0,0,2,0.05,0.075,0.030919697087523186,1.3078985506318652,0.04086532392034901,-1.955347554532368,-47.47874792307021,111.75816312334025,0.05,0.075,506,0,2,0,0.0,28.486232260289867,0.6949040095605915,RNG-298c693dfb64,safe_range,selection,320301,NTSC,18,3,1000000.0,,True,bars,,,,,
14.356546916199775,96.5557004338036,True,0.33717979209253174,0,0,2,0.225,0.175,0.8162988873677255,2.7438041121398595,2.062725705731475,-1.378467408955017,-48.91695628319878,125.68543761643822,0.225,0.175,506,0,2,42,0.08300395256916997,27.2008125413624,0.6676584981274127,RNG-72a7c5e1d3fe,safe_range,selection,320301,NTSC,18,3,1000000.0,,False,bars,,,,,
15.462755897692578,97.88986533601272,True,0.6608121818242029,0,0,2,0.075,0.061249999999999985,0.02604059615718012,1.4726728876340003,0.6027269359961293,-1.7678731168533375,-47.950231953978914,114.36142156474882,0.075,0.061249999999999985,506,0,2,0,0.0,28.507535640781974,0.704122088638727,RNG-5cc14ad73003,safe_range,selection,320301,NTSC,18,3,1000000.0,,True,bars,,,,,
14.493437093285234,96.10285370981163,True,0.32287975626717885,0,0,2,0.1,0.10874999999999994,0.5902545592064763,2.4077714222243873,2.3383659366263605,-2.86197275808795,-49.12753084295021,122.41785766490283,0.1,0.10874999999999994,506,0,2,22,0.043478260869565216,26.243679505974434,0.6745225490737811,RNG-aa363f30cabd,safe_range,selection,320301,NTSC,18,3,1000000.0,,False,bars,,,,,
14.99941514547958,97.2280741003024,True,0.462869580662739,0,0,2,0.075,0.075,0.029446474520052123,1.6570554360760208,0.3436122858940444,-3.160832342221318,-47.51180699712706,111.1025971713449,0.075,0.075,506,0,2,0,0.0,27.405006820862653,0.6931466823385524,RNG-6ecfa9f95e4b,safe_range,selection,320301,NTSC,18,3,1000000.0,,True,bars,,,,,
14.457329935474528,95.4587701944375,True,0.32513765666065564,0,0,2,0.225,0.175,0.8198719231414936,2.9965564863529703,2.7319899319647387,-3.005854046314576,-48.21648914132182,122.18975505436585,0.225,0.175,506,0,2,42,0.08300395256916997,25.358346054352193,0.6732884625149815,RNG-5e0048849b6a,safe_range,selection,320301,NTSC,18,3,1000000.0,,False,bars,,,,,
14.540525344939395,95.23389062837873,True,0.31986922240920984,0,0,2,0.075,0.075,0.14014479384232123,2.047811435904905,2.361870693401891,-4.678912621992673,-49.35568349948946,118.8470855742727,0.075,0.075,506,0,2,4,0.007905138339920948,24.77963263633713,0.6786612448831928,RNG-871c7b8c76a7,safe_range,selection,320301,NTSC,18,3,1000000.0,,True,bars,,,,,
14.009774071567115,98.52206126321751,True,0.1971899676969717,0,0,2,0.05,0.061249999999999985,0.041256212851087395,1.3442981517564827,0.1476275771921511,-1.0889616880469966,-50.5485015786866,130.9563145355487,0.05,0.061249999999999985,506,0,2,0,0.0,29.796324305396876,0.6729770591647378,RNG-b6c5b8bb1a7d,safe_range,selection,320301,NTSC,18,3,1000000.0,,True,bars,,,,,
15.638380826523345,97.34061647134611,True,0.4086799712192963,0,0,2,0.05,0.05,0.1604788412782935,0.3424329781828239,1.0611679045850841,-1.6151476069644628,-60.885734202451445,123.74720774816616,0.05,0.05,506,0,2,0,0.0,27.77107965505424,0.7261474265039735,OVP56,safe_range,selection,320301,NTSC,22,3,1000000.0,,True,bars,0.8722999846719535,-48.37170908879118,10.7843590900706,22.79721078215507,11.605440055446374
15.843391703066791,97.34210720468192,True,0.40040100310988147,0,0,2,0.05,0.05,0.02052305172662957,0.477027070576909,1.2208900782287941,-1.4694462620995068,-59.386857892466466,123.29708417770642,0.05,0.05,506,0,2,0,0.0,28.087353952264756,0.7341028138037635,VLP56,safe_range,selection,320301,NTSC,22,3,1000000.0,,True,bars,0.8655881847509478,-48.31112455433759,10.664367723415987,22.72346924463703,11.400276607724722
15.816633162156315,95.49772649843344,True,1.0356236471413476,0,0,2,0.05,0.05,0.039261966026736164,1.3689514950992718,1.9413542140498248,-3.191383364107168,-49.21397956666494,106.40024643969257,0.05,0.05,506,0,2,0,0.0,24.948602022371084,0.7216310825541097,RANGE32,safe_range,selection,320301,NTSC,22,3,1000000.0,,True,bars,0.8413755002768615,-49.42843629172637,10.49496721322761,20.71623423200498,11.534444741250935
-6.607085585219644,-82.32506030187776,False,612.6760033356716,506,12,50,2.025,2.025,1000000.0,84.1617755872212,22.590257710934655,-156.1156053988834,-67.68565628187292,69.92619940102945,1000000.0,1000000.0,506,506,2,1248,2.466403162055336,-6.656173028625453,-0.3484102375444723,PLL96-rejected-board,safe_range,selection,320301,NTSC,22,3,1000000.0,contrast;waveform;detail_floor;sync;h_jitter_us;v_jitter_us;h_width_rmse_us;sync_error_ire;black_error_ire;white_error_ire;contrast;stress_waveform;reference_detail;burst_gain;burst_phase_jitter_deg;burst_amplitude_jitter_pct;burst_rmse_ire;h_missing;v_missing;vertical_trains;sync_error_ire;black_error_ire;white_error_ire,False,bars,0.43578908283950785,82.18042796855214,38.29969582783769,31.671286173905308,29.29071345355131
8.975645910580287,97.66398982025416,True,6.444047722982717,503,12,0,2.025,2.025,3.691685477754933,14.914981765704956,-1.0067360737458593,-1.838716448409907,-48.692326333486115,110.51917877268177,1.67,1000000.0,506,218,2,6,0.011857707509881422,11.862994090899493,0.35320845630651015,PLL96-IQ-corrected,safe_range,selection,320301,NTSC,22,3,1000000.0,waveform;detail_floor;sync;h_jitter_us;v_jitter_us;h_width_rmse_us;sync_error_ire;stress_waveform;reference_detail;burst_gain;burst_phase_jitter_deg;burst_amplitude_jitter_pct;burst_rmse_ire;h_missing;v_missing;vertical_trains;sync_error_ire,False,bars,0.5033178985469349,-96.72447280701986,38.50503346809023,32.27000679677038,18.076465983332255
21.195228260844182,96.2048309692039,True,0.0,0,0,2,0.025,0.025,0.01866333727131262,1.6854880504255656,1.683639751571944,-1.3180618229426948,-48.62194576964411,114.29423105524673,0.025,0.025,506,0,2,0,0.0,28.539869954821132,0.9212149823981924,floating-PLL-IQ40,safe_range,selection,320301,NTSC,22,3,1000000.0,,True,bars,0.5935802261465396,4.868593353688314,8.913792436391962,17.98451420022591,6.307116294146939
4.350168798684449,44.41354142461116,True,94.73623207603404,506,12,0,2.025,2.025,1000000.0,48.92348742515386,27.026285382364517,-25.804363535005205,0.5926787209350124,84.06916002151347,1000000.0,1000000.0,506,506,2,0,0.0,4.512496281478678,0.5771176214489552,HC50,safe_range,selection,320301,NTSC,22,3,1000000.0,contrast;waveform;detail_floor;sync;h_jitter_us;v_jitter_us;h_width_rmse_us;sync_error_ire;black_error_ire;white_error_ire;contrast;stress_waveform;reference_detail;burst_gain;burst_rmse_ire;h_missing;v_missing;vertical_trains;sync_error_ire;black_error_ire;white_error_ire,False,bars,0.43375752706632087,80.65041977797169,10.303957538854759,19.735503769800946,30.7967051136119
11.984508067571802,97.03396388877105,True,3.7699410236417226,0,0,2,0.425,0.44749999999999995,0.1284504026029259,5.612371175965392,-0.7702238068195559,-2.966558646060406,-58.10592221440773,111.15496273175948,0.425,0.44749999999999995,506,0,2,0,0.0,17.34961412192783,0.48203964602242233,PLL96-board-fixed,safe_range,selection,320301,NTSC,22,3,1000000.0,waveform;detail_floor;h_jitter_us;v_jitter_us;sync_error_ire;stress_waveform;reference_detail;burst_phase_jitter_deg;burst_rmse_ire,True,bars,0.5947463511340483,-86.06453315229832,36.140332703443754,20.7410059185257,16.33396818955963
15.59016178025459,99.088675748473,True,0.3928746684649589,0,0,2,0.05,0.05,0.030578254434626816,1.544092735560583,-0.21260154893405636,-0.5674156771732136,-47.14828648056677,112.30072472428112,0.05,0.05,506,0,2,0,0.0,29.108543030411823,0.7246363722636305,RNG-6248f1c15f7a,safe_range,selection,320301,NTSC,22,3,1000000.0,,True,bars,0.859582341437851,-47.20878664901256,12.409192956343096,24.450770495050968,11.529790056434061
15.746270700031882,98.32580415044958,True,0.35674826216933053,0,0,2,0.05,0.05,0.028159974959564866,1.2715186735430253,-0.02301921560186017,-1.888972606972171,-47.141743957744865,110.56332701858672,0.05,0.05,506,0,2,0,0.0,28.730142875566823,0.7296689709979128,RNG-298c693dfb64,safe_range,selection,320301,NTSC,22,3,1000000.0,,True,bars,0.8483597497113676,-46.97720911538977,12.161860602269716,24.952779376032517,11.392214682099723
14.985409668589327,96.58859510778734,True,0.2965375850099498,0,0,2,0.175,0.11999999999999991,0.38546818460655546,2.6850454606086345,2.0790650488238542,-1.346767653094357,-47.872257583039286,125.03214874934132,0.175,0.11999999999999993,506,0,2,9,0.017786561264822136,27.38746047371047,0.6974628375541677,RNG-72a7c5e1d3fe,safe_range,selection,320301,NTSC,22,3,1000000.0,h_width_rmse_us,True,bars,0.8445612699511196,-49.73944942335127,12.394889161091957,23.751648971584306,11.893322499579668
16.092434805061547,98.06791798067651,True,0.6133962735611906,0,0,2,0.075,0.05,0.023888327147647728,1.5956157792384635,0.4350681267737432,-1.5916806836577235,-46.63554772293895,110.47010165808315,0.075,0.05,506,0,2,0,0.0,28.75950651507101,0.7340486475133363,RNG-5cc14ad73003,safe_range,selection,320301,NTSC,22,3,1000000.0,,True,bars,0.8093667654364651,-50.621609275819594,11.432286688316937,23.28901991631301,11.528941252931574
15.125049124422954,96.16828347756012,True,0.2822375491845969,0,0,2,0.1,0.061249999999999985,0.2690655032873752,2.3911740298030715,2.334898983420768,-2.8045566585292554,-48.06476338224973,121.78895486647484,0.1,0.061249999999999985,506,0,2,2,0.003952569169960474,26.447093204188853,0.7046830184442203,RNG-aa363f30cabd,safe_range,selection,320301,NTSC,22,3,1000000.0,h_width_rmse_us,True,bars,0.8390736443143937,-49.66954777735014,12.501497066786142,24.756116049140214,11.899559295010365
15.731716617628225,97.39520424874885,True,0.4109378716127731,0,0,2,0.075,0.075,0.02710960770722302,1.565361528568951,0.23873003558152261,-3.055507142366235,-47.140096494987304,109.79214060628412,0.075,0.075,506,0,2,0,0.0,27.689397011765276,0.7271354855974295,RNG-6ecfa9f95e4b,safe_range,selection,320301,NTSC,22,3,1000000.0,,True,bars,0.8285283672506187,-48.10833732403126,12.167301149765109,24.49896841854565,11.452387905124043
15.072111859780275,95.56834982665141,True,0.28524808304256594,0,0,2,0.175,0.10874999999999994,0.3879245092813623,2.9401651164380906,2.698732633121187,-2.918035358783067,-47.86517474122388,121.78894157148422,0.175,0.10874999999999994,506,0,2,9,0.017786561264822136,25.603445577637128,0.7030659790159105,RNG-5e0048849b6a,safe_range,selection,320301,NTSC,22,3,1000000.0,h_width_rmse_us,True,bars,0.8119460965641068,-49.70593046892821,12.611321018135815,25.25957973897937,11.867509322745144
15.163473814455653,95.33894971567757,True,0.27922701532662786,0,0,2,0.075,0.061249999999999985,0.058090497750094686,2.0557235596827472,2.3630372713527694,-4.568375115468375,-48.77628936316639,118.24759875447536,0.075,0.061249999999999985,506,0,2,0,0.0,24.95469592827067,0.709278106553872,RNG-871c7b8c76a7,safe_range,selection,320301,NTSC,22,3,1000000.0,,True,bars,0.8328323299404146,-49.605576289914055,12.639101168107343,25.493148372042725,11.924316722370886
14.888771394892728,98.51001988297247,True,0.13472139014411424,0,0,2,0.05,0.05,0.03943461592061376,1.3601098877798672,0.17515118188676826,-1.0499773623534168,-47.689876225138846,126.12247797050809,0.05,0.05,506,0,2,0,0.0,30.11340622808167,0.7120680744886811,RNG-b6c5b8bb1a7d,safe_range,selection,320301,NTSC,22,3,1000000.0,,True,bars,0.9597903029425643,-40.65225574677306,12.705717750249208,21.90956752927767,11.090653165822438
16.08194346458118,97.43850677978408,True,0.33717979209253174,0,0,2,0.05,0.036249999999999984,0.020341695725288912,0.18876792081812638,1.0727229499020734,-1.5106688536058674,-54.98076312713478,123.97961694135891,0.05,0.036249999999999984,506,0,2,0,0.0,27.907129495698403,0.7456874505916254,OVP56,safe_range,selection,320301,NTSC,30,3,1000000.0,,True,bars,0.8744852065778237,-48.47798631713143,9.893013042954658,22.190595068183562,11.491095969167146
16.31244826098345,97.42064154302196,True,0.3454587602019466,0,0,2,0.05,0.036249999999999984,0.0181601897049171,0.3300718444016952,1.2307675246189382,-1.4118891680519743,-52.863495586700104,123.32192599636004,0.05,0.036249999999999984,506,0,2,0,0.0,28.234632146780267,0.7544747426418716,VLP56,safe_range,selection,320301,NTSC,30,3,1000000.0,,True,bars,0.8623143624648836,-48.35433523560216,9.282991375962832,22.54157691272732,11.248043745292254
16.1734645827508,95.55937104830333,True,0.923481260932001,0,0,2,0.05,0.05,0.03865960705169291,1.2733599734340308,1.8603131856267014,-3.273369971054226,-43.491667009582265,103.1553607734523,0.05,0.05,506,0,2,0,0.0,25.088040455045792,0.7399473026999995,RANGE32,safe_range,selection,320301,NTSC,30,3,1000000.0,,True,bars,0.8475632521413516,-49.296086030968944,9.18484703555658,20.239452716173773,11.382409508182404
-6.617147727235765,-82.65764379484534,False,613.407563063158,506,12,50,2.025,2.025,1000000.0,84.85127291091783,22.54469039440307,-156.16515464006142,-67.60020786841679,61.60232973248797,1000000.0,1000000.0,506,506,2,1275,2.5197628458498023,-6.666151427882163,-0.34748305736956575,PLL96-rejected-board,safe_range,selection,320301,NTSC,30,3,1000000.0,contrast;waveform;detail_floor;sync;h_jitter_us;v_jitter_us;h_width_rmse_us;sync_error_ire;black_error_ire;white_error_ire;contrast;stress_waveform;reference_detail;burst_gain;burst_phase_jitter_deg;burst_rmse_ire;h_missing;v_missing;vertical_trains;sync_error_ire;black_error_ire;white_error_ire,False,bars,0.44175584499382603,82.01575938908618,40.08290773571739,29.118792347703337,29.332177141224008
8.95596486254075,98.38469671096306,True,6.486947830458775,506,12,0,2.025,2.025,1000000.0,13.947629765510015,-1.0392707765945557,-1.8012952422166217,-45.56137247923205,106.67163399643921,1000000.0,1000000.0,506,506,2,0,0.0,11.81847810462398,0.3551634612988222,PLL96-IQ-corrected,safe_range,selection,320301,NTSC,30,3,1000000.0,waveform;detail_floor;sync;h_jitter_us;v_jitter_us;h_width_rmse_us;sync_error_ire;stress_waveform;reference_detail;burst_gain;burst_phase_jitter_deg;burst_amplitude_jitter_pct;burst_rmse_ire;h_missing;v_missing;vertical_trains;sync_error_ire,False,bars,0.5087130035413053,-96.45991613411695,39.36401378808988,31.00876382216962,18.070473241572564
21.90337566136239,96.22814171531424,True,0.0,0,0,2,0.025,0.025,0.01869639901072876,1.6785223328790273,1.6817797989820418,-1.2725360384445334,-46.09504216423231,111.97172173613056,0.025,0.025,506,0,2,0,0.0,28.64601553705476,0.9365321642858667,floating-PLL-IQ40,safe_range,selection,320301,NTSC,30,3,1000000.0,burst_gain,True,bars,0.5874140888184075,4.775599310892502,7.367325222531905,18.16505055817737,6.172763056147362
4.3580610541936124,44.41990864891879,True,94.68354773351959,506,12,0,2.025,2.025,1000000.0,48.90044361753524,27.02803732921284,-25.761714497280977,2.631186414153092,84.08036098285119,1000000.0,1000000.0,506,506,2,0,0.0,4.514029523864748,0.5923646635520108,HC50,safe_range,selection,320301,NTSC,30,3,1000000.0,contrast;waveform;detail_floor;sync;h_jitter_us;v_jitter_us;h_width_rmse_us;sync_error_ire;black_error_ire;white_error_ire;contrast;stress_waveform;reference_detail;burst_gain;burst_rmse_ire;h_missing;v_missing;vertical_trains;sync_error_ire;black_error_ire;white_error_ire,False,bars,0.43828094927395506,80.5900399213151,8.777642091683964,18.74231373985033,30.783510441577455
11.92813139046162,96.63587026325528,True,3.6623144382193296,0,0,2,0.425,0.23249999999999976,0.11648890089455113,5.722100642686247,-0.6462229442166824,-2.9273460863239285,-57.43092430487599,111.34293566659194,0.425,0.23249999999999976,506,0,2,0,0.0,16.967060736892428,0.48671411530831155,PLL96-board-fixed,safe_range,selection,320301,NTSC,30,3,1000000.0,waveform;detail_floor;h_jitter_us;sync_error_ire;stress_waveform;reference_detail;burst_phase_jitter_deg;burst_rmse_ire,True,bars,0.6005693169928671,-86.34220874259627,35.06108635246905,15.820143782375128,16.38363123284454
16.108683768119807,99.10469365990215,True,0.32513765666065564,0,0,2,0.05,0.05,0.029002691710981125,1.5156351944550315,-0.23627356488993687,-0.5845357361698035,-43.832624234471,111.00140346048904,0.05,0.05,506,0,2,0,0.0,29.267851335850203,0.7474611898344107,RNG-6248f1c15f7a,safe_range,selection,320301,NTSC,30,3,1000000.0,,True,bars,0.8653001959972784,-47.08219423781066,11.731384715502108,25.299293515979727,11.307871647770495
16.26288416163169,98.37425772033443,True,0.291269150758504,0,0,2,0.05,0.05,0.026111648393354676,1.22916478972864,-0.04634046349563343,-1.9048458774628207,-45.11672624275512,109.4189433642497,0.05,0.05,506,0,2,0,0.0,28.860019575846998,0.7524630834923024,RNG-298c693dfb64,safe_range,selection,320301,NTSC,30,3,1000000.0,,True,bars,0.8543150101259973,-46.98874025494972,11.374000784433326,26.259675660040116,11.197497205855335
15.451738735038473,96.62612584495973,True,0.2280479397411543,0,0,2,0.175,0.05,0.055268389352866786,2.6475030697095665,2.072326639821272,-1.3236820766410677,-47.78948189397103,121.46938285201888,0.175,0.05,506,0,2,0,0.0,27.53669470442481,0.7193652272488364,RNG-72a7c5e1d3fe,safe_range,selection,320301,NTSC,30,3,1000000.0,,True,bars,0.8538754406430441,-49.56477821159238,12.045428730472093,21.02392422765172,11.689735891269061
16.47437512593219,98.18930149174146,True,0.5336171263250112,0,0,2,0.075,0.05,0.024171039084714224,1.6259049473978815,0.3221162607543345,-1.524966557100345,-44.656987690555034,110.31655612292444,0.075,0.05,506,0,2,0,0.0,28.87126372770025,0.7518707240733739,RNG-5cc14ad73003,safe_range,selection,320301,NTSC,30,3,1000000.0,,True,bars,0.810966074789764,-49.838903459966936,10.10279015585972,23.28725639232507,11.279571233266562
15.586247808858868,96.22511591501937,True,0.2333163739926001,0,0,2,0.1,0.05,0.045035120243383034,2.383067724355128,2.3220927933960844,-2.773238280645598,-47.816829440407375,118.63321743852616,0.1,0.05,506,0,2,0,0.0,26.59031594608411,0.7265795609335466,RNG-aa363f30cabd,safe_range,selection,320301,NTSC,30,3,1000000.0,,True,bars,0.8510802587151933,-49.49442611148816,12.293209288147482,21.553251308151115,11.692124372521723
16.21879725279822,97.48251438290514,True,0.3401903259505008,0,0,2,0.05,0.05,0.024826472865485977,1.4833724145456402,0.2067700414481083,-3.0212507120458616,-45.28278230672902,109.41834530883314,0.05,0.05,506,0,2,0,0.0,27.84626245651493,0.7491985746445146,RNG-6ecfa9f95e4b,safe_range,selection,320301,NTSC,30,3,1000000.0,,True,bars,0.8328487907698698,-48.02084118767119,11.241913762177026,25.287322258990212,11.247226285559702
15.516484936660326,95.65367803882994,True,0.22654267281216978,0,0,2,0.1,0.061249999999999985,0.05362363351309052,2.8988402605702275,2.680149550611566,-2.863799522748736,-46.539867650242826,118.68744527199813,0.1,0.061249999999999985,506,0,2,0,0.0,25.767342555716837,0.7245478399452583,RNG-5e0048849b6a,safe_range,selection,320301,NTSC,30,3,1000000.0,,True,bars,0.8206112824780788,-49.52566208897135,12.539794480311716,21.99364897782725,11.665722701772477
15.605128975269803,95.41497648378869,True,0.22579003934767752,0,0,2,0.075,0.05,0.04358558887192248,2.0586452867583356,2.3693663269201517,-4.51616933255524,-48.50215698856203,116.038423449637,0.075,0.05,506,0,2,0,0.0,25.052888320788313,0.730940495707609,RNG-871c7b8c76a7,safe_range,selection,320301,NTSC,30,3,1000000.0,,True,bars,0.8398743698342384,-49.444738189093606,12.377178543313647,21.78091815367259,11.71839056026663
15.501965575027112,98.52097959399873,True,0.07752124684270262,0,0,2,0.05,0.05,0.03739279802145752,1.344201649497322,0.23891486535868442,-0.9348445905748867,-46.398136133502206,126.28679910479222,0.05,0.05,506,0,2,0,0.0,30.36217862687845,0.7381497190863883,RNG-b6c5b8bb1a7d,safe_range,selection,320301,NTSC,30,3,1000000.0,,True,bars,0.9705303643929716,-39.37287306717313,10.79665058958056,21.415583502740485,10.531158607496286
11.684666693642598,92.20600503505622,True,0.6894604767879549,129,0,0,2.025,1.5149999999999992,2.2562030455950066,3.10297349850963,2.325334287960051,-5.433511207966571,-54.199555026617176,121.31992036336054,1.625,1.5149999999999995,610,3,2,256,0.419672131147541,21.41891808071682,0.5230229024414507,OVP56,safe_range,selection_envelope,320351,PAL,30,1.5,1000000.0,stress_waveform;reference_detail;burst_gain;h_missing;vertical_trains,False,bars,0.8174931843874587,-59.67147229246073,17.062134145250862,24.1596749423423,13.634114787540879
11.720347575746796,91.88818975912598,True,0.6813048933500627,244,4,0,2.025,2.025,2.9532953715997605,3.804838945293081,2.425686932125401,-5.498892208981663,-52.176550821428485,121.39852506612819,1.7875,0.6249999999999998,610,6,2,294,0.4819672131147541,21.416085089479434,0.52385491154236,VLP56,safe_range,selection_envelope,320351,PAL,30,1.5,1000000.0,stress_waveform;reference_detail;burst_gain;h_missing;v_missing;vertical_trains,False,bars,0.8050571550622172,-59.669748552446954,17.123085670037327,24.63599888299026,13.565072177115798
12.883182978403052,91.06920189332223,True,1.353826850690088,0,0,2,0.125,0.13999999999999993,0.04368994707492602,4.555112038549984,2.080857752378551,-6.270803059783877,-39.762841322998526,102.87150632840833,0.125,0.13999999999999996,610,0,2,0,0.0,20.255975259823575,0.5538990162654756,RANGE32,safe_range,selection_envelope,320351,PAL,30,1.5,1000000.0,,True,bars,0.5915080109742683,-67.53979288827288,17.289828131391044,30.408415622363922,12.723893062663102
-6.501765178642942,-78.88083764694561,False,601.4265997490589,610,8,65,2.025,2.025,1000000.0,83.50424506876274,22.436480969685206,-152.31232708207096,-63.52000421113657,59.011297481615784,1000000.0,1000000.0,610,610,2,1403,2.3,-6.548907025308935,-0.3641370945203441,PLL96-rejected-board,safe_range,selection_envelope,320351,PAL,30,1.5,1000000.0,contrast;stress_waveform;reference_detail;burst_gain;burst_phase_jitter_deg;burst_rmse_ire;h_missing;v_missing;vertical_trains;sync_error_ire;black_error_ire;white_error_ire,False,bars,0.30931387731521826,66.05072626934381,24.17969410768308,32.68291360957884,28.277535028339884
9.358601669898356,94.46231643856723,True,6.0025094102885825,610,8,0,2.025,2.025,1000000.0,16.161540235090754,-0.14167770278939373,-5.714234004475226,-38.65392164535571,102.46925811046457,1000000.0,1000000.0,610,610,2,0,0.0,12.116241275587413,0.3702788138320326,PLL96-IQ-corrected,safe_range,selection_envelope,320351,PAL,30,1.5,1000000.0,stress_waveform;reference_detail;burst_gain;burst_phase_jitter_deg;burst_rmse_ire;h_missing;v_missing;vertical_trains;sync_error_ire,False,bars,0.35775421682749825,-111.56683834232344,23.721680588806496,29.659984568332685,16.38283514374616
16.587653531108007,91.46923990181304,True,0.0006273525721455459,0,0,2,0.025,0.016249999999999987,0.033002111209168045,4.4403855065769635,2.3396159724398684,-5.33709102026721,-42.60569733260253,119.252086641643,0.025,0.016249999999999987,610,0,2,0,0.0,21.524346059311398,0.799735877855474,floating-PLL-IQ40,safe_range,selection_envelope,320351,PAL,30,1.5,1000000.0,burst_gain,True,bars,0.39408729742391096,6.5937241973128105,9.531453368786993,16.06328866782159,8.642301412432948
4.213741493725217,42.72088354464952,True,88.98870765370138,610,8,0,2.025,2.025,1000000.0,49.50242266137826,26.800847619834975,-27.709643970635803,2.5357024831725568,83.09934345393059,1000000.0,1000000.0,610,610,2,0,0.0,4.463468197333047,0.41525120974610485,HC50,safe_range,selection_envelope,320351,PAL,30,1.5,1000000.0,contrast;stress_waveform;reference_detail;burst_gain;burst_rmse_ire;h_missing;v_missing;vertical_trains;sync_error_ire;black_error_ire;white_error_ire,False,bars,0.38011332721609054,99.16777890017383,15.273307267471285,19.9534365734993,30.482837059080673
12.0261303694239,91.86197340225254,True,3.5301129234629864,303,2,0,2.025,2.025,2.994312265717356,9.122176199637899,0.2675823140320375,-6.725556391086841,-48.88386799563091,106.0239876024328,1.85,0.575,610,7,2,244,0.4,16.58059907317124,0.4818302114413955,PLL96-board-fixed,safe_range,selection_envelope,320351,PAL,30,1.5,1000000.0,reference_detail;burst_gain;burst_phase_jitter_deg;h_missing;v_missing;vertical_trains,False,bars,0.40884360935714614,-99.70061985250688,22.884888096626497,28.270470876806705,14.996821325643225
12.754176912251511,94.31577191313924,True,0.7628607277289837,0,0,2,0.075,0.06624999999999999,0.03747950259480638,4.480856057981887,0.7649981029550323,-4.327614650522319,-42.832337721933015,108.40490289721588,0.075,0.06624999999999999,610,0,2,0,0.0,23.80536250376515,0.563887017999355,RNG-6248f1c15f7a,safe_range,selection_envelope,320351,PAL,30,1.5,1000000.0,,True,bars,0.7379901423899079,-56.73507013396686,14.322482271507049,26.098837284768788,12.159034441556376
12.897020844155815,93.38978834076153,True,0.7584692597239648,0,0,2,0.075,0.06624999999999999,0.036678152696747165,4.169363073604786,1.1187937002213055,-5.594760806818315,-42.72920888401717,107.29840032864773,0.075,0.06624999999999999,610,0,2,0,0.0,22.87669385596142,0.5722218994997327,RNG-298c693dfb64,safe_range,selection_envelope,320351,PAL,30,1.5,1000000.0,,True,bars,0.7118322089460742,-54.012040480633765,14.224224153967253,25.540700587840593,11.632388330344149
12.262448158808091,91.6599665268131,True,0.6110414052697617,0,0,2,0.125,0.06624999999999999,0.045975314117433955,5.502175577757662,2.9164656660219173,-5.287094816921065,-44.53706894985949,118.83019266028062,0.125,0.06624999999999999,610,0,2,0,0.0,21.6666942628257,0.5459498875883037,RNG-72a7c5e1d3fe,safe_range,selection_envelope,320351,PAL,30,1.5,1000000.0,,True,bars,0.7123273122165891,-57.94210256671618,12.966541419939464,25.397583794960976,12.453638971625546
12.865113320530376,92.46511921324928,True,0.7961104140526977,0,0,2,0.6,0.075,1.3664214510784047,4.7838361646954946,1.3782102098659699,-6.690646855524831,-40.92603188828859,109.53763423418589,0.6,0.075,610,0,2,119,0.19508196721311474,21.960704735801283,0.5634692905409818,RNG-5cc14ad73003,safe_range,selection_envelope,320351,PAL,30,1.5,1000000.0,,False,bars,0.6456155936295236,-67.71022220536474,17.170447754788217,29.72522986121617,12.98219269511712
12.392853451615718,91.42888522015059,True,0.6116687578419072,0,0,2,0.075,0.06624999999999999,0.04450317726730583,4.963849001637898,3.010631532712992,-6.784626504926267,-43.58949638633879,115.90500500499265,0.075,0.06624999999999999,610,0,2,0,0.0,21.333313658301584,0.5533233685548149,RNG-aa363f30cabd,safe_range,selection_envelope,320351,PAL,30,1.5,1000000.0,,True,bars,0.7109717049793383,-56.957570536708936,12.845720404616904,24.19291788743936,12.326098767251041
12.87150259917702,92.38934259869927,True,0.7728983688833124,0,0,2,0.075,0.06624999999999999,0.03681756084920952,4.817502397310501,1.3513307532454886,-7.025174692828013,-42.94788826787656,107.23636234300075,0.075,0.06624999999999999,610,0,2,0,0.0,21.838435723421675,0.5712549166737928,RNG-6ecfa9f95e4b,safe_range,selection_envelope,320351,PAL,30,1.5,1000000.0,,True,bars,0.7014667717365293,-55.11392705248872,14.079700958388743,25.63641338840101,11.755249817591194
12.41022881688761,90.95647812807974,True,0.6041405269761606,0,0,2,0.11374999999999887,0.06624999999999999,0.046142153836332106,5.594301459596345,3.4100815173608447,-6.779388389598531,-44.265895712541976,115.90280018914457,0.11374999999999887,0.06624999999999999,610,0,2,0,0.0,20.919255175405937,0.5547870087777088,RNG-5e0048849b6a,safe_range,selection_envelope,320351,PAL,30,1.5,1000000.0,,True,bars,0.6850384862315984,-57.648210686398926,12.84479652791812,25.1256526177997,12.361602398271119
12.38285890158063,91.03968843140913,True,0.6104140526976161,0,0,2,0.075,0.06624999999999999,0.041673496707965996,4.365750982847612,2.6169117770986534,-8.396186852119856,-44.780599789422155,115.05761209650653,0.075,0.06624999999999999,610,0,2,0,0.0,20.56706348691618,0.5563451142754432,RNG-871c7b8c76a7,safe_range,selection_envelope,320351,PAL,30,1.5,1000000.0,,True,bars,0.7054612605401669,-56.305712463488945,13.620854274781149,24.590990316603655,12.163221151396272
10.064114446329896,93.89350100928374,True,1.7245922208281055,0,0,2,0.1,0.06624999999999999,0.050863446245161426,3.6100117676181624,1.1542110881646483,-4.38135880461978,-42.978099979985394,124.44557643574494,0.1,0.06624999999999999,610,0,2,0,0.0,23.028428659818193,0.45938258704532203,RNG-b6c5b8bb1a7d,safe_range,selection_envelope,320351,PAL,30,1.5,1000000.0,stress_waveform;reference_detail;burst_gain,True,bars,0.7867194384473086,-63.57715066210031,18.384746377788623,28.26472033063752,14.595857471298748
11.763569905459171,92.17987220760854,True,0.6690911499336177,103,4,0,2.025,2.025,2.3349928002396956,2.956459859305391,2.1708306674777553,-5.7351076243213654,-53.21754812879724,120.13793026755553,1.4724999999999995,1.1112499999999996,506,3,2,241,0.4762845849802372,21.238926491532823,0.5459140206891017,OVP56,safe_range,selection_envelope,320351,NTSC,30,1.5,1000000.0,stress_waveform;burst_gain;h_missing;v_missing;vertical_trains,False,bars,0.8801267886393418,-49.0877860851144,30.146594719661596,38.20140150010942,13.130335474090439
11.802324290696035,91.85457194958225,True,0.6570490145017416,182,6,0,2.025,2.025,2.9641420541674366,3.6752978337105406,2.2571353567966677,-5.803098577054042,-54.78411992778204,119.5710093979074,1.6,1.375,506,5,2,256,0.5059288537549407,21.244463548850767,0.5468926320750194,VLP56,safe_range,selection_envelope,320351,NTSC,30,1.5,1000000.0,stress_waveform;burst_gain;h_missing;v_missing;vertical_trains,False,bars,0.8734958113075981,-49.06473666905536,30.016497111341824,38.254634325528485,13.043968238555829
12.917508882110635,90.95727166469955,True,1.3464612679766503,0,0,2,0.1,0.13374999999999995,0.04050081734401908,4.420555292754928,1.9152537475150013,-6.562790436965994,-39.63359391602167,101.87215737173779,0.1,0.13374999999999995,506,0,2,0,0.0,20.061729991746557,0.5744833116778516,RANGE32,safe_range,selection_envelope,320351,NTSC,30,1.5,1000000.0,,True,bars,0.6284505262562541,-56.06954695163828,30.956945668931812,69.45825856485853,12.772913835907094
-6.412422133495478,-78.69366807219558,False,593.9549985398911,506,12,55,2.025,2.025,1000000.0,83.42341960079844,22.182046126507366,-152.39775515673705,-62.90923521056706,65.44451280607737,1000000.0,1000000.0,506,506,2,1167,2.3063241106719365,-6.462417748168465,-0.3514334935910473,PLL96-rejected-board,safe_range,selection_envelope,320351,NTSC,30,1.5,1000000.0,contrast;stress_waveform;reference_detail;burst_gain;burst_phase_jitter_deg;burst_rmse_ire;h_missing;v_missing;vertical_trains;sync_error_ire;black_error_ire;white_error_ire,False,bars,0.4163326740181732,81.0738862847508,38.54667844863042,36.40968461835002,28.75178922298815
9.302947329758588,93.97640756974391,True,6.173099675765504,506,12,0,2.025,2.025,1000000.0,16.094368609761503,-0.2372734991517948,-6.000276418852501,-38.77461409651161,101.9878066272959,1000000.0,1000000.0,506,506,2,0,0.0,12.154552823470633,0.35683346527966237,PLL96-IQ-corrected,safe_range,selection_envelope,320351,NTSC,30,1.5,1000000.0,stress_waveform;reference_detail;burst_phase_jitter_deg;burst_rmse_ire;h_missing;v_missing;vertical_trains;sync_error_ire,False,bars,0.47865684717675944,-96.06726076903273,39.8390114945284,34.752570240214276,17.56490946159223
16.588740976045614,91.32396261626927,True,0.0015052669289845168,0,0,2,0.025,0.025,0.03071930808674022,4.322440528168036,2.161917224396054,-5.626373252952034,-42.586317394537005,118.92395104775284,0.025,0.025,506,0,2,0,0.0,21.322817572741823,0.8101999730944047,floating-PLL-IQ40,safe_range,selection_envelope,320351,NTSC,30,1.5,1000000.0,,True,bars,0.48295287414439364,-4.349907494383947,28.464846774637643,40.011667832435556,8.049430979381112
4.187623404024172,42.65936848562081,True,94.78590588469054,506,12,0,2.025,2.025,1000000.0,49.3376952646309,26.585712898339093,-27.958479772787342,1.0422313578841553,82.81860940794365,1000000.0,1000000.0,506,506,2,0,0.0,4.43167820501314,0.4325578272971962,HC50,safe_range,selection_envelope,320351,NTSC,30,1.5,1000000.0,contrast;stress_waveform;reference_detail;burst_gain;burst_rmse_ire;h_missing;v_missing;vertical_trains;sync_error_ire;black_error_ire;white_error_ire,False,bars,0.4008641207040611,79.94694424279567,28.589972888146978,40.38890269709135,30.451800513232108
11.98002620657254,91.54926066346651,True,3.550924685474475,259,6,0,2.025,2.025,2.933990818919867,9.000534641669574,0.12035511519197571,-7.045954430066447,-48.99108765058027,105.54896878584393,1.75,1.1875,506,8,2,200,0.3952569169960474,16.588036718062842,0.48594869385141426,PLL96-board-fixed,safe_range,selection_envelope,320351,NTSC,30,1.5,1000000.0,reference_detail;burst_phase_jitter_deg;burst_rmse_ire;h_missing;v_missing;vertical_trains,False,bars,0.5717784163729713,-87.69617957808943,37.93698241077426,17.127200725964613,16.06659710418993
12.842574725094995,94.21088223629103,True,0.7134965243386611,0,0,2,0.075,0.075,0.036167020331840924,4.3543096864557445,0.5987198191674974,-4.638403656941081,-41.60036920059237,108.0739943411561,0.075,0.075,506,0,2,0,0.0,23.473910572726858,0.5876526821012903,RNG-6248f1c15f7a,safe_range,selection_envelope,320351,NTSC,30,1.5,1000000.0,,True,bars,0.7860329022508398,-45.401983228473256,31.58752883303217,55.07251869144716,11.825357089521429
12.981054669362564,93.30085124894278,True,0.7082280900872151,0,0,2,0.075,0.061249999999999985,0.03587555345870471,4.040777619322038,0.9459662258912298,-5.9065758860647755,-42.30238067070221,106.39353508135446,0.075,0.061249999999999985,506,0,2,0,0.0,22.604552892734887,0.5952555907111652,RNG-298c693dfb64,safe_range,selection_envelope,320351,NTSC,30,1.5,1000000.0,,True,bars,0.7526887645174036,-43.20380369582582,31.099502684302752,57.65502239925416,11.393627991707904
12.352578361377782,91.60411381282086,True,0.5727540664786086,0,0,2,0.125,0.125,0.04054653794259671,5.361323096684395,2.746113496772391,-5.5918647473281125,-44.65004101487146,118.50048859717367,0.125,0.125,506,0,2,0,0.0,21.53627435378869,0.5690377567478092,RNG-72a7c5e1d3fe,safe_range,selection_envelope,320351,NTSC,30,1.5,1000000.0,,True,bars,0.7825405540141741,-47.29741781811092,32.39713283980266,46.83372771424868,12.189092999945597
12.920642421474799,92.3697577290746,True,0.7729545680335494,0,0,2,0.7375,0.08624999999999998,1.3666771104070894,4.6562081608586094,1.2077907960514611,-6.9939008249708605,-41.07048937184909,109.22071342659993,0.7375,0.08624999999999998,506,0,2,105,0.2075098814229249,21.740217999424857,0.584151884830594,RNG-5cc14ad73003,safe_range,selection_envelope,320351,NTSC,30,1.5,1000000.0,,False,bars,0.6840731405631265,-56.42474208314507,31.168836519169183,65.17996141846385,12.964063171875207
12.484785877085663,91.39791742112276,True,0.568238265691655,0,0,2,0.075,0.08624999999999998,0.03937192173800859,4.829812553371468,2.8311552814305903,-7.089955129937921,-43.3224217385651,115.5775838120611,0.075,0.08624999999999998,506,0,2,0,0.0,21.253599586531806,0.5762661323752367,RNG-aa363f30cabd,safe_range,selection_envelope,320351,NTSC,30,1.5,1000000.0,,True,bars,0.7756709579821496,-46.52122102973693,31.959672099337574,49.32270676755084,12.091842276726373
12.951216893187048,92.30183522826145,True,0.7277965601640138,0,0,2,0.075,0.08624999999999998,0.0360130081900038,4.6920992465362,1.1794579918404429,-7.33926056169455,-42.747959096479946,106.92151004332581,0.075,0.08624999999999998,506,0,2,0,0.0,21.618046344184986,0.5944781464821045,RNG-6ecfa9f95e4b,safe_range,selection_envelope,320351,NTSC,30,1.5,1000000.0,,True,bars,0.7419524282147228,-43.910025419972435,30.9980389622703,58.12510857733272,11.486245773412087
12.500973025689063,90.9174034258933,True,0.5554434967952867,0,0,2,0.09375,0.125,0.042436886408680374,5.454092063426099,3.238611248983076,-7.08465887638807,-44.417936250495515,115.57621592947018,0.09375,0.125,506,0,2,0,0.0,20.85103647644012,0.5774266393607109,RNG-5e0048849b6a,safe_range,selection_envelope,320351,NTSC,30,1.5,1000000.0,,True,bars,0.7441086924957538,-47.137002600464974,32.198645354552234,52.00517882642929,12.170372193976286
12.46903392063796,91.0174217203507,True,0.5674856322271629,0,0,2,0.075,0.075,0.0370943141504529,4.244716027664861,2.4316488654769874,-8.692464386149926,-44.89617653654058,114.73498380142587,0.075,0.075,506,0,2,0,0.0,20.479739662659693,0.579224403586803,RNG-871c7b8c76a7,safe_range,selection_envelope,320351,NTSC,30,1.5,1000000.0,,True,bars,0.760263513134493,-46.05774461460771,31.55955489913425,53.162446011195044,11.987375507729265
10.164492410294525,93.8059208685737,True,2.388858616298428,0,0,2,0.075,0.08624999999999998,0.05035692760785517,3.4810996978725104,0.9818752423971131,-4.702148387829885,-44.78338714330862,124.11252622417462,0.075,0.08624999999999998,506,0,2,0,0.0,22.750031523824873,0.47950798084961077,RNG-b6c5b8bb1a7d,safe_range,selection_envelope,320351,NTSC,30,1.5,1000000.0,stress_waveform;reference_detail,True,bars,0.8061428362282301,-53.56433911222813,31.41681052256637,48.95321662834534,14.71812915275661
16.605717269834102,97.88910346447916,True,0.30928481806775404,0,0,2,0.05,0.04124999999999999,0.020320182973230676,-0.19988988397775076,1.3079577996321556,-1.3247973587264108,-60.03963212262188,119.97595553513789,0.05,0.04124999999999999,610,0,2,0,0.0,28.23668547151495,0.7552188315403983,OVP56,safe_range,selection_envelope,320352,PAL,30,5,1000000.0,,True,bars,0.8299897857520515,-60.1436764560611,8.655064340786236,15.136481481558945,11.778522603642186
17.097782700850583,98.45022275329143,True,0.30050188205771644,0,0,2,0.025,0.025,0.013158865365407385,-0.6719142154412114,1.1283111442941696,-0.8480243273006305,-56.17069035256776,117.6106950633888,0.025,0.025,610,0,2,0,0.0,28.724683781261486,0.7760835126808949,VLP56,safe_range,selection_envelope,320352,PAL,30,5,1000000.0,,True,bars,0.8324823409195787,-60.09290782515633,7.217231054985889,14.285256136970506,11.507032356840217
16.481078398955148,95.87622532330525,True,1.0363864491844417,0,0,2,0.075,0.15624999999999994,0.045301811203975674,0.2404667778011038,1.5380221297685237,-3.8986244570215876,-45.81876896477771,104.2742595995136,0.075,0.15624999999999994,610,0,2,0,0.0,24.818582237895356,0.7442411372500827,RANGE32,safe_range,selection_envelope,320352,PAL,30,5,1000000.0,,True,bars,0.7455377394553884,-60.41207273503588,8.291130992634326,15.596737252471698,11.216274474888735
-6.76683484156075,-82.97180674954689,False,612.9680050188206,610,8,60,2.025,2.025,1000000.0,82.0557870261343,22.031127225318674,-157.6497105325894,-69.2344579540657,68.34094946128054,1000000.0,1000000.0,610,610,2,1562,2.560655737704918,-6.8133187624025915,-0.3692390801850168,PLL96-rejected-board,safe_range,selection_envelope,320352,PAL,30,5,1000000.0,contrast;waveform;detail_floor;sync;h_jitter_us;v_jitter_us;h_width_rmse_us;sync_error_ire;black_error_ire;white_error_ire;contrast;stress_waveform;reference_detail;burst_gain;burst_phase_jitter_deg;burst_amplitude_jitter_pct;burst_rmse_ire;h_missing;v_missing;vertical_trains;sync_error_ire;black_error_ire;white_error_ire,False,bars,0.3227843798869882,65.34309759762935,24.280998533548942,36.101535780590424,28.339870236079374
8.893485858180034,98.65270090574647,True,6.355708908406524,249,2,0,2.025,2.025,3.426876621575598,15.737907260640911,-1.6028971115112984,-1.2187269476524705,-48.59539031574735,107.57345998358535,1.75,1.4125,610,11,2,205,0.3360655737704918,11.543292956571909,0.37318263755918585,PLL96-IQ-corrected,safe_range,selection_envelope,320352,PAL,30,5,1000000.0,waveform;detail_floor;sync;h_jitter_us;v_jitter_us;h_width_rmse_us;sync_error_ire;stress_waveform;reference_detail;burst_gain;burst_phase_jitter_deg;burst_amplitude_jitter_pct;burst_rmse_ire;h_missing;v_missing;vertical_trains;sync_error_ire,False,bars,0.37956666753835094,-112.53944928348196,23.075114818208203,33.68214849700608,17.231937396835516
23.454417310697977,97.55604875445394,True,0.0,0,0,2,0.025,0.025,0.00927715332257109,0.3474012436439977,1.0020989505547986,-0.6041963242878428,-46.10796432662557,110.33199876049888,0.025,0.025,610,0,2,0,0.0,31.23930326374985,0.9526180877953255,floating-PLL-IQ40,safe_range,selection_envelope,320352,PAL,30,5,1000000.0,,True,bars,0.5221242763309976,17.25421354950829,5.403281816746388,9.793751579542148,6.3904726927117945
4.494915653658483,44.7471244274111,True,88.45232120451693,610,8,0,2.025,2.025,1000000.0,48.2920028076284,26.555023170806233,-26.381540177507034,3.1818422334462184,83.23101891743495,1000000.0,1000000.0,610,610,2,0,0.0,4.643517050775223,0.6236118464801672,HC50,safe_range,selection_envelope,320352,PAL,30,5,1000000.0,contrast;waveform;detail_floor;sync;h_jitter_us;v_jitter_us;h_width_rmse_us;sync_error_ire;black_error_ire;white_error_ire;contrast;stress_waveform;reference_detail;burst_gain;burst_rmse_ire;h_missing;v_missing;vertical_trains;sync_error_ire;black_error_ire;white_error_ire,False,bars,0.41807191562520063,98.99927762954752,6.8696671589870615,12.0058045382756,30.244822968374525
11.834419300453956,98.48765593613513,True,3.703262233375157,0,0,2,0.075,0.075,0.04885995376550425,3.6440316994770083,-1.4263226727986937,-2.336287421630483,-58.91930206462258,111.95561227864009,0.075,0.075,610,0,2,0,0.0,16.810905906069674,0.48164321440913427,PLL96-board-fixed,safe_range,selection_envelope,320352,PAL,30,5,1000000.0,waveform;detail_floor;stress_waveform;reference_detail;burst_gain;burst_phase_jitter_deg;burst_amplitude_jitter_pct;burst_rmse_ire,True,bars,0.4342816865210887,-99.9327425127433,23.626429422744078,32.11138028646378,15.770775270233214
15.556854770229867,100.38779826222043,True,0.3462986198243413,0,0,2,0.05,0.05,0.04101678984489556,0.23852004939436586,-0.9825566372048151,-0.11400479971945034,-46.2273301836362,110.31915602953423,0.05,0.05,610,0,2,0,0.0,28.442300457789056,0.7157503452701967,RNG-6248f1c15f7a,safe_range,selection_envelope,320352,PAL,30,5,1000000.0,burst_phase_jitter_deg,True,bars,0.8023871785459195,-57.685653906725264,13.740652542390084,24.715668368851837,11.84677174090114
15.721949111671375,99.62063770896867,True,0.31053952321204514,0,0,2,0.05,0.05,0.03549994227656355,-0.03332210376194481,-0.7873866810414282,-1.4910367030971552,-46.52999234590007,110.53059547212048,0.05,0.05,610,0,2,0,0.0,28.522493772598988,0.7205536948349414,RNG-298c693dfb64,safe_range,selection_envelope,320352,PAL,30,5,1000000.0,,True,bars,0.7933257491216907,-57.15113390798415,12.91121840315786,24.857565958772916,11.619249963118051
15.179432836646264,97.8439843384332,True,0.29046424090338774,0,0,2,0.1,0.06624999999999999,0.052411126962775736,1.4640586550752122,1.3672773881328424,-0.7352551344103125,-49.2474983442209,121.24205860901667,0.1,0.06624999999999999,610,0,2,0,0.0,29.364415795791135,0.6900560646206128,RNG-72a7c5e1d3fe,safe_range,selection_envelope,320352,PAL,30,5,1000000.0,stress_waveform;reference_detail;burst_phase_jitter_deg,True,bars,0.7798377527670145,-62.308519630986616,14.448064747616844,24.83857030361964,12.32792213486169
16.852968769410186,98.90415930719229,True,0.5539523212045169,0,0,2,0.05,0.05,0.02666581282786054,-0.0669177018473207,0.3045604083293529,-1.0819243446165407,-46.756714599433884,110.0442305540055,0.05,0.05,610,0,2,0,0.0,28.8220148182682,0.7553933534226768,RNG-5cc14ad73003,safe_range,selection_envelope,320352,PAL,30,5,1000000.0,,True,bars,0.737788756451963,-64.59428356446584,9.415390967718755,16.50531403716624,11.81170200306997
15.320846474836312,97.444557277452,True,0.280426599749059,0,0,2,0.075,0.06624999999999999,0.042101555596041305,1.1017149765088328,1.619170432960505,-2.214298170123965,-49.26554664462046,118.85150199506536,0.075,0.06624999999999999,610,0,2,0,0.0,28.477683779890356,0.6965491723560253,RNG-aa363f30cabd,safe_range,selection_envelope,320352,PAL,30,5,1000000.0,stress_waveform;reference_detail;burst_phase_jitter_deg,True,bars,0.7803754923357049,-62.06450383927881,14.018190474270757,24.04667662892138,12.276160689223328
15.770708889924244,98.80556436076999,True,0.3337515683814304,0,0,2,0.05,0.05,0.031945137396459704,0.2680089947328766,-0.532098820683012,-2.43287589263798,-46.68679078066985,109.11595300045438,0.05,0.05,610,0,2,0,0.0,28.307446695188187,0.7191962484555656,RNG-6ecfa9f95e4b,safe_range,selection_envelope,320352,PAL,30,5,1000000.0,,True,bars,0.7726374221838173,-58.314336664270236,13.249686202309729,24.297615520594,11.60143675908221
15.313348876387252,96.88605678209898,True,0.2791718946047679,0,0,2,0.1,0.06624999999999999,0.05087351721768764,1.6166693364377964,1.980135395064735,-2.3416606503645734,-48.10168447674998,118.57671434013652,0.1,0.06624999999999999,610,0,2,0,0.0,27.69083470279859,0.6961205442181455,RNG-5e0048849b6a,safe_range,selection_envelope,320352,PAL,30,5,1000000.0,stress_waveform;reference_detail;burst_phase_jitter_deg;burst_amplitude_jitter_pct,True,bars,0.7446613930048624,-62.163732644802934,14.328155924792513,25.624608174494654,12.183083254259804
15.348379835296482,96.72619161075656,True,0.27603513174404015,0,0,2,0.075,0.06624999999999999,0.03802231872613078,0.6301051829257135,1.5989159425911739,-3.964437000536581,-49.95923698178052,118.58728710655667,0.075,0.06624999999999999,610,0,2,0,0.0,26.565675973524748,0.7003699862233826,RNG-871c7b8c76a7,safe_range,selection_envelope,320352,PAL,30,5,1000000.0,stress_waveform;reference_detail;burst_phase_jitter_deg,True,bars,0.769969868175842,-61.788686831189715,13.86984444125896,25.236717952219344,12.273067985704525
15.008194930412506,99.89644568583547,True,0.0959849435382685,0,0,2,0.05,0.04124999999999999,0.04136502839078552,0.16666312744831505,-0.6086705407901909,-0.47018429827119196,-49.344426961500425,127.37501183371505,0.05,0.04124999999999999,610,0,2,0,0.0,30.098889486037834,0.7062569557163256,RNG-b6c5b8bb1a7d,safe_range,selection_envelope,320352,PAL,30,5,1000000.0,stress_waveform;reference_detail;burst_phase_jitter_deg,True,bars,0.944721807338168,-52.292354995871605,15.036971081584447,23.222684826956893,11.846825935841691
16.773323976178226,97.84863763512602,True,0.3401903259505008,0,0,2,0.05,0.036249999999999984,0.02079211997282689,-0.17611867691144395,1.3096537509999988,-1.454513235398153,-57.453857545129445,121.78303925471363,0.05,0.036249999999999984,506,0,2,0,0.0,28.16675216780888,0.7739244741126444,OVP56,safe_range,selection_envelope,320352,NTSC,30,5,1000000.0,,True,bars,0.8902697422256014,-48.365696729285276,7.378497787120356,12.71927309258356,11.28349754550883
17.29574522135512,98.42076208456632,True,0.3055691865838569,0,0,2,0.025,0.025,0.012671745046742547,-0.6439227526967567,1.1233189985545375,-0.9659517615515247,-52.90572529503928,122.38814959781388,0.025,0.025,506,0,2,0,0.0,28.67256139680777,0.7947124336144243,VLP56,safe_range,selection_envelope,320352,NTSC,30,5,1000000.0,,True,bars,0.8940537339967273,-48.35902514616734,5.884129130898393,11.410598376623474,11.040820256993937
16.62574934254875,95.8253198151409,True,1.0288499459609173,0,0,2,0.075,0.05,0.043741176411180256,0.2543178426706139,1.5414420266087807,-4.016383434501162,-45.792231083869815,103.45553797664004,0.075,0.05,506,0,2,0,0.0,24.768278644351458,0.7630154949783764,RANGE32,safe_range,selection_envelope,320352,NTSC,30,5,1000000.0,,True,bars,0.7979589017017633,-48.46073356071408,7.355136487828277,13.779378186300384,10.748731769009618
-6.662742589280745,-82.56274776632017,False,612.2056074203639,506,12,48,2.025,2.025,1000000.0,81.98591068483563,22.02905987879824,-157.59147385518338,-69.14444462802184,68.26334626235291,1000000.0,1000000.0,506,506,2,1317,2.602766798418972,-6.711434977811431,-0.35675284752201003,PLL96-rejected-board,safe_range,selection_envelope,320352,NTSC,30,5,1000000.0,contrast;waveform;detail_floor;sync;h_jitter_us;v_jitter_us;h_width_rmse_us;sync_error_ire;black_error_ire;white_error_ire;contrast;stress_waveform;reference_detail;burst_gain;burst_phase_jitter_deg;burst_amplitude_jitter_pct;burst_rmse_ire;h_missing;v_missing;vertical_trains;sync_error_ire;black_error_ire;white_error_ire,False,bars,0.43937506467434273,83.17541317486065,36.67985283508688,27.638727076421723,28.927396025245198
8.862686128488598,98.0800476856926,True,6.484689930065298,190,2,0,2.025,2.025,3.414963813585916,15.741472832160918,-1.6616340516824781,-1.3364969462304186,-42.96704636738889,107.4515775138444,1.8125,0.6224999999999989,506,5,2,205,0.4051383399209486,11.615153706491716,0.36010887779015094,PLL96-IQ-corrected,safe_range,selection_envelope,320352,NTSC,30,5,1000000.0,waveform;detail_floor;sync;h_jitter_us;v_jitter_us;h_width_rmse_us;sync_error_ire;stress_waveform;reference_detail;burst_gain;burst_phase_jitter_deg;burst_amplitude_jitter_pct;burst_rmse_ire;h_missing;v_missing;vertical_trains;sync_error_ire,False,bars,0.5091342995031904,-95.04977081101313,36.27707296922328,27.9558255329965,18.220592138415416
23.938666829860008,97.45906044296218,True,0.0,0,0,2,0.025,0.025,0.009752368720068674,0.3913539264442863,0.9971125503687779,-0.7200386333318156,-46.74907072154048,110.96773867353463,0.025,0.025,506,0,2,0,0.0,31.003559238242087,0.9616927828828159,floating-PLL-IQ40,safe_range,selection_envelope,320352,NTSC,30,5,1000000.0,,True,bars,0.6240081227076155,8.273024556981476,3.8886314621702938,7.78162325431819,5.542500826621465
4.452826090686116,44.716285470176516,True,94.32378893749228,506,12,0,2.025,2.025,1000000.0,48.30278041963108,26.51613253105532,-26.453345801169096,4.301507466067363,83.86242516940754,1000000.0,1000000.0,506,506,2,0,0.0,4.595415778625154,0.6401527446403812,HC50,safe_range,selection_envelope,320352,NTSC,30,5,1000000.0,contrast;waveform;detail_floor;sync;h_jitter_us;v_jitter_us;h_width_rmse_us;sync_error_ire;black_error_ire;white_error_ire;contrast;stress_waveform;reference_detail;burst_gain;burst_rmse_ire;h_missing;v_missing;vertical_trains;sync_error_ire;black_error_ire;white_error_ire,False,bars,0.44529620587857366,80.53773228894673,5.224123861824182,9.35373168879815,30.358862076569405
11.825985035263418,98.20868554900643,True,3.7594041551388306,0,0,2,0.075,0.1424999999999999,0.050012350253368545,3.6744819929692434,-1.3691334173495688,-2.4586157726418807,-58.63551615954926,111.92297483547452,0.075,0.1424999999999999,506,0,2,0,0.0,16.941081160937955,0.4836306238794983,PLL96-board-fixed,safe_range,selection_envelope,320352,NTSC,30,5,1000000.0,waveform;detail_floor;stress_waveform;reference_detail;burst_phase_jitter_deg;burst_rmse_ire,True,bars,0.6019121703174806,-86.58651235881906,32.08831649228195,18.938217609708083,16.70247456583556
15.711362286167914,100.28344978741553,True,0.3544903617758537,0,0,2,0.05,0.05,0.04034804117770118,0.2642059308111427,-0.9774811708149983,-0.23534273806901593,-45.16265377026592,110.19405385655685,0.05,0.05,506,0,2,0,0.0,28.524771527309905,0.7337149123032698,RNG-6248f1c15f7a,safe_range,selection_envelope,320352,NTSC,30,5,1000000.0,,True,bars,0.8596803342037915,-46.37616896406517,11.075798408477427,19.458970030809887,11.460249089708352
15.879312808717653,99.53636576126698,True,0.32137448933819435,0,0,2,0.05,0.05,0.03450668721350389,-0.0010694828382236852,-0.7824596217569628,-1.6124470488636191,-46.421114616308984,110.41748707632325,0.05,0.05,506,0,2,0,0.0,28.54089313471956,0.7386104214070526,RNG-298c693dfb64,safe_range,selection_envelope,320352,NTSC,30,5,1000000.0,,True,bars,0.8474125828045302,-45.99625873839575,10.770433121887818,19.939388921394748,11.261502840947346
15.309642687856389,97.77376859121387,True,0.28148491572010464,0,0,2,0.1,0.07249999999999997,0.04850787393807417,1.4857090846452237,1.3690633753876298,-0.8506004935950711,-49.21768490024954,121.10921886633062,0.1,0.07249999999999997,506,0,2,0,0.0,29.32556486945131,0.7082259893530719,RNG-72a7c5e1d3fe,safe_range,selection_envelope,320352,NTSC,30,5,1000000.0,stress_waveform;reference_detail,True,bars,0.8371895712594499,-50.968031814270375,11.205622272886675,17.168778935226264,12.01547521674302
16.98804494450326,98.83426219142306,True,0.5674856322271629,0,0,2,0.05,0.05,0.026064301757134346,-0.0418990654165541,0.3139371938722966,-1.2014613654314217,-46.72263482513306,109.21632233847296,0.05,0.05,506,0,2,0,0.0,28.848347821294034,0.7715419439137684,RNG-5cc14ad73003,safe_range,selection_envelope,320352,NTSC,30,5,1000000.0,,True,bars,0.8047559280150007,-52.87938371887085,8.057001846400135,14.578487271965585,11.545219674136998
15.456051678812075,97.41069729558286,True,0.2747112145396743,0,0,2,0.075,0.061249999999999985,0.040607418664486486,1.116510339745919,1.6222784038391171,-2.322219480995283,-49.23571282655435,118.7167551628666,0.075,0.061249999999999985,506,0,2,0,0.0,28.476797546743626,0.714923945419166,RNG-aa363f30cabd,safe_range,selection_envelope,320352,NTSC,30,5,1000000.0,stress_waveform;reference_detail,True,bars,0.8419769885190433,-50.78537705688652,10.702342717450092,17.51694999129292,12.01102038257891
15.913131549333077,98.72812240977026,True,0.3439534932729621,0,0,2,0.05,0.05,0.029904327023084088,0.2977600047237954,-0.5281481652853975,-2.550255206029965,-45.82331584810594,109.60500663010944,0.05,0.05,506,0,2,0,0.0,28.27443643104665,0.7367641255610716,RNG-6ecfa9f95e4b,safe_range,selection_envelope,320352,NTSC,30,5,1000000.0,,True,bars,0.8278835415029344,-47.174516773264585,10.754812357749643,19.746850205982764,11.303281981297353
15.443547885571341,96.8428596345425,True,0.2747112145396743,0,0,2,0.1,0.07249999999999997,0.04642612815531865,1.6244245113587612,1.981616817846914,-2.4495637567559583,-48.01302740710577,118.4445579794174,0.1,0.07249999999999997,506,0,2,0,0.0,27.66134995026573,0.7140217107949463,RNG-5e0048849b6a,safe_range,selection_envelope,320352,NTSC,30,5,1000000.0,stress_waveform;reference_detail,True,bars,0.8056572459029282,-50.89273215909823,10.982364674036024,18.19990288558808,11.927682449700612
15.482427096987855,96.7181732225211,True,0.27019541375272077,0,0,2,0.075,0.05,0.03659143077722038,0.6416700609890532,1.5960681473205514,-4.073969832774731,-50.238153039156025,118.44491728105032,0.075,0.05,506,0,2,0,0.0,26.579350471305155,0.7186773155153927,RNG-871c7b8c76a7,safe_range,selection_envelope,320352,NTSC,30,5,1000000.0,stress_waveform;reference_detail,True,bars,0.8349435311720288,-50.587384030672816,10.331984291228808,18.89093486806469,12.043761982414294
15.224932643700306,99.83794791919095,True,0.10762658542239295,0,0,2,0.05,0.05,0.041939161658674236,0.19377089025542588,-0.6071508083876247,-0.6002728731561146,-49.30138243789652,125.95729245990461,0.05,0.05,506,0,2,0,0.0,30.108531628784682,0.7285740721551413,RNG-b6c5b8bb1a7d,safe_range,selection_envelope,320352,NTSC,30,5,1000000.0,stress_waveform;reference_detail,True,bars,0.980173045365163,-39.8141814421477,12.143301560831405,20.076811544422924,10.783255856133584
15.780325874977319,97.20797323022157,True,0.39209535759096614,0,0,2,0.05,0.04124999999999999,0.018746584388349474,0.593622512070034,1.0806660493806062,-1.5664767402518822,-52.651734990298785,123.63833727965124,0.05,0.04124999999999999,610,0,2,0,0.0,27.876239301181197,0.7177594185700509,OVP56,safe_range,selection_envelope,320353,PAL,30,3,500000.0,,True,bars,0.8472308844532745,-60.69383799808328,16.592572450299116,21.74854801519803,12.250174206415123
15.997882367356969,97.05382742150682,True,0.3644918444165621,0,0,2,0.05,0.025,0.01708824732736835,0.7533543984273784,1.5972958433033602,-1.3451858549023457,-51.706530242803694,121.06692116227791,0.05,0.025,610,0,2,0,0.0,28.018966953932857,0.726872568644232,VLP56,safe_range,selection_envelope,320353,PAL,30,3,500000.0,,True,bars,0.8450792655387742,-60.723346641953505,17.25783381247181,22.1449698050261,12.059264559707508
15.876066856235742,96.30211497377327,True,0.7340025094102886,0,0,2,0.075,0.075,0.05563530250880192,1.867530675597889,2.241397882750501,-0.6318150945709835,-42.002890135107904,109.75388783076406,0.075,0.075,610,0,2,0,0.0,25.26256508856688,0.7125579697853289,RANGE32,safe_range,selection_envelope,320353,PAL,30,3,500000.0,,True,bars,0.7541597946980836,-65.6921826652807,15.442415225603373,21.299580346567193,12.483373160068696
-6.367533210310279,-96.5873145481191,False,660.3437892095358,610,8,42,2.025,2.025,1000000.0,136.19876155708548,39.30056958887812,-142.16299513408487,-56.6601690405263,108.52927043438544,1000000.0,1000000.0,610,610,2,1221,2.001639344262295,-6.4041299860075895,-0.3772542672516797,PLL96-rejected-board,safe_range,selection_envelope,320353,PAL,30,3,500000.0,contrast;waveform;detail_floor;sync;h_jitter_us;v_jitter_us;h_width_rmse_us;sync_error_ire;black_error_ire;white_error_ire;contrast;stress_waveform;reference_detail;burst_gain;burst_phase_jitter_deg;burst_amplitude_jitter_pct;burst_rmse_ire;h_missing;v_missing;vertical_trains;sync_error_ire;black_error_ire;white_error_ire,False,bars,0.2744438309022438,53.73197310649642,30.781541537783475,53.199066117861776,43.02912241744412
9.480983882507694,102.83078511524818,True,5.9930991217064,0,0,2,0.3,0.2387499999999999,0.10460699283900514,2.246494278710792,2.232932901030383,5.4834979348276995,-52.68977121518588,114.14685287166367,0.3,0.23874999999999993,610,0,2,0,0.0,12.525650404739254,0.3747864451298783,PLL96-IQ-corrected,safe_range,selection_envelope,320353,PAL,30,3,500000.0,waveform;detail_floor;white_error_ire;stress_waveform;reference_detail;burst_gain;burst_phase_jitter_deg;burst_amplitude_jitter_pct;burst_rmse_ire,True,bars,0.3095613599653402,-122.54171628630863,30.382141055421958,57.723143060750395,17.61941761600068
21.55607706313912,95.91471114649441,True,0.0,0,0,2,0.025,0.016249999999999987,0.018746584388349474,2.233657973468217,2.317572355504091,-0.6075015027041454,-45.52951778183493,112.97052035711351,0.025,0.016249999999999987,610,0,2,0,0.0,27.422861323430197,0.9313727572852222,floating-PLL-IQ40,safe_range,selection_envelope,320353,PAL,30,3,500000.0,,True,bars,0.5370810853615496,13.026290474077244,6.766942014475278,10.84327054810406,6.4483865017269455
3.5597238931609954,44.25734269105002,True,95.3676286072773,610,8,0,2.025,2.025,1000000.0,54.69398394395329,32.536808585302545,-20.909290152387303,9.431268112443647,90.27125148433646,1000000.0,1000000.0,610,610,2,0,0.0,3.672843432192556,0.5575517135646736,HC50,safe_range,selection_envelope,320353,PAL,30,3,500000.0,contrast;waveform;detail_floor;sync;h_jitter_us;v_jitter_us;h_width_rmse_us;sync_error_ire;black_error_ire;white_error_ire;contrast;stress_waveform;reference_detail;burst_gain;burst_rmse_ire;h_missing;v_missing;vertical_trains;sync_error_ire;black_error_ire;white_error_ire,False,bars,0.4080191970960224,98.25750495646774,13.675065298404556,18.730313470422594,35.77265101995693
12.376773176361887,102.21058889431589,True,3.9209535759096616,0,0,2,0.075,0.06624999999999999,0.0638100408358701,-2.5745815275019637,-2.042226971646348,0.8598663343642555,-50.6422188876623,114.92753735794875,0.075,0.06624999999999999,610,0,2,0,0.0,16.82106099130563,0.5222182930810598,PLL96-board-fixed,safe_range,selection_envelope,320353,PAL,30,3,500000.0,waveform;detail_floor;stress_waveform;reference_detail;burst_gain;burst_phase_jitter_deg;burst_amplitude_jitter_pct,True,bars,0.4622731947210251,-96.90826462412227,28.769091222640157,32.698541947170604,15.062842607247958
9.399113036732059,91.70249993163063,True,14.233375156838143,610,8,0,2.025,2.025,1000000.0,21.700212374138342,0.3582492331522123,0.19169863729948283,-54.13532247294412,118.8728326956336,1000000.0,1000000.0,610,610,2,25,0.040983606557377046,15.504357396407432,0.4604338938236245,RNG-6248f1c15f7a,safe_range,selection_envelope,320353,PAL,30,3,500000.0,waveform;detail_floor;sync;h_jitter_us;v_jitter_us;h_width_rmse_us;sync_error_ire;stress_waveform;reference_detail;h_missing;v_missing;vertical_trains;sync_error_ire,False,bars,0.7272569009581813,-68.88508473635852,16.36022242512833,23.623898111564735,12.817573159405278
10.198367912479567,91.51509646841608,True,12.36072772898369,610,8,0,2.025,2.025,1000000.0,20.100751133693777,0.760973459013812,-1.359043315889857,-54.280522128026334,118.04677578572057,1000000.0,1000000.0,610,610,2,25,0.040983606557377046,16.19639045141073,0.49495963402274645,RNG-298c693dfb64,safe_range,selection_envelope,320353,PAL,30,3,500000.0,waveform;detail_floor;sync;h_jitter_us;v_jitter_us;h_width_rmse_us;sync_error_ire;stress_waveform;reference_detail;h_missing;v_missing;vertical_trains;sync_error_ire,False,bars,0.7268248722147924,-66.81178202947596,16.893275064347236,24.139109278506993,12.48583105803674
9.995597311286797,89.89011212780616,True,11.094730238393977,609,8,0,2.025,2.025,3.7,21.139743206702086,2.1433928329900223,-1.1274623358192355,-52.28945246726222,123.25024190580268,0.025,1000000.0,610,348,2,53,0.08688524590163935,15.564625094508092,0.48580909084333745,RNG-72a7c5e1d3fe,safe_range,selection_envelope,320353,PAL,30,3,500000.0,waveform;detail_floor;sync;h_jitter_us;v_jitter_us;h_width_rmse_us;sync_error_ire;stress_waveform;reference_detail;h_missing;v_missing;vertical_trains;sync_error_ire,False,bars,0.7007293715933642,-68.19995520078955,18.788619155188382,25.012341570631087,12.852787939161336
15.925420873636387,98.25153775785873,True,0.4686323713927227,0,0,2,0.075,0.075,0.06162917927171283,2.2154313942973802,1.524968442252633,0.1914220251835062,-43.771059851252616,115.95030208890125,0.075,0.075,610,0,2,0,0.0,27.049125644173728,0.7129680495771931,RNG-5cc14ad73003,safe_range,selection_envelope,320353,PAL,30,3,500000.0,,True,bars,0.6085067603188012,-70.43626307198798,14.489019761517351,19.517689119623437,12.161191195589643
10.869847978820456,90.64654445405311,True,9.455457967377667,602,8,0,2.025,2.025,3.7,19.000993056475927,2.6599843603225937,-1.642073272982431,-51.498447080069056,121.57796758873076,0.05,1000000.0,610,231,2,53,0.08688524590163935,16.39341081467796,0.526090362274605,RNG-aa363f30cabd,safe_range,selection_envelope,320353,PAL,30,3,500000.0,waveform;detail_floor;sync;h_jitter_us;v_jitter_us;h_width_rmse_us;sync_error_ire;stress_waveform;reference_detail;h_missing;v_missing;vertical_trains;sync_error_ire,False,bars,0.7088456649307964,-68.0765595580851,18.948508540114116,23.18328147025263,12.868495935135186
10.018325450747662,90.09920394584691,True,12.923462986198244,610,8,0,2.025,2.025,1000000.0,22.165852611725697,1.2911208378060992,-1.917136299574032,-52.353100445838315,117.12051961887258,1000000.0,1000000.0,610,610,2,17,0.027868852459016394,15.421110251548,0.4897762320563587,RNG-6ecfa9f95e4b,safe_range,selection_envelope,320353,PAL,30,3,500000.0,waveform;detail_floor;sync;h_jitter_us;v_jitter_us;h_width_rmse_us;sync_error_ire;stress_waveform;reference_detail;h_missing;v_missing;vertical_trains;sync_error_ire,False,bars,0.7175145586911986,-67.41610656181095,18.126117723807663,24.20053758314857,12.511278678522574
10.539604222413871,89.15260701555302,True,10.195106649937264,609,8,0,2.025,2.025,3.7,21.301700775929625,3.4346132197414594,-1.7806821658276077,-51.70687281704355,121.53518957664406,0.025,1000000.0,610,348,2,51,0.08360655737704918,15.446032711381836,0.5183768782130622,RNG-5e0048849b6a,safe_range,selection_envelope,320353,PAL,30,3,500000.0,waveform;detail_floor;sync;h_jitter_us;v_jitter_us;h_width_rmse_us;sync_error_ire;stress_waveform;reference_detail;h_missing;v_missing;vertical_trains;sync_error_ire,False,bars,0.6793270823318116,-68.54109269643205,19.63000828049912,23.79585668925093,12.933135913935688
11.72419949464735,90.72478523103858,True,9.98306148055207,602,8,0,2.025,2.025,3.7,17.238658950357173,3.0431504534217853,-2.6947981299141093,-50.838057469877405,121.53601689290218,0.05,1000000.0,610,231,2,48,0.07868852459016394,17.080812899571704,0.5661022529150912,RNG-871c7b8c76a7,safe_range,selection_envelope,320353,PAL,30,3,500000.0,waveform;detail_floor;sync;h_jitter_us;v_jitter_us;h_width_rmse_us;sync_error_ire;stress_waveform;reference_detail;h_missing;v_missing;vertical_trains;sync_error_ire,False,bars,0.7142815803315188,-68.07311522381569,19.220036152689808,21.902420358097142,12.93658309574996
14.548676777553357,98.75930621670295,True,0.11543287327478043,0,0,2,0.075,0.075,0.07114404690370141,1.6922586359551997,-0.35623895346634615,-1.3539343846975955,-43.39849724375996,128.16923952751907,0.075,0.075,610,0,2,0,0.0,28.617024450011176,0.679507803287368,RNG-b6c5b8bb1a7d,safe_range,selection_envelope,320353,PAL,30,3,500000.0,stress_waveform;reference_detail,True,bars,0.9068431243857693,-54.69170445782913,17.77688027461503,22.216728694260947,11.885923294841627
15.935314801474313,97.24734798033943,True,0.3447061267374544,0,0,2,0.05,0.05,0.01849714217858271,0.529177193301218,1.0360680413828927,-1.681815115095596,-52.9400067346315,123.2356803467249,0.05,0.05,506,0,2,0,0.0,27.7871624920161,0.7387560068118149,OVP56,safe_range,selection_envelope,320353,NTSC,30,3,500000.0,,True,bars,0.9103006366266251,-48.1224925631885,9.850619929252423,14.978007655886358,11.634190817806388
16.15927414195898,97.06609801889778,True,0.311590254299795,0,0,2,0.05,0.036249999999999984,0.016559271909296253,0.7286387211614065,1.5562921498271411,-1.4569370966833044,-51.310421347052575,120.96681532165925,0.05,0.036249999999999984,506,0,2,0,0.0,27.982398390639727,0.747409059981709,VLP56,safe_range,selection_envelope,320353,NTSC,30,3,500000.0,,True,bars,0.8989249026118258,-48.359473294695846,8.510918689985216,13.852618817948137,11.475147056675725
16.00784993323921,96.29644127469572,True,0.6811332853654938,0,0,2,0.075,0.08624999999999998,0.053265406760037534,1.813060440499965,2.2033570176626953,-0.7614313468352641,-45.72647435093787,110.09546919307269,0.075,0.08624999999999998,506,0,2,0,0.0,25.272277831649475,0.7322738002345178,RANGE32,safe_range,selection_envelope,320353,NTSC,30,3,500000.0,,True,bars,0.8357900276361978,-52.87337669268677,11.315755429224726,15.77595904368616,12.08235146145071
-6.311156917829973,-96.50334445083142,False,660.356838578185,506,12,37,2.025,2.025,1000000.0,136.47663503665714,39.20435389635417,-142.13819981707303,-56.60650610492407,108.40288059538798,1000000.0,1000000.0,506,506,2,989,1.9545454545454546,-6.354001820742702,-0.3490207469457133,PLL96-rejected-board,safe_range,selection_envelope,320353,NTSC,30,3,500000.0,contrast;waveform;detail_floor;sync;h_jitter_us;v_jitter_us;h_width_rmse_us;sync_error_ire;black_error_ire;white_error_ire;contrast;stress_waveform;reference_detail;burst_phase_jitter_deg;burst_rmse_ire;h_missing;v_missing;vertical_trains;sync_error_ire;black_error_ire;white_error_ire,False,bars,0.608344739706012,64.3113304424434,22.981508393993163,24.584636077718873,42.07496615786995
9.422390081448038,102.09998634893097,True,6.1565417395466735,0,0,2,0.3,0.37249999999999994,0.10065251538712254,2.2162172496937416,2.1943917547777754,5.3502066404245205,-52.73255349105089,113.97364566187397,0.3,0.37249999999999994,506,0,2,0,0.0,12.699556409395676,0.3459635535138919,PLL96-IQ-corrected,safe_range,selection_envelope,320353,NTSC,30,3,500000.0,waveform;detail_floor;v_jitter_us;white_error_ire;stress_waveform;reference_detail;burst_phase_jitter_deg;burst_rmse_ire,True,bars,0.6844986642066897,-112.75126508313389,22.840555237484725,24.937467608848557,20.366826322829542
21.850555662817825,95.86921090279068,True,0.0,0,0,2,0.025,0.025,0.018860838403857945,2.2201854778497863,2.2725938192695954,-0.7199620288280125,-44.819739223906666,112.74390332791842,0.025,0.025,506,0,2,0,0.0,27.410205584045784,0.9405768147436522,floating-PLL-IQ40,safe_range,selection_envelope,320353,NTSC,30,3,500000.0,,True,bars,0.6438398138877685,4.76159021203949,7.212555847813183,9.798462440700074,5.707609428275567
3.5000346480374316,44.23511489145263,True,101.51294379032234,506,12,0,2.025,2.025,1000000.0,54.66012851132219,32.45952438661884,-21.002996760158034,10.158158267314718,90.15463942349365,1000000.0,1000000.0,506,506,2,0,0.0,3.606534709538751,0.5739043229088658,HC50,safe_range,selection_envelope,320353,NTSC,30,3,500000.0,contrast;waveform;detail_floor;sync;h_jitter_us;v_jitter_us;h_width_rmse_us;sync_error_ire;black_error_ire;white_error_ire;contrast;stress_waveform;reference_detail;burst_gain;burst_rmse_ire;h_missing;v_missing;vertical_trains;sync_error_ire;black_error_ire;white_error_ire,False,bars,0.44149909904627305,80.68977096895286,11.536670713597266,16.650721469286346,35.86358637735002
12.356780694596205,101.99696995018931,True,3.961862557087248,0,0,2,0.075,0.075,0.06854645578576994,-2.6460620644175505,-2.069828060668702,0.747433413310484,-49.26020370497082,114.70235087929075,0.075,0.075,506,0,2,0,0.0,16.891687094527402,0.52728722468661,PLL96-board-fixed,safe_range,selection_envelope,320353,NTSC,30,3,500000.0,waveform;detail_floor;stress_waveform;reference_detail;burst_phase_jitter_deg;burst_amplitude_jitter_pct;burst_rmse_ire,True,bars,0.5878637472691035,-80.68443842871619,22.46400504228782,31.530087860501112,15.768232345972468
9.25859771078018,91.34196666652564,True,15.147501106371193,506,12,0,2.025,2.025,1000000.0,21.839339680294497,0.31571960199047017,0.07282681910217167,-55.57328513162283,118.83096000012813,1000000.0,1000000.0,506,506,2,18,0.03557312252964427,15.27178263651621,0.46916560154840375,RNG-6248f1c15f7a,safe_range,selection_envelope,320353,NTSC,30,3,500000.0,waveform;detail_floor;sync;h_jitter_us;v_jitter_us;h_width_rmse_us;sync_error_ire;stress_waveform;reference_detail;h_missing;v_missing;vertical_trains;sync_error_ire,False,bars,0.8118343325338306,-55.64972986457859,15.187888186315352,19.57419591372114,12.51851130428028
10.067512973808817,91.18764909112174,True,13.148506624679754,506,12,0,2.025,2.025,1000000.0,20.254205539674466,0.7189762929462388,-1.4770034717919023,-55.07295860976941,118.82925416190983,1000000.0,1000000.0,506,506,2,18,0.03557312252964427,15.954784757121823,0.5045418970011257,RNG-298c693dfb64,safe_range,selection_envelope,320353,NTSC,30,3,500000.0,waveform;detail_floor;sync;h_jitter_us;v_jitter_us;h_width_rmse_us;sync_error_ire;stress_waveform;reference_detail;h_missing;v_missing;vertical_trains;sync_error_ire,False,bars,0.8029337309967184,-53.924755516917074,14.022133108705148,17.828433699987446,12.155007564093944
9.889212869433328,89.61876700932113,True,11.707966173641571,502,12,0,2.025,2.025,3.7,21.119008160280234,2.1024715964406755,-1.2457410385156977,-52.29648164775089,123.04399555108134,0.025,1000000.0,506,258,2,37,0.07312252964426877,15.368439151600848,0.4966134864206238,RNG-72a7c5e1d3fe,safe_range,selection_envelope,320353,NTSC,30,3,500000.0,waveform;detail_floor;sync;h_jitter_us;v_jitter_us;h_width_rmse_us;sync_error_ire;stress_waveform;reference_detail;h_missing;v_missing;vertical_trains;sync_error_ire,False,bars,0.7949859962242184,-55.42775388044358,14.149067877956762,16.753354121070018,12.808994163551764
16.020293147762757,98.1950734228348,True,0.425237907438126,0,0,2,0.075,0.075,0.06311456738820911,2.168348688991627,1.484293043390254,0.06532826245655002,-44.01722784067758,115.81112376873995,0.075,0.075,506,0,2,0,0.0,27.13101492565787,0.7279223764863286,RNG-5cc14ad73003,safe_range,selection_envelope,320353,NTSC,30,3,500000.0,,True,bars,0.6697703286125994,-59.332481434115586,10.811868174950394,15.219439172174035,12.275272605645666
10.7709115619112,90.39550773952442,True,9.972393404522423,495,12,0,2.025,2.025,3.6977342571314713,19.037106256970496,2.6195475832147905,-1.758852500236979,-51.787158683131494,122.40916605325853,0.05,1000000.0,506,102,2,37,0.07312252964426877,16.19045157715075,0.53765700687859,RNG-aa363f30cabd,safe_range,selection_envelope,320353,NTSC,30,3,500000.0,waveform;detail_floor;sync;h_jitter_us;v_jitter_us;h_width_rmse_us;sync_error_ire;stress_waveform;reference_detail;h_missing;v_missing;vertical_trains;sync_error_ire,False,bars,0.8058306326278313,-55.376658652416594,13.278770791715036,16.061015613492934,12.795952157072483
9.886231045314712,89.76303209544997,True,13.788245069498174,506,12,0,2.025,2.025,1000000.0,22.306027101347755,1.2471654745691914,-2.0366057122449206,-54.550860804847,117.92635461655283,1000000.0,1000000.0,506,506,2,14,0.02766798418972332,15.186362480549565,0.499637009972489,RNG-6ecfa9f95e4b,safe_range,selection_envelope,320353,NTSC,30,3,500000.0,waveform;detail_floor;sync;h_jitter_us;v_jitter_us;h_width_rmse_us;sync_error_ire;stress_waveform;reference_detail;h_missing;v_missing;vertical_trains;sync_error_ire,False,bars,0.7870776989890504,-54.38721711325216,13.301665630427806,17.906681665863857,12.17500046466587
10.42477215562907,88.86101047620426,True,10.853727191442859,502,12,0,2.025,2.025,3.7,21.383672341993893,3.3933646562599074,-1.896360163015929,-51.75246838488501,121.48481184861603,0.025,1000000.0,506,258,2,34,0.06719367588932806,15.228402186533554,0.5291451650678028,RNG-5e0048849b6a,safe_range,selection_envelope,320353,NTSC,30,3,500000.0,waveform;detail_floor;sync;h_jitter_us;v_jitter_us;h_width_rmse_us;sync_error_ire;stress_waveform;reference_detail;h_missing;v_missing;vertical_trains;sync_error_ire,False,bars,0.7728118289430059,-55.81735974297285,14.502954880752984,18.10837968129097,12.889816844882937
11.634134666949175,90.50022603489523,True,10.572994909187246,495,12,0,2.025,2.025,3.6977342571314713,17.33646381223093,2.9995033623029697,-2.81086043141111,-50.75229653534565,121.39912185837613,0.05,1000000.0,506,102,2,28,0.05533596837944664,16.865993957850304,0.5787215907365771,RNG-871c7b8c76a7,safe_range,selection_envelope,320353,NTSC,30,3,500000.0,waveform;detail_floor;sync;h_jitter_us;v_jitter_us;h_width_rmse_us;sync_error_ire;stress_waveform;reference_detail;h_missing;v_missing;vertical_trains;sync_error_ire,False,bars,0.8112631172141791,-55.3852789390611,13.806598151755564,18.535873692752883,12.81817900992686
14.689658147543216,98.69933290915732,True,0.10612131849340845,0,0,2,0.075,0.075,0.07219730322446521,1.6267803764888495,-0.39320105529911853,-1.4757735023412237,-43.407446955119994,127.63864381526909,0.075,0.075,506,0,2,0,0.0,28.54035700105303,0.6975093480392227,RNG-b6c5b8bb1a7d,safe_range,selection_envelope,320353,NTSC,30,3,500000.0,stress_waveform;reference_detail,True,bars,0.9078528543876654,-45.45468529256398,13.957214455735585,16.285575852657427,11.562552372760939
15.931198424623894,97.60952831047044,True,0.3877038895859473,0,0,2,0.05,0.04124999999999999,0.019364916731037084,0.8659816294804045,0.84005508420061,-1.2190325446232333,-61.238484182288744,117.99868407999082,0.05,0.04124999999999999,610,0,2,0,0.0,27.22417629291816,0.7270085486669721,OVP56,safe_range,selection_envelope,320354,PAL,30,3,1500000.0,,True,bars,0.8071635284270798,-60.632115250882116,9.655795272746618,21.631471427108213,11.788260259999344
16.041319242182702,97.55984867719822,True,0.3726474278544542,0,0,2,0.05,0.04124999999999999,0.019731808388870037,1.0513905592399568,0.8894064580584805,-1.3200031557654341,-57.18426457411476,116.76774650179885,0.05,0.04124999999999999,610,0,2,0,0.0,27.944923915938396,0.7296816488909357,VLP56,safe_range,selection_envelope,320354,PAL,30,3,1500000.0,,True,bars,0.8033727404948636,-60.5536262706056,9.056475322887135,19.697025939496694,11.641454497947663
15.947259211404765,95.32247090904184,True,1.6537013801756588,0,0,2,0.05,0.05,0.019178839090321892,2.4784925273433913,1.888368370169991,-3.1271494956214188,-49.05636433244022,104.06568797034029,0.05,0.05,610,0,2,0,0.0,24.393905787181605,0.7116054365344924,RANGE32,safe_range,selection_envelope,320354,PAL,30,3,1500000.0,,True,bars,0.7903333458746156,-60.57027087637632,9.408528572423405,24.02551260765982,11.591656843537786
-7.586452352050575,-73.36041426568065,False,662.0269761606022,610,8,61,2.025,2.025,1000000.0,66.99227798939532,-8.644217502822622,-170.4269185497222,-79.48409977242498,50.24470504485549,1000000.0,1000000.0,610,610,2,1979,3.2442622950819673,-7.661701188308782,-0.4119424757928092,PLL96-rejected-board,safe_range,selection_envelope,320354,PAL,30,3,1500000.0,contrast;waveform;detail_floor;sync;h_jitter_us;v_jitter_us;h_width_rmse_us;sync_error_ire;black_error_ire;white_error_ire;contrast;stress_waveform;reference_detail;burst_gain;burst_phase_jitter_deg;burst_amplitude_jitter_pct;burst_rmse_ire;h_missing;v_missing;vertical_trains;sync_error_ire;black_error_ire;white_error_ire,False,bars,0.226951792105491,69.44249603521206,20.424122882524433,42.8986494613004,14.91578888011938
8.957690041179392,90.71962629066856,True,6.603513174404015,610,8,0,2.025,2.025,1000000.0,12.424134992506495,10.659399342647605,-8.21287409018071,-50.847286325695734,107.65945911070938,1000000.0,1000000.0,610,610,2,0,0.0,10.670803965778992,0.4347329577664339,PLL96-IQ-corrected,safe_range,selection_envelope,320354,PAL,30,3,1500000.0,waveform;detail_floor;sync;h_jitter_us;v_jitter_us;h_width_rmse_us;sync_error_ire;black_error_ire;white_error_ire;stress_waveform;reference_detail;burst_gain;burst_phase_jitter_deg;burst_amplitude_jitter_pct;burst_rmse_ire;h_missing;v_missing;vertical_trains;sync_error_ire;black_error_ire;white_error_ire,False,bars,0.20303729765611628,-110.18216800891707,18.943705398340022,42.52804360384519,17.107910154197096
21.652679428673625,96.59369728009553,True,0.0,0,0,2,0.025,0.025,0.020495901229590142,1.270072870367671,1.5179772059759586,-1.682822283177085,-46.21560890328096,111.07603160485581,0.025,0.025,610,0,2,0,0.0,29.29936798125766,0.9254405567637958,floating-PLL-IQ40,safe_range,selection_envelope,320354,PAL,30,3,1500000.0,burst_gain,True,bars,0.48665581090082743,13.630160164797065,5.4848262921707125,12.176521910209518,6.750564229750709
4.948753330348507,44.88268793423786,True,83.15181932245923,610,8,0,2.025,2.025,1000000.0,43.40947759617522,21.922377434321994,-30.00348571570086,-2.845295775922395,79.64169511337087,1000000.0,1000000.0,610,610,2,0,0.0,5.149282468029942,0.5804296864263961,HC50,safe_range,selection_envelope,320354,PAL,30,3,1500000.0,contrast;waveform;detail_floor;sync;h_jitter_us;v_jitter_us;h_width_rmse_us;sync_error_ire;black_error_ire;white_error_ire;contrast;stress_waveform;reference_detail;burst_gain;burst_rmse_ire;h_missing;v_missing;vertical_trains;sync_error_ire;black_error_ire;white_error_ire,False,bars,0.40213808654094396,98.3968199559408,8.71605588284575,23.794457935121084,25.939855335496336
11.884396530435371,92.84582920452462,True,4.06900878293601,0,0,2,0.125,0.08249999999999998,0.05112464677820984,3.312184784790124,10.446079370861307,-6.561633934378898,-51.951682675076974,101.46709193554608,0.125,0.08249999999999998,610,0,2,0,0.0,15.046407116703227,0.5406070544565387,PLL96-board-fixed,safe_range,selection_envelope,320354,PAL,30,3,1500000.0,waveform;detail_floor;black_error_ire;white_error_ire;stress_waveform;reference_detail;burst_gain;burst_phase_jitter_deg;burst_amplitude_jitter_pct;black_error_ire,True,bars,0.37051434303499936,-84.05983318300578,16.978542637943534,54.77576137531856,14.517687129900759
10.707681556066625,94.12711014332585,True,9.25909661229611,0,0,2,0.05,0.04124999999999999,0.02397488439945463,1.1371234503029304,-0.33993742153569145,-13.767025579170667,-54.89531490174862,114.05177469724799,0.05,0.04124999999999999,610,0,2,0,0.0,17.185595290153987,0.5076562348296388,RNG-6248f1c15f7a,safe_range,selection_envelope,320354,PAL,30,3,1500000.0,waveform;detail_floor;white_error_ire;stress_waveform;reference_detail;white_error_ire,True,bars,0.8660352235104207,-53.711584371273126,11.190945797140365,25.473742404168217,11.234617793774394
10.681522521664657,91.4919149027207,True,10.883312421580928,0,0,2,0.05,0.04124999999999999,0.021638800912204742,1.4502723595593583,-0.26784185024549406,-18.54691361630952,-50.03228205319875,111.52167105074847,0.05,0.04124999999999999,610,0,2,0,0.0,15.268303396286607,0.5298485432170315,RNG-298c693dfb64,safe_range,selection_envelope,320354,PAL,30,3,1500000.0,waveform;detail_floor;white_error_ire;stress_waveform;reference_detail;white_error_ire,True,bars,0.8597428777147027,-54.86832972337504,10.98952283874706,24.439337535516923,11.344426288525423
15.307969011415457,96.76459206918895,True,0.3099121706398996,0,0,2,0.075,0.05749999999999997,0.027292435750228085,2.8667442557348406,2.181816643736603,-1.0871608639497248,-55.10871640426387,115.37820664191199,0.075,0.057499999999999975,610,0,2,0,0.0,27.29208513365094,0.702121239574358,RNG-72a7c5e1d3fe,safe_range,selection_envelope,320354,PAL,30,3,1500000.0,,True,bars,0.7936537522377344,-59.44893287053617,10.559564023809193,25.877896027677952,11.675926771203322
16.023852082046975,97.90286179929664,True,0.8324968632371392,0,0,2,0.05,0.04124999999999999,0.02857618520124297,-0.10402490901472598,-0.15984808147927235,-4.61373043663826,-48.824681703949864,105.54243320274134,0.05,0.04124999999999999,610,0,2,0,0.0,26.053894648255568,0.7231880441686453,RNG-5cc14ad73003,safe_range,selection_envelope,320354,PAL,30,3,1500000.0,,True,bars,0.8164631826462647,-60.66724879452157,9.232270760370623,23.568919745923452,11.651854735389652
15.427513961613837,95.79561143489082,True,0.24905897114178166,0,0,2,0.05,0.04124999999999999,0.024314368685823696,2.15085985942486,2.2492185483359415,-3.552720162599461,-53.45884047943831,112.09569368530413,0.05,0.04124999999999999,610,0,2,0,0.0,25.822406221532873,0.708970948251437,RNG-aa363f30cabd,safe_range,selection_envelope,320354,PAL,30,3,1500000.0,,True,bars,0.7956245170951797,-59.49046954871887,11.034328734721557,25.308102420257228,11.741802982301776
10.533591606601288,89.86132408254346,True,10.624215809284816,0,0,2,0.05,0.04124999999999999,0.022084042157919977,2.5495486183264364,-0.2071965335320923,-20.58045284797453,-49.952279750601356,110.27263088661576,0.05,0.04124999999999999,610,0,2,0,0.0,14.657421054798993,0.5278201888497002,RNG-6ecfa9f95e4b,safe_range,selection_envelope,320354,PAL,30,3,1500000.0,waveform;detail_floor;white_error_ire;stress_waveform;reference_detail;white_error_ire,True,bars,0.8284810682259476,-56.999587188634365,11.22034241284138,24.291252007666944,11.475272239763264
15.32255108539125,95.12856425462932,True,0.24780426599749059,0,0,2,0.075,0.3024999999999998,0.04793908361352893,3.4738364006727784,2.2649875552332346,-3.669689534283636,-54.45046399642612,112.09569368530404,0.075,0.3024999999999998,610,0,2,0,0.0,25.213607729573802,0.7051111115152546,RNG-5e0048849b6a,safe_range,selection_envelope,320354,PAL,30,3,1500000.0,,True,bars,0.7776667339935868,-59.477051991814776,10.910540245658117,25.785890285687085,11.692399957163408
15.299669139218764,94.48661983064324,True,0.3030112923462986,0,0,2,0.05,0.04124999999999999,0.025687274389739573,1.6531336273455832,2.045017386982212,-6.0478733416120445,-53.581319170180336,110.03221110384376,0.05,0.04124999999999999,610,0,2,0,0.0,23.466303298338794,0.7115336499263176,RNG-871c7b8c76a7,safe_range,selection_envelope,320354,PAL,30,3,1500000.0,white_error_ire,True,bars,0.7989448386495068,-59.48899458711144,10.691858597203234,23.2383970287045,11.816481575667087
15.298043682774068,98.90098936057021,True,0.19510664993726476,0,0,2,0.05,0.04124999999999999,0.026453640240375487,-0.11316040669333154,0.9461687972125692,-0.3571492727778829,-52.733829380495465,116.70806828556175,0.05,0.04124999999999999,610,0,2,0,0.0,29.380015907132293,0.7182389851654943,RNG-b6c5b8bb1a7d,safe_range,selection_envelope,320354,PAL,30,3,1500000.0,,True,bars,0.8982899081850139,-51.523892659888354,11.104353589027234,27.983360971450498,11.130741716141515
16.100324609518356,97.70658828448313,True,0.3838430668910518,0,0,2,0.05,0.05,0.019441307231703075,0.7979814974582821,0.8302829500855193,-1.2159172463572216,-61.250131704247806,118.47386065467323,0.05,0.05,506,0,2,0,0.0,27.302885335635516,0.7474667777530006,OVP56,safe_range,selection_envelope,320354,NTSC,30,3,1500000.0,,True,bars,0.878707326474754,-47.99687178141543,8.248532724760526,15.133800023725136,11.200890302432885
16.215542150650958,97.6517634049113,True,0.3951325688584356,0,0,2,0.05,0.05,0.019504737440137348,0.9941804208445038,0.8577310880076999,-1.3278243476259832,-57.222381134008835,118.07445673247925,0.05,0.05,506,0,2,0,0.0,28.033737875887947,0.7501910841297902,VLP56,safe_range,selection_envelope,320354,NTSC,30,3,1500000.0,,True,bars,0.8713312619899332,-48.07025851005573,7.539593693896375,12.067679064612246,11.04182356656761
16.053267025738187,95.39758286397151,True,1.7144990321133646,0,0,2,0.05,0.05,0.020219888068873836,2.4332722460715193,1.818897470790907,-3.1305522756635304,-50.44081830515579,103.14790151589536,0.05,0.05,506,0,2,0,0.0,24.48833883970928,0.7294698413939743,RANGE32,safe_range,selection_envelope,320354,NTSC,30,3,1500000.0,,True,bars,0.8473411245505011,-48.0436729818178,7.381137009664017,15.383883744668452,11.011826196632436
-7.464031400265871,-73.40775728785702,False,656.2068176549748,506,12,51,2.025,2.025,1000000.0,67.06473669285472,-8.414531006640601,-170.47022146926668,-79.54250319971463,50.23349629562546,1000000.0,1000000.0,506,506,2,1633,3.227272727272727,-7.541904564154322,-0.3909742667539887,PLL96-rejected-board,safe_range,selection_envelope,320354,NTSC,30,3,1500000.0,contrast;waveform;detail_floor;sync;h_jitter_us;v_jitter_us;h_width_rmse_us;sync_error_ire;black_error_ire;white_error_ire;contrast;stress_waveform;reference_detail;burst_gain;burst_phase_jitter_deg;burst_amplitude_jitter_pct;burst_rmse_ire;h_missing;v_missing;vertical_trains;sync_error_ire;black_error_ire;white_error_ire,False,bars,0.2996136652681434,76.33435663089192,17.895543756014174,40.784100571649276,16.036337963702266
8.939597765653794,90.49900496323784,True,6.69542730012313,506,12,0,2.025,2.025,1000000.0,12.364066972417637,10.42182992452041,-8.197857322103046,-50.89521750847047,107.56008897849885,1000000.0,1000000.0,506,506,2,0,0.0,10.788539876115992,0.4148522652064351,PLL96-IQ-corrected,safe_range,selection_envelope,320354,NTSC,30,3,1500000.0,waveform;detail_floor;sync;h_jitter_us;v_jitter_us;h_width_rmse_us;sync_error_ire;black_error_ire;white_error_ire;stress_waveform;reference_detail;burst_gain;burst_phase_jitter_deg;burst_amplitude_jitter_pct;burst_rmse_ire;h_missing;v_missing;vertical_trains;sync_error_ire;black_error_ire;white_error_ire,False,bars,0.2631682334677278,-103.27359823524345,18.513000778962585,36.21288745782042,18.098935248535692
21.971758027122128,96.63209553095147,True,0.0,0,0,2,0.025,0.025,0.020402326845520895,1.2311894579572673,1.4922883824465065,-1.6751727816192994,-45.92380075253581,111.18208353755894,0.025,0.025,506,0,2,0,0.0,29.406948908699967,0.9347541101716784,floating-PLL-IQ40,safe_range,selection_envelope,320354,NTSC,30,3,1500000.0,burst_gain,True,bars,0.588081994811887,4.830667368128067,4.142965853233534,9.417603484104584,6.08075306510107
4.92171034141362,44.89939133444301,True,88.79644877426114,506,12,0,2.025,2.025,1000000.0,43.40274860154959,21.899388454106603,-29.999701171785656,-2.871014446370964,79.66472102508489,1000000.0,1000000.0,506,506,2,0,0.0,5.118887862670974,0.5965012531968368,HC50,safe_range,selection_envelope,320354,NTSC,30,3,1500000.0,contrast;waveform;detail_floor;sync;h_jitter_us;v_jitter_us;h_width_rmse_us;sync_error_ire;black_error_ire;white_error_ire;contrast;stress_waveform;reference_detail;burst_gain;burst_rmse_ire;h_missing;v_missing;vertical_trains;sync_error_ire;black_error_ire;white_error_ire,False,bars,0.4275844483756577,80.95376024957235,7.531215240552536,16.495975879287997,26.136338074020546
11.868376896875175,92.96483087018612,True,4.0898102460509325,0,0,2,0.125,0.07249999999999997,0.05204560557135,3.2085340805152747,9.586500322901243,-6.5546488959975875,-48.75434686365864,101.18309112092938,0.125,0.07249999999999997,506,0,2,0,0.0,15.158093718046374,0.5408979871523077,PLL96-board-fixed,safe_range,selection_envelope,320354,NTSC,30,3,1500000.0,waveform;detail_floor;black_error_ire;white_error_ire;stress_waveform;reference_detail;burst_gain;burst_phase_jitter_deg;burst_amplitude_jitter_pct;burst_rmse_ire;black_error_ire,True,bars,0.4851052861083647,-74.28358583638203,16.575566994208835,43.19396515700855,16.08102782677805
10.858111432719525,94.27284332593942,True,9.100091219175898,0,0,2,0.05,0.05,0.024500947791621187,1.0987950933539383,-0.3747394584411135,-13.657123834455634,-68.260677303204,114.38167062553144,0.05,0.05,506,0,2,0,0.0,17.332202507386004,0.5293892764064889,RNG-6248f1c15f7a,safe_range,selection_envelope,320354,NTSC,30,3,1500000.0,waveform;detail_floor;white_error_ire;stress_waveform;reference_detail;white_error_ire,True,bars,0.90516980550545,-43.168773499654634,9.129065838937425,21.036560294005852,10.704883511994124
10.833431558583227,91.66010514517949,True,10.70094259815093,0,0,2,0.05,0.05,0.0222554785190225,1.410497286565683,-0.302509214383464,-18.4822015178275,-66.05092842526822,111.53274182164508,0.05,0.05,506,0,2,0,0.0,15.392174722418254,0.552822191029316,RNG-298c693dfb64,safe_range,selection_envelope,320354,NTSC,30,3,1500000.0,waveform;detail_floor;white_error_ire;stress_waveform;reference_detail;white_error_ire,True,bars,0.904927878250106,-44.045347002453,8.918657837046544,19.117432194251037,10.783765561299353
15.442043887914176,96.83800607210964,True,0.3394376924860085,0,0,2,0.075,0.061249999999999985,0.027695585470349865,2.812914854505734,2.1512416627631783,-1.0996484039021135,-55.15821096181938,115.13530258636173,0.075,0.061249999999999985,506,0,2,0,0.0,27.342705155907325,0.7214709842670813,RNG-72a7c5e1d3fe,safe_range,selection_envelope,320354,NTSC,30,3,1500000.0,,True,bars,0.8474264593521565,-47.16334827990361,9.167559484401055,20.785806812267204,11.108782512333038
16.157743471588212,97.99629525434834,True,0.8760653526689889,0,0,2,0.05,0.05,0.02738161727193771,-0.1734446157001424,-0.1857658691789261,-4.619946011623232,-48.60938049415834,106.12886301225423,0.05,0.05,506,0,2,0,0.0,26.136617888304144,0.7420036692681717,RNG-5cc14ad73003,safe_range,selection_envelope,320354,NTSC,30,3,1500000.0,,True,bars,0.8755880887857879,-47.98806192845052,7.508690011534322,16.14050333035172,11.06825590744247
15.570471214482213,95.91385811996044,True,0.28073228225561236,0,0,2,0.05,0.05,0.023706664228730176,2.0716392036177966,2.218142566638037,-3.56473588206394,-53.691313749639,111.85159586207483,0.05,0.05,506,0,2,0,0.0,25.91867940329913,0.7284841882821017,RNG-aa363f30cabd,safe_range,selection_envelope,320354,NTSC,30,3,1500000.0,,True,bars,0.8520397937964458,-47.26375482589636,9.299539042272253,19.19770664223358,11.181649114830769
10.674565738242555,90.02734014567164,True,10.416447148572855,0,0,2,0.05,0.05,0.022283211213294293,2.5136179014284914,-0.24238759154320325,-20.52782153977652,-65.35530106200565,110.28244504687113,0.05,0.05,506,0,2,0,0.0,14.774934637866162,0.5506130526547452,RNG-6ecfa9f95e4b,safe_range,selection_envelope,320354,NTSC,30,3,1500000.0,waveform;detail_floor;white_error_ire;stress_waveform;reference_detail;white_error_ire,True,bars,0.8778143911892744,-45.94732521671083,8.9241109383118,19.853870761234823,11.043732783489807
15.45705858626655,95.22234173876124,True,0.27847438186213563,0,0,2,0.075,0.061249999999999985,0.041435458645966275,3.406525889368012,2.23433418741996,-3.6775044695217334,-54.499719163929456,111.85154337610201,0.075,0.061249999999999985,506,0,2,0,0.0,25.277954012104267,0.7243872117624016,RNG-5e0048849b6a,safe_range,selection_envelope,320354,NTSC,30,3,1500000.0,,True,bars,0.8369760258621388,-47.24830749383109,9.221748748145075,19.6435089866052,11.148275212522382
15.446978085966487,94.62840709778338,True,0.32137448933819435,0,0,2,0.05,0.05,0.024526141574926937,1.5590303566257888,2.050454450477315,-6.054438578154487,-53.898005048791475,109.92875657117874,0.05,0.05,506,0,2,0,0.0,23.558212434850553,0.7312361121403566,RNG-871c7b8c76a7,safe_range,selection_envelope,320354,NTSC,30,3,1500000.0,white_error_ire,True,bars,0.8586498603382366,-47.234374920767905,9.022321818305338,18.06277486659185,11.23525777811582
15.48335399104089,99.01205258333,True,0.21299527045130914,0,0,2,0.05,0.05,0.02735905310059661,-0.17409715816810417,0.956610505947679,-0.36573970334985084,-52.87796166735038,117.43909798853836,0.05,0.05,506,0,2,0,0.0,29.473897873492376,0.7386824148075135,RNG-b6c5b8bb1a7d,safe_range,selection_envelope,320354,NTSC,30,3,1500000.0,,True,bars,0.9487368988925979,-40.57450725510052,9.483771017101546,21.14566987537522,10.594328027499444
